Aque_Archaeo_1;Scil_24	Aque_Archaeo_1;Scil_24_pval1	Aque_Archaeo_1;Scil_24_pval2	Aque_Archaeo_1;Scil_27	Aque_Archaeo_1;Scil_27_pval1	Aque_Archaeo_1;Scil_27_pval2	Aque_Archaeo_1;Scil_32	Aque_Archaeo_1;Scil_32_pval1	Aque_Archaeo_1;Scil_32_pval2	Aque_Archaeo_1;Slac_0	Aque_Archaeo_1;Slac_0_pval1	Aque_Archaeo_1;Slac_0_pval2	Aque_Archaeo_1;Slac_21	Aque_Archaeo_1;Slac_21_pval1	Aque_Archaeo_1;Slac_21_pval2	Aque_Archaeo_1;Slac_5	Aque_Archaeo_1;Slac_5_pval1	Aque_Archaeo_1;Slac_5_pval2	Aque_Archaeo_2;Slac_1	Aque_Archaeo_2;Slac_1_pval1	Aque_Archaeo_2;Slac_1_pval2	Aque_Archaeo_2;Slac_2	Aque_Archaeo_2;Slac_2_pval1	Aque_Archaeo_2;Slac_2_pval2	Aque_Archaeo_2;Slac_42	Aque_Archaeo_2;Slac_42_pval1	Aque_Archaeo_2;Slac_42_pval2	Aque_Archaeo_2;Slac_6	Aque_Archaeo_2;Slac_6_pval1	Aque_Archaeo_2;Slac_6_pval2	Aque_Bactericidal;Slac_31	Aque_Bactericidal;Slac_31_pval1	Aque_Bactericidal;Slac_31_pval2	Aque_Choano_to_pinaco;Slac_15	Aque_Choano_to_pinaco;Slac_15_pval1	Aque_Choano_to_pinaco;Slac_15_pval2	Aque_Choano_to_pinaco;Slac_24	Aque_Choano_to_pinaco;Slac_24_pval1	Aque_Choano_to_pinaco;Slac_24_pval2	Aque_Choano_to_pinaco;Slac_32	Aque_Choano_to_pinaco;Slac_32_pval1	Aque_Choano_to_pinaco;Slac_32_pval2	Aque_Choanocytes_1;Scil_1	Aque_Choanocytes_1;Scil_1_pval1	Aque_Choanocytes_1;Scil_1_pval2	Aque_Choanocytes_1;Slac_25	Aque_Choanocytes_1;Slac_25_pval1	Aque_Choanocytes_1;Slac_25_pval2	Aque_Choanocytes_2;Scil_1	Aque_Choanocytes_2;Scil_1_pval1	Aque_Choanocytes_2;Scil_1_pval2	Aque_Choanocytes_2;Slac_25	Aque_Choanocytes_2;Slac_25_pval1	Aque_Choanocytes_2;Slac_25_pval2	Aque_Choanocytes_2;Slac_30	Aque_Choanocytes_2;Slac_30_pval1	Aque_Choanocytes_2;Slac_30_pval2	Aque_Pinaco_1;Scil_15	Aque_Pinaco_1;Scil_15_pval1	Aque_Pinaco_1;Scil_15_pval2	Aque_Pinaco_1;Scil_21	Aque_Pinaco_1;Scil_21_pval1	Aque_Pinaco_1;Scil_21_pval2	Aque_Pinaco_1;Scil_25	Aque_Pinaco_1;Scil_25_pval1	Aque_Pinaco_1;Scil_25_pval2	Aque_Pinaco_1;Scil_30	Aque_Pinaco_1;Scil_30_pval1	Aque_Pinaco_1;Scil_30_pval2	Aque_Pinaco_1;Slac_14	Aque_Pinaco_1;Slac_14_pval1	Aque_Pinaco_1;Slac_14_pval2	Aque_Pinaco_1;Slac_17	Aque_Pinaco_1;Slac_17_pval1	Aque_Pinaco_1;Slac_17_pval2	Aque_Pinaco_1;Slac_18	Aque_Pinaco_1;Slac_18_pval1	Aque_Pinaco_1;Slac_18_pval2	Aque_Pinaco_1;Slac_22	Aque_Pinaco_1;Slac_22_pval1	Aque_Pinaco_1;Slac_22_pval2	Aque_Pinaco_1;Slac_32	Aque_Pinaco_1;Slac_32_pval1	Aque_Pinaco_1;Slac_32_pval2	Aque_Pinaco_1;Slac_8	Aque_Pinaco_1;Slac_8_pval1	Aque_Pinaco_1;Slac_8_pval2	Aque_Pinaco_1;Slac_9	Aque_Pinaco_1;Slac_9_pval1	Aque_Pinaco_1;Slac_9_pval2	Aque_Pinaco_2;Scil_19	Aque_Pinaco_2;Scil_19_pval1	Aque_Pinaco_2;Scil_19_pval2	Aque_Pinaco_2;Scil_24	Aque_Pinaco_2;Scil_24_pval1	Aque_Pinaco_2;Scil_24_pval2	Aque_Pinaco_2;Scil_27	Aque_Pinaco_2;Scil_27_pval1	Aque_Pinaco_2;Scil_27_pval2	Aque_Sperm;Scil_22	Aque_Sperm;Scil_22_pval1	Aque_Sperm;Scil_22_pval2	Aque_Sperm;Slac_4	Aque_Sperm;Slac_4_pval1	Aque_Sperm;Slac_4_pval2	Aque_Unk_1;Slac_4	Aque_Unk_1;Slac_4_pval1	Aque_Unk_1;Slac_4_pval2	Scil_15;Slac_14	Scil_15;Slac_14_pval1	Scil_15;Slac_14_pval2	Scil_21;Slac_15	Scil_21;Slac_15_pval1	Scil_21;Slac_15_pval2	Scil_21;Slac_24	Scil_21;Slac_24_pval1	Scil_21;Slac_24_pval2	Scil_21;Slac_32	Scil_21;Slac_32_pval1	Scil_21;Slac_32_pval2	Scil_21;Slac_40	Scil_21;Slac_40_pval1	Scil_21;Slac_40_pval2	Scil_21;Slac_8	Scil_21;Slac_8_pval1	Scil_21;Slac_8_pval2	Scil_21;Slac_9	Scil_21;Slac_9_pval1	Scil_21;Slac_9_pval2	Scil_24;Slac_8	Scil_24;Slac_8_pval1	Scil_24;Slac_8_pval2	Scil_25;Slac_17	Scil_25;Slac_17_pval1	Scil_25;Slac_17_pval2	Scil_28;Slac_18	Scil_28;Slac_18_pval1	Scil_28;Slac_18_pval2	Scil_28;Slac_4	Scil_28;Slac_4_pval1	Scil_28;Slac_4_pval2
Aque_Aqu2.1.43276-001;Scil_g4517	1.0182416073641277e-129	4.833548353276332e-67	Aque_Aqu2.1.31038-001;Scil_g9420	1.0272479399297856e-48	9.439730549261824e-70	Aque_Aqu2.1.26684-001;Scil_g1710	5.16651150424784e-114	2.3095564926811274e-35	Aque_Aqu2.1.33572-001;Slac_ENSLPGG00000024781	5.668642400668365e-139	1.5184076603803592e-37	Aque_Aqu2.1.34449-001;Slac_ENSLPGG00000011929	1.3827931758702237e-110	1.0156868344425442e-93	Aque_Aqu2.1.16620-001;Slac_ENSLPGG00000007363	3.397334660599216e-165	2.824389442390339e-51	Aque_Aqu2.1.34860-001;Slac_ENSLPGG00000010851	3.002345046527817e-93	2.014765090758186e-87	Aque_Aqu2.1.42605-001;Slac_ENSLPGG00000011766	9.323559791297775e-115	6.943095950675596e-54	Aque_Aqu2.1.28816-001;Slac_ENSLPGG00000010719	1.0556612831787429e-115	5.284011278328032e-05	Aque_Aqu2.1.43440-001;Slac_ENSLPGG00000008240	4.761540128317663e-56	1.5987856170834255e-125	Aque_Aqu2.1.44155-001;Slac_ENSLPGG00000013635	1.4465465959207945e-23	1.4068208789999373e-40	Aque_Aqu2.1.41049-001;Slac_ENSLPGG00000015888	1.7843460525969402e-71	0.0	Aque_Aqu2.1.29479-001;Slac_ENSLPGG00000021520	1.027025061779397e-11	1.1192892414117911e-44	Aque_Aqu2.1.41049-001;Slac_ENSLPGG00000015888	1.7843460525969402e-71	9.16330091270066e-55	Aque_Aqu2.1.37599-001;Scil_g537	1.1252913100245482e-175	1.1320739695669307e-166	Aque_Aqu2.1.27088-001;Slac_ENSLPGG00000022185	3.4655755261222265e-76	0.001315537537864379	Aque_Aqu2.1.37599-001;Scil_g537	4.0684665683260758e-143	1.1320739695669307e-166	Aque_Aqu2.1.43616-001;Slac_ENSLPGG00000011962	1.0827936749885055e-126	3.211008789355102e-10	Aque_Aqu2.1.23389-001;Slac_ENSLPGG00000025488	1.181117757917774e-23	2.787079609083102e-204	Aque_Aqu2.1.39905-001;Scil_g2366	1.4006866036488385e-125	2.404803307656588e-168	Aque_Aqu2.1.38146-001;Scil_g10508	6.387586082111135e-11	6.773534454109065e-120	Aque_Aqu2.1.39906-001;Scil_g8310	5.695135212169059e-155	7.09985049785407e-11	Aque_Aqu2.1.37679-001;Scil_g7679	7.068023640570212e-24	2.150189781868642e-06	Aque_Aqu2.1.39906-001;Slac_ENSLPGG00000026079	5.695135212169059e-155	9.031003272821954e-99	Aque_Aqu2.1.28495-001;Slac_ENSLPGG00000023963	4.458325986516477e-24	1.9303084155892143e-88	Aque_Aqu2.1.21015-001;Slac_ENSLPGG00000026540	4.488784099627258e-96	6.482581306320177e-265	Aque_Aqu2.1.23247-001;Slac_ENSLPGG00000013844	8.210853499627593e-119	3.286329682633253e-39	Aque_Aqu2.1.23245-001;Slac_ENSLPGG00000013844	2.527911622459719e-106	8.041911962726058e-49	Aque_Aqu2.1.23247-001;Slac_ENSLPGG00000013844	8.210853499627593e-119	5.095808825073912e-72	Aque_Aqu2.1.08677-001;Slac_ENSLPGG00000015888	7.208488648075431e-16	0.0	Aque_Aqu2.1.29951-001;Scil_g9420	1.9260650568679767e-29	1.1318386297750748e-155	Aque_Aqu2.1.43276-001;Scil_g4517	1.2417305666889384e-72	4.833548353276332e-67	Aque_Aqu2.1.34429-001;Scil_g10574	4.114553893179646e-74	1.0092797959529216e-75	Aque_Aqu2.1.39160-001;Scil_g12320	3.595877896775303e-08	0.0002587783562025851	Aque_Aqu2.1.33761-001;Slac_ENSLPGG00000014308	1.7677837593587218e-35	0.0	Aque_Aqu2.1.33761-001;Slac_ENSLPGG00000014308	6.68557162412341e-45	0.0	Scil_g7126;Slac_ENSLPGG00000002625	4.550324673133158e-154	1.372699587625209e-296	Scil_g4792;Slac_ENSLPGG00000018987	2.1672041103820224e-120	4.442906185241835e-129	Scil_g4792;Slac_ENSLPGG00000018987	2.1672041103820224e-120	2.6386254863590804e-208	Scil_g10508;Slac_ENSLPGG00000012949	6.773534454109065e-120	1.3118302926245022e-127	Scil_g4792;Slac_ENSLPGG00000018987	2.1672041103820224e-120	6.733704086712018e-08	Scil_g4792;Slac_ENSLPGG00000018987	2.1672041103820224e-120	4.5516359055595116e-128	Scil_g10508;Slac_ENSLPGG00000018391	6.773534454109065e-120	1.2564638542575937e-72	Scil_g4517;Slac_ENSLPGG00000005542	4.833548353276332e-67	5.127824000070995e-19	Scil_g9010;Slac_ENSLPGG00000023963	1.2264590765501197e-29	1.9303084155892143e-88	Scil_g7466;Slac_ENSLPGG00000020343	1.4387239612978138e-53	1.394075905156344e-194	Scil_g6013;Slac_ENSLPGG00000000463	2.0535692665603484e-34	8.752860679216943e-18
Aque_Aqu2.1.43276-001;Scil_g2191	1.0182416073641277e-129	1.2017223918186125e-22	Aque_Aqu2.1.28647-001;Scil_g9745	1.7976193812861958e-143	7.036545193911838e-73	Aque_Aqu2.1.24376-001;Scil_g2266	3.214491794611835e-10	7.362969360324233e-33	Aque_Aqu2.1.34449-001;Slac_ENSLPGG00000011929	1.3827931758702237e-110	1.2875693417934236e-267	Aque_Aqu2.1.33572-001;Slac_ENSLPGG00000024781	5.668642400668365e-139	1.9256965339999054e-12	Aque_Aqu2.1.33572-001;Slac_ENSLPGG00000024781	5.668642400668365e-139	4.085997452647564e-51	Aque_Aqu2.1.41031-001;Slac_ENSLPGG00000009534	2.3093169778093483e-162	2.9245203388427635e-50	Aque_Aqu2.1.18087-001;Slac_ENSLPGG00000024429	1.6382224011880443e-130	3.3699353386362246e-94	Aque_Aqu2.1.34449-001;Slac_ENSLPGG00000011929	5.6592111326517584e-86	7.028183941262703e-05	Aque_Aqu2.1.07543-001;Slac_ENSLPGG00000028683	2.2375104375717277e-93	8.14420947381738e-223	Aque_Aqu2.1.16942-001;Slac_ENSLPGG00000016233	0.0003597486957610446	1.6372687329723484e-06	Aque_Aqu2.1.43480-001;Slac_ENSLPGG00000022080	2.724952229124618e-25	4.9859575034671734e-24	Aque_Aqu2.1.26998-001;Slac_ENSLPGG00000021520	3.197778486344573e-06	1.1192892414117911e-44	Aque_Aqu2.1.43480-001;Slac_ENSLPGG00000022080	2.724952229124618e-25	0.00048494656273843115	Aque_Aqu2.1.36142-001;Scil_g11399	4.114280874411444e-54	1.546575633172773e-199	Aque_Aqu2.1.21248-001;Slac_ENSLPGG00000004213	5.582838869151021e-65	2.1937056385199948e-26	Aque_Aqu2.1.10425-001;Scil_g8416	4.63879348899057e-125	3.0005616773400286e-72	Aque_Aqu2.1.43617-001;Slac_ENSLPGG00000011962	3.8762240081940136e-207	3.211008789355102e-10	Aque_Aqu2.1.23389-001;Slac_ENSLPGG00000019084	1.181117757917774e-23	1.26640156087933e-195	Aque_Aqu2.1.39906-001;Scil_g2367	5.695135212169059e-155	7.672319809832575e-118	Aque_Aqu2.1.41012-001;Scil_g10508	0.00027018571509218245	6.773534454109065e-120	Aque_Aqu2.1.28495-001;Scil_g9010	4.458325986516477e-24	1.2264590765501197e-29	Aque_Aqu2.1.17340-001;Scil_g7679	2.534616707284264e-07	2.150189781868642e-06	Aque_Aqu2.1.39906-001;Slac_ENSLPGG00000026970	5.695135212169059e-155	6.757154788096515e-72	Aque_Aqu2.1.21015-001;Slac_ENSLPGG00000026540	4.488784099627258e-96	5.082599674901194e-269	Aque_Aqu2.1.23247-001;Slac_ENSLPGG00000013844	8.210853499627593e-119	1.351461426858574e-132	Aque_Aqu2.1.23245-001;Slac_ENSLPGG00000013844	2.527911622459719e-106	3.286329682633253e-39	Aque_Aqu2.1.23247-001;Slac_ENSLPGG00000013844	8.210853499627593e-119	8.041911962726058e-49	Aque_Aqu2.1.31381-001;Slac_ENSLPGG00000022008	4.790282318976761e-30	2.2847279941433917e-49	Aque_Aqu2.1.23247-001;Slac_ENSLPGG00000013844	8.210853499627593e-119	9.178588959256085e-176	Aque_Aqu2.1.34429-001;Scil_g5447	4.114553893179646e-74	3.190862523694669e-160	Aque_Aqu2.1.14505-001;Scil_g4929	7.790561052606891e-22	9.60239209900516e-95	Aque_Aqu2.1.29951-001;Scil_g9420	1.9260650568679767e-29	9.439730549261824e-70	Aque_Aqu2.1.22704-001;Scil_g9957	1.4593636561806986e-08	9.647387254456962e-08	Aque_Aqu2.1.39160-001;Slac_ENSLPGG00000010310	3.595877896775303e-08	2.3954450010440036e-45	Aque_Aqu2.1.33761-001;Slac_ENSLPGG00000009166	6.68557162412341e-45	6.764553656032244e-94	Scil_g2367;Slac_ENSLPGG00000026079	7.672319809832575e-118	9.031003272821954e-99	Scil_g10508;Slac_ENSLPGG00000012949	6.773534454109065e-120	1.701605558563056e-277	Scil_g8135;Slac_ENSLPGG00000014506	1.6919501782107682e-97	1.1472672825183391e-41	Scil_g10508;Slac_ENSLPGG00000018391	6.773534454109065e-120	4.275284328708301e-12	Scil_g10508;Slac_ENSLPGG00000012949	6.773534454109065e-120	4.996980595575526e-14	Scil_g4792;Slac_ENSLPGG00000007730	2.1672041103820224e-120	0.0	Scil_g4792;Slac_ENSLPGG00000007730	2.1672041103820224e-120	0.0	Scil_g4335;Slac_ENSLPGG00000007730	2.8855770379476457e-94	0.0	Scil_g2930;Slac_ENSLPGG00000023963	3.3176949352516434e-14	1.9303084155892143e-88	Scil_g7469;Slac_ENSLPGG00000020343	0.0002348710426523992	1.394075905156344e-194	Scil_g2268;Slac_ENSLPGG00000005266	1.73729237579234e-16	1.7279918550208642e-49
Aque_Aqu2.1.29951-001;Scil_g9420	0.00022028134504872317	2.61542842285498e-86	Aque_Aqu2.1.28647-001;Scil_g9721	1.7976193812861958e-143	9.75888753126917e-73	Aque_Aqu2.1.31038-001;Scil_g9420	1.0272479399297856e-48	1.4091974360039661e-33	Aque_Aqu2.1.33740-001;Slac_ENSLPGG00000014397	1.0543340401031923e-102	0.0	Aque_Aqu2.1.41064-001;Slac_ENSLPGG00000022135	3.157095835580321e-40	7.885328724796863e-32	Aque_Aqu2.1.32963-001;Slac_ENSLPGG00000006527	4.7320394813194234e-185	7.039833413978473e-42	Aque_Aqu2.1.26684-001;Slac_ENSLPGG00000017185	3.0985943890265298e-164	2.154470322241375e-44	Aque_Aqu2.1.34860-001;Slac_ENSLPGG00000010851	3.002345046527817e-93	3.972044957335087e-24	Aque_Aqu2.1.15787-001;Slac_ENSLPGG00000026812	8.792525776505922e-39	0.0001659583468105881	Aque_Aqu2.1.32930-001;Slac_ENSLPGG00000028683	9.619890798086396e-71	8.14420947381738e-223	Aque_Aqu2.1.40994-001;Slac_ENSLPGG00000019726	1.0675747038851589e-17	1.4439776605455897e-21	Aque_Aqu2.1.43482-001;Slac_ENSLPGG00000022080	1.9502722948097634e-26	4.9859575034671734e-24	Aque_Aqu2.1.43480-001;Slac_ENSLPGG00000022080	2.724952229124618e-25	3.545993743594123e-18	Aque_Aqu2.1.28495-001;Slac_ENSLPGG00000009453	3.050594406121623e-25	7.139115142722667e-47	Aque_Aqu2.1.36142-001;Scil_g11238	4.114280874411444e-54	1.5303060410408876e-110	Aque_Aqu2.1.23244-001;Slac_ENSLPGG00000012828	5.2814784068730136e-39	1.4139028717394017e-99	Aque_Aqu2.1.31965-001;Scil_g8416	8.676398325265147e-133	3.0005616773400286e-72	Aque_Aqu2.1.23244-001;Slac_ENSLPGG00000012828	1.0885934844745446e-29	1.4139028717394017e-99	Aque_Aqu2.1.23389-001;Slac_ENSLPGG00000025765	1.181117757917774e-23	2.8786681826425163e-147	Aque_Aqu2.1.39906-001;Scil_g5478	5.695135212169059e-155	1.5061464715015508e-67	Aque_Aqu2.1.28223-001;Scil_g4792	1.3844036382592803e-13	2.1672041103820224e-120	Aque_Aqu2.1.21015-001;Scil_g7598	4.488784099627258e-96	1.654052207920732e-54	Aque_Aqu2.1.33604-001;Scil_g11513	0.00018672684408454628	1.5447906406929764e-05	Aque_Aqu2.1.32110-001;Slac_ENSLPGG00000017549	3.5145414330315455e-44	0.0	Aque_Aqu2.1.21015-001;Slac_ENSLPGG00000018326	4.488784099627258e-96	1.1462170793757774e-39	Aque_Aqu2.1.23245-001;Slac_ENSLPGG00000013844	2.527911622459719e-106	1.351461426858574e-132	Aque_Aqu2.1.23247-001;Slac_ENSLPGG00000014386	8.210853499627593e-119	2.553000921593135e-10	Aque_Aqu2.1.31379-001;Slac_ENSLPGG00000009899	3.461111847443033e-18	1.1160580558002628e-12	Aque_Aqu2.1.23245-001;Slac_ENSLPGG00000013844	2.527911622459719e-106	5.095808825073912e-72	Aque_Aqu2.1.23245-001;Slac_ENSLPGG00000013844	2.527911622459719e-106	9.178588959256085e-176	Aque_Aqu2.1.34429-001;Scil_g10574	4.114553893179646e-74	9.100082086450254e-157	Aque_Aqu2.1.43276-001;Scil_g2191	1.2417305666889384e-72	1.2017223918186125e-22	Aque_Aqu2.1.44221-001;Scil_g6803	1.0164839656097992e-72	4.0147325213091934e-71	Aque_Aqu2.1.20539-001;Scil_g12320	8.283002901269206e-10	0.0002587783562025851	Aque_Aqu2.1.33761-001;Slac_ENSLPGG00000009166	1.7677837593587218e-35	6.764553656032244e-94	Aque_Aqu2.1.43963-001;Slac_ENSLPGG00000024879	1.5716607462282255e-08	0.0	Scil_g2367;Slac_ENSLPGG00000026970	7.672319809832575e-118	6.757154788096515e-72	Scil_g8135;Slac_ENSLPGG00000014506	1.6919501782107682e-97	1.5255096301183682e-54	Scil_g4792;Slac_ENSLPGG00000007730	2.1672041103820224e-120	1.7449377494689486e-149	Scil_g130;Slac_ENSLPGG00000015888	3.602006050929476e-46	9.16330091270066e-55	Scil_g130;Slac_ENSLPGG00000015888	3.602006050929476e-46	4.468331231318971e-10	Scil_g10508;Slac_ENSLPGG00000018391	6.773534454109065e-120	1.083666763670672e-22	Scil_g4792;Slac_ENSLPGG00000018987	2.1672041103820224e-120	8.336789136783278e-158	Scil_g20;Slac_ENSLPGG00000007730	3.034859832850301e-78	0.0	Scil_g6719;Slac_ENSLPGG00000018987	1.7693134985060617e-86	3.791882775025262e-229	Scil_g2268;Slac_ENSLPGG00000005266	1.73729237579234e-16	2.983390308508585e-07	Scil_g5104;Slac_ENSLPGG00000009116	1.425752592931045e-12	1.938637425975692e-130
Aque_Aqu2.1.42569-001;Scil_g8107	2.5352856125127514e-06	1.3169257008428386e-78	Aque_Aqu2.1.18813-001;Scil_g2393	1.5941414811933208e-143	8.000567264302671e-58	Aque_Aqu2.1.28647-001;Scil_g9745	1.7976193812861958e-143	8.363762318007075e-34	Aque_Aqu2.1.15787-001;Slac_ENSLPGG00000026812	7.592400004336438e-49	0.0	Aque_Aqu2.1.12854-001;Slac_ENSLPGG00000000928	8.308052623456065e-109	1.2481151285348214e-98	Aque_Aqu2.1.07543-001;Slac_ENSLPGG00000028683	5.249550863120593e-114	0.0	Aque_Aqu2.1.41195-001;Slac_ENSLPGG00000011674	1.2364613934837511e-115	7.453241332688346e-83	Aque_Aqu2.1.43423-001;Slac_ENSLPGG00000008236	3.021348392175779e-116	1.952327525409802e-66	Aque_Aqu2.1.43837-001;Slac_ENSLPGG00000030026	3.633913239667285e-111	1.148635104045458e-05	Aque_Aqu2.1.22710-001;Slac_ENSLPGG00000017323	1.501281252136304e-107	1.0263723844392628e-164	Aque_Aqu2.1.44155-001;Slac_ENSLPGG00000014432	1.4465465959207945e-23	0.0015960290534054453	Aque_Aqu2.1.34848-001;Slac_ENSLPGG00000007243	6.8715691931382365e-31	2.635089124210055e-31	Aque_Aqu2.1.43482-001;Slac_ENSLPGG00000022080	1.9502722948097634e-26	3.545993743594123e-18	Aque_Aqu2.1.43482-001;Slac_ENSLPGG00000022080	1.9502722948097634e-26	0.00048494656273843115	Aque_Aqu2.1.33559-001;Scil_g7993	8.571368772036795e-50	1.4979922799294725e-229	Aque_Aqu2.1.29887-001;Slac_ENSLPGG00000009790	4.837503841806646e-54	5.8232090697647964e-08	Aque_Aqu2.1.33559-001;Scil_g7993	4.711929758987128e-54	1.4979922799294725e-229	Aque_Aqu2.1.21248-001;Slac_ENSLPGG00000004213	2.1316785119627852e-35	2.1937056385199948e-26	Aque_Aqu2.1.23389-001;Slac_ENSLPGG00000017177	1.181117757917774e-23	5.93110898396368e-142	Aque_Aqu2.1.39906-001;Scil_g8600	5.695135212169059e-155	5.086624277160392e-43	Aque_Aqu2.1.44221-001;Scil_g10508	5.994069235373014e-92	6.773534454109065e-120	Aque_Aqu2.1.28497-001;Scil_g9010	6.265744639493593e-06	1.2264590765501197e-29	Aque_Aqu2.1.21015-001;Scil_g12721	4.488784099627258e-96	2.7518111583598846e-25	Aque_Aqu2.1.42602-001;Slac_ENSLPGG00000003728	4.096912355239655e-35	2.4199863712403416e-262	Aque_Aqu2.1.23245-001;Slac_ENSLPGG00000013844	2.527911622459719e-106	4.511852272328979e-80	Aque_Aqu2.1.21015-001;Slac_ENSLPGG00000018326	4.488784099627258e-96	1.9484642569970714e-21	Aque_Aqu2.1.23245-001;Slac_ENSLPGG00000014386	2.527911622459719e-106	2.553000921593135e-10	Aque_Aqu2.1.31381-001;Slac_ENSLPGG00000009899	4.790282318976761e-30	1.1160580558002628e-12	Aque_Aqu2.1.08677-001;Slac_ENSLPGG00000015888	7.208488648075431e-16	3.8687716420603493e-174	Aque_Aqu2.1.31381-001;Slac_ENSLPGG00000022008	4.790282318976761e-30	1.2662397728282719e-93	Aque_Aqu2.1.34247-001;Scil_g9420	1.71031195062505e-34	1.1318386297750748e-155	Aque_Aqu2.1.14505-001;Scil_g1061	7.790561052606891e-22	1.0251660571293946e-93	Aque_Aqu2.1.34429-001;Scil_g5447	4.114553893179646e-74	7.771309364607116e-72	Aque_Aqu2.1.33932-001;Scil_g9957	4.150714280325435e-05	9.647387254456962e-08	Aque_Aqu2.1.35500-001;Slac_ENSLPGG00000009116	3.736183748746556e-16	1.938637425975692e-130	Aque_Aqu2.1.33761-001;Slac_ENSLPGG00000015198	6.68557162412341e-45	4.591205690629712e-20	Scil_g4132;Slac_ENSLPGG00000021950	5.5570699386879124e-132	1.4391600060050444e-222	Scil_g10508;Slac_ENSLPGG00000018391	6.773534454109065e-120	1.4325407164863737e-45	Scil_g10508;Slac_ENSLPGG00000012949	6.773534454109065e-120	7.631737265201371e-154	Scil_g13539;Slac_ENSLPGG00000015888	1.1454364321341173e-47	9.16330091270066e-55	Scil_g4792;Slac_ENSLPGG00000007730	2.1672041103820224e-120	1.6005189891447079e-06	Scil_g10508;Slac_ENSLPGG00000012949	6.773534454109065e-120	4.158510428091382e-240	Scil_g10508;Slac_ENSLPGG00000012949	6.773534454109065e-120	0.0	Scil_g838;Slac_ENSLPGG00000007421	5.259815347794428e-90	0.0057484223502981616	Scil_g9010;Slac_ENSLPGG00000008750	1.2264590765501197e-29	8.530991638627806e-36	Scil_g6013;Slac_ENSLPGG00000000463	2.0535692665603484e-34	0.00026096542275558173	Scil_g9919;Slac_ENSLPGG00000001013	0.004295479598859492	8.737797247574456e-205
Aque_Aqu2.1.34344-001;Scil_g7064	4.469710923167695e-16	7.495828822754004e-95	Aque_Aqu2.1.34429-001;Scil_g10574	7.854915848010625e-74	1.0092797959529216e-75	Aque_Aqu2.1.28647-001;Scil_g9721	1.7976193812861958e-143	6.982027113793083e-34	Aque_Aqu2.1.26386-001;Slac_ENSLPGG00000010983	1.5137191822064672e-111	3.83141568105036e-162	Aque_Aqu2.1.07543-001;Slac_ENSLPGG00000028683	5.249550863120593e-114	4.6676065439242157e-67	Aque_Aqu2.1.32930-001;Slac_ENSLPGG00000028683	7.663138857997222e-90	0.0	Aque_Aqu2.1.27076-001;Slac_ENSLPGG00000027461	7.484321294766935e-162	0.001999702559251324	Aque_Aqu2.1.43964-001;Slac_ENSLPGG00000027192	5.5993745342701726e-92	3.387256402871171e-33	Aque_Aqu2.1.33636-001;Slac_ENSLPGG00000022969	1.0316424122760916e-111	0.009560545141503222	Aque_Aqu2.1.12657-001;Slac_ENSLPGG00000004375	4.1751534788856684e-103	1.9984962877189502e-115	Aque_Aqu2.1.37083-001;Slac_ENSLPGG00000007322	0.008633805380085605	2.140041993311982e-13	Aque_Aqu2.1.29479-001;Slac_ENSLPGG00000021520	1.027025061779397e-11	2.3251872846171974e-12	Aque_Aqu2.1.43482-001;Slac_ENSLPGG00000017003	1.9502722948097634e-26	4.297900760302106e-09	Aque_Aqu2.1.37137-001;Slac_ENSLPGG00000002171	1.643277675461539e-16	2.5730742542634384e-20	Aque_Aqu2.1.11170-001;Scil_g7471	7.985673239814531e-25	6.980756942552647e-53	Aque_Aqu2.1.35571-001;Slac_ENSLPGG00000010608	1.320076733890646e-45	1.4294544322162747e-07	Aque_Aqu2.1.33559-001;Scil_g7992	4.711929758987128e-54	2.2364116420560273e-30	Aque_Aqu2.1.25858-001;Slac_ENSLPGG00000026194	5.683206485678387e-42	6.674291937003132e-10	Aque_Aqu2.1.39162-001;Slac_ENSLPGG00000025488	1.1576352078665665e-55	2.787079609083102e-204	Aque_Aqu2.1.31166-001;Scil_g4132	2.4677337861874384e-27	5.5570699386879124e-132	Aque_Aqu2.1.38146-001;Scil_g10140	6.387586082111135e-11	5.963012473984281e-36	Aque_Aqu2.1.21015-001;Scil_g5543	4.488784099627258e-96	1.9291177338406187e-15	Aque_Aqu2.1.28223-001;Scil_g49	1.3844036382592803e-13	7.260261228852569e-47	Aque_Aqu2.1.40413-001;Slac_ENSLPGG00000002625	4.5608643156530816e-45	1.372699587625209e-296	Aque_Aqu2.1.23247-001;Slac_ENSLPGG00000013844	8.210853499627593e-119	4.511852272328979e-80	Aque_Aqu2.1.23247-001;Slac_ENSLPGG00000014386	8.210853499627593e-119	3.5379007592721833e-43	Aque_Aqu2.1.31381-001;Slac_ENSLPGG00000021402	4.790282318976761e-30	2.454971510320962e-13	Aque_Aqu2.1.31379-001;Slac_ENSLPGG00000022008	3.461111847443033e-18	1.5589144829574547e-18	Aque_Aqu2.1.24981-001;Slac_ENSLPGG00000009456	2.7217252995401606e-14	7.55873624614051e-61	Aque_Aqu2.1.24981-001;Slac_ENSLPGG00000009456	2.7217252995401606e-14	4.433676883475361e-93	Aque_Aqu2.1.44221-001;Scil_g877	1.0164839656097992e-72	2.0942530742981258e-154	Aque_Aqu2.1.44221-001;Scil_g6803	1.0164839656097992e-72	2.221893686373928e-86	Aque_Aqu2.1.44221-001;Scil_g877	1.0164839656097992e-72	3.436755750647432e-72	Aque_Aqu2.1.38447-001;Scil_g1806	2.961210012609584e-09	0.000594335099698613	Aque_Aqu2.1.20539-001;Slac_ENSLPGG00000010310	8.283002901269206e-10	2.3954450010440036e-45	Aque_Aqu2.1.31582-001;Slac_ENSLPGG00000004808	1.6825316580517566e-56	0.0	Scil_g8600;Slac_ENSLPGG00000026079	5.086624277160392e-43	9.031003272821954e-99	Scil_g4792;Slac_ENSLPGG00000007730	2.1672041103820224e-120	3.998399138806171e-213	Scil_g2609;Slac_ENSLPGG00000018987	2.496564254222248e-24	2.6386254863590804e-208	Scil_g4792;Slac_ENSLPGG00000011839	2.1672041103820224e-120	0.009479926360797563	Scil_g13539;Slac_ENSLPGG00000015888	1.1454364321341173e-47	4.468331231318971e-10	Scil_g4792;Slac_ENSLPGG00000007525	2.1672041103820224e-120	3.9611081585269763e-32	Scil_g130;Slac_ENSLPGG00000015888	3.602006050929476e-46	0.0	Scil_g6803;Slac_ENSLPGG00000012949	2.221893686373928e-86	4.158510428091382e-240	Scil_g1194;Slac_ENSLPGG00000022231	0.00012069039395124768	1.486829244349914e-24	Scil_g1929;Slac_ENSLPGG00000017167	2.1800591523156476e-13	0.00026761402249912984	Scil_g2679;Slac_ENSLPGG00000028207	8.564893387178771e-08	0.0004395951831638713
Aque_Aqu2.1.29076-001;Scil_g7064	1.6735204441251737e-27	7.495828822754004e-95	Aque_Aqu2.1.36280-001;Scil_g11065	3.288773730928107e-103	5.117482119491709e-71	Aque_Aqu2.1.28570-001;Scil_g1710	6.837768357397875e-22	2.3095564926811274e-35	Aque_Aqu2.1.33740-001;Slac_ENSLPGG00000011571	1.0543340401031923e-102	1.152196916578078e-230	Aque_Aqu2.1.33740-001;Slac_ENSLPGG00000014397	1.0543340401031923e-102	1.1242676194211744e-127	Aque_Aqu2.1.22710-001;Slac_ENSLPGG00000017323	1.3243501395407459e-103	2.1995406651852497e-252	Aque_Aqu2.1.14128-001;Slac_ENSLPGG00000018181	3.060442523617383e-19	2.6290781450963708e-140	Aque_Aqu2.1.19270-001;Slac_ENSLPGG00000014669	7.529568096550412e-91	7.894331968489789e-23	Aque_Aqu2.1.31194-001;Slac_ENSLPGG00000008469	1.2800872678568997e-122	8.579645144218045e-08	Aque_Aqu2.1.12854-001;Slac_ENSLPGG00000000928	5.013764288192056e-82	9.10320839181306e-204	Aque_Aqu2.1.23245-001;Slac_ENSLPGG00000014386	1.0721586968651149e-13	2.359655314035277e-08	Aque_Aqu2.1.43788-001;Slac_ENSLPGG00000023276	1.2849197808890718e-08	2.5606162884543817e-13	Aque_Aqu2.1.21047-001;Slac_ENSLPGG00000021268	2.0042391223224744e-08	1.2014044555458935e-39	Aque_Aqu2.1.29479-001;Slac_ENSLPGG00000007158	1.027025061779397e-11	4.969353227696443e-20	Aque_Aqu2.1.26656-001;Scil_g11106	4.993104914564233e-137	5.625711319294789e-12	Aque_Aqu2.1.39731-001;Slac_ENSLPGG00000009412	9.5044838879983e-52	9.536674912769787e-17	Aque_Aqu2.1.19199-001;Scil_g8416	2.3543543443084444e-88	3.0005616773400286e-72	Aque_Aqu2.1.42031-001;Slac_ENSLPGG00000007479	1.4112285612521125e-30	0.00035814504713363167	Aque_Aqu2.1.39162-001;Slac_ENSLPGG00000019084	1.1576352078665665e-55	1.26640156087933e-195	Aque_Aqu2.1.40413-001;Scil_g7126	4.5608643156530816e-45	4.550324673133158e-154	Aque_Aqu2.1.38560-001;Scil_g10147	1.0497286366750963e-20	4.551182698597302e-95	Aque_Aqu2.1.28495-001;Scil_g2930	4.458325986516477e-24	3.3176949352516434e-14	Aque_Aqu2.1.41892-001;Scil_g49	5.2142493076430264e-14	7.260261228852569e-47	Aque_Aqu2.1.35277-001;Slac_ENSLPGG00000026970	1.2977733922935712e-23	6.757154788096515e-72	Aque_Aqu2.1.33604-001;Slac_ENSLPGG00000022231	0.00018672684408454628	1.486829244349914e-24	Aque_Aqu2.1.23245-001;Slac_ENSLPGG00000014386	2.527911622459719e-106	3.5379007592721833e-43	Aque_Aqu2.1.31381-001;Slac_ENSLPGG00000022008	4.790282318976761e-30	5.8169367704063345e-09	Aque_Aqu2.1.31381-001;Slac_ENSLPGG00000022008	4.790282318976761e-30	1.5589144829574547e-18	Aque_Aqu2.1.23247-001;Slac_ENSLPGG00000014386	8.210853499627593e-119	1.493154584726633e-20	Aque_Aqu2.1.31379-001;Slac_ENSLPGG00000022008	3.461111847443033e-18	1.2662397728282719e-93	Aque_Aqu2.1.38430-001;Scil_g12599	2.785624219748749e-32	1.4530854336761406e-95	Aque_Aqu2.1.44221-001;Scil_g877	1.0164839656097992e-72	1.1371250482772108e-92	Aque_Aqu2.1.34247-001;Scil_g9420	1.71031195062505e-34	9.439730549261824e-70	Aque_Aqu2.1.31010-001;Scil_g13676	1.5372000909834853e-06	0.0003092072799305785	Aque_Aqu2.1.39901-001;Slac_ENSLPGG00000024879	0.00010473551507641958	0.0	Aque_Aqu2.1.41036-001;Slac_ENSLPGG00000009033	9.486629863621956e-12	5.114636344699137e-166	Scil_g8600;Slac_ENSLPGG00000026970	5.086624277160392e-43	6.757154788096515e-72	Scil_g130;Slac_ENSLPGG00000015888	3.602006050929476e-46	0.0	Scil_g8135;Slac_ENSLPGG00000014782	1.6919501782107682e-97	2.216785442425679e-52	Scil_g4792;Slac_ENSLPGG00000018987	2.1672041103820224e-120	6.075516351583151e-07	Scil_g2609;Slac_ENSLPGG00000018987	2.496564254222248e-24	6.733704086712018e-08	Scil_g8135;Slac_ENSLPGG00000014782	1.6919501782107682e-97	1.0227457240849187e-58	Scil_g8135;Slac_ENSLPGG00000014782	1.6919501782107682e-97	5.526486443458363e-95	Scil_g4929;Slac_ENSLPGG00000014205	9.60239209900516e-95	1.1536648230263885e-25	Scil_g1586;Slac_ENSLPGG00000022231	0.0006530911128548313	1.486829244349914e-24	Scil_g9703;Slac_ENSLPGG00000015539	0.00017468439733607323	4.332630779287512e-06	Scil_g6182;Slac_ENSLPGG00000004947	0.00425243105919548	1.323815998187698e-12
Aque_Aqu2.1.44221-001;Scil_g6803	2.4142643864291954e-16	2.221893686373928e-86	Aque_Aqu2.1.34247-001;Scil_g9420	5.995179413289e-67	9.439730549261824e-70	Aque_Aqu2.1.39296-001;Scil_g8647	8.497757503283989e-55	2.3753328471789344e-08	Aque_Aqu2.1.18087-001;Slac_ENSLPGG00000024429	5.622543966129217e-113	3.251273390160915e-290	Aque_Aqu2.1.33636-001;Slac_ENSLPGG00000022969	1.2164548748428428e-123	3.793639182545986e-99	Aque_Aqu2.1.38191-001;Slac_ENSLPGG00000001288	5.740348681209968e-44	2.96892106482705e-44	Aque_Aqu2.1.42605-001;Slac_ENSLPGG00000011766	9.323559791297775e-115	9.830051101160761e-32	Aque_Aqu2.1.26225-001;Slac_ENSLPGG00000004270	1.096369540214057e-115	4.9624809805194025e-139	Aque_Aqu2.1.12854-001;Slac_ENSLPGG00000000928	5.013764288192056e-82	0.0010654144170452007	Aque_Aqu2.1.42605-001;Slac_ENSLPGG00000011766	9.323559791297775e-115	3.067324330221318e-62	Aque_Aqu2.1.28488-001;Slac_ENSLPGG00000008750	2.222403657510612e-06	1.1861703663486179e-08	Aque_Aqu2.1.37883-001;Slac_ENSLPGG00000019578	3.408056060331404e-43	0.0005401379704453665	Aque_Aqu2.1.41482-001;Slac_ENSLPGG00000021520	2.2364060071655327e-10	1.1192892414117911e-44	Aque_Aqu2.1.28944-001;Slac_ENSLPGG00000014432	3.6090163242932247e-32	3.695427495255932e-26	Aque_Aqu2.1.30110-001;Scil_g7471	2.308865816166031e-15	6.980756942552647e-53	Aque_Aqu2.1.28076-001;Slac_ENSLPGG00000007945	1.8881257883275112e-48	0.0052285844651336595	Aque_Aqu2.1.38752-001;Scil_g4821	1.5804020643111057e-187	4.196562415733154e-29	Aque_Aqu2.1.27088-001;Slac_ENSLPGG00000022185	1.4101993139662687e-24	0.001315537537864379	Aque_Aqu2.1.39162-001;Slac_ENSLPGG00000025765	1.1576352078665665e-55	2.8786681826425163e-147	Aque_Aqu2.1.21015-001;Scil_g12721	4.488784099627258e-96	1.580144500595143e-150	Aque_Aqu2.1.41892-001;Scil_g4792	5.2142493076430264e-14	2.1672041103820224e-120	Aque_Aqu2.1.28497-001;Scil_g2930	6.265744639493593e-06	3.3176949352516434e-14	Aque_Aqu2.1.33443-001;Scil_g49	4.986367745258103e-05	7.260261228852569e-47	Aque_Aqu2.1.23818-001;Slac_ENSLPGG00000019389	5.459313371962679e-87	8.064460759704122e-90	Aque_Aqu2.1.28497-001;Slac_ENSLPGG00000023963	6.265744639493593e-06	1.9303084155892143e-88	Aque_Aqu2.1.41517-001;Slac_ENSLPGG00000010676	1.7671681936516232e-54	6.106277512905305e-07	Aque_Aqu2.1.44221-001;Slac_ENSLPGG00000012949	5.994069235373014e-92	1.0083071826795984e-138	Aque_Aqu2.1.23245-001;Slac_ENSLPGG00000014386	2.527911622459719e-106	1.7287512944415076e-07	Aque_Aqu2.1.31379-001;Slac_ENSLPGG00000022008	3.461111847443033e-18	2.2847279941433917e-49	Aque_Aqu2.1.31381-001;Slac_ENSLPGG00000009899	4.790282318976761e-30	3.9284303996595296e-27	Aque_Aqu2.1.14505-001;Scil_g1061	7.790561052606891e-22	5.0325548735226354e-151	Aque_Aqu2.1.29951-001;Scil_g9420	1.9260650568679767e-29	2.61542842285498e-86	Aque_Aqu2.1.14505-001;Scil_g1061	7.790561052606891e-22	1.6531340316030627e-66	Aque_Aqu2.1.30870-001;Scil_g9880	6.504698888036333e-09	9.123963566962543e-11	Aque_Aqu2.1.31245-001;Slac_ENSLPGG00000030313	5.1330330161765e-10	4.801048661156323e-14	Aque_Aqu2.1.41302-001;Slac_ENSLPGG00000010615	7.995429630397048e-28	6.835112163503473e-257	Scil_g3890;Slac_ENSLPGG00000020028	8.523643662221874e-99	1.907786574303345e-70	Scil_g13539;Slac_ENSLPGG00000015888	1.1454364321341173e-47	0.0	Scil_g10508;Slac_ENSLPGG00000018391	6.773534454109065e-120	5.576426266892998e-14	Scil_g8135;Slac_ENSLPGG00000014506	1.6919501782107682e-97	0.0009833010544851581	Scil_g2609;Slac_ENSLPGG00000007730	2.496564254222248e-24	1.6005189891447079e-06	Scil_g130;Slac_ENSLPGG00000015888	3.602006050929476e-46	3.8687716420603493e-174	Scil_g13539;Slac_ENSLPGG00000015888	1.1454364321341173e-47	0.0	Scil_g877;Slac_ENSLPGG00000012949	1.1371250482772108e-92	4.158510428091382e-240	Scil_g9389;Slac_ENSLPGG00000022231	0.004809040713606628	1.486829244349914e-24	Scil_g5407;Slac_ENSLPGG00000016023	6.198193916748304e-13	1.109699120521113e-58	Scil_g2679;Slac_ENSLPGG00000008029	8.564893387178771e-08	0.0007020116678489722
Aque_Aqu2.1.44221-001;Scil_g877	2.4142643864291954e-16	1.1371250482772108e-92	Aque_Aqu2.1.29496-001;Scil_g1157	1.2768054689113486e-36	1.1520825168030329e-29	Aque_Aqu2.1.36280-001;Scil_g11065	3.288773730928107e-103	3.759957343833095e-33	Aque_Aqu2.1.28816-001;Slac_ENSLPGG00000010719	1.0840523851845123e-95	0.0	Aque_Aqu2.1.32930-001;Slac_ENSLPGG00000028683	7.663138857997222e-90	4.6676065439242157e-67	Aque_Aqu2.1.43440-001;Slac_ENSLPGG00000008240	2.966613490803621e-57	5.664561914368785e-134	Aque_Aqu2.1.25862-001;Slac_ENSLPGG00000018181	1.7601901330525903e-103	2.6290781450963708e-140	Aque_Aqu2.1.38354-001;Slac_ENSLPGG00000028953	7.318492576694701e-116	1.0786595805322939e-100	Aque_Aqu2.1.18283-001;Slac_ENSLPGG00000026466	5.3800923347615143e-73	0.00019309565842558096	Aque_Aqu2.1.39147-001;Slac_ENSLPGG00000029327	1.672944990239813e-27	4.884112571310883e-133	Aque_Aqu2.1.32503-001;Slac_ENSLPGG00000015631	1.7195369292962452e-10	6.063650924272145e-07	Aque_Aqu2.1.26998-001;Slac_ENSLPGG00000021520	3.197778486344573e-06	2.3251872846171974e-12	Aque_Aqu2.1.41049-001;Slac_ENSLPGG00000015888	1.7843460525969402e-71	1.414267117274712e-109	Aque_Aqu2.1.43788-001;Slac_ENSLPGG00000023276	1.2849197808890718e-08	0.0023187143386704493	Aque_Aqu2.1.33559-001;Scil_g7992	8.571368772036795e-50	2.2364116420560273e-30	Aque_Aqu2.1.40987-001;Slac_ENSLPGG00000023350	1.7343655135966122e-64	0.0009776894267064676	Aque_Aqu2.1.38750-001;Scil_g4821	4.160461261776937e-93	4.196562415733154e-29	Aque_Aqu2.1.43615-001;Slac_ENSLPGG00000011962	3.565907780541023e-09	3.211008789355102e-10	Aque_Aqu2.1.39162-001;Slac_ENSLPGG00000017177	1.1576352078665665e-55	5.93110898396368e-142	Aque_Aqu2.1.37679-001;Scil_g13430	7.068023640570212e-24	5.4415909022841374e-14	Aque_Aqu2.1.29496-001;Scil_g8135	0.0005693519180481434	1.6919501782107682e-97	Aque_Aqu2.1.44139-001;Scil_g9010	0.0013345187120564206	1.2264590765501197e-29	Aque_Aqu2.1.39906-001;Scil_g5478	5.695135212169059e-155	0.00042986270026524535	Aque_Aqu2.1.31166-001;Slac_ENSLPGG00000021950	2.4677337861874384e-27	1.4391600060050444e-222	Aque_Aqu2.1.23245-001;Slac_ENSLPGG00000014386	2.527911622459719e-106	3.1119892541270805e-37	Aque_Aqu2.1.44221-001;Slac_ENSLPGG00000012949	5.994069235373014e-92	1.5193941358637149e-176	Aque_Aqu2.1.43995-001;Slac_ENSLPGG00000002394	1.2817282397478916e-13	3.132385281564667e-40	Aque_Aqu2.1.28495-001;Slac_ENSLPGG00000009453	4.458325986516477e-24	7.139115142722667e-47	Aque_Aqu2.1.31381-001;Slac_ENSLPGG00000021402	4.790282318976761e-30	2.2504082942667657e-43	Aque_Aqu2.1.31381-001;Slac_ENSLPGG00000021402	4.790282318976761e-30	3.140876910125486e-98	Aque_Aqu2.1.31551-001;Scil_g7883	5.480233371944621e-11	1.5018632352883118e-161	Aque_Aqu2.1.29076-001;Scil_g7064	3.633124956792878e-18	7.495828822754004e-95	Aque_Aqu2.1.29497-001;Scil_g1157	1.2112662309644303e-77	1.1520825168030329e-29	Aque_Aqu2.1.39160-001;Scil_g2576	3.595877896775303e-08	0.005683141959625487	Aque_Aqu2.1.33761-001;Slac_ENSLPGG00000015198	1.7677837593587218e-35	4.591205690629712e-20	Aque_Aqu2.1.33761-001;Slac_ENSLPGG00000011374	6.68557162412341e-45	7.246167802767974e-21	Scil_g11466;Slac_ENSLPGG00000020028	6.365945788462599e-97	1.907786574303345e-70	Scil_g8135;Slac_ENSLPGG00000014782	1.6919501782107682e-97	4.0221730396915904e-85	Scil_g130;Slac_ENSLPGG00000015888	3.602006050929476e-46	1.414267117274712e-109	Scil_g10147;Slac_ENSLPGG00000006923	4.551182698597302e-95	1.7895248737502926e-07	Scil_g792;Slac_ENSLPGG00000001761	4.502169748278949e-85	0.005887721104705316	Scil_g4792;Slac_ENSLPGG00000011839	2.1672041103820224e-120	6.871823708419816e-06	Scil_g4792;Slac_ENSLPGG00000007525	2.1672041103820224e-120	2.4280532106859597e-36	Scil_g13004;Slac_ENSLPGG00000007730	2.5514582754827525e-91	0.0	Scil_g2930;Slac_ENSLPGG00000008750	3.3176949352516434e-14	8.530991638627806e-36	Scil_g5104;Slac_ENSLPGG00000008750	1.425752592931045e-12	1.1333697489390906e-08	Scil_g4190;Slac_ENSLPGG00000009116	1.3452394519725615e-13	1.938637425975692e-130
Aque_Aqu2.1.38435-001;Scil_g4517	3.2496804617101288e-21	4.833548353276332e-67	Aque_Aqu2.1.33693-001;Scil_g12599	2.272650030560976e-17	6.341065114787564e-42	Aque_Aqu2.1.24541-001;Scil_g9008	2.344168441479099e-143	6.768924266551592e-17	Aque_Aqu2.1.21796-001;Slac_ENSLPGG00000020424	1.2188109824148507e-117	0.0	Aque_Aqu2.1.18692-001;Slac_ENSLPGG00000021862	1.8143969612667923e-88	3.8478475931374615e-122	Aque_Aqu2.1.18813-001;Slac_ENSLPGG00000028380	1.5941414811933208e-143	6.536389750916492e-246	Aque_Aqu2.1.43423-001;Slac_ENSLPGG00000008236	3.021348392175779e-116	1.6153748683568355e-62	Aque_Aqu2.1.41195-001;Slac_ENSLPGG00000011674	1.2364613934837511e-115	3.615983368723635e-43	Aque_Aqu2.1.12657-001;Slac_ENSLPGG00000004375	4.1751534788856684e-103	0.008312850457060513	Aque_Aqu2.1.27063-001;Slac_ENSLPGG00000023230	6.861052758461508e-93	6.624979144563978e-157	Aque_Aqu2.1.37083-001;Slac_ENSLPGG00000014205	0.008633805380085605	0.0011929813151707969	Aque_Aqu2.1.28495-001;Slac_ENSLPGG00000009453	3.050594406121623e-25	6.590504302001542e-85	Aque_Aqu2.1.43480-001;Slac_ENSLPGG00000025032	2.724952229124618e-25	2.2405791819609652e-08	Aque_Aqu2.1.28942-001;Slac_ENSLPGG00000014432	1.2138942124859158e-06	3.695427495255932e-26	Aque_Aqu2.1.34134-001;Scil_g12516	1.331988036968737e-162	0.0018996243963378607	Aque_Aqu2.1.33503-001;Slac_ENSLPGG00000028142	7.66852101105505e-139	3.7139133484272695e-30	Aque_Aqu2.1.36142-001;Scil_g11399	4.0505981920120795e-12	1.546575633172773e-199	Aque_Aqu2.1.43984-001;Slac_ENSLPGG00000003719	5.614857868454323e-142	2.9232553204569993e-05	Aque_Aqu2.1.23389-001;Slac_ENSLPGG00000020866	1.181117757917774e-23	1.408090205453169e-51	Aque_Aqu2.1.26326-001;Scil_g6734	9.173280907484971e-09	6.522593975599372e-130	Aque_Aqu2.1.43637-001;Scil_g13026	8.152574204947499e-32	4.83779984233148e-48	Aque_Aqu2.1.28489-001;Scil_g9010	1.2639077541595553e-28	1.2264590765501197e-29	Aque_Aqu2.1.31166-001;Scil_g4132	2.4677337861874384e-27	4.3231578462610203e-07	Aque_Aqu2.1.36501-001;Slac_ENSLPGG00000012340	4.0103739281320257e-07	0.0	Aque_Aqu2.1.23247-001;Slac_ENSLPGG00000014386	8.210853499627593e-119	3.1119892541270805e-37	Aque_Aqu2.1.34863-001;Slac_ENSLPGG00000012140	7.856949568546215e-16	3.083781473194777e-35	Aque_Aqu2.1.38146-001;Slac_ENSLPGG00000012949	6.387586082111135e-11	1.0083071826795984e-138	Aque_Aqu2.1.23247-001;Slac_ENSLPGG00000014386	8.210853499627593e-119	1.7287512944415076e-07	Aque_Aqu2.1.23245-001;Slac_ENSLPGG00000014386	2.527911622459719e-106	1.493154584726633e-20	Aque_Aqu2.1.41648-001;Slac_ENSLPGG00000020706	4.4179070679146695e-83	0.00012637943545231424	Aque_Aqu2.1.44221-001;Scil_g6803	1.0164839656097992e-72	8.511999104027974e-111	Aque_Aqu2.1.34429-001;Scil_g10574	4.114553893179646e-74	1.003770721174451e-89	Aque_Aqu2.1.31551-001;Scil_g7883	5.480233371944621e-11	7.832621607869524e-72	Aque_Aqu2.1.33761-001;Scil_g208	1.7677837593587218e-35	2.8004464112667096e-32	Aque_Aqu2.1.43963-001;Slac_ENSLPGG00000024879	9.261924481854956e-06	0.0	Aque_Aqu2.1.43539-001;Slac_ENSLPGG00000020221	1.4534280963588581e-13	9.223249579944277e-53	Scil_g2434;Slac_ENSLPGG00000012340	4.985682385220709e-44	0.0	Scil_g4792;Slac_ENSLPGG00000007525	2.1672041103820224e-120	3.5619051390972777e-23	Scil_g4792;Slac_ENSLPGG00000007525	2.1672041103820224e-120	1.1234997919954914e-14	Scil_g9850;Slac_ENSLPGG00000009453	2.9609292285413797e-44	7.139115142722667e-47	Scil_g552;Slac_ENSLPGG00000010574	8.948556207135125e-95	0.008031472030969836	Scil_g13539;Slac_ENSLPGG00000015888	1.1454364321341173e-47	3.8687716420603493e-174	Scil_g8135;Slac_ENSLPGG00000014506	1.6919501782107682e-97	3.072845078965812e-33	Scil_g4223;Slac_ENSLPGG00000007730	1.5956933083580732e-91	0.0	Scil_g7598;Slac_ENSLPGG00000018326	1.654052207920732e-54	1.1462170793757774e-39	Scil_g5104;Slac_ENSLPGG00000009116	1.425752592931045e-12	1.2402889402997416e-10	Scil_g6182;Slac_ENSLPGG00000021186	0.00425243105919548	4.6642969300092515e-92
Aque_Aqu2.1.34247-001;Scil_g9420	5.995179413289e-67	2.61542842285498e-86	Aque_Aqu2.1.26684-001;Scil_g1710	5.16651150424784e-114	3.602405986873582e-60	Aque_Aqu2.1.29496-001;Scil_g1157	1.2768054689113486e-36	7.676891407622203e-15	Aque_Aqu2.1.37079-001;Slac_ENSLPGG00000014397	6.987535709667499e-114	0.0	Aque_Aqu2.1.04943-001;Slac_ENSLPGG00000000928	1.7992188705826774e-46	1.2481151285348214e-98	Aque_Aqu2.1.12854-001;Slac_ENSLPGG00000000928	8.308052623456065e-109	2.5124961031891197e-263	Aque_Aqu2.1.31582-001;Slac_ENSLPGG00000004808	8.349528766570313e-143	1.4672573330533557e-29	Aque_Aqu2.1.34476-001;Slac_ENSLPGG00000009693	4.321419943186122e-118	2.211542092140465e-136	Aque_Aqu2.1.36280-001;Slac_ENSLPGG00000026756	6.856052357675539e-112	2.2045503803078635e-05	Aque_Aqu2.1.04943-001;Slac_ENSLPGG00000000928	1.8183168977220488e-34	9.10320839181306e-204	Aque_Aqu2.1.24004-001;Slac_ENSLPGG00000020178	0.00015476934393270195	0.008497928600987774	Aque_Aqu2.1.43482-001;Slac_ENSLPGG00000017003	1.9502722948097634e-26	0.0010648454651062261	Aque_Aqu2.1.37137-001;Slac_ENSLPGG00000016891	1.643277675461539e-16	1.1066745948069943e-10	Aque_Aqu2.1.43480-001;Slac_ENSLPGG00000027461	2.724952229124618e-25	0.0007961822132458968	Aque_Aqu2.1.37297-001;Scil_g11399	1.461101636464387e-07	1.546575633172773e-199	Aque_Aqu2.1.27832-001;Slac_ENSLPGG00000026194	5.939276265577746e-23	6.674291937003132e-10	Aque_Aqu2.1.41092-001;Scil_g7471	2.646540504612954e-90	6.980756942552647e-53	Aque_Aqu2.1.29887-001;Slac_ENSLPGG00000009790	6.92630964062219e-18	5.8232090697647964e-08	Aque_Aqu2.1.23389-001;Slac_ENSLPGG00000010570	1.181117757917774e-23	2.0632134805623925e-53	Aque_Aqu2.1.37679-001;Scil_g4524	7.068023640570212e-24	1.2091609115166517e-12	Aque_Aqu2.1.29497-001;Scil_g8135	6.077919633614359e-57	1.6919501782107682e-97	Aque_Aqu2.1.41692-001;Scil_g11209	0.0001319903308633703	7.014411163892024e-21	Aque_Aqu2.1.39905-001;Scil_g2366	1.4006866036488385e-125	4.004528578898898e-09	Aque_Aqu2.1.39626-001;Slac_ENSLPGG00000014289	3.934806432082639e-12	1.063593045223818e-144	Aque_Aqu2.1.28495-001;Slac_ENSLPGG00000008750	4.458325986516477e-24	8.530991638627806e-36	Aque_Aqu2.1.26397-001;Slac_ENSLPGG00000025061	0.004924461786484358	0.008271464816992287	Aque_Aqu2.1.24981-001;Slac_ENSLPGG00000009456	2.7217252995401606e-14	1.023988469791351e-09	Aque_Aqu2.1.44221-001;Slac_ENSLPGG00000012949	5.994069235373014e-92	1.3118302926245022e-127	Aque_Aqu2.1.41648-001;Slac_ENSLPGG00000020706	4.4179070679146695e-83	0.00019249484478877987	Aque_Aqu2.1.31379-001;Slac_ENSLPGG00000009899	3.461111847443033e-18	3.9284303996595296e-27	Aque_Aqu2.1.41302-001;Scil_g10741	1.593114344057822e-11	1.0707452493770196e-158	Aque_Aqu2.1.34429-001;Scil_g5447	4.114553893179646e-74	4.471687068628944e-89	Aque_Aqu2.1.39916-001;Scil_g2323	2.9667398630381824e-15	1.4074066131626783e-71	Aque_Aqu2.1.29982-001;Scil_g1214	3.8405340621262266e-06	7.042830603570284e-13	Aque_Aqu2.1.41302-001;Slac_ENSLPGG00000010615	1.7129236125123054e-28	6.835112163503473e-257	Aque_Aqu2.1.23244-001;Slac_ENSLPGG00000012828	0.0006147344884710201	0.0	Scil_g16;Slac_ENSLPGG00000012340	3.0780431385019944e-38	0.0	Scil_g792;Slac_ENSLPGG00000001761	4.502169748278949e-85	1.3462692566009719e-65	Scil_g13539;Slac_ENSLPGG00000015888	1.1454364321341173e-47	1.414267117274712e-109	Scil_g2793;Slac_ENSLPGG00000021503	1.1197019573576427e-08	1.4941861561574097e-08	Scil_g12721;Slac_ENSLPGG00000026540	1.7835176393336055e-43	3.785098089130952e-08	Scil_g10147;Slac_ENSLPGG00000006923	4.551182698597302e-95	3.307803204970514e-13	Scil_g4792;Slac_ENSLPGG00000011839	2.1672041103820224e-120	2.3607637339619418e-11	Scil_g4335;Slac_ENSLPGG00000018987	2.8855770379476457e-94	4.5516359055595116e-128	Scil_g7598;Slac_ENSLPGG00000026540	1.654052207920732e-54	5.082599674901194e-269	Scil_g2168;Slac_ENSLPGG00000017442	4.866606891910804e-10	0.0028047335468007334	Scil_g176;Slac_ENSLPGG00000001013	0.0002427391272647263	8.737797247574456e-205
Aque_Aqu2.1.35741-001;Scil_g2323	0.00040754156009998287	1.3888922016851693e-92	Aque_Aqu2.1.37095-001;Scil_g6036	1.7138617390298075e-107	1.0858865140163846e-41	Aque_Aqu2.1.37818-001;Scil_g9008	1.1042169105070999e-65	6.768924266551592e-17	Aque_Aqu2.1.18813-001;Slac_ENSLPGG00000028380	1.5941414811933208e-143	2.161155439330363e-245	Aque_Aqu2.1.42549-001;Slac_ENSLPGG00000030160	4.864952737528873e-51	4.829352076372421e-05	Aque_Aqu2.1.39147-001;Slac_ENSLPGG00000029327	2.5070991514612063e-37	1.0480708940969998e-185	Aque_Aqu2.1.28570-001;Slac_ENSLPGG00000017185	1.3478437671175875e-40	2.154470322241375e-44	Aque_Aqu2.1.25378-001;Slac_ENSLPGG00000020432	1.7178376170265628e-64	1.057492730615344e-59	Aque_Aqu2.1.24263-001;Slac_ENSLPGG00000024124	5.014452326172999e-104	0.003213162027316329	Aque_Aqu2.1.18692-001;Slac_ENSLPGG00000021862	1.7270552829087441e-116	1.589418180725739e-99	Aque_Aqu2.1.41520-001;Slac_ENSLPGG00000020178	2.1890053557825215e-07	0.008497928600987774	Aque_Aqu2.1.28944-001;Slac_ENSLPGG00000014432	3.6090163242932247e-32	2.763045349494756e-39	Aque_Aqu2.1.30867-001;Slac_ENSLPGG00000021520	8.811394793769746e-08	1.1192892414117911e-44	Aque_Aqu2.1.29479-001;Slac_ENSLPGG00000001139	1.027025061779397e-11	1.0794946248240394e-08	Aque_Aqu2.1.42107-001;Scil_g5580	2.827384835718196e-67	5.496311572165632e-30	Aque_Aqu2.1.32241-001;Slac_ENSLPGG00000023350	1.5716518072592125e-35	0.0009776894267064676	Aque_Aqu2.1.42107-001;Scil_g5580	1.709353496819872e-61	5.496311572165632e-30	Aque_Aqu2.1.34861-001;Slac_ENSLPGG00000010067	1.5697310538016786e-20	2.4406389139278163e-21	Aque_Aqu2.1.23389-001;Slac_ENSLPGG00000022959	1.181117757917774e-23	1.783385765627898e-41	Aque_Aqu2.1.37679-001;Scil_g12238	7.068023640570212e-24	9.316586458395207e-08	Aque_Aqu2.1.21015-001;Scil_g12721	4.488784099627258e-96	1.7835176393336055e-43	Aque_Aqu2.1.28223-001;Scil_g6719	1.3844036382592803e-13	1.7693134985060617e-86	Aque_Aqu2.1.09944-001;Scil_g7679	0.004804262408180055	2.150189781868642e-06	Aque_Aqu2.1.22332-001;Slac_ENSLPGG00000013772	9.838828213524885e-12	1.2252823654104125e-130	Aque_Aqu2.1.28223-001;Slac_ENSLPGG00000018987	1.3844036382592803e-13	3.791882775025262e-229	Aque_Aqu2.1.41892-001;Slac_ENSLPGG00000018987	5.2142493076430264e-14	3.0882825093222114e-93	Aque_Aqu2.1.31379-001;Slac_ENSLPGG00000021402	3.461111847443033e-18	2.454971510320962e-13	Aque_Aqu2.1.08677-001;Slac_ENSLPGG00000015888	7.208488648075431e-16	9.16330091270066e-55	Aque_Aqu2.1.15643-001;Slac_ENSLPGG00000020706	1.378157857410754e-124	0.00019249484478877987	Aque_Aqu2.1.31379-001;Slac_ENSLPGG00000021402	3.461111847443033e-18	3.140876910125486e-98	Aque_Aqu2.1.14505-001;Scil_g4929	7.790561052606891e-22	2.6638120184522244e-128	Aque_Aqu2.1.34344-001;Scil_g7064	2.149882173753952e-14	7.495828822754004e-95	Aque_Aqu2.1.38430-001;Scil_g12599	2.785624219748749e-32	6.341065114787564e-42	Aque_Aqu2.1.33761-001;Scil_g3179	1.7677837593587218e-35	9.983549364601248e-23	Aque_Aqu2.1.33761-001;Slac_ENSLPGG00000011374	1.7677837593587218e-35	7.246167802767974e-21	Aque_Aqu2.1.32861-001;Slac_ENSLPGG00000011506	1.1714485705240073e-22	5.633988894633641e-06	Scil_g7126;Slac_ENSLPGG00000026137	4.550324673133158e-154	1.6047255062722863e-30	Scil_g2609;Slac_ENSLPGG00000018987	2.496564254222248e-24	4.442906185241835e-129	Scil_g1098;Slac_ENSLPGG00000021520	7.599970776583826e-09	1.1192892414117911e-44	Scil_g13026;Slac_ENSLPGG00000029928	4.83779984233148e-48	2.1173701999032286e-16	Scil_g8192;Slac_ENSLPGG00000018987	2.4409454456120322e-27	6.733704086712018e-08	Scil_g2609;Slac_ENSLPGG00000018987	2.496564254222248e-24	4.5516359055595116e-128	Scil_g2609;Slac_ENSLPGG00000007730	2.496564254222248e-24	0.0	Scil_g1061;Slac_ENSLPGG00000014205	1.0251660571293946e-93	1.1536648230263885e-25	Scil_g8884;Slac_ENSLPGG00000005483	0.00010905326585600339	6.771725959466119e-09	Scil_g533;Slac_ENSLPGG00000020413	0.007663976692174333	7.666991053356158e-08	Scil_g8970;Slac_ENSLPGG00000012340	7.318774950426462e-09	4.441996473331513e-39
Aque_Aqu2.1.34429-001;Scil_g10574	7.854915848010625e-74	1.003770721174451e-89	Aque_Aqu2.1.42605-001;Scil_g6036	9.509180868415106e-59	1.0858865140163846e-41	Aque_Aqu2.1.18813-001;Scil_g2393	1.5941414811933208e-143	8.86525815317342e-25	Aque_Aqu2.1.12854-001;Slac_ENSLPGG00000000928	8.308052623456065e-109	3.2634904038385812e-285	Aque_Aqu2.1.21796-001;Slac_ENSLPGG00000020424	1.2188109824148507e-117	3.7212886296907746e-117	Aque_Aqu2.1.04943-001;Slac_ENSLPGG00000000928	1.7992188705826774e-46	2.5124961031891197e-263	Aque_Aqu2.1.34247-001;Slac_ENSLPGG00000018181	2.2779810691546104e-47	2.6290781450963708e-140	Aque_Aqu2.1.35077-001;Slac_ENSLPGG00000017593	1.7045642842567605e-116	2.8668362506369645e-98	Aque_Aqu2.1.18867-001;Slac_ENSLPGG00000006262	3.0539554246538726e-57	0.0011430568652466334	Aque_Aqu2.1.19270-001;Slac_ENSLPGG00000014669	7.529568096550412e-91	8.202656842058226e-40	Aque_Aqu2.1.42203-001;Slac_ENSLPGG00000008996	3.150184887500491e-07	0.008928344700331103	Aque_Aqu2.1.29479-001;Slac_ENSLPGG00000001139	1.027025061779397e-11	1.4494333720685917e-24	Aque_Aqu2.1.01979-001;Slac_ENSLPGG00000021520	0.007012591066954428	1.1192892414117911e-44	Aque_Aqu2.1.43788-001;Slac_ENSLPGG00000012981	1.2849197808890718e-08	1.093992624089611e-41	Aque_Aqu2.1.36394-001;Scil_g6856	9.97074108937263e-75	1.1403746684871432e-12	Aque_Aqu2.1.23244-001;Slac_ENSLPGG00000017421	5.2814784068730136e-39	1.497288984054605e-08	Aque_Aqu2.1.35499-001;Scil_g4190	1.2692762160706003e-88	1.976243892774613e-57	Aque_Aqu2.1.33047-001;Slac_ENSLPGG00000026194	1.344591319154037e-14	6.674291937003132e-10	Aque_Aqu2.1.39162-001;Slac_ENSLPGG00000020578	1.1576352078665665e-55	1.0679719099689804e-56	Aque_Aqu2.1.28223-001;Scil_g49	1.3844036382592803e-13	3.553367353846493e-191	Aque_Aqu2.1.28510-001;Scil_g1202	5.959189221181413e-33	2.9447355057656847e-90	Aque_Aqu2.1.24259-001;Scil_g2930	0.001466921024567994	3.3176949352516434e-14	Aque_Aqu2.1.28223-001;Scil_g6719	1.3844036382592803e-13	1.60094857404039e-42	Aque_Aqu2.1.23247-001;Slac_ENSLPGG00000013844	8.210853499627593e-119	4.751279793435816e-194	Aque_Aqu2.1.14505-001;Slac_ENSLPGG00000002251	4.1608280773534837e-17	1.0703518826219367e-12	Aque_Aqu2.1.31064-001;Slac_ENSLPGG00000028861	0.00019272678791150202	2.568276781457942e-08	Aque_Aqu2.1.31379-001;Slac_ENSLPGG00000022008	3.461111847443033e-18	5.8169367704063345e-09	Aque_Aqu2.1.24981-001;Slac_ENSLPGG00000009456	2.7217252995401606e-14	2.1689645622533997e-11	Aque_Aqu2.1.29513-001;Slac_ENSLPGG00000017789	4.936567704134594e-26	1.9094305321591624e-24	Aque_Aqu2.1.39906-001;Slac_ENSLPGG00000026132	5.695135212169059e-155	0.005441714082505935	Aque_Aqu2.1.39916-001;Scil_g2323	2.9667398630381824e-15	1.3142887755311866e-149	Aque_Aqu2.1.43326-001;Scil_g11335	9.597124260548117e-77	8.759682145186129e-07	Aque_Aqu2.1.14505-001;Scil_g4929	7.790561052606891e-22	3.464830970332022e-64	Aque_Aqu2.1.20539-001;Scil_g2576	8.283002901269206e-10	0.005683141959625487	Aque_Aqu2.1.18498-001;Slac_ENSLPGG00000003107	4.634718277164381e-14	4.2394431458955775e-16	Aque_Aqu2.1.43278-001;Slac_ENSLPGG00000007292	0.00047616621592022325	1.3493236933206378e-19	Scil_g7130;Slac_ENSLPGG00000014289	1.1016928371962666e-49	1.063593045223818e-144	Scil_g4792;Slac_ENSLPGG00000011839	2.1672041103820224e-120	3.187901163744036e-05	Scil_g5780;Slac_ENSLPGG00000021520	1.401077682156374e-56	1.1192892414117911e-44	Scil_g792;Slac_ENSLPGG00000001761	4.502169748278949e-85	1.0770428422815548e-08	Scil_g8299;Slac_ENSLPGG00000019726	3.997779389256044e-103	1.9316038330672487e-09	Scil_g2609;Slac_ENSLPGG00000007730	2.496564254222248e-24	0.0	Scil_g2609;Slac_ENSLPGG00000018987	2.496564254222248e-24	8.336789136783278e-158	Scil_g2609;Slac_ENSLPGG00000007730	1.5111048112200333e-68	0.0	Scil_g5543;Slac_ENSLPGG00000018326	1.9291177338406187e-15	1.1462170793757774e-39	Scil_g4190;Slac_ENSLPGG00000009116	1.3452394519725615e-13	1.2402889402997416e-10	Scil_g10276;Slac_ENSLPGG00000005266	7.375399365999464e-05	1.7279918550208642e-49
Aque_Aqu2.1.15643-001;Scil_g12920	2.811107726834875e-30	3.023684228629527e-07	Aque_Aqu2.1.15179-001;Scil_g9786	3.908744777047258e-23	7.761919273215384e-72	Aque_Aqu2.1.25405-001;Scil_g8992	2.7610085691748473e-15	3.427580241649399e-35	Aque_Aqu2.1.33636-001;Slac_ENSLPGG00000022969	1.2164548748428428e-123	1.7582904385899225e-265	Aque_Aqu2.1.22710-001;Slac_ENSLPGG00000017323	1.3243501395407459e-103	3.8446497482787126e-66	Aque_Aqu2.1.16620-001;Slac_ENSLPGG00000005401	3.397334660599216e-165	2.3421129342282908e-26	Aque_Aqu2.1.18353-001;Slac_ENSLPGG00000017904	6.178257458042465e-65	8.790584444479262e-22	Aque_Aqu2.1.28091-001;Slac_ENSLPGG00000011974	3.2719744868010964e-115	2.0293225616736967e-122	Aque_Aqu2.1.40908-001;Slac_ENSLPGG00000015371	2.5432621050748296e-88	0.0008302414279482208	Aque_Aqu2.1.34860-001;Slac_ENSLPGG00000010851	3.002345046527817e-93	7.772049783955039e-28	Aque_Aqu2.1.38146-001;Slac_ENSLPGG00000012949	0.001071762000244394	1.1790089777244284e-26	Aque_Aqu2.1.29479-001;Slac_ENSLPGG00000007158	1.027025061779397e-11	1.2305328596950784e-25	Aque_Aqu2.1.37137-001;Slac_ENSLPGG00000002171	1.643277675461539e-16	2.0039843010385572e-48	Aque_Aqu2.1.43788-001;Slac_ENSLPGG00000014205	1.2849197808890718e-08	4.942981006752245e-12	Aque_Aqu2.1.41459-001;Scil_g7471	1.5794802762380623e-08	6.980756942552647e-53	Aque_Aqu2.1.28283-001;Slac_ENSLPGG00000005072	8.56665288335661e-23	6.293393060430815e-06	Aque_Aqu2.1.10425-001;Scil_g10128	4.63879348899057e-125	3.7939070721083785e-05	Aque_Aqu2.1.23244-001;Slac_ENSLPGG00000014386	1.0885934844745446e-29	1.1292813631157257e-56	Aque_Aqu2.1.43733-001;Slac_ENSLPGG00000025488	4.248328240934453e-206	2.787079609083102e-204	Aque_Aqu2.1.31586-001;Scil_g5478	1.7372787348993547e-40	1.5061464715015508e-67	Aque_Aqu2.1.34863-001;Scil_g10140	7.856949568546215e-16	5.963012473984281e-36	Aque_Aqu2.1.44139-001;Scil_g2930	0.0013345187120564206	3.3176949352516434e-14	Aque_Aqu2.1.41892-001;Scil_g6719	5.2142493076430264e-14	1.60094857404039e-42	Aque_Aqu2.1.23245-001;Slac_ENSLPGG00000013844	2.527911622459719e-106	4.751279793435816e-194	Aque_Aqu2.1.41892-001;Slac_ENSLPGG00000018987	5.2142493076430264e-14	3.791882775025262e-229	Aque_Aqu2.1.14505-001;Slac_ENSLPGG00000002251	4.1608280773534837e-17	0.00012251065877010218	Aque_Aqu2.1.40997-001;Slac_ENSLPGG00000019726	3.831716522362373e-96	1.5454624451643245e-81	Aque_Aqu2.1.38146-001;Slac_ENSLPGG00000012949	6.387586082111135e-11	1.3118302926245022e-127	Aque_Aqu2.1.31379-001;Slac_ENSLPGG00000021402	3.461111847443033e-18	2.2504082942667657e-43	Aque_Aqu2.1.43482-001;Slac_ENSLPGG00000022080	7.648655415159219e-16	1.3764679304517367e-18	Aque_Aqu2.1.29497-001;Scil_g1157	1.2112662309644303e-77	2.322958709820274e-49	Aque_Aqu2.1.39916-001;Scil_g2323	2.9667398630381824e-15	1.3888922016851693e-92	Aque_Aqu2.1.34429-001;Scil_g110	4.114553893179646e-74	3.8040637262560273e-10	Aque_Aqu2.1.44244-001;Scil_g5695	0.0006519647998098208	5.796333952112716e-05	Aque_Aqu2.1.40905-001;Slac_ENSLPGG00000014308	3.920453627010159e-23	0.0	Aque_Aqu2.1.41583-001;Slac_ENSLPGG00000000967	3.1649988563463466e-09	3.7385571220871463e-84	Scil_g13039;Slac_ENSLPGG00000013772	1.875632303654956e-21	1.2252823654104125e-130	Scil_g1027;Slac_ENSLPGG00000021127	2.2596925306718318e-64	0.00026020690407486225	Scil_g1483;Slac_ENSLPGG00000021520	2.479568833724734e-22	1.1192892414117911e-44	Scil_g8135;Slac_ENSLPGG00000014782	1.6919501782107682e-97	0.008818631329743608	Scil_g7476;Slac_ENSLPGG00000007134	1.6962499319957996e-22	9.554026496564324e-05	Scil_g792;Slac_ENSLPGG00000003499	4.502169748278949e-85	2.1509525367986333e-65	Scil_g10147;Slac_ENSLPGG00000006923	4.551182698597302e-95	1.1559737404663003e-15	Scil_g20;Slac_ENSLPGG00000018987	3.034859832850301e-78	4.5516359055595116e-128	Scil_g788;Slac_ENSLPGG00000003499	6.832732451063917e-50	1.357194598266658e-60	Scil_g2136;Slac_ENSLPGG00000029176	3.3974360435298403e-07	0.009717050681838263	Scil_g5407;Slac_ENSLPGG00000016023	6.198193916748304e-13	2.7933912874570014e-08
Aque_Aqu2.1.34429-001;Scil_g5447	7.854915848010625e-74	4.471687068628944e-89	Aque_Aqu2.1.34429-001;Scil_g5447	7.854915848010625e-74	7.771309364607116e-72	Aque_Aqu2.1.44247-001;Scil_g9331	3.554518331741283e-29	1.554259716640806e-29	Aque_Aqu2.1.43837-001;Slac_ENSLPGG00000030026	1.1210704729117143e-102	0.0	Aque_Aqu2.1.33740-001;Slac_ENSLPGG00000011571	1.0543340401031923e-102	1.6908400915540935e-56	Aque_Aqu2.1.34860-001;Slac_ENSLPGG00000010851	1.2852695968093314e-58	5.271009206434796e-96	Aque_Aqu2.1.26225-001;Slac_ENSLPGG00000004270	1.096369540214057e-115	6.626708387399565e-137	Aque_Aqu2.1.33925-001;Slac_ENSLPGG00000001999	4.9886829343618893e-113	1.922156204727335e-93	Aque_Aqu2.1.04943-001;Slac_ENSLPGG00000000928	1.8183168977220488e-34	0.0010654144170452007	Aque_Aqu2.1.41635-001;Slac_ENSLPGG00000019527	1.8860006019834307e-85	5.013059666832366e-114	Aque_Aqu2.1.38560-001;Slac_ENSLPGG00000006923	0.0025123364260394966	0.0018005305476047728	Aque_Aqu2.1.28495-001;Slac_ENSLPGG00000011327	3.050594406121623e-25	0.0016877695055628826	Aque_Aqu2.1.34140-001;Slac_ENSLPGG00000021520	1.662739836406084e-09	1.1192892414117911e-44	Aque_Aqu2.1.43788-001;Slac_ENSLPGG00000015099	1.2849197808890718e-08	5.637710037603953e-09	Aque_Aqu2.1.14719-001;Scil_g11106	4.295539059517091e-47	5.625711319294789e-12	Aque_Aqu2.1.43984-001;Slac_ENSLPGG00000003719	2.526376342099982e-138	2.9232553204569993e-05	Aque_Aqu2.1.34441-001;Scil_g11974	8.94792185533382e-40	4.0962729918117245e-50	Aque_Aqu2.1.38752-001;Slac_ENSLPGG00000013069	1.5804020643111057e-187	1.8352583169197938e-25	Aque_Aqu2.1.43733-001;Slac_ENSLPGG00000019084	4.248328240934453e-206	1.26640156087933e-195	Aque_Aqu2.1.28495-001;Scil_g12942	4.458325986516477e-24	1.585995620714019e-93	Aque_Aqu2.1.41692-001;Scil_g11208	0.0001319903308633703	1.8699938263794724e-20	Aque_Aqu2.1.28489-001;Scil_g2930	1.2639077541595553e-28	3.3176949352516434e-14	Aque_Aqu2.1.33443-001;Scil_g6719	4.986367745258103e-05	1.60094857404039e-42	Aque_Aqu2.1.40413-001;Slac_ENSLPGG00000026137	4.5608643156530816e-45	1.6047255062722863e-30	Aque_Aqu2.1.14505-001;Slac_ENSLPGG00000007322	4.1608280773534837e-17	1.8319456033269103e-86	Aque_Aqu2.1.28223-001;Slac_ENSLPGG00000018987	1.3844036382592803e-13	3.0882825093222114e-93	Aque_Aqu2.1.08677-001;Slac_ENSLPGG00000015888	7.208488648075431e-16	6.368500805089567e-26	Aque_Aqu2.1.31379-001;Slac_ENSLPGG00000021402	3.461111847443033e-18	4.086647031115975e-16	Aque_Aqu2.1.28223-001;Slac_ENSLPGG00000007730	1.3844036382592803e-13	0.0	Aque_Aqu2.1.23247-001;Slac_ENSLPGG00000014386	8.210853499627593e-119	5.849415967300882e-13	Aque_Aqu2.1.29076-001;Scil_g7064	3.633124956792878e-18	1.868540122167865e-153	Aque_Aqu2.1.24982-001;Scil_g13147	3.424663280936137e-07	1.412220224672763e-66	Aque_Aqu2.1.29076-001;Scil_g7064	3.633124956792878e-18	3.3296478760382412e-71	Aque_Aqu2.1.39819-001;Scil_g9880	4.887340314642046e-14	9.123963566962543e-11	Aque_Aqu2.1.40905-001;Slac_ENSLPGG00000009166	3.920453627010159e-23	6.764553656032244e-94	Aque_Aqu2.1.40608-001;Slac_ENSLPGG00000005021	1.1256965272887042e-07	2.512602881253616e-96	Scil_g6523;Slac_ENSLPGG00000017549	1.9208820673220015e-108	0.0	Scil_g2609;Slac_ENSLPGG00000007730	2.496564254222248e-24	3.998399138806171e-213	Scil_g2609;Slac_ENSLPGG00000007730	2.496564254222248e-24	1.7449377494689486e-149	Scil_g2793;Slac_ENSLPGG00000017855	1.1197019573576427e-08	4.330680399671952e-07	Scil_g2024;Slac_ENSLPGG00000012981	3.8482179326324794e-44	0.0015827827178290744	Scil_g2609;Slac_ENSLPGG00000007525	2.496564254222248e-24	3.9611081585269763e-32	Scil_g1027;Slac_ENSLPGG00000021127	2.2596925306718318e-64	0.00037730423206785676	Scil_g12599;Slac_ENSLPGG00000002394	4.173021689879131e-75	1.8622701653685263e-59	Scil_g5543;Slac_ENSLPGG00000026540	1.9291177338406187e-15	5.082599674901194e-269	Scil_g10276;Slac_ENSLPGG00000005266	7.375399365999464e-05	2.983390308508585e-07	Scil_g12646;Slac_ENSLPGG00000025642	1.7819593646450277e-06	0.0019405952380594999
Aque_Aqu2.1.41892-001;Scil_g4335	8.326661223111995e-07	2.8855770379476457e-94	Aque_Aqu2.1.29076-001;Scil_g7064	1.6735204441251737e-27	3.3296478760382412e-71	Aque_Aqu2.1.34247-001;Scil_g9420	5.995179413289e-67	1.4091974360039661e-33	Aque_Aqu2.1.22710-001;Slac_ENSLPGG00000017323	1.3243501395407459e-103	2.6260173313222563e-236	Aque_Aqu2.1.37079-001;Slac_ENSLPGG00000014397	6.987535709667499e-114	1.1242676194211744e-127	Aque_Aqu2.1.33636-001;Slac_ENSLPGG00000022969	1.2164548748428428e-123	6.156071274885126e-165	Aque_Aqu2.1.43964-001;Slac_ENSLPGG00000027192	5.5993745342701726e-92	6.005484139138008e-31	Aque_Aqu2.1.44167-001;Slac_ENSLPGG00000002326	6.614961432548569e-98	8.482436389484453e-119	Aque_Aqu2.1.34241-001;Slac_ENSLPGG00000020856	2.761214722739441e-121	0.006001535658937879	Aque_Aqu2.1.34241-001;Slac_ENSLPGG00000020856	2.761214722739441e-121	6.562813934435781e-68	Aque_Aqu2.1.24004-001;Slac_ENSLPGG00000018774	0.00015476934393270195	0.007970824387419017	Aque_Aqu2.1.40890-001;Slac_ENSLPGG00000029707	0.0037159633453467686	6.961323817075091e-10	Aque_Aqu2.1.40890-001;Slac_ENSLPGG00000029707	0.0037159633453467686	7.121151201751463e-18	Aque_Aqu2.1.35513-001;Slac_ENSLPGG00000014037	8.033421574211273e-25	1.7369126307804394e-11	Aque_Aqu2.1.19199-001;Scil_g8416	1.4936963311969493e-103	3.0005616773400286e-72	Aque_Aqu2.1.19904-001;Slac_ENSLPGG00000028142	1.872445524020759e-55	3.7139133484272695e-30	Aque_Aqu2.1.42687-001;Scil_g12714	6.214032193858466e-257	1.5595193887192883e-11	Aque_Aqu2.1.24504-001;Slac_ENSLPGG00000019760	0.0026964079901808688	3.374568554814508e-30	Aque_Aqu2.1.39162-001;Slac_ENSLPGG00000020866	1.1576352078665665e-55	1.408090205453169e-51	Aque_Aqu2.1.41892-001;Scil_g49	5.2142493076430264e-14	3.553367353846493e-191	Aque_Aqu2.1.21078-001;Scil_g119	5.590581436452151e-38	6.863192564336938e-73	Aque_Aqu2.1.15643-001;Scil_g825	1.378157857410754e-124	7.448139611401511e-06	Aque_Aqu2.1.38599-001;Scil_g7679	6.89707358796606e-05	2.150189781868642e-06	Aque_Aqu2.1.41989-001;Slac_ENSLPGG00000004351	7.953537235757875e-32	4.011396952539068e-120	Aque_Aqu2.1.38554-001;Slac_ENSLPGG00000009625	3.744897044029404e-35	1.2756775077314428e-25	Aque_Aqu2.1.14505-001;Slac_ENSLPGG00000014205	4.1608280773534837e-17	4.521702516592002e-33	Aque_Aqu2.1.40044-001;Slac_ENSLPGG00000010574	2.8322222814374473e-28	7.993687709690774e-20	Aque_Aqu2.1.38390-001;Slac_ENSLPGG00000009625	3.283777108141531e-31	2.519694543274044e-08	Aque_Aqu2.1.24982-001;Slac_ENSLPGG00000009509	6.201017404049446e-34	2.1231829488265258e-26	Aque_Aqu2.1.23245-001;Slac_ENSLPGG00000014386	2.527911622459719e-106	5.849415967300882e-13	Aque_Aqu2.1.15179-001;Scil_g9786	3.197697556694575e-06	2.518797255087445e-156	Aque_Aqu2.1.39672-001;Scil_g1846	4.853247615656722e-15	3.7072688851209574e-77	Aque_Aqu2.1.41302-001;Scil_g10741	1.593114344057822e-11	6.418687116510514e-58	Aque_Aqu2.1.21064-001;Scil_g1475	6.672971995644906e-07	6.422959152961298e-06	Aque_Aqu2.1.28533-001;Slac_ENSLPGG00000015186	0.001954189613458916	1.9400219912856085e-23	Aque_Aqu2.1.31245-001;Slac_ENSLPGG00000030313	0.0028843650854585186	4.801048661156323e-14	Scil_g6488;Slac_ENSLPGG00000018881	8.405752906415988e-42	3.327573532759263e-167	Scil_g5761;Slac_ENSLPGG00000012632	4.2622160550874223e-38	2.268712304238751e-26	Scil_g8192;Slac_ENSLPGG00000018987	2.4409454456120322e-27	2.6386254863590804e-208	Scil_g792;Slac_ENSLPGG00000003499	4.502169748278949e-85	3.268154363819243e-10	Scil_g12781;Slac_ENSLPGG00000012981	3.220845832701209e-54	0.0015827827178290744	Scil_g8135;Slac_ENSLPGG00000014506	1.6919501782107682e-97	0.00023055059568823243	Scil_g5761;Slac_ENSLPGG00000012632	4.2622160550874223e-38	5.189924774511159e-28	Scil_g2323;Slac_ENSLPGG00000028356	1.3888922016851693e-92	0.008073199099584266	Scil_g3655;Slac_ENSLPGG00000014681	2.6982419899185822e-09	4.5576240583169175e-08	Scil_g9919;Slac_ENSLPGG00000001013	0.004295479598859492	0.0010332139069882398	Scil_g6182;Slac_ENSLPGG00000008996	0.00425243105919548	8.155654749464835e-07
Aque_Aqu2.1.37082-001;Scil_g4929	2.1405282321111328e-32	9.60239209900516e-95	Aque_Aqu2.1.25405-001;Scil_g8992	2.7610085691748473e-15	7.941370503540358e-71	Aque_Aqu2.1.29076-001;Scil_g7064	1.6735204441251737e-27	3.4262948941657927e-34	Aque_Aqu2.1.41260-001;Slac_ENSLPGG00000008330	1.638108573287336e-99	9.076562438298935e-170	Aque_Aqu2.1.28816-001;Slac_ENSLPGG00000010719	1.0840523851845123e-95	3.880271787998556e-92	Aque_Aqu2.1.27063-001;Slac_ENSLPGG00000023230	3.201242607069932e-92	2.1930023983566287e-197	Aque_Aqu2.1.29989-001;Slac_ENSLPGG00000002916	1.3626311020990895e-111	4.6702259707366504e-32	Aque_Aqu2.1.28816-001;Slac_ENSLPGG00000010719	1.0556612831787429e-115	5.271986322958044e-50	Aque_Aqu2.1.34476-001;Slac_ENSLPGG00000009693	4.321419943186122e-118	0.00021477168140608108	Aque_Aqu2.1.18813-001;Slac_ENSLPGG00000028380	1.3448663550898067e-72	2.89248915066677e-208	Aque_Aqu2.1.33545-001;Slac_ENSLPGG00000018774	0.0027538459266635462	0.007970824387419017	Aque_Aqu2.1.37137-001;Slac_ENSLPGG00000002171	1.643277675461539e-16	4.811942582704965e-16	Aque_Aqu2.1.41929-001;Slac_ENSLPGG00000029146	0.00020834678141172307	1.5191170790595681e-05	Aque_Aqu2.1.26998-001;Slac_ENSLPGG00000007158	3.197778486344573e-06	4.969353227696443e-20	Aque_Aqu2.1.33558-001;Scil_g7993	7.66292357396136e-06	1.4979922799294725e-229	Aque_Aqu2.1.34861-001;Slac_ENSLPGG00000010067	2.7190211828773683e-12	2.4406389139278163e-21	Aque_Aqu2.1.38752-001;Scil_g5520	1.5804020643111057e-187	3.2822396728584823e-09	Aque_Aqu2.1.38750-001;Slac_ENSLPGG00000013069	4.160461261776937e-93	1.8352583169197938e-25	Aque_Aqu2.1.39162-001;Slac_ENSLPGG00000010570	1.1576352078665665e-55	2.0632134805623925e-53	Aque_Aqu2.1.31586-001;Scil_g12820	1.7372787348993547e-40	4.7226135486708815e-49	Aque_Aqu2.1.40905-001;Scil_g8135	2.293128987599471e-12	1.6919501782107682e-97	Aque_Aqu2.1.41892-001;Scil_g6719	5.2142493076430264e-14	1.7693134985060617e-86	Aque_Aqu2.1.21015-001;Scil_g7598	4.488784099627258e-96	1.9243818916688413e-05	Aque_Aqu2.1.36565-001;Slac_ENSLPGG00000011583	4.250044864508634e-18	2.1096010570290062e-10	Aque_Aqu2.1.44221-001;Slac_ENSLPGG00000018391	5.994069235373014e-92	8.80674281685354e-58	Aque_Aqu2.1.38146-001;Slac_ENSLPGG00000012949	6.387586082111135e-11	1.5193941358637149e-176	Aque_Aqu2.1.33626-001;Slac_ENSLPGG00000026185	3.3026747495490954e-64	0.004154972720071218	Aque_Aqu2.1.39671-001;Slac_ENSLPGG00000012011	5.6277730716785066e-24	4.717312729499803e-15	Aque_Aqu2.1.44221-001;Slac_ENSLPGG00000012949	5.994069235373014e-92	4.158510428091382e-240	Aque_Aqu2.1.38390-001;Slac_ENSLPGG00000009625	3.283777108141531e-31	2.99246567559158e-33	Aque_Aqu2.1.29497-001;Scil_g2541	1.2112662309644303e-77	7.336088079769624e-20	Aque_Aqu2.1.33928-001;Scil_g7064	1.7070164772059762e-09	7.495828822754004e-95	Aque_Aqu2.1.25862-001;Scil_g9420	2.0549201860468497e-37	9.439730549261824e-70	Aque_Aqu2.1.35109-001;Scil_g1634	0.008303375665671872	0.0011406916403357366	Aque_Aqu2.1.36053-001;Slac_ENSLPGG00000019524	1.670169548789497e-10	0.000532370108241916	Aque_Aqu2.1.37439-001;Slac_ENSLPGG00000002427	5.453493506227869e-36	2.288774314929366e-11	Scil_g13459;Slac_ENSLPGG00000014078	1.9096012719656576e-17	1.1718410859204122e-156	Scil_g10147;Slac_ENSLPGG00000006923	4.551182698597302e-95	1.2894945385144873e-12	Scil_g5761;Slac_ENSLPGG00000012632	4.2622160550874223e-38	2.7001608366897018e-17	Scil_g3071;Slac_ENSLPGG00000021503	5.950482999888198e-18	1.4941861561574097e-08	Scil_g5407;Slac_ENSLPGG00000016023	4.849384633143921e-38	3.6569770319029893e-06	Scil_g13026;Slac_ENSLPGG00000029928	4.83779984233148e-48	4.687050897629952e-06	Scil_g792;Slac_ENSLPGG00000003499	4.502169748278949e-85	5.716635146386202e-99	Scil_g13004;Slac_ENSLPGG00000018987	2.5514582754827525e-91	4.5516359055595116e-128	Scil_g6719;Slac_ENSLPGG00000007730	1.7693134985060617e-86	1.5161634843722148e-162	Scil_g1572;Slac_ENSLPGG00000016836	0.0009260391908871069	0.0010563928375539819	Scil_g2168;Slac_ENSLPGG00000017442	4.866606891910804e-10	0.0007134878658663055
Aque_Aqu2.1.41892-001;Scil_g20	8.326661223111995e-07	3.034859832850301e-78	Aque_Aqu2.1.14128-001;Scil_g9420	2.4522134152092073e-15	9.439730549261824e-70	Aque_Aqu2.1.29496-001;Scil_g2541	1.2768054689113486e-36	1.2458272345387522e-06	Aque_Aqu2.1.12657-001;Slac_ENSLPGG00000004375	2.9043498226616313e-98	1.6563954483441163e-231	Aque_Aqu2.1.41943-001;Slac_ENSLPGG00000030160	1.0016906815678531e-30	4.829352076372421e-05	Aque_Aqu2.1.41064-001;Slac_ENSLPGG00000022135	3.157095835580321e-40	1.7520507197809972e-30	Aque_Aqu2.1.43382-001;Slac_ENSLPGG00000004594	1.45329483825909e-104	2.508092913189325e-77	Aque_Aqu2.1.39934-001;Slac_ENSLPGG00000026505	1.5771892143125586e-122	5.303253961031819e-136	Aque_Aqu2.1.37079-001;Slac_ENSLPGG00000014397	1.2666589382809771e-121	0.0002993509685570276	Aque_Aqu2.1.35782-001;Slac_ENSLPGG00000006246	5.664414630647032e-110	3.271877090635943e-87	Aque_Aqu2.1.27258-001;Slac_ENSLPGG00000006993	6.527845708174037e-07	0.004692416435080903	Aque_Aqu2.1.31388-001;Slac_ENSLPGG00000009899	0.009403421798818682	2.1084427922628346e-60	Aque_Aqu2.1.29479-001;Slac_ENSLPGG00000006271	1.027025061779397e-11	6.725810871771657e-11	Aque_Aqu2.1.29479-001;Slac_ENSLPGG00000021520	1.027025061779397e-11	0.008152652185200318	Aque_Aqu2.1.11170-001;Scil_g12131	7.985673239814531e-25	2.2731884289040125e-05	Aque_Aqu2.1.17701-001;Slac_ENSLPGG00000007479	1.7147648641153927e-21	0.00035814504713363167	Aque_Aqu2.1.38750-001;Scil_g5520	4.160461261776937e-93	3.2822396728584823e-09	Aque_Aqu2.1.40987-001;Slac_ENSLPGG00000023350	7.284598192951569e-37	0.0009776894267064676	Aque_Aqu2.1.43733-001;Slac_ENSLPGG00000025765	4.248328240934453e-206	2.8786681826425163e-147	Aque_Aqu2.1.36291-001;Scil_g691	7.062226031678519e-62	4.8022704351922313e-132	Aque_Aqu2.1.25014-001;Scil_g10086	9.391661029388434e-09	3.0338463385256324e-05	Aque_Aqu2.1.38146-001;Scil_g10140	6.387586082111135e-11	6.301139309833466e-34	Aque_Aqu2.1.40413-001;Scil_g7126	4.5608643156530816e-45	8.612786914752486e-09	Aque_Aqu2.1.28940-001;Slac_ENSLPGG00000014078	0.0008919440334010753	1.1718410859204122e-156	Aque_Aqu2.1.31381-001;Slac_ENSLPGG00000021402	4.790282318976761e-30	1.6974236185946167e-34	Aque_Aqu2.1.41012-001;Slac_ENSLPGG00000012949	0.00027018571509218245	1.5193941358637149e-176	Aque_Aqu2.1.43637-001;Slac_ENSLPGG00000029928	8.152574204947499e-32	5.511586306487166e-15	Aque_Aqu2.1.40997-001;Slac_ENSLPGG00000019726	3.831716522362373e-96	1.5518774950969737e-86	Aque_Aqu2.1.29497-001;Slac_ENSLPGG00000014782	6.077919633614359e-57	1.0227457240849187e-58	Aque_Aqu2.1.15643-001;Slac_ENSLPGG00000020706	1.378157857410754e-124	0.00012637943545231424	Aque_Aqu2.1.25862-001;Scil_g9420	2.0549201860468497e-37	1.1318386297750748e-155	Aque_Aqu2.1.38430-001;Scil_g12599	2.785624219748749e-32	4.173021689879131e-75	Aque_Aqu2.1.18813-001;Scil_g2393	2.609938410873934e-08	8.000567264302671e-58	Aque_Aqu2.1.33761-001;Scil_g3180	1.7677837593587218e-35	2.980329520393233e-39	Aque_Aqu2.1.41085-001;Slac_ENSLPGG00000023552	0.0003513925289715841	8.136803868419678e-05	Aque_Aqu2.1.33627-001;Slac_ENSLPGG00000026185	4.7454789617622887e-07	0.0007252828126487708	Scil_g49;Slac_ENSLPGG00000007730	3.553367353846493e-191	1.131600810454147e-278	Scil_g792;Slac_ENSLPGG00000003499	4.502169748278949e-85	6.728375828184202e-59	Scil_g4792;Slac_ENSLPGG00000011839	2.1672041103820224e-120	0.00611186985166198	Scil_g552;Slac_ENSLPGG00000010574	8.948556207135125e-95	4.6180759312685795e-32	Scil_g5970;Slac_ENSLPGG00000019726	0.00876853202494436	1.9316038330672487e-09	Scil_g13127;Slac_ENSLPGG00000012140	1.1909346607224929e-09	1.0581014950202239e-19	Scil_g792;Slac_ENSLPGG00000001761	4.502169748278949e-85	5.86853535204573e-31	Scil_g4223;Slac_ENSLPGG00000018987	1.5956933083580732e-91	4.5516359055595116e-128	Scil_g11357;Slac_ENSLPGG00000001431	0.00012051590821996128	1.381974379108204e-17	Scil_g176;Slac_ENSLPGG00000001013	0.0002427391272647263	0.0010332139069882398	Scil_g6171;Slac_ENSLPGG00000003671	0.0020988008717871824	1.5529769930545319e-09
Aque_Aqu2.1.37816-001;Scil_g4517	5.351220243248752e-65	4.833548353276332e-67	Aque_Aqu2.1.41621-001;Scil_g12515	1.7335877317951547e-90	1.2166743848115378e-69	Aque_Aqu2.1.42554-001;Scil_g7031	1.8699626977627877e-30	7.211734322082738e-36	Aque_Aqu2.1.41064-001;Slac_ENSLPGG00000022135	3.157095835580321e-40	9.957479700073277e-78	Aque_Aqu2.1.36280-001;Slac_ENSLPGG00000026756	3.288773730928107e-103	2.447754107128956e-115	Aque_Aqu2.1.09762-001;Slac_ENSLPGG00000011626	2.728546897831895e-124	1.4383957330466857e-179	Aque_Aqu2.1.16620-001;Slac_ENSLPGG00000005401	5.117152723494208e-38	4.653768747135923e-110	Aque_Aqu2.1.41260-001;Slac_ENSLPGG00000008330	2.904703574652158e-114	1.5063108505288581e-25	Aque_Aqu2.1.43341-001;Slac_ENSLPGG00000007608	1.0437843238720978e-84	0.0001022958050781658	Aque_Aqu2.1.33636-001;Slac_ENSLPGG00000022969	1.0316424122760916e-111	2.261931462507873e-81	Aque_Aqu2.1.42203-001;Slac_ENSLPGG00000021186	3.150184887500491e-07	4.550271614107958e-05	Aque_Aqu2.1.24981-001;Slac_ENSLPGG00000009456	2.561124602315965e-06	2.044657316403011e-71	Aque_Aqu2.1.34848-001;Slac_ENSLPGG00000007243	6.8715691931382365e-31	9.307846232261812e-15	Aque_Aqu2.1.39672-001;Slac_ENSLPGG00000002171	6.3157949007109966e-09	2.5730742542634384e-20	Aque_Aqu2.1.28793-001;Scil_g750	5.82906724423568e-77	0.0030488697490813794	Aque_Aqu2.1.23244-001;Slac_ENSLPGG00000014386	5.2814784068730136e-39	1.1292813631157257e-56	Aque_Aqu2.1.31965-001;Scil_g10128	8.676398325265147e-133	3.7939070721083785e-05	Aque_Aqu2.1.36223-001;Slac_ENSLPGG00000027819	1.4394008307679529e-11	6.475423253128483e-47	Aque_Aqu2.1.23389-001;Slac_ENSLPGG00000009760	1.181117757917774e-23	2.498785445450369e-32	Aque_Aqu2.1.21015-001;Scil_g7598	4.488784099627258e-96	1.49324567379754e-38	Aque_Aqu2.1.43536-001;Scil_g2793	3.1456270560029736e-13	1.1197019573576427e-08	Aque_Aqu2.1.26492-001;Scil_g5399	1.6532666556167817e-07	1.9731790304626847e-08	Aque_Aqu2.1.38554-001;Scil_g12335	3.744897044029404e-35	0.007493583359543352	Aque_Aqu2.1.35204-001;Slac_ENSLPGG00000015673	3.1516145313605166e-17	2.7424276754677205e-11	Aque_Aqu2.1.33443-001;Slac_ENSLPGG00000018987	4.986367745258103e-05	3.791882775025262e-229	Aque_Aqu2.1.14505-001;Slac_ENSLPGG00000007322	4.1608280773534837e-17	1.3800881795140993e-25	Aque_Aqu2.1.28495-001;Slac_ENSLPGG00000009453	4.458325986516477e-24	2.3985592499326432e-20	Aque_Aqu2.1.21015-001;Slac_ENSLPGG00000026540	4.488784099627258e-96	4.133596469210028e-34	Aque_Aqu2.1.28223-001;Slac_ENSLPGG00000018987	1.3844036382592803e-13	4.5516359055595116e-128	Aque_Aqu2.1.44221-001;Slac_ENSLPGG00000018391	5.994069235373014e-92	1.2564638542575937e-72	Aque_Aqu2.1.28223-001;Scil_g13004	0.0001247782164728605	1.2012413441445896e-159	Aque_Aqu2.1.34247-001;Scil_g9420	1.71031195062505e-34	2.61542842285498e-86	Aque_Aqu2.1.15179-001;Scil_g9786	3.197697556694575e-06	7.761919273215384e-72	Aque_Aqu2.1.32600-001;Scil_g7070	9.637304403364936e-05	2.5530021738964385e-09	Aque_Aqu2.1.21550-001;Slac_ENSLPGG00000005021	0.0003177388868589658	2.512602881253616e-96	Aque_Aqu2.1.39820-001;Slac_ENSLPGG00000006723	2.202522684060231e-06	1.0097123505710865e-270	Scil_g6264;Slac_ENSLPGG00000003728	1.4741925395631006e-08	2.4199863712403416e-262	Scil_g2609;Slac_ENSLPGG00000007525	2.496564254222248e-24	3.5619051390972777e-23	Scil_g1027;Slac_ENSLPGG00000021127	2.2596925306718318e-64	0.009342612883849542	Scil_g8299;Slac_ENSLPGG00000019726	3.997779389256044e-103	1.5518774950969737e-86	Scil_g8192;Slac_ENSLPGG00000007730	2.4409454456120322e-27	1.6005189891447079e-06	Scil_g5761;Slac_ENSLPGG00000012632	4.2622160550874223e-38	0.0002645684609880674	Scil_g2609;Slac_ENSLPGG00000007525	2.496564254222248e-24	2.4280532106859597e-36	Scil_g7709;Slac_ENSLPGG00000014949	1.1009467812728016e-20	1.6205240859255104e-51	Scil_g11357;Slac_ENSLPGG00000013450	0.00012051590821996128	1.1590821410010482e-08	Scil_g6182;Slac_ENSLPGG00000021186	0.00425243105919548	1.0932599746270406e-05			
Aque_Aqu2.1.29077-001;Scil_g7064	3.031435493306638e-15	7.495828822754004e-95	Aque_Aqu2.1.41892-001;Scil_g13004	8.326661223111995e-07	1.4319668162711407e-72	Aque_Aqu2.1.38191-001;Scil_g9230	5.740348681209968e-44	3.5595926977201445e-33	Aque_Aqu2.1.18692-001;Slac_ENSLPGG00000021862	1.8143969612667923e-88	0.0	Aque_Aqu2.1.15787-001;Slac_ENSLPGG00000026812	7.592400004336438e-49	1.7254620203569683e-109	Aque_Aqu2.1.37774-001;Slac_ENSLPGG00000007363	7.700554024937936e-21	2.824389442390339e-51	Aque_Aqu2.1.18087-001;Slac_ENSLPGG00000024429	1.6382224011880443e-130	2.803712679242526e-25	Aque_Aqu2.1.34449-001;Slac_ENSLPGG00000011929	5.6592111326517584e-86	2.4027705918975987e-47	Aque_Aqu2.1.28647-001;Slac_ENSLPGG00000010538	3.1058330152536367e-108	0.003036663749098008	Aque_Aqu2.1.41034-001;Slac_ENSLPGG00000016457	1.4237478019981393e-104	2.7937217810851597e-62	Aque_Aqu2.1.40044-001;Slac_ENSLPGG00000010574	0.0040871664303165365	1.2198885770587198e-09	Aque_Aqu2.1.28942-001;Slac_ENSLPGG00000014432	1.2138942124859158e-06	2.763045349494756e-39	Aque_Aqu2.1.29479-001;Slac_ENSLPGG00000001139	1.027025061779397e-11	1.364164359996385e-34	Aque_Aqu2.1.28492-001;Slac_ENSLPGG00000009453	4.609852878565774e-24	7.139115142722667e-47	Aque_Aqu2.1.38788-001;Scil_g6584	1.5275319100073675e-192	0.0020938094375824523	Aque_Aqu2.1.37895-001;Slac_ENSLPGG00000021272	1.8087908043811806e-10	2.037304605834763e-05	Aque_Aqu2.1.35499-001;Scil_g5104	1.2692762160706003e-88	1.0482033334351304e-18	Aque_Aqu2.1.23244-001;Slac_ENSLPGG00000017421	1.0885934844745446e-29	1.497288984054605e-08	Aque_Aqu2.1.19922-001;Slac_ENSLPGG00000025488	1.1973175788444056e-06	2.787079609083102e-204	Aque_Aqu2.1.08677-001;Scil_g13539	7.208488648075431e-16	1.1694918522643926e-103	Aque_Aqu2.1.08677-001;Scil_g130	7.208488648075431e-16	3.602006050929476e-46	Aque_Aqu2.1.32503-001;Scil_g4881	8.836422303727378e-40	1.843464637993519e-10	Aque_Aqu2.1.31586-001;Scil_g5477	1.7372787348993547e-40	0.0011470396479952396	Aque_Aqu2.1.23247-001;Slac_ENSLPGG00000014386	8.210853499627593e-119	4.868199972294929e-38	Aque_Aqu2.1.38554-001;Slac_ENSLPGG00000005134	3.744897044029404e-35	3.881947193937805e-19	Aque_Aqu2.1.21174-001;Slac_ENSLPGG00000012140	0.00021564884897657527	3.083781473194777e-35	Aque_Aqu2.1.14505-001;Slac_ENSLPGG00000014205	4.1608280773534837e-17	1.7093352219014287e-21	Aque_Aqu2.1.31381-001;Slac_ENSLPGG00000021402	4.790282318976761e-30	4.086647031115975e-16	Aque_Aqu2.1.38390-001;Slac_ENSLPGG00000009625	3.283777108141531e-31	9.452983638178345e-18	Aque_Aqu2.1.38554-001;Slac_ENSLPGG00000009625	3.744897044029404e-35	2.99246567559158e-33	Aque_Aqu2.1.28223-001;Scil_g4223	0.0001247782164728605	9.873544239186389e-160	Aque_Aqu2.1.29382-001;Scil_g1622	3.2854407279747734e-26	1.6462482856037657e-14	Aque_Aqu2.1.34344-001;Scil_g7064	2.149882173753952e-14	3.3296478760382412e-71	Aque_Aqu2.1.37434-001;Scil_g7847	0.0038741541790312532	0.004892560510004324	Aque_Aqu2.1.25768-001;Slac_ENSLPGG00000012981	2.222481593243513e-07	1.9635955399465848e-264	Aque_Aqu2.1.20539-001;Slac_ENSLPGG00000010310	0.0026536525850424835	2.3954450010440036e-45	Scil_g49;Slac_ENSLPGG00000018987	3.553367353846493e-191	1.3501043026864786e-122	Scil_g9850;Slac_ENSLPGG00000009453	2.9609292285413797e-44	6.590504302001542e-85	Scil_g792;Slac_ENSLPGG00000001761	4.502169748278949e-85	4.00309843862439e-15	Scil_g1350;Slac_ENSLPGG00000015655	1.7852689279252667e-48	3.8185501242099067e-13	Scil_g428;Slac_ENSLPGG00000008220	1.1757209573410568e-27	1.0297886877269736e-07	Scil_g13078;Slac_ENSLPGG00000014782	7.912716267496188e-05	1.0227457240849187e-58	Scil_g10140;Slac_ENSLPGG00000018774	5.963012473984281e-36	2.4166258980482844e-09	Scil_g130;Slac_ENSLPGG00000015888	1.4146731984658691e-66	3.8687716420603493e-174	Scil_g6719;Slac_ENSLPGG00000007525	1.7693134985060617e-86	3.993170464153228e-16						
Aque_Aqu2.1.38435-001;Scil_g2191	3.2496804617101288e-21	1.2017223918186125e-22	Aque_Aqu2.1.25862-001;Scil_g9420	1.4164840831138878e-69	9.439730549261824e-70	Aque_Aqu2.1.41621-001;Scil_g12515	1.7335877317951547e-90	6.643336805702089e-34	Aque_Aqu2.1.40808-001;Slac_ENSLPGG00000011745	9.744230663720027e-132	2.1259401974773072e-07	Aque_Aqu2.1.40908-001;Slac_ENSLPGG00000015371	4.597924904219899e-109	7.423663261374533e-85	Aque_Aqu2.1.33574-001;Slac_ENSLPGG00000021720	1.1841602777534483e-14	8.079246503787768e-29	Aque_Aqu2.1.41071-001;Slac_ENSLPGG00000024858	8.593908126020323e-67	1.4206783704643194e-38	Aque_Aqu2.1.29050-001;Slac_ENSLPGG00000007086	2.39111737457902e-116	3.2866189934017507e-62	Aque_Aqu2.1.22254-001;Slac_ENSLPGG00000009254	4.495098574013278e-89	0.0005154004364841028	Aque_Aqu2.1.28647-001;Slac_ENSLPGG00000010538	3.1058330152536367e-108	3.2439041792665873e-119	Aque_Aqu2.1.42065-001;Slac_ENSLPGG00000022563	0.00041891210912570014	0.0013134316291091932	Aque_Aqu2.1.22812-001;Slac_ENSLPGG00000020504	1.4294337113458468e-05	5.048442826344658e-07	Aque_Aqu2.1.43788-001;Slac_ENSLPGG00000023276	1.2849197808890718e-08	1.4295563297452558e-07	Aque_Aqu2.1.31388-001;Slac_ENSLPGG00000009899	0.009403421798818682	1.1160580558002628e-12	Aque_Aqu2.1.37791-001;Scil_g2050	1.6485373751166976e-100	0.00028651022064054156	Aque_Aqu2.1.31581-001;Slac_ENSLPGG00000007495	3.0135947487236637e-27	0.006460960068050315	Aque_Aqu2.1.42687-001;Scil_g6294	6.214032193858466e-257	2.7765686066162216e-06	Aque_Aqu2.1.35781-001;Slac_ENSLPGG00000007429	2.9643336706072914e-07	4.418161961231622e-53	Aque_Aqu2.1.39162-001;Slac_ENSLPGG00000022959	1.1576352078665665e-55	1.783385765627898e-41	Aque_Aqu2.1.17340-001;Scil_g13430	2.534616707284264e-07	5.4415909022841374e-14	Aque_Aqu2.1.28223-001;Scil_g2609	1.3844036382592803e-13	2.496564254222248e-24	Aque_Aqu2.1.41438-001;Scil_g11476	1.3946157227008942e-10	1.5912869916857179e-16	Aque_Aqu2.1.38390-001;Scil_g12335	3.283777108141531e-31	0.007493583359543352	Aque_Aqu2.1.23245-001;Slac_ENSLPGG00000014386	2.527911622459719e-106	4.868199972294929e-38	Aque_Aqu2.1.28489-001;Slac_ENSLPGG00000008750	1.2639077541595553e-28	8.530991638627806e-36	Aque_Aqu2.1.37082-001;Slac_ENSLPGG00000014205	1.421056760183191e-45	4.521702516592002e-33	Aque_Aqu2.1.43989-001;Slac_ENSLPGG00000002394	4.110904363096128e-06	3.132385281564667e-40	Aque_Aqu2.1.40044-001;Slac_ENSLPGG00000010574	2.8322222814374473e-28	4.6180759312685795e-32	Aque_Aqu2.1.43555-001;Slac_ENSLPGG00000007730	9.172629855478385e-23	0.0	Aque_Aqu2.1.29497-001;Slac_ENSLPGG00000014782	6.077919633614359e-57	5.526486443458363e-95	Aque_Aqu2.1.42554-001;Scil_g7031	3.840681526736188e-28	4.194366854523239e-155	Aque_Aqu2.1.37082-001;Scil_g4929	4.576776467650785e-15	9.60239209900516e-95	Aque_Aqu2.1.24982-001;Scil_g13147	3.424663280936137e-07	1.8194692623411704e-45	Aque_Aqu2.1.38447-001;Scil_g562	2.961210012609584e-09	0.0001826393915450304	Aque_Aqu2.1.41422-001;Slac_ENSLPGG00000007738	0.0007746211047385497	9.041819045951286e-06	Aque_Aqu2.1.18351-001;Slac_ENSLPGG00000019104	1.6594169365407653e-06	2.741839065414575e-07	Scil_g6719;Slac_ENSLPGG00000007730	3.0362871899514263e-161	1.131600810454147e-278	Scil_g2024;Slac_ENSLPGG00000023276	3.8482179326324794e-44	2.5606162884543817e-13	Scil_g13078;Slac_ENSLPGG00000014506	7.912716267496188e-05	1.1472672825183391e-41	Scil_g12721;Slac_ENSLPGG00000026540	1.7835176393336055e-43	4.133596469210028e-34	Scil_g10843;Slac_ENSLPGG00000008220	2.191339130993605e-06	1.0297886877269736e-07	Scil_g7728;Slac_ENSLPGG00000007104	3.3310640983283895e-09	3.7590052565217057e-62	Scil_g13026;Slac_ENSLPGG00000029928	4.83779984233148e-48	5.964734464321405e-23	Scil_g1710;Slac_ENSLPGG00000011888	1.4260236395027158e-79	0.00029663682686089385	Scil_g2018;Slac_ENSLPGG00000002251	2.733722159106803e-29	1.0703518826219367e-12						
Aque_Aqu2.1.31586-001;Scil_g2493	6.035842798121547e-07	1.562110105586015e-93	Aque_Aqu2.1.29077-001;Scil_g7064	3.031435493306638e-15	3.3296478760382412e-71	Aque_Aqu2.1.34429-001;Scil_g5447	7.854915848010625e-74	2.6307706150736326e-34	Aque_Aqu2.1.43341-001;Slac_ENSLPGG00000007608	5.594181239016693e-111	0.0	Aque_Aqu2.1.43837-001;Slac_ENSLPGG00000030026	1.1210704729117143e-102	1.6907957861544858e-110	Aque_Aqu2.1.12657-001;Slac_ENSLPGG00000004375	2.9043498226616313e-98	6.635377060633703e-125	Aque_Aqu2.1.16620-001;Slac_ENSLPGG00000008927	5.117152723494208e-38	4.196537548175195e-39	Aque_Aqu2.1.43382-001;Slac_ENSLPGG00000004594	1.45329483825909e-104	7.725253538575313e-66	Aque_Aqu2.1.33740-001;Slac_ENSLPGG00000014397	3.050336161000028e-63	0.0002993509685570276	Aque_Aqu2.1.09762-001;Slac_ENSLPGG00000011626	1.0715619696689452e-80	2.868640041180972e-124	Aque_Aqu2.1.41302-001;Slac_ENSLPGG00000010615	0.005845948609636158	3.647667551224453e-09	Aque_Aqu2.1.41049-001;Slac_ENSLPGG00000008987	1.7843460525969402e-71	6.53881726537894e-05	Aque_Aqu2.1.17816-001;Slac_ENSLPGG00000021520	0.009367143325851741	1.1192892414117911e-44	Aque_Aqu2.1.23245-001;Slac_ENSLPGG00000013844	6.412219767578961e-13	8.041911962726058e-49	Aque_Aqu2.1.42686-001;Scil_g12714	1.0831814991309953e-189	1.5595193887192883e-11	Aque_Aqu2.1.24504-001;Slac_ENSLPGG00000019760	0.0013419147762785014	3.374568554814508e-30	Aque_Aqu2.1.42686-001;Scil_g12714	1.8986749547921507e-211	1.5595193887192883e-11	Aque_Aqu2.1.33612-001;Slac_ENSLPGG00000021272	2.364364427309774e-10	2.037304605834763e-05	Aque_Aqu2.1.43733-001;Slac_ENSLPGG00000017177	4.248328240934453e-206	5.93110898396368e-142	Aque_Aqu2.1.28497-001;Scil_g12942	6.265744639493593e-06	1.585995620714019e-93	Aque_Aqu2.1.08677-001;Scil_g13539	7.208488648075431e-16	1.1454364321341173e-47	Aque_Aqu2.1.34863-001;Scil_g10140	7.856949568546215e-16	6.301139309833466e-34	Aque_Aqu2.1.23239-001;Scil_g12335	7.943361772072874e-20	0.007493583359543352	Aque_Aqu2.1.29098-001;Slac_ENSLPGG00000026079	0.0022163606697167436	9.031003272821954e-99	Aque_Aqu2.1.38390-001;Slac_ENSLPGG00000009625	3.283777108141531e-31	1.2756775077314428e-25	Aque_Aqu2.1.31381-001;Slac_ENSLPGG00000021402	4.790282318976761e-30	3.2871999979884383e-05	Aque_Aqu2.1.23692-001;Slac_ENSLPGG00000000921	1.2841772084763492e-19	8.554351911362749e-10	Aque_Aqu2.1.33626-001;Slac_ENSLPGG00000026185	3.3026747495490954e-64	3.277776417637774e-05	Aque_Aqu2.1.38554-001;Slac_ENSLPGG00000009625	3.744897044029404e-35	9.452983638178345e-18	Aque_Aqu2.1.43252-001;Slac_ENSLPGG00000022080	1.118841022757129e-86	1.3764679304517367e-18	Aque_Aqu2.1.39740-001;Scil_g2822	2.860462552437996e-15	3.047913131118781e-47	Aque_Aqu2.1.29077-001;Scil_g7064	0.004321048201029846	7.495828822754004e-95	Aque_Aqu2.1.42554-001;Scil_g7031	3.840681526736188e-28	3.3073374555540937e-72	Aque_Aqu2.1.37635-001;Scil_g9211	5.1667889193783503e-05	0.0009830428992045762	Aque_Aqu2.1.38796-001;Slac_ENSLPGG00000012082	0.0059344289841183505	5.6697860616992456e-14	Aque_Aqu2.1.40027-001;Slac_ENSLPGG00000027431	4.4481057176109506e-17	2.539440962973419e-07	Scil_g5849;Slac_ENSLPGG00000005661	0.00013226546539073046	1.2482535014366128e-22	Scil_g12781;Slac_ENSLPGG00000023276	3.220845832701209e-54	2.5606162884543817e-13	Scil_g11222;Slac_ENSLPGG00000021520	5.013830628113789e-07	1.1192892414117911e-44	Scil_g2609;Slac_ENSLPGG00000011839	2.496564254222248e-24	0.009479926360797563				Scil_g8192;Slac_ENSLPGG00000018987	2.4409454456120322e-27	4.5516359055595116e-128	Scil_g2609;Slac_ENSLPGG00000011839	2.496564254222248e-24	2.3607637339619418e-11	Scil_g2609;Slac_ENSLPGG00000018987	1.5111048112200333e-68	4.5516359055595116e-128	Scil_g6719;Slac_ENSLPGG00000011839	1.7693134985060617e-86	6.039500918035304e-05						
Aque_Aqu2.1.41892-001;Scil_g13004	8.326661223111995e-07	2.5514582754827525e-91	Aque_Aqu2.1.41892-001;Scil_g4223	8.326661223111995e-07	1.8920182027213295e-72	Aque_Aqu2.1.43324-001;Scil_g1731	1.2736071685647366e-11	3.0987903860952702e-15	Aque_Aqu2.1.37079-001;Slac_ENSLPGG00000011571	6.987535709667499e-114	1.152196916578078e-230	Aque_Aqu2.1.38191-001;Slac_ENSLPGG00000001288	5.740348681209968e-44	8.590086039879821e-17	Aque_Aqu2.1.41635-001;Slac_ENSLPGG00000019527	1.35534995308407e-94	1.3092089829278838e-171	Aque_Aqu2.1.44167-001;Slac_ENSLPGG00000002326	6.614961432548569e-98	6.020533032838831e-76	Aque_Aqu2.1.34241-001;Slac_ENSLPGG00000020856	2.761214722739441e-121	2.805224079365322e-29	Aque_Aqu2.1.25405-001;Slac_ENSLPGG00000020148	1.4898002779454198e-09	0.009842631901897587	Aque_Aqu2.1.40739-001;Slac_ENSLPGG00000007249	3.550023227598492e-108	1.5281070454337874e-84	Aque_Aqu2.1.41520-001;Slac_ENSLPGG00000018774	2.1890053557825215e-07	0.007970824387419017	Aque_Aqu2.1.37137-001;Slac_ENSLPGG00000016891	1.643277675461539e-16	2.9258653159556866e-05	Aque_Aqu2.1.39971-001;Slac_ENSLPGG00000028409	1.5619990284916786e-14	0.003563549882243991	Aque_Aqu2.1.35513-001;Slac_ENSLPGG00000013069	8.033421574211273e-25	1.1207523709477493e-09	Aque_Aqu2.1.37297-001;Scil_g11238	1.461101636464387e-07	1.5303060410408876e-110	Aque_Aqu2.1.35781-001;Slac_ENSLPGG00000007429	5.1906912218938814e-08	4.418161961231622e-53	Aque_Aqu2.1.36142-001;Scil_g11238	4.0505981920120795e-12	1.5303060410408876e-110	Aque_Aqu2.1.19904-001;Slac_ENSLPGG00000028142	1.9374426998455252e-46	3.7139133484272695e-30	Aque_Aqu2.1.19922-001;Slac_ENSLPGG00000019084	1.1973175788444056e-06	1.26640156087933e-195	Aque_Aqu2.1.08677-001;Scil_g130	7.208488648075431e-16	4.569395335591736e-93	Aque_Aqu2.1.40044-001;Scil_g552	2.8322222814374473e-28	8.948556207135125e-95	Aque_Aqu2.1.32997-001;Scil_g7052	0.0014512453190468815	8.35679866756388e-12	Aque_Aqu2.1.41692-001;Scil_g11204	0.0001319903308633703	0.0008862786980164888	Aque_Aqu2.1.24531-001;Slac_ENSLPGG00000008546	9.274785087847298e-45	3.532240154203323e-05	Aque_Aqu2.1.38390-001;Slac_ENSLPGG00000005134	3.283777108141531e-31	3.881947193937805e-19	Aque_Aqu2.1.40997-001;Slac_ENSLPGG00000019726	3.831716522362373e-96	6.70745421041514e-63	Aque_Aqu2.1.41012-001;Slac_ENSLPGG00000012949	0.00027018571509218245	1.0083071826795984e-138	Aque_Aqu2.1.38554-001;Slac_ENSLPGG00000009625	3.744897044029404e-35	2.519694543274044e-08	Aque_Aqu2.1.41892-001;Slac_ENSLPGG00000007730	5.2142493076430264e-14	0.0	Aque_Aqu2.1.44221-001;Slac_ENSLPGG00000012949	5.994069235373014e-92	0.0	Aque_Aqu2.1.34344-001;Scil_g7064	2.149882173753952e-14	1.868540122167865e-153	Aque_Aqu2.1.18813-001;Scil_g2393	2.609938410873934e-08	1.3930455674783426e-93	Aque_Aqu2.1.29382-001;Scil_g1622	3.2854407279747734e-26	2.8657403092356865e-08	Aque_Aqu2.1.38796-001;Scil_g9288	0.0059344289841183505	4.552906355960331e-05	Aque_Aqu2.1.41036-001;Slac_ENSLPGG00000009033	2.3789109976164377e-05	5.114636344699137e-166	Aque_Aqu2.1.40905-001;Slac_ENSLPGG00000014308	1.5343978603673963e-12	0.0	Scil_g6128;Slac_ENSLPGG00000007585	1.7142176999012228e-09	0.00011583117038050548	Scil_g13078;Slac_ENSLPGG00000014506	7.912716267496188e-05	1.5255096301183682e-54	Scil_g12721;Slac_ENSLPGG00000026540	1.7835176393336055e-43	5.069631242304295e-82	Scil_g6432;Slac_ENSLPGG00000001593	1.6907770673504376e-61	1.669812357921202e-16				Scil_g8192;Slac_ENSLPGG00000007730	2.4409454456120322e-27	0.0	Scil_g13078;Slac_ENSLPGG00000014782	7.912716267496188e-05	5.526486443458363e-95	Scil_g13539;Slac_ENSLPGG00000015888	3.8710966832846466e-62	3.8687716420603493e-174	Scil_g9010;Slac_ENSLPGG00000009116	1.2264590765501197e-29	0.0002502781468967871						
Aque_Aqu2.1.41892-001;Scil_g4223	8.326661223111995e-07	1.5956933083580732e-91	Aque_Aqu2.1.41892-001;Scil_g4335	8.326661223111995e-07	3.007251507353725e-67	Aque_Aqu2.1.41302-001;Scil_g863	3.049277438668542e-10	1.7990152269895066e-35	Aque_Aqu2.1.04943-001;Slac_ENSLPGG00000000928	1.7992188705826774e-46	3.2634904038385812e-285	Aque_Aqu2.1.31194-001;Slac_ENSLPGG00000008469	9.479286352586293e-109	1.466035622163472e-144	Aque_Aqu2.1.34241-001;Slac_ENSLPGG00000020856	7.816229863606503e-118	3.5850655606520314e-110	Aque_Aqu2.1.43558-001;Slac_ENSLPGG00000005083	3.8910122545336895e-25	3.3662088198379713e-09	Aque_Aqu2.1.42490-001;Slac_ENSLPGG00000011256	1.94471897413777e-79	4.8200276637715665e-86	Aque_Aqu2.1.41621-001;Slac_ENSLPGG00000018880	4.619452252412821e-84	0.0030876028807052215	Aque_Aqu2.1.37079-001;Slac_ENSLPGG00000011571	1.2666589382809771e-121	5.292423302095355e-37	Aque_Aqu2.1.36779-001;Slac_ENSLPGG00000020178	0.0009266633592362874	0.008497928600987774	Aque_Aqu2.1.26998-001;Slac_ENSLPGG00000001139	3.197778486344573e-06	1.4494333720685917e-24	Aque_Aqu2.1.29479-001;Slac_ENSLPGG00000007158	1.027025061779397e-11	2.0838815629998246e-20	Aque_Aqu2.1.29479-001;Slac_ENSLPGG00000019065	1.027025061779397e-11	0.004592237966067324	Aque_Aqu2.1.34441-001;Scil_g11974	7.219142937079096e-31	4.0962729918117245e-50	Aque_Aqu2.1.41583-001;Slac_ENSLPGG00000022488	2.627667865706224e-26	8.88770356445492e-10	Aque_Aqu2.1.36394-001;Scil_g6856	2.851071199291618e-53	1.1403746684871432e-12	Aque_Aqu2.1.37895-001;Slac_ENSLPGG00000021272	1.3041098546376117e-11	2.037304605834763e-05	Aque_Aqu2.1.23389-001;Slac_ENSLPGG00000014944	1.181117757917774e-23	2.3284328140917547e-18	Aque_Aqu2.1.39626-001;Scil_g7130	3.934806432082639e-12	1.1016928371962666e-49	Aque_Aqu2.1.33443-001;Scil_g4792	4.986367745258103e-05	2.1672041103820224e-120	Aque_Aqu2.1.14002-001;Scil_g10143	0.009317328685041957	6.006612428003235e-05	Aque_Aqu2.1.28294-001;Scil_g7865	1.3804396387632021e-27	3.664664448254886e-08	Aque_Aqu2.1.14505-001;Slac_ENSLPGG00000028392	4.1608280773534837e-17	2.5589657231536292e-05	Aque_Aqu2.1.44221-001;Slac_ENSLPGG00000012949	5.994069235373014e-92	9.33088039317304e-176	Aque_Aqu2.1.28495-001;Slac_ENSLPGG00000008750	4.458325986516477e-24	1.1333697489390906e-08	Aque_Aqu2.1.14505-001;Slac_ENSLPGG00000007322	4.1608280773534837e-17	1.9430152944582622e-16	Aque_Aqu2.1.28489-001;Slac_ENSLPGG00000009453	1.2639077541595553e-28	7.139115142722667e-47	Aque_Aqu2.1.43995-001;Slac_ENSLPGG00000002394	1.2817282397478916e-13	1.8622701653685263e-59	Aque_Aqu2.1.24982-001;Slac_ENSLPGG00000009509	6.201017404049446e-34	1.8531032221044874e-23	Aque_Aqu2.1.41049-001;Scil_g130	3.1349616642062083e-119	2.0188401445695373e-82	Aque_Aqu2.1.41049-001;Scil_g130	3.1349616642062083e-119	1.4146731984658691e-66	Aque_Aqu2.1.42605-001;Scil_g6036	5.904277517281949e-05	1.0858865140163846e-41	Aque_Aqu2.1.43639-001;Scil_g1012	0.00028629557758849385	8.589179127387453e-05	Aque_Aqu2.1.28952-001;Slac_ENSLPGG00000024614	7.078416680710013e-05	4.742230715718918e-05	Aque_Aqu2.1.40905-001;Slac_ENSLPGG00000009166	1.5343978603673963e-12	6.764553656032244e-94	Scil_g6719;Slac_ENSLPGG00000018987	3.0362871899514263e-161	1.3501043026864786e-122	Scil_g13026;Slac_ENSLPGG00000029928	4.83779984233148e-48	6.445548881118811e-26	Scil_g9850;Slac_ENSLPGG00000009453	2.9609292285413797e-44	1.4756910295882177e-48	Scil_g2024;Slac_ENSLPGG00000023276	3.8482179326324794e-44	0.0023187143386704493				Scil_g2609;Slac_ENSLPGG00000011839	2.496564254222248e-24	6.871823708419816e-06	Scil_g9850;Slac_ENSLPGG00000009453	2.9609292285413797e-44	2.999904205182712e-54	Scil_g10147;Slac_ENSLPGG00000006923	8.846609894836744e-88	3.307803204970514e-13	Scil_g9850;Slac_ENSLPGG00000023963	7.256824191226701e-09	1.9303084155892143e-88						
Aque_Aqu2.1.34343-001;Scil_g7064	1.748816289030163e-11	7.495828822754004e-95	Aque_Aqu2.1.28570-001;Scil_g1710	6.837768357397875e-22	3.602405986873582e-60	Aque_Aqu2.1.41892-001;Scil_g20	8.326661223111995e-07	5.2266324876012925e-31	Aque_Aqu2.1.18867-001;Slac_ENSLPGG00000006262	2.2639624801972363e-67	4.185853560928421e-264	Aque_Aqu2.1.27559-001;Slac_ENSLPGG00000010731	3.744327577318277e-75	1.8304598264798183e-93	Aque_Aqu2.1.41034-001;Slac_ENSLPGG00000016457	4.797725684898183e-118	1.6521162740116638e-108	Aque_Aqu2.1.35077-001;Slac_ENSLPGG00000017593	1.7045642842567605e-116	3.446563631750472e-71	Aque_Aqu2.1.18692-001;Slac_ENSLPGG00000021862	1.7270552829087441e-116	1.0530589782561112e-39	Aque_Aqu2.1.33543-001;Slac_ENSLPGG00000028631	3.338337069377686e-35	0.0001473814975436813	Aque_Aqu2.1.41195-001;Slac_ENSLPGG00000011674	1.2364613934837511e-115	1.9302789358228942e-26	Aque_Aqu2.1.34140-001;Slac_ENSLPGG00000007158	4.6774205649318494e-05	1.9476252809664506e-06	Aque_Aqu2.1.29479-001;Slac_ENSLPGG00000019065	1.027025061779397e-11	3.1496785989591547e-07	Aque_Aqu2.1.21047-001;Slac_ENSLPGG00000021744	2.0042391223224744e-08	4.4506224902488675e-12	Aque_Aqu2.1.39702-001;Slac_ENSLPGG00000014910	3.839636538726795e-05	2.0951287057256017e-05	Aque_Aqu2.1.37150-001;Scil_g2050	7.36739128811137e-114	0.00028651022064054156	Aque_Aqu2.1.43434-001;Slac_ENSLPGG00000007104	5.944697149665458e-46	1.3634635998864733e-111	Aque_Aqu2.1.42031-001;Scil_g11632	1.4112285612521125e-30	7.572150145002301e-05	Aque_Aqu2.1.39731-001;Slac_ENSLPGG00000009412	6.386168967415702e-17	9.536674912769787e-17	Aque_Aqu2.1.19922-001;Slac_ENSLPGG00000017177	1.1973175788444056e-06	5.93110898396368e-142	Aque_Aqu2.1.32110-001;Scil_g6523	3.5145414330315455e-44	1.9208820673220015e-108	Aque_Aqu2.1.43536-001;Scil_g3071	3.1456270560029736e-13	5.950482999888198e-18	Aque_Aqu2.1.28940-001;Scil_g13459	0.0008919440334010753	1.5080458043278715e-08	Aque_Aqu2.1.08677-001;Scil_g13539	7.208488648075431e-16	1.120479600624893e-06	Aque_Aqu2.1.40997-001;Slac_ENSLPGG00000019726	3.831716522362373e-96	0.0	Aque_Aqu2.1.38146-001;Slac_ENSLPGG00000018391	6.387586082111135e-11	8.80674281685354e-58	Aque_Aqu2.1.35074-001;Slac_ENSLPGG00000018326	0.0006134988572632546	1.9484642569970714e-21	Aque_Aqu2.1.21015-001;Slac_ENSLPGG00000026540	4.488784099627258e-96	2.4090504664578833e-10	Aque_Aqu2.1.43637-001;Slac_ENSLPGG00000029928	8.152574204947499e-32	2.1173701999032286e-16	Aque_Aqu2.1.21015-001;Slac_ENSLPGG00000026540	4.488784099627258e-96	1.061749963372983e-30	Aque_Aqu2.1.23239-001;Slac_ENSLPGG00000009625	7.943361772072874e-20	2.99246567559158e-33	Aque_Aqu2.1.28647-001;Scil_g9745	3.257848752489315e-06	2.9903576246108086e-158	Aque_Aqu2.1.28223-001;Scil_g4335	0.0001247782164728605	2.8855770379476457e-94	Aque_Aqu2.1.28647-001;Scil_g9745	3.257848752489315e-06	7.036545193911838e-73	Aque_Aqu2.1.40333-001;Scil_g13189	4.2780196620254543e-10	0.000657059696045219	Aque_Aqu2.1.38447-001;Slac_ENSLPGG00000014858	2.961210012609584e-09	3.276112184488392e-06	Aque_Aqu2.1.42125-001;Slac_ENSLPGG00000018604	1.2548349976297225e-21	0.00016056106678023104	Scil_g6588;Slac_ENSLPGG00000004351	1.5951578667449876e-59	4.011396952539068e-120	Scil_g10086;Slac_ENSLPGG00000020504	3.0338463385256324e-05	5.048442826344658e-07	Scil_g2024;Slac_ENSLPGG00000023276	3.8482179326324794e-44	1.4295563297452558e-07	Scil_g2024;Slac_ENSLPGG00000004729	3.8482179326324794e-44	1.2932702626986956e-07				Scil_g10140;Slac_ENSLPGG00000018774	5.963012473984281e-36	0.0059141423288884215	Scil_g2793;Slac_ENSLPGG00000021503	1.1197019573576427e-08	2.2036020148650768e-13	Scil_g4335;Slac_ENSLPGG00000007525	2.8855770379476457e-94	3.9611081585269763e-32	Scil_g2018;Slac_ENSLPGG00000007322	2.733722159106803e-29	1.8319456033269103e-86						
Aque_Aqu2.1.18813-001;Scil_g2393	1.5941414811933208e-143	1.3930455674783426e-93	Aque_Aqu2.1.31038-001;Scil_g9014	1.0272479399297856e-48	1.3351828985732552e-05	Aque_Aqu2.1.14128-001;Scil_g9420	2.4522134152092073e-15	1.4091974360039661e-33	Aque_Aqu2.1.31194-001;Slac_ENSLPGG00000008469	9.479286352586293e-109	0.0	Aque_Aqu2.1.41034-001;Slac_ENSLPGG00000016457	4.797725684898183e-118	7.80399596260615e-54	Aque_Aqu2.1.28647-001;Slac_ENSLPGG00000010538	1.7976193812861958e-143	2.8811922956953454e-175	Aque_Aqu2.1.35105-001;Slac_ENSLPGG00000024580	7.400531252232115e-28	1.1856299456168317e-17	Aque_Aqu2.1.44014-001;Slac_ENSLPGG00000009021	8.221474480463226e-100	1.6662338787016048e-28	Aque_Aqu2.1.21796-001;Slac_ENSLPGG00000020424	3.728084031454857e-82	0.0026044890010091695	Aque_Aqu2.1.28816-001;Slac_ENSLPGG00000010719	1.0556612831787429e-115	4.1267598707302496e-42	Aque_Aqu2.1.24884-001;Slac_ENSLPGG00000016023	7.205368200732605e-07	6.897468864870669e-18	Aque_Aqu2.1.41049-001;Slac_ENSLPGG00000007899	1.7843460525969402e-71	0.00032475505306436917	Aque_Aqu2.1.26998-001;Slac_ENSLPGG00000006271	3.197778486344573e-06	6.725810871771657e-11	Aque_Aqu2.1.34848-001;Slac_ENSLPGG00000007243	6.8715691931382365e-31	0.0017907041186009465	Aque_Aqu2.1.27322-001;Scil_g7993	2.337178416522055e-06	1.4979922799294725e-229	Aque_Aqu2.1.42183-001;Slac_ENSLPGG00000010520	6.985331522353285e-12	1.3012214805479853e-10	Aque_Aqu2.1.37297-001;Scil_g11399	0.0038503850914560953	1.546575633172773e-199	Aque_Aqu2.1.42183-001;Slac_ENSLPGG00000010520	3.3931647854373665e-10	1.3012214805479853e-10	Aque_Aqu2.1.23389-001;Slac_ENSLPGG00000015015	1.181117757917774e-23	1.5596564314307863e-11	Aque_Aqu2.1.22332-001;Scil_g13039	9.838828213524885e-12	1.875632303654956e-21	Aque_Aqu2.1.28495-001;Scil_g9850	4.458325986516477e-24	2.9609292285413797e-44	Aque_Aqu2.1.23843-001;Scil_g10974	0.0006005866338388875	1.441560994436236e-15	Aque_Aqu2.1.38146-001;Scil_g12881	6.387586082111135e-11	3.163444423429948e-06	Aque_Aqu2.1.28495-001;Slac_ENSLPGG00000008750	4.458325986516477e-24	3.2875899999834076e-37	Aque_Aqu2.1.28497-001;Slac_ENSLPGG00000008750	6.265744639493593e-06	8.530991638627806e-36	Aque_Aqu2.1.43252-001;Slac_ENSLPGG00000023417	1.118841022757129e-86	4.5229189213678597e-05	Aque_Aqu2.1.43987-001;Slac_ENSLPGG00000002394	3.283156008267793e-06	3.132385281564667e-40	Aque_Aqu2.1.43482-001;Slac_ENSLPGG00000022080	7.648655415159219e-16	0.00048494656273843115	Aque_Aqu2.1.41892-001;Slac_ENSLPGG00000018987	5.2142493076430264e-14	4.5516359055595116e-128	Aque_Aqu2.1.39671-001;Slac_ENSLPGG00000012011	5.6277730716785066e-24	1.1461434224617746e-27	Aque_Aqu2.1.28647-001;Scil_g9721	3.257848752489315e-06	1.2653200187781413e-158	Aque_Aqu2.1.42569-001;Scil_g8107	0.004968804371715004	1.3169257008428386e-78	Aque_Aqu2.1.28647-001;Scil_g9721	3.257848752489315e-06	9.75888753126917e-73	Aque_Aqu2.1.40905-001;Scil_g208	3.920453627010159e-23	2.8004464112667096e-32	Aque_Aqu2.1.40905-001;Slac_ENSLPGG00000015198	3.920453627010159e-23	4.591205690629712e-20	Aque_Aqu2.1.42203-001;Slac_ENSLPGG00000004947	3.7598373078532615e-09	1.323815998187698e-12	Scil_g12721;Slac_ENSLPGG00000026540	1.580144500595143e-150	1.5286010209599225e-83	Scil_g130;Slac_ENSLPGG00000008987	3.602006050929476e-46	6.53881726537894e-05	Scil_g12781;Slac_ENSLPGG00000023276	3.220845832701209e-54	1.4295563297452558e-07	Scil_g3071;Slac_ENSLPGG00000017855	5.950482999888198e-18	4.330680399671952e-07				Scil_g12721;Slac_ENSLPGG00000026540	1.7835176393336055e-43	1.061749963372983e-30	Scil_g8192;Slac_ENSLPGG00000007730	2.4409454456120322e-27	0.0	Scil_g4240;Slac_ENSLPGG00000007730	3.593482504157775e-10	0.0	Scil_g12881;Slac_ENSLPGG00000018391	1.0851888983137767e-08	8.80674281685354e-58						
Aque_Aqu2.1.42605-001;Scil_g6036	9.509180868415106e-59	9.543654246405655e-43	Aque_Aqu2.1.41892-001;Scil_g20	8.326661223111995e-07	1.560667198226129e-53	Aque_Aqu2.1.29077-001;Scil_g7064	3.031435493306638e-15	3.4262948941657927e-34	Aque_Aqu2.1.41621-001;Slac_ENSLPGG00000018880	1.7335877317951547e-90	0.0	Aque_Aqu2.1.41621-001;Slac_ENSLPGG00000018880	1.7335877317951547e-90	1.8184116041747724e-107	Aque_Aqu2.1.08202-001;Slac_ENSLPGG00000021720	1.1705734604072884e-09	8.079246503787768e-29	Aque_Aqu2.1.44014-001;Slac_ENSLPGG00000009021	8.221474480463226e-100	1.3290212788632013e-17	Aque_Aqu2.1.33636-001;Slac_ENSLPGG00000022969	1.0316424122760916e-111	2.1531858504716996e-53	Aque_Aqu2.1.44322-001;Slac_ENSLPGG00000026466	3.471647089327422e-05	0.00019309565842558096	Aque_Aqu2.1.15787-001;Slac_ENSLPGG00000026812	8.792525776505922e-39	1.2995018716637574e-142	Aque_Aqu2.1.38146-001;Slac_ENSLPGG00000018774	0.001071762000244394	0.007970824387419017	Aque_Aqu2.1.26998-001;Slac_ENSLPGG00000007158	3.197778486344573e-06	1.2305328596950784e-25	Aque_Aqu2.1.28495-001;Slac_ENSLPGG00000009453	3.050594406121623e-25	1.4756910295882177e-48	Aque_Aqu2.1.37137-001;Slac_ENSLPGG00000022031	1.643277675461539e-16	0.0026640309671868865	Aque_Aqu2.1.36394-001;Scil_g11408	9.97074108937263e-75	0.0009273067915295075	Aque_Aqu2.1.33475-001;Slac_ENSLPGG00000006423	2.5299023188211926e-53	3.266166105766691e-05	Aque_Aqu2.1.11170-001;Scil_g7471	6.638703732775192e-08	6.980756942552647e-53	Aque_Aqu2.1.44197-001;Slac_ENSLPGG00000007158	1.6113923010411783e-24	1.114345831165579e-74	Aque_Aqu2.1.39162-001;Slac_ENSLPGG00000009760	1.1576352078665665e-55	2.498785445450369e-32	Aque_Aqu2.1.36501-001;Scil_g2434	4.0103739281320257e-07	4.985682385220709e-44	Aque_Aqu2.1.23245-001;Scil_g6060	2.527911622459719e-106	1.215893018835872e-11	Aque_Aqu2.1.33443-001;Scil_g6719	4.986367745258103e-05	1.7693134985060617e-86	Aque_Aqu2.1.41190-001;Scil_g12335	3.070020325785256e-26	0.007493583359543352	Aque_Aqu2.1.37082-001;Slac_ENSLPGG00000028392	1.421056760183191e-45	2.5589657231536292e-05	Aque_Aqu2.1.31379-001;Slac_ENSLPGG00000021402	3.461111847443033e-18	1.6974236185946167e-34	Aque_Aqu2.1.28489-001;Slac_ENSLPGG00000008750	1.2639077541595553e-28	1.1333697489390906e-08	Aque_Aqu2.1.38554-001;Slac_ENSLPGG00000009380	3.744897044029404e-35	0.00031224632296336636	Aque_Aqu2.1.43252-001;Slac_ENSLPGG00000022080	1.118841022757129e-86	0.00048494656273843115	Aque_Aqu2.1.38146-001;Slac_ENSLPGG00000012949	6.387586082111135e-11	4.158510428091382e-240	Aque_Aqu2.1.28223-001;Slac_ENSLPGG00000007730	1.3844036382592803e-13	0.0	Aque_Aqu2.1.39672-001;Scil_g1846	4.853247615656722e-15	6.578026877377834e-99	Aque_Aqu2.1.25578-001;Scil_g4517	0.005312301831445139	4.833548353276332e-67	Aque_Aqu2.1.41049-001;Scil_g130	3.1349616642062083e-119	1.1639739734115758e-43	Aque_Aqu2.1.35500-001;Scil_g11946	3.736183748746556e-16	4.953971924373348e-05	Aque_Aqu2.1.33501-001;Slac_ENSLPGG00000029438	9.849986191119951e-14	1.4163629945126725e-05	Aque_Aqu2.1.42204-001;Slac_ENSLPGG00000004947	7.817120237222319e-25	1.323815998187698e-12	Scil_g49;Slac_ENSLPGG00000007525	3.553367353846493e-191	1.2026125316824048e-14	Scil_g12721;Slac_ENSLPGG00000026540	1.7835176393336055e-43	5.221094862122248e-101	Scil_g2609;Slac_ENSLPGG00000007525	2.496564254222248e-24	1.1234997919954914e-14	Scil_g2609;Slac_ENSLPGG00000018987	2.496564254222248e-24	6.075516351583151e-07				Scil_g130;Slac_ENSLPGG00000012055	3.602006050929476e-46	0.000889129280263582	Scil_g8192;Slac_ENSLPGG00000018987	2.4409454456120322e-27	8.336789136783278e-158	Scil_g4335;Slac_ENSLPGG00000011839	2.8855770379476457e-94	6.871823708419816e-06	Scil_g2930;Slac_ENSLPGG00000009116	3.3176949352516434e-14	0.0002502781468967871						
Aque_Aqu2.1.41892-001;Scil_g2609	8.326661223111995e-07	1.5111048112200333e-68	Aque_Aqu2.1.43276-001;Scil_g4517	1.0182416073641277e-129	1.596873247019166e-10	Aque_Aqu2.1.15179-001;Scil_g9786	3.908744777047258e-23	9.501057620654009e-32	Aque_Aqu2.1.40908-001;Slac_ENSLPGG00000015371	4.597924904219899e-109	7.913891238507608e-305	Aque_Aqu2.1.18813-001;Slac_ENSLPGG00000028380	1.5941414811933208e-143	3.041130138373718e-62	Aque_Aqu2.1.31038-001;Slac_ENSLPGG00000018181	1.0272479399297856e-48	3.630673637054969e-70	Aque_Aqu2.1.38354-001;Slac_ENSLPGG00000028953	7.318492576694701e-116	3.673961451406961e-51	Aque_Aqu2.1.40409-001;Slac_ENSLPGG00000002404	9.41931952184278e-85	8.14725354546954e-86				Aque_Aqu2.1.27559-001;Slac_ENSLPGG00000010731	5.710407786706235e-63	7.790154268791738e-82	Aque_Aqu2.1.34140-001;Slac_ENSLPGG00000001139	4.6774205649318494e-05	0.0002561637582855778	Aque_Aqu2.1.21208-001;Slac_ENSLPGG00000017522	0.009823782723145305	7.529075582906891e-11	Aque_Aqu2.1.26998-001;Slac_ENSLPGG00000001139	3.197778486344573e-06	1.364164359996385e-34	Aque_Aqu2.1.35211-001;Slac_ENSLPGG00000014037	1.877257799674659e-21	1.7369126307804394e-11	Aque_Aqu2.1.07288-001;Scil_g7471	0.0003153131800253428	6.980756942552647e-53	Aque_Aqu2.1.37101-001;Slac_ENSLPGG00000026194	6.194430517240804e-07	6.674291937003132e-10	Aque_Aqu2.1.42686-001;Scil_g6294	1.8986749547921507e-211	2.7765686066162216e-06	Aque_Aqu2.1.36275-001;Slac_ENSLPGG00000005072	0.00011713621280591484	6.293393060430815e-06	Aque_Aqu2.1.43733-001;Slac_ENSLPGG00000020578	4.248328240934453e-206	1.0679719099689804e-56	Aque_Aqu2.1.17340-001;Scil_g12238	2.534616707284264e-07	9.316586458395207e-08	Aque_Aqu2.1.28489-001;Scil_g9850	1.2639077541595553e-28	2.9609292285413797e-44	Aque_Aqu2.1.39906-001;Scil_g5478	5.695135212169059e-155	0.0003749443970407659	Aque_Aqu2.1.31586-001;Scil_g5478	1.7372787348993547e-40	0.00042986270026524535	Aque_Aqu2.1.37800-001;Slac_ENSLPGG00000004031	3.3423690485470974e-33	5.274346880173672e-06	Aque_Aqu2.1.14505-001;Slac_ENSLPGG00000014205	4.1608280773534837e-17	5.661329922037294e-55	Aque_Aqu2.1.23818-001;Slac_ENSLPGG00000019389	5.459313371962679e-87	0.009438545168984732	Aque_Aqu2.1.37082-001;Slac_ENSLPGG00000014205	1.421056760183191e-45	1.7093352219014287e-21	Aque_Aqu2.1.24884-001;Slac_ENSLPGG00000016023	2.088362072783549e-50	8.986497456551918e-98	Aque_Aqu2.1.44221-001;Slac_ENSLPGG00000018391	5.994069235373014e-92	1.083666763670672e-22	Aque_Aqu2.1.29497-001;Slac_ENSLPGG00000014506	6.077919633614359e-57	3.072845078965812e-33	Aque_Aqu2.1.42762-001;Scil_g1846	7.811805062921284e-23	6.578026877377834e-99	Aque_Aqu2.1.37816-001;Scil_g4517	0.00680584638096658	4.833548353276332e-67	Aque_Aqu2.1.36280-001;Scil_g11065	6.583859642625656e-05	5.117482119491709e-71	Aque_Aqu2.1.35500-001;Scil_g5104	3.736183748746556e-16	0.009759025009889422	Aque_Aqu2.1.40905-001;Slac_ENSLPGG00000011374	3.920453627010159e-23	7.246167802767974e-21	Aque_Aqu2.1.43963-001;Slac_ENSLPGG00000027633	1.5716607462282255e-08	3.094121459568453e-17	Scil_g49;Slac_ENSLPGG00000011839	3.553367353846493e-191	1.90611515788076e-10	Scil_g5761;Slac_ENSLPGG00000012744	4.2622160550874223e-38	0.0008141352423049209	Scil_g5761;Slac_ENSLPGG00000012744	4.2622160550874223e-38	0.002662226552472541	Scil_g1483;Slac_ENSLPGG00000007158	2.479568833724734e-22	4.969353227696443e-20				Scil_g2793;Slac_ENSLPGG00000021503	1.1197019573576427e-08	1.416254818464003e-05	Scil_g1350;Slac_ENSLPGG00000015655	1.7852689279252667e-48	1.160234898039516e-18	Scil_g20;Slac_ENSLPGG00000007525	3.034859832850301e-78	3.9611081585269763e-32	Scil_g9312;Slac_ENSLPGG00000002720	1.6684120061973445e-10	0.003850984221015657						
Aque_Aqu2.1.37816-001;Scil_g2191	5.351220243248752e-65	1.2017223918186125e-22	Aque_Aqu2.1.41302-001;Scil_g10741	3.049277438668542e-10	6.418687116510514e-58	Aque_Aqu2.1.25862-001;Scil_g9420	1.4164840831138878e-69	1.4091974360039661e-33	Aque_Aqu2.1.36280-001;Slac_ENSLPGG00000026756	3.288773730928107e-103	0.0	Aque_Aqu2.1.18283-001;Slac_ENSLPGG00000026466	8.281858889981098e-97	1.4626295981692032e-101	Aque_Aqu2.1.27559-001;Slac_ENSLPGG00000010731	3.744327577318277e-75	2.5307846142510007e-156	Aque_Aqu2.1.19270-001;Slac_ENSLPGG00000014669	7.529568096550412e-91	2.5887989694557483e-05	Aque_Aqu2.1.26684-001;Slac_ENSLPGG00000017185	3.0985943890265298e-164	0.003646635186372826				Aque_Aqu2.1.26684-001;Slac_ENSLPGG00000017185	3.0985943890265298e-164	0.006084162511327934	Aque_Aqu2.1.30867-001;Slac_ENSLPGG00000007158	0.003966351779992213	1.9476252809664506e-06	Aque_Aqu2.1.39906-001;Slac_ENSLPGG00000026132	3.377494226491948e-33	0.0008921327165314092	Aque_Aqu2.1.39672-001;Slac_ENSLPGG00000016891	6.3157949007109966e-09	1.1066745948069943e-10	Aque_Aqu2.1.32548-001;Slac_ENSLPGG00000002171	0.0016118061765567644	2.5730742542634384e-20	Aque_Aqu2.1.33762-001;Scil_g750	4.6505914408627524e-58	0.0030488697490813794	Aque_Aqu2.1.44197-001;Slac_ENSLPGG00000007158	2.2714847576806134e-31	1.114345831165579e-74	Aque_Aqu2.1.41092-001;Scil_g12131	2.646540504612954e-90	2.2731884289040125e-05	Aque_Aqu2.1.44214-001;Slac_ENSLPGG00000010520	3.0665856474314364e-10	1.3012214805479853e-10	Aque_Aqu2.1.43733-001;Slac_ENSLPGG00000020866	4.248328240934453e-206	1.408090205453169e-51	Aque_Aqu2.1.36501-001;Scil_g16	4.0103739281320257e-07	3.0780431385019944e-38	Aque_Aqu2.1.34863-001;Scil_g13127	7.856949568546215e-16	1.1909346607224929e-09	Aque_Aqu2.1.29497-001;Scil_g8135	6.077919633614359e-57	2.51499300070688e-45	Aque_Aqu2.1.36501-001;Scil_g2434	4.0103739281320257e-07	0.0007014496651874244	Aque_Aqu2.1.28223-001;Slac_ENSLPGG00000007730	1.3844036382592803e-13	1.131600810454147e-278	Aque_Aqu2.1.35074-001;Slac_ENSLPGG00000018326	0.0006134988572632546	1.1462170793757774e-39	Aque_Aqu2.1.41892-001;Slac_ENSLPGG00000007730	5.2142493076430264e-14	3.6133844128804866e-70	Aque_Aqu2.1.38390-001;Slac_ENSLPGG00000009380	3.283777108141531e-31	0.00031224632296336636	Aque_Aqu2.1.43995-001;Slac_ENSLPGG00000002394	1.2817282397478916e-13	1.0126793590032592e-22	Aque_Aqu2.1.38390-001;Slac_ENSLPGG00000005134	3.283777108141531e-31	8.764793364384847e-09	Aque_Aqu2.1.38146-001;Slac_ENSLPGG00000018391	6.387586082111135e-11	1.2564638542575937e-72	Aque_Aqu2.1.26684-001;Scil_g1710	1.2107904022326297e-05	2.628806610170429e-155	Aque_Aqu2.1.40738-001;Scil_g4929	2.1345051172444716e-09	9.60239209900516e-95	Aque_Aqu2.1.28223-001;Scil_g13004	0.0001247782164728605	1.4319668162711407e-72	Aque_Aqu2.1.31907-001;Scil_g13189	3.794174224429284e-07	0.000657059696045219	Aque_Aqu2.1.33028-001;Slac_ENSLPGG00000025187	2.0324506456093878e-12	3.611499699115872e-08	Aque_Aqu2.1.25768-001;Slac_ENSLPGG00000012981	7.409015990743464e-05	1.9635955399465848e-264	Scil_g5970;Slac_ENSLPGG00000019726	6.359832455523348e-28	0.0	Scil_g13078;Slac_ENSLPGG00000014782	7.912716267496188e-05	4.0221730396915904e-85	Scil_g11654;Slac_ENSLPGG00000017086	4.872362971570459e-07	2.5231966930471065e-17	Scil_g6477;Slac_ENSLPGG00000011166	0.0062350988250728465	7.03707662095056e-13				Scil_g8192;Slac_ENSLPGG00000007525	2.4409454456120322e-27	3.9611081585269763e-32	Scil_g13078;Slac_ENSLPGG00000014506	7.912716267496188e-05	3.072845078965812e-33	Scil_g12920;Slac_ENSLPGG00000020706	3.023684228629527e-07	0.00019249484478877987	Scil_g7728;Slac_ENSLPGG00000007104	3.361117219650933e-35	4.588380495450339e-10						
Aque_Aqu2.1.15179-001;Scil_g9786	3.908744777047258e-23	1.8130557993007557e-88	Aque_Aqu2.1.31586-001;Scil_g2493	6.035842798121547e-07	8.396436553490569e-72	Aque_Aqu2.1.29496-001;Scil_g13078	1.2768054689113486e-36	1.6630355162408285e-08	Aque_Aqu2.1.43479-001;Slac_ENSLPGG00000027461	6.772830132076829e-109	5.668657897950773e-08	Aque_Aqu2.1.34241-001;Slac_ENSLPGG00000020856	7.816229863606503e-118	8.016883964757282e-54	Aque_Aqu2.1.18692-001;Slac_ENSLPGG00000021862	1.8143969612667923e-88	3.157985375566818e-151	Aque_Aqu2.1.43309-001;Slac_ENSLPGG00000007673	3.311614163436602e-70	5.472712324912966e-43	Aque_Aqu2.1.37762-001;Slac_ENSLPGG00000010260	3.763225226538024e-94	1.1873404838970361e-116				Aque_Aqu2.1.25378-001;Slac_ENSLPGG00000020432	1.7178376170265628e-64	3.2079030839699014e-26				Aque_Aqu2.1.21205-001;Slac_ENSLPGG00000017522	0.002107528433600299	7.529075582906891e-11	Aque_Aqu2.1.28495-001;Slac_ENSLPGG00000011327	3.050594406121623e-25	0.004116007346990355	Aque_Aqu2.1.24981-001;Slac_ENSLPGG00000009456	2.561124602315965e-06	2.1689645622533997e-11	Aque_Aqu2.1.23244-001;Scil_g6060	5.2814784068730136e-39	5.92890919771049e-08	Aque_Aqu2.1.37112-001;Slac_ENSLPGG00000014949	1.395071834460463e-28	9.714222834381443e-97	Aque_Aqu2.1.27795-001;Scil_g1858	3.6771649435806557e-13	1.3255464112178313e-28	Aque_Aqu2.1.41583-001;Slac_ENSLPGG00000022488	1.075194399407091e-28	8.88770356445492e-10	Aque_Aqu2.1.43733-001;Slac_ENSLPGG00000010570	4.248328240934453e-206	2.0632134805623925e-53	Aque_Aqu2.1.33443-001;Scil_g49	4.986367745258103e-05	3.553367353846493e-191	Aque_Aqu2.1.43995-001;Scil_g7247	1.2817282397478916e-13	1.2218991233504169e-48	Aque_Aqu2.1.41520-001;Scil_g10140	4.988517977277189e-10	6.301139309833466e-34	Aque_Aqu2.1.39626-001;Scil_g7130	3.934806432082639e-12	0.001457736314519721	Aque_Aqu2.1.21015-001;Slac_ENSLPGG00000026540	4.488784099627258e-96	1.5286010209599225e-83	Aque_Aqu2.1.38554-001;Slac_ENSLPGG00000014697	3.744897044029404e-35	2.659720310412049e-10	Aque_Aqu2.1.43555-001;Slac_ENSLPGG00000007730	9.172629855478385e-23	3.6133844128804866e-70	Aque_Aqu2.1.24884-001;Slac_ENSLPGG00000016023	2.088362072783549e-50	1.2723832026664155e-72	Aque_Aqu2.1.21880-001;Slac_ENSLPGG00000008528	1.2898596676934027e-28	2.4914504894887803e-21	Aque_Aqu2.1.23239-001;Slac_ENSLPGG00000009625	7.943361772072874e-20	9.452983638178345e-18	Aque_Aqu2.1.28223-001;Slac_ENSLPGG00000018987	1.3844036382592803e-13	8.336789136783278e-158	Aque_Aqu2.1.36280-001;Scil_g11065	6.583859642625656e-05	5.93608608027531e-159	Aque_Aqu2.1.34863-001;Scil_g5627	3.260819368721017e-23	5.532503098103706e-06	Aque_Aqu2.1.43276-001;Scil_g4517	1.2417305666889384e-72	1.596873247019166e-10	Aque_Aqu2.1.40333-001;Scil_g5233	4.2780196620254543e-10	5.527402714051699e-08	Aque_Aqu2.1.42548-001;Slac_ENSLPGG00000024879	0.0003896247604060393	0.0	Aque_Aqu2.1.44058-001;Slac_ENSLPGG00000013965	1.520176735068224e-14	0.002067798124046298	Scil_g8135;Slac_ENSLPGG00000014782	4.886659234752376e-97	3.5310458308772875e-55	Scil_g9161;Slac_ENSLPGG00000022320	2.6385043186678827e-33	9.333787942764978e-10	Scil_g6923;Slac_ENSLPGG00000021520	0.0007496312067256761	1.1192892414117911e-44	Scil_g12781;Slac_ENSLPGG00000023276	3.220845832701209e-54	0.0023187143386704493				Scil_g13539;Slac_ENSLPGG00000012055	1.1454364321341173e-47	0.000889129280263582	Scil_g12721;Slac_ENSLPGG00000026540	1.7835176393336055e-43	6.185427737645644e-61	Scil_g4929;Slac_ENSLPGG00000007322	9.60239209900516e-95	1.5533319931254813e-22	Scil_g2789;Slac_ENSLPGG00000017036	3.0992480392413104e-32	1.9986848103810602e-07						
Aque_Aqu2.1.37713-001;Scil_g4517	1.7092280498504553e-19	4.833548353276332e-67	Aque_Aqu2.1.03528-001;Scil_g2894	2.524224078298844e-07	1.528861713276183e-50	Aque_Aqu2.1.26118-001;Scil_g645	1.1077058835232494e-24	4.513762609672274e-33	Aque_Aqu2.1.18283-001;Slac_ENSLPGG00000026466	8.281858889981098e-97	0.0	Aque_Aqu2.1.37079-001;Slac_ENSLPGG00000011571	6.987535709667499e-114	1.6908400915540935e-56	Aque_Aqu2.1.33740-001;Slac_ENSLPGG00000011571	1.0543340401031923e-102	4.118572692355889e-69	Aque_Aqu2.1.34476-001;Slac_ENSLPGG00000009693	4.321419943186122e-118	1.3137757178477223e-59	Aque_Aqu2.1.29989-001;Slac_ENSLPGG00000002916	1.3626311020990895e-111	1.8424861552155755e-17				Aque_Aqu2.1.40908-001;Slac_ENSLPGG00000015371	2.5432621050748296e-88	1.617920575050455e-75				Aque_Aqu2.1.25014-001;Slac_ENSLPGG00000020504	1.507831611836693e-06	5.048442826344658e-07	Aque_Aqu2.1.37137-001;Slac_ENSLPGG00000022031	1.643277675461539e-16	1.6521542134525504e-05	Aque_Aqu2.1.26998-001;Slac_ENSLPGG00000001139	3.197778486344573e-06	1.0794946248240394e-08	Aque_Aqu2.1.34914-001;Scil_g1066	9.937600746588482e-12	9.692884806022747e-33	Aque_Aqu2.1.36223-001;Slac_ENSLPGG00000027819	3.3674934284767487e-13	6.475423253128483e-47	Aque_Aqu2.1.39593-001;Scil_g9431	1.0415950099465564e-25	2.2604854558921415e-07	Aque_Aqu2.1.44218-001;Slac_ENSLPGG00000010520	2.1931163753421432e-08	1.3012214805479853e-10	Aque_Aqu2.1.19922-001;Slac_ENSLPGG00000020578	1.1973175788444056e-06	1.0679719099689804e-56	Aque_Aqu2.1.31586-001;Scil_g5477	1.7372787348993547e-40	7.031449584470436e-17	Aque_Aqu2.1.38146-001;Scil_g13820	6.387586082111135e-11	2.3448594471839515e-08	Aque_Aqu2.1.43536-001;Scil_g3071	3.1456270560029736e-13	1.9717722871071344e-22	Aque_Aqu2.1.32110-001;Scil_g6523	3.5145414330315455e-44	4.884825186826807e-05	Aque_Aqu2.1.36563-001;Slac_ENSLPGG00000011583	6.197296763097124e-05	2.1096010570290062e-10	Aque_Aqu2.1.38554-001;Slac_ENSLPGG00000009380	3.744897044029404e-35	2.292414534820821e-11	Aque_Aqu2.1.33443-001;Slac_ENSLPGG00000018987	4.986367745258103e-05	3.0882825093222114e-93	Aque_Aqu2.1.14505-001;Slac_ENSLPGG00000012981	4.1608280773534837e-17	8.895392279584421e-40	Aque_Aqu2.1.14505-001;Slac_ENSLPGG00000023276	4.1608280773534837e-17	0.0023187143386704493	Aque_Aqu2.1.28214-001;Slac_ENSLPGG00000015631	8.244866599655472e-18	4.787190414733341e-18	Aque_Aqu2.1.21015-001;Slac_ENSLPGG00000026540	4.488784099627258e-96	6.185427737645644e-61	Aque_Aqu2.1.14128-001;Scil_g9420	0.0056228831372082165	1.1318386297750748e-155	Aque_Aqu2.1.41049-001;Scil_g13539	3.1349616642062083e-119	3.8710966832846466e-62	Aque_Aqu2.1.28223-001;Scil_g4223	0.0001247782164728605	1.8920182027213295e-72	Aque_Aqu2.1.31907-001;Scil_g5233	3.794174224429284e-07	5.527402714051699e-08	Aque_Aqu2.1.40333-001;Slac_ENSLPGG00000015465	4.2780196620254543e-10	1.812278830807608e-10	Aque_Aqu2.1.18818-001;Slac_ENSLPGG00000004947	1.3238364383206064e-05	1.323815998187698e-12	Scil_g178;Slac_ENSLPGG00000008750	1.4769874519580662e-05	3.2875899999834076e-37	Scil_g8192;Slac_ENSLPGG00000018987	2.4409454456120322e-27	4.442906185241835e-129	Scil_g13078;Slac_ENSLPGG00000014782	7.912716267496188e-05	2.216785442425679e-52	Scil_g2939;Slac_ENSLPGG00000007325	1.0611989525191513e-05	3.101078705573942e-05				Scil_g2793;Slac_ENSLPGG00000017855	1.1197019573576427e-08	0.0018345151332905534	Scil_g3071;Slac_ENSLPGG00000021503	5.950482999888198e-18	2.2036020148650768e-13	Scil_g1157;Slac_ENSLPGG00000014782	5.371096108950538e-15	1.0227457240849187e-58	Scil_g4881;Slac_ENSLPGG00000015631	1.843464637993519e-10	0.003778735700775536						
Aque_Aqu2.1.26684-001;Scil_g1710	5.16651150424784e-114	1.4260236395027158e-79	Aque_Aqu2.1.29496-001;Scil_g2541	1.2768054689113486e-36	3.475334919449621e-07	Aque_Aqu2.1.44246-001;Scil_g4378	7.348281244918552e-80	5.054538099782425e-13	Aque_Aqu2.1.40409-001;Slac_ENSLPGG00000002404	2.5626223762526347e-95	0.0	Aque_Aqu2.1.18087-001;Slac_ENSLPGG00000024429	5.622543966129217e-113	4.0152704199613e-50	Aque_Aqu2.1.32946-001;Slac_ENSLPGG00000010832	3.198548394219795e-57	2.4613134574582015e-09	Aque_Aqu2.1.39934-001;Slac_ENSLPGG00000026505	1.5771892143125586e-122	1.437194838942823e-72	Aque_Aqu2.1.41034-001;Slac_ENSLPGG00000016457	1.4237478019981393e-104	1.172659020969659e-25				Aque_Aqu2.1.43423-001;Slac_ENSLPGG00000008236	3.021348392175779e-116	1.5700822852871962e-18				Aque_Aqu2.1.25929-001;Slac_ENSLPGG00000008098	2.1593827426913054e-06	1.2879272375444677e-11	Aque_Aqu2.1.29479-001;Slac_ENSLPGG00000019065	1.027025061779397e-11	5.413313929192906e-06	Aque_Aqu2.1.33622-001;Slac_ENSLPGG00000002171	3.31852085524485e-07	2.5730742542634384e-20	Aque_Aqu2.1.42092-001;Scil_g2050	9.684661360234216e-82	0.00028651022064054156	Aque_Aqu2.1.33497-001;Slac_ENSLPGG00000028361	1.1246706728340858e-06	7.91960121547444e-05	Aque_Aqu2.1.28492-001;Scil_g5104	1.2990573900827222e-105	1.0482033334351304e-18	Aque_Aqu2.1.27832-001;Slac_ENSLPGG00000026194	5.884935948591738e-05	6.674291937003132e-10	Aque_Aqu2.1.43733-001;Slac_ENSLPGG00000022959	4.248328240934453e-206	1.783385765627898e-41	Aque_Aqu2.1.38554-001;Scil_g12335	3.744897044029404e-35	8.988864806702545e-09	Aque_Aqu2.1.38146-001;Scil_g8186	6.387586082111135e-11	2.027576154248112e-06	Aque_Aqu2.1.29497-001;Scil_g13078	6.077919633614359e-57	1.270550194124332e-16	Aque_Aqu2.1.28495-001;Scil_g12942	4.458325986516477e-24	0.00031586599501994467	Aque_Aqu2.1.20935-001;Slac_ENSLPGG00000026155	3.0542012146660946e-19	4.717549418716616e-18	Aque_Aqu2.1.29098-001;Slac_ENSLPGG00000002251	0.0022163606697167436	1.0703518826219367e-12	Aque_Aqu2.1.44221-001;Slac_ENSLPGG00000018391	5.994069235373014e-92	0.00017741661575307126	Aque_Aqu2.1.38554-001;Slac_ENSLPGG00000009625	3.744897044029404e-35	0.0006686198455407605	Aque_Aqu2.1.33622-001;Slac_ENSLPGG00000002171	1.708447263117159e-16	2.5730742542634384e-20	Aque_Aqu2.1.38554-001;Slac_ENSLPGG00000005134	3.744897044029404e-35	8.764793364384847e-09	Aque_Aqu2.1.29513-001;Slac_ENSLPGG00000017789	4.936567704134594e-26	1.065996983770657e-17	Aque_Aqu2.1.41049-001;Scil_g13539	3.1349616642062083e-119	9.282076087753397e-65	Aque_Aqu2.1.15179-001;Scil_g9786	3.197697556694575e-06	1.8130557993007557e-88	Aque_Aqu2.1.23247-001;Scil_g6273	9.444866831159643e-49	2.4424321683639703e-10	Aque_Aqu2.1.13442-001;Scil_g5996	2.2832432135957487e-12	9.827161534642123e-09	Aque_Aqu2.1.18351-001;Slac_ENSLPGG00000019104	1.634928613611579e-07	2.741839065414575e-07	Aque_Aqu2.1.33503-001;Slac_ENSLPGG00000028142	1.518359608748127e-13	8.148248345373217e-57	Scil_g5478;Slac_ENSLPGG00000015099	1.5061464715015508e-67	1.2070220763616555e-10	Scil_g13539;Slac_ENSLPGG00000008987	1.1454364321341173e-47	6.53881726537894e-05	Scil_g9850;Slac_ENSLPGG00000011327	2.9609292285413797e-44	0.004116007346990355	Scil_g12781;Slac_ENSLPGG00000004729	3.220845832701209e-54	1.2932702626986956e-07				Scil_g9850;Slac_ENSLPGG00000009453	2.9609292285413797e-44	1.297346950394959e-07	Scil_g13127;Slac_ENSLPGG00000012140	1.1909346607224929e-09	2.2234277891488934e-08	Scil_g9786;Slac_ENSLPGG00000007134	1.8130557993007557e-88	3.61944373898109e-08	Scil_g8135;Slac_ENSLPGG00000014782	2.51499300070688e-45	4.809124165610324e-15						
Aque_Aqu2.1.25578-001;Scil_g4517	9.46692299568766e-12	4.833548353276332e-67	Aque_Aqu2.1.34429-001;Scil_g110	7.854915848010625e-74	3.8040637262560273e-10	Aque_Aqu2.1.42085-001;Scil_g645	7.58547165552506e-19	4.513762609672274e-33	Aque_Aqu2.1.33925-001;Slac_ENSLPGG00000001999	4.33182089821621e-115	0.0	Aque_Aqu2.1.26386-001;Slac_ENSLPGG00000010983	1.5137191822064672e-111	1.039138145298257e-28	Aque_Aqu2.1.41195-001;Slac_ENSLPGG00000011674	1.6646534696328347e-107	4.665387576456848e-82	Aque_Aqu2.1.37816-001;Slac_ENSLPGG00000005083	2.912775561703991e-77	3.3662088198379713e-09	Aque_Aqu2.1.18688-001;Slac_ENSLPGG00000019766	3.3105307818191595e-103	4.126458230483494e-64				Aque_Aqu2.1.44167-001;Slac_ENSLPGG00000002326	6.614961432548569e-98	1.020176252728282e-63				Aque_Aqu2.1.39672-001;Slac_ENSLPGG00000010506	6.3157949007109966e-09	1.6813378010395353e-09	Aque_Aqu2.1.41931-001;Slac_ENSLPGG00000029146	0.0031080568414908753	1.5191170790595681e-05	Aque_Aqu2.1.28942-001;Slac_ENSLPGG00000013461	1.2138942124859158e-06	0.0002538351687265182	Aque_Aqu2.1.42687-001;Scil_g12714	8.784316904396701e-141	1.5595193887192883e-11	Aque_Aqu2.1.27832-001;Slac_ENSLPGG00000004127	5.939276265577746e-23	9.129600555384957e-07	Aque_Aqu2.1.35513-001;Scil_g5520	1.9223474439878673e-49	3.2822396728584823e-09	Aque_Aqu2.1.27411-001;Slac_ENSLPGG00000006965	1.0834257764909658e-15	0.0010456499946495089	Aque_Aqu2.1.19922-001;Slac_ENSLPGG00000020866	1.1973175788444056e-06	1.408090205453169e-51	Aque_Aqu2.1.28223-001;Scil_g6719	1.3844036382592803e-13	3.0362871899514263e-161	Aque_Aqu2.1.39916-001;Scil_g6383	2.688541540398142e-13	2.1392724040905424e-13	Aque_Aqu2.1.21174-001;Scil_g10140	0.00021564884897657527	6.301139309833466e-34	Aque_Aqu2.1.36291-001;Scil_g691	7.062226031678519e-62	1.1157071266169902e-06	Aque_Aqu2.1.28489-001;Slac_ENSLPGG00000008750	1.2639077541595553e-28	3.2875899999834076e-37	Aque_Aqu2.1.38390-001;Slac_ENSLPGG00000014697	3.283777108141531e-31	2.659720310412049e-10	Aque_Aqu2.1.38554-001;Slac_ENSLPGG00000005134	3.744897044029404e-35	0.0006442799892046742	Aque_Aqu2.1.38390-001;Slac_ENSLPGG00000009625	3.283777108141531e-31	0.0006686198455407605	Aque_Aqu2.1.14505-001;Slac_ENSLPGG00000007322	4.1608280773534837e-17	3.4680790141518557e-19	Aque_Aqu2.1.39671-001;Slac_ENSLPGG00000012011	5.6277730716785066e-24	6.2290114185022e-13	Aque_Aqu2.1.38146-001;Slac_ENSLPGG00000012949	6.387586082111135e-11	0.0	Aque_Aqu2.1.31586-001;Scil_g2493	1.891188349453035e-06	3.171133198751257e-158	Aque_Aqu2.1.28223-001;Scil_g20	0.0001247782164728605	3.034859832850301e-78	Aque_Aqu2.1.28223-001;Scil_g4335	0.0001247782164728605	3.007251507353725e-67	Aque_Aqu2.1.00828-001;Scil_g5996	2.3505399047911417e-12	9.827161534642123e-09	Aque_Aqu2.1.39820-001;Slac_ENSLPGG00000006723	5.184380856958274e-06	1.0097123505710865e-270	Aque_Aqu2.1.24990-001;Slac_ENSLPGG00000013965	1.8628310299970757e-06	0.002067798124046298	Scil_g3183;Slac_ENSLPGG00000018903	4.8477083124980386e-23	6.190872925276122e-38	Scil_g2793;Slac_ENSLPGG00000021503	1.1197019573576427e-08	2.2972828260652025e-10	Scil_g792;Slac_ENSLPGG00000003499	4.502169748278949e-85	5.445813126634208e-10	Scil_g5407;Slac_ENSLPGG00000016023	4.849384633143921e-38	8.986497456551918e-98				Scil_g12781;Slac_ENSLPGG00000004729	3.220845832701209e-54	8.196872635232278e-10	Scil_g6060;Slac_ENSLPGG00000013844	1.215893018835872e-11	9.178588959256085e-176	Scil_g10508;Slac_ENSLPGG00000012949	2.434685400033953e-60	4.158510428091382e-240	Scil_g2018;Slac_ENSLPGG00000014205	2.733722159106803e-29	5.661329922037294e-55						
Aque_Aqu2.1.44221-001;Scil_g10508	2.4142643864291954e-16	2.434685400033953e-60	Aque_Aqu2.1.35741-001;Scil_g2323	0.00040754156009998287	1.4074066131626783e-71	Aque_Aqu2.1.24541-001;Scil_g8574	2.344168441479099e-143	8.781818811763976e-12	Aque_Aqu2.1.41308-001;Slac_ENSLPGG00000009291	4.0631799851115316e-122	4.511674849880129e-80	Aque_Aqu2.1.43341-001;Slac_ENSLPGG00000007608	5.594181239016693e-111	8.32061485748391e-89	Aque_Aqu2.1.18867-001;Slac_ENSLPGG00000006262	2.2639624801972363e-67	1.7912672260378663e-75	Aque_Aqu2.1.27809-001;Slac_ENSLPGG00000018450	6.246141978843956e-56	4.840708147555924e-22	Aque_Aqu2.1.18867-001;Slac_ENSLPGG00000006262	3.0539554246538726e-57	1.1695906797758678e-41				Aque_Aqu2.1.41031-001;Slac_ENSLPGG00000009534	2.3093169778093483e-162	8.996463879855903e-05				Aque_Aqu2.1.35513-001;Slac_ENSLPGG00000014037	8.033421574211273e-25	2.8937728943288984e-19	Aque_Aqu2.1.26998-001;Slac_ENSLPGG00000007158	3.197778486344573e-06	2.0838815629998246e-20	Aque_Aqu2.1.38750-001;Slac_ENSLPGG00000014037	2.625604464614801e-12	1.7369126307804394e-11	Aque_Aqu2.1.42686-001;Scil_g6294	1.0831814991309953e-189	2.7765686066162216e-06	Aque_Aqu2.1.44214-001;Slac_ENSLPGG00000010520	2.009817921356835e-06	1.3012214805479853e-10	Aque_Aqu2.1.04817-001;Scil_g1572	2.5806510890960834e-15	7.823311406353975e-54	Aque_Aqu2.1.35107-001;Slac_ENSLPGG00000024196	0.004049250287552695	3.679561057659832e-08	Aque_Aqu2.1.43733-001;Slac_ENSLPGG00000025920	4.248328240934453e-206	3.8306466062293196e-47	Aque_Aqu2.1.42680-001;Scil_g6734	0.00434990374509876	6.522593975599372e-130	Aque_Aqu2.1.18919-001;Scil_g10086	3.781793541868298e-15	3.0338463385256324e-05	Aque_Aqu2.1.43559-001;Scil_g2584	8.208845897341611e-07	0.0013107786568666352	Aque_Aqu2.1.37883-001;Scil_g7865	1.8087879056502434e-19	3.664664448254886e-08	Aque_Aqu2.1.28497-001;Slac_ENSLPGG00000008750	6.265744639493593e-06	3.2875899999834076e-37	Aque_Aqu2.1.38146-001;Slac_ENSLPGG00000012949	6.387586082111135e-11	9.33088039317304e-176	Aque_Aqu2.1.40738-001;Slac_ENSLPGG00000014205	6.218782870818954e-08	4.521702516592002e-33	Aque_Aqu2.1.39672-001;Slac_ENSLPGG00000002171	1.7219934783810546e-24	3.0880155494544363e-12	Aque_Aqu2.1.44221-001;Slac_ENSLPGG00000018391	5.994069235373014e-92	4.275284328708301e-12	Aque_Aqu2.1.32690-001;Slac_ENSLPGG00000017789	3.4041548145167936e-06	1.9094305321591624e-24	Aque_Aqu2.1.43251-001;Slac_ENSLPGG00000022080	2.3451474142829946e-08	1.3764679304517367e-18	Aque_Aqu2.1.40997-001;Scil_g13119	1.1246864081167407e-15	1.899759874249231e-128	Aque_Aqu2.1.34343-001;Scil_g7064	1.074270232820891e-06	7.495828822754004e-95	Aque_Aqu2.1.42762-001;Scil_g1846	7.811805062921284e-23	2.6571136541369326e-45	Aque_Aqu2.1.43577-001;Scil_g13189	1.269014924047016e-10	0.000657059696045219	Aque_Aqu2.1.31479-001;Slac_ENSLPGG00000017231	0.0003067347607332758	0.0004343907090126274	Aque_Aqu2.1.43366-001;Slac_ENSLPGG00000020618	0.0009760641292467516	5.012486692426846e-36	Scil_g8133;Slac_ENSLPGG00000018959	1.5167785041874613e-19	2.0647563291207728e-278	Scil_g9850;Slac_ENSLPGG00000011327	2.9609292285413797e-44	0.0016877695055628826	Scil_g8192;Slac_ENSLPGG00000007730	2.4409454456120322e-27	1.7449377494689486e-149	Scil_g3316;Slac_ENSLPGG00000004765	2.531520629243094e-69	1.4165629020378732e-15				Scil_g2024;Slac_ENSLPGG00000004729	3.8482179326324794e-44	8.196872635232278e-10	Scil_g130;Slac_ENSLPGG00000012055	3.602006050929476e-46	4.0874491108281004e-05	Scil_g20;Slac_ENSLPGG00000011839	3.034859832850301e-78	6.871823708419816e-06	Scil_g10974;Slac_ENSLPGG00000001863	1.441560994436236e-15	0.008488969049799896						
Aque_Aqu2.1.28647-001;Scil_g9745	1.7976193812861958e-143	3.8728929434751946e-90	Aque_Aqu2.1.34344-001;Scil_g7064	4.469710923167695e-16	3.3296478760382412e-71	Aque_Aqu2.1.16671-001;Scil_g13745	1.7538076482175143e-30	4.284629764943858e-31	Aque_Aqu2.1.41034-001;Slac_ENSLPGG00000016457	4.797725684898183e-118	5.878050781016792e-160	Aque_Aqu2.1.34476-001;Slac_ENSLPGG00000009693	1.1365096649262665e-143	8.409851108758079e-62	Aque_Aqu2.1.28816-001;Slac_ENSLPGG00000010719	1.0840523851845123e-95	3.9479853056275525e-125	Aque_Aqu2.1.42125-001;Slac_ENSLPGG00000005083	4.4869149966227766e-27	3.3662088198379713e-09	Aque_Aqu2.1.43309-001;Slac_ENSLPGG00000007673	3.311614163436602e-70	4.935378689790075e-46				Aque_Aqu2.1.25862-001;Slac_ENSLPGG00000018181	1.7601901330525903e-103	9.763934351042776e-46				Aque_Aqu2.1.29479-001;Slac_ENSLPGG00000006271	1.027025061779397e-11	0.00010329686300105768	Aque_Aqu2.1.39672-001;Slac_ENSLPGG00000002171	6.3157949007109966e-09	2.0039843010385572e-48	Aque_Aqu2.1.25929-001;Slac_ENSLPGG00000008098	2.1593827426913054e-06	0.0019157688863410771	Aque_Aqu2.1.44009-001;Scil_g11945	6.829178733406637e-51	0.00028980519709260257	Aque_Aqu2.1.43615-001;Slac_ENSLPGG00000011962	8.086275665665817e-05	3.211008789355102e-10	Aque_Aqu2.1.43909-001;Scil_g903	1.0966451462043642e-72	0.0008332685915331989	Aque_Aqu2.1.35513-001;Slac_ENSLPGG00000013069	1.9223474439878673e-49	1.8352583169197938e-25	Aque_Aqu2.1.19922-001;Slac_ENSLPGG00000010570	1.1973175788444056e-06	2.0632134805623925e-53	Aque_Aqu2.1.38390-001;Scil_g12335	3.283777108141531e-31	8.988864806702545e-09	Aque_Aqu2.1.41520-001;Scil_g10140	4.988517977277189e-10	5.963012473984281e-36	Aque_Aqu2.1.41653-001;Scil_g8832	5.400992414490759e-06	5.380155472662177e-69	Aque_Aqu2.1.29497-001;Scil_g8135	6.077919633614359e-57	6.613510251588844e-11	Aque_Aqu2.1.40738-001;Slac_ENSLPGG00000028392	6.218782870818954e-08	2.5589657231536292e-05	Aque_Aqu2.1.23239-001;Slac_ENSLPGG00000009625	7.943361772072874e-20	1.2756775077314428e-25	Aque_Aqu2.1.38554-001;Slac_ENSLPGG00000009380	3.744897044029404e-35	0.003013857873698455	Aque_Aqu2.1.40376-001;Slac_ENSLPGG00000001593	5.626029519789693e-17	8.829921093559036e-09	Aque_Aqu2.1.31388-001;Slac_ENSLPGG00000009899	0.004760476945746735	1.1160580558002628e-12	Aque_Aqu2.1.38390-001;Slac_ENSLPGG00000009380	3.283777108141531e-31	3.538907005608493e-07	Aque_Aqu2.1.28495-001;Slac_ENSLPGG00000009453	4.458325986516477e-24	2.999904205182712e-54	Aque_Aqu2.1.24982-001;Scil_g13147	3.424663280936137e-07	5.683782916379808e-62	Aque_Aqu2.1.31551-001;Scil_g7883	5.480233371944621e-11	1.162956500078495e-86	Aque_Aqu2.1.29951-001;Scil_g9014	1.9260650568679767e-29	1.3351828985732552e-05	Aque_Aqu2.1.25768-001;Scil_g2018	2.222481593243513e-07	2.3017435463103695e-07	Aque_Aqu2.1.40965-001;Slac_ENSLPGG00000017617	0.00030243385921234874	0.0016309099055657457	Aque_Aqu2.1.43539-001;Slac_ENSLPGG00000017231	1.4534280963588581e-13	0.0004343907090126274	Scil_g12820;Slac_ENSLPGG00000015099	4.7226135486708815e-49	1.2070220763616555e-10	Scil_g1483;Slac_ENSLPGG00000021520	2.479568833724734e-22	2.3251872846171974e-12	Scil_g2024;Slac_ENSLPGG00000030375	3.8482179326324794e-44	0.0009062360447060605	Scil_g5780;Slac_ENSLPGG00000007158	1.401077682156374e-56	4.969353227696443e-20				Scil_g552;Slac_ENSLPGG00000010574	8.948556207135125e-95	1.624723813509285e-05	Scil_g12781;Slac_ENSLPGG00000023276	3.220845832701209e-54	5.006232055107248e-07	Scil_g13147;Slac_ENSLPGG00000009509	1.412220224672763e-66	2.1231829488265258e-26	Scil_g13078;Slac_ENSLPGG00000014782	1.270550194124332e-16	4.809124165610324e-15						
Aque_Aqu2.1.28647-001;Scil_g9721	1.7976193812861958e-143	7.303880045324631e-90	Aque_Aqu2.1.29951-001;Scil_g9420	0.00022028134504872317	9.439730549261824e-70	Aque_Aqu2.1.40411-001;Scil_g9331	2.2516488763377489e-07	1.554259716640806e-29	Aque_Aqu2.1.34241-001;Slac_ENSLPGG00000020856	7.816229863606503e-118	1.0080776585813708e-179	Aque_Aqu2.1.41260-001;Slac_ENSLPGG00000008330	1.638108573287336e-99	2.6338898288211363e-45	Aque_Aqu2.1.40739-001;Slac_ENSLPGG00000007249	1.6754096759265384e-122	2.4016299289178353e-108	Aque_Aqu2.1.29050-001;Slac_ENSLPGG00000007086	2.39111737457902e-116	3.0736783144049152e-27	Aque_Aqu2.1.31582-001;Slac_ENSLPGG00000004808	8.349528766570313e-143	9.887267048723217e-08				Aque_Aqu2.1.18867-001;Slac_ENSLPGG00000006262	3.0539554246538726e-57	2.7928688747974693e-37				Aque_Aqu2.1.41646-001;Slac_ENSLPGG00000016551	0.0006152756546389729	4.8859809757437435e-05	Aque_Aqu2.1.43788-001;Slac_ENSLPGG00000030375	1.2849197808890718e-08	0.0009062360447060605	Aque_Aqu2.1.36606-001;Slac_ENSLPGG00000002171	5.622930540080185e-07	2.5730742542634384e-20	Aque_Aqu2.1.31900-001;Scil_g11210	1.7019153529016545e-56	0.0032434054730837423	Aque_Aqu2.1.28283-001;Slac_ENSLPGG00000006965	8.56665288335661e-23	0.0010456499946495089	Aque_Aqu2.1.38788-001;Scil_g6584	4.618568239997628e-145	0.0020938094375824523	Aque_Aqu2.1.38752-001;Slac_ENSLPGG00000014037	1.5804020643111057e-187	9.215098691457013e-15	Aque_Aqu2.1.39162-001;Slac_ENSLPGG00000015015	1.1576352078665665e-55	1.5596564314307863e-11	Aque_Aqu2.1.33622-001;Scil_g9134	1.708447263117159e-16	1.1687523273894093e-15	Aque_Aqu2.1.32559-001;Scil_g10086	0.0011159041547785943	3.0338463385256324e-05	Aque_Aqu2.1.43637-001;Scil_g13026	8.152574204947499e-32	4.1779960022114285e-20	Aque_Aqu2.1.41626-001;Scil_g10491	8.340392326773783e-11	0.00784271087426108	Aque_Aqu2.1.28223-001;Slac_ENSLPGG00000018987	1.3844036382592803e-13	1.3501043026864786e-122	Aque_Aqu2.1.40738-001;Slac_ENSLPGG00000007322	6.218782870818954e-08	1.8319456033269103e-86	Aque_Aqu2.1.28223-001;Slac_ENSLPGG00000007730	1.3844036382592803e-13	3.6133844128804866e-70	Aque_Aqu2.1.28489-001;Slac_ENSLPGG00000009453	1.2639077541595553e-28	2.3985592499326432e-20	Aque_Aqu2.1.31586-001;Slac_ENSLPGG00000015099	1.7372787348993547e-40	5.637710037603953e-09	Aque_Aqu2.1.28223-001;Slac_ENSLPGG00000007525	1.3844036382592803e-13	3.9611081585269763e-32	Aque_Aqu2.1.43555-001;Slac_ENSLPGG00000007730	9.172629855478385e-23	0.0	Aque_Aqu2.1.23247-001;Scil_g6273	9.444866831159643e-49	1.9717386606651125e-15	Aque_Aqu2.1.28488-001;Scil_g12509	2.665580690789617e-63	0.0007866762903271074	Aque_Aqu2.1.40905-001;Scil_g1157	1.6276630887661414e-22	1.1520825168030329e-29	Aque_Aqu2.1.22592-001;Scil_g9955	0.00023764189344227955	0.006997751502377119	Aque_Aqu2.1.38331-001;Slac_ENSLPGG00000025841	0.004869031541960284	9.566307786889676e-13	Aque_Aqu2.1.40608-001;Slac_ENSLPGG00000011129	1.1256965272887042e-07	1.318482494261475e-05	Scil_g13078;Slac_ENSLPGG00000014782	1.991643228201955e-20	3.5310458308772875e-55	Scil_g10140;Slac_ENSLPGG00000018774	5.963012473984281e-36	4.505355541140787e-05	Scil_g130;Slac_ENSLPGG00000008987	3.602006050929476e-46	0.005751196968137072	Scil_g2024;Slac_ENSLPGG00000012981	3.8482179326324794e-44	1.093992624089611e-41				Scil_g3071;Slac_ENSLPGG00000021503	5.950482999888198e-18	1.416254818464003e-05	Scil_g5761;Slac_ENSLPGG00000012744	4.2622160550874223e-38	0.009637538595497895	Scil_g1061;Slac_ENSLPGG00000007322	1.0251660571293946e-93	1.5533319931254813e-22	Scil_g2615;Slac_ENSLPGG00000027773	3.018554112396011e-70	1.946968380942947e-23						
Aque_Aqu2.1.20342-001;Scil_g6013	0.00010916520259784427	7.969070712082654e-52	Aque_Aqu2.1.42554-001;Scil_g7031	1.8699626977627877e-30	3.3073374555540937e-72	Aque_Aqu2.1.22050-001;Scil_g2863	0.005537657694526562	3.0158723675585595e-22	Aque_Aqu2.1.39934-001;Slac_ENSLPGG00000026505	4.277056854050607e-115	0.0	Aque_Aqu2.1.22254-001;Slac_ENSLPGG00000009254	1.7812566036149077e-133	4.904676175198076e-70	Aque_Aqu2.1.26386-001;Slac_ENSLPGG00000010983	1.5137191822064672e-111	9.834982668604445e-20	Aque_Aqu2.1.31038-001;Slac_ENSLPGG00000018181	4.65464586755458e-09	2.6290781450963708e-140	Aque_Aqu2.1.38546-001;Slac_ENSLPGG00000004809	6.064527971798808e-88	1.296616134110668e-125				Aque_Aqu2.1.25682-001;Slac_ENSLPGG00000019196	4.6746242325897114e-116	7.573985717877397e-10				Aque_Aqu2.1.43788-001;Slac_ENSLPGG00000030375	1.2849197808890718e-08	0.00031005803561051735	Aque_Aqu2.1.23818-001;Slac_ENSLPGG00000019389	5.427934060660114e-24	1.2556520133096096e-12	Aque_Aqu2.1.39671-001;Slac_ENSLPGG00000012011	4.793950567183939e-08	4.717312729499803e-15	Aque_Aqu2.1.41092-001;Scil_g7471	5.064435843593467e-16	6.980756942552647e-53	Aque_Aqu2.1.44009-001;Slac_ENSLPGG00000020586	6.829178733406637e-51	4.174689950786955e-05	Aque_Aqu2.1.33939-001;Scil_g9431	3.504474140696394e-23	2.2604854558921415e-07	Aque_Aqu2.1.42183-001;Slac_ENSLPGG00000015655	3.3931647854373665e-10	1.5555584095616784e-48	Aque_Aqu2.1.43733-001;Slac_ENSLPGG00000009760	4.248328240934453e-206	2.498785445450369e-32	Aque_Aqu2.1.40997-001;Scil_g5970	3.831716522362373e-96	6.359832455523348e-28	Aque_Aqu2.1.41892-001;Scil_g2609	5.2142493076430264e-14	2.496564254222248e-24	Aque_Aqu2.1.29423-001;Scil_g3343	1.132527475457943e-28	5.844358700394624e-07	Aque_Aqu2.1.36501-001;Scil_g16	4.0103739281320257e-07	0.005084247818925539	Aque_Aqu2.1.43555-001;Slac_ENSLPGG00000007730	9.172629855478385e-23	1.131600810454147e-278	Aque_Aqu2.1.34863-001;Slac_ENSLPGG00000012140	7.856949568546215e-16	8.571097025114353e-39	Aque_Aqu2.1.24884-001;Slac_ENSLPGG00000016023	2.088362072783549e-50	1.109699120521113e-58	Aque_Aqu2.1.33622-001;Slac_ENSLPGG00000002171	1.708447263117159e-16	3.0880155494544363e-12	Aque_Aqu2.1.39672-001;Slac_ENSLPGG00000002171	1.7219934783810546e-24	2.5730742542634384e-20	Aque_Aqu2.1.33443-001;Slac_ENSLPGG00000007730	4.986367745258103e-05	0.0	Aque_Aqu2.1.41012-001;Slac_ENSLPGG00000018391	0.00027018571509218245	1.2564638542575937e-72	Aque_Aqu2.1.29077-001;Scil_g7064	0.004321048201029846	1.868540122167865e-153	Aque_Aqu2.1.42762-001;Scil_g1846	7.811805062921284e-23	3.7072688851209574e-77	Aque_Aqu2.1.29077-001;Scil_g7064	0.004321048201029846	3.3296478760382412e-71	Aque_Aqu2.1.22809-001;Scil_g9784	2.0522297267040638e-14	0.00015058157576198404	Aque_Aqu2.1.39106-001;Slac_ENSLPGG00000007434	0.0028514414112835234	0.0010576517044978476	Aque_Aqu2.1.19258-001;Slac_ENSLPGG00000027017	0.0010247131434619572	1.1660216278845679e-12	Scil_g7598;Slac_ENSLPGG00000026540	1.49324567379754e-38	1.5286010209599225e-83	Scil_g8192;Slac_ENSLPGG00000007730	2.4409454456120322e-27	3.998399138806171e-213	Scil_g9161;Slac_ENSLPGG00000026665	2.6385043186678827e-33	0.00044511866582961653	Scil_g1098;Slac_ENSLPGG00000007158	7.599970776583826e-09	4.969353227696443e-20				Scil_g6060;Slac_ENSLPGG00000013844	1.215893018835872e-11	5.095808825073912e-72	Scil_g2024;Slac_ENSLPGG00000023276	3.8482179326324794e-44	5.006232055107248e-07	Scil_g13004;Slac_ENSLPGG00000007525	2.5514582754827525e-91	3.9611081585269763e-32	Scil_g8135;Slac_ENSLPGG00000014506	2.51499300070688e-45	7.072630103694185e-05						
Aque_Aqu2.1.31038-001;Scil_g9420	1.0272479399297856e-48	2.61542842285498e-86	Aque_Aqu2.1.41892-001;Scil_g2609	8.326661223111995e-07	5.680645443935824e-44	Aque_Aqu2.1.41892-001;Scil_g4223	8.326661223111995e-07	7.546306899746513e-32	Aque_Aqu2.1.22254-001;Slac_ENSLPGG00000009254	1.7812566036149077e-133	2.089719913428027e-254	Aque_Aqu2.1.12657-001;Slac_ENSLPGG00000004375	2.9043498226616313e-98	8.881215992027511e-49	Aque_Aqu2.1.37095-001;Slac_ENSLPGG00000011766	1.7138617390298075e-107	3.9965383187050887e-87	Aque_Aqu2.1.41064-001;Slac_ENSLPGG00000022135	8.580551927005869e-23	5.568028483822714e-24	Aque_Aqu2.1.37079-001;Slac_ENSLPGG00000014397	1.2666589382809771e-121	1.0741231000141901e-80				Aque_Aqu2.1.33740-001;Slac_ENSLPGG00000011571	3.050336161000028e-63	5.292423302095355e-37				Aque_Aqu2.1.43788-001;Slac_ENSLPGG00000014205	1.2849197808890718e-08	2.9601798466944025e-18	Aque_Aqu2.1.36606-001;Slac_ENSLPGG00000016891	5.622930540080185e-07	1.1066745948069943e-10	Aque_Aqu2.1.31388-001;Slac_ENSLPGG00000022008	0.009403421798818682	1.5589144829574547e-18	Aque_Aqu2.1.22595-001;Scil_g13161	7.399471970983939e-34	4.0556421502422845e-05	Aque_Aqu2.1.42693-001;Slac_ENSLPGG00000026194	0.009867365457725135	6.674291937003132e-10	Aque_Aqu2.1.37150-001;Scil_g2050	2.2407950092321652e-88	0.00028651022064054156	Aque_Aqu2.1.38750-001;Slac_ENSLPGG00000014037	4.160461261776937e-93	9.215098691457013e-15	Aque_Aqu2.1.19922-001;Slac_ENSLPGG00000009760	1.1973175788444056e-06	2.498785445450369e-32	Aque_Aqu2.1.39672-001;Scil_g9134	1.7219934783810546e-24	1.1687523273894093e-15	Aque_Aqu2.1.40376-001;Scil_g6432	5.626029519789693e-17	1.6907770673504376e-61	Aque_Aqu2.1.14505-001;Scil_g2018	4.1608280773534837e-17	2.733722159106803e-29	Aque_Aqu2.1.41012-001;Scil_g12881	0.00027018571509218245	3.163444423429948e-06	Aque_Aqu2.1.41892-001;Slac_ENSLPGG00000007730	5.2142493076430264e-14	1.131600810454147e-278	Aque_Aqu2.1.38390-001;Slac_ENSLPGG00000009380	3.283777108141531e-31	2.292414534820821e-11	Aque_Aqu2.1.36574-001;Slac_ENSLPGG00000012140	0.0004940940652812278	3.083781473194777e-35	Aque_Aqu2.1.44243-001;Slac_ENSLPGG00000008996	2.5819489532558422e-23	1.8020173989883424e-05	Aque_Aqu2.1.23239-001;Slac_ENSLPGG00000009625	7.943361772072874e-20	2.519694543274044e-08	Aque_Aqu2.1.41190-001;Slac_ENSLPGG00000009625	3.070020325785256e-26	9.452983638178345e-18	Aque_Aqu2.1.41190-001;Slac_ENSLPGG00000009625	3.070020325785256e-26	2.99246567559158e-33	Aque_Aqu2.1.41621-001;Scil_g12515	3.759877614692764e-06	1.905911867978329e-158	Aque_Aqu2.1.40738-001;Scil_g1061	2.1345051172444716e-09	1.0251660571293946e-93	Aque_Aqu2.1.37095-001;Scil_g6036	6.317847330705973e-12	1.0858865140163846e-41	Aque_Aqu2.1.39201-001;Scil_g5203	1.1119694902826868e-11	0.00185201542051819	Aque_Aqu2.1.19904-001;Slac_ENSLPGG00000028142	1.331970653716328e-11	8.148248345373217e-57	Aque_Aqu2.1.34463-001;Slac_ENSLPGG00000008393	0.00019160000733463742	7.280908822555512e-05	Scil_g6719;Slac_ENSLPGG00000007525	3.0362871899514263e-161	1.2026125316824048e-14	Scil_g5780;Slac_ENSLPGG00000021520	1.401077682156374e-56	2.3251872846171974e-12	Scil_g792;Slac_ENSLPGG00000030274	4.502169748278949e-85	0.001075113615995719	Scil_g12781;Slac_ENSLPGG00000012981	3.220845832701209e-54	1.093992624089611e-41				Scil_g3071;Slac_ENSLPGG00000017855	5.950482999888198e-18	0.0018345151332905534	Scil_g12781;Slac_ENSLPGG00000004729	3.220845832701209e-54	3.290049794897673e-15	Scil_g4223;Slac_ENSLPGG00000007525	1.5956933083580732e-91	3.9611081585269763e-32	Scil_g8192;Slac_ENSLPGG00000018987	1.4505713363105934e-09	3.791882775025262e-229						
Aque_Aqu2.1.43522-001;Scil_g11081	3.210211400271905e-05	1.9404863705257798e-31	Aque_Aqu2.1.44221-001;Scil_g6803	2.4142643864291954e-16	4.0147325213091934e-71	Aque_Aqu2.1.41892-001;Scil_g13004	8.326661223111995e-07	7.143850466951159e-32	Aque_Aqu2.1.34476-001;Slac_ENSLPGG00000009693	1.1365096649262665e-143	1.1307435549499394e-259	Aque_Aqu2.1.18867-001;Slac_ENSLPGG00000006262	2.2639624801972363e-67	8.460772291085661e-53	Aque_Aqu2.1.40908-001;Slac_ENSLPGG00000015371	4.597924904219899e-109	3.24982642324781e-94	Aque_Aqu2.1.18089-001;Slac_ENSLPGG00000022242	1.2135080684694851e-18	7.582033670849832e-18	Aque_Aqu2.1.24263-001;Slac_ENSLPGG00000024124	5.014452326172999e-104	3.97655136256301e-43				Aque_Aqu2.1.14128-001;Slac_ENSLPGG00000018181	3.060442523617383e-19	9.763934351042776e-46				Aque_Aqu2.1.41482-001;Slac_ENSLPGG00000021520	2.2364060071655327e-10	2.3251872846171974e-12	Aque_Aqu2.1.32548-001;Slac_ENSLPGG00000016891	0.0016118061765567644	1.1066745948069943e-10	Aque_Aqu2.1.23247-001;Slac_ENSLPGG00000013844	1.1200245995874174e-06	8.041911962726058e-49	Aque_Aqu2.1.30110-001;Scil_g12131	2.308865816166031e-15	2.2731884289040125e-05	Aque_Aqu2.1.35503-001;Slac_ENSLPGG00000022488	2.462783846913317e-07	8.88770356445492e-10	Aque_Aqu2.1.42050-001;Scil_g9431	1.3711598473476238e-18	2.2604854558921415e-07	Aque_Aqu2.1.44214-001;Slac_ENSLPGG00000015655	3.0665856474314364e-10	1.5555584095616784e-48	Aque_Aqu2.1.27307-001;Slac_ENSLPGG00000019084	1.9463641251616724e-12	1.26640156087933e-195	Aque_Aqu2.1.41892-001;Scil_g6719	5.2142493076430264e-14	3.0362871899514263e-161	Aque_Aqu2.1.37883-001;Scil_g7865	1.8087879056502434e-19	3.759490286505337e-12	Aque_Aqu2.1.28297-001;Scil_g10615	0.0038419638920887426	0.0013117315698374847	Aque_Aqu2.1.41989-001;Scil_g6588	7.953537235757875e-32	4.4264239314045315e-07	Aque_Aqu2.1.29497-001;Slac_ENSLPGG00000014782	6.077919633614359e-57	3.5310458308772875e-55	Aque_Aqu2.1.28214-001;Slac_ENSLPGG00000029934	8.244866599655472e-18	0.0007193067221844002	Aque_Aqu2.1.40044-001;Slac_ENSLPGG00000010574	2.8322222814374473e-28	0.0002587691405966822	Aque_Aqu2.1.44221-001;Slac_ENSLPGG00000018391	5.994069235373014e-92	8.557416813620929e-05	Aque_Aqu2.1.30867-001;Slac_ENSLPGG00000007158	1.3309245062395783e-20	4.969353227696443e-20	Aque_Aqu2.1.24276-001;Slac_ENSLPGG00000022619	2.486556444344543e-15	2.437952895121367e-10	Aque_Aqu2.1.38390-001;Slac_ENSLPGG00000009380	3.283777108141531e-31	1.0137715312229105e-09	Aque_Aqu2.1.28223-001;Scil_g4335	0.0001247782164728605	5.245099565983861e-148	Aque_Aqu2.1.15643-001;Scil_g12920	3.5061256830003928e-12	3.023684228629527e-07	Aque_Aqu2.1.14128-001;Scil_g9420	0.0056228831372082165	9.439730549261824e-70	Aque_Aqu2.1.28495-001;Scil_g13076	0.006057884025687582	0.005449818319023749	Aque_Aqu2.1.25926-001;Slac_ENSLPGG00000006437	1.3908453543414288e-08	1.966565968935209e-74	Aque_Aqu2.1.42203-001;Slac_ENSLPGG00000021186	3.7598373078532615e-09	4.6642969300092515e-92	Scil_g6719;Slac_ENSLPGG00000011839	3.0362871899514263e-161	1.90611515788076e-10	Scil_g1098;Slac_ENSLPGG00000021520	7.599970776583826e-09	2.3251872846171974e-12	Scil_g1350;Slac_ENSLPGG00000015655	1.7852689279252667e-48	2.5317165897381096e-09	Scil_g6060;Slac_ENSLPGG00000013844	1.215893018835872e-11	8.041911962726058e-49				Scil_g2622;Slac_ENSLPGG00000015631	3.030870204098419e-17	4.787190414733341e-18	Scil_g552;Slac_ENSLPGG00000010574	8.948556207135125e-95	1.422245420678335e-29	Scil_g4240;Slac_ENSLPGG00000018987	3.593482504157775e-10	4.5516359055595116e-128	Scil_g13078;Slac_ENSLPGG00000014506	1.270550194124332e-16	7.072630103694185e-05						
Aque_Aqu2.1.44221-001;Scil_g8991	2.4142643864291954e-16	8.077586658047253e-05	Aque_Aqu2.1.29497-001;Scil_g1157	1.613969228591092e-36	1.1520825168030329e-29	Aque_Aqu2.1.34344-001;Scil_g7064	4.469710923167695e-16	3.4262948941657927e-34	Aque_Aqu2.1.38191-001;Slac_ENSLPGG00000001288	5.740348681209968e-44	4.0556484159166975e-43	Aque_Aqu2.1.40409-001;Slac_ENSLPGG00000002404	2.5626223762526347e-95	3.717221470772377e-60	Aque_Aqu2.1.37747-001;Slac_ENSLPGG00000010195	1.520304058493942e-143	2.1728558564461395e-216	Aque_Aqu2.1.24985-001;Slac_ENSLPGG00000008927	1.6706084117909457e-19	4.196537548175195e-39	Aque_Aqu2.1.26386-001;Slac_ENSLPGG00000010983	2.0957315784869368e-55	1.2639473249977928e-27				Aque_Aqu2.1.31582-001;Slac_ENSLPGG00000004808	8.349528766570313e-143	2.025464160996954e-05				Aque_Aqu2.1.37137-001;Slac_ENSLPGG00000022031	1.643277675461539e-16	9.300342416746377e-05	Aque_Aqu2.1.24981-001;Slac_ENSLPGG00000009456	2.561124602315965e-06	5.660643526030502e-31	Aque_Aqu2.1.35211-001;Slac_ENSLPGG00000013069	1.877257799674659e-21	1.1207523709477493e-09	Aque_Aqu2.1.26655-001;Scil_g11106	1.8393539562983328e-23	5.625711319294789e-12	Aque_Aqu2.1.36076-001;Slac_ENSLPGG00000021272	0.005164206410856717	2.037304605834763e-05	Aque_Aqu2.1.43823-001;Scil_g10711	1.7286420234835063e-58	9.234371273624221e-05	Aque_Aqu2.1.35119-001;Slac_ENSLPGG00000015631	1.8070548054903732e-84	8.896789141331552e-11	Aque_Aqu2.1.43733-001;Slac_ENSLPGG00000015015	4.248328240934453e-206	1.5596564314307863e-11	Aque_Aqu2.1.29497-001;Scil_g8135	6.077919633614359e-57	4.886659234752376e-97	Aque_Aqu2.1.29076-001;Scil_g119	8.254780582515275e-21	6.863192564336938e-73	Aque_Aqu2.1.38146-001;Scil_g12881	6.387586082111135e-11	1.0851888983137767e-08	Aque_Aqu2.1.43536-001;Scil_g2793	3.1456270560029736e-13	0.00970677088086028	Aque_Aqu2.1.37962-001;Slac_ENSLPGG00000015297	8.655414198411728e-23	1.470438540824872e-11	Aque_Aqu2.1.23239-001;Slac_ENSLPGG00000005134	7.943361772072874e-20	3.881947193937805e-19	Aque_Aqu2.1.41892-001;Slac_ENSLPGG00000007525	5.2142493076430264e-14	1.0828951260361905e-08	Aque_Aqu2.1.31586-001;Slac_ENSLPGG00000015099	1.7372787348993547e-40	5.6665494261985154e-05	Aque_Aqu2.1.41012-001;Slac_ENSLPGG00000012949	0.00027018571509218245	1.3118302926245022e-127	Aque_Aqu2.1.38554-001;Slac_ENSLPGG00000009380	3.744897044029404e-35	3.538907005608493e-07	Aque_Aqu2.1.41012-001;Slac_ENSLPGG00000012949	0.00027018571509218245	0.0	Aque_Aqu2.1.40905-001;Scil_g1157	1.6276630887661414e-22	2.322958709820274e-49	Aque_Aqu2.1.28214-001;Scil_g8568	8.636946883713957e-34	0.00017243049440109892	Aque_Aqu2.1.37082-001;Scil_g4929	4.576776467650785e-15	3.464830970332022e-64	Aque_Aqu2.1.28495-001;Scil_g5104	0.006057884025687582	0.009759025009889422	Aque_Aqu2.1.32600-001;Slac_ENSLPGG00000009612	9.637304403364936e-05	0.00011351860522038327	Aque_Aqu2.1.23244-001;Slac_ENSLPGG00000017421	0.0006147344884710201	9.534779600101189e-12	Scil_g9134;Slac_ENSLPGG00000002171	1.1687523273894093e-15	7.388655311919578e-20	Scil_g8299;Slac_ENSLPGG00000019726	3.997779389256044e-103	1.6706628061377998e-112	Scil_g13539;Slac_ENSLPGG00000008987	1.1454364321341173e-47	0.005751196968137072	Scil_g1483;Slac_ENSLPGG00000021520	2.479568833724734e-22	0.008152652185200318				Scil_g2024;Slac_ENSLPGG00000004970	3.8482179326324794e-44	4.764937774578338e-06	Scil_g2793;Slac_ENSLPGG00000017855	1.1197019573576427e-08	1.3038842899301157e-06	Scil_g711;Slac_ENSLPGG00000012140	1.6403300221547616e-14	1.0581014950202239e-19	Scil_g9850;Slac_ENSLPGG00000008750	7.256824191226701e-09	8.530991638627806e-36						
Aque_Aqu2.1.29951-001;Scil_g9014	0.00022028134504872317	0.0027978391910432904	Aque_Aqu2.1.44221-001;Scil_g877	2.4142643864291954e-16	3.436755750647432e-72	Aque_Aqu2.1.27224-001;Scil_g4378	6.85573730359377e-63	5.054538099782425e-13	Aque_Aqu2.1.42490-001;Slac_ENSLPGG00000011256	3.576635191646024e-93	8.73622077107101e-237	Aque_Aqu2.1.33925-001;Slac_ENSLPGG00000001999	4.33182089821621e-115	6.060434077213703e-61	Aque_Aqu2.1.35782-001;Slac_ENSLPGG00000006246	1.2434888697369219e-92	6.07847997568808e-119	Aque_Aqu2.1.28091-001;Slac_ENSLPGG00000011974	3.2719744868010964e-115	7.350183021917888e-45	Aque_Aqu2.1.37079-001;Slac_ENSLPGG00000011571	1.2666589382809771e-121	9.652291852964913e-17				Aque_Aqu2.1.24263-001;Slac_ENSLPGG00000024124	5.014452326172999e-104	5.768415247512365e-35				Aque_Aqu2.1.31388-001;Slac_ENSLPGG00000022008	0.009403421798818682	2.0774272697276016e-77	Aque_Aqu2.1.36606-001;Slac_ENSLPGG00000002171	5.622930540080185e-07	2.0039843010385572e-48	Aque_Aqu2.1.41482-001;Slac_ENSLPGG00000007158	2.2364060071655327e-10	4.969353227696443e-20	Aque_Aqu2.1.31188-001;Scil_g903	8.318870552032165e-114	0.0008332685915331989	Aque_Aqu2.1.42183-001;Slac_ENSLPGG00000015655	6.985331522353285e-12	1.5555584095616784e-48	Aque_Aqu2.1.22595-001;Scil_g13161	7.386844825560136e-36	4.0556421502422845e-05	Aque_Aqu2.1.44218-001;Slac_ENSLPGG00000015655	2.1931163753421432e-08	1.5555584095616784e-48	Aque_Aqu2.1.23702-001;Slac_ENSLPGG00000020158	1.716826897513764e-115	1.2616917444537784e-05	Aque_Aqu2.1.29098-001;Scil_g5478	0.0022163606697167436	1.5061464715015508e-67	Aque_Aqu2.1.28223-001;Scil_g8192	1.3844036382592803e-13	2.4409454456120322e-27	Aque_Aqu2.1.20046-001;Scil_g12617	0.00911986550103098	1.765299572460316e-08	Aque_Aqu2.1.29098-001;Scil_g5477	0.0022163606697167436	0.0011470396479952396	Aque_Aqu2.1.44221-001;Slac_ENSLPGG00000012949	5.994069235373014e-92	2.5981849991575668e-160	Aque_Aqu2.1.41190-001;Slac_ENSLPGG00000009625	3.070020325785256e-26	1.2756775077314428e-25	Aque_Aqu2.1.40738-001;Slac_ENSLPGG00000007322	6.218782870818954e-08	1.3800881795140993e-25	Aque_Aqu2.1.44243-001;Slac_ENSLPGG00000021186	2.5819489532558422e-23	2.411558428950339e-13	Aque_Aqu2.1.34140-001;Slac_ENSLPGG00000007158	1.0121820050408576e-29	4.969353227696443e-20	Aque_Aqu2.1.36565-001;Slac_ENSLPGG00000020706	4.250044864508634e-18	0.00019249484478877987	Aque_Aqu2.1.38554-001;Slac_ENSLPGG00000009380	3.744897044029404e-35	1.0137715312229105e-09	Aque_Aqu2.1.37082-001;Scil_g4929	4.576776467650785e-15	2.6638120184522244e-128	Aque_Aqu2.1.44221-001;Scil_g10508	1.0164839656097992e-72	2.434685400033953e-60	Aque_Aqu2.1.31586-001;Scil_g2493	1.891188349453035e-06	8.396436553490569e-72	Aque_Aqu2.1.34344-001;Scil_g119	3.446233640261568e-06	0.0016129262706398749	Aque_Aqu2.1.39901-001;Slac_ENSLPGG00000027633	0.00010473551507641958	3.094121459568453e-17	Aque_Aqu2.1.40905-001;Slac_ENSLPGG00000015198	1.5343978603673963e-12	4.591205690629712e-20	Scil_g9750;Slac_ENSLPGG00000026194	6.723224112689725e-10	1.969891307800923e-05	Scil_g1350;Slac_ENSLPGG00000015655	1.7852689279252667e-48	1.5732646119188781e-15	Scil_g10145;Slac_ENSLPGG00000023276	2.2288680991354423e-38	1.4295563297452558e-07	Scil_g1483;Slac_ENSLPGG00000001139	2.479568833724734e-22	1.0794946248240394e-08				Scil_g2615;Slac_ENSLPGG00000027773	1.3588690071563008e-97	2.3319795781240976e-06	Scil_g6477;Slac_ENSLPGG00000011166	0.0062350988250728465	5.04182772083394e-32	Scil_g13004;Slac_ENSLPGG00000011839	2.5514582754827525e-91	6.871823708419816e-06	Scil_g10140;Slac_ENSLPGG00000015562	6.301139309833466e-34	0.008175833913661248						
Aque_Aqu2.1.40905-001;Scil_g1157	9.527533673684782e-19	5.371096108950538e-15	Aque_Aqu2.1.37082-001;Scil_g4929	2.1405282321111328e-32	3.464830970332022e-64	Aque_Aqu2.1.37818-001;Scil_g8574	1.1042169105070999e-65	8.781818811763976e-12	Aque_Aqu2.1.27559-001;Slac_ENSLPGG00000010731	3.744327577318277e-75	9.675335389896591e-267	Aque_Aqu2.1.39934-001;Slac_ENSLPGG00000026505	4.277056854050607e-115	2.767133168938679e-70	Aque_Aqu2.1.37079-001;Slac_ENSLPGG00000011571	6.987535709667499e-114	4.118572692355889e-69	Aque_Aqu2.1.29951-001;Slac_ENSLPGG00000018181	7.041483357496104e-06	2.6290781450963708e-140	Aque_Aqu2.1.12657-001;Slac_ENSLPGG00000004375	4.1751534788856684e-103	9.01354663239435e-19				Aque_Aqu2.1.37095-001;Slac_ENSLPGG00000011766	2.578541513280855e-81	3.067324330221318e-62				Aque_Aqu2.1.26998-001;Slac_ENSLPGG00000019065	3.197778486344573e-06	3.1496785989591547e-07	Aque_Aqu2.1.33622-001;Slac_ENSLPGG00000016891	3.31852085524485e-07	1.1066745948069943e-10	Aque_Aqu2.1.44218-001;Slac_ENSLPGG00000015655	1.5630724984533242e-08	3.8185501242099067e-13	Aque_Aqu2.1.33558-001;Scil_g7992	7.66292357396136e-06	2.2364116420560273e-30	Aque_Aqu2.1.44104-001;Slac_ENSLPGG00000013804	1.0271464132257017e-50	3.586733440963688e-08	Aque_Aqu2.1.44140-001;Scil_g4190	3.48170003993214e-101	1.976243892774613e-57	Aque_Aqu2.1.35571-001;Slac_ENSLPGG00000010608	8.48223539700348e-12	1.4294544322162747e-07	Aque_Aqu2.1.27307-001;Slac_ENSLPGG00000017177	1.9463641251616724e-12	5.93110898396368e-142	Aque_Aqu2.1.20823-001;Scil_g13611	4.661500901187919e-17	8.156316910224347e-05	Aque_Aqu2.1.42065-001;Scil_g10015	5.305955151225863e-07	5.102593283167871e-54	Aque_Aqu2.1.33569-001;Scil_g150	2.0678574586144797e-11	7.530366217897868e-05	Aque_Aqu2.1.36440-001;Scil_g7991	0.0004578582749838875	0.003518878456326464	Aque_Aqu2.1.23692-001;Slac_ENSLPGG00000026194	1.2841772084763492e-19	1.969891307800923e-05	Aque_Aqu2.1.40997-001;Slac_ENSLPGG00000019726	3.831716522362373e-96	3.693794179985513e-95	Aque_Aqu2.1.23239-001;Slac_ENSLPGG00000005134	7.943361772072874e-20	0.0006442799892046742	Aque_Aqu2.1.23239-001;Slac_ENSLPGG00000009380	7.943361772072874e-20	0.00031224632296336636	Aque_Aqu2.1.14505-001;Slac_ENSLPGG00000012981	4.1608280773534837e-17	1.093992624089611e-41	Aque_Aqu2.1.14505-001;Slac_ENSLPGG00000014205	4.1608280773534837e-17	1.1536648230263885e-25	Aque_Aqu2.1.43637-001;Slac_ENSLPGG00000029928	8.152574204947499e-32	5.964734464321405e-23	Aque_Aqu2.1.33928-001;Scil_g7064	1.7070164772059762e-09	1.868540122167865e-153	Aque_Aqu2.1.31586-001;Scil_g2493	1.891188349453035e-06	1.562110105586015e-93	Aque_Aqu2.1.29497-001;Scil_g2541	1.2112662309644303e-77	3.475334919449621e-07	Aque_Aqu2.1.29077-001;Scil_g119	0.005255923105137176	0.0016129262706398749	Aque_Aqu2.1.29864-001;Slac_ENSLPGG00000015073	0.006566079114390827	0.0003519818285906026	Aque_Aqu2.1.28489-001;Slac_ENSLPGG00000009116	9.545208622355646e-11	1.938637425975692e-130	Scil_g5477;Slac_ENSLPGG00000015099	7.031449584470436e-17	1.2070220763616555e-10	Scil_g3071;Slac_ENSLPGG00000021503	5.950482999888198e-18	2.2972828260652025e-10	Scil_g9850;Slac_ENSLPGG00000023963	2.9609292285413797e-44	6.68653400023443e-06	Scil_g428;Slac_ENSLPGG00000008220	1.1757209573410568e-27	1.5390604154245675e-65				Scil_g1350;Slac_ENSLPGG00000007955	1.7852689279252667e-48	0.0002833925610906631	Scil_g2024;Slac_ENSLPGG00000004729	3.8482179326324794e-44	3.290049794897673e-15	Scil_g2609;Slac_ENSLPGG00000007525	1.5111048112200333e-68	3.9611081585269763e-32	Scil_g3071;Slac_ENSLPGG00000017855	1.9717722871071344e-22	0.0001249377116177873						
Aque_Aqu2.1.35741-001;Scil_g3758	0.00040754156009998287	1.0245850626031124e-14	Aque_Aqu2.1.24376-001;Scil_g2266	3.214491794611835e-10	1.1050863650811988e-22	Aque_Aqu2.1.34429-001;Scil_g10574	7.854915848010625e-74	1.7075340465356573e-30	Aque_Aqu2.1.07543-001;Slac_ENSLPGG00000028683	5.249550863120593e-114	4.6375173078021236e-76	Aque_Aqu2.1.24263-001;Slac_ENSLPGG00000024124	6.882511556510769e-115	7.925025966358434e-54	Aque_Aqu2.1.15787-001;Slac_ENSLPGG00000026812	7.592400004336438e-49	2.8191049339599397e-148	Aque_Aqu2.1.36579-001;Slac_ENSLPGG00000005401	2.7181831547122596e-07	4.653768747135923e-110	Aque_Aqu2.1.43837-001;Slac_ENSLPGG00000030026	3.633913239667285e-111	1.8075330271513827e-63				Aque_Aqu2.1.37747-001;Slac_ENSLPGG00000010195	6.655105223624536e-120	2.896743808193686e-104				Aque_Aqu2.1.37112-001;Slac_ENSLPGG00000014949	7.988764884310961e-19	2.5978137145777256e-54	Aque_Aqu2.1.26998-001;Slac_ENSLPGG00000019065	3.197778486344573e-06	5.413313929192906e-06	Aque_Aqu2.1.26998-001;Slac_ENSLPGG00000021520	3.197778486344573e-06	0.008152652185200318	Aque_Aqu2.1.22426-001;Scil_g12516	5.603482903153722e-37	0.0018996243963378607	Aque_Aqu2.1.41386-001;Slac_ENSLPGG00000026030	1.2320508331074966e-08	2.630440636098749e-06	Aque_Aqu2.1.26125-001;Scil_g6241	2.176163322493905e-52	2.833157647881633e-12	Aque_Aqu2.1.34848-001;Slac_ENSLPGG00000007243	1.661784128891757e-14	8.006524902330374e-19	Aque_Aqu2.1.38652-001;Slac_ENSLPGG00000020158	6.553332235418639e-27	1.2616917444537784e-05	Aque_Aqu2.1.40626-001;Scil_g8442	2.0828712796913788e-07	4.154237575697343e-12	Aque_Aqu2.1.43637-001;Scil_g13000	8.152574204947499e-32	7.650787255511761e-23	Aque_Aqu2.1.26544-001;Scil_g11801	4.919226733692524e-08	1.2303227575078665e-43	Aque_Aqu2.1.28497-001;Scil_g12942	6.265744639493593e-06	0.00031586599501994467	Aque_Aqu2.1.41892-001;Slac_ENSLPGG00000018987	5.2142493076430264e-14	1.3501043026864786e-122	Aque_Aqu2.1.43313-001;Slac_ENSLPGG00000005552	5.488228930951967e-29	5.697022209628562e-08	Aque_Aqu2.1.23239-001;Slac_ENSLPGG00000009380	7.943361772072874e-20	0.003013857873698455	Aque_Aqu2.1.21880-001;Slac_ENSLPGG00000008528	1.2898596676934027e-28	9.878757970640386e-09	Aque_Aqu2.1.31379-001;Slac_ENSLPGG00000001057	3.461111847443033e-18	0.004855931232394134	Aque_Aqu2.1.33443-001;Slac_ENSLPGG00000018987	4.986367745258103e-05	4.5516359055595116e-128	Aque_Aqu2.1.36580-001;Slac_ENSLPGG00000006910	0.00012213328003275967	2.4164234743387998e-23	Aque_Aqu2.1.14505-001;Scil_g12659	7.790561052606891e-22	4.1220797025949996e-13	Aque_Aqu2.1.28223-001;Scil_g13004	0.0001247782164728605	2.5514582754827525e-91	Aque_Aqu2.1.26684-001;Scil_g1710	1.2107904022326297e-05	3.602405986873582e-60				Aque_Aqu2.1.25304-001;Slac_ENSLPGG00000008965	0.0003040400361367495	8.041779839829194e-05	Aque_Aqu2.1.34242-001;Slac_ENSLPGG00000003042	2.6636952879978064e-11	2.521055910025255e-41	Scil_g786;Slac_ENSLPGG00000003499	2.650741793765918e-111	0.0031864609528664224	Scil_g2609;Slac_ENSLPGG00000011839	2.496564254222248e-24	3.187901163744036e-05	Scil_g13127;Slac_ENSLPGG00000012140	1.1909346607224929e-09	0.0011067438588838036	Scil_g3806;Slac_ENSLPGG00000011166	3.452312820229575e-05	7.03707662095056e-13				Scil_g8186;Slac_ENSLPGG00000018391	2.027576154248112e-06	1.083666763670672e-22	Scil_g2939;Slac_ENSLPGG00000007325	1.0611989525191513e-05	3.439389409716167e-13	Scil_g4223;Slac_ENSLPGG00000011839	1.5956933083580732e-91	6.871823708419816e-06	Scil_g5638;Slac_ENSLPGG00000025835	7.143601088666178e-28	7.85761304520845e-10						
Aque_Aqu2.1.14128-001;Scil_g9420	2.4522134152092073e-15	2.61542842285498e-86	Aque_Aqu2.1.22535-001;Scil_g130	7.166399470023436e-67	1.1639739734115758e-43	Aque_Aqu2.1.39927-001;Scil_g4378	2.100681945699731e-42	5.054538099782425e-13	Aque_Aqu2.1.36105-001;Slac_ENSLPGG00000022449	8.927728054109878e-36	3.378233621973844e-73	Aque_Aqu2.1.32963-001;Slac_ENSLPGG00000006527	4.7320394813194234e-185	0.00010759640320559511	Aque_Aqu2.1.18688-001;Slac_ENSLPGG00000019766	1.5079384116635895e-120	4.543643521587524e-77	Aque_Aqu2.1.44246-001;Slac_ENSLPGG00000026851	3.391147140136296e-49	3.1378676356872758e-09	Aque_Aqu2.1.43341-001;Slac_ENSLPGG00000007608	1.0437843238720978e-84	6.2574333441643226e-114				Aque_Aqu2.1.42490-001;Slac_ENSLPGG00000011256	1.94471897413777e-79	1.325616109535399e-36				Aque_Aqu2.1.35513-001;Slac_ENSLPGG00000013069	8.033421574211273e-25	4.510390699375658e-16	Aque_Aqu2.1.32548-001;Slac_ENSLPGG00000002171	0.0016118061765567644	2.0039843010385572e-48	Aque_Aqu2.1.24987-001;Slac_ENSLPGG00000003239	1.6948309903525678e-12	0.00011648380655189963	Aque_Aqu2.1.28492-001;Scil_g5104	1.0134123622564161e-101	1.0482033334351304e-18	Aque_Aqu2.1.43986-001;Slac_ENSLPGG00000003719	2.1923231774007254e-05	2.9232553204569993e-05	Aque_Aqu2.1.25858-001;Scil_g6189	5.683206485678387e-42	3.078981561582129e-05	Aque_Aqu2.1.32241-001;Slac_ENSLPGG00000023350	9.446383970278894e-11	0.0009776894267064676	Aque_Aqu2.1.27307-001;Slac_ENSLPGG00000020578	1.9463641251616724e-12	1.0679719099689804e-56	Aque_Aqu2.1.23239-001;Scil_g12335	7.943361772072874e-20	8.988864806702545e-09	Aque_Aqu2.1.28294-001;Scil_g7865	1.3804396387632021e-27	3.759490286505337e-12	Aque_Aqu2.1.39919-001;Scil_g2615	2.486254135103664e-07	3.018554112396011e-70	Aque_Aqu2.1.08677-001;Scil_g130	7.208488648075431e-16	0.0005872798189178453	Aque_Aqu2.1.23371-001;Slac_ENSLPGG00000028025	2.814354895128478e-35	1.9481484135242517e-27	Aque_Aqu2.1.28223-001;Slac_ENSLPGG00000007730	1.3844036382592803e-13	1.5161634843722148e-162	Aque_Aqu2.1.43593-001;Slac_ENSLPGG00000018847	8.586562641087733e-13	0.004603691855066871	Aque_Aqu2.1.43252-001;Slac_ENSLPGG00000027461	1.118841022757129e-86	0.0044535470809418595	Aque_Aqu2.1.43536-001;Slac_ENSLPGG00000021503	3.1456270560029736e-13	1.4941861561574097e-08	Aque_Aqu2.1.23239-001;Slac_ENSLPGG00000005134	7.943361772072874e-20	8.764793364384847e-09	Aque_Aqu2.1.28294-001;Slac_ENSLPGG00000019578	1.3804396387632021e-27	0.0048945557979933815	Aque_Aqu2.1.29382-001;Scil_g1622	3.2854407279747734e-26	1.7888985164881312e-09	Aque_Aqu2.1.28223-001;Scil_g4223	0.0001247782164728605	1.5956933083580732e-91	Aque_Aqu2.1.39672-001;Scil_g1846	4.853247615656722e-15	2.6571136541369326e-45				Aque_Aqu2.1.39203-001;Slac_ENSLPGG00000023764	1.1233610661314817e-06	4.716362101857494e-16	Aque_Aqu2.1.14505-001;Slac_ENSLPGG00000012981	0.0012907827016655612	1.9635955399465848e-264	Scil_g9134;Slac_ENSLPGG00000021127	1.1687523273894093e-15	1.5465846751523873e-05	Scil_g10145;Slac_ENSLPGG00000023276	2.2288680991354423e-38	2.5606162884543817e-13	Scil_g5780;Slac_ENSLPGG00000001139	1.401077682156374e-56	1.364164359996385e-34	Scil_g2624;Slac_ENSLPGG00000026946	1.2445680806480602e-07	1.1849962257611876e-16				Scil_g3808;Slac_ENSLPGG00000002140	5.286844345780048e-33	6.326684312611941e-13	Scil_g130;Slac_ENSLPGG00000008987	3.602006050929476e-46	0.001852208764674488	Scil_g711;Slac_ENSLPGG00000014139	1.6403300221547616e-14	0.004431977374033645	Scil_g2024;Slac_ENSLPGG00000002251	4.646532910031047e-06	1.0703518826219367e-12						
Aque_Aqu2.1.29497-001;Scil_g1157	1.613969228591092e-36	5.371096108950538e-15	Aque_Aqu2.1.35741-001;Scil_g3758	0.00040754156009998287	2.1583588494206575e-26	Aque_Aqu2.1.41302-001;Scil_g10741	3.049277438668542e-10	2.6729687176868007e-32	Aque_Aqu2.1.18688-001;Slac_ENSLPGG00000019766	1.5079384116635895e-120	4.597560006924467e-208	Aque_Aqu2.1.44138-001;Slac_ENSLPGG00000009965	8.430793710552281e-94	1.1911656614007344e-70	Aque_Aqu2.1.21796-001;Slac_ENSLPGG00000020424	1.2188109824148507e-117	3.3723137177230222e-102	Aque_Aqu2.1.16620-001;Slac_ENSLPGG00000007363	5.117152723494208e-38	1.0730688891472475e-22	Aque_Aqu2.1.41031-001;Slac_ENSLPGG00000009534	2.3093169778093483e-162	0.000439389940072158				Aque_Aqu2.1.43964-001;Slac_ENSLPGG00000027192	5.5993745342701726e-92	3.125500261253901e-08				Aque_Aqu2.1.23245-001;Slac_ENSLPGG00000013844	6.412219767578961e-13	1.7058538510207692e-102	Aque_Aqu2.1.35513-001;Slac_ENSLPGG00000013069	8.033421574211273e-25	2.228833167443332e-21	Aque_Aqu2.1.38750-001;Slac_ENSLPGG00000013069	2.625604464614801e-12	1.1207523709477493e-09	Aque_Aqu2.1.42687-001;Scil_g6294	8.784316904396701e-141	2.7765686066162216e-06	Aque_Aqu2.1.41583-001;Slac_ENSLPGG00000000967	2.627667865706224e-26	1.6969914153055907e-11	Aque_Aqu2.1.23244-001;Scil_g6060	1.0885934844745446e-29	5.92890919771049e-08	Aque_Aqu2.1.36223-001;Slac_ENSLPGG00000026242	1.4394008307679529e-11	1.0657543622773938e-09	Aque_Aqu2.1.27307-001;Slac_ENSLPGG00000020866	1.9463641251616724e-12	1.408090205453169e-51	Aque_Aqu2.1.42762-001;Scil_g9134	1.0081478109652569e-17	1.1687523273894093e-15	Aque_Aqu2.1.29081-001;Scil_g119	7.183480367196946e-22	6.863192564336938e-73	Aque_Aqu2.1.41012-001;Scil_g12881	0.00027018571509218245	1.0851888983137767e-08	Aque_Aqu2.1.29496-001;Scil_g8135	0.0005693519180481434	6.613510251588844e-11	Aque_Aqu2.1.33443-001;Slac_ENSLPGG00000007730	4.986367745258103e-05	1.131600810454147e-278	Aque_Aqu2.1.43555-001;Slac_ENSLPGG00000007730	9.172629855478385e-23	1.5161634843722148e-162	Aque_Aqu2.1.29497-001;Slac_ENSLPGG00000014782	6.077919633614359e-57	1.0509840262664914e-07	Aque_Aqu2.1.23239-001;Slac_ENSLPGG00000009625	7.943361772072874e-20	0.0006686198455407605	Aque_Aqu2.1.38146-001;Slac_ENSLPGG00000018391	6.387586082111135e-11	4.275284328708301e-12	Aque_Aqu2.1.38146-001;Slac_ENSLPGG00000018391	6.387586082111135e-11	1.083666763670672e-22	Aque_Aqu2.1.41892-001;Slac_ENSLPGG00000007730	5.2142493076430264e-14	0.0	Aque_Aqu2.1.43276-001;Scil_g4517	1.2417305666889384e-72	1.501104113340493e-13	Aque_Aqu2.1.25578-001;Scil_g2191	0.005312301831445139	1.2017223918186125e-22	Aque_Aqu2.1.33928-001;Scil_g7064	1.7070164772059762e-09	3.3296478760382412e-71				Aque_Aqu2.1.30847-001;Slac_ENSLPGG00000006723	1.0199974448186124e-12	1.0097123505710865e-270	Aque_Aqu2.1.40905-001;Slac_ENSLPGG00000011374	1.5343978603673963e-12	7.246167802767974e-21	Scil_g10140;Slac_ENSLPGG00000018774	7.029809022088953e-33	3.4238613652926317e-09	Scil_g2024;Slac_ENSLPGG00000004970	3.8482179326324794e-44	1.5238722052242332e-14	Scil_g1483;Slac_ENSLPGG00000001139	2.479568833724734e-22	1.364164359996385e-34	Scil_g13000;Slac_ENSLPGG00000029928	7.650787255511761e-23	2.1173701999032286e-16				Scil_g6432;Slac_ENSLPGG00000001593	1.6907770673504376e-61	6.425695846049782e-09	Scil_g13539;Slac_ENSLPGG00000012055	1.1454364321341173e-47	4.0874491108281004e-05	Scil_g6803;Slac_ENSLPGG00000018391	2.221893686373928e-86	1.083666763670672e-22	Scil_g254;Slac_ENSLPGG00000018987	0.00017210202930432919	3.791882775025262e-229						
Aque_Aqu2.1.36280-001;Scil_g11065	3.288773730928107e-103	3.6002732481811173e-92	Aque_Aqu2.1.34247-001;Scil_g9014	5.995179413289e-67	1.3351828985732552e-05	Aque_Aqu2.1.22535-001;Scil_g13539	7.166399470023436e-67	7.624477674729089e-19	Aque_Aqu2.1.44014-001;Slac_ENSLPGG00000009021	1.3224867554283511e-120	2.180674028483158e-84	Aque_Aqu2.1.35782-001;Slac_ENSLPGG00000006246	1.2434888697369219e-92	1.5296111144191326e-60	Aque_Aqu2.1.19270-001;Slac_ENSLPGG00000014669	3.5649902187242884e-79	4.906275970111657e-27	Aque_Aqu2.1.18688-001;Slac_ENSLPGG00000019766	3.3105307818191595e-103	1.702194036238849e-29	Aque_Aqu2.1.27559-001;Slac_ENSLPGG00000010731	5.710407786706235e-63	5.5460858294258525e-49				Aque_Aqu2.1.40409-001;Slac_ENSLPGG00000002404	9.41931952184278e-85	1.0897632774817543e-34				Aque_Aqu2.1.32548-001;Slac_ENSLPGG00000010506	0.0016118061765567644	1.6813378010395353e-09	Aque_Aqu2.1.22786-001;Slac_ENSLPGG00000017086	2.8331152605496287e-05	2.5231966930471065e-17	Aque_Aqu2.1.01979-001;Slac_ENSLPGG00000007158	0.007012591066954428	4.969353227696443e-20	Aque_Aqu2.1.11170-001;Scil_g3388	7.985673239814531e-25	4.153586111703442e-07	Aque_Aqu2.1.36608-001;Slac_ENSLPGG00000019073	4.695796899148006e-74	8.534002921826472e-09	Aque_Aqu2.1.14221-001;Scil_g6643	1.4043050483582324e-14	2.2696328158478815e-18	Aque_Aqu2.1.36125-001;Slac_ENSLPGG00000020586	3.31080923134324e-59	4.174689950786955e-05	Aque_Aqu2.1.27307-001;Slac_ENSLPGG00000010570	1.9463641251616724e-12	2.0632134805623925e-53	Aque_Aqu2.1.09944-001;Scil_g13430	0.004804262408180055	5.4415909022841374e-14	Aque_Aqu2.1.29077-001;Scil_g119	1.3133214504172145e-07	6.863192564336938e-73	Aque_Aqu2.1.28495-001;Scil_g12942	4.458325986516477e-24	3.288766255208576e-05	Aque_Aqu2.1.38146-001;Scil_g10140	6.387586082111135e-11	0.0009539565805784388	Aque_Aqu2.1.39671-001;Slac_ENSLPGG00000012011	5.6277730716785066e-24	1.1043109540803633e-23	Aque_Aqu2.1.43326-001;Slac_ENSLPGG00000005552	1.4712455480465753e-26	5.697022209628562e-08	Aque_Aqu2.1.44280-001;Slac_ENSLPGG00000021800	1.013546532817293e-30	6.384104411150646e-06	Aque_Aqu2.1.24987-001;Slac_ENSLPGG00000003239	1.0504102619364857e-17	0.0024448657731185493	Aque_Aqu2.1.41190-001;Slac_ENSLPGG00000009625	3.070020325785256e-26	2.519694543274044e-08	Aque_Aqu2.1.14505-001;Slac_ENSLPGG00000007322	4.1608280773534837e-17	1.5533319931254813e-22	Aque_Aqu2.1.23692-001;Slac_ENSLPGG00000000921	1.2841772084763492e-19	2.3931149398632247e-20	Aque_Aqu2.1.40738-001;Scil_g1061	2.1345051172444716e-09	5.0325548735226354e-151	Aque_Aqu2.1.37816-001;Scil_g2191	0.00680584638096658	1.2017223918186125e-22	Aque_Aqu2.1.34247-001;Scil_g9014	1.71031195062505e-34	1.3351828985732552e-05				Aque_Aqu2.1.25768-001;Slac_ENSLPGG00000014205	2.222481593243513e-07	8.273456498889516e-13	Aque_Aqu2.1.31353-001;Slac_ENSLPGG00000008965	0.0004957131994130725	8.041779839829194e-05	Scil_g692;Slac_ENSLPGG00000015673	0.0014196732836659232	2.7424276754677205e-11	Scil_g11654;Slac_ENSLPGG00000017086	4.872362971570459e-07	5.011464522643092e-11	Scil_g8299;Slac_ENSLPGG00000019726	3.997779389256044e-103	3.1296260265785744e-53	Scil_g10960;Slac_ENSLPGG00000000921	7.697874836345238e-14	1.3753081648531437e-11				Scil_g1350;Slac_ENSLPGG00000015655	1.7852689279252667e-48	0.002695603985851316	Scil_g8299;Slac_ENSLPGG00000019726	3.997779389256044e-103	9.233327271920263e-98	Scil_g2609;Slac_ENSLPGG00000011839	1.5111048112200333e-68	6.871823708419816e-06	Scil_g10363;Slac_ENSLPGG00000012140	0.003378878652426875	8.571097025114353e-39						
Aque_Aqu2.1.41621-001;Scil_g12515	1.7335877317951547e-90	6.272355109190866e-91	Aque_Aqu2.1.34140-001;Scil_g7883	8.624609785310953e-08	7.832621607869524e-72	Aque_Aqu2.1.44246-001;Scil_g1970	7.348281244918552e-80	2.606407538094883e-24	Aque_Aqu2.1.32930-001;Slac_ENSLPGG00000028683	7.663138857997222e-90	4.6375173078021236e-76	Aque_Aqu2.1.44014-001;Slac_ENSLPGG00000009021	1.3224867554283511e-120	3.22343422735669e-21	Aque_Aqu2.1.43309-001;Slac_ENSLPGG00000007673	1.4807065078763136e-142	2.5463738690263247e-08	Aque_Aqu2.1.37095-001;Slac_ENSLPGG00000011766	2.578541513280855e-81	9.830051101160761e-32	Aque_Aqu2.1.44138-001;Slac_ENSLPGG00000009965	2.4075529058832285e-84	1.6273027366350274e-71				Aque_Aqu2.1.26225-001;Slac_ENSLPGG00000004270	1.096369540214057e-115	5.5939506155391114e-40				Aque_Aqu2.1.28492-001;Slac_ENSLPGG00000009453	4.609852878565774e-24	6.590504302001542e-85	Aque_Aqu2.1.28495-001;Slac_ENSLPGG00000023963	3.050594406121623e-25	6.68653400023443e-06	Aque_Aqu2.1.25867-001;Slac_ENSLPGG00000000921	2.1213248264626324e-06	1.3753081648531437e-11	Aque_Aqu2.1.33945-001;Scil_g4608	4.071114614121073e-30	7.412589254474107e-06	Aque_Aqu2.1.33501-001;Slac_ENSLPGG00000029438	6.179856405558701e-07	7.331105998220488e-07	Aque_Aqu2.1.43823-001;Scil_g9262	1.7286420234835063e-58	3.8722536270251675e-05	Aque_Aqu2.1.42577-001;Slac_ENSLPGG00000000077	1.197088910208358e-165	0.0036103666984574636	Aque_Aqu2.1.27307-001;Slac_ENSLPGG00000022959	1.9463641251616724e-12	1.783385765627898e-41	Aque_Aqu2.1.42602-001;Scil_g6264	4.096912355239655e-35	1.4741925395631006e-08	Aque_Aqu2.1.34140-001;Scil_g1483	1.0121820050408576e-29	2.479568833724734e-22	Aque_Aqu2.1.40905-001;Scil_g8135	2.293128987599471e-12	2.51499300070688e-45	Aque_Aqu2.1.14505-001;Scil_g2018	4.1608280773534837e-17	5.296415650876379e-07	Aque_Aqu2.1.28214-001;Slac_ENSLPGG00000015631	8.244866599655472e-18	1.3544945094291961e-13	Aque_Aqu2.1.41190-001;Slac_ENSLPGG00000005134	3.070020325785256e-26	3.881947193937805e-19	Aque_Aqu2.1.28223-001;Slac_ENSLPGG00000007525	1.3844036382592803e-13	1.0828951260361905e-08	Aque_Aqu2.1.41190-001;Slac_ENSLPGG00000009380	3.070020325785256e-26	0.00031224632296336636	Aque_Aqu2.1.40376-001;Slac_ENSLPGG00000001593	5.626029519789693e-17	1.669812357921202e-16	Aque_Aqu2.1.32503-001;Slac_ENSLPGG00000015631	8.836422303727378e-40	4.787190414733341e-18	Aque_Aqu2.1.24276-001;Slac_ENSLPGG00000022619	2.486556444344543e-15	5.324784498316112e-15	Aque_Aqu2.1.28223-001;Scil_g2609	0.0001247782164728605	5.0151002746050065e-90	Aque_Aqu2.1.44221-001;Scil_g8991	1.0164839656097992e-72	8.077586658047253e-05	Aque_Aqu2.1.28223-001;Scil_g20	0.0001247782164728605	1.560667198226129e-53				Aque_Aqu2.1.41071-001;Slac_ENSLPGG00000024858	2.2400208669496252e-18	6.9410689420013476e-34	Aque_Aqu2.1.37082-001;Slac_ENSLPGG00000014205	2.4638891981885553e-32	8.273456498889516e-13	Scil_g9750;Slac_ENSLPGG00000012471	6.723224112689725e-10	9.012536840606819e-20	Scil_g552;Slac_ENSLPGG00000010574	8.948556207135125e-95	6.755363506156361e-20	Scil_g2609;Slac_ENSLPGG00000011839	2.496564254222248e-24	0.00611186985166198	Scil_g5780;Slac_ENSLPGG00000021520	1.401077682156374e-56	0.008152652185200318				Scil_g1483;Slac_ENSLPGG00000007158	2.479568833724734e-22	1.3921670430557845e-07	Scil_g2024;Slac_ENSLPGG00000004970	3.8482179326324794e-44	3.0744620372052507e-15	Scil_g877;Slac_ENSLPGG00000018391	1.1371250482772108e-92	1.083666763670672e-22	Scil_g13279;Slac_ENSLPGG00000018391	2.3352966492296317e-05	8.80674281685354e-58						
Aque_Aqu2.1.37713-001;Scil_g2191	1.7092280498504553e-19	1.2017223918186125e-22	Aque_Aqu2.1.40905-001;Scil_g1157	9.527533673684782e-19	1.1520825168030329e-29	Aque_Aqu2.1.40203-001;Scil_g9896	7.76548669049712e-21	1.2386468506854585e-30	Aque_Aqu2.1.24263-001;Slac_ENSLPGG00000024124	6.882511556510769e-115	2.1492171043435602e-195	Aque_Aqu2.1.33543-001;Slac_ENSLPGG00000028631	2.8949349109542336e-49	1.0791617082920512e-129	Aque_Aqu2.1.29989-001;Slac_ENSLPGG00000002916	4.122966021694138e-114	3.453672138116687e-23	Aque_Aqu2.1.38546-001;Slac_ENSLPGG00000004809	6.064527971798808e-88	1.4313808207016338e-87	Aque_Aqu2.1.27063-001;Slac_ENSLPGG00000023230	6.861052758461508e-93	3.4308734163021705e-35				Aque_Aqu2.1.34247-001;Slac_ENSLPGG00000018181	2.2779810691546104e-47	9.763934351042776e-46				Aque_Aqu2.1.35211-001;Slac_ENSLPGG00000014037	1.877257799674659e-21	2.8937728943288984e-19	Aque_Aqu2.1.28944-001;Slac_ENSLPGG00000014432	3.6090163242932247e-32	3.5238771670323136e-06	Aque_Aqu2.1.26998-001;Slac_ENSLPGG00000019065	3.197778486344573e-06	0.004592237966067324	Aque_Aqu2.1.38687-001;Scil_g6487	4.028489834224234e-42	2.1519754728277792e-07	Aque_Aqu2.1.30847-001;Slac_ENSLPGG00000006723	2.1000782837849874e-45	7.79951365681538e-119	Aque_Aqu2.1.28493-001;Scil_g4190	4.321453769502233e-21	1.976243892774613e-57	Aque_Aqu2.1.33497-001;Slac_ENSLPGG00000028361	0.002766460408038752	7.91960121547444e-05	Aque_Aqu2.1.27307-001;Slac_ENSLPGG00000009760	1.9463641251616724e-12	2.498785445450369e-32	Aque_Aqu2.1.28495-001;Scil_g178	4.458325986516477e-24	1.4769874519580662e-05	Aque_Aqu2.1.28497-001;Scil_g9850	6.265744639493593e-06	2.9609292285413797e-44	Aque_Aqu2.1.40738-001;Scil_g2018	6.218782870818954e-08	2.733722159106803e-29	Aque_Aqu2.1.28495-001;Scil_g13076	4.458325986516477e-24	0.0038503271977062964	Aque_Aqu2.1.14505-001;Slac_ENSLPGG00000014205	4.1608280773534837e-17	8.529006203565522e-47	Aque_Aqu2.1.39916-001;Slac_ENSLPGG00000007568	2.688541540398142e-13	7.355611122930514e-05	Aque_Aqu2.1.44119-001;Slac_ENSLPGG00000027607	0.0016737057567939322	0.00010261281903448956	Aque_Aqu2.1.25434-001;Slac_ENSLPGG00000027609	1.5600757561556257e-10	0.0026673771529871514	Aque_Aqu2.1.25769-001;Slac_ENSLPGG00000008220	3.2643039449818794e-11	1.5390604154245675e-65	Aque_Aqu2.1.43987-001;Slac_ENSLPGG00000002394	3.283156008267793e-06	1.8622701653685263e-59	Aque_Aqu2.1.24987-001;Slac_ENSLPGG00000010054	1.0504102619364857e-17	1.088065138152273e-05	Aque_Aqu2.1.34140-001;Scil_g7883	1.2311513054768545e-08	1.5018632352883118e-161	Aque_Aqu2.1.42554-001;Scil_g7031	3.840681526736188e-28	1.046013475420371e-88	Aque_Aqu2.1.40997-001;Scil_g13119	1.1246864081167407e-15	5.480063538325879e-60				Aque_Aqu2.1.24524-001;Slac_ENSLPGG00000021665	0.008870780270155901	1.5262819658581157e-13	Aque_Aqu2.1.25768-001;Slac_ENSLPGG00000014205	7.409015990743464e-05	8.273456498889516e-13	Scil_g13279;Slac_ENSLPGG00000012949	5.893391080687706e-69	2.5981849991575668e-160	Scil_g2024;Slac_ENSLPGG00000030375	3.8482179326324794e-44	0.00031005803561051735	Scil_g1098;Slac_ENSLPGG00000006271	7.599970776583826e-09	6.725810871771657e-11	Scil_g10145;Slac_ENSLPGG00000023276	2.2288680991354423e-38	0.0023187143386704493				Scil_g10015;Slac_ENSLPGG00000022563	5.102593283167871e-54	6.8943750857258504e-09	Scil_g13539;Slac_ENSLPGG00000008987	1.1454364321341173e-47	0.001852208764674488	Scil_g852;Slac_ENSLPGG00000005314	8.359778172501651e-51	0.006844170267816715	Scil_g12529;Slac_ENSLPGG00000030431	1.0556557055860905e-05	2.9741009683390458e-05						
Aque_Aqu2.1.41892-001;Scil_g4240	8.326661223111995e-07	3.593482504157775e-10	Aque_Aqu2.1.40997-001;Scil_g13119	2.3806102975701186e-10	5.480063538325879e-60	Aque_Aqu2.1.28194-001;Scil_g2206	1.444625855187625e-59	9.542561533753149e-35	Aque_Aqu2.1.44138-001;Slac_ENSLPGG00000009965	8.430793710552281e-94	2.491111184419854e-253	Aque_Aqu2.1.41635-001;Slac_ENSLPGG00000019527	1.35534995308407e-94	1.8922541771844733e-36	Aque_Aqu2.1.24263-001;Slac_ENSLPGG00000024124	6.882511556510769e-115	1.363121049963116e-70	Aque_Aqu2.1.26386-001;Slac_ENSLPGG00000010983	2.0957315784869368e-55	5.577151150106159e-13	Aque_Aqu2.1.31194-001;Slac_ENSLPGG00000008469	1.2800872678568997e-122	2.534308682211694e-96				Aque_Aqu2.1.43382-001;Slac_ENSLPGG00000004594	1.45329483825909e-104	5.347484449064201e-24				Aque_Aqu2.1.21208-001;Slac_ENSLPGG00000013772	0.009823782723145305	7.549622149393028e-16	Aque_Aqu2.1.37112-001;Slac_ENSLPGG00000014949	7.988764884310961e-19	1.1948375898754562e-64	Aque_Aqu2.1.30867-001;Slac_ENSLPGG00000007158	8.811394793769746e-08	4.969353227696443e-20	Aque_Aqu2.1.32887-001;Scil_g1568	1.7442923524261044e-30	1.402368506771563e-08	Aque_Aqu2.1.22700-001;Slac_ENSLPGG00000019300	2.8030971474776213e-40	0.00916946657507977	Aque_Aqu2.1.38687-001;Scil_g6487	2.654488101058108e-41	2.1519754728277792e-07	Aque_Aqu2.1.33612-001;Slac_ENSLPGG00000002171	2.364364427309774e-10	2.3617155152259307e-60	Aque_Aqu2.1.33671-001;Slac_ENSLPGG00000002793	2.1653315935197197e-05	1.7406894134447343e-15	Aque_Aqu2.1.23692-001;Scil_g9750	1.2841772084763492e-19	6.723224112689725e-10	Aque_Aqu2.1.34140-001;Scil_g5780	1.0121820050408576e-29	1.401077682156374e-56	Aque_Aqu2.1.40639-001;Scil_g3343	1.7550621462601628e-45	5.844358700394624e-07	Aque_Aqu2.1.42703-001;Scil_g307	1.4754696956545303e-15	3.786864955608991e-13	Aque_Aqu2.1.43674-001;Slac_ENSLPGG00000001139	4.20083387372124e-06	1.5864479285115916e-66	Aque_Aqu2.1.41892-001;Slac_ENSLPGG00000007730	5.2142493076430264e-14	1.5161634843722148e-162	Aque_Aqu2.1.39672-001;Slac_ENSLPGG00000002171	1.7219934783810546e-24	1.992864717506652e-06	Aque_Aqu2.1.40738-001;Slac_ENSLPGG00000014205	6.218782870818954e-08	1.7093352219014287e-21	Aque_Aqu2.1.31388-001;Slac_ENSLPGG00000022008	0.004760476945746735	1.5589144829574547e-18	Aque_Aqu2.1.38390-001;Slac_ENSLPGG00000014697	3.283777108141531e-31	0.00031433912419985853	Aque_Aqu2.1.31388-001;Slac_ENSLPGG00000022008	0.004760476945746735	1.2662397728282719e-93	Aque_Aqu2.1.21174-001;Scil_g2820	3.5983844010444904e-79	3.4302693857098565e-44	Aque_Aqu2.1.29098-001;Scil_g2493	0.008406488938209408	1.562110105586015e-93	Aque_Aqu2.1.41621-001;Scil_g12515	3.759877614692764e-06	1.2166743848115378e-69				Aque_Aqu2.1.37468-001;Slac_ENSLPGG00000000675	0.008888637828780497	6.719716828291509e-14	Aque_Aqu2.1.44141-001;Slac_ENSLPGG00000009116	0.00046311253298130997	1.938637425975692e-130	Scil_g9850;Slac_ENSLPGG00000008750	2.3017395799018037e-22	3.2875899999834076e-37	Scil_g130;Slac_ENSLPGG00000012055	3.602006050929476e-46	0.0013159312919552733	Scil_g5780;Slac_ENSLPGG00000006271	1.401077682156374e-56	6.725810871771657e-11	Scil_g10145;Slac_ENSLPGG00000007322	2.2288680991354423e-38	3.4680790141518557e-19				Scil_g8299;Slac_ENSLPGG00000019726	3.997779389256044e-103	6.546769520201781e-23	Scil_g10086;Slac_ENSLPGG00000020504	3.0338463385256324e-05	0.0006301460132175903	Scil_g7883;Slac_ENSLPGG00000019065	1.162956500078495e-86	0.006927108559854214	Scil_g10108;Slac_ENSLPGG00000002251	0.007160020110211752	1.0703518826219367e-12						
Aque_Aqu2.1.22535-001;Scil_g130	7.166399470023436e-67	1.4146731984658691e-66	Aque_Aqu2.1.37816-001;Scil_g4517	5.351220243248752e-65	1.596873247019166e-10	Aque_Aqu2.1.29497-001;Scil_g1157	1.613969228591092e-36	7.676891407622203e-15	Aque_Aqu2.1.40739-001;Slac_ENSLPGG00000007249	1.6754096759265384e-122	1.6357442903822157e-179	Aque_Aqu2.1.25378-001;Slac_ENSLPGG00000020432	3.4926863395162285e-66	2.737864208253232e-31	Aque_Aqu2.1.33740-001;Slac_ENSLPGG00000014397	1.0543340401031923e-102	7.557148084105279e-86	Aque_Aqu2.1.26684-001;Slac_ENSLPGG00000011888	3.0985943890265298e-164	0.0011272603275624801	Aque_Aqu2.1.25862-001;Slac_ENSLPGG00000018181	1.7601901330525903e-103	7.496422331427468e-29				Aque_Aqu2.1.41260-001;Slac_ENSLPGG00000008330	2.904703574652158e-114	0.0024588751088620055				Aque_Aqu2.1.39702-001;Slac_ENSLPGG00000018940	3.839636538726795e-05	3.982202541621683e-07	Aque_Aqu2.1.27228-001;Slac_ENSLPGG00000025642	8.73403633687885e-34	6.150472186775764e-43	Aque_Aqu2.1.44140-001;Slac_ENSLPGG00000009453	8.885562534779468e-10	7.139115142722667e-47	Aque_Aqu2.1.31965-001;Scil_g8416	5.978261534384289e-50	3.0005616773400286e-72	Aque_Aqu2.1.33047-001;Slac_ENSLPGG00000026194	0.0010141202311665274	6.674291937003132e-10	Aque_Aqu2.1.28308-001;Scil_g9866	1.0706868481635906e-06	6.036993257960576e-20	Aque_Aqu2.1.39632-001;Slac_ENSLPGG00000026678	0.0014645328315261795	3.66775672474161e-15	Aque_Aqu2.1.44037-001;Slac_ENSLPGG00000020158	7.912116426098076e-08	1.2616917444537784e-05	Aque_Aqu2.1.33443-001;Scil_g6719	4.986367745258103e-05	3.0362871899514263e-161	Aque_Aqu2.1.34140-001;Scil_g1098	1.0121820050408576e-29	7.599970776583826e-09	Aque_Aqu2.1.38340-001;Scil_g2300	4.334360722699224e-05	0.0035591432911113697	Aque_Aqu2.1.08677-001;Scil_g12359	7.208488648075431e-16	2.1855963401881676e-08	Aque_Aqu2.1.29098-001;Slac_ENSLPGG00000028392	0.0022163606697167436	2.5589657231536292e-05	Aque_Aqu2.1.23239-001;Slac_ENSLPGG00000014697	7.943361772072874e-20	2.659720310412049e-10	Aque_Aqu2.1.43637-001;Slac_ENSLPGG00000029928	8.152574204947499e-32	0.002355789556263397	Aque_Aqu2.1.39671-001;Slac_ENSLPGG00000012011	5.6277730716785066e-24	0.007290250341968129	Aque_Aqu2.1.31381-001;Slac_ENSLPGG00000001057	4.790282318976761e-30	0.004855931232394134	Aque_Aqu2.1.41892-001;Slac_ENSLPGG00000007525	5.2142493076430264e-14	3.9611081585269763e-32	Aque_Aqu2.1.25014-001;Slac_ENSLPGG00000020504	9.391661029388434e-09	0.0006301460132175903	Aque_Aqu2.1.41012-001;Scil_g877	0.0037296053160072056	2.0942530742981258e-154	Aque_Aqu2.1.28223-001;Scil_g2609	0.0001247782164728605	1.5111048112200333e-68	Aque_Aqu2.1.34343-001;Scil_g7064	1.074270232820891e-06	3.3296478760382412e-71				Aque_Aqu2.1.43963-001;Slac_ENSLPGG00000027633	9.261924481854956e-06	3.094121459568453e-17	Aque_Aqu2.1.42279-001;Slac_ENSLPGG00000013141	0.0020643865598830137	2.7587348333813334e-25	Scil_g13539;Slac_ENSLPGG00000015888	1.1694918522643926e-103	7.523245071031996e-10	Scil_g6477;Slac_ENSLPGG00000011166	0.0062350988250728465	6.826160582443951e-22	Scil_g1483;Slac_ENSLPGG00000006271	2.479568833724734e-22	6.725810871771657e-11	Scil_g5780;Slac_ENSLPGG00000001139	1.401077682156374e-56	1.0794946248240394e-08				Scil_g6477;Slac_ENSLPGG00000011166	0.0062350988250728465	1.8668283250801275e-07	Scil_g8192;Slac_ENSLPGG00000007525	2.4409454456120322e-27	2.4280532106859597e-36	Scil_g6273;Slac_ENSLPGG00000014386	2.3328830650530948e-07	1.493154584726633e-20	Scil_g7627;Slac_ENSLPGG00000005552	0.00020958857353505303	5.697022209628562e-08						
Aque_Aqu2.1.25578-001;Scil_g2191	9.46692299568766e-12	1.2017223918186125e-22	Aque_Aqu2.1.38435-001;Scil_g4517	3.2496804617101288e-21	1.596873247019166e-10	Aque_Aqu2.1.28194-001;Scil_g9181	1.444625855187625e-59	9.46135850032615e-11	Aque_Aqu2.1.42087-001;Slac_ENSLPGG00000022449	4.453201835818651e-25	3.378233621973844e-73	Aque_Aqu2.1.28647-001;Slac_ENSLPGG00000010538	1.7976193812861958e-143	5.225926807582081e-46	Aque_Aqu2.1.42605-001;Slac_ENSLPGG00000011766	9.509180868415106e-59	3.9965383187050887e-87	Aque_Aqu2.1.28816-001;Slac_ENSLPGG00000010719	1.0556612831787429e-115	6.132170660706385e-07	Aque_Aqu2.1.35782-001;Slac_ENSLPGG00000006246	5.664414630647032e-110	9.918868159947632e-23				Aque_Aqu2.1.35077-001;Slac_ENSLPGG00000017593	1.7045642842567605e-116	1.3105313086386556e-26				Aque_Aqu2.1.37137-001;Slac_ENSLPGG00000021127	1.643277675461539e-16	0.00026020690407486225	Aque_Aqu2.1.33622-001;Slac_ENSLPGG00000002171	3.31852085524485e-07	2.0039843010385572e-48	Aque_Aqu2.1.42151-001;Slac_ENSLPGG00000021186	0.0002867980365569547	1.220442759122435e-24	Aque_Aqu2.1.27341-001;Scil_g10571	6.069794003589941e-22	2.2371564374811863e-31	Aque_Aqu2.1.44218-001;Slac_ENSLPGG00000010520	0.0017425631109025657	1.3012214805479853e-10	Aque_Aqu2.1.30110-001;Scil_g7471	0.0009398165192983804	6.980756942552647e-53	Aque_Aqu2.1.27832-001;Slac_ENSLPGG00000004127	5.884935948591738e-05	9.129600555384957e-07	Aque_Aqu2.1.09476-001;Slac_ENSLPGG00000020158	6.1230442193262554e-18	1.2616917444537784e-05	Aque_Aqu2.1.41190-001;Scil_g12335	3.070020325785256e-26	8.988864806702545e-09	Aque_Aqu2.1.43522-001;Scil_g11081	4.691283312429145e-13	1.1331698715210855e-10	Aque_Aqu2.1.40905-001;Scil_g13078	2.293128987599471e-12	1.270550194124332e-16	Aque_Aqu2.1.29098-001;Scil_g5478	0.0022163606697167436	0.00042986270026524535	Aque_Aqu2.1.37112-001;Slac_ENSLPGG00000014949	0.004695475713269114	1.352688029213501e-162	Aque_Aqu2.1.37112-001;Slac_ENSLPGG00000014949	0.004695475713269114	2.611907680985946e-165	Aque_Aqu2.1.38390-001;Slac_ENSLPGG00000005134	3.283777108141531e-31	0.0006442799892046742	Aque_Aqu2.1.38146-001;Slac_ENSLPGG00000018391	6.387586082111135e-11	8.557416813620929e-05	Aque_Aqu2.1.38390-001;Slac_ENSLPGG00000005134	3.283777108141531e-31	0.00045024964895751284	Aque_Aqu2.1.38560-001;Slac_ENSLPGG00000006923	1.0497286366750963e-20	3.307803204970514e-13	Aque_Aqu2.1.41892-001;Slac_ENSLPGG00000018987	5.2142493076430264e-14	8.336789136783278e-158	Aque_Aqu2.1.24884-001;Scil_g1554	1.3533160291778027e-08	3.304971762119239e-157	Aque_Aqu2.1.34348-001;Scil_g10006	0.004037217112809467	2.217531053634279e-51	Aque_Aqu2.1.34140-001;Scil_g7883	1.2311513054768545e-08	7.832621607869524e-72				Aque_Aqu2.1.39203-001;Slac_ENSLPGG00000025841	1.1233610661314817e-06	9.566307786889676e-13	Aque_Aqu2.1.39201-001;Slac_ENSLPGG00000027198	6.625166054309475e-08	6.050839670733482e-13	Scil_g6326;Slac_ENSLPGG00000005065	0.0002566049795699773	2.6339753725943347e-11	Scil_g6060;Slac_ENSLPGG00000013844	1.215893018835872e-11	1.7058538510207692e-102	Scil_g1098;Slac_ENSLPGG00000007158	7.599970776583826e-09	2.0838815629998246e-20	Scil_g13078;Slac_ENSLPGG00000014506	7.912716267496188e-05	0.0009833010544851581				Scil_g1098;Slac_ENSLPGG00000007158	7.599970776583826e-09	1.3921670430557845e-07	Scil_g9850;Slac_ENSLPGG00000011327	2.9609292285413797e-44	0.002660359306382542	Scil_g5627;Slac_ENSLPGG00000012140	5.532503098103706e-06	1.0581014950202239e-19	Scil_g2018;Slac_ENSLPGG00000012981	2.733722159106803e-29	1.3335247027011732e-14						
Aque_Aqu2.1.38560-001;Scil_g10147	0.0005664191760605996	8.846609894836744e-88	Aque_Aqu2.1.34343-001;Scil_g7064	1.748816289030163e-11	3.3296478760382412e-71	Aque_Aqu2.1.39784-001;Scil_g9181	1.5219993781510476e-58	9.46135850032615e-11	Aque_Aqu2.1.28647-001;Slac_ENSLPGG00000010538	1.7976193812861958e-143	2.90053811501949e-178	Aque_Aqu2.1.09762-001;Slac_ENSLPGG00000011626	2.728546897831895e-124	4.364461933464749e-38	Aque_Aqu2.1.43964-001;Slac_ENSLPGG00000027192	2.812363658409223e-98	7.036630846044144e-13	Aque_Aqu2.1.35059-001;Slac_ENSLPGG00000029352	1.5620453396581136e-08	1.5586910136714756e-52	Aque_Aqu2.1.36280-001;Slac_ENSLPGG00000026756	6.856052357675539e-112	4.7415232094509696e-51				Aque_Aqu2.1.29050-001;Slac_ENSLPGG00000007086	2.39111737457902e-116	2.9368437301779985e-14				Aque_Aqu2.1.39671-001;Slac_ENSLPGG00000012011	4.793950567183939e-08	3.1442799037072e-45	Aque_Aqu2.1.31388-001;Slac_ENSLPGG00000009899	0.009403421798818682	4.306103161244151e-26	Aque_Aqu2.1.37101-001;Slac_ENSLPGG00000015112	1.5336636022433145e-08	0.0002902087639971218	Aque_Aqu2.1.42714-001;Scil_g750	3.2570505878664004e-23	0.0030488697490813794	Aque_Aqu2.1.20108-001;Slac_ENSLPGG00000019235	4.251258104731302e-23	3.8954346900669975e-11	Aque_Aqu2.1.20511-001;Scil_g1572	1.2536022085207058e-42	7.823311406353975e-54	Aque_Aqu2.1.30847-001;Slac_ENSLPGG00000006723	6.543263854845997e-52	7.79951365681538e-119	Aque_Aqu2.1.35499-001;Slac_ENSLPGG00000015879	1.2692762160706003e-88	0.002851009216837838	Aque_Aqu2.1.36606-001;Scil_g9134	6.429704257152719e-05	1.1687523273894093e-15	Aque_Aqu2.1.42065-001;Scil_g3668	5.305955151225863e-07	1.4998070167165875e-08	Aque_Aqu2.1.28497-001;Scil_g12942	6.265744639493593e-06	3.288766255208576e-05	Aque_Aqu2.1.34863-001;Scil_g10140	7.856949568546215e-16	0.0009539565805784388	Aque_Aqu2.1.33443-001;Slac_ENSLPGG00000018987	4.986367745258103e-05	1.3501043026864786e-122	Aque_Aqu2.1.37082-001;Slac_ENSLPGG00000014205	1.421056760183191e-45	5.661329922037294e-55	Aque_Aqu2.1.28489-001;Slac_ENSLPGG00000009116	1.2639077541595553e-28	1.2402889402997416e-10	Aque_Aqu2.1.42762-001;Slac_ENSLPGG00000002171	1.0081478109652569e-17	3.0880155494544363e-12	Aque_Aqu2.1.23692-001;Slac_ENSLPGG00000000921	1.2841772084763492e-19	1.3753081648531437e-11	Aque_Aqu2.1.20046-001;Slac_ENSLPGG00000009456	0.00911986550103098	7.55873624614051e-61	Aque_Aqu2.1.14505-001;Slac_ENSLPGG00000007322	4.1608280773534837e-17	5.655621197163008e-32	Aque_Aqu2.1.18813-001;Scil_g2393	2.609938410873934e-08	1.5161782044041587e-87	Aque_Aqu2.1.42605-001;Scil_g6036	5.904277517281949e-05	9.543654246405655e-43	Aque_Aqu2.1.28223-001;Scil_g2609	0.0001247782164728605	5.680645443935824e-44				Aque_Aqu2.1.33571-001;Slac_ENSLPGG00000024371	1.4882111977056135e-18	2.804938429690372e-05	Aque_Aqu2.1.28240-001;Slac_ENSLPGG00000013965	0.00045718292299023946	0.002067798124046298	Scil_g9750;Slac_ENSLPGG00000018041	6.723224112689725e-10	0.0017530359823746317	Scil_g2793;Slac_ENSLPGG00000017855	1.1197019573576427e-08	0.0001944960912526415	Scil_g13026;Slac_ENSLPGG00000029928	4.83779984233148e-48	0.009521336134590821	Scil_g5520;Slac_ENSLPGG00000014037	2.09591889875815e-25	1.7369126307804394e-11				Scil_g5780;Slac_ENSLPGG00000007158	1.401077682156374e-56	1.3921670430557845e-07	Scil_g9161;Slac_ENSLPGG00000022320	2.6385043186678827e-33	5.147312153721958e-06	Scil_g5627;Slac_ENSLPGG00000014139	5.532503098103706e-06	0.004431977374033645	Scil_g13279;Slac_ENSLPGG00000012949	2.3352966492296317e-05	9.33088039317304e-176						
Aque_Aqu2.1.22535-001;Scil_g13539	7.166399470023436e-67	3.8710966832846466e-62	Aque_Aqu2.1.38560-001;Scil_g10147	0.0005664191760605996	2.762667440063398e-59	Aque_Aqu2.1.32560-001;Scil_g2892	6.257863873071346e-19	5.247050214273478e-14	Aque_Aqu2.1.09762-001;Slac_ENSLPGG00000011626	2.728546897831895e-124	4.963128665858961e-135	Aque_Aqu2.1.40739-001;Slac_ENSLPGG00000007249	1.6754096759265384e-122	2.1287191364183606e-37	Aque_Aqu2.1.44167-001;Slac_ENSLPGG00000002326	2.4503567949267662e-116	2.7890088155754205e-54	Aque_Aqu2.1.33950-001;Slac_ENSLPGG00000021584	4.7618654032696835e-30	6.413530410769873e-10	Aque_Aqu2.1.15787-001;Slac_ENSLPGG00000026812	8.792525776505922e-39	3.7277497018313445e-88				Aque_Aqu2.1.16620-001;Slac_ENSLPGG00000005401	5.117152723494208e-38	5.984830996195444e-31				Aque_Aqu2.1.23414-001;Slac_ENSLPGG00000009214	1.6439830959473454e-05	3.9193426417193345e-97	Aque_Aqu2.1.38519-001;Slac_ENSLPGG00000007426	4.925084952210815e-06	0.007361415167221235	Aque_Aqu2.1.42093-001;Slac_ENSLPGG00000011166	0.0013541819202391105	7.03707662095056e-13	Aque_Aqu2.1.36394-001;Scil_g7617	9.97074108937263e-75	6.423092608843804e-11	Aque_Aqu2.1.43616-001;Slac_ENSLPGG00000011962	0.0009241407032262829	3.211008789355102e-10	Aque_Aqu2.1.44140-001;Scil_g5104	3.48170003993214e-101	1.0482033334351304e-18	Aque_Aqu2.1.35211-001;Slac_ENSLPGG00000013069	1.0980787290419444e-30	1.8352583169197938e-25	Aque_Aqu2.1.44140-001;Slac_ENSLPGG00000015879	3.48170003993214e-101	0.002851009216837838	Aque_Aqu2.1.41989-001;Scil_g6588	7.953537235757875e-32	1.5951578667449876e-59	Aque_Aqu2.1.21174-001;Scil_g10140	0.00021564884897657527	5.963012473984281e-36	Aque_Aqu2.1.28510-001;Scil_g1202	5.959189221181413e-33	1.1291753166127333e-21	Aque_Aqu2.1.21078-001;Scil_g119	5.590581436452151e-38	4.570121173935753e-06	Aque_Aqu2.1.31551-001;Slac_ENSLPGG00000001139	0.0004550419940629617	1.5864479285115916e-66	Aque_Aqu2.1.44139-001;Slac_ENSLPGG00000008750	0.0013345187120564206	8.530991638627806e-36	Aque_Aqu2.1.38390-001;Slac_ENSLPGG00000009380	3.283777108141531e-31	0.003013857873698455	Aque_Aqu2.1.41190-001;Slac_ENSLPGG00000009625	3.070020325785256e-26	0.0006686198455407605	Aque_Aqu2.1.43674-001;Slac_ENSLPGG00000007158	4.20083387372124e-06	4.969353227696443e-20	Aque_Aqu2.1.41012-001;Slac_ENSLPGG00000012949	0.00027018571509218245	4.158510428091382e-240	Aque_Aqu2.1.38390-001;Slac_ENSLPGG00000014697	3.283777108141531e-31	2.655527233495173e-06	Aque_Aqu2.1.33622-001;Scil_g1846	0.0004296564650498524	6.578026877377834e-99	Aque_Aqu2.1.41012-001;Scil_g6803	0.0037296053160072056	2.221893686373928e-86	Aque_Aqu2.1.41012-001;Scil_g6803	0.0037296053160072056	4.0147325213091934e-71				Aque_Aqu2.1.36501-001;Slac_ENSLPGG00000012340	2.1644269563366076e-05	4.441996473331513e-39	Aque_Aqu2.1.12202-001;Slac_ENSLPGG00000021592	0.00021908511266630903	0.001547278456102218	Scil_g130;Slac_ENSLPGG00000015888	4.569395335591736e-93	7.523245071031996e-10	Scil_g13127;Slac_ENSLPGG00000012140	1.1909346607224929e-09	0.0004543176273505883	Scil_g5780;Slac_ENSLPGG00000007158	1.401077682156374e-56	2.0838815629998246e-20	Scil_g1098;Slac_ENSLPGG00000021520	7.599970776583826e-09	0.008152652185200318				Scil_g2939;Slac_ENSLPGG00000007325	1.0611989525191513e-05	2.0185029076047123e-05	Scil_g3071;Slac_ENSLPGG00000017855	5.950482999888198e-18	1.3038842899301157e-06	Scil_g2130;Slac_ENSLPGG00000017855	2.481275101830063e-19	0.0018345151332905534	Scil_g9919;Slac_ENSLPGG00000001013	1.8735693346809354e-10	2.0373714997288736e-80						
Aque_Aqu2.1.03528-001;Scil_g2894	2.524224078298844e-07	8.154864966417369e-80	Aque_Aqu2.1.29892-001;Scil_g2894	0.00882540214751287	1.528861713276183e-50	Aque_Aqu2.1.27224-001;Scil_g1970	6.85573730359377e-63	2.606407538094883e-24	Aque_Aqu2.1.32963-001;Slac_ENSLPGG00000006527	4.7320394813194234e-185	2.7593537506453672e-08	Aque_Aqu2.1.39147-001;Slac_ENSLPGG00000029327	2.5070991514612063e-37	4.6750395326633294e-24	Aque_Aqu2.1.25682-001;Slac_ENSLPGG00000019196	1.2153315557323154e-117	1.1135567848493352e-11	Aque_Aqu2.1.37747-001;Slac_ENSLPGG00000010195	6.655105223624536e-120	7.930255897158772e-108	Aque_Aqu2.1.37095-001;Slac_ENSLPGG00000011766	2.578541513280855e-81	6.943095950675596e-54				Aque_Aqu2.1.44014-001;Slac_ENSLPGG00000009021	8.221474480463226e-100	0.0001293060388443229				Aque_Aqu2.1.36606-001;Slac_ENSLPGG00000010506	5.622930540080185e-07	1.6813378010395353e-09	Aque_Aqu2.1.35211-001;Slac_ENSLPGG00000013069	1.877257799674659e-21	2.228833167443332e-21	Aque_Aqu2.1.41660-001;Slac_ENSLPGG00000015815	0.00678209924781447	1.5129489784038637e-05	Aque_Aqu2.1.44004-001;Scil_g1576	9.78673605233399e-10	1.7880041594527604e-28	Aque_Aqu2.1.39632-001;Slac_ENSLPGG00000026678	5.801511210919292e-06	3.66775672474161e-15	Aque_Aqu2.1.42092-001;Scil_g2050	1.3320083962987602e-48	0.00028651022064054156	Aque_Aqu2.1.37112-001;Slac_ENSLPGG00000014949	4.6928004436226405e-11	9.714222834381443e-97	Aque_Aqu2.1.28492-001;Slac_ENSLPGG00000015879	1.2990573900827222e-105	0.002851009216837838	Aque_Aqu2.1.09944-001;Scil_g12238	0.004804262408180055	9.316586458395207e-08	Aque_Aqu2.1.44243-001;Scil_g12785	2.5819489532558422e-23	1.6615381302058852e-07	Aque_Aqu2.1.19251-001;Scil_g10403	0.0002787234957560977	0.0001224640192150983	Aque_Aqu2.1.42499-001;Scil_g8462	0.004742401216607825	3.70097550443984e-05	Aque_Aqu2.1.34140-001;Slac_ENSLPGG00000001139	1.0121820050408576e-29	1.5864479285115916e-66	Aque_Aqu2.1.24982-001;Slac_ENSLPGG00000009509	6.201017404049446e-34	1.998130087411442e-10	Aque_Aqu2.1.41190-001;Slac_ENSLPGG00000005134	3.070020325785256e-26	0.0006442799892046742	Aque_Aqu2.1.29862-001;Slac_ENSLPGG00000010736	1.5187831121386648e-33	2.0988989273194013e-05	Aque_Aqu2.1.14505-001;Slac_ENSLPGG00000014205	4.1608280773534837e-17	4.942981006752245e-12	Aque_Aqu2.1.31385-001;Slac_ENSLPGG00000022008	0.0004221664291573433	2.2847279941433917e-49	Aque_Aqu2.1.40997-001;Slac_ENSLPGG00000019726	3.831716522362373e-96	9.233327271920263e-98	Aque_Aqu2.1.34343-001;Scil_g7064	1.074270232820891e-06	1.868540122167865e-153	Aque_Aqu2.1.24884-001;Scil_g1554	1.3533160291778027e-08	1.0622230321867601e-94	Aque_Aqu2.1.41012-001;Scil_g877	0.0037296053160072056	3.436755750647432e-72				Aque_Aqu2.1.41603-001;Slac_ENSLPGG00000019656	0.0005643144128126425	8.398405153558724e-07	Aque_Aqu2.1.31580-001;Slac_ENSLPGG00000007354	2.2249932325819924e-06	5.891852388618584e-05	Scil_g2018;Slac_ENSLPGG00000028392	3.0609869963813252e-15	2.5589657231536292e-05	Scil_g9161;Slac_ENSLPGG00000026665	2.6385043186678827e-33	0.0005594298294001904	Scil_g1483;Slac_ENSLPGG00000007158	2.479568833724734e-22	2.0838815629998246e-20	Scil_g5970;Slac_ENSLPGG00000019726	0.00876853202494436	1.5518774950969737e-86				Scil_g1483;Slac_ENSLPGG00000001139	2.479568833724734e-22	4.345251405310324e-05	Scil_g8186;Slac_ENSLPGG00000018391	2.027576154248112e-06	1.2564638542575937e-72	Scil_g12659;Slac_ENSLPGG00000014205	1.7832643797370186e-06	1.1536648230263885e-25	Scil_g8192;Slac_ENSLPGG00000007730	1.4505713363105934e-09	1.5161634843722148e-162						
Aque_Aqu2.1.43324-001;Scil_g1731	1.2736071685647366e-11	4.54217235155857e-17	Aque_Aqu2.1.38191-001;Scil_g3256	5.740348681209968e-44	3.913029502705773e-66	Aque_Aqu2.1.38191-001;Scil_g3256	5.740348681209968e-44	1.421562199914897e-32	Aque_Aqu2.1.35782-001;Slac_ENSLPGG00000006246	1.2434888697369219e-92	2.667318690488434e-176	Aque_Aqu2.1.41308-001;Slac_ENSLPGG00000009291	4.0631799851115316e-122	6.177941352201632e-12	Aque_Aqu2.1.26225-001;Slac_ENSLPGG00000004270	1.4585812166144586e-112	1.0099645298833446e-91	Aque_Aqu2.1.16620-001;Slac_ENSLPGG00000022242	5.117152723494208e-38	7.582033670849832e-18	Aque_Aqu2.1.14128-001;Slac_ENSLPGG00000018181	3.060442523617383e-19	7.496422331427468e-29				Aque_Aqu2.1.37079-001;Slac_ENSLPGG00000014397	1.2666589382809771e-121	3.3855431233057985e-30				Aque_Aqu2.1.30867-001;Slac_ENSLPGG00000021520	8.811394793769746e-08	2.3251872846171974e-12	Aque_Aqu2.1.42151-001;Slac_ENSLPGG00000010854	0.0002867980365569547	0.0033377095618873118	Aque_Aqu2.1.28492-001;Slac_ENSLPGG00000009116	4.609852878565774e-24	2.3440959155135562e-14	Aque_Aqu2.1.41459-001;Scil_g12131	1.5794802762380623e-08	2.2731884289040125e-05	Aque_Aqu2.1.44214-001;Slac_ENSLPGG00000015655	2.009817921356835e-06	1.5555584095616784e-48	Aque_Aqu2.1.34914-001;Scil_g1066	3.72904919381605e-06	9.692884806022747e-33	Aque_Aqu2.1.37895-001;Slac_ENSLPGG00000002171	1.3041098546376117e-11	2.3617155152259307e-60	Aque_Aqu2.1.33671-001;Slac_ENSLPGG00000008220	2.1653315935197197e-05	1.1457158537858282e-155	Aque_Aqu2.1.29497-001;Scil_g13078	6.077919633614359e-57	1.991643228201955e-20	Aque_Aqu2.1.37486-001;Scil_g12785	5.791765336917085e-10	1.6615381302058852e-07	Aque_Aqu2.1.35739-001;Scil_g496	1.2746924007240648e-08	0.005987353168376743	Aque_Aqu2.1.34598-001;Scil_g809	0.00016521084626498403	0.00629330701781394	Aque_Aqu2.1.28495-001;Slac_ENSLPGG00000009453	4.458325986516477e-24	3.1604583026530097e-28	Aque_Aqu2.1.23239-001;Slac_ENSLPGG00000009380	7.943361772072874e-20	2.292414534820821e-11	Aque_Aqu2.1.24982-001;Slac_ENSLPGG00000009509	6.201017404049446e-34	0.0023127606512439395	Aque_Aqu2.1.40738-001;Slac_ENSLPGG00000007322	6.218782870818954e-08	1.9430152944582622e-16	Aque_Aqu2.1.42762-001;Slac_ENSLPGG00000002171	1.0081478109652569e-17	2.5730742542634384e-20	Aque_Aqu2.1.23239-001;Slac_ENSLPGG00000009380	7.943361772072874e-20	3.538907005608493e-07	Aque_Aqu2.1.23239-001;Slac_ENSLPGG00000009380	7.943361772072874e-20	1.0137715312229105e-09	Aque_Aqu2.1.40905-001;Scil_g2541	1.6276630887661414e-22	7.336088079769624e-20	Aque_Aqu2.1.36280-001;Scil_g11065	6.583859642625656e-05	3.6002732481811173e-92	Aque_Aqu2.1.40738-001;Scil_g1061	2.1345051172444716e-09	1.6531340316030627e-66				Aque_Aqu2.1.22592-001;Slac_ENSLPGG00000000696	0.00023764189344227955	8.429042821774979e-18	Aque_Aqu2.1.14505-001;Slac_ENSLPGG00000007386	0.0012907827016655612	2.38173767008966e-09	Scil_g11447;Slac_ENSLPGG00000008750	4.092936753533095e-05	3.2875899999834076e-37	Scil_g13539;Slac_ENSLPGG00000012055	1.1454364321341173e-47	0.0013159312919552733	Scil_g10145;Slac_ENSLPGG00000007322	2.2288680991354423e-38	6.029827760382912e-40	Scil_g7476;Slac_ENSLPGG00000007134	1.6962499319957996e-22	1.850955267225313e-17				Scil_g6060;Slac_ENSLPGG00000014386	1.215893018835872e-11	1.493154584726633e-20	Scil_g3808;Slac_ENSLPGG00000002140	5.286844345780048e-33	2.5221650698564867e-28	Scil_g2536;Slac_ENSLPGG00000030214	3.5677019016781043e-72	0.0047157616025018095	Scil_g13026;Slac_ENSLPGG00000029928	4.1779960022114285e-20	3.860286543576328e-05						
Aque_Aqu2.1.40997-001;Scil_g13119	2.3806102975701186e-10	9.352432746421893e-79	Aque_Aqu2.1.14128-001;Scil_g9014	2.4522134152092073e-15	1.3351828985732552e-05	Aque_Aqu2.1.34374-001;Scil_g12129	1.4390603500282076e-48	2.697018913806139e-25	Aque_Aqu2.1.37762-001;Slac_ENSLPGG00000010260	1.6015037883301053e-113	1.039421481352097e-190	Aque_Aqu2.1.18688-001;Slac_ENSLPGG00000019766	1.5079384116635895e-120	2.6481851902559384e-37	Aque_Aqu2.1.42490-001;Slac_ENSLPGG00000011256	3.576635191646024e-93	1.1892595908068149e-57	Aque_Aqu2.1.28239-001;Slac_ENSLPGG00000022242	9.032128780279223e-16	7.582033670849832e-18	Aque_Aqu2.1.40739-001;Slac_ENSLPGG00000007249	3.550023227598492e-108	2.6147401603674214e-40				Aque_Aqu2.1.18688-001;Slac_ENSLPGG00000019766	3.3105307818191595e-103	4.490799766980331e-21				Aque_Aqu2.1.21205-001;Slac_ENSLPGG00000013772	0.002107528433600299	7.549622149393028e-16	Aque_Aqu2.1.44104-001;Slac_ENSLPGG00000013154	0.004676700161059421	4.353396462846653e-26	Aque_Aqu2.1.33604-001;Slac_ENSLPGG00000020709	0.003957618782661046	0.005348602593922333	Aque_Aqu2.1.43488-001;Scil_g12516	2.088896709874782e-22	0.0018996243963378607	Aque_Aqu2.1.39703-001;Slac_ENSLPGG00000004947	3.9358458296685827e-17	2.3125316935076514e-06	Aque_Aqu2.1.26656-001;Scil_g11106	6.306614396270752e-34	5.625711319294789e-12	Aque_Aqu2.1.25858-001;Slac_ENSLPGG00000010273	5.683206485678387e-42	1.4331754929585277e-12	Aque_Aqu2.1.28489-001;Slac_ENSLPGG00000015879	4.787491920802856e-09	0.002851009216837838	Aque_Aqu2.1.38599-001;Scil_g13430	6.89707358796606e-05	5.4415909022841374e-14	Aque_Aqu2.1.28316-001;Scil_g6383	0.007704087900764999	2.1392724040905424e-13	Aque_Aqu2.1.33525-001;Scil_g825	0.0003183802689905963	7.448139611401511e-06	Aque_Aqu2.1.41520-001;Scil_g10140	4.988517977277189e-10	0.0009539565805784388	Aque_Aqu2.1.43252-001;Slac_ENSLPGG00000017003	1.118841022757129e-86	0.0007146712202704738	Aque_Aqu2.1.41012-001;Slac_ENSLPGG00000018391	0.00027018571509218245	8.80674281685354e-58	Aque_Aqu2.1.41190-001;Slac_ENSLPGG00000009380	3.070020325785256e-26	0.003013857873698455	Aque_Aqu2.1.43536-001;Slac_ENSLPGG00000021503	3.1456270560029736e-13	0.00017926797541845837	Aque_Aqu2.1.28497-001;Slac_ENSLPGG00000009453	6.265744639493593e-06	7.139115142722667e-47	Aque_Aqu2.1.40044-001;Slac_ENSLPGG00000010574	2.8322222814374473e-28	1.624723813509285e-05	Aque_Aqu2.1.40044-001;Slac_ENSLPGG00000010574	2.8322222814374473e-28	1.422245420678335e-29	Aque_Aqu2.1.41943-001;Scil_g1343	1.7930078176274148e-08	8.636732229779643e-06	Aque_Aqu2.1.25862-001;Scil_g9420	2.0549201860468497e-37	2.61542842285498e-86	Aque_Aqu2.1.14505-001;Scil_g12659	7.790561052606891e-22	3.7730206860198744e-07				Aque_Aqu2.1.28941-001;Slac_ENSLPGG00000013461	0.008780498939991783	1.1512713195679222e-36	Aque_Aqu2.1.43953-001;Slac_ENSLPGG00000029288	0.002786791961528607	7.537621649457803e-05	Scil_g496;Slac_ENSLPGG00000027307	0.00022420019603756796	0.0030640301080179016	Scil_g8192;Slac_ENSLPGG00000007525	2.4409454456120322e-27	3.5619051390972777e-23	Scil_g6060;Slac_ENSLPGG00000013844	1.215893018835872e-11	6.327972765092445e-45	Scil_g11447;Slac_ENSLPGG00000009116	0.0011988833990713961	2.3440959155135562e-14				Scil_g10145;Slac_ENSLPGG00000007322	2.2288680991354423e-38	1.5533319931254813e-22	Scil_g10015;Slac_ENSLPGG00000022563	5.102593283167871e-54	1.402635458203217e-19	Scil_g13119;Slac_ENSLPGG00000019726	9.352432746421893e-79	6.546769520201781e-23	Scil_g2018;Slac_ENSLPGG00000015631	2.733722159106803e-29	0.003778735700775536						
Aque_Aqu2.1.28488-001;Scil_g12509	4.308080784192572e-08	0.0007866762903271074	Aque_Aqu2.1.38191-001;Scil_g9230	5.740348681209968e-44	5.73789625531634e-33	Aque_Aqu2.1.39927-001;Scil_g1970	2.100681945699731e-42	2.606407538094883e-24	Aque_Aqu2.1.34889-001;Slac_ENSLPGG00000015697	5.140233485381033e-67	4.620647901521794e-23	Aque_Aqu2.1.42490-001;Slac_ENSLPGG00000011256	3.576635191646024e-93	1.0004433741047168e-27	Aque_Aqu2.1.44014-001;Slac_ENSLPGG00000009021	1.3224867554283511e-120	2.7252965534508433e-11	Aque_Aqu2.1.33925-001;Slac_ENSLPGG00000001999	4.9886829343618893e-113	7.340611040216637e-17	Aque_Aqu2.1.41635-001;Slac_ENSLPGG00000019527	1.8860006019834307e-85	4.2697164052824775e-20				Aque_Aqu2.1.28570-001;Slac_ENSLPGG00000017185	1.3478437671175875e-40	0.006084162511327934				Aque_Aqu2.1.26998-001;Slac_ENSLPGG00000006271	3.197778486344573e-06	0.00010329686300105768	Aque_Aqu2.1.25929-001;Slac_ENSLPGG00000008098	2.1593827426913054e-06	2.903532461707627e-06	Aque_Aqu2.1.41482-001;Slac_ENSLPGG00000001139	2.2364060071655327e-10	1.0794946248240394e-08	Aque_Aqu2.1.28660-001;Scil_g8560	4.447347898735153e-19	6.827252268949651e-06	Aque_Aqu2.1.34138-001;Slac_ENSLPGG00000007158	1.2656438086926812e-05	1.114345831165579e-74	Aque_Aqu2.1.14719-001;Scil_g11106	5.875814379454436e-20	5.625711319294789e-12	Aque_Aqu2.1.33503-001;Slac_ENSLPGG00000028142	3.928255881395846e-18	3.7139133484272695e-30	Aque_Aqu2.1.38393-001;Slac_ENSLPGG00000013990	0.0003197347290015396	1.2681535972574781e-24	Aque_Aqu2.1.34863-001;Scil_g10140	7.856949568546215e-16	7.029809022088953e-33	Aque_Aqu2.1.39919-001;Scil_g2615	2.486254135103664e-07	1.3588690071563008e-97	Aque_Aqu2.1.28683-001;Scil_g2789	0.007371482204497088	3.0992480392413104e-32	Aque_Aqu2.1.40905-001;Scil_g8135	2.293128987599471e-12	6.613510251588844e-11	Aque_Aqu2.1.27256-001;Slac_ENSLPGG00000005340	7.575811414384171e-16	2.5341649857850972e-06	Aque_Aqu2.1.31551-001;Slac_ENSLPGG00000001139	0.0004550419940629617	1.7584177041274718e-41	Aque_Aqu2.1.39671-001;Slac_ENSLPGG00000012011	5.6277730716785066e-24	0.0024777222422923853	Aque_Aqu2.1.34140-001;Slac_ENSLPGG00000007158	1.0121820050408576e-29	3.092012612494674e-08	Aque_Aqu2.1.40738-001;Slac_ENSLPGG00000023276	6.218782870818954e-08	0.0023187143386704493	Aque_Aqu2.1.38554-001;Slac_ENSLPGG00000014697	3.744897044029404e-35	0.00031433912419985853	Aque_Aqu2.1.38554-001;Slac_ENSLPGG00000014697	3.744897044029404e-35	2.655527233495173e-06	Aque_Aqu2.1.41012-001;Scil_g6803	0.0037296053160072056	8.511999104027974e-111	Aque_Aqu2.1.39774-001;Scil_g1285	0.0019888630209188496	1.9193389449336593e-16	Aque_Aqu2.1.39672-001;Scil_g11079	4.853247615656722e-15	5.333606875609963e-07				Aque_Aqu2.1.21076-001;Slac_ENSLPGG00000021255	3.6983560006367636e-12	8.053308969477697e-05	Aque_Aqu2.1.42527-001;Slac_ENSLPGG00000013965	0.007250774586465135	0.002067798124046298	Scil_g9750;Slac_ENSLPGG00000010273	6.723224112689725e-10	1.6978492039766335e-05	Scil_g792;Slac_ENSLPGG00000030274	4.502169748278949e-85	0.001650288564594962	Scil_g721;Slac_ENSLPGG00000007429	7.585164231627284e-06	5.2822232502345456e-17	Scil_g1483;Slac_ENSLPGG00000019065	2.479568833724734e-22	0.004592237966067324				Scil_g13000;Slac_ENSLPGG00000029928	7.650787255511761e-23	4.687050897629952e-06	Scil_g7728;Slac_ENSLPGG00000007104	3.3310640983283895e-09	1.1013325515884864e-22	Scil_g4240;Slac_ENSLPGG00000007525	3.593482504157775e-10	3.9611081585269763e-32	Scil_g13539;Slac_ENSLPGG00000011536	3.801568702753414e-10	0.005230032865004775						
Aque_Aqu2.1.28570-001;Scil_g1710	6.837768357397875e-22	1.4260236395027158e-79	Aque_Aqu2.1.24003-001;Scil_g5917	2.866249896840247e-05	5.361292433110831e-06	Aque_Aqu2.1.34343-001;Scil_g7064	1.748816289030163e-11	3.4262948941657927e-34	Aque_Aqu2.1.33693-001;Slac_ENSLPGG00000002394	2.272650030560976e-17	1.2937479835425587e-20	Aque_Aqu2.1.43440-001;Slac_ENSLPGG00000008240	2.966613490803621e-57	1.0423535641754461e-08	Aque_Aqu2.1.25378-001;Slac_ENSLPGG00000020432	3.4926863395162285e-66	1.2056035521515938e-29	Aque_Aqu2.1.37762-001;Slac_ENSLPGG00000010260	3.763225226538024e-94	7.804406074934114e-53	Aque_Aqu2.1.41621-001;Slac_ENSLPGG00000018880	4.619452252412821e-84	5.2075412385308345e-55				Aque_Aqu2.1.33925-001;Slac_ENSLPGG00000001999	4.9886829343618893e-113	2.0586464875686888e-15				Aque_Aqu2.1.01979-001;Slac_ENSLPGG00000021520	0.007012591066954428	2.3251872846171974e-12	Aque_Aqu2.1.39671-001;Slac_ENSLPGG00000012011	4.793950567183939e-08	4.457564702462509e-27	Aque_Aqu2.1.34140-001;Slac_ENSLPGG00000007158	1.662739836406084e-09	4.969353227696443e-20	Aque_Aqu2.1.10425-001;Scil_g8416	1.7884504694520865e-31	3.0005616773400286e-72	Aque_Aqu2.1.36223-001;Slac_ENSLPGG00000026242	3.3674934284767487e-13	1.0657543622773938e-09	Aque_Aqu2.1.35211-001;Scil_g5520	1.0980787290419444e-30	3.2822396728584823e-09	Aque_Aqu2.1.41386-001;Slac_ENSLPGG00000026030	0.008178950601528626	2.630440636098749e-06	Aque_Aqu2.1.34861-001;Slac_ENSLPGG00000008706	1.5697310538016786e-20	3.5019171900275993e-07	Aque_Aqu2.1.28497-001;Scil_g178	6.265744639493593e-06	1.4769874519580662e-05	Aque_Aqu2.1.34344-001;Scil_g119	8.471951911253183e-28	6.863192564336938e-73	Aque_Aqu2.1.08677-001;Scil_g13539	7.208488648075431e-16	3.801568702753414e-10	Aque_Aqu2.1.28489-001;Scil_g13076	1.2639077541595553e-28	0.0038503271977062964	Aque_Aqu2.1.23692-001;Slac_ENSLPGG00000012471	1.2841772084763492e-19	9.012536840606819e-20	Aque_Aqu2.1.43353-001;Slac_ENSLPGG00000012059	3.8260820266303296e-05	9.426354102361006e-05	Aque_Aqu2.1.30867-001;Slac_ENSLPGG00000019065	1.3309245062395783e-20	1.7021584360314615e-05	Aque_Aqu2.1.43536-001;Slac_ENSLPGG00000017855	3.1456270560029736e-13	7.299582788670708e-05	Aque_Aqu2.1.25929-001;Slac_ENSLPGG00000008098	2.2905364015302013e-09	0.0019157688863410771	Aque_Aqu2.1.34863-001;Slac_ENSLPGG00000012140	7.856949568546215e-16	1.0581014950202239e-19	Aque_Aqu2.1.28214-001;Slac_ENSLPGG00000015631	8.244866599655472e-18	1.9985066974402838e-16	Aque_Aqu2.1.39672-001;Scil_g11079	4.853247615656722e-15	3.557156986832833e-11	Aque_Aqu2.1.41012-001;Scil_g877	0.0037296053160072056	1.1371250482772108e-92	Aque_Aqu2.1.41049-001;Scil_g13539	3.1349616642062083e-119	2.0254017501563832e-25				Aque_Aqu2.1.32861-001;Slac_ENSLPGG00000011506	1.0967339538902742e-05	5.633988894633641e-06	Aque_Aqu2.1.42203-001;Slac_ENSLPGG00000008996	3.7598373078532615e-09	8.155654749464835e-07	Scil_g12335;Slac_ENSLPGG00000009625	8.988864806702545e-09	5.0913304307575685e-05	Scil_g1483;Slac_ENSLPGG00000001139	2.479568833724734e-22	1.4494333720685917e-24	Scil_g428;Slac_ENSLPGG00000008220	1.1757209573410568e-27	3.5153631292559257e-91	Scil_g12785;Slac_ENSLPGG00000021186	1.6615381302058852e-07	1.220442759122435e-24				Scil_g3668;Slac_ENSLPGG00000022563	1.4998070167165875e-08	6.8943750857258504e-09	Scil_g1483;Slac_ENSLPGG00000007158	2.479568833724734e-22	1.965018913530473e-21	Scil_g8192;Slac_ENSLPGG00000007730	6.87570092868224e-33	0.0	Scil_g130;Slac_ENSLPGG00000011536	3.2104504713687346e-09	0.005230032865004775						
Aque_Aqu2.1.33693-001;Scil_g12599	2.272650030560976e-17	4.173021689879131e-75	Aque_Aqu2.1.32713-001;Scil_g2679	2.6072070909321647e-14	3.938836107035566e-40	Aque_Aqu2.1.29099-001;Scil_g1652	0.00020858608906216777	4.773860750533192e-18	Aque_Aqu2.1.28091-001;Slac_ENSLPGG00000011974	2.7724493515918748e-102	4.553275597361479e-205	Aque_Aqu2.1.44322-001;Slac_ENSLPGG00000026466	8.465724691870346e-08	1.4626295981692032e-101	Aque_Aqu2.1.34247-001;Slac_ENSLPGG00000018181	5.995179413289e-67	3.630673637054969e-70	Aque_Aqu2.1.42490-001;Slac_ENSLPGG00000011256	1.94471897413777e-79	5.5829074661535626e-21	Aque_Aqu2.1.28647-001;Slac_ENSLPGG00000010538	3.1058330152536367e-108	7.864129825304088e-52				Aque_Aqu2.1.26684-001;Slac_ENSLPGG00000011888	3.0985943890265298e-164	0.004695103844647241				Aque_Aqu2.1.42151-001;Slac_ENSLPGG00000010854	0.0002867980365569547	0.0011755140317752015	Aque_Aqu2.1.41482-001;Slac_ENSLPGG00000006271	2.2364060071655327e-10	6.725810871771657e-11	Aque_Aqu2.1.25867-001;Slac_ENSLPGG00000015112	2.1213248264626324e-06	0.0002902087639971218	Aque_Aqu2.1.26125-001;Scil_g6241	2.8889124088003038e-40	2.833157647881633e-12	Aque_Aqu2.1.38181-001;Slac_ENSLPGG00000027757	0.0014557742047692525	1.6326245551195276e-06	Aque_Aqu2.1.25858-001;Scil_g10250	5.683206485678387e-42	0.0005451358125084988	Aque_Aqu2.1.17816-001;Slac_ENSLPGG00000007158	1.1230267612856121e-05	1.114345831165579e-74	Aque_Aqu2.1.37473-001;Slac_ENSLPGG00000021402	0.005287152186636688	5.47074109591713e-19	Aque_Aqu2.1.28940-001;Scil_g13459	0.0008919440334010753	1.9096012719656576e-17	Aque_Aqu2.1.34343-001;Scil_g119	1.192967813648859e-24	6.863192564336938e-73	Aque_Aqu2.1.40721-001;Scil_g8390	0.0002207593425700575	1.0713201186415784e-29	Aque_Aqu2.1.42154-001;Scil_g12529	2.4653836889926653e-06	0.0014259673764483503	Aque_Aqu2.1.44243-001;Slac_ENSLPGG00000008996	2.5819489532558422e-23	5.146308428844976e-15	Aque_Aqu2.1.40738-001;Slac_ENSLPGG00000014205	6.218782870818954e-08	5.661329922037294e-55	Aque_Aqu2.1.44243-001;Slac_ENSLPGG00000021186	2.5819489532558422e-23	1.0932599746270406e-05	Aque_Aqu2.1.29714-001;Slac_ENSLPGG00000008036	7.391576077219849e-08	1.1773306342654704e-10	Aque_Aqu2.1.40738-001;Slac_ENSLPGG00000007322	6.218782870818954e-08	3.4680790141518557e-19	Aque_Aqu2.1.41190-001;Slac_ENSLPGG00000005134	3.070020325785256e-26	8.764793364384847e-09	Aque_Aqu2.1.38390-001;Slac_ENSLPGG00000005134	3.283777108141531e-31	1.8972048888182136e-07	Aque_Aqu2.1.40738-001;Scil_g4929	2.1345051172444716e-09	2.6638120184522244e-128	Aque_Aqu2.1.28647-001;Scil_g9745	3.257848752489315e-06	3.8728929434751946e-90	Aque_Aqu2.1.21174-001;Scil_g2820	3.5983844010444904e-79	7.937987451962361e-22				Aque_Aqu2.1.22809-001;Slac_ENSLPGG00000017293	2.0522297267040638e-14	1.2392350611224024e-08	Aque_Aqu2.1.41583-001;Slac_ENSLPGG00000022488	3.1649988563463466e-09	5.044303298043575e-05	Scil_g7991;Slac_ENSLPGG00000026673	3.841187617541146e-06	0.00042711768069751254	Scil_g8186;Slac_ENSLPGG00000018391	2.027576154248112e-06	1.4325407164863737e-45	Scil_g1350;Slac_ENSLPGG00000007955	1.7852689279252667e-48	0.0010077057716323732	Scil_g10960;Slac_ENSLPGG00000015112	7.697874836345238e-14	0.0002902087639971218				Scil_g5780;Slac_ENSLPGG00000001139	1.401077682156374e-56	4.345251405310324e-05	Scil_g6432;Slac_ENSLPGG00000001593	1.6907770673504376e-61	6.64209136246941e-10	Scil_g5888;Slac_ENSLPGG00000012471	7.570274345774542e-89	0.005559596267054266	Scil_g6923;Slac_ENSLPGG00000001139	4.832739396701769e-10	1.7584177041274718e-41						
Aque_Aqu2.1.34429-001;Scil_g110	7.854915848010625e-74	0.001862633292933099	Aque_Aqu2.1.43985-001;Scil_g12599	5.989059835682736e-35	6.341065114787564e-42	Aque_Aqu2.1.03528-001;Scil_g2894	2.524224078298844e-07	6.63625816753973e-19	Aque_Aqu2.1.25378-001;Slac_ENSLPGG00000020432	3.4926863395162285e-66	2.0129618695178167e-63	Aque_Aqu2.1.37762-001;Slac_ENSLPGG00000010260	1.6015037883301053e-113	5.412571896044433e-37	Aque_Aqu2.1.40409-001;Slac_ENSLPGG00000002404	2.5626223762526347e-95	9.815004145753709e-64	Aque_Aqu2.1.29717-001;Slac_ENSLPGG00000007301	2.793845220070345e-48	2.5640048301886434e-12	Aque_Aqu2.1.41064-001;Slac_ENSLPGG00000022135	8.580551927005869e-23	1.0319589517077884e-14				Aque_Aqu2.1.29989-001;Slac_ENSLPGG00000002916	1.3626311020990895e-111	0.00011693882023847729				Aque_Aqu2.1.24987-001;Slac_ENSLPGG00000010054	1.6948309903525678e-12	1.1324999533424646e-05	Aque_Aqu2.1.21205-001;Slac_ENSLPGG00000017522	0.002107528433600299	0.0002816559451928726	Aque_Aqu2.1.44243-001;Slac_ENSLPGG00000021186	2.521644079706085e-10	1.220442759122435e-24	Aque_Aqu2.1.27795-001;Scil_g1858	1.6436521919493415e-06	1.3255464112178313e-28	Aque_Aqu2.1.36275-001;Slac_ENSLPGG00000005072	0.0020370970724508616	6.293393060430815e-06	Aque_Aqu2.1.28493-001;Scil_g5104	4.321453769502233e-21	1.0482033334351304e-18	Aque_Aqu2.1.22580-001;Slac_ENSLPGG00000006423	4.7832930747450255e-08	3.266166105766691e-05	Aque_Aqu2.1.31386-001;Slac_ENSLPGG00000021402	1.9939436211890793e-10	5.47074109591713e-19	Aque_Aqu2.1.41626-001;Scil_g10491	8.340392326773783e-11	1.0962934184441848e-07	Aque_Aqu2.1.41619-001;Scil_g10086	0.0001135500444194301	3.0338463385256324e-05	Aque_Aqu2.1.28495-001;Scil_g9850	4.458325986516477e-24	7.256824191226701e-09	Aque_Aqu2.1.23692-001;Scil_g10960	1.2841772084763492e-19	0.0010311375398249923	Aque_Aqu2.1.31586-001;Slac_ENSLPGG00000015099	1.7372787348993547e-40	1.2070220763616555e-10	Aque_Aqu2.1.31064-001;Slac_ENSLPGG00000000828	0.00019272678791150202	5.210280348041436e-09	Aque_Aqu2.1.39919-001;Slac_ENSLPGG00000027773	2.486254135103664e-07	3.8335044618437055e-14	Aque_Aqu2.1.29862-001;Slac_ENSLPGG00000025832	1.5187831121386648e-33	0.0012720284587831403	Aque_Aqu2.1.24987-001;Slac_ENSLPGG00000003239	1.0504102619364857e-17	0.00011648380655189963	Aque_Aqu2.1.43989-001;Slac_ENSLPGG00000002394	4.110904363096128e-06	1.8622701653685263e-59	Aque_Aqu2.1.36565-001;Slac_ENSLPGG00000020706	4.250044864508634e-18	0.00012637943545231424	Aque_Aqu2.1.29098-001;Scil_g2493	0.008406488938209408	3.171133198751257e-158	Aque_Aqu2.1.33622-001;Scil_g1846	0.0004296564650498524	3.7072688851209574e-77	Aque_Aqu2.1.28214-001;Scil_g8568	8.636946883713957e-34	0.0055161113116417694				Aque_Aqu2.1.39201-001;Slac_ENSLPGG00000027198	1.1119694902826868e-11	6.050839670733482e-13	Aque_Aqu2.1.32600-001;Slac_ENSLPGG00000009612	0.007545965439722446	0.00011351860522038327	Scil_g9750;Slac_ENSLPGG00000026948	6.723224112689725e-10	0.005553210951833313	Scil_g1483;Slac_ENSLPGG00000007158	2.479568833724734e-22	1.2305328596950784e-25	Scil_g10145;Slac_ENSLPGG00000030375	2.2288680991354423e-38	0.0009062360447060605	Scil_g2024;Slac_ENSLPGG00000004970	3.8482179326324794e-44	0.00036365855913515955				Scil_g7476;Slac_ENSLPGG00000007134	1.6962499319957996e-22	3.61944373898109e-08	Scil_g1483;Slac_ENSLPGG00000001139	2.479568833724734e-22	4.69500827060743e-21	Scil_g4240;Slac_ENSLPGG00000011839	3.593482504157775e-10	6.871823708419816e-06	Scil_g2820;Slac_ENSLPGG00000012140	2.0116989466359346e-05	8.571097025114353e-39						
Aque_Aqu2.1.34247-001;Scil_g9014	5.995179413289e-67	0.0027978391910432904	Aque_Aqu2.1.34374-001;Scil_g12129	1.4390603500282076e-48	3.1404553919121265e-42	Aque_Aqu2.1.29497-001;Scil_g2541	1.613969228591092e-36	1.2458272345387522e-06	Aque_Aqu2.1.38546-001;Slac_ENSLPGG00000004809	5.0069341824032954e-104	1.7243835728527125e-186	Aque_Aqu2.1.27063-001;Slac_ENSLPGG00000023230	3.201242607069932e-92	2.0861133107308363e-21	Aque_Aqu2.1.35077-001;Slac_ENSLPGG00000017593	1.9812419822161078e-144	8.919210124797321e-42	Aque_Aqu2.1.22535-001;Slac_ENSLPGG00000012055	1.1722358730276902e-98	5.3016134566162584e-05	Aque_Aqu2.1.25682-001;Slac_ENSLPGG00000019196	4.6746242325897114e-116	1.2431352884441626e-06				Aque_Aqu2.1.18353-001;Slac_ENSLPGG00000017904	6.178257458042465e-65	1.0210110647151025e-05				Aque_Aqu2.1.34140-001;Slac_ENSLPGG00000021520	1.662739836406084e-09	2.3251872846171974e-12	Aque_Aqu2.1.28942-001;Slac_ENSLPGG00000014432	1.2138942124859158e-06	3.5238771670323136e-06	Aque_Aqu2.1.42151-001;Slac_ENSLPGG00000008996	0.0002867980365569547	8.656770680653274e-05	Aque_Aqu2.1.23302-001;Scil_g750	7.671227552632882e-18	0.0030488697490813794	Aque_Aqu2.1.42577-001;Slac_ENSLPGG00000000077	1.8911675837915696e-105	0.0036103666984574636	Aque_Aqu2.1.36394-001;Scil_g11408	2.851071199291618e-53	0.0009273067915295075	Aque_Aqu2.1.22320-001;Slac_ENSLPGG00000015631	3.5353442002483155e-36	8.896789141331552e-11	Aque_Aqu2.1.31388-001;Slac_ENSLPGG00000021402	0.009425638668166618	5.47074109591713e-19	Aque_Aqu2.1.19251-001;Scil_g4524	0.0002787234957560977	1.2091609115166517e-12	Aque_Aqu2.1.23692-001;Scil_g10960	1.2841772084763492e-19	7.697874836345238e-14	Aque_Aqu2.1.38683-001;Scil_g10242	0.0026556694445690667	5.071731628240439e-05	Aque_Aqu2.1.40738-001;Scil_g2018	6.218782870818954e-08	5.296415650876379e-07	Aque_Aqu2.1.37082-001;Slac_ENSLPGG00000014205	1.421056760183191e-45	8.529006203565522e-47	Aque_Aqu2.1.41190-001;Slac_ENSLPGG00000014697	3.070020325785256e-26	2.659720310412049e-10	Aque_Aqu2.1.43674-001;Slac_ENSLPGG00000019065	4.20083387372124e-06	1.7021584360314615e-05	Aque_Aqu2.1.37486-001;Slac_ENSLPGG00000008996	5.791765336917085e-10	1.8020173989883424e-05	Aque_Aqu2.1.38554-001;Slac_ENSLPGG00000005134	3.744897044029404e-35	0.00045024964895751284	Aque_Aqu2.1.28495-001;Slac_ENSLPGG00000009453	4.458325986516477e-24	1.297346950394959e-07	Aque_Aqu2.1.28223-001;Slac_ENSLPGG00000007525	1.3844036382592803e-13	2.4280532106859597e-36	Aque_Aqu2.1.31551-001;Scil_g12129	5.480233371944621e-11	2.9690029009796013e-97	Aque_Aqu2.1.28647-001;Scil_g9721	3.257848752489315e-06	7.303880045324631e-90	Aque_Aqu2.1.24884-001;Scil_g1554	1.3533160291778027e-08	4.715836454019465e-72				Aque_Aqu2.1.31179-001;Slac_ENSLPGG00000010484	0.0002464726531911596	1.476458305517999e-06	Aque_Aqu2.1.22695-001;Slac_ENSLPGG00000013965	0.003955686280688278	0.002067798124046298	Scil_g11800;Slac_ENSLPGG00000021800	1.0041857827887783e-77	1.243255156074208e-25	Scil_g5780;Slac_ENSLPGG00000001139	1.401077682156374e-56	1.4494333720685917e-24	Scil_g8192;Slac_ENSLPGG00000007525	2.4409454456120322e-27	1.1234997919954914e-14	Scil_g8192;Slac_ENSLPGG00000011839	2.4409454456120322e-27	0.009479926360797563				Scil_g8192;Slac_ENSLPGG00000011839	2.4409454456120322e-27	6.871823708419816e-06	Scil_g11654;Slac_ENSLPGG00000017086	4.872362971570459e-07	1.4868985767209912e-07	Scil_g4929;Slac_ENSLPGG00000012981	9.60239209900516e-95	0.00011499550597623149	Scil_g10843;Slac_ENSLPGG00000008220	2.441499187975903e-68	0.0008756707499995294						
Aque_Aqu2.1.32503-001;Scil_g8568	2.0081355121222554e-34	0.00017243049440109892	Aque_Aqu2.1.25862-001;Scil_g9014	1.4164840831138878e-69	1.3351828985732552e-05	Aque_Aqu2.1.40905-001;Scil_g1157	9.527533673684782e-19	7.676891407622203e-15	Aque_Aqu2.1.14207-001;Slac_ENSLPGG00000010983	4.846865897652857e-15	3.83141568105036e-162	Aque_Aqu2.1.29989-001;Slac_ENSLPGG00000002916	4.122966021694138e-114	8.13217571260454e-08	Aque_Aqu2.1.39902-001;Slac_ENSLPGG00000021584	9.107093425514649e-48	1.5268177922787565e-06	Aque_Aqu2.1.36105-001;Slac_ENSLPGG00000022449	1.677285239895516e-12	4.232134737239487e-36	Aque_Aqu2.1.33740-001;Slac_ENSLPGG00000014397	3.050336161000028e-63	1.0741231000141901e-80				Aque_Aqu2.1.44138-001;Slac_ENSLPGG00000009965	2.4075529058832285e-84	7.441768387696718e-29				Aque_Aqu2.1.28495-001;Slac_ENSLPGG00000023963	3.050594406121623e-25	0.00021429564820563303	Aque_Aqu2.1.37137-001;Slac_ENSLPGG00000021127	1.643277675461539e-16	0.009342612883849542	Aque_Aqu2.1.38752-001;Slac_ENSLPGG00000014037	2.5967541173213717e-13	1.7369126307804394e-11	Aque_Aqu2.1.30110-001;Scil_g3388	2.308865816166031e-15	4.153586111703442e-07	Aque_Aqu2.1.40738-001;Slac_ENSLPGG00000012981	6.422305685693903e-13	6.990697654850585e-137	Aque_Aqu2.1.37297-001;Scil_g11238	0.0038503850914560953	1.5303060410408876e-110	Aque_Aqu2.1.41583-001;Slac_ENSLPGG00000000967	1.075194399407091e-28	1.6969914153055907e-11	Aque_Aqu2.1.24511-001;Slac_ENSLPGG00000010168	4.874707324206489e-25	0.0006322457536316339	Aque_Aqu2.1.19251-001;Scil_g10403	0.0002787234957560977	1.7124746463439208e-17	Aque_Aqu2.1.42770-001;Scil_g3808	3.5810184203344485e-32	5.286844345780048e-33	Aque_Aqu2.1.08677-001;Scil_g130	7.208488648075431e-16	3.2104504713687346e-09	Aque_Aqu2.1.37426-001;Scil_g8462	0.006785239769564729	3.70097550443984e-05	Aque_Aqu2.1.40044-001;Slac_ENSLPGG00000010574	2.8322222814374473e-28	9.440188128803196e-16	Aque_Aqu2.1.33622-001;Slac_ENSLPGG00000002171	1.708447263117159e-16	2.040331509655993e-20	Aque_Aqu2.1.38176-001;Slac_ENSLPGG00000016480	1.7197956842617203e-07	1.1578328755012442e-09	Aque_Aqu2.1.30867-001;Slac_ENSLPGG00000007158	1.3309245062395783e-20	3.092012612494674e-08	Aque_Aqu2.1.43251-001;Slac_ENSLPGG00000022080	2.3451474142829946e-08	0.00048494656273843115	Aque_Aqu2.1.44243-001;Slac_ENSLPGG00000021186	2.5819489532558422e-23	2.0188353322288348e-10	Aque_Aqu2.1.38554-001;Slac_ENSLPGG00000005134	3.744897044029404e-35	1.8972048888182136e-07	Aque_Aqu2.1.41302-001;Scil_g863	1.593114344057822e-11	4.756084139934951e-32	Aque_Aqu2.1.41621-001;Scil_g12515	3.759877614692764e-06	6.272355109190866e-91	Aque_Aqu2.1.33622-001;Scil_g1846	0.0004296564650498524	2.6571136541369326e-45				Aque_Aqu2.1.27809-001;Slac_ENSLPGG00000018450	5.722807349227157e-17	6.8440101107148165e-25	Aque_Aqu2.1.41071-001;Slac_ENSLPGG00000024858	1.5504435466436736e-11	6.9410689420013476e-34	Scil_g721;Slac_ENSLPGG00000016523	1.2265829150867528e-69	0.00036903692952223847	Scil_g428;Slac_ENSLPGG00000008220	1.1757209573410568e-27	4.726282953830286e-155	Scil_g402;Slac_ENSLPGG00000016891	0.0003005960655922788	1.1066745948069943e-10	Scil_g8186;Slac_ENSLPGG00000018391	2.027576154248112e-06	4.275284328708301e-12				Scil_g12781;Slac_ENSLPGG00000012981	3.220845832701209e-54	0.00011499550597623149	Scil_g1098;Slac_ENSLPGG00000007158	7.599970776583826e-09	1.965018913530473e-21	Scil_g12509;Slac_ENSLPGG00000009453	0.0007866762903271074	1.297346950394959e-07	Scil_g1483;Slac_ENSLPGG00000001139	4.085735599763043e-06	1.7584177041274718e-41						
Aque_Aqu2.1.25862-001;Scil_g9420	1.4164840831138878e-69	2.61542842285498e-86	Aque_Aqu2.1.37713-001;Scil_g4517	1.7092280498504553e-19	1.596873247019166e-10	Aque_Aqu2.1.36263-001;Scil_g3347	1.778679896019185e-56	1.1466699443392588e-24	Aque_Aqu2.1.29050-001;Slac_ENSLPGG00000007086	2.867105090061806e-114	1.916579196003528e-87	Aque_Aqu2.1.19270-001;Slac_ENSLPGG00000014669	3.5649902187242884e-79	1.1038686753309209e-09	Aque_Aqu2.1.43382-001;Slac_ENSLPGG00000004594	1.0768824237806037e-94	2.8373547397208718e-62	Aque_Aqu2.1.39108-001;Slac_ENSLPGG00000007868	3.922071748104669e-86	1.1489317392501663e-05	Aque_Aqu2.1.33740-001;Slac_ENSLPGG00000011571	3.050336161000028e-63	9.652291852964913e-17				Aque_Aqu2.1.21796-001;Slac_ENSLPGG00000020424	3.728084031454857e-82	6.24883935437977e-36				Aque_Aqu2.1.18919-001;Slac_ENSLPGG00000020504	4.099696319053958e-07	5.048442826344658e-07	Aque_Aqu2.1.21208-001;Slac_ENSLPGG00000017522	0.009823782723145305	0.0002816559451928726	Aque_Aqu2.1.01979-001;Slac_ENSLPGG00000001139	0.007012591066954428	1.0794946248240394e-08	Aque_Aqu2.1.44140-001;Scil_g4190	1.646659288707431e-78	1.976243892774613e-57	Aque_Aqu2.1.37895-001;Slac_ENSLPGG00000002171	1.8087908043811806e-10	2.3617155152259307e-60	Aque_Aqu2.1.39593-001;Scil_g9955	1.0415950099465564e-25	8.310688268255026e-05	Aque_Aqu2.1.38752-001;Slac_ENSLPGG00000014120	1.5804020643111057e-187	0.000944903500654391	Aque_Aqu2.1.31385-001;Slac_ENSLPGG00000021402	5.85436007345541e-05	5.47074109591713e-19	Aque_Aqu2.1.39905-001;Scil_g10530	1.4006866036488385e-125	0.0021197888377777543	Aque_Aqu2.1.33928-001;Scil_g119	8.346851545633894e-09	6.863192564336938e-73	Aque_Aqu2.1.31586-001;Scil_g5478	1.7372787348993547e-40	0.0003749443970407659	Aque_Aqu2.1.44221-001;Scil_g13279	5.994069235373014e-92	0.0016891241532341903	Aque_Aqu2.1.15179-001;Slac_ENSLPGG00000007134	5.338752079734542e-06	1.723130318275879e-92	Aque_Aqu2.1.34140-001;Slac_ENSLPGG00000001139	1.0121820050408576e-29	1.7584177041274718e-41	Aque_Aqu2.1.34140-001;Slac_ENSLPGG00000019065	1.0121820050408576e-29	1.7021584360314615e-05	Aque_Aqu2.1.31385-001;Slac_ENSLPGG00000021402	0.0004221664291573433	2.454971510320962e-13	Aque_Aqu2.1.38560-001;Slac_ENSLPGG00000006923	1.0497286366750963e-20	1.7895248737502926e-07	Aque_Aqu2.1.31388-001;Slac_ENSLPGG00000022008	0.004760476945746735	2.2847279941433917e-49	Aque_Aqu2.1.43267-001;Slac_ENSLPGG00000022080	3.1038449995845004e-09	1.3764679304517367e-18	Aque_Aqu2.1.34348-001;Scil_g9841	0.004037217112809467	3.8224522607857075e-47	Aque_Aqu2.1.40997-001;Scil_g13119	1.1246864081167407e-15	9.352432746421893e-79	Aque_Aqu2.1.40738-001;Scil_g4929	2.1345051172444716e-09	3.464830970332022e-64				Aque_Aqu2.1.25001-001;Slac_ENSLPGG00000011146	0.00046378675646683795	0.0013366526314370329	Aque_Aqu2.1.42605-001;Slac_ENSLPGG00000003655	5.921947850828125e-16	1.857994151118104e-12	Scil_g11204;Slac_ENSLPGG00000028225	0.00020076639837232285	4.421597973650588e-05	Scil_g6432;Slac_ENSLPGG00000001593	1.6907770673504376e-61	1.0189797798161021e-11	Scil_g402;Slac_ENSLPGG00000002171	0.0003005960655922788	2.0039843010385572e-48	Scil_g2475;Slac_ENSLPGG00000015293	3.0939704374754477e-07	0.0003498442261518222				Scil_g10145;Slac_ENSLPGG00000014205	2.2288680991354423e-38	1.1536648230263885e-25	Scil_g7476;Slac_ENSLPGG00000007134	1.6962499319957996e-22	4.5735235615341203e-41	Scil_g1554;Slac_ENSLPGG00000016023	1.0622230321867601e-94	2.1332530687575003e-21	Scil_g3460;Slac_ENSLPGG00000006723	0.0030212586922886246	1.572662634197501e-36						
Aque_Aqu2.1.34140-001;Scil_g7883	8.624609785310953e-08	1.162956500078495e-86	Aque_Aqu2.1.32946-001;Scil_g548	3.198548394219795e-57	1.2813609335611186e-53	Aque_Aqu2.1.41892-001;Scil_g4335	8.326661223111995e-07	2.412480949184302e-28	Aque_Aqu2.1.39108-001;Slac_ENSLPGG00000007868	1.5603924607670408e-114	1.1935285646711055e-16	Aque_Aqu2.1.06465-001;Slac_ENSLPGG00000010731	1.1423349568697603e-06	1.8304598264798183e-93	Aque_Aqu2.1.23425-001;Slac_ENSLPGG00000021584	2.4250333501045333e-55	1.5268177922787565e-06	Aque_Aqu2.1.24263-001;Slac_ENSLPGG00000024124	5.014452326172999e-104	9.387692864502609e-09	Aque_Aqu2.1.16620-001;Slac_ENSLPGG00000005401	5.117152723494208e-38	8.223884250027323e-36				Aque_Aqu2.1.43309-001;Slac_ENSLPGG00000007673	3.311614163436602e-70	9.605619249526652e-10				Aque_Aqu2.1.38750-001;Slac_ENSLPGG00000014037	2.625604464614801e-12	2.8937728943288984e-19	Aque_Aqu2.1.41049-001;Slac_ENSLPGG00000008987	1.7843460525969402e-71	0.005751196968137072	Aque_Aqu2.1.17816-001;Slac_ENSLPGG00000007158	0.009367143325851741	4.969353227696443e-20	Aque_Aqu2.1.35499-001;Scil_g4190	1.1523800383696093e-27	1.976243892774613e-57	Aque_Aqu2.1.44197-001;Slac_ENSLPGG00000001139	2.2714847576806134e-31	8.419665194249147e-35	Aque_Aqu2.1.41092-001;Scil_g3388	2.646540504612954e-90	4.153586111703442e-07	Aque_Aqu2.1.33475-001;Slac_ENSLPGG00000006423	1.0995269657112263e-12	3.266166105766691e-05	Aque_Aqu2.1.35499-001;Slac_ENSLPGG00000009116	1.2692762160706003e-88	4.060418632093554e-06	Aque_Aqu2.1.29496-001;Scil_g8135	0.0005693519180481434	4.886659234752376e-97	Aque_Aqu2.1.29496-001;Scil_g13078	0.0005693519180481434	7.912716267496188e-05	Aque_Aqu2.1.41962-001;Scil_g8956	1.6536677389112207e-06	4.752457066761341e-20	Aque_Aqu2.1.30867-001;Scil_g6923	1.3309245062395783e-20	1.9865115391663293e-07	Aque_Aqu2.1.44243-001;Slac_ENSLPGG00000021186	2.5819489532558422e-23	2.1966675747781014e-45	Aque_Aqu2.1.43995-001;Slac_ENSLPGG00000002394	1.2817282397478916e-13	1.4512784716372902e-32	Aque_Aqu2.1.30867-001;Slac_ENSLPGG00000007158	1.3309245062395783e-20	5.42418213709586e-07	Aque_Aqu2.1.28497-001;Slac_ENSLPGG00000009453	6.265744639493593e-06	2.3985592499326432e-20	Aque_Aqu2.1.29862-001;Slac_ENSLPGG00000010736	1.5187831121386648e-33	1.2664158827925261e-08	Aque_Aqu2.1.42770-001;Slac_ENSLPGG00000002140	3.5810184203344485e-32	6.326684312611941e-13	Aque_Aqu2.1.21880-001;Slac_ENSLPGG00000008528	1.2898596676934027e-28	2.909698664190913e-50	Aque_Aqu2.1.36606-001;Scil_g1846	0.00011808161515158586	6.578026877377834e-99	Aque_Aqu2.1.29497-001;Scil_g1157	1.2112662309644303e-77	5.371096108950538e-15	Aque_Aqu2.1.34348-001;Scil_g9841	0.004037217112809467	1.0967425781163695e-34				Aque_Aqu2.1.37477-001;Slac_ENSLPGG00000000542	1.2839397955753959e-15	3.7071444059323417e-10	Aque_Aqu2.1.25768-001;Slac_ENSLPGG00000008607	7.409015990743464e-05	2.0066743189654983e-05	Scil_g10108;Slac_ENSLPGG00000028392	8.192761731090963e-05	2.5589657231536292e-05	Scil_g7476;Slac_ENSLPGG00000007134	1.6962499319957996e-22	9.037150733713786e-49	Scil_g7476;Slac_ENSLPGG00000007134	1.6962499319957996e-22	4.668375500649287e-23	Scil_g3668;Slac_ENSLPGG00000022563	1.4998070167165875e-08	0.002913780593230854				Scil_g2024;Slac_ENSLPGG00000012981	3.8482179326324794e-44	0.00011499550597623149	Scil_g5780;Slac_ENSLPGG00000007158	1.401077682156374e-56	1.965018913530473e-21	Scil_g1061;Slac_ENSLPGG00000012981	1.0251660571293946e-93	0.00011499550597623149	Scil_g6923;Slac_ENSLPGG00000007158	4.832739396701769e-10	2.3171329481883538e-23						
Aque_Aqu2.1.43636-001;Scil_g2645	2.3857194879026892e-54	1.328756618204222e-47	Aque_Aqu2.1.37713-001;Scil_g2679	1.7092280498504553e-19	3.938836107035566e-40	Aque_Aqu2.1.41587-001;Scil_g4378	6.284211007424334e-22	5.054538099782425e-13	Aque_Aqu2.1.24541-001;Slac_ENSLPGG00000010551	2.344168441479099e-143	1.1481621637587149e-70	Aque_Aqu2.1.28091-001;Slac_ENSLPGG00000011974	2.7724493515918748e-102	1.919180548529351e-28	Aque_Aqu2.1.33925-001;Slac_ENSLPGG00000001999	4.33182089821621e-115	2.68549045416573e-54	Aque_Aqu2.1.20046-001;Slac_ENSLPGG00000008927	4.1919986784620565e-08	4.196537548175195e-39	Aque_Aqu2.1.28570-001;Slac_ENSLPGG00000017185	1.3478437671175875e-40	0.003646635186372826				Aque_Aqu2.1.22254-001;Slac_ENSLPGG00000009254	4.495098574013278e-89	3.406611387793786e-27				Aque_Aqu2.1.39672-001;Slac_ENSLPGG00000002171	6.3157949007109966e-09	4.811942582704965e-16	Aque_Aqu2.1.23245-001;Slac_ENSLPGG00000013844	6.412219767578961e-13	6.327972765092445e-45	Aque_Aqu2.1.39672-001;Slac_ENSLPGG00000022031	6.3157949007109966e-09	0.0026640309671868865	Aque_Aqu2.1.44140-001;Scil_g5104	1.646659288707431e-78	1.0482033334351304e-18	Aque_Aqu2.1.22580-001;Slac_ENSLPGG00000006423	9.229202619985348e-11	3.266166105766691e-05	Aque_Aqu2.1.11170-001;Scil_g12131	6.638703732775192e-08	2.2731884289040125e-05	Aque_Aqu2.1.35513-001;Slac_ENSLPGG00000014037	1.9223474439878673e-49	9.215098691457013e-15	Aque_Aqu2.1.28493-001;Slac_ENSLPGG00000009116	4.321453769502233e-21	4.060418632093554e-06	Aque_Aqu2.1.36490-001;Scil_g13611	2.3520864719849443e-07	8.156316910224347e-05	Aque_Aqu2.1.20935-001;Scil_g13331	3.0542012146660946e-19	1.7811965565566243e-06	Aque_Aqu2.1.28497-001;Scil_g9850	6.265744639493593e-06	7.256824191226701e-09	Aque_Aqu2.1.31551-001;Scil_g6923	0.0004550419940629617	1.9865115391663293e-07	Aque_Aqu2.1.43482-001;Slac_ENSLPGG00000017003	7.648655415159219e-16	0.0007146712202704738	Aque_Aqu2.1.08677-001;Slac_ENSLPGG00000011536	7.208488648075431e-16	0.005230032865004775	Aque_Aqu2.1.38146-001;Slac_ENSLPGG00000018391	6.387586082111135e-11	0.00017741661575307126	Aque_Aqu2.1.31385-001;Slac_ENSLPGG00000022008	0.0004221664291573433	5.8169367704063345e-09	Aque_Aqu2.1.44280-001;Slac_ENSLPGG00000021800	1.013546532817293e-30	6.359360616478455e-09	Aque_Aqu2.1.37082-001;Slac_ENSLPGG00000014205	1.421056760183191e-45	1.1536648230263885e-25	Aque_Aqu2.1.43995-001;Slac_ENSLPGG00000002394	1.2817282397478916e-13	5.007210728751153e-45	Aque_Aqu2.1.42548-001;Scil_g5592	7.448014540555121e-28	2.184220536855156e-67	Aque_Aqu2.1.36606-001;Scil_g1846	0.00011808161515158586	3.7072688851209574e-77	Aque_Aqu2.1.43326-001;Scil_g11335	9.597124260548117e-77	0.008965337630594143				Aque_Aqu2.1.41622-001;Slac_ENSLPGG00000020387	9.37433589323078e-05	1.426037482103243e-13	Aque_Aqu2.1.28570-001;Slac_ENSLPGG00000017185	0.00023281500164788895	1.3559780149883916e-90	Scil_g10960;Slac_ENSLPGG00000026194	1.7814275668616436e-13	1.969891307800923e-05	Scil_g5780;Slac_ENSLPGG00000007158	1.401077682156374e-56	1.2305328596950784e-25	Scil_g12785;Slac_ENSLPGG00000010854	1.6615381302058852e-07	0.0033377095618873118	Scil_g5520;Slac_ENSLPGG00000013069	2.09591889875815e-25	1.1207523709477493e-09				Scil_g13078;Slac_ENSLPGG00000014506	7.912716267496188e-05	0.00023055059568823243	Scil_g3668;Slac_ENSLPGG00000022563	1.4998070167165875e-08	1.402635458203217e-19	Scil_g9420;Slac_ENSLPGG00000005266	2.61542842285498e-86	3.482247181154979e-08	Scil_g4725;Slac_ENSLPGG00000022031	0.000998381218287609	6.099419038603397e-08						
Aque_Aqu2.1.29892-001;Scil_g2894	0.00882540214751287	8.154864966417369e-80	Aque_Aqu2.1.43478-001;Scil_g852	2.6663380306377767e-06	2.1398362440332128e-35	Aque_Aqu2.1.29951-001;Scil_g9420	0.00022028134504872317	1.4091974360039661e-33	Aque_Aqu2.1.19270-001;Slac_ENSLPGG00000014669	3.5649902187242884e-79	1.3685670620374595e-29	Aque_Aqu2.1.34889-001;Slac_ENSLPGG00000015697	5.140233485381033e-67	0.00028626675885698753	Aque_Aqu2.1.29050-001;Slac_ENSLPGG00000007086	2.867105090061806e-114	2.7883040289054695e-28	Aque_Aqu2.1.28194-001;Slac_ENSLPGG00000012945	5.413732422862782e-38	2.3190635250413133e-06	Aque_Aqu2.1.22254-001;Slac_ENSLPGG00000009254	4.495098574013278e-89	1.0113333392263954e-55				Aque_Aqu2.1.18283-001;Slac_ENSLPGG00000026466	5.3800923347615143e-73	6.925919152411445e-20				Aque_Aqu2.1.39702-001;Slac_ENSLPGG00000021790	3.839636538726795e-05	0.0008597805798620899	Aque_Aqu2.1.39672-001;Slac_ENSLPGG00000022031	6.3157949007109966e-09	1.6521542134525504e-05	Aque_Aqu2.1.44280-001;Slac_ENSLPGG00000021800	3.113278684368793e-07	6.359360616478455e-09	Aque_Aqu2.1.43823-001;Scil_g9262	8.43656540528806e-40	3.8722536270251675e-05	Aque_Aqu2.1.43812-001;Slac_ENSLPGG00000028142	1.9008923186502065e-05	3.7139133484272695e-30	Aque_Aqu2.1.31900-001;Scil_g11210	7.420072613181933e-54	0.0032434054730837423	Aque_Aqu2.1.38750-001;Slac_ENSLPGG00000014120	4.160461261776937e-93	0.000944903500654391	Aque_Aqu2.1.44140-001;Slac_ENSLPGG00000009116	3.48170003993214e-101	4.060418632093554e-06	Aque_Aqu2.1.38146-001;Scil_g12881	6.387586082111135e-11	2.1955428679993587e-32	Aque_Aqu2.1.29497-001;Scil_g13078	6.077919633614359e-57	7.912716267496188e-05	Aque_Aqu2.1.29496-001;Scil_g8135	0.0005693519180481434	2.51499300070688e-45	Aque_Aqu2.1.14505-001;Scil_g7182	4.1608280773534837e-17	0.00226991754790107	Aque_Aqu2.1.44280-001;Slac_ENSLPGG00000021800	1.013546532817293e-30	1.243255156074208e-25	Aque_Aqu2.1.21174-001;Slac_ENSLPGG00000012140	0.00021564884897657527	8.571097025114353e-39	Aque_Aqu2.1.43674-001;Slac_ENSLPGG00000007158	4.20083387372124e-06	5.42418213709586e-07	Aque_Aqu2.1.37486-001;Slac_ENSLPGG00000021186	5.791765336917085e-10	2.411558428950339e-13	Aque_Aqu2.1.44243-001;Slac_ENSLPGG00000021186	2.5819489532558422e-23	1.220442759122435e-24	Aque_Aqu2.1.43637-001;Slac_ENSLPGG00000029928	8.152574204947499e-32	4.687050897629952e-06	Aque_Aqu2.1.22332-001;Slac_ENSLPGG00000017522	9.838828213524885e-12	1.2463812902526559e-09	Aque_Aqu2.1.28223-001;Scil_g20	0.0001247782164728605	9.404230881699062e-58	Aque_Aqu2.1.43522-001;Scil_g11081	1.651404943005184e-09	1.9404863705257798e-31	Aque_Aqu2.1.25862-001;Scil_g9014	2.0549201860468497e-37	1.3351828985732552e-05				Aque_Aqu2.1.31381-001;Slac_ENSLPGG00000003671	8.747410743124555e-06	1.5529769930545319e-09	Aque_Aqu2.1.34861-001;Slac_ENSLPGG00000010067	0.00013275770683427742	1.0396753966455032e-11	Scil_g1169;Slac_ENSLPGG00000019562	7.478794001133331e-10	9.555645796349475e-10	Scil_g721;Slac_ENSLPGG00000007429	7.585164231627284e-06	2.36273363097752e-25	Scil_g1098;Slac_ENSLPGG00000019065	7.599970776583826e-09	5.413313929192906e-06	Scil_g10015;Slac_ENSLPGG00000022563	5.102593283167871e-54	0.002913780593230854				Scil_g1483;Slac_ENSLPGG00000019065	2.479568833724734e-22	0.006927108559854214	Scil_g8192;Slac_ENSLPGG00000011839	2.4409454456120322e-27	2.3607637339619418e-11	Scil_g8192;Slac_ENSLPGG00000018987	6.87570092868224e-33	4.5516359055595116e-128	Scil_g6923;Slac_ENSLPGG00000003645	4.832739396701769e-10	6.37289842198441e-13						
Aque_Aqu2.1.29496-001;Scil_g1157	1.2768054689113486e-36	5.371096108950538e-15	Aque_Aqu2.1.22535-001;Scil_g13539	7.166399470023436e-67	2.0254017501563832e-25	Aque_Aqu2.1.44221-001;Scil_g877	2.4142643864291954e-16	8.518055351621557e-33	Aque_Aqu2.1.33543-001;Slac_ENSLPGG00000028631	2.8949349109542336e-49	0.0	Aque_Aqu2.1.14207-001;Slac_ENSLPGG00000010983	4.846865897652857e-15	1.039138145298257e-28	Aque_Aqu2.1.37079-001;Slac_ENSLPGG00000014397	6.987535709667499e-114	7.557148084105279e-86	Aque_Aqu2.1.14137-001;Slac_ENSLPGG00000006881	7.583517125849063e-42	4.2842379072043594e-10	Aque_Aqu2.1.09762-001;Slac_ENSLPGG00000011626	1.0715619696689452e-80	8.032473389373455e-52				Aque_Aqu2.1.39108-001;Slac_ENSLPGG00000007868	3.922071748104669e-86	8.484491036414442e-05				Aque_Aqu2.1.35211-001;Slac_ENSLPGG00000013069	1.877257799674659e-21	4.510390699375658e-16	Aque_Aqu2.1.28492-001;Slac_ENSLPGG00000009453	4.609852878565774e-24	1.4756910295882177e-48	Aque_Aqu2.1.43984-001;Slac_ENSLPGG00000002394	1.1016186836212721e-24	1.0126793590032592e-22	Aque_Aqu2.1.28283-001;Scil_g13637	8.56665288335661e-23	3.320268255653308e-06	Aque_Aqu2.1.41583-001;Slac_ENSLPGG00000030274	2.627667865706224e-26	1.90995439367809e-08	Aque_Aqu2.1.37791-001;Scil_g2050	1.600214264451326e-41	0.00028651022064054156	Aque_Aqu2.1.44197-001;Slac_ENSLPGG00000001139	1.6113923010411783e-24	8.419665194249147e-35	Aque_Aqu2.1.28492-001;Slac_ENSLPGG00000009116	1.2990573900827222e-105	4.060418632093554e-06	Aque_Aqu2.1.44221-001;Scil_g13279	5.994069235373014e-92	5.893391080687706e-69	Aque_Aqu2.1.40997-001;Scil_g5970	3.831716522362373e-96	0.00876853202494436	Aque_Aqu2.1.31926-001;Scil_g10071	3.0797200098615e-05	1.3123944394138454e-24	Aque_Aqu2.1.38146-001;Scil_g13279	6.387586082111135e-11	0.0016891241532341903	Aque_Aqu2.1.35749-001;Slac_ENSLPGG00000020888	1.1767771598827575e-13	1.500656345783993e-29	Aque_Aqu2.1.41190-001;Slac_ENSLPGG00000009380	3.070020325785256e-26	2.292414534820821e-11	Aque_Aqu2.1.41012-001;Slac_ENSLPGG00000018391	0.00027018571509218245	0.00017741661575307126	Aque_Aqu2.1.40738-001;Slac_ENSLPGG00000012981	6.218782870818954e-08	8.895392279584421e-40	Aque_Aqu2.1.43252-001;Slac_ENSLPGG00000027461	1.118841022757129e-86	0.0007961822132458968	Aque_Aqu2.1.27258-001;Slac_ENSLPGG00000006993	4.614981215518772e-18	6.969567404434934e-12	Aque_Aqu2.1.43329-001;Slac_ENSLPGG00000028356	2.4503123309393326e-14	3.148644495988388e-07	Aque_Aqu2.1.42605-001;Scil_g6036	5.904277517281949e-05	3.2501838191245744e-35	Aque_Aqu2.1.26684-001;Scil_g1710	1.2107904022326297e-05	1.4260236395027158e-79	Aque_Aqu2.1.29098-001;Scil_g2493	0.008406488938209408	8.396436553490569e-72				Aque_Aqu2.1.40726-001;Slac_ENSLPGG00000004101	7.685602489967394e-07	2.8156917405326233e-11	Aque_Aqu2.1.27809-001;Slac_ENSLPGG00000018450	2.0059088829032213e-08	6.8440101107148165e-25	Scil_g9850;Slac_ENSLPGG00000009453	2.3017395799018037e-22	3.1604583026530097e-28	Scil_g1098;Slac_ENSLPGG00000007158	7.599970776583826e-09	1.2305328596950784e-25	Scil_g552;Slac_ENSLPGG00000010574	8.948556207135125e-95	5.158652120706704e-06	Scil_g10145;Slac_ENSLPGG00000014205	2.2288680991354423e-38	4.942981006752245e-12				Scil_g6487;Slac_ENSLPGG00000023112	2.6902999857811382e-25	1.3256903803873884e-05	Scil_g5780;Slac_ENSLPGG00000001139	1.401077682156374e-56	4.69500827060743e-21	Scil_g2130;Slac_ENSLPGG00000021503	2.481275101830063e-19	1.416254818464003e-05	Scil_g3637;Slac_ENSLPGG00000013069	2.2448209558247724e-05	5.0113952813723e-05						
Aque_Aqu2.1.42554-001;Scil_g7031	1.8699626977627877e-30	1.046013475420371e-88	Aque_Aqu2.1.42569-001;Scil_g8107	2.5352856125127514e-06	5.063499963051782e-16	Aque_Aqu2.1.32946-001;Scil_g548	3.198548394219795e-57	3.6859068049983273e-26	Aque_Aqu2.1.25405-001;Slac_ENSLPGG00000020148	2.7610085691748473e-15	2.699710232719507e-175	Aque_Aqu2.1.29050-001;Slac_ENSLPGG00000007086	2.867105090061806e-114	1.2595919380253037e-11	Aque_Aqu2.1.44138-001;Slac_ENSLPGG00000009965	8.430793710552281e-94	1.175888333541968e-58	Aque_Aqu2.1.38412-001;Slac_ENSLPGG00000027461	5.180655312018983e-16	0.001999702559251324	Aque_Aqu2.1.40908-001;Slac_ENSLPGG00000015371	2.5432621050748296e-88	3.3780706849964336e-36				Aque_Aqu2.1.26386-001;Slac_ENSLPGG00000010983	2.0957315784869368e-55	0.0002724690223837942				Aque_Aqu2.1.41049-001;Slac_ENSLPGG00000012055	1.7843460525969402e-71	0.0013159312919552733	Aque_Aqu2.1.23414-001;Slac_ENSLPGG00000009214	1.6439830959473454e-05	6.98415207371353e-60	Aque_Aqu2.1.31388-001;Slac_ENSLPGG00000021402	0.009403421798818682	4.086647031115975e-16	Aque_Aqu2.1.35499-001;Scil_g5104	1.1523800383696093e-27	1.0482033334351304e-18	Aque_Aqu2.1.44104-001;Slac_ENSLPGG00000013154	1.0271464132257017e-50	0.0003774658561661878	Aque_Aqu2.1.36394-001;Scil_g7617	2.851071199291618e-53	6.423092608843804e-11	Aque_Aqu2.1.35503-001;Slac_ENSLPGG00000022488	6.524992042139891e-05	8.88770356445492e-10	Aque_Aqu2.1.37473-001;Slac_ENSLPGG00000022008	0.005287152186636688	0.006245815641586324	Aque_Aqu2.1.28489-001;Scil_g178	1.2639077541595553e-28	1.4769874519580662e-05	Aque_Aqu2.1.39774-001;Scil_g6383	4.144077243426737e-05	2.1392724040905424e-13	Aque_Aqu2.1.43536-001;Scil_g2793	3.1456270560029736e-13	0.009881073541213904	Aque_Aqu2.1.34863-001;Scil_g2820	7.856949568546215e-16	0.002621769989177146	Aque_Aqu2.1.35253-001;Slac_ENSLPGG00000026194	3.5542328552532075e-13	1.969891307800923e-05	Aque_Aqu2.1.36574-001;Slac_ENSLPGG00000012140	0.0004940940652812278	8.571097025114353e-39	Aque_Aqu2.1.31379-001;Slac_ENSLPGG00000021402	3.461111847443033e-18	3.2871999979884383e-05	Aque_Aqu2.1.31388-001;Slac_ENSLPGG00000021402	0.004760476945746735	2.454971510320962e-13	Aque_Aqu2.1.40738-001;Slac_ENSLPGG00000012981	6.218782870818954e-08	1.093992624089611e-41	Aque_Aqu2.1.08677-001;Slac_ENSLPGG00000012055	7.208488648075431e-16	0.000889129280263582	Aque_Aqu2.1.28489-001;Slac_ENSLPGG00000009453	1.2639077541595553e-28	2.999904205182712e-54	Aque_Aqu2.1.28488-001;Scil_g9850	2.665580690789617e-63	2.514819998386438e-10	Aque_Aqu2.1.21174-001;Scil_g2820	3.5983844010444904e-79	3.9657895423737085e-29	Aque_Aqu2.1.40905-001;Scil_g2541	1.6276630887661414e-22	3.475334919449621e-07				Aque_Aqu2.1.29717-001;Slac_ENSLPGG00000007301	5.092049239003799e-10	2.895248310330986e-16	Aque_Aqu2.1.35074-001;Slac_ENSLPGG00000008965	0.0026045557794344035	8.041779839829194e-05	Scil_g8192;Slac_ENSLPGG00000007730	1.1319454415633238e-06	1.131600810454147e-278	Scil_g3071;Slac_ENSLPGG00000017855	5.950482999888198e-18	0.0001944960912526415	Scil_g11447;Slac_ENSLPGG00000011327	0.0011988833990713961	0.004116007346990355	Scil_g402;Slac_ENSLPGG00000002171	0.0003005960655922788	2.5730742542634384e-20				Scil_g1098;Slac_ENSLPGG00000019065	7.599970776583826e-09	0.006927108559854214	Scil_g3806;Slac_ENSLPGG00000011166	3.452312820229575e-05	5.04182772083394e-32	Scil_g10508;Slac_ENSLPGG00000018391	2.434685400033953e-60	1.083666763670672e-22	Scil_g4725;Slac_ENSLPGG00000002171	0.000998381218287609	2.040331509655993e-20						
Aque_Aqu2.1.24985-001;Scil_g9168	2.648227574502731e-19	5.8697803432304785e-86	Aque_Aqu2.1.43636-001;Scil_g2645	2.3857194879026892e-54	5.168587365929685e-49	Aque_Aqu2.1.37774-001;Scil_g9181	7.700554024937936e-21	9.46135850032615e-11	Aque_Aqu2.1.39147-001;Slac_ENSLPGG00000029327	2.5070991514612063e-37	1.051568179286769e-48	Aque_Aqu2.1.25405-001;Slac_ENSLPGG00000020148	2.7610085691748473e-15	3.9008732350437895e-27	Aque_Aqu2.1.40665-001;Slac_ENSLPGG00000005591	8.115709961538107e-35	2.9986472072232125e-06	Aque_Aqu2.1.41935-001;Slac_ENSLPGG00000021584	3.900652244068748e-22	6.413530410769873e-10	Aque_Aqu2.1.39147-001;Slac_ENSLPGG00000029327	1.672944990239813e-27	1.847282400180876e-15				Aque_Aqu2.1.39934-001;Slac_ENSLPGG00000026505	1.5771892143125586e-122	2.4903044007402054e-16				Aque_Aqu2.1.39702-001;Slac_ENSLPGG00000014910	3.839636538726795e-05	1.23081675836824e-07	Aque_Aqu2.1.43788-001;Slac_ENSLPGG00000014205	1.2849197808890718e-08	6.288064179825763e-09	Aque_Aqu2.1.44243-001;Slac_ENSLPGG00000008996	2.521644079706085e-10	8.656770680653274e-05	Aque_Aqu2.1.41380-001;Scil_g10067	9.766302821855352e-17	3.6825449616023355e-06	Aque_Aqu2.1.41482-001;Slac_ENSLPGG00000007158	4.6297900363399465e-06	1.114345831165579e-74	Aque_Aqu2.1.31386-001;Scil_g6763	1.9939436211890793e-10	1.0396852815059356e-08	Aque_Aqu2.1.38204-001;Slac_ENSLPGG00000007180	3.177001816716186e-16	0.00514118893440922	Aque_Aqu2.1.35056-001;Slac_ENSLPGG00000026207	0.002150578357557862	5.666638744548414e-09	Aque_Aqu2.1.41012-001;Scil_g12881	0.00027018571509218245	2.1955428679993587e-32	Aque_Aqu2.1.30867-001;Scil_g1483	1.3309245062395783e-20	2.479568833724734e-22	Aque_Aqu2.1.29496-001;Scil_g13078	0.0005693519180481434	1.270550194124332e-16	Aque_Aqu2.1.21174-001;Scil_g10140	0.00021564884897657527	0.0009539565805784388	Aque_Aqu2.1.41482-001;Slac_ENSLPGG00000001139	2.257130122823816e-08	1.5864479285115916e-66	Aque_Aqu2.1.43674-001;Slac_ENSLPGG00000001139	4.20083387372124e-06	1.7584177041274718e-41	Aque_Aqu2.1.43482-001;Slac_ENSLPGG00000023417	7.648655415159219e-16	4.5229189213678597e-05	Aque_Aqu2.1.31388-001;Slac_ENSLPGG00000022008	0.004760476945746735	5.8169367704063345e-09	Aque_Aqu2.1.36606-001;Slac_ENSLPGG00000002171	6.429704257152719e-05	2.5730742542634384e-20	Aque_Aqu2.1.40997-001;Slac_ENSLPGG00000019726	3.831716522362373e-96	6.546769520201781e-23	Aque_Aqu2.1.14505-001;Slac_ENSLPGG00000023276	4.1608280773534837e-17	5.006232055107248e-07	Aque_Aqu2.1.37112-001;Scil_g7709	5.835746410525441e-24	1.4524289917248167e-21	Aque_Aqu2.1.37112-001;Scil_g7709	5.835746410525441e-24	1.1009467812728016e-20	Aque_Aqu2.1.37112-001;Scil_g7709	5.835746410525441e-24	2.7523226686168697e-18				Aque_Aqu2.1.25768-001;Slac_ENSLPGG00000008607	2.222481593243513e-07	2.0066743189654983e-05	Aque_Aqu2.1.41583-001;Slac_ENSLPGG00000001761	3.1649988563463466e-09	2.6571050014478918e-09	Scil_g5859;Slac_ENSLPGG00000021910	1.1638304495251563e-10	0.002140338487350159	Scil_g2939;Slac_ENSLPGG00000007325	1.0611989525191513e-05	6.157960893801338e-07	Scil_g5780;Slac_ENSLPGG00000019065	1.401077682156374e-56	5.413313929192906e-06	Scil_g5780;Slac_ENSLPGG00000019065	1.401077682156374e-56	0.004592237966067324				Scil_g428;Slac_ENSLPGG00000008220	1.1757209573410568e-27	3.0436877260285724e-40	Scil_g3316;Slac_ENSLPGG00000004765	2.531520629243094e-69	4.857855965547903e-16	Scil_g7883;Slac_ENSLPGG00000007158	1.162956500078495e-86	1.3921670430557845e-07	Scil_g12529;Slac_ENSLPGG00000024511	1.0556557055860905e-05	0.0013973110254201315						
Aque_Aqu2.1.43276-001;Scil_g11587	1.0182416073641277e-129	0.001308213787946087	Aque_Aqu2.1.29497-001;Scil_g2541	1.613969228591092e-36	3.475334919449621e-07	Aque_Aqu2.1.35076-001;Scil_g5922	2.7257506921365438e-27	1.6492420688050157e-17	Aque_Aqu2.1.29989-001;Slac_ENSLPGG00000002916	4.122966021694138e-114	1.8602628480511736e-27	Aque_Aqu2.1.25682-001;Slac_ENSLPGG00000019196	1.2153315557323154e-117	0.008377709478416337	Aque_Aqu2.1.37974-001;Slac_ENSLPGG00000010195	2.4185485011480635e-14	2.1728558564461395e-216	Aque_Aqu2.1.18098-001;Slac_ENSLPGG00000005401	0.00010510904740299329	4.653768747135923e-110	Aque_Aqu2.1.22710-001;Slac_ENSLPGG00000017323	1.501281252136304e-107	0.0013832178312231335				Aque_Aqu2.1.28091-001;Slac_ENSLPGG00000011974	3.2719744868010964e-115	1.7675955721308265e-10				Aque_Aqu2.1.35781-001;Slac_ENSLPGG00000007429	0.0002769383255997843	2.36273363097752e-25	Aque_Aqu2.1.35513-001;Slac_ENSLPGG00000014037	8.033421574211273e-25	1.8687999982522213e-07	Aque_Aqu2.1.41482-001;Slac_ENSLPGG00000021520	2.2364060071655327e-10	0.008152652185200318	Aque_Aqu2.1.24266-001;Scil_g4689	4.7527632025133555e-17	2.9084691839750085e-05	Aque_Aqu2.1.35211-001;Slac_ENSLPGG00000013069	3.46092426890341e-23	1.8352583169197938e-25	Aque_Aqu2.1.42015-001;Scil_g1576	5.367848450589573e-12	1.7880041594527604e-28	Aque_Aqu2.1.22700-001;Slac_ENSLPGG00000019300	1.8381209007315285e-23	0.00916946657507977	Aque_Aqu2.1.35119-001;Slac_ENSLPGG00000015631	1.8070548054903732e-84	4.2785560696745975e-05	Aque_Aqu2.1.29098-001;Scil_g5477	0.0022163606697167436	7.031449584470436e-17	Aque_Aqu2.1.22812-001;Scil_g10086	0.0030811825076777575	3.0338463385256324e-05	Aque_Aqu2.1.44243-001;Scil_g12785	2.5819489532558422e-23	2.3296876787399272e-06	Aque_Aqu2.1.29076-001;Scil_g119	8.254780582515275e-21	4.570121173935753e-06	Aque_Aqu2.1.24982-001;Slac_ENSLPGG00000009509	6.201017404049446e-34	2.2491486067059786e-05	Aque_Aqu2.1.33622-001;Slac_ENSLPGG00000022031	1.708447263117159e-16	6.099419038603397e-08	Aque_Aqu2.1.43674-001;Slac_ENSLPGG00000001139	4.20083387372124e-06	2.1318647841890573e-07	Aque_Aqu2.1.29714-001;Slac_ENSLPGG00000007325	7.391576077219849e-08	0.00029936576102888293	Aque_Aqu2.1.43536-001;Slac_ENSLPGG00000017855	3.1456270560029736e-13	4.330680399671952e-07	Aque_Aqu2.1.40905-001;Slac_ENSLPGG00000014782	2.293128987599471e-12	1.0227457240849187e-58	Aque_Aqu2.1.33622-001;Slac_ENSLPGG00000010506	1.708447263117159e-16	1.263049125259277e-07	Aque_Aqu2.1.29951-001;Scil_g9014	1.9260650568679767e-29	0.001206914064140306	Aque_Aqu2.1.14505-001;Scil_g12659	7.790561052606891e-22	1.7832643797370186e-06	Aque_Aqu2.1.42569-001;Scil_g8107	0.004968804371715004	5.063499963051782e-16				Aque_Aqu2.1.38331-001;Slac_ENSLPGG00000011640	0.004869031541960284	0.0015346934290880034	Aque_Aqu2.1.26684-001;Slac_ENSLPGG00000017185	6.051809222387884e-11	1.3559780149883916e-90	Scil_g13259;Slac_ENSLPGG00000002171	0.0019587669444009245	7.388655311919578e-20	Scil_g2024;Slac_ENSLPGG00000004729	3.8482179326324794e-44	2.2213542313989497e-06	Scil_g5780;Slac_ENSLPGG00000003645	1.401077682156374e-56	1.6653069253683454e-07	Scil_g11222;Slac_ENSLPGG00000007158	5.013830628113789e-07	4.969353227696443e-20				Scil_g2820;Slac_ENSLPGG00000012140	6.411161546849771e-05	1.0581014950202239e-19	Scil_g13000;Slac_ENSLPGG00000029928	7.650787255511761e-23	5.964734464321405e-23	Scil_g13024;Slac_ENSLPGG00000029928	3.6879272146840085e-16	4.687050897629952e-06	Scil_g1483;Slac_ENSLPGG00000007158	4.085735599763043e-06	2.3171329481883538e-23						
Aque_Aqu2.1.41892-001;Scil_g8192	8.326661223111995e-07	6.87570092868224e-33	Aque_Aqu2.1.25460-001;Scil_g6952	1.0806839649739981e-05	6.090049347380059e-18	Aque_Aqu2.1.38167-001;Scil_g3347	2.0325287556649088e-66	1.1466699443392588e-24	Aque_Aqu2.1.35077-001;Slac_ENSLPGG00000017593	1.9812419822161078e-144	9.382583786731494e-67	Aque_Aqu2.1.38546-001;Slac_ENSLPGG00000004809	5.0069341824032954e-104	1.419044150735387e-18	Aque_Aqu2.1.22254-001;Slac_ENSLPGG00000009254	1.7812566036149077e-133	9.090439753762607e-39	Aque_Aqu2.1.43558-001;Slac_ENSLPGG00000008029	3.8910122545336895e-25	1.9591747644827683e-05	Aque_Aqu2.1.37747-001;Slac_ENSLPGG00000010195	6.655105223624536e-120	2.141499075369723e-85				Aque_Aqu2.1.43341-001;Slac_ENSLPGG00000007608	1.0437843238720978e-84	6.463197550060318e-34				Aque_Aqu2.1.33622-001;Slac_ENSLPGG00000010506	3.31852085524485e-07	1.6813378010395353e-09	Aque_Aqu2.1.38750-001;Slac_ENSLPGG00000013069	2.625604464614801e-12	2.228833167443332e-21	Aque_Aqu2.1.23245-001;Slac_ENSLPGG00000014386	6.412219767578961e-13	1.7287512944415076e-07	Aque_Aqu2.1.33439-001;Scil_g2050	3.728681044466292e-17	0.00028651022064054156	Aque_Aqu2.1.35503-001;Slac_ENSLPGG00000000967	2.462783846913317e-07	1.6969914153055907e-11	Aque_Aqu2.1.42700-001;Scil_g9431	7.021913672654355e-09	2.2604854558921415e-07	Aque_Aqu2.1.33501-001;Slac_ENSLPGG00000029438	0.001122870302436818	7.331105998220488e-07	Aque_Aqu2.1.31386-001;Slac_ENSLPGG00000022008	1.9939436211890793e-10	0.006245815641586324	Aque_Aqu2.1.43536-001;Scil_g2793	3.1456270560029736e-13	1.140131583380237e-09	Aque_Aqu2.1.32503-001;Scil_g2622	8.836422303727378e-40	3.030870204098419e-17	Aque_Aqu2.1.38560-001;Scil_g1514	1.0497286366750963e-20	5.502436503021031e-16	Aque_Aqu2.1.41482-001;Scil_g6923	2.257130122823816e-08	1.9865115391663293e-07	Aque_Aqu2.1.28489-001;Slac_ENSLPGG00000009453	1.2639077541595553e-28	3.1604583026530097e-28	Aque_Aqu2.1.23818-001;Slac_ENSLPGG00000019389	5.459313371962679e-87	0.0023598687439805818	Aque_Aqu2.1.34140-001;Slac_ENSLPGG00000007158	1.0121820050408576e-29	5.42418213709586e-07	Aque_Aqu2.1.38560-001;Slac_ENSLPGG00000006923	1.0497286366750963e-20	0.005827509009904013	Aque_Aqu2.1.28489-001;Slac_ENSLPGG00000009116	1.2639077541595553e-28	2.3440959155135562e-14	Aque_Aqu2.1.41663-001;Slac_ENSLPGG00000004269	6.925532323955444e-17	9.88252040491545e-05	Aque_Aqu2.1.39672-001;Slac_ENSLPGG00000010506	1.7219934783810546e-24	1.263049125259277e-07	Aque_Aqu2.1.32713-001;Scil_g2679	0.0018930843638392614	7.915325569368873e-86	Aque_Aqu2.1.23247-001;Scil_g6273	9.444866831159643e-49	2.3328830650530948e-07	Aque_Aqu2.1.36606-001;Scil_g1846	0.00011808161515158586	2.6571136541369326e-45				Aque_Aqu2.1.16005-001;Slac_ENSLPGG00000012561	0.0059645576547400275	6.067696757204477e-08	Aque_Aqu2.1.19258-001;Slac_ENSLPGG00000030036	0.0010247131434619572	0.001994043383859412	Scil_g8299;Slac_ENSLPGG00000019726	2.689349422758425e-30	0.0	Scil_g5780;Slac_ENSLPGG00000003645	1.401077682156374e-56	2.455428195900785e-11	Scil_g1483;Slac_ENSLPGG00000019065	2.479568833724734e-22	5.413313929192906e-06	Scil_g6923;Slac_ENSLPGG00000007158	0.0007496312067256761	4.969353227696443e-20				Scil_g5780;Slac_ENSLPGG00000019065	1.401077682156374e-56	0.006927108559854214	Scil_g2622;Slac_ENSLPGG00000015631	3.030870204098419e-17	1.9985066974402838e-16	Scil_g8991;Slac_ENSLPGG00000018391	8.077586658047253e-05	1.083666763670672e-22	Scil_g254;Slac_ENSLPGG00000007730	0.00017210202930432919	1.5161634843722148e-162						
Aque_Aqu2.1.37751-001;Scil_g10941	1.960754617020323e-08	1.0010401891245668e-18	Aque_Aqu2.1.25578-001;Scil_g4517	9.46692299568766e-12	1.596873247019166e-10	Aque_Aqu2.1.44247-001;Scil_g584	3.554518331741283e-29	1.0742334043796098e-11	Aque_Aqu2.1.43382-001;Slac_ENSLPGG00000004594	1.0768824237806037e-94	1.8380354271424033e-105	Aque_Aqu2.1.44059-001;Slac_ENSLPGG00000001288	3.328730512336417e-05	8.590086039879821e-17	Aque_Aqu2.1.18098-001;Slac_ENSLPGG00000007363	0.0002927017614354168	2.824389442390339e-51	Aque_Aqu2.1.39902-001;Slac_ENSLPGG00000021584	3.411665645470714e-24	6.413530410769873e-10	Aque_Aqu2.1.12854-001;Slac_ENSLPGG00000000928	5.013764288192056e-82	7.745796311781258e-29				Aque_Aqu2.1.33740-001;Slac_ENSLPGG00000014397	3.050336161000028e-63	3.3855431233057985e-30				Aque_Aqu2.1.22786-001;Slac_ENSLPGG00000017086	2.8331152605496287e-05	5.011464522643092e-11	Aque_Aqu2.1.41482-001;Slac_ENSLPGG00000001139	2.2364060071655327e-10	1.364164359996385e-34	Aque_Aqu2.1.37101-001;Slac_ENSLPGG00000010273	1.5336636022433145e-08	0.0012724249500829956	Aque_Aqu2.1.25308-001;Scil_g9283	5.0051484694276805e-22	0.0041640643412778925	Aque_Aqu2.1.41583-001;Slac_ENSLPGG00000001761	2.627667865706224e-26	5.837025646251024e-10	Aque_Aqu2.1.26655-001;Scil_g11106	3.1207921437541915e-13	5.625711319294789e-12	Aque_Aqu2.1.36275-001;Slac_ENSLPGG00000006965	0.00011713621280591484	0.0010456499946495089	Aque_Aqu2.1.31388-001;Slac_ENSLPGG00000022008	0.009425638668166618	0.006245815641586324	Aque_Aqu2.1.42680-001;Scil_g4524	0.00434990374509876	1.2091609115166517e-12	Aque_Aqu2.1.41049-001;Scil_g130	0.007200126607303983	3.602006050929476e-46	Aque_Aqu2.1.29098-001;Scil_g5478	0.0022163606697167436	0.0003749443970407659	Aque_Aqu2.1.29081-001;Scil_g119	7.183480367196946e-22	4.570121173935753e-06	Aque_Aqu2.1.23692-001;Slac_ENSLPGG00000000921	1.2841772084763492e-19	1.3554892344563593e-12	Aque_Aqu2.1.29861-001;Slac_ENSLPGG00000007568	2.7802180224950214e-12	7.355611122930514e-05	Aque_Aqu2.1.33622-001;Slac_ENSLPGG00000002171	1.708447263117159e-16	1.992864717506652e-06	Aque_Aqu2.1.28489-001;Slac_ENSLPGG00000009116	1.2639077541595553e-28	5.930858528443236e-08	Aque_Aqu2.1.36779-001;Slac_ENSLPGG00000020178	2.0751669503159548e-16	0.00025191457973345715	Aque_Aqu2.1.28489-001;Slac_ENSLPGG00000009116	1.2639077541595553e-28	2.486235618856327e-14	Aque_Aqu2.1.40905-001;Slac_ENSLPGG00000014782	2.293128987599471e-12	5.526486443458363e-95	Aque_Aqu2.1.37960-001;Scil_g151	6.928813814428876e-12	3.792211162165055e-104	Aque_Aqu2.1.34348-001;Scil_g9841	0.004037217112809467	1.873977563681576e-41	Aque_Aqu2.1.33622-001;Scil_g11079	0.0004296564650498524	5.333606875609963e-07				Aque_Aqu2.1.22401-001;Slac_ENSLPGG00000012774	2.307607525103833e-09	2.5775443297938877e-15	Aque_Aqu2.1.42228-001;Slac_ENSLPGG00000018126	1.729993651012797e-14	5.5436774813796546e-05	Scil_g721;Slac_ENSLPGG00000007429	1.2265829150867528e-69	0.0024369279596928484	Scil_g12781;Slac_ENSLPGG00000004729	3.220845832701209e-54	2.2213542313989497e-06	Scil_g5520;Slac_ENSLPGG00000013069	2.09591889875815e-25	2.228833167443332e-21	Scil_g8192;Slac_ENSLPGG00000018987	2.4409454456120322e-27	6.075516351583151e-07				Scil_g11447;Slac_ENSLPGG00000009116	0.0011988833990713961	2.486235618856327e-14	Scil_g2024;Slac_ENSLPGG00000030375	3.8482179326324794e-44	0.002058471191555939	Scil_g6273;Slac_ENSLPGG00000013844	2.3328830650530948e-07	5.095808825073912e-72	Scil_g2253;Slac_ENSLPGG00000008220	6.478494392866644e-35	0.0008756707499995294						
Aque_Aqu2.1.43478-001;Scil_g852	2.6663380306377767e-06	8.359778172501651e-51	Aque_Aqu2.1.43324-001;Scil_g1731	1.2736071685647366e-11	1.206867173886962e-09	Aque_Aqu2.1.34429-001;Scil_g110	7.854915848010625e-74	0.0006013194933056839	Aque_Aqu2.1.37818-001;Slac_ENSLPGG00000010551	1.1042169105070999e-65	1.1481621637587149e-70	Aque_Aqu2.1.36105-001;Slac_ENSLPGG00000022449	8.927728054109878e-36	0.00026657521242977084	Aque_Aqu2.1.41935-001;Slac_ENSLPGG00000021584	5.591333443268466e-36	1.5268177922787565e-06	Aque_Aqu2.1.33950-001;Slac_ENSLPGG00000024534	4.7618654032696835e-30	8.111986096029365e-09	Aque_Aqu2.1.34247-001;Slac_ENSLPGG00000018181	2.2779810691546104e-47	7.496422331427468e-29				Aque_Aqu2.1.41064-001;Slac_ENSLPGG00000022135	8.580551927005869e-23	1.348948881613942e-06				Aque_Aqu2.1.39672-001;Slac_ENSLPGG00000016891	6.3157949007109966e-09	2.9258653159556866e-05	Aque_Aqu2.1.43551-001;Slac_ENSLPGG00000018987	0.0005635633996396587	2.6386254863590804e-208	Aque_Aqu2.1.24276-001;Slac_ENSLPGG00000022619	2.4507403536374703e-05	0.0007565344941970633	Aque_Aqu2.1.22593-001;Scil_g13023	1.5536730639715765e-15	0.00013968688063429845	Aque_Aqu2.1.23771-001;Slac_ENSLPGG00000007479	0.0002967226327198474	0.00035814504713363167	Aque_Aqu2.1.33939-001;Scil_g9955	3.504474140696394e-23	8.310688268255026e-05	Aque_Aqu2.1.31581-001;Slac_ENSLPGG00000007495	1.6281294263176327e-07	0.006460960068050315	Aque_Aqu2.1.28489-001;Slac_ENSLPGG00000009116	4.787491920802856e-09	4.060418632093554e-06	Aque_Aqu2.1.38599-001;Scil_g12238	6.89707358796606e-05	9.316586458395207e-08	Aque_Aqu2.1.36291-001;Scil_g691	7.062226031678519e-62	3.800515817713997e-05	Aque_Aqu2.1.43326-001;Scil_g7627	1.4712455480465753e-26	0.00020958857353505303	Aque_Aqu2.1.40394-001;Scil_g12529	0.008548448215663518	0.0014259673764483503	Aque_Aqu2.1.43251-001;Slac_ENSLPGG00000017003	2.3451474142829946e-08	0.0007146712202704738	Aque_Aqu2.1.43329-001;Slac_ENSLPGG00000007568	2.4503123309393326e-14	7.355611122930514e-05	Aque_Aqu2.1.34140-001;Slac_ENSLPGG00000001139	1.0121820050408576e-29	2.1318647841890573e-07	Aque_Aqu2.1.20046-001;Slac_ENSLPGG00000009456	0.00911986550103098	1.023988469791351e-09	Aque_Aqu2.1.31385-001;Slac_ENSLPGG00000009899	0.0004221664291573433	1.1160580558002628e-12	Aque_Aqu2.1.23239-001;Slac_ENSLPGG00000014697	7.943361772072874e-20	0.00031433912419985853	Aque_Aqu2.1.25929-001;Slac_ENSLPGG00000008098	2.2905364015302013e-09	3.1341278739883744e-05	Aque_Aqu2.1.42549-001;Scil_g1343	6.6351231469464594e-12	8.636732229779643e-06	Aque_Aqu2.1.14128-001;Scil_g9420	0.0056228831372082165	2.61542842285498e-86	Aque_Aqu2.1.36779-001;Scil_g5032	2.346264008992688e-12	0.0006415212563920234				Aque_Aqu2.1.43289-001;Slac_ENSLPGG00000005942	0.00030734414796325745	1.1627829427228654e-10	Aque_Aqu2.1.33443-001;Slac_ENSLPGG00000007525	9.126383142398043e-07	1.9275453837446747e-05	Scil_g3271;Slac_ENSLPGG00000004239	2.0666784367705663e-09	1.002188415802102e-05	Scil_g2624;Slac_ENSLPGG00000026946	1.2445680806480602e-07	5.320465011171123e-34	Scil_g6477;Slac_ENSLPGG00000011166	0.0062350988250728465	1.1662929005977234e-06	Scil_g10960;Slac_ENSLPGG00000010273	7.697874836345238e-14	0.0012724249500829956				Scil_g3806;Slac_ENSLPGG00000011166	3.452312820229575e-05	1.8668283250801275e-07	Scil_g1350;Slac_ENSLPGG00000007955	1.7852689279252667e-48	0.00014151882699190365	Scil_g130;Slac_ENSLPGG00000012055	1.4146731984658691e-66	0.000889129280263582	Scil_g6358;Slac_ENSLPGG00000022031	4.495018191693717e-06	6.099419038603397e-08						
Aque_Aqu2.1.37095-001;Scil_g6036	1.7138617390298075e-107	9.543654246405655e-43	Aque_Aqu2.1.16620-001;Scil_g10793	3.397334660599216e-165	1.055319179606601e-40	Aque_Aqu2.1.40905-001;Scil_g2541	9.527533673684782e-19	1.2458272345387522e-06	Aque_Aqu2.1.41635-001;Slac_ENSLPGG00000019527	1.35534995308407e-94	8.419026994279683e-47	Aque_Aqu2.1.42087-001;Slac_ENSLPGG00000022449	4.453201835818651e-25	0.00026657521242977084	Aque_Aqu2.1.43341-001;Slac_ENSLPGG00000007608	5.594181239016693e-111	7.624263790580723e-67	Aque_Aqu2.1.23425-001;Slac_ENSLPGG00000021584	5.611075888207551e-26	6.413530410769873e-10	Aque_Aqu2.1.39108-001;Slac_ENSLPGG00000007868	3.922071748104669e-86	6.554205556736577e-07				Aque_Aqu2.1.38546-001;Slac_ENSLPGG00000004809	6.064527971798808e-88	2.729091254847467e-23				Aque_Aqu2.1.04732-001;Slac_ENSLPGG00000002863	0.00016424066222978987	0.0006982260484209229	Aque_Aqu2.1.35781-001;Slac_ENSLPGG00000007429	0.0002769383255997843	5.2822232502345456e-17	Aque_Aqu2.1.38752-001;Slac_ENSLPGG00000013069	2.5967541173213717e-13	1.1207523709477493e-09	Aque_Aqu2.1.38752-001;Scil_g4821	8.898107358929214e-33	4.196562415733154e-29	Aque_Aqu2.1.44218-001;Slac_ENSLPGG00000015655	0.0017425631109025657	1.5555584095616784e-48	Aque_Aqu2.1.42050-001;Scil_g9955	1.3711598473476238e-18	8.310688268255026e-05	Aque_Aqu2.1.28076-001;Slac_ENSLPGG00000007945	8.695967360911744e-11	0.0052285844651336595	Aque_Aqu2.1.40721-001;Slac_ENSLPGG00000007294	6.480477457075271e-06	1.5934414315099383e-19	Aque_Aqu2.1.41520-001;Scil_g10140	4.988517977277189e-10	7.029809022088953e-33	Aque_Aqu2.1.25867-001;Scil_g10960	0.0002352162877005849	7.697874836345238e-14	Aque_Aqu2.1.33622-001;Scil_g4725	1.708447263117159e-16	0.000998381218287609	Aque_Aqu2.1.35253-001;Scil_g10960	3.5542328552532075e-13	0.0010311375398249923	Aque_Aqu2.1.38554-001;Slac_ENSLPGG00000009625	3.744897044029404e-35	5.0913304307575685e-05	Aque_Aqu2.1.39672-001;Slac_ENSLPGG00000002171	1.7219934783810546e-24	2.040331509655993e-20	Aque_Aqu2.1.31064-001;Slac_ENSLPGG00000021800	0.00019272678791150202	6.384104411150646e-06	Aque_Aqu2.1.25867-001;Slac_ENSLPGG00000000921	0.0002352162877005849	8.554351911362749e-10	Aque_Aqu2.1.29098-001;Slac_ENSLPGG00000023276	0.0022163606697167436	0.0023187143386704493	Aque_Aqu2.1.41190-001;Slac_ENSLPGG00000009380	3.070020325785256e-26	3.538907005608493e-07	Aque_Aqu2.1.33622-001;Slac_ENSLPGG00000013283	1.708447263117159e-16	3.255600133488331e-09	Aque_Aqu2.1.33622-001;Scil_g11079	0.0004296564650498524	3.557156986832833e-11	Aque_Aqu2.1.20342-001;Scil_g6013	6.019578265264503e-43	7.969070712082654e-52	Aque_Aqu2.1.42548-001;Scil_g5592	7.448014540555121e-28	3.7899528558091635e-30				Aque_Aqu2.1.38675-001;Slac_ENSLPGG00000021076	0.0005141603881443814	9.393876599453602e-14	Aque_Aqu2.1.08677-001;Slac_ENSLPGG00000012055	0.0014342054706817178	4.493408870063082e-05	Scil_g5104;Slac_ENSLPGG00000008750	1.3385190593660316e-11	3.2875899999834076e-37	Scil_g3338;Slac_ENSLPGG00000026174	3.8768835109847375e-12	0.0030597151210094153	Scil_g2024;Slac_ENSLPGG00000004970	3.8482179326324794e-44	0.0009004477836155248	Scil_g1098;Slac_ENSLPGG00000019065	7.599970776583826e-09	0.004592237966067324				Scil_g12785;Slac_ENSLPGG00000021186	1.6615381302058852e-07	2.0188353322288348e-10	Scil_g3338;Slac_ENSLPGG00000026174	3.8768835109847375e-12	0.00851023997581526	Scil_g10162;Slac_ENSLPGG00000004269	2.179014578327991e-26	9.88252040491545e-05	Scil_g947;Slac_ENSLPGG00000006175	4.126847869522122e-16	0.003176804712407504						
Aque_Aqu2.1.34344-001;Scil_g119	4.469710923167695e-16	1.0977579962824666e-31	Aque_Aqu2.1.29989-001;Scil_g3256	4.122966021694138e-114	3.913029502705773e-66	Aque_Aqu2.1.44246-001;Scil_g2125	7.348281244918552e-80	7.997798359196378e-19	Aque_Aqu2.1.43309-001;Slac_ENSLPGG00000007673	1.4807065078763136e-142	0.0005919116933962473	Aque_Aqu2.1.43382-001;Slac_ENSLPGG00000004594	1.0768824237806037e-94	2.9750773415507614e-10	Aque_Aqu2.1.33950-001;Slac_ENSLPGG00000021584	2.1143479916429974e-48	1.5268177922787565e-06	Aque_Aqu2.1.41072-001;Slac_ENSLPGG00000022242	1.7830501497038112e-11	7.582033670849832e-18	Aque_Aqu2.1.16620-001;Slac_ENSLPGG00000008927	5.117152723494208e-38	1.7271089191993203e-12				Aque_Aqu2.1.31038-001;Slac_ENSLPGG00000018181	4.65464586755458e-09	9.763934351042776e-46				Aque_Aqu2.1.36565-001;Slac_ENSLPGG00000020706	5.467757675960367e-08	0.00016618681967649416	Aque_Aqu2.1.40890-001;Slac_ENSLPGG00000012661	0.0037159633453467686	0.009182646892215556	Aque_Aqu2.1.42077-001;Slac_ENSLPGG00000024184	1.6179795020463484e-12	7.274698711174481e-07	Aque_Aqu2.1.33945-001;Scil_g4609	4.071114614121073e-30	0.001956217061383836	Aque_Aqu2.1.21248-001;Slac_ENSLPGG00000009981	5.582838869151021e-65	3.133649304005058e-06	Aque_Aqu2.1.31188-001;Scil_g903	1.3078862667486033e-56	0.0008332685915331989	Aque_Aqu2.1.23690-001;Slac_ENSLPGG00000015631	2.8167288445973896e-25	8.896789141331552e-11	Aque_Aqu2.1.31385-001;Slac_ENSLPGG00000022008	5.85436007345541e-05	0.006245815641586324	Aque_Aqu2.1.34863-001;Scil_g2820	7.856949568546215e-16	1.734370996913815e-60	Aque_Aqu2.1.30867-001;Scil_g5780	1.3309245062395783e-20	1.401077682156374e-56	Aque_Aqu2.1.25769-001;Scil_g2253	3.2643039449818794e-11	6.478494392866644e-35	Aque_Aqu2.1.28495-001;Scil_g4190	4.458325986516477e-24	0.0018585591398102622	Aque_Aqu2.1.37539-001;Slac_ENSLPGG00000013996	0.001023316372845167	4.5857156200345994e-12	Aque_Aqu2.1.41012-001;Slac_ENSLPGG00000012949	0.00027018571509218245	9.33088039317304e-176	Aque_Aqu2.1.29098-001;Slac_ENSLPGG00000002251	0.0022163606697167436	0.00012251065877010218	Aque_Aqu2.1.28453-001;Slac_ENSLPGG00000026946	1.0394247470338174e-05	2.1097457824276857e-06	Aque_Aqu2.1.24276-001;Slac_ENSLPGG00000022619	2.486556444344543e-15	0.0007565344941970633	Aque_Aqu2.1.24987-001;Slac_ENSLPGG00000003239	1.0504102619364857e-17	3.124456223400405e-05	Aque_Aqu2.1.14505-001;Slac_ENSLPGG00000014205	4.1608280773534837e-17	4.187308454203387e-25	Aque_Aqu2.1.28214-001;Scil_g8568	8.636946883713957e-34	0.006147787564166451	Aque_Aqu2.1.29951-001;Scil_g9014	1.9260650568679767e-29	0.0027978391910432904	Aque_Aqu2.1.31551-001;Scil_g12129	5.480233371944621e-11	3.1404553919121265e-42				Aque_Aqu2.1.42133-001;Slac_ENSLPGG00000015706	2.1316297481175312e-07	2.086385172313558e-05	Aque_Aqu2.1.43289-001;Slac_ENSLPGG00000005942	0.004440306993347242	1.1627829427228654e-10	Scil_g2018;Slac_ENSLPGG00000014205	3.0609869963813252e-15	8.529006203565522e-47	Scil_g13000;Slac_ENSLPGG00000029928	7.650787255511761e-23	6.445548881118811e-26	Scil_g8186;Slac_ENSLPGG00000018391	2.027576154248112e-06	5.576426266892998e-14	Scil_g721;Slac_ENSLPGG00000016523	7.585164231627284e-06	0.002769361568927161				Scil_g5407;Slac_ENSLPGG00000016023	4.849384633143921e-38	2.1332530687575003e-21	Scil_g9161;Slac_ENSLPGG00000026665	2.6385043186678827e-33	0.0009624903549282697	Scil_g12659;Slac_ENSLPGG00000007322	1.7832643797370186e-06	1.5533319931254813e-22	Scil_g8192;Slac_ENSLPGG00000007525	1.4505713363105934e-09	3.993170464153228e-16						
Aque_Aqu2.1.39296-001;Scil_g8647	8.497757503283989e-55	8.803177329001966e-10	Aque_Aqu2.1.41892-001;Scil_g4240	8.326661223111995e-07	7.94947822143419e-06	Aque_Aqu2.1.34140-001;Scil_g7883	8.624609785310953e-08	3.0764700374587007e-30	Aque_Aqu2.1.25682-001;Slac_ENSLPGG00000019196	1.2153315557323154e-117	4.623428765436423e-09	Aque_Aqu2.1.37960-001;Slac_ENSLPGG00000013344	8.706435525501074e-27	0.000116755860499865	Aque_Aqu2.1.35105-001;Slac_ENSLPGG00000024580	1.949543091572683e-45	8.69788276427036e-06	Aque_Aqu2.1.37256-001;Slac_ENSLPGG00000024580	6.924649891263139e-08	1.1856299456168317e-17	Aque_Aqu2.1.21796-001;Slac_ENSLPGG00000020424	3.728084031454857e-82	1.4693137716189442e-43				Aque_Aqu2.1.27010-001;Slac_ENSLPGG00000000546	4.41651802264221e-27	8.592975247752537e-05				Aque_Aqu2.1.38519-001;Slac_ENSLPGG00000007426	4.925084952210815e-06	0.0048171139980914615	Aque_Aqu2.1.41482-001;Slac_ENSLPGG00000007158	2.2364060071655327e-10	2.0838815629998246e-20	Aque_Aqu2.1.25867-001;Slac_ENSLPGG00000010273	2.1213248264626324e-06	0.0012724249500829956	Aque_Aqu2.1.41164-001;Scil_g2050	2.993726188697446e-20	0.00028651022064054156	Aque_Aqu2.1.36625-001;Slac_ENSLPGG00000007180	1.3315438871341146e-11	0.00514118893440922	Aque_Aqu2.1.41164-001;Scil_g2050	2.634164689891687e-22	0.00028651022064054156	Aque_Aqu2.1.35499-001;Slac_ENSLPGG00000009453	1.2692762160706003e-88	1.7240464628282283e-09	Aque_Aqu2.1.22320-001;Slac_ENSLPGG00000015631	3.5353442002483155e-36	4.2785560696745975e-05	Aque_Aqu2.1.43536-001;Scil_g3071	3.1456270560029736e-13	3.6596614235713758e-22	Aque_Aqu2.1.30867-001;Scil_g1098	1.3309245062395783e-20	7.599970776583826e-09	Aque_Aqu2.1.37778-001;Scil_g1636	3.9613826015629355e-07	0.007328073571000307	Aque_Aqu2.1.27353-001;Scil_g11067	9.44565242901379e-09	0.0006259582631576781	Aque_Aqu2.1.42077-001;Slac_ENSLPGG00000023634	2.5024776515125946e-13	1.4275965386822054e-12	Aque_Aqu2.1.39672-001;Slac_ENSLPGG00000022031	1.7219934783810546e-24	6.099419038603397e-08	Aque_Aqu2.1.31551-001;Slac_ENSLPGG00000019065	0.0004550419940629617	1.7021584360314615e-05	Aque_Aqu2.1.26973-001;Slac_ENSLPGG00000000921	1.8757648248382616e-05	8.554351911362749e-10	Aque_Aqu2.1.37082-001;Slac_ENSLPGG00000014205	1.421056760183191e-45	4.942981006752245e-12	Aque_Aqu2.1.40376-001;Slac_ENSLPGG00000001593	5.626029519789693e-17	6.425695846049782e-09	Aque_Aqu2.1.23239-001;Slac_ENSLPGG00000014697	7.943361772072874e-20	2.655527233495173e-06	Aque_Aqu2.1.34429-001;Scil_g110	4.114553893179646e-74	0.0002920309162305371	Aque_Aqu2.1.37095-001;Scil_g6036	6.317847330705973e-12	9.543654246405655e-43	Aque_Aqu2.1.37816-001;Scil_g4517	0.00680584638096658	1.596873247019166e-10				Aque_Aqu2.1.41304-001;Slac_ENSLPGG00000009786	6.238240016057972e-05	7.597147476222797e-05	Aque_Aqu2.1.18818-001;Slac_ENSLPGG00000000564	1.3238364383206064e-05	3.918629082506975e-07	Scil_g2667;Slac_ENSLPGG00000007158	1.213546492040107e-09	3.4393842705479424e-25	Scil_g11222;Slac_ENSLPGG00000021520	5.013830628113789e-07	2.3251872846171974e-12	Scil_g4725;Slac_ENSLPGG00000016891	0.007071540977103302	1.1066745948069943e-10	Scil_g12785;Slac_ENSLPGG00000008996	1.6615381302058852e-07	8.656770680653274e-05				Scil_g10960;Slac_ENSLPGG00000000921	7.697874836345238e-14	0.00020497790178902148	Scil_g428;Slac_ENSLPGG00000008220	1.1757209573410568e-27	2.790707462165623e-142	Scil_g12865;Slac_ENSLPGG00000023608	8.708814194825942e-35	0.00021819079240100695	Scil_g6923;Slac_ENSLPGG00000006271	4.832739396701769e-10	3.1018371628481413e-06						
Aque_Aqu2.1.25405-001;Scil_g8992	2.7610085691748473e-15	5.218466165168207e-90	Aque_Aqu2.1.42548-001;Scil_g5592	5.420837544320485e-66	3.7899528558091635e-30	Aque_Aqu2.1.42548-001;Scil_g5592	5.420837544320485e-66	8.91801215413299e-26	Aque_Aqu2.1.38354-001;Slac_ENSLPGG00000028953	1.1143806868995651e-101	1.7008125274199186e-65	Aque_Aqu2.1.31388-001;Slac_ENSLPGG00000002802	0.0006755546556821743	1.2093331260315993e-59	Aque_Aqu2.1.34476-001;Slac_ENSLPGG00000009693	1.1365096649262665e-143	5.798356787689838e-34	Aque_Aqu2.1.40409-001;Slac_ENSLPGG00000002404	9.41931952184278e-85	5.802323027126559e-16	Aque_Aqu2.1.18283-001;Slac_ENSLPGG00000026466	5.3800923347615143e-73	8.261826939652545e-28				Aque_Aqu2.1.34476-001;Slac_ENSLPGG00000009693	4.321419943186122e-118	1.4197940926775439e-06				Aque_Aqu2.1.43788-001;Slac_ENSLPGG00000015099	1.2849197808890718e-08	8.28668605995311e-06	Aque_Aqu2.1.41648-001;Slac_ENSLPGG00000020706	5.441393651598379e-13	0.000720612718783671	Aque_Aqu2.1.01979-001;Slac_ENSLPGG00000021520	0.007012591066954428	0.008152652185200318	Aque_Aqu2.1.07288-001;Scil_g12131	0.0003153131800253428	2.2731884289040125e-05	Aque_Aqu2.1.39703-001;Slac_ENSLPGG00000008996	3.9358458296685827e-17	6.84524996954501e-21	Aque_Aqu2.1.34883-001;Scil_g9613	2.77492876976547e-18	2.373718949035016e-05	Aque_Aqu2.1.35781-001;Slac_ENSLPGG00000016523	2.9643336706072914e-07	3.529984211449646e-10	Aque_Aqu2.1.23690-001;Slac_ENSLPGG00000015631	2.8167288445973896e-25	4.2785560696745975e-05	Aque_Aqu2.1.31168-001;Scil_g4052	0.0008003375710539983	1.9221875447288312e-05	Aque_Aqu2.1.41049-001;Scil_g13539	0.007200126607303983	1.1454364321341173e-47	Aque_Aqu2.1.43313-001;Scil_g7627	5.488228930951967e-29	0.00020958857353505303	Aque_Aqu2.1.34344-001;Scil_g119	8.471951911253183e-28	4.570121173935753e-06	Aque_Aqu2.1.43674-001;Slac_ENSLPGG00000007158	4.20083387372124e-06	3.4393842705479424e-25	Aque_Aqu2.1.39244-001;Slac_ENSLPGG00000005573	0.001010022294092888	2.5482582521386655e-05	Aque_Aqu2.1.33443-001;Slac_ENSLPGG00000007730	4.986367745258103e-05	3.6133844128804866e-70	Aque_Aqu2.1.44280-001;Slac_ENSLPGG00000021800	1.013546532817293e-30	0.0011661821359481082	Aque_Aqu2.1.34140-001;Slac_ENSLPGG00000001139	1.0121820050408576e-29	1.0794946248240394e-08	Aque_Aqu2.1.28223-001;Slac_ENSLPGG00000011839	1.3844036382592803e-13	6.871823708419816e-06	Aque_Aqu2.1.39672-001;Slac_ENSLPGG00000013283	1.7219934783810546e-24	3.255600133488331e-09	Aque_Aqu2.1.20342-001;Scil_g6013	6.019578265264503e-43	2.9288063338159984e-30	Aque_Aqu2.1.34429-001;Scil_g110	4.114553893179646e-74	0.001862633292933099	Aque_Aqu2.1.41302-001;Scil_g863	1.593114344057822e-11	4.187396020041577e-10				Aque_Aqu2.1.29864-001;Slac_ENSLPGG00000013556	0.006566079114390827	0.0011858448712570699	Aque_Aqu2.1.41304-001;Slac_ENSLPGG00000009786	0.0004773102768508639	7.597147476222797e-05	Scil_g1810;Slac_ENSLPGG00000014172	1.8056311860152903e-21	9.057695077875531e-07	Scil_g5407;Slac_ENSLPGG00000016023	4.849384633143921e-38	5.2244029442935016e-98	Scil_g4725;Slac_ENSLPGG00000002171	0.007071540977103302	2.0039843010385572e-48	Scil_g4725;Slac_ENSLPGG00000002171	0.007071540977103302	2.5730742542634384e-20				Scil_g4131;Slac_ENSLPGG00000020178	0.00196209406172658	5.984877303900408e-05	Scil_g10145;Slac_ENSLPGG00000023276	2.2288680991354423e-38	5.006232055107248e-07	Scil_g13539;Slac_ENSLPGG00000012055	3.8710966832846466e-62	0.000889129280263582	Scil_g6358;Slac_ENSLPGG00000002171	4.495018191693717e-06	2.040331509655993e-20						
Aque_Aqu2.1.24376-001;Scil_g2266	3.214491794611835e-10	3.4817866453329334e-16	Aque_Aqu2.1.40905-001;Scil_g2541	9.527533673684782e-19	3.475334919449621e-07	Aque_Aqu2.1.29989-001;Scil_g3256	4.122966021694138e-114	1.421562199914897e-32	Aque_Aqu2.1.44322-001;Slac_ENSLPGG00000026466	8.465724691870346e-08	0.0	Aque_Aqu2.1.24541-001;Slac_ENSLPGG00000010551	2.344168441479099e-143	0.00016474869513399351	Aque_Aqu2.1.25862-001;Slac_ENSLPGG00000018181	1.4164840831138878e-69	3.630673637054969e-70	Aque_Aqu2.1.31578-001;Slac_ENSLPGG00000029003	1.9263239615738984e-15	4.144311434162604e-09	Aque_Aqu2.1.04943-001;Slac_ENSLPGG00000000928	1.8183168977220488e-34	7.745796311781258e-29				Aque_Aqu2.1.37762-001;Slac_ENSLPGG00000010260	3.763225226538024e-94	2.42563002503775e-12				Aque_Aqu2.1.41648-001;Slac_ENSLPGG00000020706	5.441393651598379e-13	0.00016618681967649416	Aque_Aqu2.1.28492-001;Slac_ENSLPGG00000011327	4.609852878565774e-24	0.004116007346990355	Aque_Aqu2.1.35781-001;Slac_ENSLPGG00000016523	0.0002769383255997843	0.002769361568927161	Aque_Aqu2.1.23306-001;Scil_g1858	0.0008250248971470806	1.3255464112178313e-28	Aque_Aqu2.1.22701-001;Slac_ENSLPGG00000007495	0.001710758823221009	0.006460960068050315	Aque_Aqu2.1.27341-001;Scil_g10571	2.5953363064711843e-06	2.2371564374811863e-31	Aque_Aqu2.1.39703-001;Slac_ENSLPGG00000004947	6.740072048541467e-12	2.3125316935076514e-06	Aque_Aqu2.1.22984-001;Slac_ENSLPGG00000003607	0.0015195175494377914	1.830903210961206e-13	Aque_Aqu2.1.35253-001;Scil_g9750	3.5542328552532075e-13	6.723224112689725e-10	Aque_Aqu2.1.40394-001;Scil_g12529	0.008548448215663518	3.227376468718222e-06	Aque_Aqu2.1.44221-001;Scil_g13279	5.994069235373014e-92	2.3352966492296317e-05	Aque_Aqu2.1.33928-001;Scil_g119	8.346851545633894e-09	4.570121173935753e-06	Aque_Aqu2.1.28497-001;Slac_ENSLPGG00000009453	6.265744639493593e-06	3.1604583026530097e-28	Aque_Aqu2.1.33443-001;Slac_ENSLPGG00000007730	4.986367745258103e-05	1.5161634843722148e-162	Aque_Aqu2.1.40905-001;Slac_ENSLPGG00000014782	2.293128987599471e-12	1.0509840262664914e-07	Aque_Aqu2.1.25769-001;Slac_ENSLPGG00000008220	3.2643039449818794e-11	1.3169649745091514e-24	Aque_Aqu2.1.44243-001;Slac_ENSLPGG00000008996	2.5819489532558422e-23	8.656770680653274e-05	Aque_Aqu2.1.33443-001;Slac_ENSLPGG00000007525	4.986367745258103e-05	3.9611081585269763e-32	Aque_Aqu2.1.20046-001;Slac_ENSLPGG00000009456	0.00911986550103098	4.433676883475361e-93	Aque_Aqu2.1.34863-001;Scil_g2820	3.260819368721017e-23	3.4302693857098565e-44	Aque_Aqu2.1.28223-001;Scil_g4240	0.0001247782164728605	3.593482504157775e-10	Aque_Aqu2.1.25578-001;Scil_g4517	0.005312301831445139	1.596873247019166e-10				Aque_Aqu2.1.29864-001;Slac_ENSLPGG00000003738	0.006566079114390827	0.0005406747718673408	Aque_Aqu2.1.37477-001;Slac_ENSLPGG00000000542	6.263290571875139e-07	3.7071444059323417e-10	Scil_g5780;Slac_ENSLPGG00000001139	3.2348683259580126e-27	1.5864479285115916e-66	Scil_g10145;Slac_ENSLPGG00000007322	2.2288680991354423e-38	2.2293704285756905e-31	Scil_g10015;Slac_ENSLPGG00000022563	5.102593283167871e-54	3.4434726359320087e-06	Scil_g4131;Slac_ENSLPGG00000020178	0.00196209406172658	0.00025191457973345715				Scil_g8186;Slac_ENSLPGG00000020178	2.027576154248112e-06	5.984877303900408e-05	Scil_g12781;Slac_ENSLPGG00000012981	3.220845832701209e-54	1.425866129975506e-17	Scil_g6477;Slac_ENSLPGG00000011166	2.5496012144317233e-10	1.8668283250801275e-07	Scil_g10363;Slac_ENSLPGG00000014139	0.003378878652426875	0.0038658422956780927						
Aque_Aqu2.1.31038-001;Scil_g9014	1.0272479399297856e-48	0.0027978391910432904	Aque_Aqu2.1.29951-001;Scil_g9014	0.00022028134504872317	1.3351828985732552e-05	Aque_Aqu2.1.43623-001;Scil_g9181	2.967833146368427e-22	9.46135850032615e-11	Aque_Aqu2.1.27063-001;Slac_ENSLPGG00000023230	3.201242607069932e-92	2.6497204617369967e-21	Aque_Aqu2.1.37818-001;Slac_ENSLPGG00000010551	1.1042169105070999e-65	0.00016474869513399351	Aque_Aqu2.1.43423-001;Slac_ENSLPGG00000008236	7.445917862680743e-110	6.2914381894297626e-12	Aque_Aqu2.1.27063-001;Slac_ENSLPGG00000023230	6.861052758461508e-93	0.0010589407299573588	Aque_Aqu2.1.27010-001;Slac_ENSLPGG00000000546	4.41651802264221e-27	2.33315469533924e-06				Aque_Aqu2.1.31194-001;Slac_ENSLPGG00000008469	1.2800872678568997e-122	1.477139060450275e-12				Aque_Aqu2.1.37101-001;Slac_ENSLPGG00000010273	1.5336636022433145e-08	1.4736923783815982e-11	Aque_Aqu2.1.36565-001;Slac_ENSLPGG00000020706	5.467757675960367e-08	0.000720612718783671	Aque_Aqu2.1.41482-001;Slac_ENSLPGG00000019065	2.2364060071655327e-10	0.004592237966067324	Aque_Aqu2.1.33324-001;Scil_g2050	4.199172839699446e-13	0.00028651022064054156	Aque_Aqu2.1.38181-001;Slac_ENSLPGG00000004947	0.0014557742047692525	2.3125316935076514e-06	Aque_Aqu2.1.32887-001;Scil_g1568	9.681906288621355e-12	1.402368506771563e-08	Aque_Aqu2.1.35211-001;Slac_ENSLPGG00000014037	1.0980787290419444e-30	9.215098691457013e-15	Aque_Aqu2.1.35503-001;Slac_ENSLPGG00000003499	6.524992042139891e-05	0.0009192843524476111	Aque_Aqu2.1.38146-001;Scil_g10140	6.387586082111135e-11	7.029809022088953e-33	Aque_Aqu2.1.41892-001;Scil_g8192	5.2142493076430264e-14	2.4409454456120322e-27	Aque_Aqu2.1.38146-001;Scil_g13279	6.387586082111135e-11	2.3352966492296317e-05	Aque_Aqu2.1.33635-001;Scil_g10960	0.00010669886911690847	0.0010311375398249923	Aque_Aqu2.1.39672-001;Slac_ENSLPGG00000002171	1.7219934783810546e-24	7.388655311919578e-20	Aque_Aqu2.1.44243-001;Slac_ENSLPGG00000021186	2.5819489532558422e-23	1.5866616825505543e-23	Aque_Aqu2.1.43251-001;Slac_ENSLPGG00000023417	2.3451474142829946e-08	4.5229189213678597e-05	Aque_Aqu2.1.28223-001;Slac_ENSLPGG00000011839	1.3844036382592803e-13	0.003663675314723735	Aque_Aqu2.1.26973-001;Slac_ENSLPGG00000000921	1.8757648248382616e-05	1.3753081648531437e-11	Aque_Aqu2.1.23692-001;Slac_ENSLPGG00000012471	1.2841772084763492e-19	0.005559596267054266	Aque_Aqu2.1.33626-001;Slac_ENSLPGG00000026185	3.3026747495490954e-64	8.207183936855886e-05	Aque_Aqu2.1.37095-001;Scil_g6036	6.317847330705973e-12	3.2501838191245744e-35	Aque_Aqu2.1.40905-001;Scil_g1157	1.6276630887661414e-22	5.371096108950538e-15	Aque_Aqu2.1.20342-001;Scil_g6013	6.019578265264503e-43	2.5663767670271375e-23				Aque_Aqu2.1.31381-001;Slac_ENSLPGG00000021402	8.747410743124555e-06	0.003997784546034889	Aque_Aqu2.1.36578-001;Slac_ENSLPGG00000011207	3.040004229627623e-17	0.00013157840850262897	Scil_g2615;Slac_ENSLPGG00000027773	8.659425700052678e-51	2.3067353164999476e-32	Scil_g3316;Slac_ENSLPGG00000004765	2.531520629243094e-69	1.711222440657744e-10	Scil_g721;Slac_ENSLPGG00000016523	7.585164231627284e-06	5.671680587187432e-06	Scil_g10108;Slac_ENSLPGG00000023276	0.0026833894586777538	0.0023187143386704493				Scil_g13820;Slac_ENSLPGG00000020178	2.3448594471839515e-08	5.984877303900408e-05	Scil_g2024;Slac_ENSLPGG00000012981	3.8482179326324794e-44	1.425866129975506e-17	Scil_g3071;Slac_ENSLPGG00000017855	4.367919721621442e-13	0.0018345151332905534	Scil_g2024;Slac_ENSLPGG00000004729	4.646532910031047e-06	2.757012332639792e-10						
Aque_Aqu2.1.38470-001;Scil_g819	0.004861230740791713	4.94380564536909e-35	Aque_Aqu2.1.33502-001;Scil_g566	4.333324090497173e-06	1.4655848858801617e-32	Aque_Aqu2.1.31586-001;Scil_g2493	6.035842798121547e-07	2.444851870685186e-31	Aque_Aqu2.1.43814-001;Slac_ENSLPGG00000016800	1.0114175846621341e-42	1.3097226120826726e-57	Aque_Aqu2.1.38354-001;Slac_ENSLPGG00000028953	1.1143806868995651e-101	0.00011364032434591311	Aque_Aqu2.1.40665-001;Slac_ENSLPGG00000018877	8.115709961538107e-35	1.805147948244949e-05	Aque_Aqu2.1.34374-001;Slac_ENSLPGG00000010554	2.00825217593933e-46	4.1932383226006643e-07	Aque_Aqu2.1.18353-001;Slac_ENSLPGG00000017904	6.178257458042465e-65	0.00027083642751955415				Aque_Aqu2.1.27224-001;Slac_ENSLPGG00000027899	4.73010969370581e-25	2.6828634273185702e-05				Aque_Aqu2.1.27228-001;Slac_ENSLPGG00000025642	8.73403633687885e-34	2.270226285557522e-22	Aque_Aqu2.1.30867-001;Slac_ENSLPGG00000006271	8.811394793769746e-08	6.725810871771657e-11	Aque_Aqu2.1.33448-001;Slac_ENSLPGG00000011166	0.0009419018553175181	7.03707662095056e-13	Aque_Aqu2.1.18457-001;Scil_g2050	1.2500407695264787e-10	0.00028651022064054156	Aque_Aqu2.1.34848-001;Slac_ENSLPGG00000007243	2.4510777142538128e-05	8.006524902330374e-19	Aque_Aqu2.1.39139-001;Scil_g11974	0.004249037783701661	4.0962729918117245e-50	Aque_Aqu2.1.36448-001;Slac_ENSLPGG00000023442	7.601563556113623e-49	0.000828926358244257	Aque_Aqu2.1.39703-001;Slac_ENSLPGG00000021186	6.740072048541467e-12	0.00792282449190551	Aque_Aqu2.1.33635-001;Scil_g9750	0.00010669886911690847	6.723224112689725e-10	Aque_Aqu2.1.28495-001;Scil_g11447	4.458325986516477e-24	0.0011988833990713961	Aque_Aqu2.1.34863-001;Scil_g10363	7.856949568546215e-16	0.003378878652426875	Aque_Aqu2.1.40738-001;Scil_g7182	6.218782870818954e-08	0.00226991754790107	Aque_Aqu2.1.41663-001;Slac_ENSLPGG00000004269	6.925532323955444e-17	8.788977280510082e-06	Aque_Aqu2.1.31551-001;Slac_ENSLPGG00000007158	0.0004550419940629617	2.3171329481883538e-23	Aque_Aqu2.1.31551-001;Slac_ENSLPGG00000007158	0.0004550419940629617	5.42418213709586e-07	Aque_Aqu2.1.33629-001;Slac_ENSLPGG00000026185	0.009336944773511264	0.004154972720071218	Aque_Aqu2.1.39244-001;Slac_ENSLPGG00000005573	0.001010022294092888	1.1552144018419397e-06	Aque_Aqu2.1.41012-001;Slac_ENSLPGG00000018391	0.00027018571509218245	1.083666763670672e-22	Aque_Aqu2.1.42770-001;Slac_ENSLPGG00000002140	3.5810184203344485e-32	2.5221650698564867e-28	Aque_Aqu2.1.34348-001;Scil_g10006	0.004037217112809467	4.305342599225583e-27	Aque_Aqu2.1.34140-001;Scil_g7883	1.2311513054768545e-08	1.162956500078495e-86	Aque_Aqu2.1.14128-001;Scil_g9014	0.0056228831372082165	1.3351828985732552e-05				Aque_Aqu2.1.30833-001;Slac_ENSLPGG00000019944	1.6182943729154618e-07	1.5606368505818356e-23	Aque_Aqu2.1.42183-001;Slac_ENSLPGG00000015655	5.780185608994803e-10	4.232930875702725e-10	Scil_g8192;Slac_ENSLPGG00000018987	1.1319454415633238e-06	1.3501043026864786e-122	Scil_g12785;Slac_ENSLPGG00000010854	1.6615381302058852e-07	0.0011755140317752015	Scil_g10108;Slac_ENSLPGG00000023276	0.0026833894586777538	1.4295563297452558e-07	Scil_g13820;Slac_ENSLPGG00000020178	2.3448594471839515e-08	0.00025191457973345715				Scil_g10960;Slac_ENSLPGG00000012471	7.697874836345238e-14	0.005559596267054266	Scil_g5407;Slac_ENSLPGG00000016023	4.849384633143921e-38	3.9859421032837844e-120	Scil_g11587;Slac_ENSLPGG00000005542	0.001308213787946087	5.127824000070995e-19	Scil_g2793;Slac_ENSLPGG00000017855	0.009881073541213904	0.0001249377116177873						
Aque_Aqu2.1.37960-001;Scil_g151	8.706435525501074e-27	1.6461488177250409e-68	Aque_Aqu2.1.37960-001;Scil_g151	8.706435525501074e-27	2.211135709158821e-54	Aque_Aqu2.1.33572-001;Scil_g3476	5.668642400668365e-139	2.123489906077005e-17	Aque_Aqu2.1.26950-001;Slac_ENSLPGG00000011704	2.9641211798731584e-40	1.8454078510702356e-07	Aque_Aqu2.1.30395-001;Slac_ENSLPGG00000011626	6.234964103978512e-06	4.364461933464749e-38	Aque_Aqu2.1.27294-001;Slac_ENSLPGG00000021584	6.379913106281972e-32	1.5268177922787565e-06	Aque_Aqu2.1.43558-001;Slac_ENSLPGG00000023020	3.8910122545336895e-25	0.00016233266302729288	Aque_Aqu2.1.43814-001;Slac_ENSLPGG00000016800	1.049704161139056e-34	1.678175021433421e-20				Aque_Aqu2.1.36579-001;Slac_ENSLPGG00000005401	2.7181831547122596e-07	5.984830996195444e-31				Aque_Aqu2.1.44243-001;Slac_ENSLPGG00000010854	2.521644079706085e-10	0.0011755140317752015	Aque_Aqu2.1.35211-001;Slac_ENSLPGG00000014037	1.877257799674659e-21	1.8687999982522213e-07	Aque_Aqu2.1.32548-001;Slac_ENSLPGG00000022031	0.0016118061765567644	0.0026640309671868865	Aque_Aqu2.1.39254-001;Scil_g6643	6.211804140099987e-05	2.2696328158478815e-18	Aque_Aqu2.1.44194-001;Slac_ENSLPGG00000013677	4.3628815760055725e-50	1.1102809994691477e-05	Aque_Aqu2.1.31386-001;Scil_g13734	1.9939436211890793e-10	0.00010448839775807025	Aque_Aqu2.1.25858-001;Slac_ENSLPGG00000012471	5.683206485678387e-42	1.2256378781761784e-09	Aque_Aqu2.1.41583-001;Slac_ENSLPGG00000003499	1.075194399407091e-28	0.0009192843524476111	Aque_Aqu2.1.22336-001;Scil_g8212	0.000106535416203201	1.903555739624333e-18	Aque_Aqu2.1.41482-001;Scil_g1483	2.257130122823816e-08	2.479568833724734e-22	Aque_Aqu2.1.38632-001;Scil_g571	9.189697425880252e-06	1.068176889897305e-05	Aque_Aqu2.1.43674-001;Scil_g6923	4.20083387372124e-06	1.9865115391663293e-07	Aque_Aqu2.1.30867-001;Slac_ENSLPGG00000007158	1.3309245062395783e-20	3.4393842705479424e-25	Aque_Aqu2.1.44243-001;Slac_ENSLPGG00000008996	2.5819489532558422e-23	2.383566135459776e-06	Aque_Aqu2.1.31551-001;Slac_ENSLPGG00000001139	0.0004550419940629617	2.1318647841890573e-07	Aque_Aqu2.1.41892-001;Slac_ENSLPGG00000011839	5.2142493076430264e-14	0.003663675314723735	Aque_Aqu2.1.28453-001;Slac_ENSLPGG00000026946	1.0394247470338174e-05	1.1849962257611876e-16	Aque_Aqu2.1.43986-001;Slac_ENSLPGG00000002394	8.331396457690566e-05	1.8622701653685263e-59	Aque_Aqu2.1.23239-001;Slac_ENSLPGG00000005134	7.943361772072874e-20	1.8972048888182136e-07	Aque_Aqu2.1.28510-001;Scil_g1202	4.1221548809449937e-10	6.188423432206488e-84	Aque_Aqu2.1.28510-001;Scil_g1202	4.1221548809449937e-10	4.192191910983434e-60	Aque_Aqu2.1.37960-001;Scil_g151	6.928813814428876e-12	2.211135709158821e-54				Aque_Aqu2.1.35230-001;Slac_ENSLPGG00000012424	0.003333932225740895	2.0966639451606759e-57	Aque_Aqu2.1.41445-001;Slac_ENSLPGG00000012408	0.00015993955679151887	0.0007519966664523761	Scil_g10960;Slac_ENSLPGG00000012471	1.7814275668616436e-13	9.012536840606819e-20	Scil_g3806;Slac_ENSLPGG00000011166	3.452312820229575e-05	6.826160582443951e-22	Scil_g5407;Slac_ENSLPGG00000016023	4.849384633143921e-38	6.401292896110481e-45	Scil_g10108;Slac_ENSLPGG00000015099	0.0026833894586777538	5.637710037603953e-09				Scil_g2624;Slac_ENSLPGG00000026946	1.2445680806480602e-07	0.0007576152612991031	Scil_g10145;Slac_ENSLPGG00000007322	2.2288680991354423e-38	5.655621197163008e-32	Scil_g8192;Slac_ENSLPGG00000007525	6.87570092868224e-33	3.9611081585269763e-32	Scil_g2756;Slac_ENSLPGG00000022031	0.0004767352567340763	6.099419038603397e-08						
Aque_Aqu2.1.37747-001;Scil_g4955	1.520304058493942e-143	2.8980325535352766e-11	Aque_Aqu2.1.37747-001;Scil_g4955	1.520304058493942e-143	1.3274390645344907e-15	Aque_Aqu2.1.34860-001;Scil_g12463	1.2852695968093314e-58	6.737594746197062e-32	Aque_Aqu2.1.26225-001;Slac_ENSLPGG00000004270	1.4585812166144586e-112	3.923350826009207e-40	Aque_Aqu2.1.44059-001;Slac_ENSLPGG00000002916	3.328730512336417e-05	8.13217571260454e-08	Aque_Aqu2.1.41260-001;Slac_ENSLPGG00000008330	1.638108573287336e-99	1.763572462074138e-07	Aque_Aqu2.1.41935-001;Slac_ENSLPGG00000024534	3.900652244068748e-22	8.111986096029365e-09	Aque_Aqu2.1.36105-001;Slac_ENSLPGG00000022449	1.677285239895516e-12	3.9730325797462426e-21				Aque_Aqu2.1.36280-001;Slac_ENSLPGG00000026756	6.856052357675539e-112	0.0005920260705566722				Aque_Aqu2.1.42077-001;Slac_ENSLPGG00000024184	1.6179795020463484e-12	6.4605472536108685e-28	Aque_Aqu2.1.01979-001;Slac_ENSLPGG00000006271	0.007012591066954428	6.725810871771657e-11	Aque_Aqu2.1.34140-001;Slac_ENSLPGG00000001139	1.662739836406084e-09	1.0794946248240394e-08	Aque_Aqu2.1.14221-001;Scil_g6643	1.1928321308232204e-06	2.2696328158478815e-18	Aque_Aqu2.1.39760-001;Slac_ENSLPGG00000006423	1.3668276675116748e-07	3.266166105766691e-05	Aque_Aqu2.1.28660-001;Scil_g8560	5.903132156816123e-13	6.827252268949651e-06	Aque_Aqu2.1.14136-001;Slac_ENSLPGG00000018698	2.407324601675234e-10	2.86354041207311e-05	Aque_Aqu2.1.26609-001;Slac_ENSLPGG00000002953	0.00941527972294942	0.00031250465679793306	Aque_Aqu2.1.21078-001;Scil_g119	5.590581436452151e-38	1.1392739541626258e-52	Aque_Aqu2.1.41482-001;Scil_g5780	2.257130122823816e-08	1.401077682156374e-56	Aque_Aqu2.1.23692-001;Scil_g10960	1.2841772084763492e-19	3.516281539997559e-05	Aque_Aqu2.1.35781-001;Scil_g721	0.0016572738315866653	1.3698307604161056e-07	Aque_Aqu2.1.27258-001;Slac_ENSLPGG00000006993	4.614981215518772e-18	2.3991069477122163e-14	Aque_Aqu2.1.28301-001;Slac_ENSLPGG00000025835	2.4420291072502505e-07	7.85761304520845e-10	Aque_Aqu2.1.42762-001;Slac_ENSLPGG00000002171	1.0081478109652569e-17	1.992864717506652e-06	Aque_Aqu2.1.43984-001;Slac_ENSLPGG00000002394	4.479650965828285e-09	3.132385281564667e-40	Aque_Aqu2.1.40738-001;Slac_ENSLPGG00000014205	6.218782870818954e-08	4.942981006752245e-12	Aque_Aqu2.1.23692-001;Slac_ENSLPGG00000000921	1.2841772084763492e-19	0.00020497790178902148	Aque_Aqu2.1.37883-001;Slac_ENSLPGG00000019578	1.8087879056502434e-19	0.0048945557979933815	Aque_Aqu2.1.34182-001;Scil_g1212	0.00034402088415198156	1.2683858340816088e-31	Aque_Aqu2.1.36436-001;Scil_g1240	1.8803483918358576e-09	1.7383206120068723e-18	Aque_Aqu2.1.34348-001;Scil_g10006	0.004037217112809467	8.01744537901046e-20				Aque_Aqu2.1.41622-001;Slac_ENSLPGG00000016003	9.37433589323078e-05	0.00011556355925067361	Aque_Aqu2.1.31536-001;Slac_ENSLPGG00000009786	7.713142910234683e-05	7.597147476222797e-05	Scil_g13026;Slac_ENSLPGG00000029928	1.0858709037481048e-15	1.133641503252008e-12	Scil_g721;Slac_ENSLPGG00000016523	7.585164231627284e-06	7.460571249454539e-10	Scil_g11222;Slac_ENSLPGG00000001139	5.013830628113789e-07	1.364164359996385e-34	Scil_g1084;Slac_ENSLPGG00000015293	2.3895129108770388e-11	0.0003498442261518222				Scil_g11222;Slac_ENSLPGG00000007158	5.013830628113789e-07	1.3921670430557845e-07	Scil_g721;Slac_ENSLPGG00000016523	7.585164231627284e-06	4.931625755713096e-10	Scil_g13026;Slac_ENSLPGG00000029928	1.340950059410457e-12	4.687050897629952e-06	Scil_g6427;Slac_ENSLPGG00000009456	0.0038813036213638575	2.941187808203476e-10						
Aque_Aqu2.1.43637-001;Scil_g13024	0.0001321362764028887	3.6879272146840085e-16	Aque_Aqu2.1.39740-001;Scil_g2822	3.486960784146766e-51	1.2046246500420255e-06	Aque_Aqu2.1.44059-001;Scil_g9230	3.328730512336417e-05	3.5595926977201445e-33	Aque_Aqu2.1.37095-001;Slac_ENSLPGG00000011766	1.7138617390298075e-107	4.981341181502007e-22	Aque_Aqu2.1.25460-001;Slac_ENSLPGG00000025767	1.0806839649739981e-05	0.001744453473605008	Aque_Aqu2.1.18283-001;Slac_ENSLPGG00000026466	8.281858889981098e-97	1.3881851337162964e-32	Aque_Aqu2.1.39927-001;Slac_ENSLPGG00000026851	1.1809401103571953e-18	3.1378676356872758e-09	Aque_Aqu2.1.18813-001;Slac_ENSLPGG00000028380	1.3448663550898067e-72	4.70408825434754e-28				Aque_Aqu2.1.28570-001;Slac_ENSLPGG00000011888	1.3478437671175875e-40	0.004695103844647241				Aque_Aqu2.1.38750-001;Slac_ENSLPGG00000013069	2.625604464614801e-12	4.510390699375658e-16	Aque_Aqu2.1.44243-001;Slac_ENSLPGG00000010854	2.521644079706085e-10	0.0033377095618873118	Aque_Aqu2.1.30867-001;Slac_ENSLPGG00000021520	8.811394793769746e-08	0.008152652185200318	Aque_Aqu2.1.25188-001;Scil_g11408	8.171434139470894e-10	0.0009273067915295075	Aque_Aqu2.1.35119-001;Slac_ENSLPGG00000015631	8.135931234143781e-43	8.896789141331552e-11	Aque_Aqu2.1.38596-001;Scil_g12944	4.915425379001228e-11	6.635156098512339e-07	Aque_Aqu2.1.34597-001;Slac_ENSLPGG00000028037	0.0004624105493005545	0.00027557461432683				Aque_Aqu2.1.40905-001;Scil_g8135	2.293128987599471e-12	4.886659234752376e-97	Aque_Aqu2.1.29979-001;Scil_g3316	0.005096289705461217	2.531520629243094e-69	Aque_Aqu2.1.40394-001;Scil_g12529	0.008548448215663518	1.0556557055860905e-05	Aque_Aqu2.1.41012-001;Scil_g13279	0.00027018571509218245	0.0016891241532341903	Aque_Aqu2.1.44139-001;Slac_ENSLPGG00000008750	0.0013345187120564206	3.2875899999834076e-37	Aque_Aqu2.1.34140-001;Slac_ENSLPGG00000003645	1.0121820050408576e-29	6.37289842198441e-13	Aque_Aqu2.1.28497-001;Slac_ENSLPGG00000008750	6.265744639493593e-06	1.1333697489390906e-08	Aque_Aqu2.1.40828-001;Slac_ENSLPGG00000014103	0.000597727428425492	7.421352297078155e-06	Aque_Aqu2.1.29497-001;Slac_ENSLPGG00000014506	6.077919633614359e-57	0.0009833010544851581	Aque_Aqu2.1.21880-001;Slac_ENSLPGG00000008528	1.2898596676934027e-28	4.125400720866949e-12	Aque_Aqu2.1.24987-001;Slac_ENSLPGG00000003239	1.0504102619364857e-17	4.665800524885028e-08	Aque_Aqu2.1.41943-001;Scil_g11616	1.7930078176274148e-08	4.655178459260144e-27	Aque_Aqu2.1.34863-001;Scil_g2820	3.260819368721017e-23	3.9657895423737085e-29	Aque_Aqu2.1.44221-001;Scil_g10508	1.0164839656097992e-72	1.4665814847050853e-15				Aque_Aqu2.1.29863-001;Slac_ENSLPGG00000011813	0.00233887121223274	1.1792828546650863e-26	Aque_Aqu2.1.41530-001;Slac_ENSLPGG00000026624	5.549831718336349e-05	5.078529865221248e-14	Scil_g8851;Slac_ENSLPGG00000026194	5.351413959374844e-05	1.969891307800923e-05	Scil_g1483;Slac_ENSLPGG00000019065	2.479568833724734e-22	3.1496785989591547e-07	Scil_g2475;Slac_ENSLPGG00000015293	3.0939704374754477e-07	6.6401604613863886e-09	Scil_g13078;Slac_ENSLPGG00000014782	7.912716267496188e-05	0.008818631329743608				Scil_g5970;Slac_ENSLPGG00000019726	0.00876853202494436	6.546769520201781e-23	Scil_g10960;Slac_ENSLPGG00000000921	7.697874836345238e-14	2.3931149398632247e-20	Scil_g2024;Slac_ENSLPGG00000004729	9.755691899743128e-10	8.196872635232278e-10	Scil_g8299;Slac_ENSLPGG00000019726	1.2100150610866985e-15	3.693794179985513e-95						
Aque_Aqu2.1.34374-001;Scil_g12129	1.4390603500282076e-48	5.962773796446919e-41	Aque_Aqu2.1.42085-001;Scil_g645	7.58547165552506e-19	6.048656650182224e-22	Aque_Aqu2.1.38185-001;Scil_g11114	1.1352403406991012e-28	1.2267511825027107e-06	Aque_Aqu2.1.37747-001;Slac_ENSLPGG00000010195	1.520304058493942e-143	1.0486439829286918e-69	Aque_Aqu2.1.43334-001;Slac_ENSLPGG00000007985	1.0309244865485303e-07	0.00035715919530512723	Aque_Aqu2.1.31388-001;Slac_ENSLPGG00000002802	0.0006755546556821743	8.341868309217225e-209	Aque_Aqu2.1.33352-001;Slac_ENSLPGG00000029003	2.3865699889059506e-12	4.144311434162604e-09	Aque_Aqu2.1.14207-001;Slac_ENSLPGG00000010983	4.825359325182867e-10	1.2639473249977928e-27				Aque_Aqu2.1.14137-001;Slac_ENSLPGG00000018350	7.583517125849063e-42	0.002089581030277504				Aque_Aqu2.1.39672-001;Slac_ENSLPGG00000013283	6.3157949007109966e-09	2.6704193679793666e-05	Aque_Aqu2.1.36606-001;Slac_ENSLPGG00000022031	5.622930540080185e-07	1.6521542134525504e-05	Aque_Aqu2.1.33622-001;Slac_ENSLPGG00000022031	3.31852085524485e-07	0.0026640309671868865	Aque_Aqu2.1.28493-001;Scil_g4190	8.33193295587791e-14	1.976243892774613e-57	Aque_Aqu2.1.33096-001;Slac_ENSLPGG00000026009	2.701174655880703e-05	0.0005757468559977892	Aque_Aqu2.1.13963-001;Scil_g6014	1.4578792200559792e-06	7.513146338206519e-06	Aque_Aqu2.1.35499-001;Slac_ENSLPGG00000009116	1.2692762160706003e-88	3.098026050711895e-06				Aque_Aqu2.1.38824-001;Scil_g9750	0.0021069493728025235	6.723224112689725e-10	Aque_Aqu2.1.43959-001;Scil_g6383	0.004273556452371094	2.1392724040905424e-13	Aque_Aqu2.1.39672-001;Scil_g4725	1.7219934783810546e-24	0.000998381218287609	Aque_Aqu2.1.25867-001;Scil_g10960	0.0002352162877005849	0.0010311375398249923	Aque_Aqu2.1.32503-001;Slac_ENSLPGG00000015631	8.836422303727378e-40	1.3544945094291961e-13	Aque_Aqu2.1.36507-001;Slac_ENSLPGG00000029934	1.294377129584489e-07	0.0007193067221844002	Aque_Aqu2.1.41482-001;Slac_ENSLPGG00000019065	2.257130122823816e-08	1.7021584360314615e-05	Aque_Aqu2.1.44139-001;Slac_ENSLPGG00000009453	0.0013345187120564206	2.3985592499326432e-20	Aque_Aqu2.1.43267-001;Slac_ENSLPGG00000022080	3.1038449995845004e-09	0.00048494656273843115	Aque_Aqu2.1.36580-001;Slac_ENSLPGG00000006910	0.00012213328003275967	4.6140858892568826e-12	Aque_Aqu2.1.31385-001;Slac_ENSLPGG00000022008	0.0004221664291573433	1.2662397728282719e-93	Aque_Aqu2.1.34247-001;Scil_g9014	1.71031195062505e-34	0.001206914064140306	Aque_Aqu2.1.34247-001;Scil_g9014	1.71031195062505e-34	0.0027978391910432904	Aque_Aqu2.1.43522-001;Scil_g11081	1.651404943005184e-09	1.6229342971891776e-16				Aque_Aqu2.1.37818-001;Slac_ENSLPGG00000010551	1.454357753979836e-07	0.00868613460338985	Aque_Aqu2.1.28506-001;Slac_ENSLPGG00000015791	0.002021645072273427	6.366879886062201e-05	Scil_g176;Slac_ENSLPGG00000006340	4.6128602470137076e-46	0.00019700462985319765	Scil_g9850;Slac_ENSLPGG00000023963	2.9609292285413797e-44	0.00021429564820563303	Scil_g3668;Slac_ENSLPGG00000022563	1.4998070167165875e-08	3.4434726359320087e-06	Scil_g11222;Slac_ENSLPGG00000021520	5.013830628113789e-07	0.008152652185200318				Scil_g2475;Slac_ENSLPGG00000015293	3.0939704374754477e-07	0.0012497589291778422	Scil_g2624;Slac_ENSLPGG00000026946	1.2445680806480602e-07	3.286635396562452e-29	Scil_g8192;Slac_ENSLPGG00000011839	6.87570092868224e-33	6.871823708419816e-06	Scil_g12785;Slac_ENSLPGG00000008996	2.3296876787399272e-06	2.383566135459776e-06						
Aque_Aqu2.1.29076-001;Scil_g119	1.6735204441251737e-27	1.0977579962824666e-31	Aque_Aqu2.1.34182-001;Scil_g1212	2.8381934299431106e-12	4.4584155252482785e-10	Aque_Aqu2.1.35741-001;Scil_g2323	0.00040754156009998287	5.706184493433804e-31	Aque_Aqu2.1.06465-001;Slac_ENSLPGG00000010731	1.1423349568697603e-06	9.675335389896591e-267	Aque_Aqu2.1.37747-001;Slac_ENSLPGG00000010195	1.520304058493942e-143	0.0012389856506993425	Aque_Aqu2.1.43688-001;Slac_ENSLPGG00000021584	4.4253445921185735e-29	1.5268177922787565e-06	Aque_Aqu2.1.37774-001;Slac_ENSLPGG00000005401	1.1664395148299226e-05	4.653768747135923e-110	Aque_Aqu2.1.24985-001;Slac_ENSLPGG00000008927	1.6706084117909457e-19	1.7271089191993203e-12				Aque_Aqu2.1.30395-001;Slac_ENSLPGG00000011626	5.308399926319828e-05	2.868640041180972e-124				Aque_Aqu2.1.28492-001;Slac_ENSLPGG00000011327	4.609852878565774e-24	0.0016877695055628826	Aque_Aqu2.1.34140-001;Slac_ENSLPGG00000006271	1.662739836406084e-09	6.725810871771657e-11	Aque_Aqu2.1.23414-001;Slac_ENSLPGG00000009214	1.6439830959473454e-05	3.240392509643519e-06	Aque_Aqu2.1.42631-001;Scil_g11974	0.00021754116331870318	4.0962729918117245e-50	Aque_Aqu2.1.35781-001;Slac_ENSLPGG00000016523	5.1906912218938814e-08	3.529984211449646e-10	Aque_Aqu2.1.18291-001;Scil_g903	3.545152212221585e-21	0.0008332685915331989	Aque_Aqu2.1.44676-001;Slac_ENSLPGG00000007525	0.0015947909906532027	1.9962902323811717e-72				Aque_Aqu2.1.35739-001;Scil_g496	1.2746924007240648e-08	0.00022420019603756796	Aque_Aqu2.1.37082-001;Scil_g10145	1.421056760183191e-45	2.2288680991354423e-38	Aque_Aqu2.1.23692-001;Scil_g3056	1.2841772084763492e-19	2.0628480496730304e-08	Aque_Aqu2.1.41049-001;Scil_g13539	0.007200126607303983	1.120479600624893e-06	Aque_Aqu2.1.39919-001;Slac_ENSLPGG00000027773	2.486254135103664e-07	2.3067353164999476e-32	Aque_Aqu2.1.34140-001;Slac_ENSLPGG00000007158	1.0121820050408576e-29	2.3171329481883538e-23	Aque_Aqu2.1.42065-001;Slac_ENSLPGG00000022563	5.305955151225863e-07	0.00032450925610476864	Aque_Aqu2.1.41482-001;Slac_ENSLPGG00000007158	2.257130122823816e-08	3.092012612494674e-08	Aque_Aqu2.1.33622-001;Slac_ENSLPGG00000022031	1.708447263117159e-16	0.0026640309671868865	Aque_Aqu2.1.28497-001;Slac_ENSLPGG00000009116	6.265744639493593e-06	2.486235618856327e-14	Aque_Aqu2.1.08677-001;Slac_ENSLPGG00000012055	7.208488648075431e-16	4.0874491108281004e-05	Aque_Aqu2.1.29076-001;Scil_g119	3.633124956792878e-18	1.1240744252913564e-101	Aque_Aqu2.1.37960-001;Scil_g151	6.928813814428876e-12	1.6461488177250409e-68	Aque_Aqu2.1.28223-001;Scil_g4240	0.0001247782164728605	7.94947822143419e-06				Aque_Aqu2.1.28941-001;Slac_ENSLPGG00000014432	0.008780498939991783	2.550107439407166e-13	Aque_Aqu2.1.14505-001;Slac_ENSLPGG00000014205	0.0012907827016655612	8.273456498889516e-13	Scil_g929;Slac_ENSLPGG00000015631	0.0006739606382448352	1.3544945094291961e-13	Scil_g3808;Slac_ENSLPGG00000002140	5.286844345780048e-33	2.465789419242768e-11	Scil_g11222;Slac_ENSLPGG00000006271	5.013830628113789e-07	6.725810871771657e-11	Scil_g6060;Slac_ENSLPGG00000014386	1.215893018835872e-11	1.7287512944415076e-07				Scil_g10960;Slac_ENSLPGG00000015112	7.697874836345238e-14	0.00549930044633956	Scil_g5780;Slac_ENSLPGG00000003645	1.401077682156374e-56	6.4337355297277255e-09	Scil_g2820;Slac_ENSLPGG00000012140	3.9657895423737085e-29	1.0581014950202239e-19	Scil_g2475;Slac_ENSLPGG00000015293	3.280825016652046e-05	0.0003798293968597521						
Aque_Aqu2.1.14128-001;Scil_g9014	2.4522134152092073e-15	0.0027978391910432904	Aque_Aqu2.1.26118-001;Scil_g645	1.1077058835232494e-24	6.048656650182224e-22	Aque_Aqu2.1.37751-001;Scil_g3052	1.960754617020323e-08	1.669626579614176e-13	Aque_Aqu2.1.42605-001;Slac_ENSLPGG00000011766	9.509180868415106e-59	4.981341181502007e-22	Aque_Aqu2.1.30833-001;Slac_ENSLPGG00000019944	0.001936844846956756	3.360298033119989e-05	Aque_Aqu2.1.26684-001;Slac_ENSLPGG00000017185	5.16651150424784e-114	6.725487470921888e-05	Aque_Aqu2.1.44138-001;Slac_ENSLPGG00000009965	2.4075529058832285e-84	2.0806625497661933e-14	Aque_Aqu2.1.25405-001;Slac_ENSLPGG00000020148	1.4898002779454198e-09	2.0067306240305814e-18				Aque_Aqu2.1.29951-001;Slac_ENSLPGG00000018181	7.041483357496104e-06	9.763934351042776e-46				Aque_Aqu2.1.39702-001;Slac_ENSLPGG00000029003	3.839636538726795e-05	3.9316935641236165e-15	Aque_Aqu2.1.37101-001;Slac_ENSLPGG00000010273	1.5336636022433145e-08	2.2568325936102162e-05	Aque_Aqu2.1.27228-001;Slac_ENSLPGG00000025642	8.73403633687885e-34	0.0024766795362627264	Aque_Aqu2.1.37605-001;Scil_g13161	1.4333401235778764e-06	4.0556421502422845e-05	Aque_Aqu2.1.40608-001;Slac_ENSLPGG00000005021	5.055162838780155e-06	2.836399140952614e-25	Aque_Aqu2.1.27411-001;Scil_g13637	1.0834257764909658e-15	3.320268255653308e-06	Aque_Aqu2.1.41583-001;Slac_ENSLPGG00000030274	1.075194399407091e-28	1.90995439367809e-08				Aque_Aqu2.1.41692-001;Scil_g11204	0.0001319903308633703	0.00020076639837232285	Aque_Aqu2.1.41482-001;Scil_g1098	2.257130122823816e-08	7.599970776583826e-09	Aque_Aqu2.1.25927-001;Scil_g947	3.006102746387663e-11	4.126847869522122e-16	Aque_Aqu2.1.34343-001;Scil_g119	1.192967813648859e-24	4.570121173935753e-06	Aque_Aqu2.1.14505-001;Slac_ENSLPGG00000007322	4.1608280773534837e-17	7.737038726130456e-15	Aque_Aqu2.1.41482-001;Slac_ENSLPGG00000001139	2.257130122823816e-08	1.7584177041274718e-41	Aque_Aqu2.1.33443-001;Slac_ENSLPGG00000007525	4.986367745258103e-05	1.0828951260361905e-08	Aque_Aqu2.1.36606-001;Slac_ENSLPGG00000002171	6.429704257152719e-05	3.0880155494544363e-12	Aque_Aqu2.1.43984-001;Slac_ENSLPGG00000002394	4.479650965828285e-09	1.0126793590032592e-22	Aque_Aqu2.1.44280-001;Slac_ENSLPGG00000021800	1.013546532817293e-30	1.377967179154152e-07	Aque_Aqu2.1.41663-001;Slac_ENSLPGG00000004269	6.925532323955444e-17	1.8350665280559102e-08	Aque_Aqu2.1.37816-001;Scil_g4517	0.00680584638096658	1.501104113340493e-13	Aque_Aqu2.1.31551-001;Scil_g12129	5.480233371944621e-11	5.962773796446919e-41	Aque_Aqu2.1.28510-001;Scil_g1202	4.1221548809449937e-10	1.0069806754726252e-45				Aque_Aqu2.1.34141-001;Slac_ENSLPGG00000005942	2.4543785006386496e-05	1.1627829427228654e-10	Aque_Aqu2.1.41583-001;Slac_ENSLPGG00000030274	3.1649988563463466e-09	3.625764699272144e-05	Scil_g10960;Slac_ENSLPGG00000000921	1.7814275668616436e-13	1.3554892344563593e-12	Scil_g1350;Slac_ENSLPGG00000007955	1.7852689279252667e-48	0.007386783815123632	Scil_g2024;Slac_ENSLPGG00000012981	3.8482179326324794e-44	8.513066735387627e-07	Scil_g6923;Slac_ENSLPGG00000021520	0.0007496312067256761	0.008152652185200318				Scil_g2151;Slac_ENSLPGG00000006993	3.6960027423275005e-11	6.969567404434934e-12	Scil_g2615;Slac_ENSLPGG00000027773	1.3588690071563008e-97	0.0006305903810572271	Scil_g5761;Slac_ENSLPGG00000012632	5.934859529223012e-10	0.0002645684609880674	Scil_g2756;Slac_ENSLPGG00000002171	0.0004767352567340763	2.040331509655993e-20						
Aque_Aqu2.1.23856-001;Scil_g6535	9.038754178536685e-06	4.344915428191659e-18	Aque_Aqu2.1.42622-001;Scil_g6134	3.3255266621818837e-110	6.434496800501183e-47	Aque_Aqu2.1.27224-001;Scil_g2125	6.85573730359377e-63	7.997798359196378e-19	Aque_Aqu2.1.44167-001;Slac_ENSLPGG00000002326	2.4503567949267662e-116	0.0009657979137766772	Aque_Aqu2.1.13985-001;Slac_ENSLPGG00000020432	0.007557710813279713	2.737864208253232e-31	Aque_Aqu2.1.14137-001;Slac_ENSLPGG00000018350	3.1178299804803794e-58	8.772695547919577e-06	Aque_Aqu2.1.27294-001;Slac_ENSLPGG00000021584	5.209276424915187e-19	6.413530410769873e-10	Aque_Aqu2.1.18089-001;Slac_ENSLPGG00000022242	1.2135080684694851e-18	0.00015899456075697585				Aque_Aqu2.1.09020-001;Slac_ENSLPGG00000018656	4.655481933408322e-37	6.418056167929435e-06				Aque_Aqu2.1.32548-001;Slac_ENSLPGG00000002171	0.0016118061765567644	4.811942582704965e-16	Aque_Aqu2.1.32548-001;Slac_ENSLPGG00000022031	0.0016118061765567644	1.6521542134525504e-05	Aque_Aqu2.1.24879-001;Slac_ENSLPGG00000015293	0.0005023866135471616	0.0003498442261518222	Aque_Aqu2.1.41092-001;Scil_g12131	5.064435843593467e-16	2.2731884289040125e-05	Aque_Aqu2.1.22320-001;Slac_ENSLPGG00000015631	3.949653086058765e-42	8.896789141331552e-11	Aque_Aqu2.1.28489-001;Scil_g4190	4.787491920802856e-09	1.976243892774613e-57	Aque_Aqu2.1.27228-001;Slac_ENSLPGG00000025642	3.237200369837252e-45	6.993743447563894e-34				Aque_Aqu2.1.29496-001;Scil_g13078	0.0005693519180481434	1.991643228201955e-20	Aque_Aqu2.1.38824-001;Scil_g10960	0.0021069493728025235	7.697874836345238e-14	Aque_Aqu2.1.21078-001;Scil_g119	5.590581436452151e-38	0.006956076367442361	Aque_Aqu2.1.21174-001;Scil_g2820	0.00021564884897657527	0.002621769989177146	Aque_Aqu2.1.43637-001;Slac_ENSLPGG00000029928	8.152574204947499e-32	1.133641503252008e-12	Aque_Aqu2.1.43674-001;Slac_ENSLPGG00000003645	4.20083387372124e-06	6.37289842198441e-13	Aque_Aqu2.1.41482-001;Slac_ENSLPGG00000007158	2.257130122823816e-08	5.42418213709586e-07	Aque_Aqu2.1.43986-001;Slac_ENSLPGG00000002394	8.331396457690566e-05	3.132385281564667e-40	Aque_Aqu2.1.29714-001;Slac_ENSLPGG00000007325	7.391576077219849e-08	3.101078705573942e-05	Aque_Aqu2.1.36574-001;Slac_ENSLPGG00000012140	0.0004940940652812278	1.0581014950202239e-19	Aque_Aqu2.1.41049-001;Slac_ENSLPGG00000015888	0.007200126607303983	0.0	Aque_Aqu2.1.40839-001;Scil_g13262	7.198710762014658e-21	8.449451729511004e-09	Aque_Aqu2.1.41012-001;Scil_g10508	0.0037296053160072056	2.434685400033953e-60	Aque_Aqu2.1.32713-001;Scil_g2679	0.0018930843638392614	3.938836107035566e-40				Aque_Aqu2.1.29892-001;Slac_ENSLPGG00000019707	2.0114185965128666e-06	8.348963770442609e-10	Aque_Aqu2.1.33443-001;Slac_ENSLPGG00000007730	9.126383142398043e-07	2.2613124646670964e-33	Scil_g13259;Slac_ENSLPGG00000021127	0.0019587669444009245	1.5465846751523873e-05	Scil_g11447;Slac_ENSLPGG00000011327	0.0011988833990713961	0.0016877695055628826	Scil_g10960;Slac_ENSLPGG00000010273	7.697874836345238e-14	2.2568325936102162e-05	Scil_g11222;Slac_ENSLPGG00000001139	5.013830628113789e-07	1.0794946248240394e-08				Scil_g5520;Slac_ENSLPGG00000013069	2.09591889875815e-25	0.0016809129201524017	Scil_g3338;Slac_ENSLPGG00000028645	3.8768835109847375e-12	0.001151647880758861	Scil_g1970;Slac_ENSLPGG00000027899	1.235607112604749e-33	0.0043016326248244965	Scil_g12785;Slac_ENSLPGG00000021186	2.3296876787399272e-06	1.5866616825505543e-23						
Aque_Aqu2.1.39232-001;Scil_g11100	0.0008790342511167446	3.531243398369102e-24	Aque_Aqu2.1.43581-001;Scil_g10708	5.4958467372897874e-33	5.488607685998669e-14	Aque_Aqu2.1.20710-001;Scil_g9339	2.4308098953169308e-09	8.946720754272822e-27	Aque_Aqu2.1.34374-001;Slac_ENSLPGG00000010554	1.4390603500282076e-48	1.34847309513742e-06	Aque_Aqu2.1.37974-001;Slac_ENSLPGG00000010195	2.4185485011480635e-14	0.0012389856506993425	Aque_Aqu2.1.38546-001;Slac_ENSLPGG00000004809	5.0069341824032954e-104	3.680454032726867e-52	Aque_Aqu2.1.23425-001;Slac_ENSLPGG00000024534	5.611075888207551e-26	8.111986096029365e-09	Aque_Aqu2.1.16620-001;Slac_ENSLPGG00000022242	5.117152723494208e-38	0.00015899456075697585				Aque_Aqu2.1.16620-001;Slac_ENSLPGG00000007363	5.117152723494208e-38	1.098458816519539e-06				Aque_Aqu2.1.23247-001;Slac_ENSLPGG00000013844	1.1200245995874174e-06	1.7058538510207692e-102	Aque_Aqu2.1.01979-001;Slac_ENSLPGG00000001139	0.007012591066954428	1.364164359996385e-34	Aque_Aqu2.1.38608-001;Slac_ENSLPGG00000025832	0.002152172874021064	8.851924786305355e-06	Aque_Aqu2.1.41459-001;Scil_g3388	1.5794802762380623e-08	4.153586111703442e-07	Aque_Aqu2.1.44197-001;Slac_ENSLPGG00000006271	2.2714847576806134e-31	2.6697465039007906e-06	Aque_Aqu2.1.29855-001;Scil_g9431	0.0007027325992768494	2.2604854558921415e-07	Aque_Aqu2.1.28492-001;Slac_ENSLPGG00000009453	1.2990573900827222e-105	1.7240464628282283e-09				Aque_Aqu2.1.26973-001;Scil_g9750	1.8757648248382616e-05	6.723224112689725e-10	Aque_Aqu2.1.28489-001;Scil_g11447	1.2639077541595553e-28	0.0011988833990713961	Aque_Aqu2.1.31551-001;Scil_g6923	0.0004550419940629617	4.832739396701769e-10	Aque_Aqu2.1.26973-001;Scil_g10960	1.8757648248382616e-05	0.0010311375398249923	Aque_Aqu2.1.44664-001;Slac_ENSLPGG00000019364	7.083421842137397e-10	8.57929539307134e-07	Aque_Aqu2.1.40044-001;Slac_ENSLPGG00000010574	2.8322222814374473e-28	1.771231631264135e-06	Aque_Aqu2.1.41482-001;Slac_ENSLPGG00000001139	2.257130122823816e-08	2.1318647841890573e-07	Aque_Aqu2.1.42203-001;Slac_ENSLPGG00000008996	0.00045457418849529025	1.8020173989883424e-05	Aque_Aqu2.1.41482-001;Slac_ENSLPGG00000007158	2.257130122823816e-08	4.969353227696443e-20	Aque_Aqu2.1.40738-001;Slac_ENSLPGG00000014205	6.218782870818954e-08	1.1536648230263885e-25	Aque_Aqu2.1.43536-001;Slac_ENSLPGG00000021503	3.1456270560029736e-13	2.2036020148650768e-13	Aque_Aqu2.1.36436-001;Scil_g1240	1.8803483918358576e-09	2.7256548768647008e-17	Aque_Aqu2.1.39774-001;Scil_g10844	0.0019888630209188496	0.0007879050466048178	Aque_Aqu2.1.39740-001;Scil_g2822	2.860462552437996e-15	1.2046246500420255e-06				Aque_Aqu2.1.39203-001;Slac_ENSLPGG00000027473	1.1233610661314817e-06	1.1142531374851538e-05	Aque_Aqu2.1.43434-001;Slac_ENSLPGG00000007104	0.00010038361831722102	9.015781520050588e-110	Scil_g11222;Slac_ENSLPGG00000001139	1.1918429997624423e-07	1.5864479285115916e-66	Scil_g10960;Slac_ENSLPGG00000010273	7.697874836345238e-14	1.4736923783815982e-11	Scil_g11222;Slac_ENSLPGG00000007158	5.013830628113789e-07	2.0838815629998246e-20	Scil_g7227;Slac_ENSLPGG00000008404	4.248578365539217e-06	0.0017414619888744768				Scil_g3632;Slac_ENSLPGG00000013990	3.488081111876346e-12	0.009553587015781736	Scil_g10145;Slac_ENSLPGG00000014205	2.2288680991354423e-38	4.187308454203387e-25	Scil_g13000;Slac_ENSLPGG00000029928	3.139328915068049e-23	4.687050897629952e-06	Scil_g1483;Slac_ENSLPGG00000006271	4.085735599763043e-06	3.1018371628481413e-06						
Aque_Aqu2.1.31586-001;Scil_g8948	6.035842798121547e-07	1.5267188273665134e-17	Aque_Aqu2.1.36779-001;Scil_g5032	6.984192939755703e-05	0.0006415212563920234	Aque_Aqu2.1.37095-001;Scil_g6036	1.7138617390298075e-107	1.4984837120563736e-05	Aque_Aqu2.1.37960-001;Slac_ENSLPGG00000013344	8.706435525501074e-27	5.693536841006229e-08	Aque_Aqu2.1.28078-001;Slac_ENSLPGG00000010195	6.696460884889418e-10	0.0012389856506993425	Aque_Aqu2.1.18353-001;Slac_ENSLPGG00000017904	2.4837792641188912e-56	7.430822732872599e-09	Aque_Aqu2.1.35059-001;Slac_ENSLPGG00000029417	1.5620453396581136e-08	4.0161681551166025e-24	Aque_Aqu2.1.35105-001;Slac_ENSLPGG00000024580	7.400531252232115e-28	0.00018847890202981988				Aque_Aqu2.1.06465-001;Slac_ENSLPGG00000010731	4.271173516306627e-06	7.790154268791738e-82				Aque_Aqu2.1.44218-001;Slac_ENSLPGG00000015655	1.5630724984533242e-08	1.5732646119188781e-15	Aque_Aqu2.1.33526-001;Slac_ENSLPGG00000027951	2.6530378615446102e-11	1.8275038755462968e-07	Aque_Aqu2.1.01979-001;Slac_ENSLPGG00000019065	0.007012591066954428	0.004592237966067324	Aque_Aqu2.1.42050-001;Scil_g9431	1.537475133511411e-11	2.2604854558921415e-07	Aque_Aqu2.1.44004-001;Slac_ENSLPGG00000003738	9.78673605233399e-10	1.0526376784842143e-09	Aque_Aqu2.1.41895-001;Scil_g903	2.3005830125315022e-23	0.0008332685915331989	Aque_Aqu2.1.16006-001;Slac_ENSLPGG00000013274	3.954070820268625e-14	1.0720818351695422e-11				Aque_Aqu2.1.21174-001;Scil_g10140	0.00021564884897657527	7.029809022088953e-33	Aque_Aqu2.1.35781-001;Scil_g721	0.0016572738315866653	7.585164231627284e-06	Aque_Aqu2.1.43674-001;Scil_g6923	4.20083387372124e-06	4.832739396701769e-10	Aque_Aqu2.1.38824-001;Scil_g10960	0.0021069493728025235	0.0010311375398249923	Aque_Aqu2.1.33622-001;Slac_ENSLPGG00000002171	1.708447263117159e-16	7.388655311919578e-20	Aque_Aqu2.1.43674-001;Slac_ENSLPGG00000007158	4.20083387372124e-06	2.3171329481883538e-23	Aque_Aqu2.1.37486-001;Slac_ENSLPGG00000021186	5.791765336917085e-10	1.0932599746270406e-05	Aque_Aqu2.1.41012-001;Slac_ENSLPGG00000018391	0.00027018571509218245	8.557416813620929e-05	Aque_Aqu2.1.29979-001;Slac_ENSLPGG00000004765	0.005096289705461217	1.4165629020378732e-15	Aque_Aqu2.1.31385-001;Slac_ENSLPGG00000021402	0.0004221664291573433	2.2504082942667657e-43	Aque_Aqu2.1.38146-001;Slac_ENSLPGG00000018774	6.387586082111135e-11	2.4166258980482844e-09	Aque_Aqu2.1.36606-001;Scil_g11079	0.00011808161515158586	3.557156986832833e-11	Aque_Aqu2.1.43637-001;Scil_g13024	4.913286201607988e-09	3.6879272146840085e-16	Aque_Aqu2.1.36606-001;Scil_g11079	0.00011808161515158586	5.333606875609963e-07				Aque_Aqu2.1.43289-001;Slac_ENSLPGG00000001774	0.00030734414796325745	3.6528869866102756e-06	Aque_Aqu2.1.29723-001;Slac_ENSLPGG00000004327	0.0005473907735919964	7.043279595788877e-11	Scil_g1047;Slac_ENSLPGG00000015631	0.0001008054776948121	1.3544945094291961e-13	Scil_g5780;Slac_ENSLPGG00000019065	1.401077682156374e-56	3.1496785989591547e-07	Scil_g3808;Slac_ENSLPGG00000002140	5.286844345780048e-33	5.5918815821433435e-06	Scil_g13146;Slac_ENSLPGG00000003239	0.0026129660409463912	0.00011648380655189963				Scil_g11222;Slac_ENSLPGG00000001139	5.013830628113789e-07	4.345251405310324e-05	Scil_g6487;Slac_ENSLPGG00000023112	2.6902999857811382e-25	6.821266047565433e-14	Scil_g8991;Slac_ENSLPGG00000018774	8.077586658047253e-05	0.0059141423288884215	Scil_g428;Slac_ENSLPGG00000008220	5.021405377734626e-36	0.0008756707499995294						
Aque_Aqu2.1.39201-001;Scil_g5203	7.815203465075636e-11	1.945675528044307e-60	Aque_Aqu2.1.43558-001;Scil_g4517	3.1472571512040617e-06	1.596873247019166e-10	Aque_Aqu2.1.21251-001;Scil_g5235	4.624562609038775e-08	5.403392112469341e-07	Aque_Aqu2.1.44059-001;Slac_ENSLPGG00000001288	3.328730512336417e-05	4.0556484159166975e-43	Aque_Aqu2.1.37748-001;Slac_ENSLPGG00000010195	0.006868279958800548	0.0012389856506993425	Aque_Aqu2.1.14128-001;Slac_ENSLPGG00000018181	2.4522134152092073e-15	3.630673637054969e-70	Aque_Aqu2.1.21173-001;Slac_ENSLPGG00000000841	4.82220644331157e-60	1.9684137217738545e-10	Aque_Aqu2.1.27013-001;Slac_ENSLPGG00000000546	1.2300835590623487e-13	2.33315469533924e-06				Aque_Aqu2.1.35105-001;Slac_ENSLPGG00000024580	7.400531252232115e-28	0.00027320268087215765				Aque_Aqu2.1.17816-001;Slac_ENSLPGG00000021520	0.009367143325851741	2.3251872846171974e-12	Aque_Aqu2.1.29897-001;Slac_ENSLPGG00000020706	1.4875472874532206e-11	0.000720612718783671	Aque_Aqu2.1.17816-001;Slac_ENSLPGG00000001139	0.009367143325851741	1.0794946248240394e-08	Aque_Aqu2.1.42700-001;Scil_g9431	1.3533484421805182e-09	2.2604854558921415e-07	Aque_Aqu2.1.38204-001;Slac_ENSLPGG00000007180	8.560199380625627e-10	0.00514118893440922	Aque_Aqu2.1.38683-001;Scil_g11288	1.3366061311162073e-26	0.009583844081944655	Aque_Aqu2.1.30070-001;Slac_ENSLPGG00000017733	1.1819769024332244e-85	0.002669192513835785				Aque_Aqu2.1.33604-001;Scil_g11513	0.00018672684408454628	9.195351466282755e-05	Aque_Aqu2.1.24987-001;Scil_g13146	1.0504102619364857e-17	0.0026129660409463912	Aque_Aqu2.1.23692-001;Scil_g9674	1.2841772084763492e-19	0.0007343807069236559	Aque_Aqu2.1.37426-001;Scil_g307	0.006785239769564729	3.786864955608991e-13	Aque_Aqu2.1.28223-001;Slac_ENSLPGG00000007525	1.3844036382592803e-13	1.2026125316824048e-14	Aque_Aqu2.1.39671-001;Slac_ENSLPGG00000012011	5.6277730716785066e-24	8.935930159934392e-07	Aque_Aqu2.1.43267-001;Slac_ENSLPGG00000023417	3.1038449995845004e-09	4.5229189213678597e-05	Aque_Aqu2.1.15179-001;Slac_ENSLPGG00000007134	5.338752079734542e-06	3.4992528947692848e-06	Aque_Aqu2.1.20046-001;Slac_ENSLPGG00000009456	0.00911986550103098	2.1689645622533997e-11	Aque_Aqu2.1.28489-001;Slac_ENSLPGG00000009453	1.2639077541595553e-28	1.297346950394959e-07	Aque_Aqu2.1.28497-001;Slac_ENSLPGG00000009453	6.265744639493593e-06	2.999904205182712e-54	Aque_Aqu2.1.37747-001;Scil_g4955	1.7392583256086783e-13	3.09647286557078e-36	Aque_Aqu2.1.31551-001;Scil_g5780	5.480233371944621e-11	2.9711931366042666e-50	Aque_Aqu2.1.34863-001;Scil_g2820	3.260819368721017e-23	7.937987451962361e-22				Aque_Aqu2.1.31353-001;Slac_ENSLPGG00000008965	0.00010803493139412435	8.041779839829194e-05	Aque_Aqu2.1.36284-001;Slac_ENSLPGG00000025799	0.0008833769211785781	8.167566057359909e-13	Scil_g12646;Slac_ENSLPGG00000025642	6.384751892350455e-73	2.6525579321603863e-13	Scil_g2024;Slac_ENSLPGG00000012981	3.8482179326324794e-44	3.131393800435421e-11	Scil_g12781;Slac_ENSLPGG00000012981	3.220845832701209e-54	8.513066735387627e-07	Scil_g8186;Slac_ENSLPGG00000020178	2.027576154248112e-06	0.00025191457973345715				Scil_g4131;Slac_ENSLPGG00000018774	0.00196209406172658	0.0059141423288884215	Scil_g1483;Slac_ENSLPGG00000006271	2.479568833724734e-22	9.73403041830119e-05	Scil_g3071;Slac_ENSLPGG00000021503	4.367919721621442e-13	1.416254818464003e-05	Scil_g1098;Slac_ENSLPGG00000007158	0.00827391027704454	2.3171329481883538e-23						
Aque_Aqu2.1.27224-001;Scil_g1970	6.85573730359377e-63	1.235607112604749e-33	Aque_Aqu2.1.24985-001;Scil_g9168	2.648227574502731e-19	1.8760552862916176e-67	Aque_Aqu2.1.29497-001;Scil_g13078	1.613969228591092e-36	1.6630355162408285e-08	Aque_Aqu2.1.35230-001;Slac_ENSLPGG00000012424	3.97530928919099e-36	3.282999557512256e-11				Aque_Aqu2.1.44059-001;Slac_ENSLPGG00000001288	3.328730512336417e-05	2.96892106482705e-44	Aque_Aqu2.1.43688-001;Slac_ENSLPGG00000021584	2.2064988080306972e-14	6.413530410769873e-10	Aque_Aqu2.1.35059-001;Slac_ENSLPGG00000029352	1.5620453396581136e-08	3.972754022399636e-19				Aque_Aqu2.1.41587-001;Slac_ENSLPGG00000027899	4.966307022303314e-14	2.6828634273185702e-05				Aque_Aqu2.1.25867-001;Slac_ENSLPGG00000000921	2.1213248264626324e-06	4.959771898176181e-14	Aque_Aqu2.1.21205-001;Slac_ENSLPGG00000013772	0.002107528433600299	1.8322970383617765e-06	Aque_Aqu2.1.23247-001;Slac_ENSLPGG00000014386	1.1200245995874174e-06	1.7287512944415076e-07	Aque_Aqu2.1.28493-001;Scil_g5104	8.33193295587791e-14	1.0482033334351304e-18	Aque_Aqu2.1.28492-001;Slac_ENSLPGG00000009453	1.0134123622564161e-101	1.7240464628282283e-09	Aque_Aqu2.1.30110-001;Scil_g12131	0.0009398165192983804	2.2731884289040125e-05	Aque_Aqu2.1.39703-001;Slac_ENSLPGG00000008996	6.740072048541467e-12	6.84524996954501e-21				Aque_Aqu2.1.28214-001;Scil_g2550	8.244866599655472e-18	0.00018597690863606623	Aque_Aqu2.1.37407-001;Scil_g13820	5.959310045388851e-09	2.3448594471839515e-08	Aque_Aqu2.1.40044-001;Scil_g552	2.8322222814374473e-28	1.829316733864634e-14	Aque_Aqu2.1.17816-001;Scil_g6923	0.004846158259488255	1.9865115391663293e-07	Aque_Aqu2.1.31551-001;Slac_ENSLPGG00000007158	0.0004550419940629617	3.4393842705479424e-25	Aque_Aqu2.1.29497-001;Slac_ENSLPGG00000014782	6.077919633614359e-57	4.809124165610324e-15	Aque_Aqu2.1.20046-001;Slac_ENSLPGG00000010168	0.00911986550103098	4.8434963372154885e-08	Aque_Aqu2.1.35230-001;Slac_ENSLPGG00000012424	7.365437517835406e-11	2.6856220632054475e-09	Aque_Aqu2.1.41012-001;Slac_ENSLPGG00000018391	0.00027018571509218245	4.275284328708301e-12	Aque_Aqu2.1.41190-001;Slac_ENSLPGG00000014697	3.070020325785256e-26	0.00031433912419985853	Aque_Aqu2.1.44243-001;Slac_ENSLPGG00000021186	2.5819489532558422e-23	3.5927119594215055e-24	Aque_Aqu2.1.44221-001;Scil_g10508	1.0164839656097992e-72	3.569604556802591e-21	Aque_Aqu2.1.43276-001;Scil_g11587	1.2417305666889384e-72	0.001308213787946087	Aque_Aqu2.1.29076-001;Scil_g119	3.633124956792878e-18	4.12906544749031e-51				Aque_Aqu2.1.24985-001;Slac_ENSLPGG00000016003	7.12347800492466e-10	0.00011556355925067361	Aque_Aqu2.1.42693-001;Slac_ENSLPGG00000012471	5.036351134363364e-08	5.353435489594685e-12	Scil_g5864;Slac_ENSLPGG00000019900	0.0003760413837692521	0.008330418155149743	Scil_g3338;Slac_ENSLPGG00000028645	3.8768835109847375e-12	0.0062503156199557545	Scil_g5970;Slac_ENSLPGG00000019726	0.00876853202494436	3.1296260265785744e-53	Scil_g6923;Slac_ENSLPGG00000001139	0.0007496312067256761	1.0794946248240394e-08				Scil_g8186;Slac_ENSLPGG00000018774	2.027576154248112e-06	0.0059141423288884215	Scil_g5970;Slac_ENSLPGG00000019726	0.00876853202494436	9.233327271920263e-98	Scil_g6036;Slac_ENSLPGG00000003655	9.543654246405655e-43	0.004640837998494923	Scil_g2024;Slac_ENSLPGG00000004970	4.646532910031047e-06	2.6538517025404042e-08						
Aque_Aqu2.1.36215-001;Scil_g6570	8.25105355217579e-08	0.001153697702314715	Aque_Aqu2.1.29076-001;Scil_g119	1.6735204441251737e-27	4.12906544749031e-51	Aque_Aqu2.1.14137-001;Scil_g9458	3.1178299804803794e-58	0.0010013805112998515	Aque_Aqu2.1.31194-001;Slac_ENSLPGG00000008926	9.479286352586293e-109	2.305627224004209e-06				Aque_Aqu2.1.38196-001;Slac_ENSLPGG00000005591	2.7056507229478046e-24	2.9986472072232125e-06	Aque_Aqu2.1.37774-001;Slac_ENSLPGG00000008927	1.1664395148299226e-05	4.196537548175195e-39	Aque_Aqu2.1.36579-001;Slac_ENSLPGG00000005401	2.7181831547122596e-07	8.223884250027323e-36				Aque_Aqu2.1.35059-001;Slac_ENSLPGG00000029352	1.5620453396581136e-08	6.756708823026128e-14				Aque_Aqu2.1.36606-001;Slac_ENSLPGG00000002171	5.622930540080185e-07	4.811942582704965e-16	Aque_Aqu2.1.34140-001;Slac_ENSLPGG00000001139	1.662739836406084e-09	1.364164359996385e-34	Aque_Aqu2.1.36606-001;Slac_ENSLPGG00000022031	5.622930540080185e-07	0.0026640309671868865	Aque_Aqu2.1.04817-001;Scil_g1572	0.0008862807273552347	7.823311406353975e-54	Aque_Aqu2.1.36076-001;Slac_ENSLPGG00000002171	0.005164206410856717	2.3617155152259307e-60	Aque_Aqu2.1.33094-001;Scil_g12860	1.802143845576721e-08	1.8745035828697364e-05	Aque_Aqu2.1.42050-001;Slac_ENSLPGG00000000696	1.3711598473476238e-18	5.830310343059631e-06				Aque_Aqu2.1.28214-001;Scil_g929	8.244866599655472e-18	0.0006739606382448352	Aque_Aqu2.1.21174-001;Scil_g13127	0.00021564884897657527	1.1909346607224929e-09	Aque_Aqu2.1.29899-001;Scil_g7928	0.0007872687199082818	0.0024751816319803113	Aque_Aqu2.1.39919-001;Scil_g2615	2.486254135103664e-07	2.9924508356288753e-07	Aque_Aqu2.1.34140-001;Slac_ENSLPGG00000007158	1.0121820050408576e-29	3.4393842705479424e-25	Aque_Aqu2.1.43954-001;Slac_ENSLPGG00000029175	0.0001823425905369846	5.940489462650018e-09	Aque_Aqu2.1.15179-001;Slac_ENSLPGG00000007134	5.338752079734542e-06	0.0003632383992105996	Aque_Aqu2.1.42203-001;Slac_ENSLPGG00000021186	0.00045457418849529025	2.411558428950339e-13	Aque_Aqu2.1.29098-001;Slac_ENSLPGG00000015099	0.0022163606697167436	5.637710037603953e-09	Aque_Aqu2.1.36436-001;Slac_ENSLPGG00000015940	9.530971709328e-21	0.008357724621929906	Aque_Aqu2.1.44280-001;Slac_ENSLPGG00000021800	1.013546532817293e-30	6.536431133373341e-20	Aque_Aqu2.1.25578-001;Scil_g4517	0.005312301831445139	1.501104113340493e-13	Aque_Aqu2.1.28223-001;Scil_g8192	0.0001247782164728605	6.87570092868224e-33	Aque_Aqu2.1.36436-001;Scil_g1240	1.8803483918358576e-09	2.117671238415337e-08				Aque_Aqu2.1.41015-001;Slac_ENSLPGG00000002336	0.009779608172527637	0.0016442130005784117	Aque_Aqu2.1.36775-001;Slac_ENSLPGG00000007002	0.009357964652518258	6.732830050166479e-09	Scil_g10363;Slac_ENSLPGG00000019859	1.7683703946708102e-19	0.0011397536544584786	Scil_g5970;Slac_ENSLPGG00000019726	0.00876853202494436	1.6706628061377998e-112	Scil_g11283;Slac_ENSLPGG00000025842	0.0001944654720352231	3.740481260343118e-05	Scil_g402;Slac_ENSLPGG00000022031	0.0003005960655922788	0.0026640309671868865				Scil_g6923;Slac_ENSLPGG00000007158	0.0007496312067256761	1.3921670430557845e-07	Scil_g1483;Slac_ENSLPGG00000019065	2.479568833724734e-22	4.280743164546749e-06	Scil_g5780;Slac_ENSLPGG00000019065	2.9711931366042666e-50	0.006927108559854214	Scil_g1514;Slac_ENSLPGG00000006923	5.502436503021031e-16	0.0014798030848324195						
Aque_Aqu2.1.36774-001;Scil_g8909	2.2229382265985464e-06	2.4373349105944397e-36	Aque_Aqu2.1.32503-001;Scil_g8568	2.0081355121222554e-34	0.0055161113116417694	Aque_Aqu2.1.39927-001;Scil_g2125	2.100681945699731e-42	7.997798359196378e-19	Aque_Aqu2.1.30395-001;Slac_ENSLPGG00000011626	6.234964103978512e-06	4.963128665858961e-135				Aque_Aqu2.1.37762-001;Slac_ENSLPGG00000010260	1.6015037883301053e-113	4.902776946435151e-31	Aque_Aqu2.1.28194-001;Slac_ENSLPGG00000013036	5.413732422862782e-38	0.0007886851128307712	Aque_Aqu2.1.31038-001;Slac_ENSLPGG00000018181	4.65464586755458e-09	7.496422331427468e-29				Aque_Aqu2.1.32963-001;Slac_ENSLPGG00000006527	2.9162340212875285e-55	9.499673204054942e-05				Aque_Aqu2.1.41482-001;Slac_ENSLPGG00000001139	2.2364060071655327e-10	1.4494333720685917e-24	Aque_Aqu2.1.33622-001;Slac_ENSLPGG00000022031	3.31852085524485e-07	1.6521542134525504e-05	Aque_Aqu2.1.30867-001;Slac_ENSLPGG00000019065	8.811394793769746e-08	0.004592237966067324	Aque_Aqu2.1.35211-001;Scil_g5520	3.46092426890341e-23	3.2822396728584823e-09	Aque_Aqu2.1.38752-001;Slac_ENSLPGG00000013069	8.898107358929214e-33	1.8352583169197938e-25	Aque_Aqu2.1.33439-001;Scil_g2050	4.091938698536249e-12	0.00028651022064054156	Aque_Aqu2.1.35513-001;Slac_ENSLPGG00000014120	1.9223474439878673e-49	0.000944903500654391				Aque_Aqu2.1.43637-001;Scil_g13026	8.152574204947499e-32	1.0858709037481048e-15	Aque_Aqu2.1.35253-001;Scil_g10960	3.5542328552532075e-13	7.697874836345238e-14	Aque_Aqu2.1.40376-001;Scil_g6432	5.626029519789693e-17	5.779599212333483e-13	Aque_Aqu2.1.28489-001;Scil_g4190	1.2639077541595553e-28	0.0018585591398102622	Aque_Aqu2.1.31064-001;Slac_ENSLPGG00000021800	0.00019272678791150202	1.243255156074208e-25	Aque_Aqu2.1.32890-001;Slac_ENSLPGG00000007568	8.175377015812928e-08	7.355611122930514e-05	Aque_Aqu2.1.36606-001;Slac_ENSLPGG00000002171	6.429704257152719e-05	1.992864717506652e-06	Aque_Aqu2.1.34140-001;Slac_ENSLPGG00000019065	1.0121820050408576e-29	0.008445174686407597	Aque_Aqu2.1.44139-001;Slac_ENSLPGG00000009453	0.0013345187120564206	7.139115142722667e-47	Aque_Aqu2.1.34140-001;Slac_ENSLPGG00000007158	1.0121820050408576e-29	1.3921670430557845e-07	Aque_Aqu2.1.24884-001;Slac_ENSLPGG00000016023	2.088362072783549e-50	3.9859421032837844e-120	Aque_Aqu2.1.34344-001;Scil_g119	2.149882173753952e-14	1.1240744252913564e-101	Aque_Aqu2.1.27224-001;Scil_g1970	0.00698422672407088	1.235607112604749e-33	Aque_Aqu2.1.34182-001;Scil_g1212	0.00034402088415198156	4.4584155252482785e-10				Aque_Aqu2.1.35074-001;Slac_ENSLPGG00000008965	0.002716392470343695	8.041779839829194e-05	Aque_Aqu2.1.30847-001;Slac_ENSLPGG00000006723	0.003442357639839693	1.0097123505710865e-270	Scil_g2624;Slac_ENSLPGG00000026946	4.1002142457421344e-13	1.0178599160302201e-15	Scil_g1098;Slac_ENSLPGG00000019065	7.599970776583826e-09	3.1496785989591547e-07	Scil_g5520;Slac_ENSLPGG00000014037	2.09591889875815e-25	1.8687999982522213e-07	Scil_g10843;Slac_ENSLPGG00000008220	2.191339130993605e-06	1.5390604154245675e-65				Scil_g13820;Slac_ENSLPGG00000018774	2.3448594471839515e-08	0.0059141423288884215	Scil_g1483;Slac_ENSLPGG00000021520	2.479568833724734e-22	0.001418103085264237	Scil_g2125;Slac_ENSLPGG00000027899	3.513457657467906e-18	0.0043016326248244965	Scil_g2624;Slac_ENSLPGG00000026946	1.365660569752361e-10	0.0030641082345340387						
Aque_Aqu2.1.37079-001;Scil_g9493	6.987535709667499e-114	2.1153771775813224e-57	Aque_Aqu2.1.41302-001;Scil_g863	3.049277438668542e-10	4.187396020041577e-10	Aque_Aqu2.1.41587-001;Scil_g1970	6.284211007424334e-22	2.606407538094883e-24	Aque_Aqu2.1.36553-001;Slac_ENSLPGG00000010866	7.519750924837044e-19	1.3129341271785984e-08				Aque_Aqu2.1.37774-001;Slac_ENSLPGG00000005401	7.700554024937936e-21	2.3421129342282908e-26	Aque_Aqu2.1.28570-001;Slac_ENSLPGG00000011888	1.3478437671175875e-40	0.0011272603275624801	Aque_Aqu2.1.28239-001;Slac_ENSLPGG00000022242	9.032128780279223e-16	0.00015899456075697585				Aque_Aqu2.1.02261-001;Slac_ENSLPGG00000012896	3.435802767568334e-24	4.143791237094756e-06				Aque_Aqu2.1.32548-001;Slac_ENSLPGG00000016891	0.0016118061765567644	2.9258653159556866e-05	Aque_Aqu2.1.21208-001;Slac_ENSLPGG00000013772	0.009823782723145305	1.8322970383617765e-06	Aque_Aqu2.1.40997-001;Slac_ENSLPGG00000019726	3.056879980995244e-05	1.5518774950969737e-86	Aque_Aqu2.1.38596-001;Scil_g12944	6.485696048108517e-11	6.635156098512339e-07	Aque_Aqu2.1.22481-001;Slac_ENSLPGG00000025722	5.531836913633126e-06	1.3456439192448823e-08	Aque_Aqu2.1.39254-001;Scil_g6643	2.9509973252685446e-05	2.2696328158478815e-18	Aque_Aqu2.1.27287-001;Slac_ENSLPGG00000013677	3.770990768672222e-45	1.1102809994691477e-05				Aque_Aqu2.1.38146-001;Scil_g13279	6.387586082111135e-11	5.893391080687706e-69	Aque_Aqu2.1.40905-001;Scil_g13078	2.293128987599471e-12	7.912716267496188e-05	Aque_Aqu2.1.42762-001;Scil_g4725	1.0081478109652569e-17	0.000998381218287609	Aque_Aqu2.1.29077-001;Scil_g119	1.3133214504172145e-07	4.570121173935753e-06	Aque_Aqu2.1.28223-001;Slac_ENSLPGG00000011839	1.3844036382592803e-13	1.90611515788076e-10	Aque_Aqu2.1.30867-001;Slac_ENSLPGG00000007158	1.3309245062395783e-20	2.3171329481883538e-23	Aque_Aqu2.1.42203-001;Slac_ENSLPGG00000021186	0.00045457418849529025	1.0932599746270406e-05	Aque_Aqu2.1.28497-001;Slac_ENSLPGG00000009116	6.265744639493593e-06	5.930858528443236e-08	Aque_Aqu2.1.23239-001;Slac_ENSLPGG00000005134	7.943361772072874e-20	0.00045024964895751284	Aque_Aqu2.1.43984-001;Slac_ENSLPGG00000002394	4.479650965828285e-09	1.8622701653685263e-59	Aque_Aqu2.1.35781-001;Slac_ENSLPGG00000016523	0.0016572738315866653	4.931625755713096e-10	Aque_Aqu2.1.29989-001;Scil_g3256	4.487891029800469e-06	1.485678566570381e-151	Aque_Aqu2.1.44325-001;Scil_g533	0.008603398748427676	9.037037619188098e-26	Aque_Aqu2.1.43636-001;Scil_g2645	0.0008403213309444536	5.168587365929685e-49				Aque_Aqu2.1.31371-001;Slac_ENSLPGG00000019336	0.0006888611292888019	1.7175341942907336e-05	Aque_Aqu2.1.42203-001;Slac_ENSLPGG00000024989	3.7598373078532615e-09	0.00241040070878632	Scil_g3056;Slac_ENSLPGG00000026194	1.3731224023390558e-07	1.969891307800923e-05	Scil_g6923;Slac_ENSLPGG00000021520	0.0007496312067256761	2.3251872846171974e-12	Scil_g10145;Slac_ENSLPGG00000014205	2.2288680991354423e-38	6.288064179825763e-09	Scil_g12865;Slac_ENSLPGG00000023608	2.2900413416104303e-07	8.011503852224982e-06				Scil_g13146;Slac_ENSLPGG00000003239	0.0026129660409463912	3.124456223400405e-05	Scil_g4131;Slac_ENSLPGG00000018774	0.00196209406172658	2.4166258980482844e-09	Scil_g11222;Slac_ENSLPGG00000019065	9.325436313824295e-14	0.006927108559854214	Scil_g552;Slac_ENSLPGG00000010574	1.829316733864634e-14	1.771231631264135e-06						
Aque_Aqu2.1.24541-001;Scil_g13687	2.344168441479099e-143	1.466694169169309e-25	Aque_Aqu2.1.44246-001;Scil_g2125	7.348281244918552e-80	7.46393838870838e-12	Aque_Aqu2.1.07543-001;Scil_g9417	5.249550863120593e-114	4.492642192877908e-25	Aque_Aqu2.1.18283-001;Slac_ENSLPGG00000018844	8.281858889981098e-97	0.0011538952408238835				Aque_Aqu2.1.28091-001;Slac_ENSLPGG00000011974	2.7724493515918748e-102	2.357272853270015e-39	Aque_Aqu2.1.33543-001;Slac_ENSLPGG00000010511	3.338337069377686e-35	7.312143658902869e-25	Aque_Aqu2.1.29951-001;Slac_ENSLPGG00000018181	7.041483357496104e-06	7.496422331427468e-29				Aque_Aqu2.1.41308-001;Slac_ENSLPGG00000009291	5.753577417829735e-30	3.3417076136284614e-07				Aque_Aqu2.1.23818-001;Slac_ENSLPGG00000019389	5.427934060660114e-24	0.0005953596811574761	Aque_Aqu2.1.36565-001;Slac_ENSLPGG00000011109	5.467757675960367e-08	0.0013413830707573735	Aque_Aqu2.1.38608-001;Slac_ENSLPGG00000010736	0.002152172874021064	1.2664158827925261e-08	Aque_Aqu2.1.43823-001;Scil_g10711	8.43656540528806e-40	9.234371273624221e-05	Aque_Aqu2.1.35503-001;Slac_ENSLPGG00000030274	2.462783846913317e-07	1.90995439367809e-08	Aque_Aqu2.1.44081-001;Scil_g10067	8.738402551487298e-08	3.6825449616023355e-06	Aque_Aqu2.1.41583-001;Slac_ENSLPGG00000001761	1.075194399407091e-28	5.837025646251024e-10				Aque_Aqu2.1.38340-001;Scil_g2300	4.334360722699224e-05	0.0019275205007733217	Aque_Aqu2.1.33635-001;Scil_g10960	0.00010669886911690847	7.697874836345238e-14	Aque_Aqu2.1.33622-001;Scil_g6358	1.708447263117159e-16	4.495018191693717e-06	Aque_Aqu2.1.28497-001;Scil_g4190	6.265744639493593e-06	0.0018585591398102622	Aque_Aqu2.1.41030-001;Slac_ENSLPGG00000009795	1.2780145784191498e-09	1.5843728573401974e-21	Aque_Aqu2.1.24981-001;Slac_ENSLPGG00000009456	2.7217252995401606e-14	2.941187808203476e-10	Aque_Aqu2.1.22984-001;Slac_ENSLPGG00000003607	0.0011070273067554314	0.009810651529200387	Aque_Aqu2.1.30867-001;Slac_ENSLPGG00000019065	1.3309245062395783e-20	0.008445174686407597	Aque_Aqu2.1.39672-001;Slac_ENSLPGG00000022031	1.7219934783810546e-24	0.0026640309671868865	Aque_Aqu2.1.40738-001;Slac_ENSLPGG00000007322	6.218782870818954e-08	1.5533319931254813e-22	Aque_Aqu2.1.41190-001;Slac_ENSLPGG00000009380	3.070020325785256e-26	1.0137715312229105e-09	Aque_Aqu2.1.36779-001;Scil_g5032	2.346264008992688e-12	0.0004661659044028447	Aque_Aqu2.1.31551-001;Scil_g11222	5.480233371944621e-11	9.325436313824295e-14	Aque_Aqu2.1.34344-001;Scil_g119	2.149882173753952e-14	4.12906544749031e-51				Aque_Aqu2.1.42569-001;Slac_ENSLPGG00000002953	0.0008140377326361705	2.4043483635480376e-10	Aque_Aqu2.1.24504-001;Slac_ENSLPGG00000019760	0.0006336401978422196	2.3458916270053718e-05	Scil_g8183;Slac_ENSLPGG00000002171	7.136238196514838e-05	7.388655311919578e-20	Scil_g12781;Slac_ENSLPGG00000012981	3.220845832701209e-54	3.131393800435421e-11	Scil_g6923;Slac_ENSLPGG00000001139	0.0007496312067256761	1.364164359996385e-34	Scil_g7733;Slac_ENSLPGG00000010487	0.0009631828771727265	0.006749121530055757				Scil_g947;Slac_ENSLPGG00000006175	3.447544207280475e-07	0.0009487128182759552	Scil_g1098;Slac_ENSLPGG00000006271	7.599970776583826e-09	9.73403041830119e-05	Scil_g7276;Slac_ENSLPGG00000012981	6.0911677932161244e-06	0.00011499550597623149	Scil_g8192;Slac_ENSLPGG00000011839	1.4505713363105934e-09	6.039500918035304e-05						
Aque_Aqu2.1.29989-001;Scil_g3256	4.122966021694138e-114	4.0851084805518284e-72	Aque_Aqu2.1.43522-001;Scil_g11081	3.210211400271905e-05	1.6229342971891776e-16	Aque_Aqu2.1.43276-001;Scil_g11587	1.0182416073641277e-129	2.972720390467545e-07	Aque_Aqu2.1.37974-001;Slac_ENSLPGG00000010195	2.4185485011480635e-14	1.0486439829286918e-69				Aque_Aqu2.1.06465-001;Slac_ENSLPGG00000010731	1.1423349568697603e-06	2.5307846142510007e-156	Aque_Aqu2.1.27010-001;Slac_ENSLPGG00000000546	4.41651802264221e-27	8.768903459307528e-05	Aque_Aqu2.1.33543-001;Slac_ENSLPGG00000028631	3.338337069377686e-35	1.8847266829431563e-66				Aque_Aqu2.1.27013-001;Slac_ENSLPGG00000000546	1.2300835590623487e-13	8.592975247752537e-05				Aque_Aqu2.1.42777-001;Slac_ENSLPGG00000002863	0.0035615299341942995	0.0006982260484209229	Aque_Aqu2.1.38750-001;Slac_ENSLPGG00000014037	2.625604464614801e-12	1.8687999982522213e-07	Aque_Aqu2.1.34140-001;Slac_ENSLPGG00000021520	1.662739836406084e-09	0.008152652185200318	Aque_Aqu2.1.42015-001;Scil_g1576	5.917872503133353e-05	1.7880041594527604e-28	Aque_Aqu2.1.34138-001;Slac_ENSLPGG00000001139	1.2656438086926812e-05	8.419665194249147e-35	Aque_Aqu2.1.33526-001;Scil_g8391	1.448681521009573e-19	0.0037906289211224855	Aque_Aqu2.1.21248-001;Slac_ENSLPGG00000009981	2.1316785119627852e-35	3.133649304005058e-06				Aque_Aqu2.1.37132-001;Scil_g3188	0.0025751027040243147	0.0008562370861479345	Aque_Aqu2.1.27224-001;Scil_g1638	5.542768429070787e-13	1.3632667963625444e-14	Aque_Aqu2.1.41012-001;Scil_g13279	0.00027018571509218245	2.3352966492296317e-05	Aque_Aqu2.1.42693-001;Scil_g10960	0.0018360592641156288	0.0010311375398249923	Aque_Aqu2.1.38390-001;Slac_ENSLPGG00000009625	3.283777108141531e-31	5.0913304307575685e-05	Aque_Aqu2.1.23692-001;Slac_ENSLPGG00000010273	1.2841772084763492e-19	7.696669701701013e-06	Aque_Aqu2.1.35230-001;Slac_ENSLPGG00000012424	7.365437517835406e-11	0.0008861595486840052	Aque_Aqu2.1.29979-001;Slac_ENSLPGG00000004765	0.005096289705461217	1.806252451274713e-08	Aque_Aqu2.1.35197-001;Slac_ENSLPGG00000023608	1.2879642783987652e-05	8.011503852224982e-06	Aque_Aqu2.1.43536-001;Slac_ENSLPGG00000021503	3.1456270560029736e-13	1.416254818464003e-05	Aque_Aqu2.1.31388-001;Slac_ENSLPGG00000009899	0.004760476945746735	3.9284303996595296e-27	Aque_Aqu2.1.43522-001;Scil_g11081	1.651404943005184e-09	6.11672841255793e-15	Aque_Aqu2.1.25862-001;Scil_g9014	2.0549201860468497e-37	0.0027978391910432904	Aque_Aqu2.1.37747-001;Scil_g4955	1.7392583256086783e-13	1.3274390645344907e-15				Aque_Aqu2.1.34141-001;Slac_ENSLPGG00000001774	2.4543785006386496e-05	3.6528869866102756e-06	Aque_Aqu2.1.16006-001;Slac_ENSLPGG00000013274	5.270219096773603e-09	0.00017042420495908981	Scil_g2667;Slac_ENSLPGG00000019065	1.213546492040107e-09	3.613082416273542e-08	Scil_g10960;Slac_ENSLPGG00000000921	7.697874836345238e-14	4.959771898176181e-14	Scil_g6923;Slac_ENSLPGG00000006271	0.0007496312067256761	6.725810871771657e-11	Scil_g11222;Slac_ENSLPGG00000019065	5.013830628113789e-07	0.004592237966067324				Scil_g1084;Slac_ENSLPGG00000015293	2.3895129108770388e-11	0.0012497589291778422	Scil_g11447;Slac_ENSLPGG00000009116	0.0011988833990713961	1.187914787539918e-27	Scil_g6502;Slac_ENSLPGG00000014103	1.0094169423452347e-08	4.430855169663792e-05	Scil_g3056;Slac_ENSLPGG00000010273	2.0628480496730304e-08	7.696669701701013e-06						
Aque_Aqu2.1.43637-001;Scil_g13026	0.0001321362764028887	1.340950059410457e-12	Aque_Aqu2.1.39296-001;Scil_g8647	8.497757503283989e-55	0.007376421634350448	Aque_Aqu2.1.42605-001;Scil_g6036	9.509180868415106e-59	1.4984837120563736e-05	Aque_Aqu2.1.31945-001;Slac_ENSLPGG00000003516	5.948924651979201e-27	0.009209934962931338				Aque_Aqu2.1.38196-001;Slac_ENSLPGG00000018877	2.7056507229478046e-24	1.805147948244949e-05	Aque_Aqu2.1.40739-001;Slac_ENSLPGG00000007249	3.550023227598492e-108	1.1674826591905536e-05	Aque_Aqu2.1.20046-001;Slac_ENSLPGG00000008927	4.1919986784620565e-08	1.7271089191993203e-12				Aque_Aqu2.1.24541-001;Slac_ENSLPGG00000010551	4.269959417785132e-67	1.810257039536341e-05				Aque_Aqu2.1.41482-001;Slac_ENSLPGG00000007158	2.2364060071655327e-10	1.2305328596950784e-25	Aque_Aqu2.1.31388-001;Slac_ENSLPGG00000022008	0.009403421798818682	5.196572743258641e-21	Aque_Aqu2.1.44140-001;Slac_ENSLPGG00000009116	8.885562534779468e-10	2.3440959155135562e-14	Aque_Aqu2.1.24266-001;Scil_g13487	4.7527632025133555e-17	0.00014122238861234354	Aque_Aqu2.1.36275-001;Slac_ENSLPGG00000006965	0.0020370970724508616	0.0010456499946495089	Aque_Aqu2.1.31388-001;Scil_g6763	0.009425638668166618	1.0396852815059356e-08	Aque_Aqu2.1.44676-001;Slac_ENSLPGG00000007730	0.0015947909906532027	1.282362129818319e-148				Aque_Aqu2.1.28495-001;Scil_g9850	4.458325986516477e-24	2.3017395799018037e-22	Aque_Aqu2.1.28214-001;Scil_g2622	8.244866599655472e-18	3.030870204098419e-17	Aque_Aqu2.1.36574-001;Scil_g10363	0.0004940940652812278	0.003378878652426875	Aque_Aqu2.1.25769-001;Scil_g428	3.2643039449818794e-11	0.00249302376632607	Aque_Aqu2.1.43995-001;Slac_ENSLPGG00000002394	1.2817282397478916e-13	1.221392526032047e-23	Aque_Aqu2.1.42762-001;Slac_ENSLPGG00000002171	1.0081478109652569e-17	2.040331509655993e-20	Aque_Aqu2.1.37112-001;Slac_ENSLPGG00000014949	0.004695475713269114	5.90154493841175e-13	Aque_Aqu2.1.43251-001;Slac_ENSLPGG00000027461	2.3451474142829946e-08	0.0044535470809418595	Aque_Aqu2.1.29714-001;Slac_ENSLPGG00000008036	7.391576077219849e-08	5.979540821066232e-13	Aque_Aqu2.1.36779-001;Slac_ENSLPGG00000020178	2.0751669503159548e-16	5.984877303900408e-05	Aque_Aqu2.1.38560-001;Slac_ENSLPGG00000006923	1.0497286366750963e-20	1.1559737404663003e-15	Aque_Aqu2.1.28078-001;Scil_g4955	0.0001584943135477131	3.09647286557078e-36	Aque_Aqu2.1.42195-001;Scil_g10844	0.00477303985890151	0.0007879050466048178	Aque_Aqu2.1.29989-001;Scil_g3256	4.487891029800469e-06	3.913029502705773e-66				Aque_Aqu2.1.28301-001;Slac_ENSLPGG00000012506	8.883577150236559e-09	1.2928363628897202e-07	Aque_Aqu2.1.42204-001;Slac_ENSLPGG00000024989	7.817120237222319e-25	0.00241040070878632	Scil_g13697;Slac_ENSLPGG00000028969	0.001980450370936841	3.0281616059030917e-12	Scil_g5520;Slac_ENSLPGG00000014037	2.09591889875815e-25	2.8937728943288984e-19	Scil_g8192;Slac_ENSLPGG00000011839	2.4409454456120322e-27	0.00611186985166198	Scil_g4725;Slac_ENSLPGG00000022031	0.007071540977103302	0.0026640309671868865				Scil_g6923;Slac_ENSLPGG00000001139	0.0007496312067256761	4.345251405310324e-05	Scil_g5780;Slac_ENSLPGG00000006271	1.401077682156374e-56	9.73403041830119e-05	Scil_g2024;Slac_ENSLPGG00000004970	9.755691899743128e-10	4.764937774578338e-06	Scil_g10960;Slac_ENSLPGG00000010273	3.516281539997559e-05	7.696669701701013e-06						
Aque_Aqu2.1.21084-001;Scil_g9931	5.175422506174251e-16	1.4935808984023714e-38	Aque_Aqu2.1.28194-001;Scil_g10793	1.444625855187625e-59	1.055319179606601e-40	Aque_Aqu2.1.41892-001;Scil_g2609	8.326661223111995e-07	7.187088243588235e-13	Aque_Aqu2.1.44059-001;Slac_ENSLPGG00000002916	3.328730512336417e-05	1.8602628480511736e-27				Aque_Aqu2.1.41621-001;Slac_ENSLPGG00000018880	1.7335877317951547e-90	3.0440385616654108e-21	Aque_Aqu2.1.18089-001;Slac_ENSLPGG00000012945	1.2135080684694851e-18	2.3190635250413133e-06	Aque_Aqu2.1.41935-001;Slac_ENSLPGG00000024534	3.900652244068748e-22	0.0002946668225709229				Aque_Aqu2.1.33950-001;Slac_ENSLPGG00000021584	4.7618654032696835e-30	0.0003089125655902511				Aque_Aqu2.1.39672-001;Slac_ENSLPGG00000022031	6.3157949007109966e-09	9.300342416746377e-05	Aque_Aqu2.1.30867-001;Slac_ENSLPGG00000007158	8.811394793769746e-08	2.0838815629998246e-20	Aque_Aqu2.1.31586-001;Slac_ENSLPGG00000015099	0.0003103108205526201	5.637710037603953e-09	Aque_Aqu2.1.27832-001;Scil_g6189	5.939276265577746e-23	3.078981561582129e-05	Aque_Aqu2.1.14136-001;Slac_ENSLPGG00000018698	8.965946804818051e-14	2.86354041207311e-05	Aque_Aqu2.1.28489-001;Scil_g5104	4.787491920802856e-09	1.0482033334351304e-18	Aque_Aqu2.1.38371-001;Slac_ENSLPGG00000013669	4.3345471441267736e-40	0.002468412511541518				Aque_Aqu2.1.25867-001;Scil_g9750	0.0002352162877005849	6.723224112689725e-10	Aque_Aqu2.1.34140-001;Scil_g11222	1.0121820050408576e-29	5.013830628113789e-07	Aque_Aqu2.1.28489-001;Scil_g9850	1.2639077541595553e-28	7.256824191226701e-09	Aque_Aqu2.1.41049-001;Scil_g130	0.007200126607303983	0.0005872798189178453	Aque_Aqu2.1.40738-001;Slac_ENSLPGG00000014205	6.218782870818954e-08	8.529006203565522e-47	Aque_Aqu2.1.42154-001;Slac_ENSLPGG00000030431	2.4653836889926653e-06	2.9741009683390458e-05	Aque_Aqu2.1.42077-001;Slac_ENSLPGG00000024184	2.5024776515125946e-13	0.006239026245018969	Aque_Aqu2.1.28223-001;Slac_ENSLPGG00000018987	1.3844036382592803e-13	0.002248795489287147	Aque_Aqu2.1.42093-001;Slac_ENSLPGG00000011166	0.0006886285707111513	7.03707662095056e-13	Aque_Aqu2.1.31388-001;Slac_ENSLPGG00000021402	0.004760476945746735	2.2504082942667657e-43	Aque_Aqu2.1.23692-001;Slac_ENSLPGG00000010273	1.2841772084763492e-19	2.9181703033897673e-09	Aque_Aqu2.1.36215-001;Scil_g6570	0.003047793759187989	1.303537719053094e-26	Aque_Aqu2.1.43637-001;Scil_g13026	4.913286201607988e-09	1.340950059410457e-12	Aque_Aqu2.1.31551-001;Scil_g5780	5.480233371944621e-11	7.726719165322015e-45				Aque_Aqu2.1.36607-001;Slac_ENSLPGG00000016491	0.002175361838638174	0.0006111312004287011	Aque_Aqu2.1.34348-001;Slac_ENSLPGG00000027245	0.00010796781104150981	5.376496284592271e-07	Scil_g11447;Slac_ENSLPGG00000009116	4.092936753533095e-05	6.14592868531139e-18	Scil_g402;Slac_ENSLPGG00000010506	0.0003005960655922788	1.6813378010395353e-09	Scil_g12785;Slac_ENSLPGG00000021186	1.6615381302058852e-07	6.881624328924807e-14	Scil_g6923;Slac_ENSLPGG00000019065	0.0007496312067256761	0.004592237966067324				Scil_g12865;Slac_ENSLPGG00000023608	2.2900413416104303e-07	0.00021819079240100695	Scil_g1098;Slac_ENSLPGG00000019065	7.599970776583826e-09	4.280743164546749e-06	Scil_g9014;Slac_ENSLPGG00000005266	0.0027978391910432904	3.482247181154979e-08	Scil_g6432;Slac_ENSLPGG00000001593	5.779599212333483e-13	2.610966808913046e-05						
Aque_Aqu2.1.37774-001;Scil_g9453	7.700554024937936e-21	2.3202718139754127e-12	Aque_Aqu2.1.33392-001;Scil_g1730	0.0031077183817407456	5.530050287560553e-07	Aque_Aqu2.1.37527-001;Scil_g2206	3.012591765827895e-10	9.542561533753149e-35	Aque_Aqu2.1.25460-001;Slac_ENSLPGG00000025767	1.0806839649739981e-05	4.082142514092622e-15				Aque_Aqu2.1.38354-001;Slac_ENSLPGG00000028953	1.1143806868995651e-101	2.305047304993447e-17	Aque_Aqu2.1.38366-001;Slac_ENSLPGG00000021584	2.353359925872487e-15	6.413530410769873e-10	Aque_Aqu2.1.41308-001;Slac_ENSLPGG00000009291	5.753577417829735e-30	4.448179773486513e-08				Aque_Aqu2.1.25405-001;Slac_ENSLPGG00000020148	1.4898002779454198e-09	8.363253365300092e-09				Aque_Aqu2.1.35781-001;Slac_ENSLPGG00000016523	0.0002769383255997843	7.460571249454539e-10	Aque_Aqu2.1.35781-001;Slac_ENSLPGG00000016523	0.0002769383255997843	5.671680587187432e-06	Aque_Aqu2.1.31388-001;Slac_ENSLPGG00000001057	0.009403421798818682	0.004855931232394134	Aque_Aqu2.1.41612-001;Scil_g13161	3.376402794636604e-05	4.0556421502422845e-05	Aque_Aqu2.1.28492-001;Slac_ENSLPGG00000009116	1.0134123622564161e-101	3.098026050711895e-06	Aque_Aqu2.1.31385-001;Scil_g6763	5.85436007345541e-05	1.0396852815059356e-08	Aque_Aqu2.1.36625-001;Slac_ENSLPGG00000007180	2.8072929139854223e-06	0.00514118893440922				Aque_Aqu2.1.41012-001;Scil_g13279	0.00027018571509218245	5.893391080687706e-69	Aque_Aqu2.1.17816-001;Scil_g1483	0.004846158259488255	2.479568833724734e-22	Aque_Aqu2.1.28223-001;Scil_g8192	1.3844036382592803e-13	1.4505713363105934e-09				Aque_Aqu2.1.33635-001;Slac_ENSLPGG00000026194	0.00010669886911690847	1.969891307800923e-05	Aque_Aqu2.1.43637-001;Slac_ENSLPGG00000029928	8.152574204947499e-32	3.860286543576328e-05	Aque_Aqu2.1.28497-001;Slac_ENSLPGG00000009116	6.265744639493593e-06	1.2402889402997416e-10	Aque_Aqu2.1.33536-001;Slac_ENSLPGG00000026185	0.007328848895594257	0.004154972720071218	Aque_Aqu2.1.43674-001;Slac_ENSLPGG00000001139	4.20083387372124e-06	1.0794946248240394e-08	Aque_Aqu2.1.42065-001;Slac_ENSLPGG00000022563	5.305955151225863e-07	6.8943750857258504e-09	Aque_Aqu2.1.34140-001;Slac_ENSLPGG00000007158	1.0121820050408576e-29	1.965018913530473e-21	Aque_Aqu2.1.43276-001;Scil_g11587	1.2417305666889384e-72	7.602918771667548e-08	Aque_Aqu2.1.29989-001;Scil_g3256	4.487891029800469e-06	4.0851084805518284e-72	Aque_Aqu2.1.43276-001;Scil_g11587	1.2417305666889384e-72	4.192068481728588e-05				Aque_Aqu2.1.39784-001;Slac_ENSLPGG00000012945	0.007948759501957106	9.910864390936659e-20	Aque_Aqu2.1.43953-001;Slac_ENSLPGG00000014525	0.002786791961528607	0.0030922186448266915	Scil_g2018;Slac_ENSLPGG00000015631	3.0609869963813252e-15	1.3544945094291961e-13	Scil_g10015;Slac_ENSLPGG00000022563	5.102593283167871e-54	6.237240578969627e-07	Scil_g402;Slac_ENSLPGG00000022031	0.0003005960655922788	1.6521542134525504e-05	Scil_g1638;Slac_ENSLPGG00000027899	1.3632667963625444e-14	0.00046333132650520215				Scil_g11222;Slac_ENSLPGG00000019065	5.013830628113789e-07	0.006927108559854214	Scil_g3632;Slac_ENSLPGG00000013990	3.488081111876346e-12	8.396529193092423e-12	Scil_g5780;Slac_ENSLPGG00000001139	2.9711931366042666e-50	4.345251405310324e-05	Scil_g6923;Slac_ENSLPGG00000019065	4.832739396701769e-10	0.002143493550466423						
Aque_Aqu2.1.41302-001;Scil_g10741	3.049277438668542e-10	1.0390723964522058e-14	Aque_Aqu2.1.29077-001;Scil_g119	3.031435493306638e-15	4.12906544749031e-51	Aque_Aqu2.1.32930-001;Scil_g9417	7.663138857997222e-90	4.492642192877908e-25	Aque_Aqu2.1.28093-001;Slac_ENSLPGG00000004444	1.2716002791260598e-16	0.0005356625867588471				Aque_Aqu2.1.39934-001;Slac_ENSLPGG00000026505	4.277056854050607e-115	2.74102865695632e-35	Aque_Aqu2.1.32963-001;Slac_ENSLPGG00000006527	2.9162340212875285e-55	4.073195508639476e-09	Aque_Aqu2.1.33950-001;Slac_ENSLPGG00000024534	4.7618654032696835e-30	0.0002946668225709229				Aque_Aqu2.1.18098-001;Slac_ENSLPGG00000005401	0.00010510904740299329	5.984830996195444e-31				Aque_Aqu2.1.25867-001;Slac_ENSLPGG00000010273	2.1213248264626324e-06	1.4736923783815982e-11	Aque_Aqu2.1.01979-001;Slac_ENSLPGG00000007158	0.007012591066954428	2.0838815629998246e-20	Aque_Aqu2.1.17816-001;Slac_ENSLPGG00000021520	0.009367143325851741	0.008152652185200318	Aque_Aqu2.1.16669-001;Scil_g12884	4.593372835138189e-14	0.007651076046098842	Aque_Aqu2.1.35211-001;Slac_ENSLPGG00000014037	3.46092426890341e-23	9.215098691457013e-15	Aque_Aqu2.1.43540-001;Scil_g1266	3.534170415031876e-08	1.4961718621363973e-06	Aque_Aqu2.1.44104-001;Slac_ENSLPGG00000013804	3.4947931478476343e-10	3.586733440963688e-08				Aque_Aqu2.1.35204-001;Scil_g692	3.1516145313605166e-17	0.0014196732836659232	Aque_Aqu2.1.38524-001;Scil_g11283	9.419406752082244e-11	0.0001944654720352231	Aque_Aqu2.1.44243-001;Scil_g6182	2.5819489532558422e-23	6.54132555884722e-05				Aque_Aqu2.1.43987-001;Slac_ENSLPGG00000002394	3.283156008267793e-06	1.221392526032047e-23	Aque_Aqu2.1.40394-001;Slac_ENSLPGG00000030431	0.008548448215663518	2.9741009683390458e-05	Aque_Aqu2.1.29979-001;Slac_ENSLPGG00000004765	0.005096289705461217	0.0022881634229067285	Aque_Aqu2.1.41892-001;Slac_ENSLPGG00000018987	5.2142493076430264e-14	0.002248795489287147	Aque_Aqu2.1.25867-001;Slac_ENSLPGG00000000921	0.0002352162877005849	1.3753081648531437e-11	Aque_Aqu2.1.34140-001;Slac_ENSLPGG00000001139	1.0121820050408576e-29	4.345251405310324e-05	Aque_Aqu2.1.39916-001;Slac_ENSLPGG00000028356	2.688541540398142e-13	3.148644495988388e-07	Aque_Aqu2.1.42569-001;Scil_g8107	0.004968804371715004	1.6183395178500832e-20	Aque_Aqu2.1.24985-001;Scil_g9168	0.0004749866565147738	5.8697803432304785e-86	Aque_Aqu2.1.43637-001;Scil_g13000	4.913286201607988e-09	4.8053426804416345e-37				Aque_Aqu2.1.37082-001;Slac_ENSLPGG00000014205	7.643222643311067e-10	8.273456498889516e-13	Aque_Aqu2.1.22809-001;Slac_ENSLPGG00000017293	5.337826108275082e-06	1.2392350611224024e-08	Scil_g3632;Slac_ENSLPGG00000013990	1.0004906568125788e-15	4.092429008726915e-10	Scil_g7865;Slac_ENSLPGG00000019578	3.759490286505337e-12	0.0005401379704453665	Scil_g3806;Slac_ENSLPGG00000011166	3.452312820229575e-05	1.1662929005977234e-06	Scil_g2151;Slac_ENSLPGG00000006993	3.6960027423275005e-11	0.0010352095861496252				Scil_g1638;Slac_ENSLPGG00000027899	1.3632667963625444e-14	0.0043016326248244965	Scil_g1098;Slac_ENSLPGG00000021520	7.599970776583826e-09	0.001418103085264237	Scil_g2151;Slac_ENSLPGG00000006993	1.5623858192076863e-29	6.969567404434934e-12	Scil_g8851;Slac_ENSLPGG00000020470	0.0013186114376195319	0.005200025809404252						
Aque_Aqu2.1.29077-001;Scil_g119	3.031435493306638e-15	1.0977579962824666e-31	Aque_Aqu2.1.27224-001;Scil_g2125	6.85573730359377e-63	7.46393838870838e-12	Aque_Aqu2.1.22811-001;Scil_g11739	6.0594339440517635e-05	2.0454373881787576e-09	Aque_Aqu2.1.29862-001;Slac_ENSLPGG00000010736	2.860168744556222e-56	0.0007123910983002527				Aque_Aqu2.1.24541-001;Slac_ENSLPGG00000010551	2.344168441479099e-143	6.172796168552728e-06	Aque_Aqu2.1.43636-001;Slac_ENSLPGG00000029285	1.210463673039121e-49	0.0006954483019702004	Aque_Aqu2.1.16620-001;Slac_ENSLPGG00000007363	5.117152723494208e-38	3.4576240635341516e-06				Aque_Aqu2.1.37774-001;Slac_ENSLPGG00000005401	1.1664395148299226e-05	5.984830996195444e-31				Aque_Aqu2.1.21047-001;Slac_ENSLPGG00000021268	2.0042391223224744e-08	0.006222428200386769	Aque_Aqu2.1.23247-001;Slac_ENSLPGG00000013844	1.1200245995874174e-06	6.327972765092445e-45	Aque_Aqu2.1.34140-001;Slac_ENSLPGG00000019065	1.662739836406084e-09	0.004592237966067324	Aque_Aqu2.1.41895-001;Scil_g903	3.7831469791073923e-23	0.0008332685915331989	Aque_Aqu2.1.35513-001;Slac_ENSLPGG00000013069	1.391430610834894e-08	1.8352583169197938e-25	Aque_Aqu2.1.25308-001;Scil_g9283	2.9300010805553698e-05	0.0041640643412778925	Aque_Aqu2.1.28492-001;Slac_ENSLPGG00000009116	1.2990573900827222e-105	3.098026050711895e-06				Aque_Aqu2.1.28294-001;Scil_g7865	1.3804396387632021e-27	2.930595913607532e-07	Aque_Aqu2.1.31586-001;Scil_g10108	1.7372787348993547e-40	0.0026833894586777538	Aque_Aqu2.1.42203-001;Scil_g12785	0.00045457418849529025	2.3296876787399272e-06				Aque_Aqu2.1.28489-001;Slac_ENSLPGG00000009116	1.2639077541595553e-28	6.14592868531139e-18	Aque_Aqu2.1.42762-001;Slac_ENSLPGG00000022031	1.0081478109652569e-17	6.099419038603397e-08	Aque_Aqu2.1.31388-001;Slac_ENSLPGG00000021402	0.004760476945746735	3.2871999979884383e-05	Aque_Aqu2.1.38824-001;Slac_ENSLPGG00000000921	0.0021069493728025235	8.554351911362749e-10	Aque_Aqu2.1.30867-001;Slac_ENSLPGG00000019065	1.3309245062395783e-20	0.004592237966067324	Aque_Aqu2.1.30867-001;Slac_ENSLPGG00000007158	1.3309245062395783e-20	1.3921670430557845e-07	Aque_Aqu2.1.32690-001;Slac_ENSLPGG00000017789	3.4041548145167936e-06	1.065996983770657e-17	Aque_Aqu2.1.28223-001;Scil_g4240	0.0001247782164728605	2.093408864645281e-05	Aque_Aqu2.1.43636-001;Scil_g2645	0.0008403213309444536	1.328756618204222e-47	Aque_Aqu2.1.29077-001;Scil_g119	0.004321048201029846	4.12906544749031e-51				Aque_Aqu2.1.43699-001;Slac_ENSLPGG00000023764	0.006181496810058212	4.716362101857494e-16	Aque_Aqu2.1.29892-001;Slac_ENSLPGG00000019707	0.006876472064728755	8.348963770442609e-10	Scil_g7476;Slac_ENSLPGG00000007134	0.00014123194349380583	1.723130318275879e-92	Scil_g10145;Slac_ENSLPGG00000030375	2.2288680991354423e-38	0.00031005803561051735	Scil_g6923;Slac_ENSLPGG00000007158	0.0007496312067256761	2.0838815629998246e-20	Scil_g2125;Slac_ENSLPGG00000027899	0.001250635568289448	0.00046333132650520215				Scil_g7733;Slac_ENSLPGG00000010487	0.0009631828771727265	0.007532103712535179	Scil_g2475;Slac_ENSLPGG00000015293	3.0939704374754477e-07	1.2577896648206847e-10	Scil_g11222;Slac_ENSLPGG00000001139	9.325436313824295e-14	4.345251405310324e-05	Scil_g254;Slac_ENSLPGG00000007525	0.00017210202930432919	3.993170464153228e-16						
Aque_Aqu2.1.16620-001;Scil_g10793	3.397334660599216e-165	8.421902305944512e-51	Aque_Aqu2.1.07543-001;Scil_g9417	5.249550863120593e-114	1.514126013743912e-32	Aque_Aqu2.1.40203-001;Scil_g8847	7.76548669049712e-21	1.3795310133720872e-05	Aque_Aqu2.1.31388-001;Slac_ENSLPGG00000002802	0.0006755546556821743	4.350965231521342e-58				Aque_Aqu2.1.14207-001;Slac_ENSLPGG00000010983	4.846865897652857e-15	9.834982668604445e-20	Aque_Aqu2.1.27294-001;Slac_ENSLPGG00000024534	5.209276424915187e-19	8.111986096029365e-09	Aque_Aqu2.1.37774-001;Slac_ENSLPGG00000005401	1.1664395148299226e-05	8.223884250027323e-36				Aque_Aqu2.1.23425-001;Slac_ENSLPGG00000021584	5.611075888207551e-26	0.0003089125655902511				Aque_Aqu2.1.36606-001;Slac_ENSLPGG00000016891	5.622930540080185e-07	2.9258653159556866e-05	Aque_Aqu2.1.31388-001;Slac_ENSLPGG00000021402	0.009403421798818682	4.894697548156748e-35	Aque_Aqu2.1.39703-001;Slac_ENSLPGG00000021186	8.926042219776161e-05	1.220442759122435e-24	Aque_Aqu2.1.24975-001;Scil_g4190	4.5883097586442987e-07	1.976243892774613e-57	Aque_Aqu2.1.40721-001;Slac_ENSLPGG00000007294	5.988371027327689e-13	2.430221846881954e-15	Aque_Aqu2.1.42700-001;Scil_g9955	7.021913672654355e-09	8.310688268255026e-05	Aque_Aqu2.1.39760-001;Slac_ENSLPGG00000006423	2.508963196624943e-05	3.266166105766691e-05				Aque_Aqu2.1.21174-001;Scil_g2820	0.00021564884897657527	1.734370996913815e-60	Aque_Aqu2.1.20935-001;Scil_g13349	3.0542012146660946e-19	4.247602410583273e-05	Aque_Aqu2.1.25769-001;Scil_g428	3.2643039449818794e-11	5.021405377734626e-36				Aque_Aqu2.1.25434-001;Slac_ENSLPGG00000027609	1.5600757561556257e-10	0.00019223758375712518	Aque_Aqu2.1.39919-001;Slac_ENSLPGG00000027773	2.486254135103664e-07	1.946968380942947e-23	Aque_Aqu2.1.22423-001;Slac_ENSLPGG00000021186	0.003331405344316412	1.0932599746270406e-05	Aque_Aqu2.1.43353-001;Slac_ENSLPGG00000008404	3.8260820266303296e-05	0.005466038961812341	Aque_Aqu2.1.34140-001;Slac_ENSLPGG00000019065	1.0121820050408576e-29	0.004592237966067324	Aque_Aqu2.1.41892-001;Slac_ENSLPGG00000011839	5.2142493076430264e-14	6.871823708419816e-06	Aque_Aqu2.1.28223-001;Slac_ENSLPGG00000011839	1.3844036382592803e-13	2.3607637339619418e-11	Aque_Aqu2.1.29077-001;Scil_g119	0.004321048201029846	1.1240744252913564e-101	Aque_Aqu2.1.37747-001;Scil_g4955	1.7392583256086783e-13	2.8980325535352766e-11	Aque_Aqu2.1.24985-001;Scil_g9168	0.0004749866565147738	1.8760552862916176e-67				Aque_Aqu2.1.31911-001;Slac_ENSLPGG00000002336	9.01497892519821e-05	0.0016442130005784117	Aque_Aqu2.1.34374-001;Slac_ENSLPGG00000010554	0.0011299039353154568	7.452942942782459e-32	Scil_g428;Slac_ENSLPGG00000008220	3.53638816872691e-50	3.053105731426932e-24	Scil_g10108;Slac_ENSLPGG00000023276	0.0026833894586777538	2.5606162884543817e-13	Scil_g10339;Slac_ENSLPGG00000003818	0.0068996335439323216	0.004262066830711639							Scil_g9627;Slac_ENSLPGG00000005266	3.882032241076791e-05	3.482247181154979e-08	Scil_g6477;Slac_ENSLPGG00000009324	0.0062350988250728465	0.0032146804795755626	Scil_g3668;Slac_ENSLPGG00000022563	2.750057294290493e-15	6.8943750857258504e-09	Scil_g12865;Slac_ENSLPGG00000023608	1.3808669513324088e-08	0.003031234032842293						
Aque_Aqu2.1.34141-001;Scil_g6573	5.817801590754243e-06	1.2758087413231153e-46	Aque_Aqu2.1.44246-001;Scil_g1970	7.348281244918552e-80	1.7432853746357123e-10	Aque_Aqu2.1.14137-001;Scil_g3906	3.1178299804803794e-58	0.00014453004306132745	Aque_Aqu2.1.43334-001;Slac_ENSLPGG00000007985	1.0309244865485303e-07	4.027629479772916e-09				Aque_Aqu2.1.31194-001;Slac_ENSLPGG00000008469	9.479286352586293e-109	1.8018412001204523e-48	Aque_Aqu2.1.40908-001;Slac_ENSLPGG00000015371	2.5432621050748296e-88	0.0009489934237482608	Aque_Aqu2.1.23425-001;Slac_ENSLPGG00000024534	5.611075888207551e-26	0.0002946668225709229				Aque_Aqu2.1.35059-001;Slac_ENSLPGG00000029417	1.5620453396581136e-08	9.71447407075223e-10				Aque_Aqu2.1.32548-001;Slac_ENSLPGG00000013283	0.0016118061765567644	2.6704193679793666e-05	Aque_Aqu2.1.41482-001;Slac_ENSLPGG00000019065	2.2364060071655327e-10	5.413313929192906e-06	Aque_Aqu2.1.44245-001;Slac_ENSLPGG00000013337	0.0046844640673461375	0.0003169817591007459	Aque_Aqu2.1.41029-001;Scil_g12884	4.8147503292666314e-14	0.007651076046098842	Aque_Aqu2.1.37101-001;Slac_ENSLPGG00000010273	6.194430517240804e-07	1.4331754929585277e-12	Aque_Aqu2.1.24972-001;Scil_g903	7.810962526908535e-13	0.0008332685915331989	Aque_Aqu2.1.43551-001;Slac_ENSLPGG00000007525	1.0046936470645059e-10	1.9962902323811717e-72				Aque_Aqu2.1.43844-001;Scil_g13307	0.002766826415881212	2.6808559542315997e-30	Aque_Aqu2.1.17816-001;Scil_g1098	0.004846158259488255	7.599970776583826e-09	Aque_Aqu2.1.30867-001;Scil_g6923	1.3309245062395783e-20	4.832739396701769e-10				Aque_Aqu2.1.40905-001;Slac_ENSLPGG00000014782	2.293128987599471e-12	3.5310458308772875e-55	Aque_Aqu2.1.28223-001;Slac_ENSLPGG00000007525	1.3844036382592803e-13	3.993170464153228e-16	Aque_Aqu2.1.31385-001;Slac_ENSLPGG00000021402	0.0004221664291573433	3.2871999979884383e-05	Aque_Aqu2.1.41653-001;Slac_ENSLPGG00000016670	5.400992414490759e-06	0.005723433143691174	Aque_Aqu2.1.31385-001;Slac_ENSLPGG00000022008	0.0004221664291573433	1.5589144829574547e-18	Aque_Aqu2.1.07545-001;Slac_ENSLPGG00000029433	0.009147084110062452	1.0533315788416058e-17	Aque_Aqu2.1.31388-001;Slac_ENSLPGG00000021402	0.004760476945746735	3.140876910125486e-98	Aque_Aqu2.1.41943-001;Scil_g10339	1.7930078176274148e-08	7.110049027397598e-24	Aque_Aqu2.1.29076-001;Scil_g119	3.633124956792878e-18	1.0977579962824666e-31	Aque_Aqu2.1.28223-001;Scil_g8192	0.0001247782164728605	3.095268598195959e-25				Aque_Aqu2.1.43623-001;Slac_ENSLPGG00000012945	0.005617868088624236	9.910864390936659e-20	Aque_Aqu2.1.38146-001;Slac_ENSLPGG00000018391	0.0033805918517154743	2.629433758799363e-06	Scil_g2938;Slac_ENSLPGG00000008036	4.216202562209187e-05	1.1540325819341644e-21	Scil_g10145;Slac_ENSLPGG00000014205	2.2288680991354423e-38	2.9601798466944025e-18	Scil_g1084;Slac_ENSLPGG00000015293	2.3895129108770388e-11	6.6401604613863886e-09							Scil_g10843;Slac_ENSLPGG00000008220	2.191339130993605e-06	3.0436877260285724e-40	Scil_g6060;Slac_ENSLPGG00000014386	1.215893018835872e-11	5.849415967300882e-13	Scil_g5203;Slac_ENSLPGG00000027198	1.945675528044307e-60	0.002720781282821649	Scil_g9674;Slac_ENSLPGG00000010273	0.0007343807069236559	7.696669701701013e-06						
Aque_Aqu2.1.37748-001;Scil_g4955	0.006868279958800548	2.8980325535352766e-11	Aque_Aqu2.1.37974-001;Scil_g4955	2.4185485011480635e-14	1.3274390645344907e-15	Aque_Aqu2.1.21251-001;Scil_g6498	4.624562609038775e-08	1.506045197375416e-30	Aque_Aqu2.1.38316-001;Slac_ENSLPGG00000017820	0.007366257446536482	1.4294403635756786e-45				Aque_Aqu2.1.36280-001;Slac_ENSLPGG00000026756	3.288773730928107e-103	7.439927040741268e-23	Aque_Aqu2.1.39784-001;Slac_ENSLPGG00000012945	1.2448380479041398e-26	2.3190635250413133e-06	Aque_Aqu2.1.41072-001;Slac_ENSLPGG00000022242	1.7830501497038112e-11	0.00015899456075697585				Aque_Aqu2.1.39902-001;Slac_ENSLPGG00000021584	3.411665645470714e-24	0.0003089125655902511				Aque_Aqu2.1.44104-001;Slac_ENSLPGG00000013154	0.004676700161059421	8.037926580122318e-21	Aque_Aqu2.1.29497-001;Slac_ENSLPGG00000014506	0.009540321936991298	1.1472672825183391e-41	Aque_Aqu2.1.43365-001;Slac_ENSLPGG00000022615	0.002191564312746992	0.0005822039373777532	Aque_Aqu2.1.28308-001;Scil_g9866	0.0018041661425868933	6.036993257960576e-20	Aque_Aqu2.1.25608-001;Slac_ENSLPGG00000004269	4.085609278150581e-12	2.8577770605734596e-05	Aque_Aqu2.1.41380-001;Scil_g10067	3.610463734669766e-08	3.6825449616023355e-06	Aque_Aqu2.1.39593-001;Slac_ENSLPGG00000000696	1.0415950099465564e-25	5.830310343059631e-06				Aque_Aqu2.1.43559-001;Scil_g2584	8.208845897341611e-07	0.0006679835282146164	Aque_Aqu2.1.42693-001;Scil_g10960	0.0018360592641156288	7.697874836345238e-14	Aque_Aqu2.1.41482-001;Scil_g6923	2.257130122823816e-08	4.832739396701769e-10				Aque_Aqu2.1.33729-001;Slac_ENSLPGG00000028407	1.6681923263893484e-05	4.482607624214078e-06	Aque_Aqu2.1.43989-001;Slac_ENSLPGG00000002394	4.110904363096128e-06	1.4512784716372902e-32	Aque_Aqu2.1.38683-001;Slac_ENSLPGG00000020822	0.0026556694445690667	0.005430377047595603	Aque_Aqu2.1.29098-001;Slac_ENSLPGG00000015099	0.0022163606697167436	5.6665494261985154e-05	Aque_Aqu2.1.41190-001;Slac_ENSLPGG00000005134	3.070020325785256e-26	0.00045024964895751284	Aque_Aqu2.1.30850-001;Slac_ENSLPGG00000007919	1.6111351648411453e-09	1.474621204882981e-06	Aque_Aqu2.1.32503-001;Slac_ENSLPGG00000015631	8.836422303727378e-40	1.9985066974402838e-16	Aque_Aqu2.1.39672-001;Scil_g5254	4.853247615656722e-15	7.915691230088375e-05	Aque_Aqu2.1.28078-001;Scil_g4955	0.0001584943135477131	2.8980325535352766e-11	Aque_Aqu2.1.33928-001;Scil_g119	1.7070164772059762e-09	4.12906544749031e-51				Aque_Aqu2.1.28069-001;Slac_ENSLPGG00000007421	2.708329690823538e-05	0.00014289544124810024	Aque_Aqu2.1.39968-001;Slac_ENSLPGG00000012400	6.964909690424107e-06	0.00019458795936167677	Scil_g5780;Slac_ENSLPGG00000007158	3.2348683259580126e-27	3.4393842705479424e-25	Scil_g2615;Slac_ENSLPGG00000027773	1.3588690071563008e-97	0.002449408524435611	Scil_g6487;Slac_ENSLPGG00000023112	2.6902999857811382e-25	0.0002511069236736297							Scil_g6923;Slac_ENSLPGG00000019065	0.0007496312067256761	0.006927108559854214	Scil_g5780;Slac_ENSLPGG00000019065	1.401077682156374e-56	4.280743164546749e-06	Scil_g6432;Slac_ENSLPGG00000001593	2.455547906154132e-51	6.425695846049782e-09	Scil_g3056;Slac_ENSLPGG00000020470	2.0628480496730304e-08	0.005200025809404252						
Aque_Aqu2.1.40665-001;Scil_g3312	8.115709961538107e-35	8.037865953887498e-16	Aque_Aqu2.1.41892-001;Scil_g8192	8.326661223111995e-07	3.095268598195959e-25	Aque_Aqu2.1.28194-001;Scil_g9453	1.444625855187625e-59	4.49983027371432e-20	Aque_Aqu2.1.28078-001;Slac_ENSLPGG00000010195	6.696460884889418e-10	1.0486439829286918e-69				Aque_Aqu2.1.38366-001;Slac_ENSLPGG00000021584	8.476009201277581e-19	1.5268177922787565e-06	Aque_Aqu2.1.14137-001;Slac_ENSLPGG00000018350	7.583517125849063e-42	9.856781704671451e-05	Aque_Aqu2.1.18098-001;Slac_ENSLPGG00000005401	0.00010510904740299329	8.223884250027323e-36				Aque_Aqu2.1.41935-001;Slac_ENSLPGG00000021584	3.900652244068748e-22	0.0003089125655902511				Aque_Aqu2.1.29897-001;Slac_ENSLPGG00000020706	1.4875472874532206e-11	0.00016618681967649416	Aque_Aqu2.1.38752-001;Slac_ENSLPGG00000013069	2.5967541173213717e-13	2.228833167443332e-21	Aque_Aqu2.1.38683-001;Slac_ENSLPGG00000013337	0.002171373567225803	0.0003169817591007459	Aque_Aqu2.1.34334-001;Scil_g12884	2.4149801499682977e-11	0.007651076046098842	Aque_Aqu2.1.25769-001;Slac_ENSLPGG00000008220	5.374663099333112e-16	1.7439124872034618e-54	Aque_Aqu2.1.24266-001;Scil_g4689	1.3232475428430433e-05	2.9084691839750085e-05	Aque_Aqu2.1.31344-001;Slac_ENSLPGG00000020586	2.897711481146304e-06	4.174689950786955e-05				Aque_Aqu2.1.34873-001;Scil_g6324	0.0014041711381774895	3.9000314585615104e-16	Aque_Aqu2.1.33622-001;Scil_g402	1.708447263117159e-16	0.0003005960655922788	Aque_Aqu2.1.44243-001;Scil_g8930	2.5819489532558422e-23	0.003008471673133274				Aque_Aqu2.1.23239-001;Slac_ENSLPGG00000009625	7.943361772072874e-20	5.0913304307575685e-05	Aque_Aqu2.1.28214-001;Slac_ENSLPGG00000015631	8.244866599655472e-18	0.003778735700775536	Aque_Aqu2.1.42548-001;Slac_ENSLPGG00000024879	1.627868894535477e-08	0.008126253320703276	Aque_Aqu2.1.43674-001;Slac_ENSLPGG00000007158	4.20083387372124e-06	3.092012612494674e-08	Aque_Aqu2.1.29862-001;Slac_ENSLPGG00000025832	1.5187831121386648e-33	8.851924786305355e-06	Aque_Aqu2.1.37486-001;Slac_ENSLPGG00000021186	5.791765336917085e-10	2.0188353322288348e-10	Aque_Aqu2.1.24987-001;Slac_ENSLPGG00000009461	1.0504102619364857e-17	0.0001519651798931296	Aque_Aqu2.1.42549-001;Scil_g11616	6.6351231469464594e-12	4.655178459260144e-27	Aque_Aqu2.1.14128-001;Scil_g9014	0.0056228831372082165	0.0027978391910432904	Aque_Aqu2.1.28078-001;Scil_g4955	0.0001584943135477131	1.3274390645344907e-15				Aque_Aqu2.1.07580-001;Slac_ENSLPGG00000019930	0.006843707059086549	1.2224987601277958e-07	Aque_Aqu2.1.28194-001;Slac_ENSLPGG00000013036	0.0045912394646443755	7.031220144791269e-26	Scil_g9919;Slac_ENSLPGG00000006340	7.99159855313051e-09	0.00019700462985319765	Scil_g5520;Slac_ENSLPGG00000013069	2.09591889875815e-25	4.510390699375658e-16	Scil_g10843;Slac_ENSLPGG00000008220	2.191339130993605e-06	3.5153631292559257e-91							Scil_g402;Slac_ENSLPGG00000022031	0.0003005960655922788	0.009696082349253645	Scil_g5780;Slac_ENSLPGG00000021520	1.401077682156374e-56	0.001418103085264237	Scil_g10793;Slac_ENSLPGG00000005401	8.421902305944512e-51	1.8781940068416276e-19	Scil_g10960;Slac_ENSLPGG00000020470	3.516281539997559e-05	0.005200025809404252						
Aque_Aqu2.1.37974-001;Scil_g4955	2.4185485011480635e-14	2.8980325535352766e-11	Aque_Aqu2.1.44247-001;Scil_g584	3.554518331741283e-29	2.0978126739015768e-07	Aque_Aqu2.1.36779-001;Scil_g5032	6.984192939755703e-05	0.001224227857816415	Aque_Aqu2.1.43995-001;Slac_ENSLPGG00000002394	0.0011706263356069905	1.2937479835425587e-20				Aque_Aqu2.1.30395-001;Slac_ENSLPGG00000011626	6.234964103978512e-06	1.4383957330466857e-179	Aque_Aqu2.1.41621-001;Slac_ENSLPGG00000018880	4.619452252412821e-84	1.8659767311661218e-08	Aque_Aqu2.1.37774-001;Slac_ENSLPGG00000008927	1.1664395148299226e-05	1.7271089191993203e-12				Aque_Aqu2.1.14207-001;Slac_ENSLPGG00000010983	4.825359325182867e-10	0.0002724690223837942				Aque_Aqu2.1.24987-001;Slac_ENSLPGG00000009461	1.6948309903525678e-12	0.001863905355161977	Aque_Aqu2.1.17816-001;Slac_ENSLPGG00000006271	0.009367143325851741	6.725810871771657e-11	Aque_Aqu2.1.34441-001;Slac_ENSLPGG00000025832	0.0034208755669669134	8.851924786305355e-06	Aque_Aqu2.1.39139-001;Scil_g11974	0.0008939894452445926	4.0962729918117245e-50	Aque_Aqu2.1.36125-001;Slac_ENSLPGG00000020586	2.9289126202741716e-09	4.174689950786955e-05	Aque_Aqu2.1.44009-001;Scil_g11945	3.403777570357306e-09	0.00028980519709260257	Aque_Aqu2.1.36223-001;Slac_ENSLPGG00000025854	1.4394008307679529e-11	2.273758825669521e-07				Aque_Aqu2.1.41049-001;Scil_g13539	0.007200126607303983	1.1694918522643926e-103	Aque_Aqu2.1.37407-001;Scil_g4131	5.959310045388851e-09	0.00196209406172658	Aque_Aqu2.1.31551-001;Scil_g1483	0.0004550419940629617	4.085735599763043e-06				Aque_Aqu2.1.42093-001;Slac_ENSLPGG00000011166	0.0006886285707111513	8.952484914315567e-25	Aque_Aqu2.1.24884-001;Slac_ENSLPGG00000016023	2.088362072783549e-50	1.1789178520790766e-50	Aque_Aqu2.1.17816-001;Slac_ENSLPGG00000019065	0.004846158259488255	1.7021584360314615e-05	Aque_Aqu2.1.43982-001;Slac_ENSLPGG00000010736	0.00026536629051856613	2.0988989273194013e-05	Aque_Aqu2.1.41989-001;Slac_ENSLPGG00000004351	7.953537235757875e-32	0.0045756428249540725	Aque_Aqu2.1.28497-001;Slac_ENSLPGG00000009453	6.265744639493593e-06	1.297346950394959e-07	Aque_Aqu2.1.40738-001;Slac_ENSLPGG00000007322	6.218782870818954e-08	5.655621197163008e-32	Aque_Aqu2.1.24985-001;Scil_g9168	0.0004749866565147738	3.876474611495234e-139	Aque_Aqu2.1.34344-001;Scil_g119	2.149882173753952e-14	1.0977579962824666e-31	Aque_Aqu2.1.42762-001;Scil_g5254	7.811805062921284e-23	0.005356450352588373				Aque_Aqu2.1.42038-001;Slac_ENSLPGG00000004661	0.0014399152234147294	0.00014338362437445363	Aque_Aqu2.1.43289-001;Slac_ENSLPGG00000001774	0.004440306993347242	3.6528869866102756e-06	Scil_g10669;Slac_ENSLPGG00000026194	0.003749453953567109	1.969891307800923e-05	Scil_g3668;Slac_ENSLPGG00000022563	1.4998070167165875e-08	6.237240578969627e-07	Scil_g10108;Slac_ENSLPGG00000030375	0.0026833894586777538	0.0009062360447060605							Scil_g4725;Slac_ENSLPGG00000022031	0.007071540977103302	0.009696082349253645	Scil_g12785;Slac_ENSLPGG00000021186	1.6615381302058852e-07	3.5927119594215055e-24	Scil_g5780;Slac_ENSLPGG00000007158	2.9711931366042666e-50	1.3921670430557845e-07	Scil_g1483;Slac_ENSLPGG00000019065	4.085735599763043e-06	0.002143493550466423						
Aque_Aqu2.1.43581-001;Scil_g2671	5.4958467372897874e-33	1.6481347787260075e-30	Aque_Aqu2.1.39927-001;Scil_g2125	2.100681945699731e-42	7.46393838870838e-12	Aque_Aqu2.1.16620-001;Scil_g10793	3.397334660599216e-165	2.0933444663797696e-15	Aque_Aqu2.1.30833-001;Slac_ENSLPGG00000019944	0.001936844846956756	3.373006946543885e-07				Aque_Aqu2.1.28078-001;Slac_ENSLPGG00000010195	6.696460884889418e-10	2.1728558564461395e-216	Aque_Aqu2.1.36440-001;Slac_ENSLPGG00000023162	1.870813149542384e-64	4.8549444338067336e-08	Aque_Aqu2.1.35059-001;Slac_ENSLPGG00000029417	1.5620453396581136e-08	1.788872151034204e-11				Aque_Aqu2.1.34889-001;Slac_ENSLPGG00000015697	1.5432351494046116e-19	0.005407530889196127				Aque_Aqu2.1.24987-001;Slac_ENSLPGG00000003239	1.6948309903525678e-12	2.1696472139349363e-06	Aque_Aqu2.1.34140-001;Slac_ENSLPGG00000007158	1.662739836406084e-09	2.0838815629998246e-20	Aque_Aqu2.1.17816-001;Slac_ENSLPGG00000019065	0.009367143325851741	0.004592237966067324	Aque_Aqu2.1.35251-001;Scil_g9317	0.0003765303201529725	6.465571092368724e-05	Aque_Aqu2.1.39703-001;Slac_ENSLPGG00000021186	3.9358458296685827e-17	1.7535438192775834e-53	Aque_Aqu2.1.11170-001;Scil_g3388	6.638703732775192e-08	4.153586111703442e-07	Aque_Aqu2.1.44009-001;Slac_ENSLPGG00000020586	3.403777570357306e-09	4.174689950786955e-05				Aque_Aqu2.1.40905-001;Scil_g13078	2.293128987599471e-12	1.991643228201955e-20	Aque_Aqu2.1.36606-001;Scil_g402	6.429704257152719e-05	0.0003005960655922788	Aque_Aqu2.1.33622-001;Scil_g2756	1.708447263117159e-16	0.0004767352567340763				Aque_Aqu2.1.37962-001;Slac_ENSLPGG00000013746	8.655414198411728e-23	0.005253464605220461	Aque_Aqu2.1.41892-001;Slac_ENSLPGG00000007525	5.2142493076430264e-14	3.993170464153228e-16	Aque_Aqu2.1.17816-001;Slac_ENSLPGG00000007158	0.004846158259488255	5.42418213709586e-07	Aque_Aqu2.1.31064-001;Slac_ENSLPGG00000021800	0.00019272678791150202	0.0011661821359481082	Aque_Aqu2.1.41049-001;Slac_ENSLPGG00000015888	0.007200126607303983	9.16330091270066e-55	Aque_Aqu2.1.43536-001;Slac_ENSLPGG00000017855	3.1456270560029736e-13	0.0018345151332905534	Aque_Aqu2.1.08677-001;Slac_ENSLPGG00000008987	7.208488648075431e-16	0.001852208764674488	Aque_Aqu2.1.42762-001;Scil_g5254	7.811805062921284e-23	7.915691230088375e-05	Aque_Aqu2.1.27224-001;Scil_g2125	0.00698422672407088	3.513457657467906e-18	Aque_Aqu2.1.35197-001;Scil_g12865	0.004331050278405647	1.4546323406001222e-33				Aque_Aqu2.1.06909-001;Slac_ENSLPGG00000017249	0.00029154014109448415	2.7960758266839587e-05	Aque_Aqu2.1.42693-001;Slac_ENSLPGG00000003239	5.036351134363364e-08	9.769992645110384e-09	Scil_g2018;Slac_ENSLPGG00000007322	3.0609869963813252e-15	7.737038726130456e-15	Scil_g6477;Slac_ENSLPGG00000009324	0.0062350988250728465	0.0016273209584915234	Scil_g10960;Slac_ENSLPGG00000020470	7.697874836345238e-14	0.0026781387316083716							Scil_g2125;Slac_ENSLPGG00000027899	0.001250635568289448	0.0043016326248244965	Scil_g10960;Slac_ENSLPGG00000010273	7.697874836345238e-14	2.9181703033897673e-09	Scil_g10960;Slac_ENSLPGG00000000921	0.00010166511914957086	0.00020497790178902148	Scil_g6182;Slac_ENSLPGG00000008996	6.54132555884722e-05	2.383566135459776e-06						
Aque_Aqu2.1.39927-001;Scil_g1970	2.100681945699731e-42	1.235607112604749e-33	Aque_Aqu2.1.39201-001;Scil_g5203	7.815203465075636e-11	7.507898294670868e-53	Aque_Aqu2.1.29892-001;Scil_g2894	0.00882540214751287	6.63625816753973e-19	Aque_Aqu2.1.13985-001;Slac_ENSLPGG00000020432	0.007557710813279713	2.0129618695178167e-63				Aque_Aqu2.1.37818-001;Slac_ENSLPGG00000010551	1.1042169105070999e-65	6.172796168552728e-06	Aque_Aqu2.1.43688-001;Slac_ENSLPGG00000024534	2.2064988080306972e-14	8.111986096029365e-09	Aque_Aqu2.1.06465-001;Slac_ENSLPGG00000010731	4.271173516306627e-06	5.5460858294258525e-49				Aque_Aqu2.1.34878-001;Slac_ENSLPGG00000018350	1.2375873514274677e-13	0.002089581030277504				Aque_Aqu2.1.43788-001;Slac_ENSLPGG00000012981	1.2849197808890718e-08	3.131393800435421e-11	Aque_Aqu2.1.42687-001;Slac_ENSLPGG00000001971	6.647976170810761e-13	0.0009435786324523421	Aque_Aqu2.1.39703-001;Slac_ENSLPGG00000008996	8.926042219776161e-05	8.656770680653274e-05	Aque_Aqu2.1.27832-001;Scil_g10250	5.939276265577746e-23	0.0005451358125084988	Aque_Aqu2.1.27287-001;Slac_ENSLPGG00000013677	3.591885653132833e-29	1.1102809994691477e-05	Aque_Aqu2.1.24879-001;Scil_g1084	0.00024797248585702985	1.1466091512127801e-14	Aque_Aqu2.1.35503-001;Slac_ENSLPGG00000000967	6.524992042139891e-05	1.6969914153055907e-11				Aque_Aqu2.1.34863-001;Scil_g10363	7.856949568546215e-16	1.7683703946708102e-19	Aque_Aqu2.1.34863-001;Scil_g2820	7.856949568546215e-16	6.411161546849771e-05	Aque_Aqu2.1.28453-001;Scil_g2624	1.0394247470338174e-05	1.365660569752361e-10				Aque_Aqu2.1.28497-001;Slac_ENSLPGG00000009116	6.265744639493593e-06	6.14592868531139e-18	Aque_Aqu2.1.41482-001;Slac_ENSLPGG00000007158	2.257130122823816e-08	2.3171329481883538e-23	Aque_Aqu2.1.17816-001;Slac_ENSLPGG00000001139	0.004846158259488255	2.1318647841890573e-07	Aque_Aqu2.1.31551-001;Slac_ENSLPGG00000007158	0.0004550419940629617	3.092012612494674e-08	Aque_Aqu2.1.23692-001;Slac_ENSLPGG00000015112	1.2841772084763492e-19	0.0002902087639971218	Aque_Aqu2.1.37486-001;Slac_ENSLPGG00000000564	5.791765336917085e-10	3.407158897655185e-05	Aque_Aqu2.1.28495-001;Slac_ENSLPGG00000011327	4.458325986516477e-24	0.002660359306382542	Aque_Aqu2.1.43637-001;Scil_g13000	4.913286201607988e-09	7.958143268706407e-59	Aque_Aqu2.1.43637-001;Scil_g13000	4.913286201607988e-09	3.139328915068049e-23	Aque_Aqu2.1.39672-001;Scil_g5254	4.853247615656722e-15	0.005356450352588373				Aque_Aqu2.1.33934-001;Slac_ENSLPGG00000014966	0.0066287920109250305	0.00042512389653708975	Aque_Aqu2.1.29717-001;Slac_ENSLPGG00000007301	7.19876435422707e-05	2.895248310330986e-16	Scil_g8861;Slac_ENSLPGG00000003184	0.000972653632666094	5.435635391302434e-06	Scil_g1483;Slac_ENSLPGG00000006271	2.479568833724734e-22	0.00010329686300105768	Scil_g5653;Slac_ENSLPGG00000018075	0.001056391171539997	1.3233962006576287e-07							Scil_g968;Slac_ENSLPGG00000007421	7.295795542652074e-11	0.0057484223502981616	Scil_g7865;Slac_ENSLPGG00000019578	3.759490286505337e-12	0.0048945557979933815	Scil_g11222;Slac_ENSLPGG00000007158	9.325436313824295e-14	1.3921670430557845e-07	Scil_g980;Slac_ENSLPGG00000015655	0.0005986017299019908	3.02085994403222e-06						
Aque_Aqu2.1.44325-001;Scil_g533	1.4970828419916077e-16	9.037037619188098e-26	Aque_Aqu2.1.43276-001;Scil_g11587	1.0182416073641277e-129	4.192068481728588e-05	Aque_Aqu2.1.39108-001;Scil_g1492	1.5603924607670408e-114	4.1545101525743535e-28	Aque_Aqu2.1.43252-001;Slac_ENSLPGG00000027461	7.204283024959723e-21	5.668657897950773e-08				Aque_Aqu2.1.25405-001;Slac_ENSLPGG00000020148	2.7610085691748473e-15	2.4461343453796475e-20	Aque_Aqu2.1.38435-001;Slac_ENSLPGG00000005083	1.829410315713854e-09	3.3662088198379713e-09	Aque_Aqu2.1.27294-001;Slac_ENSLPGG00000024534	5.209276424915187e-19	0.0002946668225709229				Aque_Aqu2.1.20046-001;Slac_ENSLPGG00000010168	4.1919986784620565e-08	1.0828740980594065e-06				Aque_Aqu2.1.24276-001;Slac_ENSLPGG00000022619	2.4507403536374703e-05	8.592805415576524e-09	Aque_Aqu2.1.42077-001;Slac_ENSLPGG00000024184	1.6179795020463484e-12	1.3790439628474324e-08	Aque_Aqu2.1.34441-001;Slac_ENSLPGG00000010736	0.0034208755669669134	1.2664158827925261e-08	Aque_Aqu2.1.42050-001;Scil_g9955	1.537475133511411e-11	8.310688268255026e-05	Aque_Aqu2.1.33671-001;Slac_ENSLPGG00000008220	2.064077112875498e-08	1.7439124872034618e-54	Aque_Aqu2.1.28308-001;Scil_g13192	1.0706868481635906e-06	0.0014322155262061593	Aque_Aqu2.1.17816-001;Slac_ENSLPGG00000001139	1.1230267612856121e-05	8.419665194249147e-35				Aque_Aqu2.1.27353-001;Scil_g11067	9.44565242901379e-09	3.4113450508160326e-51	Aque_Aqu2.1.42762-001;Scil_g402	1.0081478109652569e-17	0.0003005960655922788	Aque_Aqu2.1.39740-001;Scil_g3460	4.782629770823607e-08	0.0030212586922886246				Aque_Aqu2.1.38146-001;Slac_ENSLPGG00000012949	6.387586082111135e-11	2.5981849991575668e-160	Aque_Aqu2.1.14505-001;Slac_ENSLPGG00000012981	4.1608280773534837e-17	1.3335247027011732e-14	Aque_Aqu2.1.44245-001;Slac_ENSLPGG00000020822	0.001577587927672461	0.005430377047595603	Aque_Aqu2.1.43267-001;Slac_ENSLPGG00000027461	3.1038449995845004e-09	0.0044535470809418595	Aque_Aqu2.1.31388-001;Slac_ENSLPGG00000021402	0.004760476945746735	4.086647031115975e-16	Aque_Aqu2.1.41049-001;Slac_ENSLPGG00000015888	0.007200126607303983	3.8687716420603493e-174	Aque_Aqu2.1.34140-001;Slac_ENSLPGG00000001139	1.0121820050408576e-29	4.69500827060743e-21	Aque_Aqu2.1.43636-001;Scil_g2645	0.0008403213309444536	3.7308049854168335e-83	Aque_Aqu2.1.39232-001;Scil_g11100	7.248897726992047e-09	3.531243398369102e-24	Aque_Aqu2.1.42622-001;Scil_g6134	1.0715451731342153e-09	6.434496800501183e-47				Aque_Aqu2.1.28239-001;Slac_ENSLPGG00000022242	0.0012978745858962025	5.05236251247651e-12	Aque_Aqu2.1.33091-001;Slac_ENSLPGG00000026391	0.006438850521977652	3.1216404839785876e-07	Scil_g647;Slac_ENSLPGG00000019384	0.00029538876298533675	0.0014562631862502784	Scil_g8192;Slac_ENSLPGG00000011839	2.4409454456120322e-27	3.187901163744036e-05	Scil_g11616;Slac_ENSLPGG00000003818	0.0005567674922374866	0.004262066830711639							Scil_g1526;Slac_ENSLPGG00000026673	5.035546169744631e-12	0.00978575930185315	Scil_g13820;Slac_ENSLPGG00000018774	2.3448594471839515e-08	2.4166258980482844e-09	Scil_g12815;Slac_ENSLPGG00000012644	8.337070304659939e-61	0.0019403244079432371	Scil_g1098;Slac_ENSLPGG00000006271	0.00827391027704454	3.1018371628481413e-06						
Aque_Aqu2.1.32713-001;Scil_g2679	2.6072070909321647e-14	3.449463238812816e-18	Aque_Aqu2.1.32930-001;Scil_g9417	7.663138857997222e-90	1.514126013743912e-32	Aque_Aqu2.1.39784-001;Scil_g9453	1.5219993781510476e-58	4.49983027371432e-20	Aque_Aqu2.1.44322-001;Slac_ENSLPGG00000018844	8.465724691870346e-08	0.0011538952408238835				Aque_Aqu2.1.09020-001;Slac_ENSLPGG00000018656	2.4943909941102765e-84	0.009462850404499124	Aque_Aqu2.1.18098-001;Slac_ENSLPGG00000007363	0.00010510904740299329	1.0730688891472475e-22	Aque_Aqu2.1.37974-001;Slac_ENSLPGG00000010195	3.1695571352348735e-06	2.141499075369723e-85				Aque_Aqu2.1.37974-001;Slac_ENSLPGG00000010195	3.1695571352348735e-06	2.896743808193686e-104				Aque_Aqu2.1.33622-001;Slac_ENSLPGG00000002171	3.31852085524485e-07	4.811942582704965e-16	Aque_Aqu2.1.17816-001;Slac_ENSLPGG00000001139	0.009367143325851741	1.364164359996385e-34	Aque_Aqu2.1.43353-001;Slac_ENSLPGG00000008404	0.0009101416768829036	0.0017414619888744768	Aque_Aqu2.1.42700-001;Scil_g9955	1.3533484421805182e-09	8.310688268255026e-05	Aque_Aqu2.1.38181-001;Slac_ENSLPGG00000008996	0.0014557742047692525	6.84524996954501e-21	Aque_Aqu2.1.33324-001;Scil_g2050	5.473823880593289e-09	0.00028651022064054156	Aque_Aqu2.1.33671-001;Slac_ENSLPGG00000008220	2.1653315935197197e-05	1.7439124872034618e-54				Aque_Aqu2.1.28497-001;Scil_g9850	6.265744639493593e-06	2.3017395799018037e-22	Aque_Aqu2.1.28453-001;Scil_g2624	1.0394247470338174e-05	1.2445680806480602e-07	Aque_Aqu2.1.33635-001;Scil_g10960	0.00010669886911690847	3.516281539997559e-05				Aque_Aqu2.1.35253-001;Slac_ENSLPGG00000012471	3.5542328552532075e-13	9.012536840606819e-20	Aque_Aqu2.1.43987-001;Slac_ENSLPGG00000002394	3.283156008267793e-06	1.4512784716372902e-32	Aque_Aqu2.1.37770-001;Slac_ENSLPGG00000015655	0.006518916636731035	0.001643061116721589	Aque_Aqu2.1.07545-001;Slac_ENSLPGG00000029433	0.009147084110062452	7.965744652964937e-06	Aque_Aqu2.1.37486-001;Slac_ENSLPGG00000021186	5.791765336917085e-10	1.220442759122435e-24	Aque_Aqu2.1.23692-001;Slac_ENSLPGG00000015112	1.2841772084763492e-19	0.00549930044633956	Aque_Aqu2.1.28489-001;Slac_ENSLPGG00000009116	1.2639077541595553e-28	1.187914787539918e-27	Aque_Aqu2.1.33928-001;Scil_g119	1.7070164772059762e-09	1.1240744252913564e-101	Aque_Aqu2.1.28775-001;Scil_g2024	1.0158747778249796e-05	9.755691899743128e-10	Aque_Aqu2.1.36215-001;Scil_g6570	0.003047793759187989	1.6290942099722828e-07				Aque_Aqu2.1.33103-001;Slac_ENSLPGG00000004610	0.00023967365494445886	5.265800948805385e-05	Aque_Aqu2.1.28194-001;Slac_ENSLPGG00000012945	0.0045912394646443755	9.910864390936659e-20	Scil_g2312;Slac_ENSLPGG00000026194	0.00047418108694509317	1.969891307800923e-05	Scil_g5780;Slac_ENSLPGG00000006271	1.401077682156374e-56	0.00010329686300105768	Scil_g11222;Slac_ENSLPGG00000019065	5.013830628113789e-07	5.413313929192906e-06										Scil_g8186;Slac_ENSLPGG00000018774	2.027576154248112e-06	2.4166258980482844e-09	Scil_g552;Slac_ENSLPGG00000010574	9.063270920807916e-38	1.624723813509285e-05	Scil_g6182;Slac_ENSLPGG00000021186	6.54132555884722e-05	1.5866616825505543e-23						
Aque_Aqu2.1.35197-001;Scil_g12865	2.5740157898972076e-06	8.708814194825942e-35	Aque_Aqu2.1.43581-001;Scil_g2671	5.4958467372897874e-33	9.343901670002873e-11	Aque_Aqu2.1.32585-001;Scil_g8241	3.4239698025737356e-115	0.000157360397134646	Aque_Aqu2.1.29376-001;Slac_ENSLPGG00000018015	0.000358434222937596	0.00026856242960535636				Aque_Aqu2.1.34878-001;Slac_ENSLPGG00000018350	1.029702300556858e-14	8.772695547919577e-06	Aque_Aqu2.1.31194-001;Slac_ENSLPGG00000008469	1.2800872678568997e-122	9.802980580536061e-14	Aque_Aqu2.1.43688-001;Slac_ENSLPGG00000024534	2.2064988080306972e-14	0.0002946668225709229				Aque_Aqu2.1.27294-001;Slac_ENSLPGG00000021584	5.209276424915187e-19	0.0003089125655902511				Aque_Aqu2.1.36606-001;Slac_ENSLPGG00000013283	5.622930540080185e-07	2.6704193679793666e-05	Aque_Aqu2.1.39672-001;Slac_ENSLPGG00000021127	6.3157949007109966e-09	0.009342612883849542	Aque_Aqu2.1.43551-001;Slac_ENSLPGG00000011839	0.0005635633996396587	0.009479926360797563	Aque_Aqu2.1.35998-001;Scil_g6487	6.231082991345739e-05	2.1519754728277792e-07	Aque_Aqu2.1.35503-001;Slac_ENSLPGG00000001761	2.462783846913317e-07	5.837025646251024e-10	Aque_Aqu2.1.29078-001;Scil_g4585	0.0002411810254516003	9.719865489805225e-06	Aque_Aqu2.1.22481-001;Slac_ENSLPGG00000025722	0.0007321366329407624	1.3456439192448823e-08				Aque_Aqu2.1.40394-001;Scil_g12529	0.008548448215663518	2.585553304861641e-14	Aque_Aqu2.1.39672-001;Scil_g402	1.7219934783810546e-24	0.0003005960655922788	Aque_Aqu2.1.33635-001;Scil_g3056	0.00010669886911690847	2.0628480496730304e-08				Aque_Aqu2.1.38560-001;Slac_ENSLPGG00000006923	1.0497286366750963e-20	4.281774508540483e-08	Aque_Aqu2.1.24276-001;Slac_ENSLPGG00000022619	2.486556444344543e-15	0.0003943835124158023	Aque_Aqu2.1.39703-001;Slac_ENSLPGG00000021186	0.0003983784087831898	1.0932599746270406e-05	Aque_Aqu2.1.43982-001;Slac_ENSLPGG00000025832	0.00026536629051856613	0.0012720284587831403	Aque_Aqu2.1.42077-001;Slac_ENSLPGG00000024184	2.5024776515125946e-13	7.274698711174481e-07	Aque_Aqu2.1.37407-001;Slac_ENSLPGG00000020178	5.959310045388851e-09	5.984877303900408e-05	Aque_Aqu2.1.23692-001;Slac_ENSLPGG00000012471	1.2841772084763492e-19	8.124978717659955e-08	Aque_Aqu2.1.07543-001;Scil_g9417	4.81622449486522e-09	8.875182419450473e-102	Aque_Aqu2.1.43674-001;Scil_g5780	4.400615814884635e-07	2.9711931366042666e-50	Aque_Aqu2.1.32720-001;Scil_g951	8.485865122776761e-05	1.0474636807702259e-19				Aque_Aqu2.1.28239-001;Slac_ENSLPGG00000020387	0.0012978745858962025	1.426037482103243e-13	Aque_Aqu2.1.41653-001;Slac_ENSLPGG00000016670	0.00015124303198012855	1.7782582286590489e-06	Scil_g176;Slac_ENSLPGG00000001013	4.6128602470137076e-46	9.900491958884998e-26	Scil_g11447;Slac_ENSLPGG00000009116	0.0011988833990713961	1.3356495854071297e-16	Scil_g2624;Slac_ENSLPGG00000026946	1.2445680806480602e-07	0.0005230426944674553										Scil_g11447;Slac_ENSLPGG00000011327	0.0011988833990713961	0.002660359306382542	Scil_g2615;Slac_ENSLPGG00000027773	0.004718642288528333	2.3319795781240976e-06	Scil_g2151;Slac_ENSLPGG00000006993	1.072554013802049e-05	9.559888593803473e-09						
Aque_Aqu2.1.27224-001;Scil_g2125	6.85573730359377e-63	3.513457657467906e-18	Aque_Aqu2.1.28078-001;Scil_g4955	6.696460884889418e-10	1.3274390645344907e-15	Aque_Aqu2.1.36263-001;Scil_g354	1.778679896019185e-56	2.5869318161768728e-17	Aque_Aqu2.1.37748-001;Slac_ENSLPGG00000010195	0.006868279958800548	1.0486439829286918e-69				Aque_Aqu2.1.28570-001;Slac_ENSLPGG00000017185	6.837768357397875e-22	6.725487470921888e-05	Aque_Aqu2.1.27224-001;Slac_ENSLPGG00000026851	4.73010969370581e-25	3.1378676356872758e-09	Aque_Aqu2.1.38366-001;Slac_ENSLPGG00000024534	2.353359925872487e-15	0.0002946668225709229				Aque_Aqu2.1.33543-001;Slac_ENSLPGG00000028631	3.338337069377686e-35	1.2704083787928455e-19				Aque_Aqu2.1.44140-001;Slac_ENSLPGG00000009453	8.885562534779468e-10	6.590504302001542e-85	Aque_Aqu2.1.42151-001;Slac_ENSLPGG00000021186	0.0002867980365569547	6.881624328924807e-14	Aque_Aqu2.1.43551-001;Slac_ENSLPGG00000018987	0.0005635633996396587	6.075516351583151e-07	Aque_Aqu2.1.31965-001;Scil_g10128	5.978261534384289e-50	3.7939070721083785e-05	Aque_Aqu2.1.22593-001;Slac_ENSLPGG00000000696	1.5536730639715765e-15	5.830310343059631e-06	Aque_Aqu2.1.20504-001;Scil_g1576	0.0037927081630394956	1.7880041594527604e-28	Aque_Aqu2.1.38503-001;Slac_ENSLPGG00000006423	0.0011044028395433855	3.266166105766691e-05				Aque_Aqu2.1.33622-001;Scil_g13259	1.708447263117159e-16	0.0019587669444009245	Aque_Aqu2.1.42154-001;Scil_g12529	2.4653836889926653e-06	3.227376468718222e-06	Aque_Aqu2.1.27258-001;Scil_g2151	4.614981215518772e-18	1.072554013802049e-05				Aque_Aqu2.1.38824-001;Slac_ENSLPGG00000026194	0.0021069493728025235	1.969891307800923e-05	Aque_Aqu2.1.36834-001;Slac_ENSLPGG00000001863	6.293040206454155e-06	0.008488969049799896	Aque_Aqu2.1.44139-001;Slac_ENSLPGG00000008750	0.0013345187120564206	1.1333697489390906e-08	Aque_Aqu2.1.40827-001;Slac_ENSLPGG00000013093	0.004363203127297335	0.005143381651717037	Aque_Aqu2.1.35781-001;Slac_ENSLPGG00000016523	0.0016572738315866653	0.002769361568927161	Aque_Aqu2.1.25769-001;Slac_ENSLPGG00000008220	3.2643039449818794e-11	3.0436877260285724e-40	Aque_Aqu2.1.42762-001;Slac_ENSLPGG00000010506	1.0081478109652569e-17	1.263049125259277e-07	Aque_Aqu2.1.31551-001;Scil_g5780	5.480233371944621e-11	4.7119462055778926e-68	Aque_Aqu2.1.35197-001;Scil_g12865	0.004331050278405647	8.708814194825942e-35	Aque_Aqu2.1.34343-001;Scil_g119	1.074270232820891e-06	4.12906544749031e-51				Aque_Aqu2.1.31017-001;Slac_ENSLPGG00000027609	0.008433211035756423	4.4008904291681817e-10	Aque_Aqu2.1.42183-001;Slac_ENSLPGG00000010520	5.780185608994803e-10	0.0008111914899248618	Scil_g9815;Slac_ENSLPGG00000028025	3.979340550056759e-15	1.9481484135242517e-27	Scil_g1098;Slac_ENSLPGG00000006271	7.599970776583826e-09	0.00010329686300105768	Scil_g10960;Slac_ENSLPGG00000012471	7.697874836345238e-14	0.0005192764684538317										Scil_g402;Slac_ENSLPGG00000010506	0.0003005960655922788	1.263049125259277e-07	Scil_g10960;Slac_ENSLPGG00000012471	0.00010166511914957086	0.005559596267054266	Scil_g8930;Slac_ENSLPGG00000008996	0.003008471673133274	2.383566135459776e-06						
Aque_Aqu2.1.43558-001;Scil_g4517	3.1472571512040617e-06	4.833548353276332e-67	Aque_Aqu2.1.27224-001;Scil_g1970	6.85573730359377e-63	1.7432853746357123e-10	Aque_Aqu2.1.14137-001;Scil_g8105	3.1178299804803794e-58	1.062772877784191e-07	Aque_Aqu2.1.32935-001;Slac_ENSLPGG00000009421	0.0003373941448991585	0.004332928441083934				Aque_Aqu2.1.37627-001;Slac_ENSLPGG00000026511	6.441016235742463e-15	1.1324760955421009e-05	Aque_Aqu2.1.43341-001;Slac_ENSLPGG00000007608	1.0437843238720978e-84	2.2197133756376987e-15	Aque_Aqu2.1.33543-001;Slac_ENSLPGG00000010511	3.338337069377686e-35	5.3327361654016554e-09				Aque_Aqu2.1.37748-001;Slac_ENSLPGG00000010195	0.00044414085346194607	2.896743808193686e-104				Aque_Aqu2.1.38752-001;Slac_ENSLPGG00000014037	2.5967541173213717e-13	2.8937728943288984e-19	Aque_Aqu2.1.44218-001;Slac_ENSLPGG00000015655	1.5630724984533242e-08	2.5317165897381096e-09	Aque_Aqu2.1.29497-001;Slac_ENSLPGG00000014506	0.009540321936991298	0.0009833010544851581	Aque_Aqu2.1.33379-001;Scil_g1596	4.825879522356487e-18	0.0071669584175821435	Aque_Aqu2.1.31344-001;Slac_ENSLPGG00000020586	5.241073075146672e-07	4.174689950786955e-05	Aque_Aqu2.1.31388-001;Scil_g13734	0.009425638668166618	0.00010448839775807025	Aque_Aqu2.1.38393-001;Slac_ENSLPGG00000013990	0.0003197347290015396	5.561679774912e-16				Aque_Aqu2.1.43749-001;Scil_g2558	2.132643713116904e-10	1.229150431460257e-08	Aque_Aqu2.1.41065-001;Scil_g13820	0.002433444354028677	2.3448594471839515e-08	Aque_Aqu2.1.34140-001;Scil_g1483	1.0121820050408576e-29	4.085735599763043e-06				Aque_Aqu2.1.41520-001;Slac_ENSLPGG00000018774	4.988517977277189e-10	3.4238613652926317e-09	Aque_Aqu2.1.42077-001;Slac_ENSLPGG00000024184	2.5024776515125946e-13	1.807251628799892e-11	Aque_Aqu2.1.44139-001;Slac_ENSLPGG00000009116	0.0013345187120564206	1.2402889402997416e-10	Aque_Aqu2.1.22984-001;Slac_ENSLPGG00000003607	0.0011070273067554314	0.00400308024856943	Aque_Aqu2.1.40721-001;Slac_ENSLPGG00000007294	0.0002207593425700575	1.6232988170041348e-08	Aque_Aqu2.1.24884-001;Slac_ENSLPGG00000016023	2.088362072783549e-50	2.1332530687575003e-21	Aque_Aqu2.1.41989-001;Slac_ENSLPGG00000004351	7.953537235757875e-32	1.7027214369341266e-06	Aque_Aqu2.1.44325-001;Scil_g533	0.008603398748427676	2.6650878305591554e-38	Aque_Aqu2.1.32720-001;Scil_g951	8.485865122776761e-05	4.564855175800409e-22	Aque_Aqu2.1.44325-001;Scil_g533	0.008603398748427676	1.2059735672527065e-19				Aque_Aqu2.1.42623-001;Slac_ENSLPGG00000015073	0.0026824216833854103	0.0003519818285906026	Aque_Aqu2.1.21070-001;Slac_ENSLPGG00000020792	2.4325875048100454e-11	0.00032742385481252927	Scil_g2756;Slac_ENSLPGG00000002171	5.95074074397426e-10	7.388655311919578e-20	Scil_g12785;Slac_ENSLPGG00000021186	1.6615381302058852e-07	5.034074710478306e-19	Scil_g4725;Slac_ENSLPGG00000022031	0.007071540977103302	1.6521542134525504e-05										Scil_g10960;Slac_ENSLPGG00000012471	7.697874836345238e-14	8.124978717659955e-08	Scil_g3808;Slac_ENSLPGG00000002140	4.4005623375883204e-05	6.326684312611941e-13	Scil_g2024;Slac_ENSLPGG00000012981	4.646532910031047e-06	1.3335247027011732e-14						
Aque_Aqu2.1.33740-001;Scil_g9493	1.0543340401031923e-102	2.1153771775813224e-57	Aque_Aqu2.1.21084-001;Scil_g9931	5.175422506174251e-16	3.3096202968895437e-40	Aque_Aqu2.1.37747-001;Scil_g4955	1.520304058493942e-143	1.6734184458248347e-07	Aque_Aqu2.1.42634-001;Slac_ENSLPGG00000010736	0.007410399647017482	0.0007123910983002527				Aque_Aqu2.1.35102-001;Slac_ENSLPGG00000025541	1.0235518336439858e-13	7.072951195679239e-10	Aque_Aqu2.1.28194-001;Slac_ENSLPGG00000011679	5.413732422862782e-38	0.0005453822821599694	Aque_Aqu2.1.37256-001;Slac_ENSLPGG00000024580	6.924649891263139e-08	0.00018847890202981988				Aque_Aqu2.1.42135-001;Slac_ENSLPGG00000018656	1.4309521520650948e-07	6.418056167929435e-06				Aque_Aqu2.1.42151-001;Slac_ENSLPGG00000021186	0.0002867980365569547	5.034074710478306e-19	Aque_Aqu2.1.43788-001;Slac_ENSLPGG00000012981	1.2849197808890718e-08	8.513066735387627e-07	Aque_Aqu2.1.29497-001;Slac_ENSLPGG00000014782	0.009540321936991298	0.008818631329743608	Aque_Aqu2.1.43540-001;Scil_g1266	4.262255145870636e-06	1.4961718621363973e-06	Aque_Aqu2.1.30289-001;Slac_ENSLPGG00000025722	0.0001468761530381819	1.3456439192448823e-08	Aque_Aqu2.1.38596-001;Scil_g8391	4.915425379001228e-11	0.0037906289211224855	Aque_Aqu2.1.28493-001;Slac_ENSLPGG00000009116	4.321453769502233e-21	3.098026050711895e-06				Aque_Aqu2.1.39672-001;Scil_g13259	1.7219934783810546e-24	0.0019587669444009245	Aque_Aqu2.1.42093-001;Scil_g3806	0.0006886285707111513	3.452312820229575e-05	Aque_Aqu2.1.34863-001;Scil_g2820	7.856949568546215e-16	2.0116989466359346e-05				Aque_Aqu2.1.37407-001;Slac_ENSLPGG00000018774	5.959310045388851e-09	3.4238613652926317e-09	Aque_Aqu2.1.43252-001;Slac_ENSLPGG00000025032	1.118841022757129e-86	0.006542027272199874				Aque_Aqu2.1.44139-001;Slac_ENSLPGG00000009116	0.0013345187120564206	5.930858528443236e-08	Aque_Aqu2.1.26969-001;Slac_ENSLPGG00000010736	0.008672518046652826	1.2664158827925261e-08	Aque_Aqu2.1.14505-001;Slac_ENSLPGG00000012981	4.1608280773534837e-17	0.00011499550597623149	Aque_Aqu2.1.30867-001;Slac_ENSLPGG00000007158	1.3309245062395783e-20	1.965018913530473e-21	Aque_Aqu2.1.40839-001;Scil_g11331	7.198710762014658e-21	1.1780793404929863e-07	Aque_Aqu2.1.33928-001;Scil_g119	1.7070164772059762e-09	1.0977579962824666e-31	Aque_Aqu2.1.27224-001;Scil_g2125	0.00698422672407088	7.46393838870838e-12				Aque_Aqu2.1.39784-001;Slac_ENSLPGG00000008251	0.007948759501957106	9.16661881751561e-07	Aque_Aqu2.1.14505-001;Slac_ENSLPGG00000008607	0.0012907827016655612	2.0066743189654983e-05	Scil_g9850;Slac_ENSLPGG00000023963	2.3017395799018037e-22	0.00026303246838548124	Scil_g11283;Slac_ENSLPGG00000025842	0.0001944654720352231	5.791004440231865e-07	Scil_g13000;Slac_ENSLPGG00000029928	7.650787255511761e-23	0.009521336134590821										Scil_g4131;Slac_ENSLPGG00000020178	0.00196209406172658	5.203780196752114e-10	Scil_g6573;Slac_ENSLPGG00000005942	1.2758087413231153e-46	0.008015423836045225	Scil_g3316;Slac_ENSLPGG00000004765	4.81600624494851e-16	5.6238260485352485e-05						
Aque_Aqu2.1.39108-001;Scil_g1492	1.5603924607670408e-114	1.3944934318582317e-48	Aque_Aqu2.1.16671-001;Scil_g13745	1.7538076482175143e-30	2.6179123761666576e-09	Aque_Aqu2.1.38470-001;Scil_g819	0.004861230740791713	2.902215219929445e-24							Aque_Aqu2.1.30397-001;Slac_ENSLPGG00000021584	2.6826963318527086e-11	1.5268177922787565e-06	Aque_Aqu2.1.43623-001;Slac_ENSLPGG00000012945	3.2638459470926394e-20	2.3190635250413133e-06	Aque_Aqu2.1.42087-001;Slac_ENSLPGG00000022449	0.001998237992359187	3.9730325797462426e-21				Aque_Aqu2.1.43688-001;Slac_ENSLPGG00000021584	2.2064988080306972e-14	0.0003089125655902511				Aque_Aqu2.1.44280-001;Slac_ENSLPGG00000021800	3.113278684368793e-07	3.3922600231729954e-21	Aque_Aqu2.1.25867-001;Slac_ENSLPGG00000010273	2.1213248264626324e-06	2.2568325936102162e-05				Aque_Aqu2.1.44079-001;Scil_g1266	9.083305623486143e-06	1.4961718621363973e-06	Aque_Aqu2.1.36448-001;Slac_ENSLPGG00000023442	9.987531583213903e-48	0.000828926358244257	Aque_Aqu2.1.32920-001;Scil_g9431	0.0019696549996616733	2.2604854558921415e-07	Aque_Aqu2.1.36608-001;Slac_ENSLPGG00000019073	7.508035989768948e-11	8.534002921826472e-09				Aque_Aqu2.1.41049-001;Scil_g130	0.007200126607303983	4.569395335591736e-93	Aque_Aqu2.1.41065-001;Scil_g8186	0.002433444354028677	2.027576154248112e-06	Aque_Aqu2.1.38524-001;Scil_g10858	9.419406752082244e-11	0.0035080747920656213				Aque_Aqu2.1.24884-001;Slac_ENSLPGG00000016023	2.088362072783549e-50	5.94045764611003e-58	Aque_Aqu2.1.31551-001;Slac_ENSLPGG00000006271	0.0004550419940629617	3.1018371628481413e-06				Aque_Aqu2.1.42693-001;Slac_ENSLPGG00000003239	0.0018360592641156288	0.0024448657731185493	Aque_Aqu2.1.33536-001;Slac_ENSLPGG00000026185	0.007328848895594257	3.277776417637774e-05	Aque_Aqu2.1.43329-001;Slac_ENSLPGG00000028356	2.4503123309393326e-14	0.008073199099584266	Aque_Aqu2.1.41892-001;Slac_ENSLPGG00000007525	5.2142493076430264e-14	2.4280532106859597e-36	Aque_Aqu2.1.44193-001;Scil_g3749	0.008761691378829603	5.015011148407402e-41	Aque_Aqu2.1.37079-001;Scil_g9493	3.790274397321719e-05	2.1153771775813224e-57	Aque_Aqu2.1.43440-001;Scil_g3916	1.8878112542246298e-07	9.705816545617034e-30				Aque_Aqu2.1.39784-001;Slac_ENSLPGG00000011679	0.007948759501957106	6.653444638887422e-06	Aque_Aqu2.1.36775-001;Slac_ENSLPGG00000018440	0.009357964652518258	5.874555645721488e-06	Scil_g10960;Slac_ENSLPGG00000010273	1.7814275668616436e-13	1.6978492039766335e-05	Scil_g10960;Slac_ENSLPGG00000012471	7.697874836345238e-14	3.25051042436473e-08	Scil_g3632;Slac_ENSLPGG00000013990	3.488081111876346e-12	0.00011171948951548569										Scil_g12529;Slac_ENSLPGG00000020219	3.227376468718222e-06	0.001543299165371714	Scil_g2024;Slac_ENSLPGG00000012981	9.755691899743128e-10	0.00011499550597623149	Scil_g13539;Slac_ENSLPGG00000015888	3.801568702753414e-10	5.421831364350314e-05						
Aque_Aqu2.1.28078-001;Scil_g4955	6.696460884889418e-10	2.8980325535352766e-11	Aque_Aqu2.1.40665-001;Scil_g3312	8.115709961538107e-35	3.106968286626422e-17	Aque_Aqu2.1.40665-001;Scil_g3312	8.115709961538107e-35	2.5631732670769705e-17							Aque_Aqu2.1.41031-001;Slac_ENSLPGG00000009534	6.673380659607345e-58	0.002123582891699598	Aque_Aqu2.1.38366-001;Slac_ENSLPGG00000024534	2.353359925872487e-15	8.111986096029365e-09	Aque_Aqu2.1.30395-001;Slac_ENSLPGG00000011626	5.308399926319828e-05	8.032473389373455e-52				Aque_Aqu2.1.42546-001;Slac_ENSLPGG00000003492	5.064749703075392e-09	2.543121976235892e-06				Aque_Aqu2.1.42151-001;Slac_ENSLPGG00000008996	0.0002867980365569547	1.5171894313138206e-05	Aque_Aqu2.1.01979-001;Slac_ENSLPGG00000003645	0.007012591066954428	1.6653069253683454e-07				Aque_Aqu2.1.07288-001;Scil_g3388	0.0003153131800253428	4.153586111703442e-07	Aque_Aqu2.1.38371-001;Slac_ENSLPGG00000013669	7.824203864339112e-44	0.002468412511541518	Aque_Aqu2.1.31385-001;Scil_g13734	5.85436007345541e-05	0.00010448839775807025	Aque_Aqu2.1.30289-001;Slac_ENSLPGG00000025722	0.00015014791121613838	1.3456439192448823e-08				Aque_Aqu2.1.23692-001;Scil_g10960	1.2841772084763492e-19	1.7814275668616436e-13	Aque_Aqu2.1.31551-001;Scil_g1483	0.0004550419940629617	2.479568833724734e-22	Aque_Aqu2.1.37486-001;Scil_g12785	5.791765336917085e-10	2.3296876787399272e-06				Aque_Aqu2.1.35739-001;Slac_ENSLPGG00000027307	1.2746924007240648e-08	0.0030640301080179016	Aque_Aqu2.1.42046-001;Slac_ENSLPGG00000007568	0.0050829425919056755	7.355611122930514e-05				Aque_Aqu2.1.41482-001;Slac_ENSLPGG00000019065	2.257130122823816e-08	0.008445174686407597	Aque_Aqu2.1.31551-001;Slac_ENSLPGG00000007158	0.0004550419940629617	4.969353227696443e-20	Aque_Aqu2.1.37112-001;Slac_ENSLPGG00000014949	0.004695475713269114	1.6205240859255104e-51	Aque_Aqu2.1.42762-001;Slac_ENSLPGG00000013283	1.0081478109652569e-17	3.255600133488331e-09	Aque_Aqu2.1.32720-001;Scil_g951	8.485865122776761e-05	2.4644644453083914e-39	Aque_Aqu2.1.33740-001;Scil_g9493	6.278595155439881e-06	2.1153771775813224e-57	Aque_Aqu2.1.07543-001;Scil_g9417	4.81622449486522e-09	1.514126013743912e-32				Aque_Aqu2.1.39784-001;Slac_ENSLPGG00000010787	0.007948759501957106	1.3604346982340432e-05	Aque_Aqu2.1.39784-001;Slac_ENSLPGG00000012945	0.00499087858669987	9.910864390936659e-20	Scil_g11222;Slac_ENSLPGG00000007158	1.1918429997624423e-07	3.4393842705479424e-25	Scil_g6487;Slac_ENSLPGG00000023112	2.6902999857811382e-25	1.2280498929779551e-08	Scil_g11447;Slac_ENSLPGG00000009116	0.0011988833990713961	0.001396822626426671										Scil_g4725;Slac_ENSLPGG00000010506	0.007071540977103302	1.263049125259277e-07	Scil_g8568;Slac_ENSLPGG00000015631	0.00017243049440109892	4.787190414733341e-18	Scil_g130;Slac_ENSLPGG00000015888	3.2104504713687346e-09	5.421831364350314e-05						
Aque_Aqu2.1.25862-001;Scil_g9014	1.4164840831138878e-69	0.0027978391910432904	Aque_Aqu2.1.33740-001;Scil_g9493	1.0543340401031923e-102	2.38359784208512e-33	Aque_Aqu2.1.40905-001;Scil_g13078	9.527533673684782e-19	1.6630355162408285e-08							Aque_Aqu2.1.44059-001;Slac_ENSLPGG00000002916	3.328730512336417e-05	3.453672138116687e-23	Aque_Aqu2.1.25578-001;Slac_ENSLPGG00000008029	3.74756323538054e-20	1.9591747644827683e-05	Aque_Aqu2.1.37748-001;Slac_ENSLPGG00000010195	0.00044414085346194607	2.141499075369723e-85				Aque_Aqu2.1.38366-001;Slac_ENSLPGG00000021584	2.353359925872487e-15	0.0003089125655902511				Aque_Aqu2.1.37101-001;Slac_ENSLPGG00000012471	1.5336636022433145e-08	3.25051042436473e-08	Aque_Aqu2.1.42686-001;Slac_ENSLPGG00000001971	2.0736375148093908e-09	0.0009435786324523421				Aque_Aqu2.1.31344-001;Scil_g11945	5.241073075146672e-07	0.00028980519709260257	Aque_Aqu2.1.43551-001;Slac_ENSLPGG00000007525	8.307475925357203e-08	1.9962902323811717e-72	Aque_Aqu2.1.36637-001;Scil_g12944	5.3289207745529136e-06	6.635156098512339e-07	Aque_Aqu2.1.33047-001;Slac_ENSLPGG00000012471	1.344591319154037e-14	1.2256378781761784e-09				Aque_Aqu2.1.41059-001;Scil_g2558	4.5657371989222466e-11	1.229150431460257e-08	Aque_Aqu2.1.27224-001;Scil_g2125	5.542768429070787e-13	0.001250635568289448	Aque_Aqu2.1.33635-001;Scil_g9674	0.00010669886911690847	0.0007343807069236559				Aque_Aqu2.1.08677-001;Slac_ENSLPGG00000015888	7.208488648075431e-16	7.523245071031996e-10	Aque_Aqu2.1.23692-001;Slac_ENSLPGG00000012471	1.2841772084763492e-19	0.00020102428853856525				Aque_Aqu2.1.41049-001;Slac_ENSLPGG00000015888	0.007200126607303983	6.368500805089567e-26	Aque_Aqu2.1.43674-001;Slac_ENSLPGG00000019065	4.20083387372124e-06	0.004592237966067324	Aque_Aqu2.1.29497-001;Slac_ENSLPGG00000014506	6.077919633614359e-57	0.00023055059568823243	Aque_Aqu2.1.07545-001;Slac_ENSLPGG00000029433	0.009147084110062452	1.6529562564515964e-37	Aque_Aqu2.1.42548-001;Scil_g2821	7.448014540555121e-28	0.0011493006646182426	Aque_Aqu2.1.34182-001;Scil_g1212	0.00034402088415198156	8.020125970823068e-06	Aque_Aqu2.1.43674-001;Scil_g5780	4.400615814884635e-07	7.726719165322015e-45				Aque_Aqu2.1.43623-001;Slac_ENSLPGG00000008251	0.005617868088624236	9.16661881751561e-07	Aque_Aqu2.1.37818-001;Slac_ENSLPGG00000010551	1.6145813751352899e-06	0.00868613460338985	Scil_g8183;Slac_ENSLPGG00000021127	7.136238196514838e-05	1.5465846751523873e-05	Scil_g11222;Slac_ENSLPGG00000001139	5.013830628113789e-07	1.4494333720685917e-24	Scil_g12785;Slac_ENSLPGG00000008996	1.6615381302058852e-07	0.004729488519637293										Scil_g11222;Slac_ENSLPGG00000007158	5.013830628113789e-07	1.965018913530473e-21	Scil_g13597;Slac_ENSLPGG00000005942	5.5640903676138824e-18	0.008015423836045225	Scil_g5592;Slac_ENSLPGG00000024879	1.0248394770224422e-05	3.7327495540389476e-10						
Aque_Aqu2.1.36440-001;Scil_g1526	3.740727356250706e-136	2.6673913062622445e-11	Aque_Aqu2.1.44325-001;Scil_g533	1.4970828419916077e-16	1.2059735672527065e-19	Aque_Aqu2.1.44246-001;Scil_g1638	7.348281244918552e-80	1.19535896766409e-19							Aque_Aqu2.1.37256-001;Slac_ENSLPGG00000024580	4.63256763518813e-09	8.69788276427036e-06	Aque_Aqu2.1.09020-001;Slac_ENSLPGG00000018656	4.655481933408322e-37	6.855527818224849e-06	Aque_Aqu2.1.36105-001;Slac_ENSLPGG00000011075	1.677285239895516e-12	0.0019043877830186178				Aque_Aqu2.1.33572-001;Slac_ENSLPGG00000024781	0.00021610473808980914	2.9930775822479715e-20				Aque_Aqu2.1.39672-001;Slac_ENSLPGG00000021127	6.3157949007109966e-09	0.00026020690407486225	Aque_Aqu2.1.30867-001;Slac_ENSLPGG00000019065	8.811394793769746e-08	5.413313929192906e-06				Aque_Aqu2.1.38752-001;Scil_g5520	8.898107358929214e-33	3.2822396728584823e-09	Aque_Aqu2.1.36223-001;Slac_ENSLPGG00000025854	3.3674934284767487e-13	2.273758825669521e-07	Aque_Aqu2.1.27832-001;Scil_g6189	5.884935948591738e-05	3.078981561582129e-05	Aque_Aqu2.1.44272-001;Slac_ENSLPGG00000018717	9.234495939940152e-23	0.003382967777248983				Aque_Aqu2.1.28510-001;Scil_g1202	5.959189221181413e-33	1.9741238946152412e-20	Aque_Aqu2.1.33622-001;Scil_g4725	1.708447263117159e-16	0.007071540977103302	Aque_Aqu2.1.36606-001;Scil_g4725	6.429704257152719e-05	0.000998381218287609				Aque_Aqu2.1.41892-001;Slac_ENSLPGG00000007525	5.2142493076430264e-14	1.2026125316824048e-14	Aque_Aqu2.1.29497-001;Slac_ENSLPGG00000014506	6.077919633614359e-57	7.072630103694185e-05				Aque_Aqu2.1.22423-001;Slac_ENSLPGG00000008996	0.003331405344316412	1.8020173989883424e-05	Aque_Aqu2.1.38392-001;Slac_ENSLPGG00000028759	0.005884144533397612	0.00033649283781514753	Aque_Aqu2.1.31551-001;Slac_ENSLPGG00000007158	0.0004550419940629617	1.3921670430557845e-07	Aque_Aqu2.1.33443-001;Slac_ENSLPGG00000007730	4.986367745258103e-05	0.0	Aque_Aqu2.1.28960-001;Scil_g9703	1.2115948719525116e-09	9.907428968178855e-19	Aque_Aqu2.1.39108-001;Scil_g1492	4.4768922414522974e-09	1.3944934318582317e-48	Aque_Aqu2.1.28960-001;Scil_g9703	1.2115948719525116e-09	4.6862689011304155e-07				Aque_Aqu2.1.43623-001;Slac_ENSLPGG00000011679	0.005617868088624236	6.653444638887422e-06	Aque_Aqu2.1.42282-001;Slac_ENSLPGG00000028347	0.0015334814386747913	0.0004529040169399645	Scil_g7928;Slac_ENSLPGG00000003184	0.000963308868705165	5.435635391302434e-06	Scil_g4725;Slac_ENSLPGG00000010506	0.007071540977103302	1.6813378010395353e-09	Scil_g6923;Slac_ENSLPGG00000019065	0.0007496312067256761	5.413313929192906e-06										Scil_g10145;Slac_ENSLPGG00000030375	2.2288680991354423e-38	0.002058471191555939	Scil_g1240;Slac_ENSLPGG00000015940	1.7383206120068723e-18	0.008357724621929906	Scil_g3056;Slac_ENSLPGG00000012471	2.0628480496730304e-08	0.00020102428853856525						
Aque_Aqu2.1.34343-001;Scil_g119	1.748816289030163e-11	1.0977579962824666e-31	Aque_Aqu2.1.39108-001;Scil_g1492	1.5603924607670408e-114	1.1421105619243244e-31	Aque_Aqu2.1.22535-001;Scil_g130	7.166399470023436e-67	1.5244133769329725e-07							Aque_Aqu2.1.36579-001;Slac_ENSLPGG00000005401	1.3401575227138799e-05	2.3421129342282908e-26	Aque_Aqu2.1.43276-001;Slac_ENSLPGG00000005083	4.0577832998543046e-40	3.3662088198379713e-09	Aque_Aqu2.1.37774-001;Slac_ENSLPGG00000022242	1.1664395148299226e-05	0.00015899456075697585				Aque_Aqu2.1.32514-001;Slac_ENSLPGG00000018350	4.735783019066314e-08	0.002089581030277504				Aque_Aqu2.1.01979-001;Slac_ENSLPGG00000001139	0.007012591066954428	1.4494333720685917e-24	Aque_Aqu2.1.37101-001;Slac_ENSLPGG00000020470	1.5336636022433145e-08	0.0026781387316083716				Aque_Aqu2.1.20504-001;Scil_g1576	0.004078444403214724	1.7880041594527604e-28	Aque_Aqu2.1.42050-001;Slac_ENSLPGG00000000696	1.537475133511411e-11	5.830310343059631e-06	Aque_Aqu2.1.31344-001;Scil_g11945	2.897711481146304e-06	0.00028980519709260257	Aque_Aqu2.1.33939-001;Slac_ENSLPGG00000000696	3.504474140696394e-23	5.830310343059631e-06				Aque_Aqu2.1.28495-001;Scil_g11447	4.458325986516477e-24	4.092936753533095e-05	Aque_Aqu2.1.36606-001;Scil_g4725	6.429704257152719e-05	0.007071540977103302	Aque_Aqu2.1.30867-001;Scil_g1483	1.3309245062395783e-20	4.085735599763043e-06				Aque_Aqu2.1.17816-001;Slac_ENSLPGG00000001139	0.004846158259488255	1.5864479285115916e-66	Aque_Aqu2.1.43986-001;Slac_ENSLPGG00000002394	8.331396457690566e-05	1.4512784716372902e-32				Aque_Aqu2.1.37770-001;Slac_ENSLPGG00000015655	0.006518916636731035	1.597406133285677e-05	Aque_Aqu2.1.42762-001;Slac_ENSLPGG00000022031	1.0081478109652569e-17	0.0026640309671868865	Aque_Aqu2.1.39916-001;Slac_ENSLPGG00000028356	2.688541540398142e-13	0.008073199099584266	Aque_Aqu2.1.36779-001;Slac_ENSLPGG00000020178	2.0751669503159548e-16	5.203780196752114e-10	Aque_Aqu2.1.25862-001;Scil_g9014	2.0549201860468497e-37	0.001206914064140306	Aque_Aqu2.1.29077-001;Scil_g119	0.004321048201029846	1.0977579962824666e-31	Aque_Aqu2.1.21084-001;Scil_g9931	0.00633952290948492	3.3096202968895437e-40				Aque_Aqu2.1.42282-001;Slac_ENSLPGG00000028347	0.005464890646670349	0.0004529040169399645	Aque_Aqu2.1.29714-001;Slac_ENSLPGG00000004364	9.982696695349947e-06	3.311008086613981e-08	Scil_g2667;Slac_ENSLPGG00000006271	1.213546492040107e-09	3.732968551925518e-05	Scil_g11222;Slac_ENSLPGG00000007158	5.013830628113789e-07	1.2305328596950784e-25	Scil_g6923;Slac_ENSLPGG00000003645	0.0007496312067256761	1.6653069253683454e-07										Scil_g11222;Slac_ENSLPGG00000001139	5.013830628113789e-07	4.69500827060743e-21	Scil_g1526;Slac_ENSLPGG00000026673	2.6673913062622445e-11	0.00978575930185315	Scil_g5592;Slac_ENSLPGG00000027633	1.0248394770224422e-05	2.6367218576394218e-05						
Aque_Aqu2.1.37713-001;Scil_g2679	1.7092280498504553e-19	3.449463238812816e-18	Aque_Aqu2.1.39784-001;Scil_g9453	1.5219993781510476e-58	1.8664571932202462e-13	Aque_Aqu2.1.44246-001;Scil_g8311	7.348281244918552e-80	9.440630961312128e-07							Aque_Aqu2.1.33543-001;Slac_ENSLPGG00000028631	2.8949349109542336e-49	2.6320141341535595e-33	Aque_Aqu2.1.37747-001;Slac_ENSLPGG00000013980	6.655105223624536e-120	0.0001226268084717703	Aque_Aqu2.1.28078-001;Slac_ENSLPGG00000010195	0.0032311787609289023	2.141499075369723e-85				Aque_Aqu2.1.14853-001;Slac_ENSLPGG00000014669	0.008568034336142479	8.202656842058226e-40				Aque_Aqu2.1.30867-001;Slac_ENSLPGG00000007158	8.811394793769746e-08	1.2305328596950784e-25	Aque_Aqu2.1.17816-001;Slac_ENSLPGG00000007158	0.009367143325851741	2.0838815629998246e-20				Aque_Aqu2.1.24879-001;Scil_g1084	8.49012491898565e-05	1.1466091512127801e-14	Aque_Aqu2.1.27832-001;Slac_ENSLPGG00000020470	5.939276265577746e-23	3.423487626718001e-05	Aque_Aqu2.1.24266-001;Scil_g13487	1.3232475428430433e-05	0.00014122238861234354	Aque_Aqu2.1.44197-001;Slac_ENSLPGG00000006271	1.6113923010411783e-24	2.6697465039007906e-06				Aque_Aqu2.1.38554-001;Scil_g2060	3.744897044029404e-35	0.0005739952944207668	Aque_Aqu2.1.37770-001;Scil_g1350	0.006518916636731035	1.7852689279252667e-48	Aque_Aqu2.1.38524-001;Scil_g11283	9.419406752082244e-11	0.007092041936371049				Aque_Aqu2.1.41065-001;Slac_ENSLPGG00000018774	0.002433444354028677	3.4238613652926317e-09	Aque_Aqu2.1.34140-001;Slac_ENSLPGG00000006271	1.0121820050408576e-29	3.1018371628481413e-06				Aque_Aqu2.1.22423-001;Slac_ENSLPGG00000021186	0.003331405344316412	2.411558428950339e-13	Aque_Aqu2.1.23692-001;Slac_ENSLPGG00000010273	1.2841772084763492e-19	0.0012724249500829956	Aque_Aqu2.1.15179-001;Slac_ENSLPGG00000007134	5.338752079734542e-06	3.61944373898109e-08	Aque_Aqu2.1.18919-001;Slac_ENSLPGG00000020504	3.781793541868298e-15	0.0006301460132175903	Aque_Aqu2.1.32930-001;Scil_g9417	2.0305570543660158e-05	8.875182419450473e-102	Aque_Aqu2.1.31586-001;Scil_g8948	1.891188349453035e-06	1.5267188273665134e-17	Aque_Aqu2.1.33740-001;Scil_g9493	6.278595155439881e-06	2.38359784208512e-33				Aque_Aqu2.1.07580-001;Slac_ENSLPGG00000019289	0.006843707059086549	0.0006301284671772354	Aque_Aqu2.1.39968-001;Slac_ENSLPGG00000015794	6.964909690424107e-06	0.0003546028764309042	Scil_g3056;Slac_ENSLPGG00000012471	1.3731224023390558e-07	9.012536840606819e-20	Scil_g2475;Slac_ENSLPGG00000015293	3.0939704374754477e-07	3.0288120931539586e-07	Scil_g2820;Slac_ENSLPGG00000012140	6.411161546849771e-05	0.0011067438588838036										Scil_g13820;Slac_ENSLPGG00000020178	2.3448594471839515e-08	5.203780196752114e-10	Scil_g10015;Slac_ENSLPGG00000022563	0.0002877829974753766	6.8943750857258504e-09	Scil_g10960;Slac_ENSLPGG00000012471	3.516281539997559e-05	0.00020102428853856525						
Aque_Aqu2.1.32946-001;Scil_g548	3.198548394219795e-57	1.853010723883775e-50	Aque_Aqu2.1.34344-001;Scil_g119	4.469710923167695e-16	4.12906544749031e-51	Aque_Aqu2.1.22475-001;Scil_g2387	1.7301905088942598e-05	1.8453268901828892e-15							Aque_Aqu2.1.44322-001;Slac_ENSLPGG00000026466	8.465724691870346e-08	1.3881851337162964e-32	Aque_Aqu2.1.21796-001;Slac_ENSLPGG00000020424	3.728084031454857e-82	7.772559752291907e-07	Aque_Aqu2.1.44059-001;Slac_ENSLPGG00000002916	0.005028374037103343	1.8424861552155755e-17				Aque_Aqu2.1.37256-001;Slac_ENSLPGG00000024580	6.924649891263139e-08	0.00027320268087215765				Aque_Aqu2.1.33622-001;Slac_ENSLPGG00000016891	3.31852085524485e-07	2.9258653159556866e-05	Aque_Aqu2.1.01979-001;Slac_ENSLPGG00000019065	0.007012591066954428	5.413313929192906e-06				Aque_Aqu2.1.10425-001;Scil_g10128	1.7884504694520865e-31	3.7939070721083785e-05	Aque_Aqu2.1.27228-001;Slac_ENSLPGG00000025642	6.96397404761546e-18	6.993743447563894e-34	Aque_Aqu2.1.44079-001;Scil_g1266	6.321946868532812e-06	1.4961718621363973e-06	Aque_Aqu2.1.40721-001;Slac_ENSLPGG00000007294	6.480477457075271e-06	2.430221846881954e-15				Aque_Aqu2.1.28489-001;Scil_g9850	1.2639077541595553e-28	2.3017395799018037e-22	Aque_Aqu2.1.31551-001;Scil_g5780	0.0004550419940629617	1.401077682156374e-56	Aque_Aqu2.1.42154-001;Scil_g12529	2.4653836889926653e-06	1.0556557055860905e-05				Aque_Aqu2.1.37486-001;Slac_ENSLPGG00000008996	5.791765336917085e-10	5.146308428844976e-15	Aque_Aqu2.1.27258-001;Slac_ENSLPGG00000006993	4.614981215518772e-18	9.559888593803473e-09				Aque_Aqu2.1.26969-001;Slac_ENSLPGG00000010736	0.008672518046652826	2.0988989273194013e-05	Aque_Aqu2.1.36578-001;Slac_ENSLPGG00000011207	5.891129462767358e-17	0.0010525495697895192	Aque_Aqu2.1.44139-001;Slac_ENSLPGG00000009116	0.0013345187120564206	2.486235618856327e-14	Aque_Aqu2.1.41190-001;Slac_ENSLPGG00000014697	3.070020325785256e-26	2.655527233495173e-06	Aque_Aqu2.1.24541-001;Scil_g9008	2.8194141356318613e-14	4.859466153406389e-07	Aque_Aqu2.1.32713-001;Scil_g2679	0.0018930843638392614	3.449463238812816e-18	Aque_Aqu2.1.27224-001;Scil_g1970	0.00698422672407088	1.7432853746357123e-10				Aque_Aqu2.1.39784-001;Slac_ENSLPGG00000005398	0.007948759501957106	0.0007898552266049389	Aque_Aqu2.1.18818-001;Slac_ENSLPGG00000024989	1.3238364383206064e-05	0.00241040070878632	Scil_g10960;Slac_ENSLPGG00000026948	1.7814275668616436e-13	0.005553210951833313	Scil_g12785;Slac_ENSLPGG00000008996	1.6615381302058852e-07	1.5171894313138206e-05	Scil_g2151;Slac_ENSLPGG00000006993	3.6960027423275005e-11	1.2913246968418005e-09										Scil_g8186;Slac_ENSLPGG00000020178	2.027576154248112e-06	5.203780196752114e-10	Scil_g5888;Slac_ENSLPGG00000015112	7.570274345774542e-89	0.00549930044633956	Scil_g8930;Slac_ENSLPGG00000021186	0.003008471673133274	1.5866616825505543e-23						
Aque_Aqu2.1.43637-001;Scil_g13000	0.0001321362764028887	3.139328915068049e-23	Aque_Aqu2.1.40828-001;Scil_g6502	3.535073511167311e-08	7.169769418665431e-08	Aque_Aqu2.1.28239-001;Scil_g8524	5.769546964194492e-21	7.433438327024868e-09							Aque_Aqu2.1.18098-001;Slac_ENSLPGG00000005401	0.0002927017614354168	2.3421129342282908e-26	Aque_Aqu2.1.15175-001;Slac_ENSLPGG00000012945	1.7807654417352274e-13	2.3190635250413133e-06	Aque_Aqu2.1.13985-001;Slac_ENSLPGG00000020432	0.004002472593160568	1.057492730615344e-59				Aque_Aqu2.1.43995-001;Slac_ENSLPGG00000002394	0.004340874507246756	6.89451983253616e-21				Aque_Aqu2.1.42743-001;Slac_ENSLPGG00000010054	0.006174926946827125	1.1324999533424646e-05	Aque_Aqu2.1.44140-001;Slac_ENSLPGG00000009453	8.885562534779468e-10	1.4756910295882177e-48				Aque_Aqu2.1.29532-001;Scil_g8913	6.054768496611523e-06	0.004215613628527157	Aque_Aqu2.1.30070-001;Slac_ENSLPGG00000017733	1.3565713670798038e-39	0.002669192513835785	Aque_Aqu2.1.43551-001;Scil_g13524	1.0046936470645059e-10	5.958322830565232e-44	Aque_Aqu2.1.43551-001;Slac_ENSLPGG00000007730	1.0046936470645059e-10	1.282362129818319e-148				Aque_Aqu2.1.42154-001;Scil_g12529	2.4653836889926653e-06	2.585553304861641e-14	Aque_Aqu2.1.27258-001;Scil_g2151	4.614981215518772e-18	3.6960027423275005e-11	Aque_Aqu2.1.41892-001;Scil_g8192	5.2142493076430264e-14	1.4505713363105934e-09				Aque_Aqu2.1.41892-001;Slac_ENSLPGG00000011839	5.2142493076430264e-14	1.90611515788076e-10	Aque_Aqu2.1.23692-001;Slac_ENSLPGG00000020470	1.2841772084763492e-19	0.005200025809404252				Aque_Aqu2.1.17816-001;Slac_ENSLPGG00000007158	0.004846158259488255	3.092012612494674e-08	Aque_Aqu2.1.28223-001;Slac_ENSLPGG00000011839	1.3844036382592803e-13	0.009479926360797563	Aque_Aqu2.1.26544-001;Slac_ENSLPGG00000008885	4.919226733692524e-08	3.4902604248019334e-07	Aque_Aqu2.1.37486-001;Slac_ENSLPGG00000000564	5.791765336917085e-10	1.2226361637864731e-11	Aque_Aqu2.1.34343-001;Scil_g119	1.074270232820891e-06	1.1240744252913564e-101	Aque_Aqu2.1.40044-001;Scil_g552	2.9840605065936037e-06	9.063270920807916e-38	Aque_Aqu2.1.32930-001;Scil_g9417	2.0305570543660158e-05	1.514126013743912e-32				Aque_Aqu2.1.36281-001;Slac_ENSLPGG00000027374	0.0022211574938392526	0.007210397688746341	Aque_Aqu2.1.18818-001;Slac_ENSLPGG00000022557	1.3238364383206064e-05	0.00943734872940464	Scil_g6432;Slac_ENSLPGG00000001593	6.952319911062066e-17	2.5763939547526627e-12	Scil_g2622;Slac_ENSLPGG00000015631	3.030870204098419e-17	0.0005450261508553615	Scil_g402;Slac_ENSLPGG00000021127	0.0003005960655922788	0.009342612883849542										Scil_g402;Slac_ENSLPGG00000013283	0.0003005960655922788	3.255600133488331e-09	Scil_g6942;Slac_ENSLPGG00000007325	3.6180294000354644e-47	2.0185029076047123e-05	Scil_g10015;Slac_ENSLPGG00000022563	9.835167470058142e-06	7.489445266910807e-06						
Aque_Aqu2.1.28194-001;Scil_g10793	1.444625855187625e-59	8.421902305944512e-51	Aque_Aqu2.1.39927-001;Scil_g1970	2.100681945699731e-42	1.7432853746357123e-10	Aque_Aqu2.1.34878-001;Scil_g9458	1.029702300556858e-14	0.0010013805112998515							Aque_Aqu2.1.29951-001;Slac_ENSLPGG00000018181	0.00022028134504872317	3.630673637054969e-70	Aque_Aqu2.1.14207-001;Slac_ENSLPGG00000010983	4.825359325182867e-10	5.577151150106159e-13	Aque_Aqu2.1.40886-001;Slac_ENSLPGG00000005401	0.0046341478969197545	8.223884250027323e-36				Aque_Aqu2.1.28078-001;Slac_ENSLPGG00000010195	0.0032311787609289023	2.896743808193686e-104				Aque_Aqu2.1.24987-001;Slac_ENSLPGG00000011151	1.6948309903525678e-12	0.0006790935580631603	Aque_Aqu2.1.37101-001;Slac_ENSLPGG00000012471	1.5336636022433145e-08	0.0005192764684538317				Aque_Aqu2.1.33451-001;Scil_g12956	0.001704646592504194	0.0001435730879651694	Aque_Aqu2.1.41482-001;Slac_ENSLPGG00000001139	4.6297900363399465e-06	8.419665194249147e-35	Aque_Aqu2.1.44676-001;Scil_g13524	0.0015947909906532027	5.958322830565232e-44	Aque_Aqu2.1.35211-001;Slac_ENSLPGG00000014120	1.0980787290419444e-30	0.000944903500654391				Aque_Aqu2.1.08677-001;Scil_g12359	7.208488648075431e-16	1.903889035840206e-21	Aque_Aqu2.1.42762-001;Scil_g4725	1.0081478109652569e-17	0.007071540977103302	Aque_Aqu2.1.41482-001;Scil_g1483	2.257130122823816e-08	4.085735599763043e-06				Aque_Aqu2.1.40376-001;Slac_ENSLPGG00000001593	5.626029519789693e-17	2.5763939547526627e-12	Aque_Aqu2.1.38560-001;Slac_ENSLPGG00000006923	1.0497286366750963e-20	0.0014798030848324195				Aque_Aqu2.1.42093-001;Slac_ENSLPGG00000011166	0.0006886285707111513	0.00015698099745745046	Aque_Aqu2.1.33629-001;Slac_ENSLPGG00000026185	0.009336944773511264	3.277776417637774e-05	Aque_Aqu2.1.21174-001;Slac_ENSLPGG00000012140	0.00021564884897657527	1.0581014950202239e-19	Aque_Aqu2.1.31586-001;Slac_ENSLPGG00000015099	1.7372787348993547e-40	0.0002745854346787509	Aque_Aqu2.1.21084-001;Scil_g9931	0.00633952290948492	7.045624617210332e-100	Aque_Aqu2.1.21084-001;Scil_g9931	0.00633952290948492	1.4935808984023714e-38	Aque_Aqu2.1.41012-001;Scil_g10508	0.0037296053160072056	1.4665814847050853e-15				Aque_Aqu2.1.28214-001;Slac_ENSLPGG00000015631	0.001375771248276983	0.00023984307204231458	Aque_Aqu2.1.28570-001;Slac_ENSLPGG00000011888	0.00023281500164788895	4.0313544264568345e-09	Scil_g9674;Slac_ENSLPGG00000026194	0.0052200748129733925	1.969891307800923e-05	Scil_g4131;Slac_ENSLPGG00000020178	0.00196209406172658	4.7379811227545295e-07	Scil_g4725;Slac_ENSLPGG00000021127	0.007071540977103302	0.009342612883849542										Scil_g10960;Slac_ENSLPGG00000015112	7.697874836345238e-14	6.110427182401843e-06	Scil_g10960;Slac_ENSLPGG00000015112	0.00010166511914957086	0.00549930044633956	Scil_g9674;Slac_ENSLPGG00000020470	0.0007343807069236559	0.005200025809404252						
Aque_Aqu2.1.44246-001;Scil_g1970	7.348281244918552e-80	1.235607112604749e-33	Aque_Aqu2.1.28194-001;Scil_g9453	1.444625855187625e-59	1.8664571932202462e-13	Aque_Aqu2.1.24901-001;Scil_g10732	5.43010493358015e-25	7.193105487912825e-09							Aque_Aqu2.1.37748-001;Slac_ENSLPGG00000010195	0.006868279958800548	2.1728558564461395e-216	Aque_Aqu2.1.38786-001;Slac_ENSLPGG00000005910	1.5584349667584918e-27	3.95349377675779e-06	Aque_Aqu2.1.44322-001;Slac_ENSLPGG00000026466	3.471647089327422e-05	8.261826939652545e-28				Aque_Aqu2.1.35230-001;Slac_ENSLPGG00000012424	4.943082600513362e-08	2.5186576220107626e-09				Aque_Aqu2.1.37914-001;Slac_ENSLPGG00000012700	0.00026185190976069257	0.003745087550576914	Aque_Aqu2.1.34140-001;Slac_ENSLPGG00000003645	1.662739836406084e-09	1.6653069253683454e-07				Aque_Aqu2.1.20511-001;Scil_g1572	1.5644696087407903e-10	7.823311406353975e-54	Aque_Aqu2.1.27832-001;Slac_ENSLPGG00000012471	5.939276265577746e-23	1.2256378781761784e-09	Aque_Aqu2.1.41088-001;Scil_g5594	3.5475032846856503e-06	1.2662512035316699e-05	Aque_Aqu2.1.21492-001;Slac_ENSLPGG00000027633	5.352416678551809e-06	9.999406358983425e-11				Aque_Aqu2.1.33444-001;Scil_g458	3.581484945141534e-18	7.089012749431077e-08	Aque_Aqu2.1.31551-001;Scil_g1098	0.0004550419940629617	7.599970776583826e-09	Aque_Aqu2.1.16567-001;Scil_g8851	3.0155612923613537e-06	0.0013186114376195319				Aque_Aqu2.1.41482-001;Slac_ENSLPGG00000007158	2.257130122823816e-08	3.4393842705479424e-25	Aque_Aqu2.1.43674-001;Slac_ENSLPGG00000006271	4.20083387372124e-06	3.1018371628481413e-06				Aque_Aqu2.1.39703-001;Slac_ENSLPGG00000008996	0.0003983784087831898	1.8020173989883424e-05	Aque_Aqu2.1.43989-001;Slac_ENSLPGG00000002394	4.110904363096128e-06	1.0126793590032592e-22	Aque_Aqu2.1.27224-001;Slac_ENSLPGG00000027899	5.542768429070787e-13	0.0043016326248244965	Aque_Aqu2.1.42077-001;Slac_ENSLPGG00000024184	2.5024776515125946e-13	1.2846057385441967e-21	Aque_Aqu2.1.35197-001;Scil_g12865	0.004331050278405647	2.494432485779507e-60	Aque_Aqu2.1.29098-001;Scil_g8948	0.008406488938209408	1.5267188273665134e-17	Aque_Aqu2.1.39108-001;Scil_g1492	4.4768922414522974e-09	1.1421105619243244e-31				Aque_Aqu2.1.28239-001;Slac_ENSLPGG00000005398	0.0012978745858962025	0.0007898552266049389	Aque_Aqu2.1.26684-001;Slac_ENSLPGG00000011888	6.051809222387884e-11	4.0313544264568345e-09	Scil_g8930;Slac_ENSLPGG00000008996	1.6915094476803913e-05	5.146308428844976e-15	Scil_g12865;Slac_ENSLPGG00000023608	2.2900413416104303e-07	5.841350162549384e-14													Scil_g10960;Slac_ENSLPGG00000012296	7.697874836345238e-14	0.0001466708255175629	Scil_g2679;Slac_ENSLPGG00000028207	3.449463238812816e-18	7.34121942866926e-05	Scil_g980;Slac_ENSLPGG00000007955	0.0005986017299019908	0.000460771292544484						
Aque_Aqu2.1.43309-001;Scil_g9807	1.4807065078763136e-142	0.0010858364176411562	Aque_Aqu2.1.43440-001;Scil_g3916	2.966613490803621e-57	9.705816545617034e-30	Aque_Aqu2.1.36579-001;Scil_g2206	1.3401575227138799e-05	9.542561533753149e-35							Aque_Aqu2.1.32514-001;Slac_ENSLPGG00000018350	0.00026784013402817586	8.772695547919577e-06	Aque_Aqu2.1.40665-001;Slac_ENSLPGG00000005591	0.00021493574797533103	9.889588770014423e-19	Aque_Aqu2.1.24984-001;Slac_ENSLPGG00000008927	0.0028706384647597272	1.7271089191993203e-12				Aque_Aqu2.1.37627-001;Slac_ENSLPGG00000026511	2.5539480016513077e-05	1.1369671478094414e-05				Aque_Aqu2.1.42093-001;Slac_ENSLPGG00000011166	0.0013541819202391105	6.826160582443951e-22	Aque_Aqu2.1.24276-001;Slac_ENSLPGG00000022619	2.4507403536374703e-05	1.257391963843722e-05				Aque_Aqu2.1.41092-001;Scil_g3388	5.064435843593467e-16	4.153586111703442e-07	Aque_Aqu2.1.16006-001;Slac_ENSLPGG00000013274	1.782678476637719e-08	1.0720818351695422e-11	Aque_Aqu2.1.29080-001;Scil_g4585	0.007236297572398095	9.719865489805225e-06	Aque_Aqu2.1.44194-001;Slac_ENSLPGG00000013677	1.3561830907204824e-21	1.1102809994691477e-05				Aque_Aqu2.1.32503-001;Scil_g1047	8.836422303727378e-40	0.0001008054776948121	Aque_Aqu2.1.26973-001;Scil_g10960	1.8757648248382616e-05	7.697874836345238e-14	Aque_Aqu2.1.39672-001;Scil_g2756	1.7219934783810546e-24	0.0004767352567340763				Aque_Aqu2.1.25867-001;Slac_ENSLPGG00000026194	0.0002352162877005849	1.969891307800923e-05	Aque_Aqu2.1.30867-001;Slac_ENSLPGG00000006271	1.3309245062395783e-20	3.1018371628481413e-06				Aque_Aqu2.1.39703-001;Slac_ENSLPGG00000021186	0.0003983784087831898	2.411558428950339e-13	Aque_Aqu2.1.31064-001;Slac_ENSLPGG00000021800	0.00019272678791150202	6.359360616478455e-09	Aque_Aqu2.1.31064-001;Slac_ENSLPGG00000021800	0.00019272678791150202	1.377967179154152e-07	Aque_Aqu2.1.27258-001;Slac_ENSLPGG00000006993	4.614981215518772e-18	2.605529624418305e-29	Aque_Aqu2.1.27224-001;Scil_g2125	0.00698422672407088	6.812113569567865e-25	Aque_Aqu2.1.34343-001;Scil_g119	1.074270232820891e-06	1.0977579962824666e-31	Aque_Aqu2.1.33622-001;Scil_g5254	0.0004296564650498524	0.005356450352588373				Aque_Aqu2.1.43623-001;Slac_ENSLPGG00000025977	0.005617868088624236	0.0025006612724936656	Aque_Aqu2.1.29714-001;Slac_ENSLPGG00000008036	9.982696695349947e-06	3.6839804533296954e-08	Scil_g1483;Slac_ENSLPGG00000001139	0.003927101518499479	1.5864479285115916e-66	Scil_g8186;Slac_ENSLPGG00000020178	2.027576154248112e-06	4.7379811227545295e-07													Scil_g12785;Slac_ENSLPGG00000008996	1.6615381302058852e-07	0.00012714480608127604	Scil_g1846;Slac_ENSLPGG00000022031	3.7072688851209574e-77	0.009696082349253645	Scil_g9674;Slac_ENSLPGG00000012471	0.0007343807069236559	0.00020102428853856525						
Aque_Aqu2.1.34141-001;Scil_g13597	5.817801590754243e-06	5.5640903676138824e-18	Aque_Aqu2.1.37079-001;Scil_g9493	6.987535709667499e-114	2.38359784208512e-33	Aque_Aqu2.1.34142-001;Scil_g10732	1.5802677811320417e-19	7.193105487912825e-09							Aque_Aqu2.1.38786-001;Slac_ENSLPGG00000005910	1.0368821242524939e-16	0.0013405730385048908	Aque_Aqu2.1.31194-001;Slac_ENSLPGG00000008926	1.2800872678568997e-122	0.0016699396652209348	Aque_Aqu2.1.14853-001;Slac_ENSLPGG00000014669	0.008568034336142479	7.894331968489789e-23				Aque_Aqu2.1.44322-001;Slac_ENSLPGG00000026466	3.471647089327422e-05	6.925919152411445e-20				Aque_Aqu2.1.34140-001;Slac_ENSLPGG00000001139	1.662739836406084e-09	1.4494333720685917e-24	Aque_Aqu2.1.34140-001;Slac_ENSLPGG00000019065	1.662739836406084e-09	5.413313929192906e-06				Aque_Aqu2.1.35933-001;Scil_g1266	9.757503940873078e-05	1.4961718621363973e-06	Aque_Aqu2.1.44272-001;Slac_ENSLPGG00000018717	1.6919172641007818e-39	0.003382967777248983	Aque_Aqu2.1.41088-001;Scil_g6241	3.5475032846856503e-06	2.833157647881633e-12	Aque_Aqu2.1.33047-001;Slac_ENSLPGG00000020470	1.344591319154037e-14	3.423487626718001e-05				Aque_Aqu2.1.36507-001;Scil_g2550	1.294377129584489e-07	0.00018597690863606623	Aque_Aqu2.1.30867-001;Scil_g11222	1.3309245062395783e-20	5.013830628113789e-07	Aque_Aqu2.1.36578-001;Scil_g12294	5.891129462767358e-17	0.002534424111847437				Aque_Aqu2.1.39672-001;Slac_ENSLPGG00000021127	1.7219934783810546e-24	1.5465846751523873e-05	Aque_Aqu2.1.32509-001;Slac_ENSLPGG00000007568	0.0003922226519476641	7.355611122930514e-05				Aque_Aqu2.1.33443-001;Slac_ENSLPGG00000018987	4.986367745258103e-05	0.002248795489287147	Aque_Aqu2.1.37486-001;Slac_ENSLPGG00000008996	5.791765336917085e-10	8.656770680653274e-05	Aque_Aqu2.1.41482-001;Slac_ENSLPGG00000007158	2.257130122823816e-08	1.3921670430557845e-07	Aque_Aqu2.1.25769-001;Slac_ENSLPGG00000008220	3.2643039449818794e-11	2.790707462165623e-142	Aque_Aqu2.1.37818-001;Scil_g9008	4.366072114981543e-05	4.859466153406389e-07	Aque_Aqu2.1.41302-001;Scil_g10741	1.593114344057822e-11	1.0390723964522058e-14	Aque_Aqu2.1.34140-001;Scil_g5780	1.2311513054768545e-08	7.726719165322015e-45				Aque_Aqu2.1.43699-001;Slac_ENSLPGG00000027473	0.006181496810058212	1.1142531374851538e-05	Aque_Aqu2.1.42065-001;Slac_ENSLPGG00000022563	0.0008281938759572521	0.0004737396908536667	Scil_g5780;Slac_ENSLPGG00000019065	3.2348683259580126e-27	3.613082416273542e-08	Scil_g402;Slac_ENSLPGG00000002171	0.0003005960655922788	4.811942582704965e-16													Scil_g12865;Slac_ENSLPGG00000023608	2.2900413416104303e-07	3.1465511930609196e-13				Scil_g254;Slac_ENSLPGG00000011839	0.00017210202930432919	6.039500918035304e-05						
Aque_Aqu2.1.37816-001;Scil_g11587	5.351220243248752e-65	0.001308213787946087	Aque_Aqu2.1.37774-001;Scil_g9453	7.700554024937936e-21	1.8664571932202462e-13	Aque_Aqu2.1.18098-001;Scil_g2206	0.0002927017614354168	9.542561533753149e-35							Aque_Aqu2.1.13985-001;Slac_ENSLPGG00000020432	0.007557710813279713	1.2056035521515938e-29	Aque_Aqu2.1.37774-001;Slac_ENSLPGG00000007363	1.1664395148299226e-05	1.0730688891472475e-22	Aque_Aqu2.1.37774-001;Slac_ENSLPGG00000007363	1.1664395148299226e-05	3.4576240635341516e-06				Aque_Aqu2.1.25460-001;Slac_ENSLPGG00000025767	3.0459775011971462e-06	9.935261666785832e-05				Aque_Aqu2.1.43329-001;Slac_ENSLPGG00000007568	6.309083453842146e-05	0.0003309738114116406	Aque_Aqu2.1.38524-001;Slac_ENSLPGG00000025842	0.004166809097269318	3.740481260343118e-05				Aque_Aqu2.1.29855-001;Scil_g9431	0.0022340984168665655	2.2604854558921415e-07	Aque_Aqu2.1.41951-001;Slac_ENSLPGG00000004959	9.578470687274294e-28	2.44374858072351e-05	Aque_Aqu2.1.33762-001;Scil_g750	6.247161788051927e-22	0.0030488697490813794	Aque_Aqu2.1.39703-001;Slac_ENSLPGG00000021186	6.740072048541467e-12	1.7535438192775834e-53				Aque_Aqu2.1.38390-001;Scil_g2060	3.283777108141531e-31	0.0005739952944207668	Aque_Aqu2.1.28497-001;Scil_g11447	6.265744639493593e-06	0.0011988833990713961	Aque_Aqu2.1.26973-001;Scil_g10960	1.8757648248382616e-05	3.516281539997559e-05				Aque_Aqu2.1.42762-001;Slac_ENSLPGG00000002171	1.0081478109652569e-17	7.388655311919578e-20	Aque_Aqu2.1.43984-001;Slac_ENSLPGG00000002394	4.479650965828285e-09	1.4512784716372902e-32				Aque_Aqu2.1.43674-001;Slac_ENSLPGG00000019065	4.20083387372124e-06	0.008445174686407597	Aque_Aqu2.1.30867-001;Slac_ENSLPGG00000021520	1.3309245062395783e-20	0.008152652185200318	Aque_Aqu2.1.31551-001;Slac_ENSLPGG00000001139	0.0004550419940629617	4.345251405310324e-05	Aque_Aqu2.1.43252-001;Slac_ENSLPGG00000027461	1.118841022757129e-86	0.0009589227281603336	Aque_Aqu2.1.14128-001;Scil_g9014	0.0056228831372082165	0.001206914064140306	Aque_Aqu2.1.34140-001;Scil_g5780	1.2311513054768545e-08	2.9711931366042666e-50	Aque_Aqu2.1.15711-001;Scil_g10890	0.004340749689066238	4.4427832743762225e-06				Aque_Aqu2.1.43623-001;Slac_ENSLPGG00000005398	0.005617868088624236	0.0007898552266049389	Aque_Aqu2.1.25858-001;Slac_ENSLPGG00000012471	0.007275635945040617	5.353435489594685e-12	Scil_g3668;Slac_ENSLPGG00000022563	0.0015627047433456468	5.085732044321034e-17	Scil_g10960;Slac_ENSLPGG00000015112	7.697874836345238e-14	0.00018013208566898826													Scil_g7733;Slac_ENSLPGG00000010487	0.0009631828771727265	7.161774463584848e-10				Scil_g4821;Slac_ENSLPGG00000013069	0.004560499888697272	5.0113952813723e-05						
Aque_Aqu2.1.39927-001;Scil_g2125	2.100681945699731e-42	3.513457657467906e-18	Aque_Aqu2.1.36215-001;Scil_g6570	8.25105355217579e-08	1.6290942099722828e-07	Aque_Aqu2.1.38363-001;Scil_g9187	4.496202827178639e-22	8.066088649559186e-17										Aque_Aqu2.1.33950-001;Slac_ENSLPGG00000006356	4.7618654032696835e-30	0.00011946821970550475	Aque_Aqu2.1.40886-001;Slac_ENSLPGG00000008927	0.0046341478969197545	1.7271089191993203e-12				Aque_Aqu2.1.18098-001;Slac_ENSLPGG00000007363	0.00010510904740299329	1.098458816519539e-06				Aque_Aqu2.1.01979-001;Slac_ENSLPGG00000007158	0.007012591066954428	1.2305328596950784e-25	Aque_Aqu2.1.39703-001;Slac_ENSLPGG00000010854	8.926042219776161e-05	0.0033377095618873118				Aque_Aqu2.1.35513-001;Scil_g5520	1.391430610834894e-08	3.2822396728584823e-09	Aque_Aqu2.1.37895-001;Slac_ENSLPGG00000011588	1.8087908043811806e-10	0.0036895935973833547	Aque_Aqu2.1.29855-001;Scil_g9955	0.0007027325992768494	8.310688268255026e-05	Aque_Aqu2.1.44140-001;Slac_ENSLPGG00000009453	3.48170003993214e-101	1.7240464628282283e-09				Aque_Aqu2.1.43577-001;Scil_g13189	2.8413594179729788e-18	2.070384333411357e-05	Aque_Aqu2.1.39146-001;Scil_g2813	0.00022793592249860034	0.008289375350665167	Aque_Aqu2.1.26973-001;Scil_g3056	1.8757648248382616e-05	2.0628480496730304e-08				Aque_Aqu2.1.41190-001;Slac_ENSLPGG00000009625	3.070020325785256e-26	5.0913304307575685e-05	Aque_Aqu2.1.17816-001;Slac_ENSLPGG00000001139	0.004846158259488255	1.7584177041274718e-41				Aque_Aqu2.1.31551-001;Slac_ENSLPGG00000019065	0.0004550419940629617	0.008445174686407597	Aque_Aqu2.1.34140-001;Slac_ENSLPGG00000021520	1.0121820050408576e-29	0.008152652185200318	Aque_Aqu2.1.34140-001;Slac_ENSLPGG00000019065	1.0121820050408576e-29	0.006927108559854214	Aque_Aqu2.1.40738-001;Slac_ENSLPGG00000023276	6.218782870818954e-08	5.006232055107248e-07	Aque_Aqu2.1.33622-001;Scil_g5254	0.0004296564650498524	7.915691230088375e-05	Aque_Aqu2.1.24541-001;Scil_g13687	2.8194141356318613e-14	1.466694169169309e-25	Aque_Aqu2.1.43637-001;Scil_g13024	4.913286201607988e-09	0.0012145047895266619				Aque_Aqu2.1.38524-001;Slac_ENSLPGG00000007676	0.00011603753940300679	0.005686560832411361	Aque_Aqu2.1.24520-001;Slac_ENSLPGG00000021392	0.0007999640922228943	0.002927734044611987	Scil_g10669;Slac_ENSLPGG00000012471	0.003749453953567109	9.012536840606819e-20	Scil_g6923;Slac_ENSLPGG00000001139	0.0007496312067256761	1.4494333720685917e-24													Scil_g5520;Slac_ENSLPGG00000014037	2.09591889875815e-25	1.944880288931169e-09				Scil_g1098;Slac_ENSLPGG00000019065	0.00827391027704454	0.002143493550466423						
Aque_Aqu2.1.22809-001;Scil_g9784	2.735312110712329e-10	2.871435073941786e-17	Aque_Aqu2.1.35197-001;Scil_g12865	2.5740157898972076e-06	1.4546323406001222e-33	Aque_Aqu2.1.41892-001;Scil_g4240	8.326661223111995e-07	0.006648049669936197										Aque_Aqu2.1.25578-001;Slac_ENSLPGG00000023020	3.74756323538054e-20	0.00016233266302729288	Aque_Aqu2.1.18098-001;Slac_ENSLPGG00000007363	0.00010510904740299329	3.4576240635341516e-06				Aque_Aqu2.1.38191-001;Slac_ENSLPGG00000001288	0.0010813743481752497	3.761669063371938e-12				Aque_Aqu2.1.32548-001;Slac_ENSLPGG00000022031	0.0016118061765567644	9.300342416746377e-05	Aque_Aqu2.1.42151-001;Slac_ENSLPGG00000008996	0.0002867980365569547	0.004729488519637293				Aque_Aqu2.1.44081-001;Scil_g10067	1.1197237321783682e-06	3.6825449616023355e-06	Aque_Aqu2.1.39761-001;Slac_ENSLPGG00000028345	3.393314768941332e-10	0.0003933860879960206	Aque_Aqu2.1.20517-001;Scil_g9431	0.00796912409351406	2.2604854558921415e-07	Aque_Aqu2.1.44197-001;Slac_ENSLPGG00000019065	1.6113923010411783e-24	7.25760385061524e-06				Aque_Aqu2.1.32503-001;Scil_g929	8.836422303727378e-40	0.0006739606382448352	Aque_Aqu2.1.39703-001;Scil_g12785	0.0003983784087831898	1.6615381302058852e-07	Aque_Aqu2.1.35253-001;Scil_g10960	3.5542328552532075e-13	3.516281539997559e-05				Aque_Aqu2.1.43674-001;Slac_ENSLPGG00000019065	4.20083387372124e-06	3.613082416273542e-08	Aque_Aqu2.1.43536-001;Slac_ENSLPGG00000017855	3.1456270560029736e-13	0.0001249377116177873				Aque_Aqu2.1.17816-001;Slac_ENSLPGG00000019065	0.004846158259488255	0.008445174686407597	Aque_Aqu2.1.15179-001;Slac_ENSLPGG00000007134	5.338752079734542e-06	1.850955267225313e-17	Aque_Aqu2.1.41520-001;Slac_ENSLPGG00000020178	4.988517977277189e-10	5.984877303900408e-05	Aque_Aqu2.1.14505-001;Slac_ENSLPGG00000030375	4.1608280773534837e-17	0.002058471191555939	Aque_Aqu2.1.15711-001;Scil_g10890	0.004340749689066238	8.289200286554092e-13	Aque_Aqu2.1.28960-001;Scil_g9703	1.2115948719525116e-09	0.005938834587646918	Aque_Aqu2.1.29497-001;Scil_g208	1.2112662309644303e-77	0.0006868538957636951				Aque_Aqu2.1.39784-001;Slac_ENSLPGG00000014570	0.007948759501957106	0.0016118636451360351	Aque_Aqu2.1.42693-001;Slac_ENSLPGG00000015112	5.036351134363364e-08	0.0006580543143154835	Scil_g428;Slac_ENSLPGG00000010973	3.53638816872691e-50	0.0015368510063786963	Scil_g7733;Slac_ENSLPGG00000010487	0.0009631828771727265	3.6949804439923313e-09													Scil_g13146;Slac_ENSLPGG00000010054	0.0026129660409463912	1.088065138152273e-05				Scil_g5407;Slac_ENSLPGG00000016023	0.0017396588968552988	1.1789178520790766e-50						
Aque_Aqu2.1.28960-001;Scil_g9703	5.162193897417071e-27	0.005938834587646918	Aque_Aqu2.1.44246-001;Scil_g4378	7.348281244918552e-80	0.0028121050242745833	Aque_Aqu2.1.28194-001;Scil_g2233	1.444625855187625e-59	0.00035254857723930345										Aque_Aqu2.1.33950-001;Slac_ENSLPGG00000028596	4.7618654032696835e-30	0.00011284612518204165	Aque_Aqu2.1.33572-001;Slac_ENSLPGG00000024781	0.00021610473808980914	3.2259678400364713e-09				Aque_Aqu2.1.37774-001;Slac_ENSLPGG00000007363	1.1664395148299226e-05	1.098458816519539e-06				Aque_Aqu2.1.41057-001;Slac_ENSLPGG00000021479	0.0004332992274544301	0.003708908431597192	Aque_Aqu2.1.38752-001;Slac_ENSLPGG00000014037	2.5967541173213717e-13	1.8687999982522213e-07				Aque_Aqu2.1.13963-001;Scil_g6014	0.00020210039681403604	7.513146338206519e-06	Aque_Aqu2.1.31486-001;Slac_ENSLPGG00000008285	5.214854471414592e-05	0.0008981154896444996	Aque_Aqu2.1.29119-001;Scil_g3097	0.000514927650285239	0.007756235271258407	Aque_Aqu2.1.21492-001;Slac_ENSLPGG00000024879	5.352416678551809e-06	2.9834662819941785e-11				Aque_Aqu2.1.33928-001;Scil_g119	8.346851545633894e-09	1.1392739541626258e-52	Aque_Aqu2.1.41653-001;Scil_g8832	5.400992414490759e-06	0.00038734422474595283	Aque_Aqu2.1.31551-001;Scil_g1098	0.0004550419940629617	0.00827391027704454				Aque_Aqu2.1.26973-001;Slac_ENSLPGG00000026194	1.8757648248382616e-05	1.969891307800923e-05	Aque_Aqu2.1.36606-001;Slac_ENSLPGG00000002171	6.429704257152719e-05	2.040331509655993e-20							Aque_Aqu2.1.37486-001;Slac_ENSLPGG00000022557	5.791765336917085e-10	0.0020476446338072297	Aque_Aqu2.1.38146-001;Slac_ENSLPGG00000018774	6.387586082111135e-11	0.0059141423288884215	Aque_Aqu2.1.44243-001;Slac_ENSLPGG00000008996	2.5819489532558422e-23	0.00012714480608127604	Aque_Aqu2.1.33740-001;Scil_g9493	6.278595155439881e-06	8.665176744628564e-59	Aque_Aqu2.1.34140-001;Scil_g11222	1.2311513054768545e-08	9.325436313824295e-14	Aque_Aqu2.1.44193-001;Scil_g3749	0.008761691378829603	7.256768233505739e-09				Aque_Aqu2.1.43623-001;Slac_ENSLPGG00000014570	0.005617868088624236	0.0016118636451360351	Aque_Aqu2.1.28223-001;Slac_ENSLPGG00000007525	0.0016953682702729052	1.9275453837446747e-05	Scil_g3056;Slac_ENSLPGG00000000921	1.3731224023390558e-07	1.3554892344563593e-12	Scil_g6923;Slac_ENSLPGG00000007158	0.0007496312067256761	1.2305328596950784e-25													Scil_g1084;Slac_ENSLPGG00000015293	2.3895129108770388e-11	1.2577896648206847e-10				Scil_g8133;Slac_ENSLPGG00000018959	0.008142106307399357	0.0021339873870384004						
Aque_Aqu2.1.43558-001;Scil_g2191	3.1472571512040617e-06	1.2017223918186125e-22	Aque_Aqu2.1.34476-001;Scil_g10401	1.1365096649262665e-143	1.7135469637012109e-15	Aque_Aqu2.1.39740-001;Scil_g2822	3.486960784146766e-51	0.0020745990756550255										Aque_Aqu2.1.41587-001;Slac_ENSLPGG00000026851	4.966307022303314e-14	3.1378676356872758e-09	Aque_Aqu2.1.40808-001;Slac_ENSLPGG00000011745	0.0014113797905383112	9.863258163264857e-05				Aque_Aqu2.1.38316-001;Slac_ENSLPGG00000017820	0.0013243049325624041	2.329296900107981e-06				Aque_Aqu2.1.34140-001;Slac_ENSLPGG00000007158	1.662739836406084e-09	1.2305328596950784e-25	Aque_Aqu2.1.36606-001;Slac_ENSLPGG00000021127	5.622930540080185e-07	0.009342612883849542				Aque_Aqu2.1.32920-001;Scil_g9431	0.0053703629895484675	2.2604854558921415e-07	Aque_Aqu2.1.44197-001;Slac_ENSLPGG00000019065	2.2714847576806134e-31	7.25760385061524e-06	Aque_Aqu2.1.27832-001;Scil_g10250	5.884935948591738e-05	0.0005451358125084988	Aque_Aqu2.1.09103-001;Slac_ENSLPGG00000028461	6.273425838176239e-12	3.048826496448948e-05				Aque_Aqu2.1.29076-001;Scil_g119	8.254780582515275e-21	1.1392739541626258e-52	Aque_Aqu2.1.41065-001;Scil_g4131	0.002433444354028677	0.00196209406172658	Aque_Aqu2.1.31586-001;Scil_g10108	1.7372787348993547e-40	0.007160020110211752				Aque_Aqu2.1.41056-001;Slac_ENSLPGG00000021479	8.402638292863864e-08	0.008613064062301081	Aque_Aqu2.1.22332-001;Slac_ENSLPGG00000013772	9.838828213524885e-12	0.0008831121506401709							Aque_Aqu2.1.43365-001;Slac_ENSLPGG00000022615	3.222386889950698e-07	0.0005822039373777532	Aque_Aqu2.1.29714-001;Slac_ENSLPGG00000007325	7.391576077219849e-08	2.0185029076047123e-05	Aque_Aqu2.1.42093-001;Slac_ENSLPGG00000011166	0.0006886285707111513	5.04182772083394e-32	Aque_Aqu2.1.39108-001;Scil_g1492	4.4768922414522974e-09	8.749458901015759e-70	Aque_Aqu2.1.36215-001;Scil_g6570	0.003047793759187989	0.001153697702314715	Aque_Aqu2.1.31586-001;Scil_g8948	1.891188349453035e-06	2.86304743546326e-11				Aque_Aqu2.1.42581-001;Slac_ENSLPGG00000003909	0.0038425604479093243	0.008216711205897606	Aque_Aqu2.1.22535-001;Slac_ENSLPGG00000012055	2.039837320551659e-11	4.493408870063082e-05	Scil_g10960;Slac_ENSLPGG00000015112	1.7814275668616436e-13	0.0006787822325991016	Scil_g13820;Slac_ENSLPGG00000020178	2.3448594471839515e-08	4.7379811227545295e-07													Scil_g4725;Slac_ENSLPGG00000013283	0.007071540977103302	3.255600133488331e-09												
Aque_Aqu2.1.34340-001;Scil_g9966	3.6337540168507325e-117	9.19332430187985e-22	Aque_Aqu2.1.38470-001;Scil_g819	0.004861230740791713	4.114518014632492e-22	Aque_Aqu2.1.39784-001;Scil_g2233	1.5219993781510476e-58	0.00035254857723930345										Aque_Aqu2.1.27013-001;Slac_ENSLPGG00000000546	1.2300835590623487e-13	8.768903459307528e-05	Aque_Aqu2.1.21879-001;Slac_ENSLPGG00000022242	0.002417439550131487	0.00015899456075697585				Aque_Aqu2.1.13985-001;Slac_ENSLPGG00000020432	0.004002472593160568	3.2079030839699014e-26				Aque_Aqu2.1.31388-001;Slac_ENSLPGG00000021402	0.009403421798818682	2.550566114792781e-45	Aque_Aqu2.1.32548-001;Slac_ENSLPGG00000021127	0.0016118061765567644	0.009342612883849542				Aque_Aqu2.1.25601-001;Scil_g9262	2.214521919092857e-06	3.8722536270251675e-05	Aque_Aqu2.1.17698-001;Slac_ENSLPGG00000011232	5.2765711542032776e-17	0.003325700561470039	Aque_Aqu2.1.22593-001;Scil_g13023	0.0012420173068698555	0.00013968688063429845	Aque_Aqu2.1.42015-001;Slac_ENSLPGG00000003738	5.367848450589573e-12	1.0526376784842143e-09				Aque_Aqu2.1.37811-001;Scil_g5864	0.009771576071213543	0.0003760413837692521	Aque_Aqu2.1.39672-001;Scil_g4725	1.7219934783810546e-24	0.007071540977103302	Aque_Aqu2.1.43674-001;Scil_g1098	4.20083387372124e-06	0.00827391027704454				Aque_Aqu2.1.30867-001;Slac_ENSLPGG00000019065	1.3309245062395783e-20	3.613082416273542e-08	Aque_Aqu2.1.35253-001;Slac_ENSLPGG00000010273	3.5542328552532075e-13	7.696669701701013e-06							Aque_Aqu2.1.28497-001;Slac_ENSLPGG00000009116	6.265744639493593e-06	2.3440959155135562e-14	Aque_Aqu2.1.33673-001;Slac_ENSLPGG00000012616	0.000628276188921932	5.4497946959940194e-05	Aque_Aqu2.1.33443-001;Slac_ENSLPGG00000018987	4.986367745258103e-05	8.336789136783278e-158	Aque_Aqu2.1.29497-001;Scil_g208	1.2112662309644303e-77	6.731802305180685e-06	Aque_Aqu2.1.37816-001;Scil_g11587	0.00680584638096658	0.001308213787946087	Aque_Aqu2.1.37079-001;Scil_g9493	3.790274397321719e-05	2.38359784208512e-33							Aque_Aqu2.1.34348-001;Slac_ENSLPGG00000012713	0.00010796781104150981	0.005865967933476736	Scil_g9919;Slac_ENSLPGG00000001013	7.99159855313051e-09	9.900491958884998e-26	Scil_g13146;Slac_ENSLPGG00000010054	0.0026129660409463912	1.1324999533424646e-05													Scil_g2151;Slac_ENSLPGG00000006993	3.6960027423275005e-11	2.605529624418305e-29												
Aque_Aqu2.1.38191-001;Scil_g3256	5.740348681209968e-44	4.0851084805518284e-72	Aque_Aqu2.1.38196-001;Scil_g3312	2.7056507229478046e-24	3.106968286626422e-17	Aque_Aqu2.1.27224-001;Scil_g1638	6.85573730359377e-63	1.19535896766409e-19										Aque_Aqu2.1.34262-001;Slac_ENSLPGG00000018100	2.444214059472153e-20	0.001055106636297011	Aque_Aqu2.1.38191-001;Slac_ENSLPGG00000001288	0.0010813743481752497	4.158989628188462e-07				Aque_Aqu2.1.43478-001;Slac_ENSLPGG00000005314	0.0008327874554904633	0.0003507669302731693				Aque_Aqu2.1.41482-001;Slac_ENSLPGG00000019065	2.2364060071655327e-10	3.1496785989591547e-07	Aque_Aqu2.1.21070-001;Slac_ENSLPGG00000020792	2.2386106342208852e-10	0.00022040338396253905				Aque_Aqu2.1.43551-001;Scil_g13524	8.307475925357203e-08	5.958322830565232e-44	Aque_Aqu2.1.43551-001;Slac_ENSLPGG00000007730	8.307475925357203e-08	1.282362129818319e-148	Aque_Aqu2.1.29413-001;Scil_g12956	0.002003152179234986	0.0001435730879651694	Aque_Aqu2.1.33612-001;Slac_ENSLPGG00000021127	2.364364427309774e-10	4.213266832952217e-05				Aque_Aqu2.1.36440-001;Scil_g7991	0.0004578582749838875	3.841187617541146e-06	Aque_Aqu2.1.28683-001;Scil_g2789	0.007371482204497088	6.244184837519518e-14	Aque_Aqu2.1.35253-001;Scil_g3056	3.5542328552532075e-13	2.0628480496730304e-08				Aque_Aqu2.1.33622-001;Slac_ENSLPGG00000021127	1.708447263117159e-16	1.5465846751523873e-05	Aque_Aqu2.1.33635-001;Slac_ENSLPGG00000010273	0.00010669886911690847	7.696669701701013e-06							Aque_Aqu2.1.43251-001;Slac_ENSLPGG00000027461	2.3451474142829946e-08	0.0007961822132458968	Aque_Aqu2.1.39672-001;Slac_ENSLPGG00000022031	1.7219934783810546e-24	0.009696082349253645	Aque_Aqu2.1.41190-001;Slac_ENSLPGG00000005134	3.070020325785256e-26	1.8972048888182136e-07	Aque_Aqu2.1.28223-001;Scil_g8192	0.0001247782164728605	8.365673889920028e-14	Aque_Aqu2.1.43309-001;Scil_g9807	0.0006903526336426989	0.0010858364176411562	Aque_Aqu2.1.41943-001;Scil_g11616	1.7930078176274148e-08	0.002941255425821128							Aque_Aqu2.1.38560-001;Slac_ENSLPGG00000006923	0.0082153950342929	0.002221821992867286	Scil_g5104;Slac_ENSLPGG00000009453	1.3385190593660316e-11	3.1604583026530097e-28	Scil_g2151;Slac_ENSLPGG00000006993	3.6960027423275005e-11	5.088867602043436e-27													Scil_g5520;Slac_ENSLPGG00000013069	2.09591889875815e-25	1.5435674773364596e-07												
Aque_Aqu2.1.34140-001;Scil_g5780	8.624609785310953e-08	2.9711931366042666e-50	Aque_Aqu2.1.15711-001;Scil_g10890	2.702731237627593e-11	4.4427832743762225e-06	Aque_Aqu2.1.33502-001;Scil_g566	4.333324090497173e-06	1.1065472566830571e-15										Aque_Aqu2.1.33950-001;Slac_ENSLPGG00000012592	4.7618654032696835e-30	0.0002193852230103154	Aque_Aqu2.1.44059-001;Slac_ENSLPGG00000001288	0.005028374037103343	4.158989628188462e-07				Aque_Aqu2.1.40886-001;Slac_ENSLPGG00000005401	0.0046341478969197545	5.984830996195444e-31				Aque_Aqu2.1.01979-001;Slac_ENSLPGG00000003645	0.007012591066954428	2.455428195900785e-11	Aque_Aqu2.1.42077-001;Slac_ENSLPGG00000023634	1.6179795020463484e-12	0.005827419773674819				Aque_Aqu2.1.29413-001;Scil_g12956	0.007336529209462336	0.0001435730879651694	Aque_Aqu2.1.44140-001;Slac_ENSLPGG00000009453	1.646659288707431e-78	1.7240464628282283e-09	Aque_Aqu2.1.30110-001;Scil_g3388	0.0009398165192983804	4.153586111703442e-07	Aque_Aqu2.1.33526-001;Slac_ENSLPGG00000027951	1.448681521009573e-19	0.00012208320266236656				Aque_Aqu2.1.35781-001;Scil_g721	0.0016572738315866653	1.2265829150867528e-69	Aque_Aqu2.1.35197-001;Scil_g12865	1.2879642783987652e-05	2.2900413416104303e-07	Aque_Aqu2.1.38824-001;Scil_g8851	0.0021069493728025235	0.0013186114376195319				Aque_Aqu2.1.23692-001;Slac_ENSLPGG00000010273	1.2841772084763492e-19	1.6978492039766335e-05	Aque_Aqu2.1.33443-001;Slac_ENSLPGG00000007525	4.986367745258103e-05	3.993170464153228e-16							Aque_Aqu2.1.42587-001;Slac_ENSLPGG00000018413	2.96187878283415e-07	0.0041682096517722585	Aque_Aqu2.1.41482-001;Slac_ENSLPGG00000001139	2.257130122823816e-08	4.345251405310324e-05	Aque_Aqu2.1.29861-001;Slac_ENSLPGG00000028356	2.7802180224950214e-12	3.148644495988388e-07	Aque_Aqu2.1.36606-001;Scil_g5254	0.00011808161515158586	7.915691230088375e-05	Aque_Aqu2.1.39919-001;Scil_g2615	8.838572398383237e-31	0.004718642288528333	Aque_Aqu2.1.27224-001;Scil_g4378	0.00698422672407088	0.0028121050242745833							Aque_Aqu2.1.25311-001;Slac_ENSLPGG00000008894	0.0008485015888837467	0.005783077781756294	Scil_g8192;Slac_ENSLPGG00000007525	1.1319454415633238e-06	1.2026125316824048e-14	Scil_g12529;Slac_ENSLPGG00000020219	3.227376468718222e-06	0.007892006176597039													Scil_g6923;Slac_ENSLPGG00000007158	0.0007496312067256761	1.965018913530473e-21												
Aque_Aqu2.1.27834-001;Scil_g1929	3.1136744770147465e-05	1.1447949222265634e-27	Aque_Aqu2.1.34340-001;Scil_g9966	3.6337540168507325e-117	6.446830269926905e-21	Aque_Aqu2.1.29496-001;Scil_g208	1.2768054689113486e-36	8.962654575220565e-19										Aque_Aqu2.1.16620-001;Slac_ENSLPGG00000009756	5.117152723494208e-38	1.0854540543354014e-05	Aque_Aqu2.1.42087-001;Slac_ENSLPGG00000011075	0.001998237992359187	0.0019043877830186178				Aque_Aqu2.1.30397-001;Slac_ENSLPGG00000021584	3.053563844263048e-06	0.0003089125655902511				Aque_Aqu2.1.33604-001;Slac_ENSLPGG00000020709	0.003957618782661046	7.28265114704908e-05	Aque_Aqu2.1.44140-001;Slac_ENSLPGG00000011327	8.885562534779468e-10	0.004116007346990355				Aque_Aqu2.1.33526-001;Scil_g8391	5.738031434344421e-16	0.0037906289211224855	Aque_Aqu2.1.37895-001;Slac_ENSLPGG00000021127	1.8087908043811806e-10	4.213266832952217e-05	Aque_Aqu2.1.25601-001;Scil_g10711	1.9077862470388334e-05	9.234371273624221e-05	Aque_Aqu2.1.42183-001;Slac_ENSLPGG00000007955	3.3931647854373665e-10	1.9750808972902473e-05				Aque_Aqu2.1.28497-001;Scil_g11447	6.265744639493593e-06	4.092936753533095e-05	Aque_Aqu2.1.41482-001;Scil_g11222	2.257130122823816e-08	5.013830628113789e-07	Aque_Aqu2.1.42762-001;Scil_g2756	1.0081478109652569e-17	0.0004767352567340763				Aque_Aqu2.1.37486-001;Slac_ENSLPGG00000021186	5.791765336917085e-10	2.1966675747781014e-45	Aque_Aqu2.1.36606-001;Slac_ENSLPGG00000022031	6.429704257152719e-05	6.099419038603397e-08							Aque_Aqu2.1.35253-001;Slac_ENSLPGG00000015112	3.5542328552532075e-13	0.0002902087639971218	Aque_Aqu2.1.42203-001;Slac_ENSLPGG00000021186	0.00045457418849529025	2.0188353322288348e-10	Aque_Aqu2.1.37407-001;Slac_ENSLPGG00000018774	5.959310045388851e-09	2.4166258980482844e-09	Aque_Aqu2.1.34348-001;Scil_g2746	0.004037217112809467	3.254520662641615e-23	Aque_Aqu2.1.34340-001;Scil_g9966	7.578330643859518e-05	9.19332430187985e-22	Aque_Aqu2.1.37816-001;Scil_g11587	0.00680584638096658	4.192068481728588e-05							Aque_Aqu2.1.21076-001;Slac_ENSLPGG00000021255	0.009677100769817697	8.053308969477697e-05	Scil_g3056;Slac_ENSLPGG00000018041	1.3731224023390558e-07	0.0017530359823746317	Scil_g428;Slac_ENSLPGG00000010973	1.1757209573410568e-27	0.00015161252851570743													Scil_g6923;Slac_ENSLPGG00000001139	0.0007496312067256761	4.69500827060743e-21												
Aque_Aqu2.1.37818-001;Scil_g13687	1.1042169105070999e-65	1.466694169169309e-25	Aque_Aqu2.1.43637-001;Scil_g13000	0.0001321362764028887	4.8053426804416345e-37	Aque_Aqu2.1.34878-001;Scil_g3906	1.029702300556858e-14	0.00014453004306132745										Aque_Aqu2.1.14137-001;Slac_ENSLPGG00000014668	7.583517125849063e-42	0.0013743888988443865	Aque_Aqu2.1.32946-001;Slac_ENSLPGG00000010832	1.2237849702064396e-05	0.0034182046854774753				Aque_Aqu2.1.37818-001;Slac_ENSLPGG00000010551	2.3518338933057015e-06	1.810257039536341e-05				Aque_Aqu2.1.37101-001;Slac_ENSLPGG00000015112	1.5336636022433145e-08	0.00018013208566898826	Aque_Aqu2.1.30070-001;Slac_ENSLPGG00000017733	1.081345875323221e-06	7.64065571444548e-05				Aque_Aqu2.1.23229-001;Scil_g8117	0.0029658853422666366	1.5571256403096104e-09	Aque_Aqu2.1.38687-001;Slac_ENSLPGG00000023112	4.028489834224234e-42	0.0003324703807620784	Aque_Aqu2.1.37473-001;Scil_g6763	0.005287152186636688	1.0396852815059356e-08	Aque_Aqu2.1.36296-001;Slac_ENSLPGG00000028356	2.2413866662193796e-08	2.097030126413491e-05				Aque_Aqu2.1.41056-001;Scil_g4341	8.402638292863864e-08	0.0008148831265628503	Aque_Aqu2.1.42693-001;Scil_g13146	0.0018360592641156288	0.0026129660409463912	Aque_Aqu2.1.26973-001;Scil_g9674	1.8757648248382616e-05	0.0007343807069236559				Aque_Aqu2.1.24981-001;Slac_ENSLPGG00000009456	2.7217252995401606e-14	4.685225916727112e-05	Aque_Aqu2.1.34863-001;Slac_ENSLPGG00000014139	7.856949568546215e-16	0.0038658422956780927							Aque_Aqu2.1.41520-001;Slac_ENSLPGG00000020178	4.988517977277189e-10	0.00025191457973345715	Aque_Aqu2.1.35253-001;Slac_ENSLPGG00000012471	3.5542328552532075e-13	0.005559596267054266	Aque_Aqu2.1.37082-001;Slac_ENSLPGG00000014205	1.421056760183191e-45	4.187308454203387e-25	Aque_Aqu2.1.41012-001;Scil_g10508	0.0037296053160072056	3.569604556802591e-21	Aque_Aqu2.1.23692-001;Scil_g10960	1.0602342069590649e-07	0.00010166511914957086	Aque_Aqu2.1.34340-001;Scil_g9966	7.578330643859518e-05	6.446830269926905e-21							Aque_Aqu2.1.25858-001;Slac_ENSLPGG00000010273	0.007275635945040617	2.2202051016386082e-09	Scil_g13024;Slac_ENSLPGG00000029928	0.00014717462768455288	1.133641503252008e-12	Scil_g10843;Slac_ENSLPGG00000008220	2.191339130993605e-06	4.726282953830286e-155													Scil_g13331;Slac_ENSLPGG00000027561	1.7811965565566243e-06	7.099070201361565e-06												
Aque_Aqu2.1.44246-001;Scil_g2125	7.348281244918552e-80	3.513457657467906e-18	Aque_Aqu2.1.44059-001;Scil_g3256	3.328730512336417e-05	3.913029502705773e-66	Aque_Aqu2.1.27224-001;Scil_g8311	6.85573730359377e-63	9.440630961312128e-07										Aque_Aqu2.1.41935-001;Slac_ENSLPGG00000006356	3.900652244068748e-22	0.00011946821970550475	Aque_Aqu2.1.38196-001;Slac_ENSLPGG00000005591	9.798282053904682e-05	0.004779590448303754				Aque_Aqu2.1.44059-001;Slac_ENSLPGG00000001288	0.005028374037103343	3.761669063371938e-12				Aque_Aqu2.1.33622-001;Slac_ENSLPGG00000013283	3.31852085524485e-07	2.6704193679793666e-05	Aque_Aqu2.1.24879-001;Slac_ENSLPGG00000015293	0.0005023866135471616	6.6401604613863886e-09				Aque_Aqu2.1.29855-001;Scil_g9955	0.0022340984168665655	8.310688268255026e-05	Aque_Aqu2.1.42183-001;Slac_ENSLPGG00000007955	6.985331522353285e-12	1.9750808972902473e-05	Aque_Aqu2.1.35251-001;Scil_g9317	0.003495109298096171	6.465571092368724e-05	Aque_Aqu2.1.31859-001;Slac_ENSLPGG00000025722	0.0003384808675338713	1.3456439192448823e-08				Aque_Aqu2.1.42762-001;Scil_g13259	1.0081478109652569e-17	0.0019587669444009245	Aque_Aqu2.1.42204-001;Scil_g12785	1.4452367274558129e-06	1.6615381302058852e-07	Aque_Aqu2.1.42203-001;Scil_g6182	0.00045457418849529025	6.54132555884722e-05				Aque_Aqu2.1.43252-001;Slac_ENSLPGG00000025032	1.118841022757129e-86	0.0048544539686617314	Aque_Aqu2.1.32503-001;Slac_ENSLPGG00000015631	8.836422303727378e-40	0.003778735700775536							Aque_Aqu2.1.43982-001;Slac_ENSLPGG00000010736	0.00026536629051856613	1.2664158827925261e-08	Aque_Aqu2.1.41065-001;Slac_ENSLPGG00000020178	0.002433444354028677	5.984877303900408e-05	Aque_Aqu2.1.40738-001;Slac_ENSLPGG00000014205	6.218782870818954e-08	4.187308454203387e-25	Aque_Aqu2.1.43674-001;Scil_g5780	4.400615814884635e-07	4.7119462055778926e-68	Aque_Aqu2.1.07543-001;Scil_g9417	4.81622449486522e-09	7.690065000666931e-17	Aque_Aqu2.1.36606-001;Scil_g5254	0.00011808161515158586	0.005356450352588373							Aque_Aqu2.1.25858-001;Slac_ENSLPGG00000003239	0.007275635945040617	9.769992645110384e-09	Scil_g8192;Slac_ENSLPGG00000011839	1.1319454415633238e-06	1.90611515788076e-10	Scil_g6923;Slac_ENSLPGG00000003645	0.0007496312067256761	2.455428195900785e-11													Scil_g10108;Slac_ENSLPGG00000023276	0.0026833894586777538	5.006232055107248e-07												
Aque_Aqu2.1.34182-001;Scil_g1212	2.8381934299431106e-12	8.020125970823068e-06	Aque_Aqu2.1.40203-001;Scil_g9896	7.76548669049712e-21	1.517825759461948e-07	Aque_Aqu2.1.39927-001;Scil_g1638	2.100681945699731e-42	1.19535896766409e-19										Aque_Aqu2.1.15175-001;Slac_ENSLPGG00000009756	1.7807654417352274e-13	1.0854540543354014e-05	Aque_Aqu2.1.40665-001;Slac_ENSLPGG00000005591	0.00021493574797533103	0.004779590448303754				Aque_Aqu2.1.40203-001;Slac_ENSLPGG00000002568	0.0013464931527623718	2.3451780109807946e-07				Aque_Aqu2.1.28492-001;Slac_ENSLPGG00000009116	4.609852878565774e-24	1.3356495854071297e-16	Aque_Aqu2.1.29497-001;Slac_ENSLPGG00000014782	0.009540321936991298	2.216785442425679e-52				Aque_Aqu2.1.39123-001;Scil_g13192	0.001741153774115247	0.0014322155262061593	Aque_Aqu2.1.33526-001;Slac_ENSLPGG00000027951	5.738031434344421e-16	0.00012208320266236656	Aque_Aqu2.1.10542-001;Scil_g10067	0.0018808626138950557	3.6825449616023355e-06	Aque_Aqu2.1.44214-001;Slac_ENSLPGG00000007955	3.0665856474314364e-10	1.9750808972902473e-05				Aque_Aqu2.1.25575-001;Scil_g3420	0.00014569208969719526	4.1363231327920695e-07	Aque_Aqu2.1.36779-001;Scil_g12855	2.0751669503159548e-16	0.006088538203002854	Aque_Aqu2.1.36440-001;Scil_g1526	0.0004578582749838875	3.8194393227688145e-45				Aque_Aqu2.1.39987-001;Slac_ENSLPGG00000021479	1.1967043055347806e-19	0.008613064062301081	Aque_Aqu2.1.42203-001;Slac_ENSLPGG00000021186	0.00045457418849529025	1.5866616825505543e-23							Aque_Aqu2.1.27224-001;Slac_ENSLPGG00000027899	5.542768429070787e-13	0.00046333132650520215	Aque_Aqu2.1.41030-001;Slac_ENSLPGG00000009795	1.2780145784191498e-09	1.4546678464788364e-07	Aque_Aqu2.1.28453-001;Slac_ENSLPGG00000026946	1.0394247470338174e-05	3.286635396562452e-29	Aque_Aqu2.1.31586-001;Scil_g8948	1.891188349453035e-06	1.185280181140932e-18	Aque_Aqu2.1.34476-001;Scil_g10401	1.3206009769276592e-07	3.036365479907168e-12	Aque_Aqu2.1.34476-001;Scil_g10401	1.3206009769276592e-07	1.7135469637012109e-15							Aque_Aqu2.1.28223-001;Slac_ENSLPGG00000007730	0.0016953682702729052	2.2613124646670964e-33	Scil_g2018;Slac_ENSLPGG00000012981	3.0609869963813252e-15	3.9501074952680824e-13	Scil_g3806;Slac_ENSLPGG00000009324	3.452312820229575e-05	0.0016273209584915234													Scil_g3806;Slac_ENSLPGG00000009324	3.452312820229575e-05	0.0032146804795755626												
Aque_Aqu2.1.34476-001;Scil_g10401	1.1365096649262665e-143	3.036365479907168e-12	Aque_Aqu2.1.28239-001;Scil_g8524	5.769546964194492e-21	9.371162070713908e-07	Aque_Aqu2.1.38196-001;Scil_g3312	2.7056507229478046e-24	2.5631732670769705e-17										Aque_Aqu2.1.25405-001;Slac_ENSLPGG00000020148	1.4898002779454198e-09	9.928657817269311e-10	Aque_Aqu2.1.38196-001;Slac_ENSLPGG00000018877	9.798282053904682e-05	0.00392952914647774				Aque_Aqu2.1.44059-001;Slac_ENSLPGG00000002916	0.005028374037103343	0.00011693882023847729				Aque_Aqu2.1.36606-001;Slac_ENSLPGG00000022031	5.622930540080185e-07	9.300342416746377e-05	Aque_Aqu2.1.43551-001;Slac_ENSLPGG00000007730	0.0005635633996396587	1.7449377494689486e-149				Aque_Aqu2.1.38596-001;Scil_g8391	6.485696048108517e-11	0.0037906289211224855	Aque_Aqu2.1.38752-001;Slac_ENSLPGG00000014037	8.898107358929214e-33	9.215098691457013e-15	Aque_Aqu2.1.25601-001;Scil_g9262	1.9077862470388334e-05	3.8722536270251675e-05	Aque_Aqu2.1.34441-001;Slac_ENSLPGG00000010137	8.94792185533382e-40	0.001790020645015706				Aque_Aqu2.1.26326-001;Scil_g5295	9.173280907484971e-09	1.4595616685252585e-08	Aque_Aqu2.1.41302-001;Scil_g480	8.674583355148573e-05	4.506608115212298e-09	Aque_Aqu2.1.35253-001;Scil_g9674	3.5542328552532075e-13	0.0007343807069236559				Aque_Aqu2.1.31551-001;Slac_ENSLPGG00000019065	0.0004550419940629617	3.613082416273542e-08	Aque_Aqu2.1.28223-001;Slac_ENSLPGG00000011839	1.3844036382592803e-13	6.039500918035304e-05							Aque_Aqu2.1.33635-001;Slac_ENSLPGG00000015112	0.00010669886911690847	0.0002902087639971218	Aque_Aqu2.1.30867-001;Slac_ENSLPGG00000019065	1.3309245062395783e-20	0.006927108559854214	Aque_Aqu2.1.36606-001;Slac_ENSLPGG00000010506	6.429704257152719e-05	1.263049125259277e-07	Aque_Aqu2.1.42548-001;Scil_g9678	7.448014540555121e-28	0.009357348635474466	Aque_Aqu2.1.37818-001;Scil_g13687	4.366072114981543e-05	1.466694169169309e-25	Aque_Aqu2.1.39232-001;Scil_g11100	7.248897726992047e-09	5.437023983119818e-08							Aque_Aqu2.1.39784-001;Slac_ENSLPGG00000008251	0.00499087858669987	9.16661881751561e-07	Scil_g552;Slac_ENSLPGG00000010574	1.8734294623301771e-19	9.440188128803196e-16	Scil_g1084;Slac_ENSLPGG00000015293	2.3895129108770388e-11	3.0288120931539586e-07													Scil_g721;Slac_ENSLPGG00000007429	7.585164231627284e-06	1.4497953333836968e-05												
Aque_Aqu2.1.06909-001;Scil_g5906	0.0010587694104038895	6.93194593049045e-51	Aque_Aqu2.1.41587-001;Scil_g2125	6.284211007424334e-22	7.46393838870838e-12	Aque_Aqu2.1.39927-001;Scil_g8311	2.100681945699731e-42	9.440630961312128e-07										Aque_Aqu2.1.41935-001;Slac_ENSLPGG00000028596	3.900652244068748e-22	0.00011284612518204165	Aque_Aqu2.1.40665-001;Slac_ENSLPGG00000018877	0.00021493574797533103	0.00392952914647774				Aque_Aqu2.1.27249-001;Slac_ENSLPGG00000018350	0.007293080990685721	0.002089581030277504				Aque_Aqu2.1.34140-001;Slac_ENSLPGG00000003645	1.662739836406084e-09	2.455428195900785e-11	Aque_Aqu2.1.44218-001;Slac_ENSLPGG00000007955	1.5630724984533242e-08	0.0010077057716323732				Aque_Aqu2.1.32920-001;Scil_g9955	0.0053703629895484675	8.310688268255026e-05	Aque_Aqu2.1.42700-001;Slac_ENSLPGG00000000696	1.3533484421805182e-09	5.830310343059631e-06	Aque_Aqu2.1.23229-001;Scil_g8117	0.001810100084484519	1.5571256403096104e-09	Aque_Aqu2.1.04817-001;Slac_ENSLPGG00000016836	2.5806510890960834e-15	5.186576302702321e-08				Aque_Aqu2.1.36574-001;Scil_g10363	0.0004940940652812278	1.7683703946708102e-19	Aque_Aqu2.1.42203-001;Scil_g12785	0.00045457418849529025	1.6615381302058852e-07	Aque_Aqu2.1.22423-001;Scil_g12785	0.003331405344316412	2.3296876787399272e-06				Aque_Aqu2.1.43982-001;Slac_ENSLPGG00000010137	0.00026536629051856613	2.3938613340873506e-10	Aque_Aqu2.1.31388-001;Slac_ENSLPGG00000021402	0.004760476945746735	1.6974236185946167e-34							Aque_Aqu2.1.29497-001;Slac_ENSLPGG00000014782	6.077919633614359e-57	0.008818631329743608	Aque_Aqu2.1.29861-001;Slac_ENSLPGG00000028356	2.7802180224950214e-12	0.008073199099584266	Aque_Aqu2.1.29714-001;Slac_ENSLPGG00000007325	7.391576077219849e-08	3.439389409716167e-13	Aque_Aqu2.1.36479-001;Scil_g9859	2.7549326412176117e-07	0.00010645449555461857	Aque_Aqu2.1.32930-001;Scil_g9417	2.0305570543660158e-05	7.690065000666931e-17	Aque_Aqu2.1.34348-001;Scil_g2746	0.004037217112809467	4.776431986714263e-13							Aque_Aqu2.1.28194-001;Slac_ENSLPGG00000011679	0.0045912394646443755	6.653444638887422e-06	Scil_g6335;Slac_ENSLPGG00000026673	0.002265513798681508	0.00042711768069751254	Scil_g4131;Slac_ENSLPGG00000018774	0.00196209406172658	4.505355541140787e-05													Scil_g13146;Slac_ENSLPGG00000003239	0.0026129660409463912	4.665800524885028e-08												
Aque_Aqu2.1.34140-001;Scil_g11222	8.624609785310953e-08	9.325436313824295e-14	Aque_Aqu2.1.44059-001;Scil_g9230	3.328730512336417e-05	5.73789625531634e-33	Aque_Aqu2.1.37774-001;Scil_g9453	7.700554024937936e-21	4.49983027371432e-20										Aque_Aqu2.1.38196-001;Slac_ENSLPGG00000005591	9.798282053904682e-05	9.889588770014423e-19	Aque_Aqu2.1.35076-001;Slac_ENSLPGG00000016361	8.800316694697123e-05	0.003516997637063783				Aque_Aqu2.1.22401-001;Slac_ENSLPGG00000012774	0.0037221543277840977	0.0028969510991769007				Aque_Aqu2.1.29497-001;Slac_ENSLPGG00000014506	0.009540321936991298	1.5255096301183682e-54	Aque_Aqu2.1.33622-001;Slac_ENSLPGG00000021127	3.31852085524485e-07	0.009342612883849542				Aque_Aqu2.1.32219-001;Scil_g8913	0.009033656236216717	0.004215613628527157	Aque_Aqu2.1.38596-001;Slac_ENSLPGG00000027951	6.485696048108517e-11	0.00012208320266236656	Aque_Aqu2.1.22426-001;Scil_g12516	3.10559149808325e-11	0.0018996243963378607	Aque_Aqu2.1.37895-001;Slac_ENSLPGG00000021127	1.3041098546376117e-11	4.213266832952217e-05				Aque_Aqu2.1.23228-001;Scil_g9955	1.1339492470998346e-05	3.855967316822112e-13	Aque_Aqu2.1.41520-001;Scil_g13820	4.988517977277189e-10	2.3448594471839515e-08	Aque_Aqu2.1.38824-001;Scil_g10960	0.0021069493728025235	3.516281539997559e-05				Aque_Aqu2.1.14505-001;Slac_ENSLPGG00000012981	4.1608280773534837e-17	3.9501074952680824e-13	Aque_Aqu2.1.40376-001;Slac_ENSLPGG00000001593	5.626029519789693e-17	2.610966808913046e-05							Aque_Aqu2.1.27258-001;Slac_ENSLPGG00000006993	4.614981215518772e-18	0.0010352095861496252	Aque_Aqu2.1.33635-001;Slac_ENSLPGG00000012471	0.00010669886911690847	0.005559596267054266	Aque_Aqu2.1.42065-001;Slac_ENSLPGG00000022563	5.305955151225863e-07	1.402635458203217e-19	Aque_Aqu2.1.17720-001;Scil_g9859	5.551374374753066e-10	0.00010645449555461857	Aque_Aqu2.1.34348-001;Scil_g2746	0.004037217112809467	1.4143109872104243e-05	Aque_Aqu2.1.41943-001;Scil_g10339	1.7930078176274148e-08	0.004252384725326189							Aque_Aqu2.1.39784-001;Slac_ENSLPGG00000010787	0.00499087858669987	1.3604346982340432e-05	Scil_g8930;Slac_ENSLPGG00000021186	1.6915094476803913e-05	2.1966675747781014e-45	Scil_g11222;Slac_ENSLPGG00000019065	5.013830628113789e-07	3.1496785989591547e-07													Scil_g10960;Slac_ENSLPGG00000020470	7.697874836345238e-14	0.002865326369152078												
Aque_Aqu2.1.38191-001;Scil_g9230	5.740348681209968e-44	9.597913170553696e-28	Aque_Aqu2.1.28960-001;Scil_g9703	5.162193897417071e-27	4.6862689011304155e-07	Aque_Aqu2.1.37816-001;Scil_g11587	5.351220243248752e-65	2.972720390467545e-07										Aque_Aqu2.1.37774-001;Slac_ENSLPGG00000022242	1.1664395148299226e-05	7.582033670849832e-18	Aque_Aqu2.1.40651-001;Slac_ENSLPGG00000004266	0.0014029469417940314	5.3815161073915584e-05				Aque_Aqu2.1.40665-001;Slac_ENSLPGG00000005591	0.00021493574797533103	0.0029986933692681596				Aque_Aqu2.1.38752-001;Slac_ENSLPGG00000013069	2.5967541173213717e-13	4.510390699375658e-16	Aque_Aqu2.1.44243-001;Slac_ENSLPGG00000021186	2.521644079706085e-10	6.881624328924807e-14				Aque_Aqu2.1.37101-001;Scil_g10250	6.194430517240804e-07	0.0005451358125084988	Aque_Aqu2.1.17699-001;Slac_ENSLPGG00000011232	3.0500858502303413e-13	0.003325700561470039	Aque_Aqu2.1.32920-001;Scil_g9955	0.0019696549996616733	8.310688268255026e-05	Aque_Aqu2.1.33612-001;Slac_ENSLPGG00000011588	2.364364427309774e-10	0.0036895935973833547				Aque_Aqu2.1.24981-001;Scil_g6427	2.7217252995401606e-14	2.8492265485112783e-05	Aque_Aqu2.1.41520-001;Scil_g8186	4.988517977277189e-10	2.027576154248112e-06	Aque_Aqu2.1.34140-001;Scil_g1098	1.0121820050408576e-29	0.00827391027704454				Aque_Aqu2.1.43252-001;Slac_ENSLPGG00000023417	1.118841022757129e-86	0.0020866515349768724	Aque_Aqu2.1.42203-001;Slac_ENSLPGG00000008996	0.00045457418849529025	2.383566135459776e-06							Aque_Aqu2.1.38824-001;Slac_ENSLPGG00000000921	0.0021069493728025235	1.3753081648531437e-11	Aque_Aqu2.1.33622-001;Slac_ENSLPGG00000022031	1.708447263117159e-16	0.009696082349253645	Aque_Aqu2.1.20935-001;Slac_ENSLPGG00000027561	3.0542012146660946e-19	7.099070201361565e-06	Aque_Aqu2.1.43637-001;Scil_g13024	4.913286201607988e-09	0.0003027031355391717	Aque_Aqu2.1.36440-001;Scil_g1526	0.0004778198145944702	2.6673913062622445e-11	Aque_Aqu2.1.42549-001;Scil_g11616	6.6351231469464594e-12	0.002941255425821128							Aque_Aqu2.1.28301-001;Slac_ENSLPGG00000012506	8.582889212601913e-05	1.2928363628897202e-07	Scil_g2312;Slac_ENSLPGG00000012471	0.00047418108694509317	9.012536840606819e-20	Scil_g402;Slac_ENSLPGG00000016891	0.0003005960655922788	2.9258653159556866e-05													Scil_g2820;Slac_ENSLPGG00000012140	6.411161546849771e-05	2.2234277891488934e-08												
Aque_Aqu2.1.07543-001;Scil_g9417	5.249550863120593e-114	7.690065000666931e-17	Aque_Aqu2.1.34142-001;Scil_g2525	1.5802677811320417e-19	1.3407951204689368e-05	Aque_Aqu2.1.41587-001;Scil_g2125	6.284211007424334e-22	7.997798359196378e-19										Aque_Aqu2.1.39902-001;Slac_ENSLPGG00000006356	3.411665645470714e-24	0.00011946821970550475							Aque_Aqu2.1.38196-001;Slac_ENSLPGG00000005591	9.798282053904682e-05	0.0029986933692681596				Aque_Aqu2.1.43329-001;Slac_ENSLPGG00000028356	6.309083453842146e-05	6.775257991661166e-05	Aque_Aqu2.1.38596-001;Slac_ENSLPGG00000027951	0.001542624236740881	1.8275038755462968e-07				Aque_Aqu2.1.25601-001;Scil_g10711	2.214521919092857e-06	9.234371273624221e-05	Aque_Aqu2.1.35499-001;Slac_ENSLPGG00000009453	1.1523800383696093e-27	1.7240464628282283e-09	Aque_Aqu2.1.27228-001;Scil_g12646	3.237200369837252e-45	0.0018841922328572665	Aque_Aqu2.1.44140-001;Slac_ENSLPGG00000009116	3.48170003993214e-101	3.098026050711895e-06				Aque_Aqu2.1.29081-001;Scil_g119	7.183480367196946e-22	1.1392739541626258e-52	Aque_Aqu2.1.30867-001;Scil_g6923	1.3309245062395783e-20	0.0007496312067256761	Aque_Aqu2.1.38824-001;Scil_g3056	0.0021069493728025235	2.0628480496730304e-08				Aque_Aqu2.1.34140-001;Slac_ENSLPGG00000019065	1.0121820050408576e-29	3.613082416273542e-08	Aque_Aqu2.1.40905-001;Slac_ENSLPGG00000014782	2.293128987599471e-12	4.809124165610324e-15							Aque_Aqu2.1.28223-001;Slac_ENSLPGG00000018987	1.3844036382592803e-13	6.075516351583151e-07	Aque_Aqu2.1.34863-001;Slac_ENSLPGG00000014139	7.856949568546215e-16	0.004431977374033645	Aque_Aqu2.1.34140-001;Slac_ENSLPGG00000003645	1.0121820050408576e-29	6.4337355297277255e-09	Aque_Aqu2.1.37816-001;Scil_g11587	0.00680584638096658	7.602918771667548e-08	Aque_Aqu2.1.43423-001;Scil_g455	0.0035803961240326817	4.3762986520216864e-15	Aque_Aqu2.1.43423-001;Scil_g455	0.0035803961240326817	6.703457364023223e-22							Aque_Aqu2.1.39784-001;Slac_ENSLPGG00000011679	0.00499087858669987	6.653444638887422e-06	Scil_g2756;Slac_ENSLPGG00000021127	5.95074074397426e-10	1.5465846751523873e-05	Scil_g10960;Slac_ENSLPGG00000012296	7.697874836345238e-14	0.001043453426024318													Scil_g402;Slac_ENSLPGG00000002171	0.0003005960655922788	8.519815430634142e-07												
Aque_Aqu2.1.42770-001;Scil_g3808	3.4620499776698645e-08	4.4005623375883204e-05	Aque_Aqu2.1.44247-001;Scil_g9331	3.554518331741283e-29	0.0016511427913031378	Aque_Aqu2.1.23425-001;Scil_g9839	2.4250333501045333e-55	1.1355828495615424e-07										Aque_Aqu2.1.23425-001;Slac_ENSLPGG00000006356	5.611075888207551e-26	0.00011946821970550475							Aque_Aqu2.1.16571-001;Slac_ENSLPGG00000020828	0.005628136481786458	0.004712837550545119				Aque_Aqu2.1.25867-001;Slac_ENSLPGG00000012471	2.1213248264626324e-06	3.25051042436473e-08	Aque_Aqu2.1.17816-001;Slac_ENSLPGG00000019065	0.009367143325851741	5.413313929192906e-06				Aque_Aqu2.1.42693-001;Scil_g6189	0.009867365457725135	3.078981561582129e-05	Aque_Aqu2.1.31859-001;Slac_ENSLPGG00000025722	0.004697429935254067	1.3456439192448823e-08	Aque_Aqu2.1.21492-001;Scil_g9772	5.352416678551809e-06	0.0011410820071515123	Aque_Aqu2.1.20108-001;Slac_ENSLPGG00000019235	0.0001996471342094305	3.8954346900669975e-11				Aque_Aqu2.1.28489-001;Scil_g11447	1.2639077541595553e-28	4.092936753533095e-05	Aque_Aqu2.1.25769-001;Scil_g428	3.2643039449818794e-11	1.1757209573410568e-27	Aque_Aqu2.1.17816-001;Scil_g6923	0.004846158259488255	4.832739396701769e-10				Aque_Aqu2.1.23692-001;Slac_ENSLPGG00000026948	1.2841772084763492e-19	0.005553210951833313	Aque_Aqu2.1.41482-001;Slac_ENSLPGG00000006271	2.257130122823816e-08	3.1018371628481413e-06							Aque_Aqu2.1.41482-001;Slac_ENSLPGG00000001139	2.257130122823816e-08	1.0794946248240394e-08	Aque_Aqu2.1.37407-001;Slac_ENSLPGG00000018774	5.959310045388851e-09	0.0059141423288884215	Aque_Aqu2.1.28497-001;Slac_ENSLPGG00000009116	6.265744639493593e-06	1.187914787539918e-27	Aque_Aqu2.1.40681-001;Scil_g8004	4.236848246358944e-05	7.5243983268532895e-06	Aque_Aqu2.1.43440-001;Scil_g3916	1.8878112542246298e-07	0.00012639040713412292	Aque_Aqu2.1.43637-001;Scil_g13026	4.913286201607988e-09	0.004697348678915856							Aque_Aqu2.1.28194-001;Slac_ENSLPGG00000014570	0.0045912394646443755	0.0016118636451360351	Scil_g10669;Slac_ENSLPGG00000000921	0.003749453953567109	1.3554892344563593e-12	Scil_g8186;Slac_ENSLPGG00000018774	2.027576154248112e-06	4.505355541140787e-05													Scil_g10843;Slac_ENSLPGG00000008220	2.191339130993605e-06	2.790707462165623e-142												
Aque_Aqu2.1.28194-001;Scil_g9453	1.444625855187625e-59	2.3202718139754127e-12	Aque_Aqu2.1.27224-001;Scil_g4378	6.85573730359377e-63	0.0028121050242745833	Aque_Aqu2.1.42546-001;Scil_g5235	3.5093384982538397e-07	5.403392112469341e-07										Aque_Aqu2.1.32514-001;Slac_ENSLPGG00000006881	4.735783019066314e-08	4.2842379072043594e-10							Aque_Aqu2.1.40665-001;Slac_ENSLPGG00000018877	0.00021493574797533103	0.007645655239505067				Aque_Aqu2.1.41660-001;Slac_ENSLPGG00000015815	0.00678209924781447	3.0889450846678094e-05	Aque_Aqu2.1.44280-001;Slac_ENSLPGG00000021800	3.113278684368793e-07	2.5495500804048876e-06				Aque_Aqu2.1.28308-001;Scil_g13192	0.0018041661425868933	0.0014322155262061593	Aque_Aqu2.1.44140-001;Slac_ENSLPGG00000009116	1.646659288707431e-78	3.098026050711895e-06	Aque_Aqu2.1.36275-001;Scil_g13637	0.00011713621280591484	3.320268255653308e-06	Aque_Aqu2.1.38596-001;Slac_ENSLPGG00000027951	4.915425379001228e-11	0.00012208320266236656				Aque_Aqu2.1.42499-001;Scil_g8462	0.004742401216607825	2.9772191846120044e-12	Aque_Aqu2.1.25927-001;Scil_g947	3.006102746387663e-11	3.447544207280475e-07	Aque_Aqu2.1.25867-001;Scil_g8851	0.0002352162877005849	0.0013186114376195319				Aque_Aqu2.1.21880-001;Slac_ENSLPGG00000008528	1.2898596676934027e-28	3.0019923230811625e-09	Aque_Aqu2.1.40394-001;Slac_ENSLPGG00000024511	0.008548448215663518	0.0013973110254201315							Aque_Aqu2.1.42065-001;Slac_ENSLPGG00000022563	5.305955151225863e-07	0.002913780593230854	Aque_Aqu2.1.39919-001;Slac_ENSLPGG00000027773	2.486254135103664e-07	2.3319795781240976e-06	Aque_Aqu2.1.36606-001;Slac_ENSLPGG00000013283	6.429704257152719e-05	3.255600133488331e-09	Aque_Aqu2.1.43637-001;Scil_g13026	4.913286201607988e-09	3.669888604903578e-05	Aque_Aqu2.1.35102-001;Scil_g13155	5.4186149797594414e-09	5.0814546179163107e-05	Aque_Aqu2.1.36440-001;Scil_g1526	0.0004778198145944702	4.767765604650261e-13							Aque_Aqu2.1.39784-001;Slac_ENSLPGG00000014570	0.00499087858669987	0.0016118636451360351	Scil_g1526;Slac_ENSLPGG00000026673	8.954324395314083e-44	0.00042711768069751254	Scil_g3632;Slac_ENSLPGG00000013990	3.488081111876346e-12	0.0006259999278705256													Scil_g6923;Slac_ENSLPGG00000003645	0.0007496312067256761	6.4337355297277255e-09												
Aque_Aqu2.1.31507-001;Scil_g10124	0.002607088968754088	0.0003012826278087607	Aque_Aqu2.1.35141-001;Scil_g1526	6.369627006647753e-61	4.767765604650261e-13	Aque_Aqu2.1.41064-001;Scil_g4532	3.157095835580321e-40	1.3958506209730553e-08										Aque_Aqu2.1.39902-001;Slac_ENSLPGG00000028596	3.411665645470714e-24	0.00011284612518204165							Aque_Aqu2.1.38196-001;Slac_ENSLPGG00000018877	9.798282053904682e-05	0.007645655239505067				Aque_Aqu2.1.33448-001;Slac_ENSLPGG00000011166	0.0009419018553175181	6.826160582443951e-22	Aque_Aqu2.1.44104-001;Slac_ENSLPGG00000013804	0.004676700161059421	0.0007362327321683684				Aque_Aqu2.1.42223-001;Scil_g5653	0.007749014690456649	0.003462037552991557	Aque_Aqu2.1.35513-001;Slac_ENSLPGG00000014037	1.391430610834894e-08	9.215098691457013e-15	Aque_Aqu2.1.37473-001;Scil_g13734	0.005287152186636688	0.00010448839775807025	Aque_Aqu2.1.38687-001;Slac_ENSLPGG00000023112	2.654488101058108e-41	0.0003324703807620784				Aque_Aqu2.1.33622-001;Scil_g8183	1.708447263117159e-16	7.136238196514838e-05	Aque_Aqu2.1.17816-001;Scil_g11222	0.004846158259488255	5.013830628113789e-07	Aque_Aqu2.1.42203-001;Scil_g8930	0.00045457418849529025	0.003008471673133274				Aque_Aqu2.1.42065-001;Slac_ENSLPGG00000022563	5.305955151225863e-07	5.085732044321034e-17	Aque_Aqu2.1.41892-001;Slac_ENSLPGG00000011839	5.2142493076430264e-14	6.039500918035304e-05							Aque_Aqu2.1.37407-001;Slac_ENSLPGG00000020178	5.959310045388851e-09	0.00025191457973345715	Aque_Aqu2.1.43674-001;Slac_ENSLPGG00000007158	4.20083387372124e-06	1.3921670430557845e-07	Aque_Aqu2.1.39244-001;Slac_ENSLPGG00000005573	0.001010022294092888	1.8388841325930993e-07	Aque_Aqu2.1.32585-001;Scil_g8241	4.909846001916119e-05	4.971691452425066e-06				Aque_Aqu2.1.40905-001;Scil_g208	1.6276630887661414e-22	0.0006868538957636951							Aque_Aqu2.1.42226-001;Slac_ENSLPGG00000018126	0.0005179452314931064	5.5436774813796546e-05	Scil_g8390;Slac_ENSLPGG00000007294	2.1818689402967603e-06	1.76671843861446e-14	Scil_g402;Slac_ENSLPGG00000013283	0.0003005960655922788	2.6704193679793666e-05													Scil_g11222;Slac_ENSLPGG00000006271	5.013830628113789e-07	9.73403041830119e-05												
Aque_Aqu2.1.43985-001;Scil_g12599	5.989059835682736e-35	4.173021689879131e-75	Aque_Aqu2.1.18089-001;Scil_g10793	2.3222255630625573e-12	1.055319179606601e-40	Aque_Aqu2.1.43883-001;Scil_g12115	9.95250205559792e-10	0.0001811145726535755										Aque_Aqu2.1.41935-001;Slac_ENSLPGG00000012592	3.900652244068748e-22	0.0002193852230103154							Aque_Aqu2.1.35784-001;Slac_ENSLPGG00000018350	0.009574345140455574	0.002089581030277504				Aque_Aqu2.1.32548-001;Slac_ENSLPGG00000021127	0.0016118061765567644	0.00026020690407486225	Aque_Aqu2.1.25867-001;Slac_ENSLPGG00000020470	2.1213248264626324e-06	0.0026781387316083716				Aque_Aqu2.1.43945-001;Scil_g2271	0.0052999688458480075	0.0001006757845801776	Aque_Aqu2.1.35211-001;Slac_ENSLPGG00000014120	3.46092426890341e-23	0.000944903500654391	Aque_Aqu2.1.42714-001;Scil_g750	1.658626018657568e-09	0.0030488697490813794	Aque_Aqu2.1.37895-001;Slac_ENSLPGG00000011588	1.3041098546376117e-11	0.0036895935973833547				Aque_Aqu2.1.37883-001;Scil_g7865	1.8087879056502434e-19	2.930595913607532e-07	Aque_Aqu2.1.43353-001;Scil_g7227	3.8260820266303296e-05	4.248578365539217e-06	Aque_Aqu2.1.30867-001;Scil_g1098	1.3309245062395783e-20	0.00827391027704454				Aque_Aqu2.1.43984-001;Slac_ENSLPGG00000026507	4.479650965828285e-09	0.0078094701130997455	Aque_Aqu2.1.34863-001;Slac_ENSLPGG00000015562	7.856949568546215e-16	0.008175833913661248							Aque_Aqu2.1.43986-001;Slac_ENSLPGG00000002394	8.331396457690566e-05	1.0126793590032592e-22	Aque_Aqu2.1.44139-001;Slac_ENSLPGG00000009453	0.0013345187120564206	1.297346950394959e-07	Aque_Aqu2.1.23692-001;Slac_ENSLPGG00000015112	1.2841772084763492e-19	6.110427182401843e-06	Aque_Aqu2.1.37079-001;Scil_g9493	3.790274397321719e-05	8.665176744628564e-59				Aque_Aqu2.1.29098-001;Scil_g8948	0.008406488938209408	2.86304743546326e-11							Aque_Aqu2.1.36281-001;Slac_ENSLPGG00000027374	0.0019138750443887618	0.007210397688746341	Scil_g11222;Slac_ENSLPGG00000019065	1.1918429997624423e-07	3.613082416273542e-08	Scil_g13820;Slac_ENSLPGG00000018774	2.3448594471839515e-08	4.505355541140787e-05													Scil_g11222;Slac_ENSLPGG00000019065	5.013830628113789e-07	4.280743164546749e-06												
Aque_Aqu2.1.35141-001;Scil_g1526	6.369627006647753e-61	2.6673913062622445e-11	Aque_Aqu2.1.44193-001;Scil_g3749	5.2321281412502024e-11	7.256768233505739e-09	Aque_Aqu2.1.29389-001;Scil_g10732	6.434706818958723e-15	7.193105487912825e-09										Aque_Aqu2.1.23425-001;Slac_ENSLPGG00000028596	5.611075888207551e-26	0.00011284612518204165							Aque_Aqu2.1.40651-001;Slac_ENSLPGG00000004266	0.0014029469417940314	0.0009571061117061475				Aque_Aqu2.1.44243-001;Slac_ENSLPGG00000021186	2.521644079706085e-10	5.034074710478306e-19	Aque_Aqu2.1.42093-001;Slac_ENSLPGG00000011166	0.0013541819202391105	1.1662929005977234e-06				Aque_Aqu2.1.18291-001;Scil_g903	0.004300448658060427	0.0008332685915331989	Aque_Aqu2.1.34138-001;Slac_ENSLPGG00000006271	1.2656438086926812e-05	2.6697465039007906e-06	Aque_Aqu2.1.18457-001;Scil_g2050	0.0006451737690395763	0.00028651022064054156	Aque_Aqu2.1.44218-001;Slac_ENSLPGG00000007955	2.1931163753421432e-08	1.9750808972902473e-05				Aque_Aqu2.1.39672-001;Scil_g8183	1.7219934783810546e-24	7.136238196514838e-05	Aque_Aqu2.1.43674-001;Scil_g5780	4.20083387372124e-06	1.401077682156374e-56	Aque_Aqu2.1.41482-001;Scil_g1098	2.257130122823816e-08	0.00827391027704454				Aque_Aqu2.1.43986-001;Slac_ENSLPGG00000002394	8.331396457690566e-05	1.221392526032047e-23	Aque_Aqu2.1.08677-001;Slac_ENSLPGG00000015888	7.208488648075431e-16	5.421831364350314e-05							Aque_Aqu2.1.33604-001;Slac_ENSLPGG00000020709	0.00018672684408454628	0.005348602593922333	Aque_Aqu2.1.37486-001;Slac_ENSLPGG00000022557	5.791765336917085e-10	0.007685700758476869	Aque_Aqu2.1.34863-001;Slac_ENSLPGG00000012140	7.856949568546215e-16	2.2234277891488934e-08	Aque_Aqu2.1.40681-001;Scil_g9859	4.236848246358944e-05	0.00010645449555461857				Aque_Aqu2.1.24985-001;Scil_g8220	0.0004749866565147738	0.002463770589505183							Aque_Aqu2.1.28194-001;Slac_ENSLPGG00000005398	0.0045912394646443755	0.0007898552266049389	Scil_g10108;Slac_ENSLPGG00000015099	8.192761731090963e-05	1.2070220763616555e-10	Scil_g4725;Slac_ENSLPGG00000002171	0.007071540977103302	4.811942582704965e-16													Scil_g11222;Slac_ENSLPGG00000021520	5.013830628113789e-07	0.001418103085264237												
Aque_Aqu2.1.18089-001;Scil_g10793	2.3222255630625573e-12	8.421902305944512e-51	Aque_Aqu2.1.24901-001;Scil_g2525	5.43010493358015e-25	1.3407951204689368e-05	Aque_Aqu2.1.26829-001;Scil_g1315	8.116609673612668e-07	1.2428914825934973e-15										Aque_Aqu2.1.32946-001;Slac_ENSLPGG00000010832	1.2237849702064396e-05	3.8243439373048e-19													Aque_Aqu2.1.44243-001;Slac_ENSLPGG00000008996	2.521644079706085e-10	1.5171894313138206e-05	Aque_Aqu2.1.33448-001;Slac_ENSLPGG00000011166	0.0009419018553175181	1.1662929005977234e-06				Aque_Aqu2.1.43909-001;Scil_g903	3.1676928390526646e-05	0.0008332685915331989	Aque_Aqu2.1.37895-001;Slac_ENSLPGG00000010506	1.8087908043811806e-10	0.002698921680975058	Aque_Aqu2.1.43488-001;Scil_g12516	7.212334894690413e-09	0.0018996243963378607	Aque_Aqu2.1.25311-001;Slac_ENSLPGG00000008894	1.4814822028446626e-18	9.442876585098862e-05				Aque_Aqu2.1.34344-001;Scil_g119	8.471951911253183e-28	1.1392739541626258e-52	Aque_Aqu2.1.20506-001;Scil_g3600	1.6399152386188063e-05	0.002065841464252821	Aque_Aqu2.1.38683-001;Scil_g11288	0.0026556694445690667	0.0002812350820900824				Aque_Aqu2.1.35253-001;Slac_ENSLPGG00000018041	3.5542328552532075e-13	0.0017530359823746317	Aque_Aqu2.1.36779-001;Slac_ENSLPGG00000020178	2.0751669503159548e-16	0.0010513066033346907							Aque_Aqu2.1.35253-001;Slac_ENSLPGG00000010273	3.5542328552532075e-13	0.0012724249500829956	Aque_Aqu2.1.36578-001;Slac_ENSLPGG00000011207	5.891129462767358e-17	0.0032974355966670183	Aque_Aqu2.1.36436-001;Slac_ENSLPGG00000015940	9.530971709328e-21	0.002120484771864582	Aque_Aqu2.1.34140-001;Scil_g5780	1.2311513054768545e-08	4.7119462055778926e-68				Aque_Aqu2.1.40044-001;Scil_g552	2.9840605065936037e-06	1.9763298949328966e-09							Aque_Aqu2.1.39784-001;Slac_ENSLPGG00000005398	0.00499087858669987	0.0007898552266049389	Scil_g2312;Slac_ENSLPGG00000000921	0.00047418108694509317	1.3554892344563593e-12	Scil_g10960;Slac_ENSLPGG00000020470	7.697874836345238e-14	0.002366091147798498													Scil_g402;Slac_ENSLPGG00000021127	0.0003005960655922788	0.00037730423206785676												
Aque_Aqu2.1.37713-001;Scil_g11587	1.7092280498504553e-19	0.001308213787946087	Aque_Aqu2.1.22809-001;Scil_g9784	2.735312110712329e-10	8.505194163711471e-26	Aque_Aqu2.1.43478-001;Scil_g852	2.6663380306377767e-06	3.3029905569696127e-09										Aque_Aqu2.1.37713-001;Slac_ENSLPGG00000005083	3.456219699031208e-07	3.3662088198379713e-09													Aque_Aqu2.1.33526-001;Slac_ENSLPGG00000027951	2.6530378615446102e-11	0.0013402074915596252	Aque_Aqu2.1.25867-001;Slac_ENSLPGG00000012471	2.1213248264626324e-06	0.0005192764684538317				Aque_Aqu2.1.39123-001;Scil_g10128	0.001741153774115247	3.7939070721083785e-05	Aque_Aqu2.1.27832-001;Slac_ENSLPGG00000017427	5.939276265577746e-23	0.0037065549147303695	Aque_Aqu2.1.28793-001;Scil_g750	1.1445937270286883e-10	0.0030488697490813794	Aque_Aqu2.1.38095-001;Slac_ENSLPGG00000006910	0.00046503987165875694	9.821143306702358e-10				Aque_Aqu2.1.23239-001;Scil_g2060	7.943361772072874e-20	0.0005739952944207668	Aque_Aqu2.1.41482-001;Scil_g6923	2.257130122823816e-08	0.0007496312067256761	Aque_Aqu2.1.29437-001;Scil_g2848	0.0008281949024994664	0.0007840368856061123				Aque_Aqu2.1.33635-001;Slac_ENSLPGG00000012471	0.00010669886911690847	9.012536840606819e-20	Aque_Aqu2.1.31551-001;Slac_ENSLPGG00000019065	0.0004550419940629617	0.002143493550466423							Aque_Aqu2.1.43674-001;Slac_ENSLPGG00000021520	4.20083387372124e-06	0.008152652185200318	Aque_Aqu2.1.20046-001;Slac_ENSLPGG00000010168	0.00911986550103098	9.058687456132663e-08	Aque_Aqu2.1.24987-001;Slac_ENSLPGG00000008651	1.0504102619364857e-17	0.000902795089576386	Aque_Aqu2.1.34340-001;Scil_g9966	7.578330643859518e-05	1.8328451875960808e-33				Aque_Aqu2.1.24541-001;Scil_g13687	2.8194141356318613e-14	9.327942964971985e-05							Aque_Aqu2.1.24884-001;Slac_ENSLPGG00000016023	3.8921994156324316e-05	2.7933912874570014e-08	Scil_g9048;Slac_ENSLPGG00000005542	2.603801014650437e-06	1.7830748749378873e-10	Scil_g947;Slac_ENSLPGG00000006175	3.447544207280475e-07	3.654587147996785e-05													Scil_g428;Slac_ENSLPGG00000010973	1.1757209573410568e-27	0.0008013040173983456												
Aque_Aqu2.1.39784-001;Scil_g9453	1.5219993781510476e-58	2.3202718139754127e-12	Aque_Aqu2.1.35076-001;Scil_g5922	2.7257506921365438e-27	8.986076093445355e-06	Aque_Aqu2.1.39902-001;Scil_g9839	9.107093425514649e-48	1.1355828495615424e-07										Aque_Aqu2.1.39902-001;Slac_ENSLPGG00000012592	3.411665645470714e-24	0.0002193852230103154													Aque_Aqu2.1.24987-001;Slac_ENSLPGG00000008651	1.6948309903525678e-12	0.005741617324088482	Aque_Aqu2.1.28492-001;Slac_ENSLPGG00000009116	4.609852878565774e-24	0.001396822626426671				Aque_Aqu2.1.36275-001;Scil_g13637	0.0020370970724508616	3.320268255653308e-06	Aque_Aqu2.1.28493-001;Slac_ENSLPGG00000009116	8.33193295587791e-14	3.098026050711895e-06	Aque_Aqu2.1.38808-001;Scil_g3019	0.00027962362973158996	0.008066213951443428	Aque_Aqu2.1.40333-001;Slac_ENSLPGG00000015465	1.525995245934674e-06	8.000284071629496e-11				Aque_Aqu2.1.34140-001;Scil_g2667	1.0121820050408576e-29	1.213546492040107e-09	Aque_Aqu2.1.43674-001;Scil_g1098	4.20083387372124e-06	7.599970776583826e-09	Aque_Aqu2.1.36606-001;Scil_g6358	6.429704257152719e-05	4.495018191693717e-06				Aque_Aqu2.1.41012-001;Slac_ENSLPGG00000012949	0.00027018571509218245	2.5981849991575668e-160	Aque_Aqu2.1.41065-001;Slac_ENSLPGG00000020178	0.002433444354028677	0.0010513066033346907							Aque_Aqu2.1.36606-001;Slac_ENSLPGG00000022031	6.429704257152719e-05	0.0026640309671868865	Aque_Aqu2.1.42093-001;Slac_ENSLPGG00000011166	0.0006886285707111513	1.8668283250801275e-07	Aque_Aqu2.1.32890-001;Slac_ENSLPGG00000028356	8.175377015812928e-08	3.148644495988388e-07	Aque_Aqu2.1.18283-001;Scil_g1944	1.7266721399340094e-06	0.00010030923517593511				Aque_Aqu2.1.37818-001;Scil_g13687	4.366072114981543e-05	9.327942964971985e-05										Scil_g5780;Slac_ENSLPGG00000003645	3.2348683259580126e-27	2.645547445922724e-05	Scil_g6923;Slac_ENSLPGG00000019065	0.0007496312067256761	3.1496785989591547e-07													Scil_g13146;Slac_ENSLPGG00000009461	0.0026129660409463912	0.0001519651798931296												
Aque_Aqu2.1.38735-001;Scil_g283	3.575419685973744e-06	1.6073122471663892e-27	Aque_Aqu2.1.44221-001;Scil_g10508	2.4142643864291954e-16	1.4665814847050853e-15	Aque_Aqu2.1.41935-001;Scil_g9839	5.591333443268466e-36	1.1355828495615424e-07										Aque_Aqu2.1.23425-001;Slac_ENSLPGG00000012592	5.611075888207551e-26	0.0002193852230103154													Aque_Aqu2.1.36565-001;Slac_ENSLPGG00000011109	5.467757675960367e-08	0.005502958468449356	Aque_Aqu2.1.23414-001;Slac_ENSLPGG00000002095	1.6439830959473454e-05	0.002634358102591382				Aque_Aqu2.1.38808-001;Scil_g3019	0.00823593499642325	0.008066213951443428	Aque_Aqu2.1.42226-001;Slac_ENSLPGG00000017391	1.1679786549576954e-21	0.0005938302939968093	Aque_Aqu2.1.20517-001;Scil_g9955	0.00796912409351406	8.310688268255026e-05	Aque_Aqu2.1.43733-001;Slac_ENSLPGG00000015888	4.248328240934453e-206	0.0006916594577877405				Aque_Aqu2.1.25927-001;Scil_g947	3.006102746387663e-11	7.950598064923904e-40	Aque_Aqu2.1.41520-001;Scil_g4131	4.988517977277189e-10	0.00196209406172658	Aque_Aqu2.1.38824-001;Scil_g9674	0.0021069493728025235	0.0007343807069236559				Aque_Aqu2.1.33443-001;Slac_ENSLPGG00000007525	4.986367745258103e-05	1.2026125316824048e-14	Aque_Aqu2.1.42770-001;Slac_ENSLPGG00000002140	3.5810184203344485e-32	2.75228247684355e-05							Aque_Aqu2.1.26973-001;Slac_ENSLPGG00000015112	1.8757648248382616e-05	0.0002902087639971218	Aque_Aqu2.1.43674-001;Slac_ENSLPGG00000001139	4.20083387372124e-06	4.345251405310324e-05	Aque_Aqu2.1.41520-001;Slac_ENSLPGG00000018774	4.988517977277189e-10	2.4166258980482844e-09	Aque_Aqu2.1.39232-001;Scil_g11100	7.248897726992047e-09	4.5168586478203026e-13				Aque_Aqu2.1.35102-001;Scil_g13155	5.4186149797594414e-09	0.0030345362243314154										Scil_g191;Slac_ENSLPGG00000006340	0.00657962968063305	0.00019700462985319765	Scil_g10108;Slac_ENSLPGG00000030375	0.0026833894586777538	0.00031005803561051735													Scil_g4725;Slac_ENSLPGG00000002171	0.007071540977103302	8.519815430634142e-07												
Aque_Aqu2.1.38196-001;Scil_g3312	2.7056507229478046e-24	8.037865953887498e-16	Aque_Aqu2.1.43623-001;Scil_g9453	2.967833146368427e-22	1.8664571932202462e-13	Aque_Aqu2.1.29076-001;Scil_g119	1.6735204441251737e-27	7.156934767103602e-25										Aque_Aqu2.1.39784-001;Slac_ENSLPGG00000011679	1.2448380479041398e-26	0.0005453822821599694													Aque_Aqu2.1.41482-001;Slac_ENSLPGG00000006271	2.2364060071655327e-10	0.00010329686300105768	Aque_Aqu2.1.43984-001;Slac_ENSLPGG00000002394	1.1016186836212721e-24	1.2624455340248748e-06				Aque_Aqu2.1.27228-001;Scil_g12646	6.96397404761546e-18	0.0018841922328572665	Aque_Aqu2.1.41509-001;Slac_ENSLPGG00000020963	0.00025303159452439957	1.3939522870435003e-08	Aque_Aqu2.1.23302-001;Scil_g750	2.133897420418688e-07	0.0030488697490813794	Aque_Aqu2.1.35503-001;Slac_ENSLPGG00000030274	6.524992042139891e-05	1.90995439367809e-08				Aque_Aqu2.1.43674-001;Scil_g2667	4.20083387372124e-06	1.213546492040107e-09	Aque_Aqu2.1.29098-001;Scil_g10108	0.0022163606697167436	0.0026833894586777538	Aque_Aqu2.1.29098-001;Scil_g10108	0.0022163606697167436	0.007160020110211752				Aque_Aqu2.1.28495-001;Slac_ENSLPGG00000023963	4.458325986516477e-24	0.00026303246838548124	Aque_Aqu2.1.43251-001;Slac_ENSLPGG00000025032	2.3451474142829946e-08	0.006542027272199874							Aque_Aqu2.1.43353-001;Slac_ENSLPGG00000008404	3.8260820266303296e-05	0.0017414619888744768	Aque_Aqu2.1.33604-001;Slac_ENSLPGG00000020709	0.00018672684408454628	0.007928578932790564	Aque_Aqu2.1.31385-001;Slac_ENSLPGG00000009899	0.0004221664291573433	3.9284303996595296e-27	Aque_Aqu2.1.27224-001;Scil_g4378	0.00698422672407088	0.0010101747375163477																Scil_g9674;Slac_ENSLPGG00000012471	0.0052200748129733925	9.012536840606819e-20	Scil_g402;Slac_ENSLPGG00000021127	0.0003005960655922788	0.00026020690407486225													Scil_g11616;Slac_ENSLPGG00000003818	0.0005567674922374866	0.003912101599361359												
Aque_Aqu2.1.43423-001;Scil_g455	7.445917862680743e-110	4.3762986520216864e-15	Aque_Aqu2.1.37816-001;Scil_g11587	5.351220243248752e-65	4.192068481728588e-05	Aque_Aqu2.1.37888-001;Scil_g2206	1.1074993725506151e-05	9.542561533753149e-35										Aque_Aqu2.1.44325-001;Slac_ENSLPGG00000020413	1.8416907682554014e-08	7.012478413914641e-06													Aque_Aqu2.1.04953-001;Slac_ENSLPGG00000003184	0.002259735120805645	0.001403641674023249	Aque_Aqu2.1.44243-001;Slac_ENSLPGG00000008996	2.521644079706085e-10	0.004729488519637293							Aque_Aqu2.1.38181-001;Slac_ENSLPGG00000021186	0.0014557742047692525	1.7535438192775834e-53	Aque_Aqu2.1.35933-001;Scil_g1266	0.006102389690745236	1.4961718621363973e-06	Aque_Aqu2.1.42228-001;Slac_ENSLPGG00000017391	4.994238017866032e-07	0.0005938302939968093				Aque_Aqu2.1.14505-001;Scil_g2018	4.1608280773534837e-17	3.0609869963813252e-15	Aque_Aqu2.1.22984-001;Scil_g9698	0.0011070273067554314	1.3279284254567292e-07	Aque_Aqu2.1.35197-001;Scil_g12865	1.2879642783987652e-05	1.3808669513324088e-08				Aque_Aqu2.1.43267-001;Slac_ENSLPGG00000017003	3.1038449995845004e-09	0.0007146712202704738	Aque_Aqu2.1.28489-001;Slac_ENSLPGG00000009116	1.2639077541595553e-28	0.0002502781468967871							Aque_Aqu2.1.37486-001;Slac_ENSLPGG00000000564	5.791765336917085e-10	0.004869081672198664	Aque_Aqu2.1.42077-001;Slac_ENSLPGG00000024184	2.5024776515125946e-13	8.199738945854912e-06	Aque_Aqu2.1.40376-001;Slac_ENSLPGG00000001593	5.626029519789693e-17	6.64209136246941e-10	Aque_Aqu2.1.21527-001;Scil_g8004	0.0005885835886346764	7.5243983268532895e-06																Scil_g5780;Slac_ENSLPGG00000006271	3.2348683259580126e-27	3.732968551925518e-05	Scil_g11222;Slac_ENSLPGG00000006271	5.013830628113789e-07	0.00010329686300105768													Scil_g11283;Slac_ENSLPGG00000025842	0.0001944654720352231	0.0011121119220709032												
Aque_Aqu2.1.44247-001;Scil_g584	3.554518331741283e-29	0.006120310100463247	Aque_Aqu2.1.39927-001;Scil_g4378	2.100681945699731e-42	0.0028121050242745833	Aque_Aqu2.1.37574-001;Scil_g10732	2.5048026577623928e-15	7.193105487912825e-09										Aque_Aqu2.1.34878-001;Slac_ENSLPGG00000018350	1.2375873514274677e-13	9.856781704671451e-05													Aque_Aqu2.1.33622-001;Slac_ENSLPGG00000022031	3.31852085524485e-07	9.300342416746377e-05	Aque_Aqu2.1.43365-001;Slac_ENSLPGG00000022615	0.002191564312746992	4.521418014203203e-05							Aque_Aqu2.1.35499-001;Slac_ENSLPGG00000009116	1.1523800383696093e-27	3.098026050711895e-06	Aque_Aqu2.1.41029-001;Scil_g12884	2.5163273786668978e-06	0.007651076046098842	Aque_Aqu2.1.26984-001;Slac_ENSLPGG00000000391	0.0001235028083498667	0.0006129685157230427				Aque_Aqu2.1.39987-001;Scil_g4341	1.1967043055347806e-19	0.0008148831265628503	Aque_Aqu2.1.32720-001;Scil_g951	0.0009377164066443202	8.999810259941524e-05	Aque_Aqu2.1.25867-001;Scil_g10960	0.0002352162877005849	3.516281539997559e-05				Aque_Aqu2.1.36606-001;Slac_ENSLPGG00000002171	6.429704257152719e-05	7.388655311919578e-20	Aque_Aqu2.1.28683-001;Slac_ENSLPGG00000017036	0.007371482204497088	1.9986848103810602e-07							Aque_Aqu2.1.07545-001;Slac_ENSLPGG00000029433	0.009147084110062452	3.715432418248415e-13	Aque_Aqu2.1.29714-001;Slac_ENSLPGG00000008036	7.391576077219849e-08	0.0038968647185279024	Aque_Aqu2.1.24987-001;Slac_ENSLPGG00000011151	1.0504102619364857e-17	0.0012618791393844077	Aque_Aqu2.1.43309-001;Scil_g9807	0.0006903526336426989	0.0006073529344212486																Scil_g8851;Slac_ENSLPGG00000026948	5.351413959374844e-05	0.005553210951833313	Scil_g13146;Slac_ENSLPGG00000003239	0.0026129660409463912	2.1696472139349363e-06													Scil_g947;Slac_ENSLPGG00000006175	3.447544207280475e-07	7.107487093637847e-05												
Aque_Aqu2.1.43440-001;Scil_g3916	2.966613490803621e-57	0.00012639040713412292	Aque_Aqu2.1.34214-001;Scil_g3749	5.077623847648018e-17	7.256768233505739e-09	Aque_Aqu2.1.22703-001;Scil_g9458	1.8051658972370857e-10	0.0010013805112998515										Aque_Aqu2.1.05699-001;Slac_ENSLPGG00000000841	5.104233303087029e-07	1.9684137217738545e-10													Aque_Aqu2.1.36606-001;Slac_ENSLPGG00000021127	5.622930540080185e-07	0.00026020690407486225	Aque_Aqu2.1.24548-001;Slac_ENSLPGG00000012140	9.149078712360244e-05	0.0011067438588838036							Aque_Aqu2.1.38393-001;Slac_ENSLPGG00000013990	0.0013844564169838704	5.561679774912e-16	Aque_Aqu2.1.25188-001;Scil_g11408	0.001254793074271561	0.0009273067915295075	Aque_Aqu2.1.42700-001;Slac_ENSLPGG00000000696	7.021913672654355e-09	5.830310343059631e-06				Aque_Aqu2.1.42703-001;Scil_g307	1.4754696956545303e-15	7.224369114222508e-43	Aque_Aqu2.1.17816-001;Scil_g6923	0.004846158259488255	0.0007496312067256761	Aque_Aqu2.1.39703-001;Scil_g12785	0.0003983784087831898	2.3296876787399272e-06				Aque_Aqu2.1.43989-001;Slac_ENSLPGG00000002394	4.110904363096128e-06	1.221392526032047e-23	Aque_Aqu2.1.16567-001;Slac_ENSLPGG00000020470	3.0155612923613537e-06	0.005200025809404252							Aque_Aqu2.1.33635-001;Slac_ENSLPGG00000010273	0.00010669886911690847	0.0012724249500829956	Aque_Aqu2.1.32890-001;Slac_ENSLPGG00000028356	8.175377015812928e-08	0.008073199099584266	Aque_Aqu2.1.41065-001;Slac_ENSLPGG00000018774	0.002433444354028677	2.4166258980482844e-09	Aque_Aqu2.1.27224-001;Scil_g1970	0.00698422672407088	0.0001651498010009092																Scil_g6182;Slac_ENSLPGG00000008996	0.0005505499915034545	5.146308428844976e-15	Scil_g13331;Slac_ENSLPGG00000027561	1.7811965565566243e-06	0.0010371786430957662													Scil_g4725;Slac_ENSLPGG00000021127	0.007071540977103302	0.00037730423206785676												
Aque_Aqu2.1.32930-001;Scil_g9417	7.663138857997222e-90	7.690065000666931e-17	Aque_Aqu2.1.36440-001;Scil_g1526	3.740727356250706e-136	4.767765604650261e-13	Aque_Aqu2.1.33950-001;Scil_g9839	2.1143479916429974e-48	1.1355828495615424e-07										Aque_Aqu2.1.40665-001;Slac_ENSLPGG00000018877	0.00021493574797533103	3.4903574332566454e-13													Aque_Aqu2.1.30867-001;Slac_ENSLPGG00000019065	8.811394793769746e-08	3.1496785989591547e-07	Aque_Aqu2.1.40997-001;Slac_ENSLPGG00000019726	3.056879980995244e-05	3.1296260265785744e-53							Aque_Aqu2.1.42015-001;Slac_ENSLPGG00000003738	5.917872503133353e-05	1.0526376784842143e-09	Aque_Aqu2.1.29532-001;Scil_g8913	0.001019140815527365	0.004215613628527157	Aque_Aqu2.1.33612-001;Slac_ENSLPGG00000010506	2.364364427309774e-10	0.002698921680975058				Aque_Aqu2.1.41098-001;Scil_g5864	0.007831012499676007	0.0003760413837692521	Aque_Aqu2.1.22423-001;Scil_g12785	0.003331405344316412	1.6615381302058852e-07	Aque_Aqu2.1.25867-001;Scil_g3056	0.0002352162877005849	2.0628480496730304e-08				Aque_Aqu2.1.34863-001;Slac_ENSLPGG00000019859	7.856949568546215e-16	0.0011397536544584786	Aque_Aqu2.1.40738-001;Slac_ENSLPGG00000012981	6.218782870818954e-08	1.3335247027011732e-14							Aque_Aqu2.1.43987-001;Slac_ENSLPGG00000002394	3.283156008267793e-06	1.0126793590032592e-22	Aque_Aqu2.1.20046-001;Slac_ENSLPGG00000008927	0.00911986550103098	2.3727793881261183e-06	Aque_Aqu2.1.31385-001;Slac_ENSLPGG00000021402	0.0004221664291573433	3.140876910125486e-98	Aque_Aqu2.1.24985-001;Scil_g8220	0.0004749866565147738	4.2258314707064546e-07																Scil_g5104;Slac_ENSLPGG00000009116	1.3385190593660316e-11	6.14592868531139e-18	Scil_g402;Slac_ENSLPGG00000022031	0.0003005960655922788	9.300342416746377e-05													Scil_g6923;Slac_ENSLPGG00000006271	0.0007496312067256761	9.73403041830119e-05												
Aque_Aqu2.1.18691-001;Scil_g10373	6.5279671785400235e-06	4.942938188260669e-26	Aque_Aqu2.1.20710-001;Scil_g9339	2.4308098953169308e-09	1.0937897725513935e-10	Aque_Aqu2.1.41570-001;Scil_g1793	9.871788584747203e-10	3.13140889659763e-12										Aque_Aqu2.1.41308-001;Slac_ENSLPGG00000009291	5.753577417829735e-30	0.00028812827058854226													Aque_Aqu2.1.38524-001;Slac_ENSLPGG00000025842	0.004166809097269318	5.791004440231865e-07	Aque_Aqu2.1.38687-001;Slac_ENSLPGG00000023112	0.0012331680164132607	0.0002511069236736297							Aque_Aqu2.1.27832-001;Slac_ENSLPGG00000012296	5.939276265577746e-23	0.0063155438099113505	Aque_Aqu2.1.16669-001;Scil_g12884	0.0012290367384746328	0.007651076046098842	Aque_Aqu2.1.24879-001;Slac_ENSLPGG00000015293	0.00024797248585702985	2.67363390184927e-09				Aque_Aqu2.1.31551-001;Scil_g2667	0.0004550419940629617	1.213546492040107e-09	Aque_Aqu2.1.31551-001;Scil_g11222	0.0004550419940629617	5.013830628113789e-07	Aque_Aqu2.1.42204-001;Scil_g12785	1.4452367274558129e-06	2.3296876787399272e-06				Aque_Aqu2.1.42203-001;Slac_ENSLPGG00000008996	0.00045457418849529025	5.146308428844976e-15	Aque_Aqu2.1.17816-001;Slac_ENSLPGG00000007158	0.004846158259488255	2.3171329481883538e-23							Aque_Aqu2.1.17816-001;Slac_ENSLPGG00000007158	0.004846158259488255	4.969353227696443e-20	Aque_Aqu2.1.28453-001;Slac_ENSLPGG00000026946	1.0394247470338174e-05	0.0007576152612991031	Aque_Aqu2.1.43329-001;Slac_ENSLPGG00000007568	2.4503123309393326e-14	0.006606540174613964	Aque_Aqu2.1.22427-001;Scil_g2673	6.705529845808146e-08	0.0013900445891158921																Scil_g4190;Slac_ENSLPGG00000009453	1.5598195515222541e-10	3.1604583026530097e-28	Scil_g4725;Slac_ENSLPGG00000016891	0.007071540977103302	2.9258653159556866e-05													Scil_g10339;Slac_ENSLPGG00000003818	0.0068996335439323216	0.003912101599361359												
Aque_Aqu2.1.33572-001;Scil_g3476	5.668642400668365e-139	0.0011694290934452798	Aque_Aqu2.1.41587-001;Scil_g1970	6.284211007424334e-22	1.7432853746357123e-10	Aque_Aqu2.1.41072-001;Scil_g8524	1.4923901171103289e-15	7.433438327024868e-09										Aque_Aqu2.1.32713-001;Slac_ENSLPGG00000005083	7.514791524635885e-08	3.3662088198379713e-09													Aque_Aqu2.1.25867-001;Slac_ENSLPGG00000015112	2.1213248264626324e-06	0.00018013208566898826	Aque_Aqu2.1.39703-001;Slac_ENSLPGG00000021186	8.926042219776161e-05	6.881624328924807e-14							Aque_Aqu2.1.42228-001;Slac_ENSLPGG00000017391	1.8546825134465816e-08	0.0005938302939968093	Aque_Aqu2.1.34134-001;Scil_g12516	7.176969851960083e-06	0.0018996243963378607	Aque_Aqu2.1.20504-001;Slac_ENSLPGG00000003738	0.0037927081630394956	1.0526376784842143e-09				Aque_Aqu2.1.31064-001;Scil_g11800	0.00019272678791150202	1.0041857827887783e-77	Aque_Aqu2.1.31168-001;Scil_g4052	0.0008003375710539983	0.007552718160278112	Aque_Aqu2.1.29081-001;Scil_g119	7.183480367196946e-22	0.006956076367442361				Aque_Aqu2.1.43954-001;Slac_ENSLPGG00000029175	0.0001823425905369846	3.593459119355663e-05	Aque_Aqu2.1.15179-001;Slac_ENSLPGG00000007134	5.338752079734542e-06	5.730042018638446e-18							Aque_Aqu2.1.41065-001;Slac_ENSLPGG00000020178	0.002433444354028677	0.00025191457973345715	Aque_Aqu2.1.42148-001;Slac_ENSLPGG00000018705	0.005002361813659799	0.0023344719474410014	Aque_Aqu2.1.31551-001;Slac_ENSLPGG00000007158	0.0004550419940629617	1.965018913530473e-21	Aque_Aqu2.1.17720-001;Scil_g9035	5.551374374753066e-10	0.0076073926390171																Scil_g2268;Slac_ENSLPGG00000005266	3.8324053992546164e-14	0.0018611105705646116	Scil_g2820;Slac_ENSLPGG00000012140	6.411161546849771e-05	0.0004543176273505883													Scil_g402;Slac_ENSLPGG00000022031	0.0003005960655922788	0.00010266030155833447												
Aque_Aqu2.1.18089-001;Scil_g9453	2.3222255630625573e-12	2.3202718139754127e-12	Aque_Aqu2.1.14137-001;Scil_g8105	3.1178299804803794e-58	0.0018004890810924788	Aque_Aqu2.1.34247-001;Scil_g3282	5.995179413289e-67	6.159895535262038e-12										Aque_Aqu2.1.37627-001;Slac_ENSLPGG00000026511	2.5539480016513077e-05	1.4129750129474057e-09													Aque_Aqu2.1.44140-001;Slac_ENSLPGG00000011327	8.885562534779468e-10	0.0016877695055628826	Aque_Aqu2.1.43551-001;Slac_ENSLPGG00000007525	0.0005635633996396587	1.1234997919954914e-14							Aque_Aqu2.1.41812-001;Slac_ENSLPGG00000025722	0.00964276725673419	1.3456439192448823e-08				Aque_Aqu2.1.42226-001;Slac_ENSLPGG00000017391	5.1378685834667525e-18	0.0005938302939968093				Aque_Aqu2.1.30867-001;Scil_g2667	1.3309245062395783e-20	1.213546492040107e-09	Aque_Aqu2.1.28301-001;Scil_g5638	2.4420291072502505e-07	1.0079360849411307e-10	Aque_Aqu2.1.24981-001;Scil_g6427	2.7217252995401606e-14	0.0038813036213638575				Aque_Aqu2.1.19198-001;Slac_ENSLPGG00000004319	2.3018167447574076e-16	0.000827535064898996	Aque_Aqu2.1.34140-001;Slac_ENSLPGG00000019065	1.0121820050408576e-29	0.002143493550466423							Aque_Aqu2.1.43267-001;Slac_ENSLPGG00000027461	3.1038449995845004e-09	0.0007961822132458968	Aque_Aqu2.1.26973-001;Slac_ENSLPGG00000012471	1.8757648248382616e-05	0.005559596267054266	Aque_Aqu2.1.25867-001;Slac_ENSLPGG00000000921	0.0002352162877005849	2.3931149398632247e-20	Aque_Aqu2.1.43423-001;Scil_g455	0.0035803961240326817	1.2900160247922264e-41																Scil_g4821;Slac_ENSLPGG00000013069	2.6499224238030877e-10	4.652238152354708e-06	Scil_g4725;Slac_ENSLPGG00000013283	0.007071540977103302	2.6704193679793666e-05													Scil_g6923;Slac_ENSLPGG00000019065	0.0007496312067256761	4.280743164546749e-06												
Aque_Aqu2.1.43623-001;Scil_g9453	2.967833146368427e-22	2.3202718139754127e-12	Aque_Aqu2.1.43423-001;Scil_g455	7.445917862680743e-110	6.703457364023223e-22	Aque_Aqu2.1.43623-001;Scil_g9453	2.967833146368427e-22	4.49983027371432e-20										Aque_Aqu2.1.23425-001;Slac_ENSLPGG00000012819	5.611075888207551e-26	0.0011568697802661395													Aque_Aqu2.1.01979-001;Slac_ENSLPGG00000019065	0.007012591066954428	3.1496785989591547e-07	Aque_Aqu2.1.39703-001;Slac_ENSLPGG00000008996	8.926042219776161e-05	0.004729488519637293							Aque_Aqu2.1.11170-001;Slac_ENSLPGG00000017935	7.985673239814531e-25	0.007641587714202316				Aque_Aqu2.1.34441-001;Slac_ENSLPGG00000021750	8.94792185533382e-40	0.007143211701726101				Aque_Aqu2.1.25014-001;Scil_g9886	9.391661029388434e-09	0.00218801344218696	Aque_Aqu2.1.27202-001;Scil_g2813	0.0008749876845734799	0.008289375350665167	Aque_Aqu2.1.37486-001;Scil_g6182	5.791765336917085e-10	6.54132555884722e-05				Aque_Aqu2.1.23692-001;Slac_ENSLPGG00000015112	1.2841772084763492e-19	0.0006787822325991016	Aque_Aqu2.1.42065-001;Slac_ENSLPGG00000022563	5.305955151225863e-07	7.489445266910807e-06							Aque_Aqu2.1.40828-001;Slac_ENSLPGG00000014103	0.000597727428425492	6.087058630374012e-07	Aque_Aqu2.1.26973-001;Slac_ENSLPGG00000000921	1.8757648248382616e-05	0.00020497790178902148	Aque_Aqu2.1.43989-001;Slac_ENSLPGG00000002394	4.110904363096128e-06	5.007210728751153e-45	Aque_Aqu2.1.40681-001;Scil_g9035	4.236848246358944e-05	0.0076073926390171																Scil_g2060;Slac_ENSLPGG00000009625	0.0005739952944207668	5.0913304307575685e-05	Scil_g13146;Slac_ENSLPGG00000009461	0.0026129660409463912	0.001863905355161977													Scil_g6923;Slac_ENSLPGG00000021520	0.0007496312067256761	0.001418103085264237												
Aque_Aqu2.1.33543-001;Scil_g11649	2.8949349109542336e-49	3.798321575529689e-08	Aque_Aqu2.1.34343-001;Scil_g119	1.748816289030163e-11	4.12906544749031e-51	Aque_Aqu2.1.42546-001;Scil_g6498	3.5093384982538397e-07	1.506045197375416e-30										Aque_Aqu2.1.27294-001;Slac_ENSLPGG00000006356	5.209276424915187e-19	0.00011946821970550475													Aque_Aqu2.1.25867-001;Slac_ENSLPGG00000013166	2.1213248264626324e-06	0.0010463282696080594	Aque_Aqu2.1.44140-001;Slac_ENSLPGG00000009116	8.885562534779468e-10	0.001396822626426671							Aque_Aqu2.1.44214-001;Slac_ENSLPGG00000007955	2.009817921356835e-06	1.9750808972902473e-05				Aque_Aqu2.1.17698-001;Slac_ENSLPGG00000011232	1.9606036093622195e-11	0.003325700561470039				Aque_Aqu2.1.36257-001;Scil_g929	8.60363113926745e-07	0.0006739606382448352	Aque_Aqu2.1.21174-001;Scil_g2820	0.00021564884897657527	6.411161546849771e-05	Aque_Aqu2.1.33928-001;Scil_g119	8.346851545633894e-09	0.006956076367442361				Aque_Aqu2.1.37117-001;Slac_ENSLPGG00000012950	7.895832192393494e-06	2.006326144639482e-06	Aque_Aqu2.1.31385-001;Slac_ENSLPGG00000021402	0.0004221664291573433	1.6974236185946167e-34							Aque_Aqu2.1.25867-001;Slac_ENSLPGG00000015112	0.0002352162877005849	0.0002902087639971218	Aque_Aqu2.1.41619-001;Slac_ENSLPGG00000007581	0.0001135500444194301	0.0013383589210053243	Aque_Aqu2.1.37407-001;Slac_ENSLPGG00000020178	5.959310045388851e-09	5.203780196752114e-10	Aque_Aqu2.1.40044-001;Scil_g552	2.9840605065936037e-06	4.757502642764297e-21																Scil_g1483;Slac_ENSLPGG00000007158	0.003927101518499479	3.4393842705479424e-25	Scil_g6923;Slac_ENSLPGG00000006271	0.0007496312067256761	0.00010329686300105768													Scil_g13146;Slac_ENSLPGG00000011151	0.0026129660409463912	0.0012618791393844077												
Aque_Aqu2.1.33392-001;Scil_g1730	0.0031077183817407456	1.9571175272091877e-09	Aque_Aqu2.1.29389-001;Scil_g2525	6.434706818958723e-15	1.3407951204689368e-05	Aque_Aqu2.1.37774-001;Scil_g2233	7.700554024937936e-21	0.00035254857723930345										Aque_Aqu2.1.40886-001;Slac_ENSLPGG00000005401	0.0046341478969197545	4.653768747135923e-110													Aque_Aqu2.1.24879-001;Slac_ENSLPGG00000015293	0.0005023866135471616	3.0288120931539586e-07	Aque_Aqu2.1.43551-001;Slac_ENSLPGG00000011839	0.0005635633996396587	0.00611186985166198							Aque_Aqu2.1.29918-001;Slac_ENSLPGG00000030129	0.0028807723158949684	0.0013713614834639212				Aque_Aqu2.1.21880-001;Slac_ENSLPGG00000008528	9.018987970662154e-62	0.0013895463550715437				Aque_Aqu2.1.36436-001;Scil_g1240	9.530971709328e-21	0.0022006038327719362	Aque_Aqu2.1.31551-001;Scil_g6923	0.0004550419940629617	0.0007496312067256761	Aque_Aqu2.1.31064-001;Scil_g11800	0.00019272678791150202	9.063703208681312e-14				Aque_Aqu2.1.28453-001;Slac_ENSLPGG00000026946	1.0394247470338174e-05	1.0178599160302201e-15	Aque_Aqu2.1.37486-001;Slac_ENSLPGG00000021186	5.791765336917085e-10	1.5866616825505543e-23							Aque_Aqu2.1.41482-001;Slac_ENSLPGG00000019065	2.257130122823816e-08	0.004592237966067324	Aque_Aqu2.1.31551-001;Slac_ENSLPGG00000019065	0.0004550419940629617	0.006927108559854214	Aque_Aqu2.1.29714-001;Slac_ENSLPGG00000008036	7.391576077219849e-08	2.4104413034452964e-21	Aque_Aqu2.1.40905-001;Scil_g208	1.6276630887661414e-22	6.731802305180685e-06																Scil_g6427;Slac_ENSLPGG00000009456	2.8492265485112783e-05	4.685225916727112e-05	Scil_g9186;Slac_ENSLPGG00000020252	0.0011702219728313087	0.004908320603782753													Scil_g9186;Slac_ENSLPGG00000020252	0.0011702219728313087	0.00012290039377958962												
Aque_Aqu2.1.40828-001;Scil_g6502	3.535073511167311e-08	1.0094169423452347e-08	Aque_Aqu2.1.41072-001;Scil_g8524	1.4923901171103289e-15	9.371162070713908e-07	Aque_Aqu2.1.23425-001;Scil_g3772	2.4250333501045333e-55	5.142580210191075e-06										Aque_Aqu2.1.43623-001;Slac_ENSLPGG00000011679	3.2638459470926394e-20	0.0005453822821599694													Aque_Aqu2.1.34140-001;Slac_ENSLPGG00000019065	1.662739836406084e-09	3.1496785989591547e-07										Aque_Aqu2.1.07580-001;Slac_ENSLPGG00000019930	1.4295324705092113e-16	0.004965012481475406				Aque_Aqu2.1.37895-001;Slac_ENSLPGG00000010506	1.3041098546376117e-11	0.002698921680975058				Aque_Aqu2.1.35253-001;Scil_g10960	3.5542328552532075e-13	1.7814275668616436e-13	Aque_Aqu2.1.36440-001;Scil_g1526	0.0004578582749838875	5.035546169744631e-12	Aque_Aqu2.1.36606-001;Scil_g2756	6.429704257152719e-05	0.0004767352567340763				Aque_Aqu2.1.43424-001;Slac_ENSLPGG00000005147	0.0012621293882631977	1.0810235518837177e-05	Aque_Aqu2.1.43353-001;Slac_ENSLPGG00000008404	3.8260820266303296e-05	0.0002096723503608165							Aque_Aqu2.1.42203-001;Slac_ENSLPGG00000021186	0.00045457418849529025	1.220442759122435e-24	Aque_Aqu2.1.25867-001;Slac_ENSLPGG00000012471	0.0002352162877005849	0.005559596267054266	Aque_Aqu2.1.23692-001;Slac_ENSLPGG00000012296	1.2841772084763492e-19	0.0001466708255175629	Aque_Aqu2.1.34476-001;Scil_g10401	1.3206009769276592e-07	2.798023532765963e-17																Scil_g10015;Slac_ENSLPGG00000022563	0.004885587593379574	5.085732044321034e-17	Scil_g13146;Slac_ENSLPGG00000011151	0.0026129660409463912	0.0006790935580631603													Scil_g402;Slac_ENSLPGG00000016891	0.0003005960655922788	0.0031309119165275016												
Aque_Aqu2.1.29376-001;Scil_g3040	0.000358434222937596	0.0073124480923593424	Aque_Aqu2.1.37751-001;Scil_g10941	1.960754617020323e-08	6.18957093590251e-08	Aque_Aqu2.1.22703-001;Scil_g3906	1.8051658972370857e-10	0.00014453004306132745										Aque_Aqu2.1.24984-001;Slac_ENSLPGG00000008927	0.0028706384647597272	4.196537548175195e-39													Aque_Aqu2.1.43984-001;Slac_ENSLPGG00000002394	1.1016186836212721e-24	2.9862001037469835e-27										Aque_Aqu2.1.41482-001;Slac_ENSLPGG00000006271	4.6297900363399465e-06	2.6697465039007906e-06				Aque_Aqu2.1.35503-001;Slac_ENSLPGG00000001761	6.524992042139891e-05	5.837025646251024e-10				Aque_Aqu2.1.42552-001;Scil_g6522	0.0004264312723006639	5.311358199178652e-11	Aque_Aqu2.1.43674-001;Scil_g6923	4.20083387372124e-06	0.0007496312067256761	Aque_Aqu2.1.25867-001;Scil_g9674	0.0002352162877005849	0.0007343807069236559				Aque_Aqu2.1.43482-001;Slac_ENSLPGG00000023417	7.648655415159219e-16	0.0020866515349768724	Aque_Aqu2.1.37486-001;Slac_ENSLPGG00000008996	5.791765336917085e-10	2.383566135459776e-06							Aque_Aqu2.1.39703-001;Slac_ENSLPGG00000021186	0.0003983784087831898	1.220442759122435e-24	Aque_Aqu2.1.25867-001;Slac_ENSLPGG00000000921	0.0002352162877005849	0.00020497790178902148	Aque_Aqu2.1.37486-001;Slac_ENSLPGG00000021186	5.791765336917085e-10	3.5927119594215055e-24	Aque_Aqu2.1.29098-001;Scil_g8948	0.008406488938209408	1.185280181140932e-18																Scil_g13000;Slac_ENSLPGG00000029928	0.0002401013157304926	1.133641503252008e-12	Scil_g13146;Slac_ENSLPGG00000008651	0.0026129660409463912	0.005741617324088482													Scil_g4725;Slac_ENSLPGG00000022031	0.007071540977103302	0.00010266030155833447												
Aque_Aqu2.1.35102-001;Scil_g13155	1.0235518336439858e-13	5.0814546179163107e-05	Aque_Aqu2.1.39820-001;Scil_g2822	0.00030930266620041397	1.2046246500420255e-06	Aque_Aqu2.1.37974-001;Scil_g4955	2.4185485011480635e-14	1.6734184458248347e-07										Aque_Aqu2.1.27294-001;Slac_ENSLPGG00000028596	5.209276424915187e-19	0.00011284612518204165													Aque_Aqu2.1.17816-001;Slac_ENSLPGG00000001139	0.009367143325851741	1.4494333720685917e-24										Aque_Aqu2.1.34441-001;Slac_ENSLPGG00000021750	7.219142937079096e-31	0.007143211701726101				Aque_Aqu2.1.27832-001;Slac_ENSLPGG00000012471	5.884935948591738e-05	1.2256378781761784e-09				Aque_Aqu2.1.36606-001;Scil_g13259	6.429704257152719e-05	0.0019587669444009245	Aque_Aqu2.1.41331-001;Scil_g480	0.00283942250833063	4.506608115212298e-09	Aque_Aqu2.1.17816-001;Scil_g1483	0.004846158259488255	4.085735599763043e-06				Aque_Aqu2.1.38146-001;Slac_ENSLPGG00000018774	6.387586082111135e-11	3.4238613652926317e-09	Aque_Aqu2.1.43674-001;Slac_ENSLPGG00000019065	4.20083387372124e-06	0.002143493550466423							Aque_Aqu2.1.31385-001;Slac_ENSLPGG00000021402	0.0004221664291573433	4.086647031115975e-16	Aque_Aqu2.1.41520-001;Slac_ENSLPGG00000018774	4.988517977277189e-10	0.0059141423288884215	Aque_Aqu2.1.42587-001;Slac_ENSLPGG00000018413	2.96187878283415e-07	0.0012040939748942134	Aque_Aqu2.1.24541-001;Scil_g13687	2.8194141356318613e-14	8.958455056833786e-09																Scil_g8851;Slac_ENSLPGG00000015112	5.351413959374844e-05	0.0006787822325991016	Scil_g4725;Slac_ENSLPGG00000021127	0.007071540977103302	0.00026020690407486225													Scil_g10108;Slac_ENSLPGG00000030375	0.0026833894586777538	0.002058471191555939												
Aque_Aqu2.1.41587-001;Scil_g1970	6.284211007424334e-22	1.235607112604749e-33	Aque_Aqu2.1.20342-001;Scil_g6013	0.00010916520259784427	2.5663767670271375e-23	Aque_Aqu2.1.43688-001;Scil_g9839	4.4253445921185735e-29	1.1355828495615424e-07										Aque_Aqu2.1.11387-001;Slac_ENSLPGG00000006881	2.5197140823231568e-05	4.2842379072043594e-10													Aque_Aqu2.1.39703-001;Slac_ENSLPGG00000010854	8.926042219776161e-05	0.0011755140317752015										Aque_Aqu2.1.24879-001;Slac_ENSLPGG00000015293	8.49012491898565e-05	2.67363390184927e-09				Aque_Aqu2.1.33049-001;Slac_ENSLPGG00000013461	0.00015577197424357952	9.882239640916073e-09				Aque_Aqu2.1.28295-001;Scil_g458	6.833508282525727e-08	7.089012749431077e-08	Aque_Aqu2.1.42549-001;Scil_g11616	0.006301426912670734	0.0005567674922374866	Aque_Aqu2.1.42065-001;Scil_g10015	5.305955151225863e-07	9.835167470058142e-06				Aque_Aqu2.1.43984-001;Slac_ENSLPGG00000002394	4.479650965828285e-09	1.221392526032047e-23	Aque_Aqu2.1.41520-001;Slac_ENSLPGG00000020178	4.988517977277189e-10	0.0010513066033346907							Aque_Aqu2.1.31388-001;Slac_ENSLPGG00000001057	0.004760476945746735	0.004855931232394134	Aque_Aqu2.1.40738-001;Slac_ENSLPGG00000012981	6.218782870818954e-08	0.00011499550597623149	Aque_Aqu2.1.26973-001;Slac_ENSLPGG00000000921	1.8757648248382616e-05	2.3931149398632247e-20	Aque_Aqu2.1.37818-001;Scil_g13687	4.366072114981543e-05	8.958455056833786e-09																Scil_g6182;Slac_ENSLPGG00000021186	0.0005505499915034545	2.1966675747781014e-45	Scil_g7227;Slac_ENSLPGG00000008404	4.248578365539217e-06	0.006904337093626863													Scil_g4725;Slac_ENSLPGG00000016891	0.007071540977103302	0.0031309119165275016												
Aque_Aqu2.1.41072-001;Scil_g9453	1.4923901171103289e-15	2.3202718139754127e-12	Aque_Aqu2.1.41072-001;Scil_g9453	1.4923901171103289e-15	1.8664571932202462e-13	Aque_Aqu2.1.44193-001;Scil_g3749	5.2321281412502024e-11	6.961884929721676e-10										Aque_Aqu2.1.43688-001;Slac_ENSLPGG00000006356	2.2064988080306972e-14	0.00011946821970550475													Aque_Aqu2.1.29497-001;Slac_ENSLPGG00000014782	0.009540321936991298	4.0221730396915904e-85										Aque_Aqu2.1.38596-001;Slac_ENSLPGG00000006266	6.485696048108517e-11	0.003619518626652102				Aque_Aqu2.1.29918-001;Slac_ENSLPGG00000030129	0.00024658544383960945	0.0013713614834639212				Aque_Aqu2.1.43637-001;Scil_g13024	8.152574204947499e-32	0.00014717462768455288				Aque_Aqu2.1.44245-001;Scil_g11288	0.001577587927672461	0.0002812350820900824				Aque_Aqu2.1.36779-001;Slac_ENSLPGG00000020178	2.0751669503159548e-16	0.0007400756194867412	Aque_Aqu2.1.30867-001;Slac_ENSLPGG00000019065	1.3309245062395783e-20	0.002143493550466423							Aque_Aqu2.1.31551-001;Slac_ENSLPGG00000001139	0.0004550419940629617	1.0794946248240394e-08	Aque_Aqu2.1.25927-001;Slac_ENSLPGG00000006175	3.006102746387663e-11	0.0009487128182759552	Aque_Aqu2.1.31551-001;Slac_ENSLPGG00000001139	0.0004550419940629617	4.69500827060743e-21	Aque_Aqu2.1.36440-001;Scil_g1526	0.0004778198145944702	3.325262552932249e-14																Scil_g12359;Slac_ENSLPGG00000015888	1.903889035840206e-21	7.523245071031996e-10	Scil_g10108;Slac_ENSLPGG00000015099	0.0026833894586777538	8.28668605995311e-06													Scil_g1638;Slac_ENSLPGG00000027899	1.3632667963625444e-14	0.003393224240375012												
Aque_Aqu2.1.43558-001;Scil_g11587	3.1472571512040617e-06	0.001308213787946087	Aque_Aqu2.1.41832-001;Scil_g1605	1.8716996324675586e-15	0.0009400582364274796	Aque_Aqu2.1.23425-001;Scil_g9270	2.4250333501045333e-55	1.0728702843068072e-05										Aque_Aqu2.1.23428-001;Slac_ENSLPGG00000022258	7.672883675858701e-11	0.0002067977626758993													Aque_Aqu2.1.17816-001;Slac_ENSLPGG00000007158	0.009367143325851741	1.2305328596950784e-25										Aque_Aqu2.1.43733-001;Slac_ENSLPGG00000015888	2.8079750835220977e-170	0.0006916594577877405				Aque_Aqu2.1.39733-001;Slac_ENSLPGG00000028356	6.5169284341367635e-06	2.097030126413491e-05				Aque_Aqu2.1.43363-001;Scil_g2079	3.009896266468842e-14	7.191157268072515e-07				Aque_Aqu2.1.37486-001;Scil_g8930	5.791765336917085e-10	0.003008471673133274				Aque_Aqu2.1.38811-001;Slac_ENSLPGG00000025361	1.675913801095585e-07	1.539165167387563e-06	Aque_Aqu2.1.41520-001;Slac_ENSLPGG00000015562	4.988517977277189e-10	0.008175833913661248							Aque_Aqu2.1.30850-001;Slac_ENSLPGG00000007919	1.6111351648411453e-09	0.0022755547073020827	Aque_Aqu2.1.35253-001;Slac_ENSLPGG00000015112	3.5542328552532075e-13	0.00549930044633956	Aque_Aqu2.1.33622-001;Slac_ENSLPGG00000002171	1.708447263117159e-16	8.519815430634142e-07																			Scil_g5791;Slac_ENSLPGG00000015293	1.656339539956417e-05	0.0036482195694383796	Scil_g4725;Slac_ENSLPGG00000022031	0.007071540977103302	9.300342416746377e-05													Scil_g13146;Slac_ENSLPGG00000008651	0.0026129660409463912	0.000902795089576386												
Aque_Aqu2.1.41587-001;Scil_g2125	6.284211007424334e-22	3.513457657467906e-18	Aque_Aqu2.1.37574-001;Scil_g2525	2.5048026577623928e-15	1.3407951204689368e-05	Aque_Aqu2.1.39902-001;Scil_g3772	9.107093425514649e-48	5.142580210191075e-06										Aque_Aqu2.1.43688-001;Slac_ENSLPGG00000028596	2.2064988080306972e-14	0.00011284612518204165													Aque_Aqu2.1.24504-001;Slac_ENSLPGG00000020039	0.007919704155121277	0.007639306423032143										Aque_Aqu2.1.20504-001;Slac_ENSLPGG00000003738	0.004078444403214724	1.0526376784842143e-09				Aque_Aqu2.1.27832-001;Slac_ENSLPGG00000020470	5.884935948591738e-05	3.423487626718001e-05				Aque_Aqu2.1.41115-001;Scil_g12288	1.0633144134369747e-09	0.006949964964012032				Aque_Aqu2.1.29076-001;Scil_g119	8.254780582515275e-21	0.006956076367442361				Aque_Aqu2.1.38824-001;Slac_ENSLPGG00000012471	0.0021069493728025235	9.012536840606819e-20	Aque_Aqu2.1.28497-001;Slac_ENSLPGG00000009116	6.265744639493593e-06	0.0002502781468967871							Aque_Aqu2.1.25867-001;Slac_ENSLPGG00000010273	0.0002352162877005849	0.0012724249500829956	Aque_Aqu2.1.41482-001;Slac_ENSLPGG00000019065	2.257130122823816e-08	0.006927108559854214	Aque_Aqu2.1.31064-001;Slac_ENSLPGG00000021800	0.00019272678791150202	6.536431133373341e-20																			Scil_g9674;Slac_ENSLPGG00000018041	0.0052200748129733925	0.0017530359823746317	Scil_g5653;Slac_ENSLPGG00000018075	0.001056391171539997	0.0013746065864302338													Scil_g5653;Slac_ENSLPGG00000018075	0.001056391171539997	0.0006118469660705379												
Aque_Aqu2.1.09554-001;Scil_g10865	5.464239345134185e-06	0.0034397346830514096	Aque_Aqu2.1.40897-001;Scil_g2525	2.4830102528941103e-10	1.3407951204689368e-05	Aque_Aqu2.1.41935-001;Scil_g3772	5.591333443268466e-36	5.142580210191075e-06										Aque_Aqu2.1.40886-001;Slac_ENSLPGG00000008927	0.0046341478969197545	4.196537548175195e-39													Aque_Aqu2.1.37101-001;Slac_ENSLPGG00000020470	1.5336636022433145e-08	0.002366091147798498										Aque_Aqu2.1.37101-001;Slac_ENSLPGG00000020470	6.194430517240804e-07	3.423487626718001e-05				Aque_Aqu2.1.20511-001;Slac_ENSLPGG00000016836	1.2536022085207058e-42	5.186576302702321e-08				Aque_Aqu2.1.37133-001;Scil_g9727	6.645927019171235e-06	0.00933748539593904				Aque_Aqu2.1.21174-001;Scil_g2820	0.00021564884897657527	2.0116989466359346e-05				Aque_Aqu2.1.40738-001;Slac_ENSLPGG00000007322	6.218782870818954e-08	7.737038726130456e-15	Aque_Aqu2.1.22984-001;Slac_ENSLPGG00000003607	0.0011070273067554314	7.068547709631196e-07							Aque_Aqu2.1.44139-001;Slac_ENSLPGG00000009116	0.0013345187120564206	2.3440959155135562e-14	Aque_Aqu2.1.38824-001;Slac_ENSLPGG00000012471	0.0021069493728025235	0.005559596267054266	Aque_Aqu2.1.39672-001;Slac_ENSLPGG00000002171	1.7219934783810546e-24	8.519815430634142e-07																			Scil_g1350;Slac_ENSLPGG00000015655	5.359946783335865e-07	2.465938796218491e-05	Scil_g10843;Slac_ENSLPGG00000010973	2.191339130993605e-06	0.00015161252851570743													Scil_g10108;Slac_ENSLPGG00000015099	0.0026833894586777538	0.0002745854346787509												
Aque_Aqu2.1.29482-001;Scil_g9453	0.006815611909410816	2.3202718139754127e-12	Aque_Aqu2.1.37888-001;Scil_g10793	1.1074993725506151e-05	1.055319179606601e-40	Aque_Aqu2.1.27294-001;Scil_g9839	6.379913106281972e-32	1.1355828495615424e-07										Aque_Aqu2.1.27294-001;Slac_ENSLPGG00000012592	5.209276424915187e-19	0.0002193852230103154													Aque_Aqu2.1.43551-001;Slac_ENSLPGG00000018987	0.0005635633996396587	4.442906185241835e-129										Aque_Aqu2.1.30110-001;Slac_ENSLPGG00000017935	2.308865816166031e-15	0.007641587714202316				Aque_Aqu2.1.43980-001;Slac_ENSLPGG00000012713	0.009290738953083176	0.00014886923356237738				Aque_Aqu2.1.40044-001;Scil_g552	2.8322222814374473e-28	1.8734294623301771e-19				Aque_Aqu2.1.41049-001;Scil_g13539	0.007200126607303983	3.801568702753414e-10				Aque_Aqu2.1.43674-001;Slac_ENSLPGG00000003645	4.20083387372124e-06	2.645547445922724e-05	Aque_Aqu2.1.35253-001;Slac_ENSLPGG00000012471	3.5542328552532075e-13	0.00020102428853856525							Aque_Aqu2.1.43982-001;Slac_ENSLPGG00000025832	0.00026536629051856613	8.851924786305355e-06	Aque_Aqu2.1.38824-001;Slac_ENSLPGG00000000921	0.0021069493728025235	0.00020497790178902148	Aque_Aqu2.1.43984-001;Slac_ENSLPGG00000002394	4.479650965828285e-09	5.007210728751153e-45																			Scil_g5407;Slac_ENSLPGG00000016023	3.568743913666849e-09	5.94045764611003e-58																Scil_g1526;Slac_ENSLPGG00000026673	5.035546169744631e-12	0.00028015046342082185												
Aque_Aqu2.1.28037-001;Scil_g10865	2.846902201743957e-07	0.0034397346830514096	Aque_Aqu2.1.37751-001;Scil_g3052	1.960754617020323e-08	0.0004792116040778553	Aque_Aqu2.1.28194-001;Scil_g10793	1.444625855187625e-59	2.0933444663797696e-15										Aque_Aqu2.1.38435-001;Slac_ENSLPGG00000008029	1.829410315713854e-09	1.9591747644827683e-05													Aque_Aqu2.1.25867-001;Slac_ENSLPGG00000011715	2.1213248264626324e-06	0.0015163362896410573										Aque_Aqu2.1.38752-001;Slac_ENSLPGG00000014120	8.898107358929214e-33	0.000944903500654391				Aque_Aqu2.1.32726-001;Slac_ENSLPGG00000028356	0.00020161191729037281	2.097030126413491e-05				Aque_Aqu2.1.34598-001;Scil_g809	0.00016521084626498403	0.00011806319769900682				Aque_Aqu2.1.07545-001;Scil_g3398	0.009147084110062452	0.006984919336154506				Aque_Aqu2.1.43251-001;Slac_ENSLPGG00000025032	2.3451474142829946e-08	0.0048544539686617314	Aque_Aqu2.1.33635-001;Slac_ENSLPGG00000012471	0.00010669886911690847	0.00020102428853856525							Aque_Aqu2.1.42203-001;Slac_ENSLPGG00000008996	0.00045457418849529025	8.656770680653274e-05	Aque_Aqu2.1.41065-001;Slac_ENSLPGG00000018774	0.002433444354028677	0.0059141423288884215	Aque_Aqu2.1.30850-001;Slac_ENSLPGG00000007919	1.6111351648411453e-09	3.8427977708486657e-10																			Scil_g1514;Slac_ENSLPGG00000006923	4.925875360990495e-06	4.281774508540483e-08																Scil_g2125;Slac_ENSLPGG00000027899	0.001250635568289448	0.003393224240375012												
Aque_Aqu2.1.37888-001;Scil_g10793	1.1074993725506151e-05	8.421902305944512e-51	Aque_Aqu2.1.18089-001;Scil_g9453	2.3222255630625573e-12	1.8664571932202462e-13	Aque_Aqu2.1.43507-001;Scil_g3149	5.09267464240498e-12	1.2533282990675824e-06										Aque_Aqu2.1.42087-001;Slac_ENSLPGG00000022449	0.001998237992359187	4.232134737239487e-36													Aque_Aqu2.1.30867-001;Slac_ENSLPGG00000006271	8.811394793769746e-08	0.00010329686300105768										Aque_Aqu2.1.09103-001;Slac_ENSLPGG00000028461	2.0179561011502303e-07	3.048826496448948e-05				Aque_Aqu2.1.22593-001;Slac_ENSLPGG00000000696	0.0012420173068698555	5.830310343059631e-06				Aque_Aqu2.1.33635-001;Scil_g10960	0.00010669886911690847	1.7814275668616436e-13				Aque_Aqu2.1.28301-001;Scil_g5638	2.4420291072502505e-07	7.143601088666178e-28				Aque_Aqu2.1.42203-001;Slac_ENSLPGG00000021186	0.00045457418849529025	2.1966675747781014e-45	Aque_Aqu2.1.37407-001;Slac_ENSLPGG00000020178	5.959310045388851e-09	0.0010513066033346907							Aque_Aqu2.1.41892-001;Slac_ENSLPGG00000011839	5.2142493076430264e-14	0.009479926360797563	Aque_Aqu2.1.17816-001;Slac_ENSLPGG00000007158	0.004846158259488255	1.3921670430557845e-07	Aque_Aqu2.1.41892-001;Slac_ENSLPGG00000011839	5.2142493076430264e-14	2.3607637339619418e-11																			Scil_g3056;Slac_ENSLPGG00000010273	1.3731224023390558e-07	1.6978492039766335e-05																Scil_g10843;Slac_ENSLPGG00000010973	2.191339130993605e-06	0.0008013040173983456												
Aque_Aqu2.1.44059-001;Scil_g3256	3.328730512336417e-05	4.0851084805518284e-72	Aque_Aqu2.1.37713-001;Scil_g11587	1.7092280498504553e-19	4.192068481728588e-05	Aque_Aqu2.1.39902-001;Scil_g9270	9.107093425514649e-48	1.0728702843068072e-05										Aque_Aqu2.1.42135-001;Slac_ENSLPGG00000018656	1.4309521520650948e-07	6.855527818224849e-06													Aque_Aqu2.1.33622-001;Slac_ENSLPGG00000021127	3.31852085524485e-07	0.00026020690407486225										Aque_Aqu2.1.25933-001;Slac_ENSLPGG00000007953	7.69935697219898e-05	0.0014155101453730327				Aque_Aqu2.1.42077-001;Slac_ENSLPGG00000024184	2.0833804932494515e-41	0.0017026938288687038				Aque_Aqu2.1.23692-001;Scil_g10669	1.2841772084763492e-19	0.003749453953567109				Aque_Aqu2.1.41049-001;Scil_g130	0.007200126607303983	3.2104504713687346e-09				Aque_Aqu2.1.43674-001;Slac_ENSLPGG00000006271	4.20083387372124e-06	3.732968551925518e-05	Aque_Aqu2.1.20046-001;Slac_ENSLPGG00000009456	0.00911986550103098	2.941187808203476e-10							Aque_Aqu2.1.39703-001;Slac_ENSLPGG00000008996	0.0003983784087831898	8.656770680653274e-05	Aque_Aqu2.1.33635-001;Slac_ENSLPGG00000015112	0.00010669886911690847	0.00549930044633956	Aque_Aqu2.1.38824-001;Slac_ENSLPGG00000000921	0.0021069493728025235	2.3931149398632247e-20																			Scil_g2253;Slac_ENSLPGG00000008220	0.0007081689266387197	3.053105731426932e-24																														
Aque_Aqu2.1.40744-001;Scil_g9836	0.00520906155360265	0.001366247367853044	Aque_Aqu2.1.34140-001;Scil_g5780	8.624609785310953e-08	7.726719165322015e-45	Aque_Aqu2.1.24901-001;Scil_g2525	5.43010493358015e-25	1.4710177588142786e-06										Aque_Aqu2.1.28301-001;Slac_ENSLPGG00000012506	4.366198507486224e-41	0.0003816528314443795													Aque_Aqu2.1.25867-001;Slac_ENSLPGG00000012296	2.1213248264626324e-06	0.001043453426024318										Aque_Aqu2.1.27832-001;Slac_ENSLPGG00000015112	5.939276265577746e-23	0.007687888802854135				Aque_Aqu2.1.43365-001;Slac_ENSLPGG00000022615	0.00028673153734273344	3.2080116570475125e-06				Aque_Aqu2.1.44243-001;Scil_g8930	2.5819489532558422e-23	1.6915094476803913e-05				Aque_Aqu2.1.42693-001;Scil_g8851	0.0018360592641156288	0.0013186114376195319				Aque_Aqu2.1.42077-001;Slac_ENSLPGG00000024415	2.5024776515125946e-13	0.0003515626804160105	Aque_Aqu2.1.22423-001;Slac_ENSLPGG00000021186	0.003331405344316412	1.5866616825505543e-23							Aque_Aqu2.1.42693-001;Slac_ENSLPGG00000003239	0.0018360592641156288	0.00011648380655189963	Aque_Aqu2.1.42560-001;Slac_ENSLPGG00000015465	0.0008809471089720678	0.008322672676028871	Aque_Aqu2.1.41520-001;Slac_ENSLPGG00000020178	4.988517977277189e-10	5.203780196752114e-10																			Scil_g11222;Slac_ENSLPGG00000006271	1.1918429997624423e-07	3.732968551925518e-05																														
Aque_Aqu2.1.44059-001;Scil_g9230	3.328730512336417e-05	9.597913170553696e-28	Aque_Aqu2.1.31586-001;Scil_g8948	6.035842798121547e-07	2.86304743546326e-11	Aque_Aqu2.1.34142-001;Scil_g2525	1.5802677811320417e-19	1.4710177588142786e-06										Aque_Aqu2.1.24985-001;Slac_ENSLPGG00000009756	1.6706084117909457e-19	1.0854540543354014e-05													Aque_Aqu2.1.01979-001;Slac_ENSLPGG00000006271	0.007012591066954428	0.00010329686300105768										Aque_Aqu2.1.36076-001;Slac_ENSLPGG00000011588	0.005164206410856717	0.0036895935973833547				Aque_Aqu2.1.07580-001;Slac_ENSLPGG00000019930	4.874298541748081e-15	0.004965012481475406				Aque_Aqu2.1.31381-001;Scil_g13734	4.790282318976761e-30	0.002733827425355632				Aque_Aqu2.1.22423-001;Scil_g6182	0.003331405344316412	6.54132555884722e-05				Aque_Aqu2.1.30867-001;Slac_ENSLPGG00000006271	1.3309245062395783e-20	3.732968551925518e-05	Aque_Aqu2.1.22423-001;Slac_ENSLPGG00000008996	0.003331405344316412	2.383566135459776e-06							Aque_Aqu2.1.41482-001;Slac_ENSLPGG00000021520	2.257130122823816e-08	0.008152652185200318	Aque_Aqu2.1.35197-001;Slac_ENSLPGG00000023608	1.2879642783987652e-05	0.00021819079240100695	Aque_Aqu2.1.43536-001;Slac_ENSLPGG00000017855	3.1456270560029736e-13	1.3038842899301157e-06																			Scil_g3056;Slac_ENSLPGG00000026948	1.3731224023390558e-07	0.005553210951833313																														
			Aque_Aqu2.1.38598-001;Scil_g3749	5.172299480510369e-07	7.256768233505739e-09	Aque_Aqu2.1.34214-001;Scil_g3749	5.077623847648018e-17	6.961884929721676e-10										Aque_Aqu2.1.41390-001;Slac_ENSLPGG00000028423	3.1526456000200475e-06	8.044026166502487e-12													Aque_Aqu2.1.42743-001;Slac_ENSLPGG00000009461	0.006174926946827125	0.001863905355161977										Aque_Aqu2.1.37101-001;Slac_ENSLPGG00000012471	6.194430517240804e-07	1.2256378781761784e-09				Aque_Aqu2.1.17699-001;Slac_ENSLPGG00000011232	2.155680306670325e-05	0.003325700561470039				Aque_Aqu2.1.42762-001;Scil_g8183	1.0081478109652569e-17	7.136238196514838e-05				Aque_Aqu2.1.32720-001;Scil_g951	0.0009377164066443202	2.0732961766231587e-05				Aque_Aqu2.1.43251-001;Slac_ENSLPGG00000023417	2.3451474142829946e-08	0.0020866515349768724	Aque_Aqu2.1.35253-001;Slac_ENSLPGG00000020470	3.5542328552532075e-13	0.005200025809404252							Aque_Aqu2.1.26983-001;Slac_ENSLPGG00000005884	3.937047107772297e-05	0.008616036537426135	Aque_Aqu2.1.40721-001;Slac_ENSLPGG00000007294	0.0002207593425700575	0.0003630722529327987	Aque_Aqu2.1.14505-001;Slac_ENSLPGG00000012981	4.1608280773534837e-17	1.425866129975506e-17																			Scil_g4190;Slac_ENSLPGG00000009116	1.5598195515222541e-10	6.14592868531139e-18																														
			Aque_Aqu2.1.20295-001;Scil_g3749	0.0001795255504142727	7.256768233505739e-09	Aque_Aqu2.1.41935-001;Scil_g9270	5.591333443268466e-36	1.0728702843068072e-05										Aque_Aqu2.1.43581-001;Slac_ENSLPGG00000018394	7.794661816319535e-18	0.002491061187990496													Aque_Aqu2.1.34140-001;Slac_ENSLPGG00000006271	1.662739836406084e-09	0.00010329686300105768										Aque_Aqu2.1.29855-001;Slac_ENSLPGG00000000696	0.0022340984168665655	5.830310343059631e-06				Aque_Aqu2.1.42279-001;Slac_ENSLPGG00000013141	8.66165162536353e-12	0.001973352561235931				Aque_Aqu2.1.18919-001;Scil_g9886	3.781793541868298e-15	0.00218801344218696				Aque_Aqu2.1.42693-001;Scil_g10960	0.0018360592641156288	3.516281539997559e-05				Aque_Aqu2.1.42762-001;Slac_ENSLPGG00000021127	1.0081478109652569e-17	1.5465846751523873e-05	Aque_Aqu2.1.33635-001;Slac_ENSLPGG00000020470	0.00010669886911690847	0.005200025809404252							Aque_Aqu2.1.42693-001;Slac_ENSLPGG00000015112	0.0018360592641156288	0.0002902087639971218	Aque_Aqu2.1.32000-001;Slac_ENSLPGG00000020841	0.007163723412439014	0.001871288543552831	Aque_Aqu2.1.43674-001;Slac_ENSLPGG00000007158	4.20083387372124e-06	1.965018913530473e-21																			Scil_g1350;Slac_ENSLPGG00000007955	5.359946783335865e-07	0.001201610886996087																														
			Aque_Aqu2.1.37748-001;Scil_g4955	0.006868279958800548	1.3274390645344907e-15	Aque_Aqu2.1.22703-001;Scil_g8105	1.8051658972370857e-10	1.062772877784191e-07										Aque_Aqu2.1.43688-001;Slac_ENSLPGG00000012592	2.2064988080306972e-14	0.0002193852230103154													Aque_Aqu2.1.27256-001;Slac_ENSLPGG00000007719	0.006977535048732927	0.00950490736474928										Aque_Aqu2.1.32920-001;Slac_ENSLPGG00000000696	0.0053703629895484675	5.830310343059631e-06				Aque_Aqu2.1.29855-001;Slac_ENSLPGG00000000696	0.0007027325992768494	5.830310343059631e-06				Aque_Aqu2.1.41482-001;Scil_g2667	2.257130122823816e-08	1.213546492040107e-09				Aque_Aqu2.1.22423-001;Scil_g8930	0.003331405344316412	0.003008471673133274				Aque_Aqu2.1.29714-001;Slac_ENSLPGG00000008036	7.391576077219849e-08	1.1540325819341644e-21	Aque_Aqu2.1.25867-001;Slac_ENSLPGG00000010273	0.0002352162877005849	7.696669701701013e-06							Aque_Aqu2.1.37770-001;Slac_ENSLPGG00000015655	0.006518916636731035	3.8185501242099067e-13	Aque_Aqu2.1.42762-001;Slac_ENSLPGG00000022031	1.0081478109652569e-17	0.009696082349253645	Aque_Aqu2.1.29098-001;Slac_ENSLPGG00000023276	0.0022163606697167436	5.006232055107248e-07																			Scil_g4341;Slac_ENSLPGG00000021479	0.0008148831265628503	0.008613064062301081																														
			Aque_Aqu2.1.29496-001;Scil_g208	1.2768054689113486e-36	0.0006868538957636951	Aque_Aqu2.1.40726-001;Scil_g2952	3.898092861090603e-17	4.817204358518965e-12										Aque_Aqu2.1.38366-001;Slac_ENSLPGG00000006356	2.353359925872487e-15	0.00011946821970550475													Aque_Aqu2.1.44245-001;Slac_ENSLPGG00000013337	0.0046844640673461375	5.453548321107783e-07										Aque_Aqu2.1.36076-001;Slac_ENSLPGG00000021127	0.005164206410856717	4.213266832952217e-05				Aque_Aqu2.1.25608-001;Slac_ENSLPGG00000004269	5.700062912418236e-05	2.8577770605734596e-05				Aque_Aqu2.1.38524-001;Scil_g965	9.419406752082244e-11	8.271688449801521e-05				Aque_Aqu2.1.17816-001;Scil_g1098	0.004846158259488255	0.00827391027704454				Aque_Aqu2.1.25867-001;Slac_ENSLPGG00000012471	0.0002352162877005849	9.012536840606819e-20	Aque_Aqu2.1.24796-001;Slac_ENSLPGG00000007568	0.003967307296319479	7.355611122930514e-05							Aque_Aqu2.1.31551-001;Slac_ENSLPGG00000019065	0.0004550419940629617	0.004592237966067324	Aque_Aqu2.1.36574-001;Slac_ENSLPGG00000014139	0.0004940940652812278	0.004431977374033645	Aque_Aqu2.1.41065-001;Slac_ENSLPGG00000020178	0.002433444354028677	5.203780196752114e-10																			Scil_g191;Slac_ENSLPGG00000001013	0.00657962968063305	9.900491958884998e-26																														
			Aque_Aqu2.1.36774-001;Scil_g8909	2.2229382265985464e-06	1.0553477855489814e-20	Aque_Aqu2.1.41072-001;Scil_g9453	1.4923901171103289e-15	4.49983027371432e-20										Aque_Aqu2.1.30397-001;Slac_ENSLPGG00000021584	3.053563844263048e-06	6.413530410769873e-10													Aque_Aqu2.1.38683-001;Slac_ENSLPGG00000013337	0.002171373567225803	5.453548321107783e-07										Aque_Aqu2.1.34138-001;Slac_ENSLPGG00000019065	1.2656438086926812e-05	7.25760385061524e-06				Aque_Aqu2.1.44323-001;Slac_ENSLPGG00000020755	1.213390238823611e-11	0.00540254793321005				Aque_Aqu2.1.33622-001;Scil_g2756	1.708447263117159e-16	5.95074074397426e-10				Aque_Aqu2.1.34344-001;Scil_g119	8.471951911253183e-28	0.006956076367442361				Aque_Aqu2.1.41482-001;Slac_ENSLPGG00000019065	2.257130122823816e-08	3.613082416273542e-08	Aque_Aqu2.1.36574-001;Slac_ENSLPGG00000014139	0.0004940940652812278	0.0038658422956780927							Aque_Aqu2.1.41892-001;Slac_ENSLPGG00000018987	5.2142493076430264e-14	6.075516351583151e-07	Aque_Aqu2.1.22423-001;Slac_ENSLPGG00000021186	0.003331405344316412	2.0188353322288348e-10	Aque_Aqu2.1.32110-001;Slac_ENSLPGG00000017549	3.5145414330315455e-44	0.00011960207239525942																			Scil_g3056;Slac_ENSLPGG00000015112	1.3731224023390558e-07	0.0006787822325991016																														
			Aque_Aqu2.1.13160-001;Scil_g2525	4.322179295065631e-10	1.3407951204689368e-05	Aque_Aqu2.1.33950-001;Scil_g3772	2.1143479916429974e-48	5.142580210191075e-06										Aque_Aqu2.1.38366-001;Slac_ENSLPGG00000028596	2.353359925872487e-15	0.00011284612518204165													Aque_Aqu2.1.32726-001;Slac_ENSLPGG00000007568	0.004071975590726553	0.0003309738114116406										Aque_Aqu2.1.35513-001;Slac_ENSLPGG00000014120	1.391430610834894e-08	0.000944903500654391				Aque_Aqu2.1.17816-001;Slac_ENSLPGG00000006271	1.1230267612856121e-05	2.6697465039007906e-06				Aque_Aqu2.1.41190-001;Scil_g2060	3.070020325785256e-26	0.0005739952944207668				Aque_Aqu2.1.39703-001;Scil_g6182	0.0003983784087831898	6.54132555884722e-05				Aque_Aqu2.1.17816-001;Slac_ENSLPGG00000007158	0.004846158259488255	3.4393842705479424e-25	Aque_Aqu2.1.36580-001;Slac_ENSLPGG00000006910	0.00012213328003275967	0.0021402839722444843							Aque_Aqu2.1.38683-001;Slac_ENSLPGG00000013337	0.0026556694445690667	0.0003169817591007459	Aque_Aqu2.1.17816-001;Slac_ENSLPGG00000001139	0.004846158259488255	4.345251405310324e-05	Aque_Aqu2.1.15179-001;Slac_ENSLPGG00000007134	5.338752079734542e-06	4.5735235615341203e-41																			Scil_g5628;Slac_ENSLPGG00000019859	0.007924718428379112	0.0011397536544584786																														
			Aque_Aqu2.1.41587-001;Scil_g4378	6.284211007424334e-22	0.0028121050242745833	Aque_Aqu2.1.40897-001;Scil_g10732	2.4830102528941103e-10	7.193105487912825e-09										Aque_Aqu2.1.39108-001;Slac_ENSLPGG00000006855	3.922071748104669e-86	0.00887950364152333													Aque_Aqu2.1.44218-001;Slac_ENSLPGG00000007955	1.5630724984533242e-08	0.007386783815123632										Aque_Aqu2.1.34242-001;Slac_ENSLPGG00000003042	0.0065364222895709975	1.2844184899360897e-07				Aque_Aqu2.1.21828-001;Slac_ENSLPGG00000020173	1.8034312828333696e-13	0.0010613881201389775				Aque_Aqu2.1.34343-001;Scil_g119	1.192967813648859e-24	1.1392739541626258e-52				Aque_Aqu2.1.37770-001;Scil_g980	0.006518916636731035	0.0005986017299019908				Aque_Aqu2.1.34140-001;Slac_ENSLPGG00000003645	1.0121820050408576e-29	2.645547445922724e-05	Aque_Aqu2.1.35781-001;Slac_ENSLPGG00000007429	0.0016572738315866653	4.72521684640543e-05							Aque_Aqu2.1.40905-001;Slac_ENSLPGG00000014782	2.293128987599471e-12	0.008818631329743608	Aque_Aqu2.1.22423-001;Slac_ENSLPGG00000000564	0.003331405344316412	3.407158897655185e-05	Aque_Aqu2.1.43987-001;Slac_ENSLPGG00000002394	3.283156008267793e-06	5.007210728751153e-45																			Scil_g1483;Slac_ENSLPGG00000019065	0.003927101518499479	3.613082416273542e-08																														
			Aque_Aqu2.1.41943-001;Scil_g11616	1.0016906815678531e-30	0.002941255425821128	Aque_Aqu2.1.13160-001;Scil_g10732	4.322179295065631e-10	7.193105487912825e-09										Aque_Aqu2.1.27294-001;Slac_ENSLPGG00000012819	5.209276424915187e-19	0.0011568697802661395													Aque_Aqu2.1.25867-001;Slac_ENSLPGG00000020470	2.1213248264626324e-06	0.002366091147798498										Aque_Aqu2.1.34138-001;Slac_ENSLPGG00000003645	1.2656438086926812e-05	0.0004928005922812879				Aque_Aqu2.1.44104-001;Slac_ENSLPGG00000013154	3.4947931478476343e-10	0.0003774658561661878				Aque_Aqu2.1.39672-001;Scil_g2756	1.7219934783810546e-24	5.95074074397426e-10				Aque_Aqu2.1.20046-001;Scil_g6427	0.00911986550103098	0.0038813036213638575				Aque_Aqu2.1.31551-001;Slac_ENSLPGG00000006271	0.0004550419940629617	3.732968551925518e-05	Aque_Aqu2.1.41302-001;Slac_ENSLPGG00000010615	8.674583355148573e-05	1.7876328141565585e-08							Aque_Aqu2.1.38824-001;Slac_ENSLPGG00000015112	0.0021069493728025235	0.0002902087639971218	Aque_Aqu2.1.40828-001;Slac_ENSLPGG00000014103	0.000597727428425492	4.430855169663792e-05	Aque_Aqu2.1.28489-001;Slac_ENSLPGG00000011327	1.2639077541595553e-28	0.002660359306382542																			Scil_g2312;Slac_ENSLPGG00000026948	0.00047418108694509317	0.005553210951833313																														
			Aque_Aqu2.1.42549-001;Scil_g11616	4.864952737528873e-51	0.002941255425821128	Aque_Aqu2.1.29077-001;Scil_g119	3.031435493306638e-15	7.156934767103602e-25										Aque_Aqu2.1.38196-001;Slac_ENSLPGG00000018877	9.798282053904682e-05	3.4903574332566454e-13													Aque_Aqu2.1.42093-001;Slac_ENSLPGG00000009324	0.0013541819202391105	0.0016273209584915234										Aque_Aqu2.1.34441-001;Slac_ENSLPGG00000010137	7.219142937079096e-31	0.001790020645015706				Aque_Aqu2.1.28489-001;Slac_ENSLPGG00000009453	4.787491920802856e-09	1.7240464628282283e-09				Aque_Aqu2.1.38824-001;Scil_g10960	0.0021069493728025235	1.7814275668616436e-13				Aque_Aqu2.1.39703-001;Scil_g8930	0.0003983784087831898	0.003008471673133274				Aque_Aqu2.1.26973-001;Slac_ENSLPGG00000012471	1.8757648248382616e-05	9.012536840606819e-20	Aque_Aqu2.1.41482-001;Slac_ENSLPGG00000019065	2.257130122823816e-08	0.002143493550466423							Aque_Aqu2.1.17816-001;Slac_ENSLPGG00000001139	0.004846158259488255	1.0794946248240394e-08	Aque_Aqu2.1.30012-001;Slac_ENSLPGG00000013812	0.00839882703998185	0.008557327171430033	Aque_Aqu2.1.43674-001;Slac_ENSLPGG00000001139	4.20083387372124e-06	4.69500827060743e-21																			Scil_g533;Slac_ENSLPGG00000020413	0.0009079115180928504	0.00010541797543322262																														
			Aque_Aqu2.1.18691-001;Scil_g10373	6.5279671785400235e-06	7.62258263823454e-15	Aque_Aqu2.1.37713-001;Scil_g11587	1.7092280498504553e-19	2.972720390467545e-07										Aque_Aqu2.1.40808-001;Slac_ENSLPGG00000011745	0.0014113797905383112	9.835387862883718e-24													Aque_Aqu2.1.38608-001;Slac_ENSLPGG00000025832	0.002152172874021064	6.706170504501269e-07										Aque_Aqu2.1.44218-001;Slac_ENSLPGG00000007955	0.0017425631109025657	1.9750808972902473e-05				Aque_Aqu2.1.35056-001;Slac_ENSLPGG00000026207	0.002150578357557862	1.709069424870188e-05				Aque_Aqu2.1.34185-001;Scil_g12629	0.0006917643857468868	0.0008190936262603735				Aque_Aqu2.1.34343-001;Scil_g119	1.192967813648859e-24	0.006956076367442361				Aque_Aqu2.1.34140-001;Slac_ENSLPGG00000006271	1.0121820050408576e-29	3.732968551925518e-05	Aque_Aqu2.1.29714-001;Slac_ENSLPGG00000008036	7.391576077219849e-08	4.536590795862888e-06							Aque_Aqu2.1.31551-001;Slac_ENSLPGG00000021520	0.0004550419940629617	0.008152652185200318	Aque_Aqu2.1.26983-001;Slac_ENSLPGG00000005884	3.937047107772297e-05	0.004469932396026673	Aque_Aqu2.1.43251-001;Slac_ENSLPGG00000027461	2.3451474142829946e-08	0.0009589227281603336																			Scil_g9674;Slac_ENSLPGG00000010273	0.0052200748129733925	1.6978492039766335e-05																														
			Aque_Aqu2.1.40411-001;Scil_g9331	2.2516488763377489e-07	0.0016511427913031378	Aque_Aqu2.1.16671-001;Scil_g2638	1.7538076482175143e-30	0.008394236918024817										Aque_Aqu2.1.38366-001;Slac_ENSLPGG00000012592	2.353359925872487e-15	0.0002193852230103154													Aque_Aqu2.1.42743-001;Slac_ENSLPGG00000011151	0.006174926946827125	0.0006790935580631603										Aque_Aqu2.1.44323-001;Slac_ENSLPGG00000020755	3.5972015695912066e-05	0.00540254793321005				Aque_Aqu2.1.39162-001;Slac_ENSLPGG00000015888	1.1576352078665665e-55	0.0006916594577877405				Aque_Aqu2.1.29077-001;Scil_g119	1.3133214504172145e-07	1.1392739541626258e-52				Aque_Aqu2.1.29077-001;Scil_g119	1.3133214504172145e-07	0.006956076367442361				Aque_Aqu2.1.30850-001;Slac_ENSLPGG00000007919	1.6111351648411453e-09	0.0009482622762633013	Aque_Aqu2.1.41331-001;Slac_ENSLPGG00000010615	0.00283942250833063	1.7876328141565585e-08							Aque_Aqu2.1.44245-001;Slac_ENSLPGG00000013337	0.001577587927672461	0.0003169817591007459	Aque_Aqu2.1.43674-001;Slac_ENSLPGG00000019065	4.20083387372124e-06	0.006927108559854214	Aque_Aqu2.1.33635-001;Slac_ENSLPGG00000010273	0.00010669886911690847	2.9181703033897673e-09																			Scil_g2312;Slac_ENSLPGG00000015112	0.00047418108694509317	0.0006787822325991016																														
			Aque_Aqu2.1.34141-001;Scil_g6573	5.817801590754243e-06	3.984833124596185e-20	Aque_Aqu2.1.33950-001;Scil_g9270	2.1143479916429974e-48	1.0728702843068072e-05										Aque_Aqu2.1.44059-001;Slac_ENSLPGG00000002916	0.005028374037103343	4.6702259707366504e-32													Aque_Aqu2.1.43551-001;Slac_ENSLPGG00000007730	0.0005635633996396587	3.998399138806171e-213										Aque_Aqu2.1.13800-001;Slac_ENSLPGG00000009267	5.35283082857658e-22	0.008176142790586937				Aque_Aqu2.1.32920-001;Slac_ENSLPGG00000000696	0.0019696549996616733	5.830310343059631e-06				Aque_Aqu2.1.37426-001;Scil_g8462	0.006785239769564729	2.9772191846120044e-12				Aque_Aqu2.1.42548-001;Scil_g5592	1.627868894535477e-08	1.0248394770224422e-05				Aque_Aqu2.1.13384-001;Slac_ENSLPGG00000028025	0.008071454308217863	1.9481484135242517e-27	Aque_Aqu2.1.37770-001;Slac_ENSLPGG00000015655	0.006518916636731035	3.02085994403222e-06							Aque_Aqu2.1.17816-001;Slac_ENSLPGG00000019065	0.004846158259488255	0.004592237966067324	Aque_Aqu2.1.26973-001;Slac_ENSLPGG00000015112	1.8757648248382616e-05	0.00549930044633956	Aque_Aqu2.1.32509-001;Slac_ENSLPGG00000028356	0.0003922226519476641	3.148644495988388e-07																			Scil_g11288;Slac_ENSLPGG00000020822	0.0008324372874427497	0.0029706612980473957																														
			Aque_Aqu2.1.21251-001;Scil_g6498	4.624562609038775e-08	0.00010925434662925357	Aque_Aqu2.1.43623-001;Scil_g2233	2.967833146368427e-22	0.00035254857723930345										Aque_Aqu2.1.36263-001;Slac_ENSLPGG00000007508	2.0007992930251783e-05	8.829853899006733e-08													Aque_Aqu2.1.40997-001;Slac_ENSLPGG00000019726	3.056879980995244e-05	1.6706628061377998e-112										Aque_Aqu2.1.40333-001;Slac_ENSLPGG00000015465	0.0031842059137677505	8.000284071629496e-11				Aque_Aqu2.1.25933-001;Slac_ENSLPGG00000007953	0.00349277941307751	0.0014155101453730327				Aque_Aqu2.1.31586-001;Scil_g10108	1.7372787348993547e-40	8.192761731090963e-05				Aque_Aqu2.1.27224-001;Scil_g1970	5.542768429070787e-13	0.0001564321687395474				Aque_Aqu2.1.38824-001;Slac_ENSLPGG00000000921	0.0021069493728025235	1.3554892344563593e-12	Aque_Aqu2.1.43267-001;Slac_ENSLPGG00000025032	3.1038449995845004e-09	0.006542027272199874							Aque_Aqu2.1.22423-001;Slac_ENSLPGG00000021186	0.003331405344316412	1.220442759122435e-24	Aque_Aqu2.1.39703-001;Slac_ENSLPGG00000021186	0.0003983784087831898	2.0188353322288348e-10	Aque_Aqu2.1.44139-001;Slac_ENSLPGG00000009453	0.0013345187120564206	2.999904205182712e-54																			Scil_g2253;Slac_ENSLPGG00000010973	0.0007081689266387197	0.0015368510063786963																														
			Aque_Aqu2.1.42770-001;Scil_g3808	3.4620499776698645e-08	4.548895433806986e-16	Aque_Aqu2.1.38675-001;Scil_g623	1.2729397869949765e-09	4.322946552855662e-07										Aque_Aqu2.1.38435-001;Slac_ENSLPGG00000023020	1.829410315713854e-09	0.00016233266302729288													Aque_Aqu2.1.43365-001;Slac_ENSLPGG00000022615	0.002191564312746992	8.834766943000045e-06										Aque_Aqu2.1.39162-001;Slac_ENSLPGG00000015888	2.1698472895487598e-73	0.0006916594577877405				Aque_Aqu2.1.44196-001;Slac_ENSLPGG00000010506	2.9679464678834445e-05	0.002698921680975058				Aque_Aqu2.1.23692-001;Scil_g3056	1.2841772084763492e-19	1.3731224023390558e-07				Aque_Aqu2.1.14137-001;Scil_g5904	1.6296129892199814e-05	0.008087516056195784				Aque_Aqu2.1.39703-001;Slac_ENSLPGG00000008996	0.0003983784087831898	5.146308428844976e-15	Aque_Aqu2.1.26973-001;Slac_ENSLPGG00000012471	1.8757648248382616e-05	0.00020102428853856525							Aque_Aqu2.1.31385-001;Slac_ENSLPGG00000001057	0.0004221664291573433	0.004855931232394134	Aque_Aqu2.1.25867-001;Slac_ENSLPGG00000015112	0.0002352162877005849	0.00549930044633956	Aque_Aqu2.1.35197-001;Slac_ENSLPGG00000023608	1.2879642783987652e-05	3.1465511930609196e-13																			Scil_g9674;Slac_ENSLPGG00000026948	0.0052200748129733925	0.005553210951833313																														
			Aque_Aqu2.1.29376-001;Scil_g3040	0.000358434222937596	2.7180347714549767e-05	Aque_Aqu2.1.25694-001;Scil_g2921	6.167037117505687e-11	3.784180252432767e-08										Aque_Aqu2.1.36105-001;Slac_ENSLPGG00000011075	1.677285239895516e-12	0.0003488260109053289													Aque_Aqu2.1.17816-001;Slac_ENSLPGG00000019065	0.009367143325851741	3.1496785989591547e-07										Aque_Aqu2.1.19903-001;Slac_ENSLPGG00000026963	1.0420597908954395e-05	0.006800001343326557				Aque_Aqu2.1.33612-001;Slac_ENSLPGG00000022031	2.364364427309774e-10	0.002785844823308992				Aque_Aqu2.1.28453-001;Scil_g2624	1.0394247470338174e-05	4.1002142457421344e-13				Aque_Aqu2.1.27224-001;Scil_g1638	5.542768429070787e-13	7.355111770743874e-06				Aque_Aqu2.1.28497-001;Slac_ENSLPGG00000023963	6.265744639493593e-06	0.00026303246838548124	Aque_Aqu2.1.41049-001;Slac_ENSLPGG00000011536	0.007200126607303983	0.005230032865004775							Aque_Aqu2.1.22423-001;Slac_ENSLPGG00000008996	0.003331405344316412	8.656770680653274e-05	Aque_Aqu2.1.32509-001;Slac_ENSLPGG00000028356	0.0003922226519476641	0.008073199099584266	Aque_Aqu2.1.41482-001;Slac_ENSLPGG00000007158	2.257130122823816e-08	1.965018913530473e-21																			Scil_g1219;Slac_ENSLPGG00000010524	0.0004430327164062401	0.005526860413324417																														
			Aque_Aqu2.1.22703-001;Scil_g8105	1.8051658972370857e-10	0.0018004890810924788	Aque_Aqu2.1.24985-001;Scil_g8220	2.648227574502731e-19	2.096881178298641e-07										Aque_Aqu2.1.21879-001;Slac_ENSLPGG00000022242	0.002417439550131487	7.582033670849832e-18													Aque_Aqu2.1.32726-001;Slac_ENSLPGG00000028356	0.004071975590726553	6.775257991661166e-05										Aque_Aqu2.1.04817-001;Slac_ENSLPGG00000016836	0.0008862807273552347	5.186576302702321e-08				Aque_Aqu2.1.33612-001;Slac_ENSLPGG00000013283	2.364364427309774e-10	0.00605935643426796				Aque_Aqu2.1.26973-001;Scil_g10960	1.8757648248382616e-05	1.7814275668616436e-13				Aque_Aqu2.1.29979-001;Scil_g3316	0.005096289705461217	4.81600624494851e-16				Aque_Aqu2.1.36606-001;Slac_ENSLPGG00000021127	6.429704257152719e-05	1.5465846751523873e-05	Aque_Aqu2.1.42548-001;Slac_ENSLPGG00000024879	1.627868894535477e-08	3.7327495540389476e-10							Aque_Aqu2.1.22423-001;Slac_ENSLPGG00000022557	0.003331405344316412	0.0020476446338072297	Aque_Aqu2.1.42693-001;Slac_ENSLPGG00000003239	0.0018360592641156288	3.124456223400405e-05	Aque_Aqu2.1.23692-001;Slac_ENSLPGG00000020470	1.2841772084763492e-19	0.002865326369152078																			Scil_g2475;Slac_ENSLPGG00000015293	0.0025720472256171465	0.0036482195694383796																														
			Aque_Aqu2.1.34141-001;Scil_g13597	5.817801590754243e-06	5.7160692645645324e-12	Aque_Aqu2.1.23425-001;Scil_g10245	2.4250333501045333e-55	0.00011047709390251427										Aque_Aqu2.1.28078-001;Slac_ENSLPGG00000010195	0.0032311787609289023	7.930255897158772e-108													Aque_Aqu2.1.23414-001;Slac_ENSLPGG00000012055	1.6439830959473454e-05	0.0013159312919552733										Aque_Aqu2.1.38358-001;Slac_ENSLPGG00000012713	7.327555591269387e-05	0.00014886923356237738				Aque_Aqu2.1.17816-001;Slac_ENSLPGG00000019065	1.1230267612856121e-05	7.25760385061524e-06				Aque_Aqu2.1.28495-001;Scil_g5104	4.458325986516477e-24	1.3385190593660316e-11										Aque_Aqu2.1.39609-001;Slac_ENSLPGG00000024541	0.005048543726621941	0.000503280708932446	Aque_Aqu2.1.35230-001;Slac_ENSLPGG00000012424	7.365437517835406e-11	2.7964854253012446e-07							Aque_Aqu2.1.33443-001;Slac_ENSLPGG00000018987	4.986367745258103e-05	6.075516351583151e-07	Aque_Aqu2.1.42693-001;Slac_ENSLPGG00000012471	0.0018360592641156288	0.005559596267054266	Aque_Aqu2.1.29979-001;Slac_ENSLPGG00000004765	0.005096289705461217	4.857855965547903e-16																			Scil_g8832;Slac_ENSLPGG00000016670	2.1218703092460044e-06	0.00660496085584887																														
			Aque_Aqu2.1.24985-001;Scil_g8220	2.648227574502731e-19	0.002463770589505183	Aque_Aqu2.1.18089-001;Scil_g9453	2.3222255630625573e-12	4.49983027371432e-20										Aque_Aqu2.1.37974-001;Slac_ENSLPGG00000010195	3.1695571352348735e-06	7.930255897158772e-108													Aque_Aqu2.1.21070-001;Slac_ENSLPGG00000020792	2.2386106342208852e-10	0.008977458734928402										Aque_Aqu2.1.35056-001;Slac_ENSLPGG00000026207	0.00011400801583888684	1.709069424870188e-05				Aque_Aqu2.1.41092-001;Slac_ENSLPGG00000017935	2.646540504612954e-90	0.007641587714202316				Aque_Aqu2.1.40376-001;Scil_g6432	5.626029519789693e-17	6.952319911062066e-17										Aque_Aqu2.1.42093-001;Slac_ENSLPGG00000009324	0.0006886285707111513	0.0003172531675215087	Aque_Aqu2.1.26973-001;Slac_ENSLPGG00000020470	1.8757648248382616e-05	0.005200025809404252							Aque_Aqu2.1.17816-001;Slac_ENSLPGG00000021520	0.004846158259488255	0.008152652185200318	Aque_Aqu2.1.38824-001;Slac_ENSLPGG00000015112	0.0021069493728025235	0.00549930044633956	Aque_Aqu2.1.39916-001;Slac_ENSLPGG00000007568	2.688541540398142e-13	0.006606540174613964																			Scil_g1483;Slac_ENSLPGG00000006271	0.003927101518499479	3.732968551925518e-05																														
			Aque_Aqu2.1.27834-001;Scil_g1929	3.1136744770147465e-05	8.404637095758516e-09	Aque_Aqu2.1.22809-001;Scil_g9784	2.735312110712329e-10	7.443898377019292e-22										Aque_Aqu2.1.32514-001;Slac_ENSLPGG00000018350	4.735783019066314e-08	9.856781704671451e-05													Aque_Aqu2.1.25927-001;Slac_ENSLPGG00000006175	0.0021258234544837508	3.654587147996785e-05										Aque_Aqu2.1.42279-001;Slac_ENSLPGG00000013141	1.1190412037042485e-11	0.001973352561235931				Aque_Aqu2.1.33047-001;Slac_ENSLPGG00000012296	1.344591319154037e-14	0.0063155438099113505				Aque_Aqu2.1.40046-001;Scil_g1853	0.0043278197531680445	0.0002578751479556361										Aque_Aqu2.1.43353-001;Slac_ENSLPGG00000008404	3.8260820266303296e-05	7.970345011737681e-08	Aque_Aqu2.1.25927-001;Slac_ENSLPGG00000006175	3.006102746387663e-11	0.003176804712407504							Aque_Aqu2.1.40827-001;Slac_ENSLPGG00000013093	0.004363203127297335	0.006906605079137889	Aque_Aqu2.1.44245-001;Slac_ENSLPGG00000013337	0.001577587927672461	0.0005019205673132531	Aque_Aqu2.1.33635-001;Slac_ENSLPGG00000012471	0.00010669886911690847	8.124978717659955e-08																			Scil_g1576;Slac_ENSLPGG00000003738	0.0019993669634237494	0.00034248615277834296																														
			Aque_Aqu2.1.41071-001;Scil_g12539	6.710109806428675e-67	7.464386144638261e-11	Aque_Aqu2.1.28078-001;Scil_g4955	6.696460884889418e-10	1.6734184458248347e-07										Aque_Aqu2.1.37748-001;Slac_ENSLPGG00000010195	0.00044414085346194607	7.930255897158772e-108													Aque_Aqu2.1.44140-001;Slac_ENSLPGG00000009116	8.885562534779468e-10	1.3356495854071297e-16										Aque_Aqu2.1.17771-001;Slac_ENSLPGG00000019881	0.0007131963272339168	0.0006855679439890204				Aque_Aqu2.1.33047-001;Slac_ENSLPGG00000015112	1.344591319154037e-14	0.007687888802854135				Aque_Aqu2.1.28223-001;Scil_g8192	1.3844036382592803e-13	1.1319454415633238e-06										Aque_Aqu2.1.25867-001;Slac_ENSLPGG00000000921	0.0002352162877005849	1.3554892344563593e-12	Aque_Aqu2.1.38176-001;Slac_ENSLPGG00000016480	1.7197956842617203e-07	6.154547996877598e-05							Aque_Aqu2.1.22423-001;Slac_ENSLPGG00000000564	0.003331405344316412	0.004869081672198664	Aque_Aqu2.1.38683-001;Slac_ENSLPGG00000013337	0.0026556694445690667	0.0005019205673132531	Aque_Aqu2.1.35253-001;Slac_ENSLPGG00000010273	3.5542328552532075e-13	2.9181703033897673e-09																			Scil_g9674;Slac_ENSLPGG00000015112	0.0052200748129733925	0.0006787822325991016																														
			Aque_Aqu2.1.40744-001;Scil_g9836	0.00520906155360265	7.342271741410701e-11	Aque_Aqu2.1.43688-001;Scil_g3772	4.4253445921185735e-29	5.142580210191075e-06										Aque_Aqu2.1.41072-001;Slac_ENSLPGG00000016003	1.7830501497038112e-11	0.0006088846830005679													Aque_Aqu2.1.33448-001;Slac_ENSLPGG00000009324	0.0009419018553175181	0.0016273209584915234										Aque_Aqu2.1.36076-001;Slac_ENSLPGG00000010506	0.005164206410856717	0.002698921680975058				Aque_Aqu2.1.37895-001;Slac_ENSLPGG00000022031	1.3041098546376117e-11	0.002785844823308992				Aque_Aqu2.1.16567-001;Scil_g8851	3.0155612923613537e-06	5.351413959374844e-05										Aque_Aqu2.1.43365-001;Slac_ENSLPGG00000022615	3.222386889950698e-07	6.345005279382766e-08	Aque_Aqu2.1.17816-001;Slac_ENSLPGG00000006271	0.004846158259488255	3.1018371628481413e-06										Aque_Aqu2.1.17816-001;Slac_ENSLPGG00000019065	0.004846158259488255	0.006927108559854214	Aque_Aqu2.1.34140-001;Slac_ENSLPGG00000019065	1.0121820050408576e-29	4.280743164546749e-06																			Scil_g10843;Slac_ENSLPGG00000008220	3.0258176181810254e-06	3.053105731426932e-24																														
			Aque_Aqu2.1.24541-001;Scil_g13687	2.344168441479099e-143	9.327942964971985e-05	Aque_Aqu2.1.39902-001;Scil_g10245	9.107093425514649e-48	0.00011047709390251427										Aque_Aqu2.1.34878-001;Slac_ENSLPGG00000014668	1.2375873514274677e-13	0.0013743888988443865													Aque_Aqu2.1.38596-001;Slac_ENSLPGG00000027951	0.001542624236740881	0.0013402074915596252										Aque_Aqu2.1.34855-001;Slac_ENSLPGG00000015237	0.006370456502249983	4.544791557062927e-05				Aque_Aqu2.1.28489-001;Slac_ENSLPGG00000009116	4.787491920802856e-09	3.098026050711895e-06				Aque_Aqu2.1.43329-001;Scil_g9827	2.4503123309393326e-14	0.003907050406501273										Aque_Aqu2.1.44139-001;Slac_ENSLPGG00000009453	0.0013345187120564206	3.1604583026530097e-28	Aque_Aqu2.1.37770-001;Slac_ENSLPGG00000007955	0.006518916636731035	0.000460771292544484										Aque_Aqu2.1.37770-001;Slac_ENSLPGG00000007955	0.006518916636731035	0.0002833925610906631	Aque_Aqu2.1.40738-001;Slac_ENSLPGG00000030375	6.218782870818954e-08	0.002058471191555939																			Scil_g3316;Slac_ENSLPGG00000004765	5.418202617826899e-08	1.8540818407031797e-07																														
			Aque_Aqu2.1.43637-001;Scil_g13024	0.0001321362764028887	0.0012145047895266619	Aque_Aqu2.1.44059-001;Scil_g3256	3.328730512336417e-05	1.421562199914897e-32										Aque_Aqu2.1.36553-001;Slac_ENSLPGG00000010866	7.694893633557059e-13	0.0029943151604271924													Aque_Aqu2.1.24548-001;Slac_ENSLPGG00000012140	9.149078712360244e-05	0.0004543176273505883										Aque_Aqu2.1.37895-001;Slac_ENSLPGG00000013283	1.8087908043811806e-10	0.00605935643426796				Aque_Aqu2.1.37895-001;Slac_ENSLPGG00000013283	1.3041098546376117e-11	0.00605935643426796				Aque_Aqu2.1.34140-001;Scil_g5780	1.0121820050408576e-29	3.2348683259580126e-27										Aque_Aqu2.1.35253-001;Slac_ENSLPGG00000010273	3.5542328552532075e-13	1.6978492039766335e-05	Aque_Aqu2.1.29979-001;Slac_ENSLPGG00000004765	0.005096289705461217	5.6238260485352485e-05										Aque_Aqu2.1.36606-001;Slac_ENSLPGG00000022031	6.429704257152719e-05	0.009696082349253645	Aque_Aqu2.1.37486-001;Slac_ENSLPGG00000008996	5.791765336917085e-10	0.00012714480608127604																			Scil_g10276;Slac_ENSLPGG00000005266	4.6133345067060585e-05	0.0018611105705646116																														
			Aque_Aqu2.1.27809-001;Scil_g4134	2.3643424405959376e-49	0.0005330167622004079	Aque_Aqu2.1.17720-001;Scil_g9859	5.2343005289144623e-14	6.901739288223604e-05										Aque_Aqu2.1.16620-001;Slac_ENSLPGG00000013974	5.117152723494208e-38	0.00407914189268744													Aque_Aqu2.1.17816-001;Slac_ENSLPGG00000006271	0.009367143325851741	0.00010329686300105768										Aque_Aqu2.1.40738-001;Slac_ENSLPGG00000007322	6.422305685693903e-13	6.036657345734564e-05				Aque_Aqu2.1.19903-001;Slac_ENSLPGG00000026963	9.575674530932877e-10	0.006800001343326557				Aque_Aqu2.1.28659-001;Scil_g8560	1.5273531139362444e-12	4.14937919839286e-06										Aque_Aqu2.1.39703-001;Slac_ENSLPGG00000021186	0.0003983784087831898	2.1966675747781014e-45	Aque_Aqu2.1.39774-001;Slac_ENSLPGG00000002720	4.144077243426737e-05	0.003850984221015657										Aque_Aqu2.1.42046-001;Slac_ENSLPGG00000028356	0.0050829425919056755	0.008073199099584266	Aque_Aqu2.1.29862-001;Slac_ENSLPGG00000025832	1.5187831121386648e-33	1.5416150032010595e-05																			Scil_g10843;Slac_ENSLPGG00000010973	3.0258176181810254e-06	0.0015368510063786963																														
			Aque_Aqu2.1.41943-001;Scil_g10339	1.0016906815678531e-30	0.004252384725326189	Aque_Aqu2.1.41587-001;Scil_g1638	6.284211007424334e-22	1.19535896766409e-19										Aque_Aqu2.1.20046-001;Slac_ENSLPGG00000009756	4.1919986784620565e-08	1.0854540543354014e-05													Aque_Aqu2.1.42743-001;Slac_ENSLPGG00000008651	0.006174926946827125	0.005741617324088482										Aque_Aqu2.1.41482-001;Slac_ENSLPGG00000019065	4.6297900363399465e-06	7.25760385061524e-06				Aque_Aqu2.1.34274-001;Slac_ENSLPGG00000028356	0.00038915923158164457	2.097030126413491e-05				Aque_Aqu2.1.43522-001;Scil_g11081	4.691283312429145e-13	1.0006261628521908e-06										Aque_Aqu2.1.25769-001;Slac_ENSLPGG00000008220	3.2643039449818794e-11	3.053105731426932e-24	Aque_Aqu2.1.25867-001;Slac_ENSLPGG00000012471	0.0002352162877005849	0.00020102428853856525										Aque_Aqu2.1.22423-001;Slac_ENSLPGG00000022557	0.003331405344316412	0.007685700758476869	Aque_Aqu2.1.41482-001;Slac_ENSLPGG00000001139	2.257130122823816e-08	4.69500827060743e-21																																																			
			Aque_Aqu2.1.34847-001;Scil_g10889	8.200135037235447e-06	1.816062604511375e-05	Aque_Aqu2.1.41935-001;Scil_g10245	5.591333443268466e-36	0.00011047709390251427										Aque_Aqu2.1.40651-001;Slac_ENSLPGG00000004266	0.0014029469417940314	2.2064444587210343e-33													Aque_Aqu2.1.38687-001;Slac_ENSLPGG00000023112	0.0012331680164132607	1.2280498929779551e-08										Aque_Aqu2.1.42693-001;Slac_ENSLPGG00000012471	0.009867365457725135	1.2256378781761784e-09				Aque_Aqu2.1.43980-001;Slac_ENSLPGG00000027245	0.009290738953083176	0.0001049131725186592				Aque_Aqu2.1.25769-001;Scil_g428	3.2643039449818794e-11	3.53638816872691e-50										Aque_Aqu2.1.26973-001;Slac_ENSLPGG00000000921	1.8757648248382616e-05	1.3554892344563593e-12	Aque_Aqu2.1.39703-001;Slac_ENSLPGG00000021186	0.0003983784087831898	1.5866616825505543e-23										Aque_Aqu2.1.37770-001;Slac_ENSLPGG00000015655	0.006518916636731035	0.002695603985851316	Aque_Aqu2.1.34140-001;Slac_ENSLPGG00000006271	1.0121820050408576e-29	9.73403041830119e-05																																																			
			Aque_Aqu2.1.37818-001;Scil_g13687	1.1042169105070999e-65	9.327942964971985e-05	Aque_Aqu2.1.27294-001;Scil_g3772	6.379913106281972e-32	5.142580210191075e-06										Aque_Aqu2.1.37774-001;Slac_ENSLPGG00000012945	1.1664395148299226e-05	2.3190635250413133e-06													Aque_Aqu2.1.23414-001;Slac_ENSLPGG00000002095	1.6439830959473454e-05	0.00728813826456845										Aque_Aqu2.1.35998-001;Slac_ENSLPGG00000023112	6.231082991345739e-05	0.0003324703807620784				Aque_Aqu2.1.23389-001;Slac_ENSLPGG00000015888	1.181117757917774e-23	0.0006916594577877405				Aque_Aqu2.1.43674-001;Scil_g5780	4.20083387372124e-06	3.2348683259580126e-27										Aque_Aqu2.1.41520-001;Slac_ENSLPGG00000020178	4.988517977277189e-10	0.0007400756194867412	Aque_Aqu2.1.35197-001;Slac_ENSLPGG00000023608	1.2879642783987652e-05	0.003031234032842293										Aque_Aqu2.1.42693-001;Slac_ENSLPGG00000015112	0.0018360592641156288	0.00549930044633956	Aque_Aqu2.1.37486-001;Slac_ENSLPGG00000022557	5.791765336917085e-10	0.0006017082364898932																																																			
			Aque_Aqu2.1.37477-001;Scil_g6529	2.374194499162537e-23	8.190357430911236e-07	Aque_Aqu2.1.43688-001;Scil_g9270	4.4253445921185735e-29	1.0728702843068072e-05										Aque_Aqu2.1.33543-001;Slac_ENSLPGG00000028631	3.338337069377686e-35	2.8231962828041818e-11													Aque_Aqu2.1.27287-001;Slac_ENSLPGG00000013677	7.155791969652081e-07	0.004489537272307406										Aque_Aqu2.1.23690-001;Slac_ENSLPGG00000015631	0.0006620997331936333	8.896789141331552e-11				Aque_Aqu2.1.38596-001;Slac_ENSLPGG00000006266	4.915425379001228e-11	0.003619518626652102				Aque_Aqu2.1.23371-001;Scil_g9815	2.814354895128478e-35	3.979340550056759e-15										Aque_Aqu2.1.37407-001;Slac_ENSLPGG00000020178	5.959310045388851e-09	0.0007400756194867412	Aque_Aqu2.1.39703-001;Slac_ENSLPGG00000008996	0.0003983784087831898	2.383566135459776e-06										Aque_Aqu2.1.24796-001;Slac_ENSLPGG00000028356	0.003967307296319479	0.008073199099584266	Aque_Aqu2.1.35253-001;Slac_ENSLPGG00000012471	3.5542328552532075e-13	8.124978717659955e-08																																																			
			Aque_Aqu2.1.34860-001;Scil_g12463	1.2852695968093314e-58	0.00017072349184061117	Aque_Aqu2.1.29099-001;Scil_g10192	0.00020858608906216777	3.3146068940294664e-07										Aque_Aqu2.1.43252-001;Slac_ENSLPGG00000027461	1.8158085484756658e-38	0.001999702559251324													Aque_Aqu2.1.38596-001;Slac_ENSLPGG00000006266	0.001542624236740881	0.0004520465282776991										Aque_Aqu2.1.27627-001;Slac_ENSLPGG00000019930	0.00010573484547607106	0.004965012481475406				Aque_Aqu2.1.39761-001;Slac_ENSLPGG00000028345	0.00010091318994910643	0.0003933860879960206				Aque_Aqu2.1.23692-001;Scil_g2312	1.2841772084763492e-19	0.00047418108694509317										Aque_Aqu2.1.35253-001;Slac_ENSLPGG00000026948	3.5542328552532075e-13	0.005553210951833313	Aque_Aqu2.1.25867-001;Slac_ENSLPGG00000020470	0.0002352162877005849	0.005200025809404252										Aque_Aqu2.1.41049-001;Slac_ENSLPGG00000012055	0.007200126607303983	0.000889129280263582	Aque_Aqu2.1.38524-001;Slac_ENSLPGG00000025842	9.419406752082244e-11	0.0011121119220709032																																																			
			Aque_Aqu2.1.43558-001;Scil_g11587	3.1472571512040617e-06	4.192068481728588e-05	Aque_Aqu2.1.21084-001;Scil_g9931	5.175422506174251e-16	4.5680576886093536e-20										Aque_Aqu2.1.24985-001;Slac_ENSLPGG00000016003	1.6706084117909457e-19	0.0006088846830005679													Aque_Aqu2.1.38608-001;Slac_ENSLPGG00000021750	0.002152172874021064	0.0022021087756227053										Aque_Aqu2.1.44196-001;Slac_ENSLPGG00000010506	0.0020109440133226236	0.002698921680975058				Aque_Aqu2.1.27832-001;Slac_ENSLPGG00000017427	5.884935948591738e-05	0.0037065549147303695				Aque_Aqu2.1.36606-001;Scil_g8183	6.429704257152719e-05	7.136238196514838e-05										Aque_Aqu2.1.17699-001;Slac_ENSLPGG00000011232	7.412677515333677e-05	0.006555123624105082	Aque_Aqu2.1.40905-001;Slac_ENSLPGG00000014308	2.293128987599471e-12	7.002579546961971e-06													Aque_Aqu2.1.43986-001;Slac_ENSLPGG00000002394	8.331396457690566e-05	5.007210728751153e-45																																																			
			Aque_Aqu2.1.29482-001;Scil_g8524	0.006815611909410816	9.371162070713908e-07	Aque_Aqu2.1.20046-001;Scil_g8220	1.893146120459131e-08	2.096881178298641e-07										Aque_Aqu2.1.27249-001;Slac_ENSLPGG00000006881	0.007293080990685721	4.2842379072043594e-10													Aque_Aqu2.1.44104-001;Slac_ENSLPGG00000013804	0.004676700161059421	0.00037271070414575906										Aque_Aqu2.1.07288-001;Slac_ENSLPGG00000017935	0.0003153131800253428	0.007641587714202316				Aque_Aqu2.1.38808-001;Slac_ENSLPGG00000013616	0.00027962362973158996	0.0002948825463242736				Aque_Aqu2.1.43637-001;Scil_g13000	8.152574204947499e-32	0.0002401013157304926										Aque_Aqu2.1.41482-001;Slac_ENSLPGG00000006271	2.257130122823816e-08	3.732968551925518e-05	Aque_Aqu2.1.28453-001;Slac_ENSLPGG00000026946	1.0394247470338174e-05	0.0030641082345340387													Aque_Aqu2.1.33443-001;Slac_ENSLPGG00000007525	4.986367745258103e-05	2.4280532106859597e-36																																																			
			Aque_Aqu2.1.20046-001;Scil_g8220	1.893146120459131e-08	0.002463770589505183	Aque_Aqu2.1.34889-001;Scil_g928	5.140233485381033e-67	5.0124596114756874e-11										Aque_Aqu2.1.37713-001;Slac_ENSLPGG00000008029	3.456219699031208e-07	1.9591747644827683e-05													Aque_Aqu2.1.39703-001;Slac_ENSLPGG00000021186	8.926042219776161e-05	5.034074710478306e-19										Aque_Aqu2.1.29918-001;Slac_ENSLPGG00000017733	0.0028807723158949684	0.002669192513835785				Aque_Aqu2.1.20517-001;Slac_ENSLPGG00000000696	0.00796912409351406	5.830310343059631e-06				Aque_Aqu2.1.39916-001;Scil_g9827	2.688541540398142e-13	0.003907050406501273										Aque_Aqu2.1.41065-001;Slac_ENSLPGG00000020178	0.002433444354028677	0.0007400756194867412	Aque_Aqu2.1.44139-001;Slac_ENSLPGG00000009116	0.0013345187120564206	0.0002502781468967871													Aque_Aqu2.1.30867-001;Slac_ENSLPGG00000019065	1.3309245062395783e-20	4.280743164546749e-06																																																			
			Aque_Aqu2.1.37523-001;Scil_g1193	3.9180182185913873e-07	0.007926370588719185	Aque_Aqu2.1.41587-001;Scil_g8311	6.284211007424334e-22	9.440630961312128e-07										Aque_Aqu2.1.29134-001;Slac_ENSLPGG00000013280	0.0026222191404020882	7.744649516911297e-09													Aque_Aqu2.1.34441-001;Slac_ENSLPGG00000025832	0.0034208755669669134	6.706170504501269e-07										Aque_Aqu2.1.33049-001;Slac_ENSLPGG00000013461	0.0018092674105786527	9.882239640916073e-09				Aque_Aqu2.1.11170-001;Slac_ENSLPGG00000017935	6.638703732775192e-08	0.007641587714202316				Aque_Aqu2.1.40738-001;Scil_g2018	6.218782870818954e-08	3.0609869963813252e-15										Aque_Aqu2.1.22423-001;Slac_ENSLPGG00000008996	0.003331405344316412	5.146308428844976e-15	Aque_Aqu2.1.38824-001;Slac_ENSLPGG00000012471	0.0021069493728025235	0.00020102428853856525													Aque_Aqu2.1.28497-001;Slac_ENSLPGG00000011327	6.265744639493593e-06	0.002660359306382542																																																			
			Aque_Aqu2.1.29482-001;Scil_g9453	0.006815611909410816	1.8664571932202462e-13	Aque_Aqu2.1.27294-001;Scil_g9270	6.379913106281972e-32	1.0728702843068072e-05										Aque_Aqu2.1.32713-001;Slac_ENSLPGG00000008029	7.514791524635885e-08	1.9591747644827683e-05													Aque_Aqu2.1.39703-001;Slac_ENSLPGG00000008996	8.926042219776161e-05	1.5171894313138206e-05										Aque_Aqu2.1.40738-001;Slac_ENSLPGG00000014205	6.422305685693903e-13	0.00040475230431505745				Aque_Aqu2.1.29918-001;Slac_ENSLPGG00000017733	0.00024658544383960945	0.002669192513835785				Aque_Aqu2.1.44243-001;Scil_g6182	2.5819489532558422e-23	0.0005505499915034545										Aque_Aqu2.1.42693-001;Slac_ENSLPGG00000026194	0.0018360592641156288	1.969891307800923e-05	Aque_Aqu2.1.28316-001;Slac_ENSLPGG00000002720	0.007704087900764999	0.003850984221015657													Aque_Aqu2.1.42762-001;Slac_ENSLPGG00000002171	1.0081478109652569e-17	8.519815430634142e-07																																																			
			Aque_Aqu2.1.33340-001;Scil_g13437	6.349000344298511e-10	0.007131965289505687	Aque_Aqu2.1.38366-001;Scil_g9839	8.476009201277581e-19	1.1355828495615424e-07										Aque_Aqu2.1.41366-001;Slac_ENSLPGG00000028262	1.268825798008428e-07	0.00019478313766511468													Aque_Aqu2.1.29899-001;Slac_ENSLPGG00000003184	0.0019524998137374573	0.001403641674023249										Aque_Aqu2.1.41459-001;Slac_ENSLPGG00000017935	1.5794802762380623e-08	0.007641587714202316				Aque_Aqu2.1.22984-001;Slac_ENSLPGG00000003607	0.0015195175494377914	0.0006073337372162127				Aque_Aqu2.1.41892-001;Scil_g8192	5.2142493076430264e-14	1.1319454415633238e-06										Aque_Aqu2.1.40721-001;Slac_ENSLPGG00000007294	0.0002207593425700575	1.76671843861446e-14	Aque_Aqu2.1.38824-001;Slac_ENSLPGG00000020470	0.0021069493728025235	0.005200025809404252													Aque_Aqu2.1.43674-001;Slac_ENSLPGG00000003645	4.20083387372124e-06	6.4337355297277255e-09																																																			
			Aque_Aqu2.1.06909-001;Scil_g5906	0.0010587694104038895	6.933082976977549e-20	Aque_Aqu2.1.33950-001;Scil_g10245	2.1143479916429974e-48	0.00011047709390251427										Aque_Aqu2.1.32514-001;Slac_ENSLPGG00000014668	4.735783019066314e-08	0.0013743888988443865													Aque_Aqu2.1.30070-001;Slac_ENSLPGG00000017733	1.081345875323221e-06	0.00868834857877882										Aque_Aqu2.1.26984-001;Slac_ENSLPGG00000000391	0.009934338415239106	0.0006129685157230427				Aque_Aqu2.1.44676-001;Slac_ENSLPGG00000011839	0.0015947909906532027	1.131525749686441e-05				Aque_Aqu2.1.31551-001;Scil_g5780	0.0004550419940629617	3.2348683259580126e-27										Aque_Aqu2.1.40738-001;Slac_ENSLPGG00000012981	6.218782870818954e-08	3.9501074952680824e-13	Aque_Aqu2.1.43959-001;Slac_ENSLPGG00000002720	0.004273556452371094	0.003850984221015657													Aque_Aqu2.1.33622-001;Slac_ENSLPGG00000022031	1.708447263117159e-16	0.00010266030155833447																																																			
			Aque_Aqu2.1.23856-001;Scil_g6535	9.038754178536685e-06	0.001213170416891452	Aque_Aqu2.1.24985-001;Scil_g9168	2.648227574502731e-19	3.0757614539671e-26										Aque_Aqu2.1.37477-001;Slac_ENSLPGG00000000542	8.43139959061345e-15	0.008578615217588528													Aque_Aqu2.1.43353-001;Slac_ENSLPGG00000008404	0.0009101416768829036	0.006904337093626863										Aque_Aqu2.1.37895-001;Slac_ENSLPGG00000022031	1.8087908043811806e-10	0.002785844823308992				Aque_Aqu2.1.36637-001;Slac_ENSLPGG00000006266	5.3289207745529136e-06	0.003619518626652102				Aque_Aqu2.1.30867-001;Scil_g5780	1.3309245062395783e-20	3.2348683259580126e-27										Aque_Aqu2.1.29098-001;Slac_ENSLPGG00000015099	0.0022163606697167436	1.2070220763616555e-10	Aque_Aqu2.1.20046-001;Slac_ENSLPGG00000010168	0.00911986550103098	0.009745588431718704													Aque_Aqu2.1.40721-001;Slac_ENSLPGG00000007294	0.0002207593425700575	7.821178948085543e-16																																																			
			Aque_Aqu2.1.11387-001;Scil_g8105	0.00015458593629202684	0.0018004890810924788	Aque_Aqu2.1.29389-001;Scil_g2525	6.434706818958723e-15	1.4710177588142786e-06										Aque_Aqu2.1.38167-001;Slac_ENSLPGG00000007508	6.788803310502108e-05	8.829853899006733e-08													Aque_Aqu2.1.39987-001;Slac_ENSLPGG00000021479	0.003415456023007157	0.003708908431597192										Aque_Aqu2.1.33047-001;Slac_ENSLPGG00000020470	0.0010141202311665274	3.423487626718001e-05				Aque_Aqu2.1.13800-001;Slac_ENSLPGG00000009267	0.0018692337907015642	0.008176142790586937				Aque_Aqu2.1.42762-001;Scil_g2756	1.0081478109652569e-17	5.95074074397426e-10										Aque_Aqu2.1.42077-001;Slac_ENSLPGG00000024184	2.5024776515125946e-13	1.806728932316378e-05	Aque_Aqu2.1.42560-001;Slac_ENSLPGG00000015465	0.0008809471089720678	0.007944217172174807													Aque_Aqu2.1.30867-001;Slac_ENSLPGG00000006271	1.3309245062395783e-20	9.73403041830119e-05																																																			
			Aque_Aqu2.1.42546-001;Scil_g6498	3.5093384982538397e-07	0.00010925434662925357	Aque_Aqu2.1.44221-001;Scil_g6803	2.4142643864291954e-16	1.637518856054707e-10										Aque_Aqu2.1.37774-001;Slac_ENSLPGG00000009756	1.1664395148299226e-05	1.0854540543354014e-05													Aque_Aqu2.1.31586-001;Slac_ENSLPGG00000015099	0.0003103108205526201	8.28668605995311e-06										Aque_Aqu2.1.43365-001;Slac_ENSLPGG00000022615	0.002598528455239392	3.2080116570475125e-06				Aque_Aqu2.1.27832-001;Slac_ENSLPGG00000012296	5.884935948591738e-05	0.0063155438099113505				Aque_Aqu2.1.19251-001;Scil_g3142	0.0002787234957560977	0.00011417929269461546										Aque_Aqu2.1.36574-001;Slac_ENSLPGG00000019859	0.0004940940652812278	0.0011397536544584786	Aque_Aqu2.1.25769-001;Slac_ENSLPGG00000008220	3.2643039449818794e-11	0.0008756707499995294													Aque_Aqu2.1.39672-001;Slac_ENSLPGG00000022031	1.7219934783810546e-24	0.00010266030155833447																																																			
			Aque_Aqu2.1.32514-001;Scil_g8105	0.00026784013402817586	0.0018004890810924788	Aque_Aqu2.1.28488-001;Scil_g9850	4.308080784192572e-08	6.504638948334815e-10										Aque_Aqu2.1.37713-001;Slac_ENSLPGG00000023020	3.456219699031208e-07	0.00016233266302729288													Aque_Aqu2.1.43551-001;Slac_ENSLPGG00000007525	0.0005635633996396587	3.5619051390972777e-23										Aque_Aqu2.1.33047-001;Slac_ENSLPGG00000012471	0.0010141202311665274	1.2256378781761784e-09				Aque_Aqu2.1.27832-001;Slac_ENSLPGG00000015112	5.884935948591738e-05	0.007687888802854135				Aque_Aqu2.1.28295-001;Scil_g5710	6.833508282525727e-08	0.00016162834630923756										Aque_Aqu2.1.35253-001;Slac_ENSLPGG00000015112	3.5542328552532075e-13	0.0006787822325991016	Aque_Aqu2.1.43967-001;Slac_ENSLPGG00000012713	0.0024218343419702515	0.006446863522926191													Aque_Aqu2.1.33622-001;Slac_ENSLPGG00000016891	1.708447263117159e-16	0.0031309119165275016																																																			
			Aque_Aqu2.1.20295-001;Scil_g8187	0.0001795255504142727	0.0026024483794617813	Aque_Aqu2.1.34374-001;Scil_g835	1.4390603500282076e-48	0.0002013934488913043										Aque_Aqu2.1.14418-001;Slac_ENSLPGG00000014178	1.1042288126349868e-07	0.006744188278011219													Aque_Aqu2.1.34441-001;Slac_ENSLPGG00000021750	0.0034208755669669134	0.0022021087756227053										Aque_Aqu2.1.42693-001;Slac_ENSLPGG00000017427	0.009867365457725135	0.0037065549147303695				Aque_Aqu2.1.43551-001;Slac_ENSLPGG00000011839	1.0046936470645059e-10	1.131525749686441e-05				Aque_Aqu2.1.42770-001;Scil_g3808	3.5810184203344485e-32	7.265130735552124e-08										Aque_Aqu2.1.17816-001;Slac_ENSLPGG00000019065	0.004846158259488255	3.613082416273542e-08	Aque_Aqu2.1.42693-001;Slac_ENSLPGG00000012471	0.0018360592641156288	0.00020102428853856525													Aque_Aqu2.1.39672-001;Slac_ENSLPGG00000016891	1.7219934783810546e-24	0.0031309119165275016																																																			
			Aque_Aqu2.1.37888-001;Scil_g8220	1.1074993725506151e-05	0.002463770589505183	Aque_Aqu2.1.41558-001;Scil_g11681	2.2997657677965656e-08	5.337022604493631e-10										Aque_Aqu2.1.35141-001;Slac_ENSLPGG00000023162	0.00016139299238626347	4.8549444338067336e-08													Aque_Aqu2.1.43551-001;Slac_ENSLPGG00000011839	0.0005635633996396587	3.187901163744036e-05										Aque_Aqu2.1.20511-001;Slac_ENSLPGG00000016836	1.5644696087407903e-10	5.186576302702321e-08				Aque_Aqu2.1.25933-001;Slac_ENSLPGG00000004364	0.00349277941307751	0.0072277208934833324				Aque_Aqu2.1.28497-001;Scil_g5104	6.265744639493593e-06	1.3385190593660316e-11										Aque_Aqu2.1.22423-001;Slac_ENSLPGG00000021186	0.003331405344316412	2.1966675747781014e-45	Aque_Aqu2.1.17816-001;Slac_ENSLPGG00000019065	0.004846158259488255	0.002143493550466423													Aque_Aqu2.1.33536-001;Slac_ENSLPGG00000026185	0.007328848895594257	8.207183936855886e-05																																																			
			Aque_Aqu2.1.27219-001;Scil_g478	0.0010312056246895862	0.009806967033328416	Aque_Aqu2.1.24985-001;Scil_g6427	2.648227574502731e-19	0.0008973441994715417										Aque_Aqu2.1.20046-001;Slac_ENSLPGG00000016003	4.1919986784620565e-08	0.0006088846830005679																									Aque_Aqu2.1.37101-001;Slac_ENSLPGG00000015112	6.194430517240804e-07	0.007687888802854135				Aque_Aqu2.1.26609-001;Slac_ENSLPGG00000002953	0.00941527972294942	0.0008670845443013531				Aque_Aqu2.1.41619-001;Scil_g9886	0.0001135500444194301	0.00218801344218696										Aque_Aqu2.1.26544-001;Slac_ENSLPGG00000008885	4.919226733692524e-08	0.0008636403966528122	Aque_Aqu2.1.41049-001;Slac_ENSLPGG00000015888	0.007200126607303983	5.421831364350314e-05													Aque_Aqu2.1.33622-001;Slac_ENSLPGG00000021127	1.708447263117159e-16	0.00037730423206785676																																																			
			Aque_Aqu2.1.33571-001;Scil_g6869	0.0023166966783545063	2.7769228398367203e-06	Aque_Aqu2.1.37574-001;Scil_g2525	2.5048026577623928e-15	1.4710177588142786e-06										Aque_Aqu2.1.29099-001;Slac_ENSLPGG00000013725	0.000133257859188486	0.0035090973353952976																									Aque_Aqu2.1.42077-001;Slac_ENSLPGG00000024184	1.4577763006587152e-41	0.0017026938288687038				Aque_Aqu2.1.30110-001;Slac_ENSLPGG00000017935	0.0009398165192983804	0.007641587714202316				Aque_Aqu2.1.23692-001;Scil_g9674	1.2841772084763492e-19	0.0052200748129733925										Aque_Aqu2.1.29899-001;Slac_ENSLPGG00000003184	0.0007872687199082818	5.435635391302434e-06																Aque_Aqu2.1.32559-001;Slac_ENSLPGG00000020504	0.0011159041547785943	0.0006301460132175903																																																			
			Aque_Aqu2.1.39232-001;Scil_g11100	0.0008790342511167446	5.437023983119818e-08	Aque_Aqu2.1.43688-001;Scil_g10245	4.4253445921185735e-29	0.00011047709390251427										Aque_Aqu2.1.36579-001;Slac_ENSLPGG00000013974	2.7181831547122596e-07	0.00407914189268744																									Aque_Aqu2.1.37598-001;Slac_ENSLPGG00000028356	0.0005995916502395086	2.097030126413491e-05				Aque_Aqu2.1.19922-001;Slac_ENSLPGG00000015888	1.1973175788444056e-06	0.0006916594577877405				Aque_Aqu2.1.29899-001;Scil_g7928	0.0007872687199082818	0.000963308868705165										Aque_Aqu2.1.44139-001;Slac_ENSLPGG00000009116	0.0013345187120564206	6.14592868531139e-18																Aque_Aqu2.1.39672-001;Slac_ENSLPGG00000021127	1.7219934783810546e-24	0.00037730423206785676																																																			
			Aque_Aqu2.1.43637-001;Scil_g13026	0.0001321362764028887	0.004697348678915856	Aque_Aqu2.1.18089-001;Scil_g2233	2.3222255630625573e-12	0.00035254857723930345										Aque_Aqu2.1.28093-001;Slac_ENSLPGG00000004444	1.6592015589101466e-07	0.003529296821289744																									Aque_Aqu2.1.32726-001;Slac_ENSLPGG00000028356	0.00022197679807694346	2.097030126413491e-05				Aque_Aqu2.1.44676-001;Slac_ENSLPGG00000018987	0.0015947909906532027	0.00254613796527854				Aque_Aqu2.1.28495-001;Scil_g4190	4.458325986516477e-24	1.5598195515222541e-10										Aque_Aqu2.1.33635-001;Slac_ENSLPGG00000010273	0.00010669886911690847	1.6978492039766335e-05																Aque_Aqu2.1.25867-001;Slac_ENSLPGG00000010273	0.0002352162877005849	2.9181703033897673e-09																																																			
			Aque_Aqu2.1.29497-001;Scil_g208	1.613969228591092e-36	0.0006868538957636951	Aque_Aqu2.1.37477-001;Scil_g6529	2.374194499162537e-23	5.239194715953529e-16										Aque_Aqu2.1.21265-001;Slac_ENSLPGG00000020778	2.610457360067352e-07	0.00013705082526397394																									Aque_Aqu2.1.23389-001;Slac_ENSLPGG00000015888	4.895083367936573e-18	0.0006916594577877405				Aque_Aqu2.1.43551-001;Slac_ENSLPGG00000018987	1.0046936470645059e-10	0.00254613796527854				Aque_Aqu2.1.31379-001;Scil_g13734	3.461111847443033e-18	0.002733827425355632										Aque_Aqu2.1.33635-001;Slac_ENSLPGG00000026948	0.00010669886911690847	0.005553210951833313																Aque_Aqu2.1.41030-001;Slac_ENSLPGG00000009795	1.2780145784191498e-09	4.3914123694627336e-08																																																			
			Aque_Aqu2.1.35102-001;Scil_g13155	1.0235518336439858e-13	0.0030345362243314154	Aque_Aqu2.1.27294-001;Scil_g10245	6.379913106281972e-32	0.00011047709390251427										Aque_Aqu2.1.33572-001;Slac_ENSLPGG00000024781	0.00021610473808980914	2.0934226994576584e-08																									Aque_Aqu2.1.41999-001;Slac_ENSLPGG00000006077	0.006402651578408729	0.00010727391058043278										Aque_Aqu2.1.34140-001;Scil_g11222	1.0121820050408576e-29	1.1918429997624423e-07										Aque_Aqu2.1.43267-001;Slac_ENSLPGG00000025032	3.1038449995845004e-09	0.0048544539686617314																Aque_Aqu2.1.42203-001;Slac_ENSLPGG00000021186	0.00045457418849529025	3.5927119594215055e-24																																																			
			Aque_Aqu2.1.29099-001;Scil_g10191	0.00020858608906216777	0.0075680159656433465	Aque_Aqu2.1.38560-001;Scil_g10147	0.0005664191760605996	5.154762659728802e-11										Aque_Aqu2.1.40941-001;Slac_ENSLPGG00000012410	9.353148542473022e-08	0.0037797027064786033																									Aque_Aqu2.1.25933-001;Slac_ENSLPGG00000004364	7.69935697219898e-05	0.0072277208934833324										Aque_Aqu2.1.25867-001;Scil_g10960	0.0002352162877005849	1.7814275668616436e-13										Aque_Aqu2.1.35197-001;Slac_ENSLPGG00000023608	1.2879642783987652e-05	0.0002772107857814212																Aque_Aqu2.1.29861-001;Slac_ENSLPGG00000007568	2.7802180224950214e-12	0.006606540174613964																																																			
			Aque_Aqu2.1.40905-001;Scil_g208	9.527533673684782e-19	0.0006868538957636951	Aque_Aqu2.1.20046-001;Scil_g6427	1.893146120459131e-08	0.0008973441994715417										Aque_Aqu2.1.23414-001;Slac_ENSLPGG00000009214	0.0055709991675041	0.00044988538181170993																									Aque_Aqu2.1.38358-001;Slac_ENSLPGG00000027245	7.327555591269387e-05	0.0001049131725186592										Aque_Aqu2.1.16567-001;Scil_g10669	3.0155612923613537e-06	0.003749453953567109										Aque_Aqu2.1.41098-001;Slac_ENSLPGG00000019900	0.007831012499676007	0.008330418155149743																Aque_Aqu2.1.33629-001;Slac_ENSLPGG00000026185	0.009336944773511264	8.207183936855886e-05																																																			
			Aque_Aqu2.1.33342-001;Scil_g13437	2.6303870069177034e-05	0.007131965289505687	Aque_Aqu2.1.36479-001;Scil_g9859	2.2918316857577615e-10	6.901739288223604e-05										Aque_Aqu2.1.37974-001;Slac_ENSLPGG00000013980	3.1695571352348735e-06	0.0001226268084717703																									Aque_Aqu2.1.36076-001;Slac_ENSLPGG00000013283	0.005164206410856717	0.00605935643426796										Aque_Aqu2.1.38560-001;Scil_g1514	1.0497286366750963e-20	4.925875360990495e-06										Aque_Aqu2.1.43267-001;Slac_ENSLPGG00000023417	3.1038449995845004e-09	0.0020866515349768724																Aque_Aqu2.1.33635-001;Slac_ENSLPGG00000015112	0.00010669886911690847	6.110427182401843e-06																																																			
			Aque_Aqu2.1.33607-001;Scil_g8105	0.009804471469836694	0.0018004890810924788	Aque_Aqu2.1.36553-001;Scil_g4896	7.519750924837044e-19	2.8423238687149264e-06										Aque_Aqu2.1.27249-001;Slac_ENSLPGG00000018350	0.007293080990685721	9.856781704671451e-05																									Aque_Aqu2.1.42631-001;Slac_ENSLPGG00000021750	0.00021754116331870318	0.007143211701726101										Aque_Aqu2.1.20506-001;Scil_g3600	1.6399152386188063e-05	3.346928119241342e-05										Aque_Aqu2.1.41692-001;Slac_ENSLPGG00000028225	0.0001319903308633703	4.421597973650588e-05																Aque_Aqu2.1.22812-001;Slac_ENSLPGG00000020504	0.0030811825076777575	0.0006301460132175903																																																			
			Aque_Aqu2.1.22907-001;Scil_g8187	0.006919167846943937	0.0026024483794617813	Aque_Aqu2.1.33740-001;Scil_g9493	1.0543340401031923e-102	1.2641518904156864e-10										Aque_Aqu2.1.37774-001;Slac_ENSLPGG00000011679	1.1664395148299226e-05	0.0005453822821599694																									Aque_Aqu2.1.34855-001;Slac_ENSLPGG00000009214	0.006370456502249983	4.3702486611694656e-11										Aque_Aqu2.1.17816-001;Scil_g2667	0.004846158259488255	1.213546492040107e-09										Aque_Aqu2.1.33635-001;Slac_ENSLPGG00000015112	0.00010669886911690847	0.0006787822325991016																Aque_Aqu2.1.36578-001;Slac_ENSLPGG00000011207	5.891129462767358e-17	1.650111166901404e-05																																																			
			Aque_Aqu2.1.04179-001;Scil_g4134	0.003868760252328018	0.0005330167622004079	Aque_Aqu2.1.11387-001;Scil_g8105	0.00015458593629202684	1.062772877784191e-07										Aque_Aqu2.1.22703-001;Slac_ENSLPGG00000014668	4.3120961520581966e-05	0.0013743888988443865																									Aque_Aqu2.1.21828-001;Slac_ENSLPGG00000020173	0.0036240552202032933	0.0010613881201389775										Aque_Aqu2.1.26978-001;Scil_g458	0.0002894306745381625	7.089012749431077e-08										Aque_Aqu2.1.38683-001;Slac_ENSLPGG00000013337	0.0026556694445690667	2.325171919806384e-05																Aque_Aqu2.1.35781-001;Slac_ENSLPGG00000007429	0.0016572738315866653	1.4497953333836968e-05																																																			
			Aque_Aqu2.1.38735-001;Scil_g283	3.575419685973744e-06	0.005281393271050389	Aque_Aqu2.1.33574-001;Scil_g5971	1.1841602777534483e-14	7.071972605245148e-16										Aque_Aqu2.1.37748-001;Slac_ENSLPGG00000013980	0.00044414085346194607	0.0001226268084717703																									Aque_Aqu2.1.26609-001;Slac_ENSLPGG00000002953	0.0009397664730976341	0.0008670845443013531										Aque_Aqu2.1.39919-001;Scil_g2615	2.486254135103664e-07	8.659425700052678e-51										Aque_Aqu2.1.25867-001;Slac_ENSLPGG00000010273	0.0002352162877005849	1.6978492039766335e-05																Aque_Aqu2.1.42046-001;Slac_ENSLPGG00000028356	0.0050829425919056755	3.148644495988388e-07																																																			
						Aque_Aqu2.1.38366-001;Scil_g3772	8.476009201277581e-19	5.142580210191075e-06										Aque_Aqu2.1.43575-001;Slac_ENSLPGG00000029176	5.353997688016468e-05	0.003214211024757422																									Aque_Aqu2.1.42693-001;Slac_ENSLPGG00000015112	0.009867365457725135	0.007687888802854135										Aque_Aqu2.1.27224-001;Scil_g2125	5.542768429070787e-13	1.1882064584054088e-13										Aque_Aqu2.1.29979-001;Slac_ENSLPGG00000004765	0.005096289705461217	1.8540818407031797e-07																Aque_Aqu2.1.29862-001;Slac_ENSLPGG00000010736	1.5187831121386648e-33	0.0032920814018862466																																																			
						Aque_Aqu2.1.43316-001;Scil_g27	1.0512448973874985e-11	4.1755133709724224e-05										Aque_Aqu2.1.38191-001;Slac_ENSLPGG00000001288	0.0010813743481752497	5.609947236396795e-06																									Aque_Aqu2.1.42223-001;Slac_ENSLPGG00000018075	0.007749014690456649	0.004219661479401974										Aque_Aqu2.1.29714-001;Scil_g2938	7.391576077219849e-08	4.216202562209187e-05										Aque_Aqu2.1.42693-001;Slac_ENSLPGG00000012471	0.0018360592641156288	9.012536840606819e-20																Aque_Aqu2.1.25867-001;Slac_ENSLPGG00000012471	0.0002352162877005849	8.124978717659955e-08																																																			
						Aque_Aqu2.1.29376-001;Scil_g3040	0.000358434222937596	1.7683400040974298e-05										Aque_Aqu2.1.30397-001;Slac_ENSLPGG00000012592	3.053563844263048e-06	0.0002193852230103154																									Aque_Aqu2.1.33047-001;Slac_ENSLPGG00000012296	0.0010141202311665274	0.0063155438099113505										Aque_Aqu2.1.28489-001;Scil_g5104	1.2639077541595553e-28	1.3385190593660316e-11										Aque_Aqu2.1.17816-001;Slac_ENSLPGG00000006271	0.004846158259488255	3.732968551925518e-05																Aque_Aqu2.1.16567-001;Slac_ENSLPGG00000011715	3.0155612923613537e-06	0.0008023801828239884																																																			
						Aque_Aqu2.1.38366-001;Scil_g9270	8.476009201277581e-19	1.0728702843068072e-05										Aque_Aqu2.1.18098-001;Slac_ENSLPGG00000013974	0.00010510904740299329	0.00407914189268744																									Aque_Aqu2.1.41092-001;Slac_ENSLPGG00000017935	5.064435843593467e-16	0.007641587714202316										Aque_Aqu2.1.38824-001;Scil_g8851	0.0021069493728025235	5.351413959374844e-05										Aque_Aqu2.1.20046-001;Slac_ENSLPGG00000010168	0.00911986550103098	2.6690275182235755e-10																Aque_Aqu2.1.34863-001;Slac_ENSLPGG00000014139	7.856949568546215e-16	0.007486004862652009																																																			
						Aque_Aqu2.1.32514-001;Scil_g9458	0.00026784013402817586	0.0010013805112998515										Aque_Aqu2.1.43251-001;Slac_ENSLPGG00000027461	0.002336621506172228	0.001999702559251324																									Aque_Aqu2.1.43551-001;Slac_ENSLPGG00000011839	8.307475925357203e-08	1.131525749686441e-05										Aque_Aqu2.1.41482-001;Scil_g5780	2.257130122823816e-08	3.2348683259580126e-27										Aque_Aqu2.1.25867-001;Slac_ENSLPGG00000026948	0.0002352162877005849	0.005553210951833313																Aque_Aqu2.1.41619-001;Slac_ENSLPGG00000007581	0.0001135500444194301	0.0001802338208940245																																																			
						Aque_Aqu2.1.30045-001;Scil_g13153	1.5171494961324605e-19	0.0029283913965687915										Aque_Aqu2.1.23414-001;Slac_ENSLPGG00000012055	0.0055709991675041	5.3016134566162584e-05																									Aque_Aqu2.1.42631-001;Slac_ENSLPGG00000010137	0.00021754116331870318	0.001790020645015706										Aque_Aqu2.1.35253-001;Scil_g10669	3.5542328552532075e-13	0.003749453953567109										Aque_Aqu2.1.25769-001;Slac_ENSLPGG00000010973	3.2643039449818794e-11	0.0015368510063786963																Aque_Aqu2.1.42148-001;Slac_ENSLPGG00000018705	0.005002361813659799	5.704090208402341e-09																																																			
						Aque_Aqu2.1.28194-001;Scil_g8784	1.444625855187625e-59	1.0119702736435629e-08										Aque_Aqu2.1.30397-001;Slac_ENSLPGG00000012819	3.053563844263048e-06	0.0011568697802661395																									Aque_Aqu2.1.29457-001;Slac_ENSLPGG00000018870	0.0002602620592656573	0.0064621030568216085										Aque_Aqu2.1.31551-001;Scil_g11222	0.0004550419940629617	1.1918429997624423e-07										Aque_Aqu2.1.41653-001;Slac_ENSLPGG00000016670	5.400992414490759e-06	0.00660496085584887																Aque_Aqu2.1.35253-001;Slac_ENSLPGG00000015112	3.5542328552532075e-13	6.110427182401843e-06																																																			
						Aque_Aqu2.1.34140-001;Scil_g5780	8.624609785310953e-08	1.8765284540336169e-31										Aque_Aqu2.1.33936-001;Slac_ENSLPGG00000008779	0.0001224037936486785	0.008065665297459843																									Aque_Aqu2.1.36076-001;Slac_ENSLPGG00000022031	0.005164206410856717	0.002785844823308992										Aque_Aqu2.1.30867-001;Scil_g11222	1.3309245062395783e-20	1.1918429997624423e-07										Aque_Aqu2.1.44245-001;Slac_ENSLPGG00000013337	0.001577587927672461	2.325171919806384e-05																Aque_Aqu2.1.36606-001;Slac_ENSLPGG00000002171	6.429704257152719e-05	8.519815430634142e-07																																																			
						Aque_Aqu2.1.08202-001;Scil_g5971	1.1705734604072884e-09	7.071972605245148e-16										Aque_Aqu2.1.14853-001;Slac_ENSLPGG00000014669	0.008568034336142479	2.5887989694557483e-05																									Aque_Aqu2.1.33047-001;Slac_ENSLPGG00000015112	0.0010141202311665274	0.007687888802854135										Aque_Aqu2.1.43326-001;Scil_g7627	1.4712455480465753e-26	0.0027340167265861746										Aque_Aqu2.1.38824-001;Slac_ENSLPGG00000015112	0.0021069493728025235	0.0006787822325991016																Aque_Aqu2.1.44139-001;Slac_ENSLPGG00000009116	0.0013345187120564206	1.187914787539918e-27																																																			
						Aque_Aqu2.1.30397-001;Scil_g9839	2.6826963318527086e-11	1.1355828495615424e-07										Aque_Aqu2.1.23412-001;Slac_ENSLPGG00000002095	5.1030243327243934e-06	0.00433301613891228																									Aque_Aqu2.1.19922-001;Slac_ENSLPGG00000015888	3.5383392068991633e-08	0.0006916594577877405										Aque_Aqu2.1.43313-001;Scil_g7627	5.488228930951967e-29	0.0027340167265861746										Aque_Aqu2.1.25867-001;Slac_ENSLPGG00000015112	0.0002352162877005849	0.0006787822325991016																Aque_Aqu2.1.40738-001;Slac_ENSLPGG00000012981	6.218782870818954e-08	1.425866129975506e-17																																																			
						Aque_Aqu2.1.38598-001;Scil_g3749	5.172299480510369e-07	6.961884929721676e-10										Aque_Aqu2.1.44059-001;Slac_ENSLPGG00000001288	0.005028374037103343	5.609947236396795e-06																									Aque_Aqu2.1.38808-001;Slac_ENSLPGG00000013616	0.00823593499642325	0.0002948825463242736										Aque_Aqu2.1.34863-001;Scil_g5628	7.856949568546215e-16	0.007924718428379112										Aque_Aqu2.1.38683-001;Slac_ENSLPGG00000020822	0.0026556694445690667	0.0029706612980473957																Aque_Aqu2.1.32890-001;Slac_ENSLPGG00000007568	8.175377015812928e-08	0.006606540174613964																																																			
						Aque_Aqu2.1.43558-001;Scil_g11587	3.1472571512040617e-06	2.972720390467545e-07										Aque_Aqu2.1.27243-001;Slac_ENSLPGG00000027389	4.486449805587064e-05	0.0008360912761741595																									Aque_Aqu2.1.43551-001;Slac_ENSLPGG00000018987	8.307475925357203e-08	0.00254613796527854										Aque_Aqu2.1.36606-001;Scil_g2756	6.429704257152719e-05	5.95074074397426e-10										Aque_Aqu2.1.26973-001;Slac_ENSLPGG00000015112	1.8757648248382616e-05	0.0006787822325991016																Aque_Aqu2.1.26544-001;Slac_ENSLPGG00000008885	4.919226733692524e-08	2.268280520966209e-08																																																			
						Aque_Aqu2.1.35197-001;Scil_g12865	2.5740157898972076e-06	2.321240191473236e-19										Aque_Aqu2.1.35784-001;Slac_ENSLPGG00000018350	0.009574345140455574	9.856781704671451e-05																																					Aque_Aqu2.1.42499-001;Scil_g5674	0.004742401216607825	0.001484591672118693										Aque_Aqu2.1.35781-001;Slac_ENSLPGG00000016523	0.0016572738315866653	0.00036903692952223847																Aque_Aqu2.1.33635-001;Slac_ENSLPGG00000012296	0.00010669886911690847	0.0001466708255175629																																																			
						Aque_Aqu2.1.39784-001;Scil_g8784	1.5219993781510476e-58	1.0119702736435629e-08										Aque_Aqu2.1.35076-001;Slac_ENSLPGG00000016361	8.800316694697123e-05	0.00012995627939498612																																					Aque_Aqu2.1.28497-001;Scil_g4190	6.265744639493593e-06	1.5598195515222541e-10										Aque_Aqu2.1.44245-001;Slac_ENSLPGG00000020822	0.001577587927672461	0.0029706612980473957																Aque_Aqu2.1.26973-001;Slac_ENSLPGG00000012471	1.8757648248382616e-05	8.124978717659955e-08																																																			
						Aque_Aqu2.1.34344-001;Scil_g119	4.469710923167695e-16	7.156934767103602e-25										Aque_Aqu2.1.27249-001;Slac_ENSLPGG00000014668	0.007293080990685721	0.0013743888988443865																																					Aque_Aqu2.1.32890-001;Scil_g9827	8.175377015812928e-08	0.003907050406501273										Aque_Aqu2.1.37770-001;Slac_ENSLPGG00000015655	0.006518916636731035	2.465938796218491e-05																Aque_Aqu2.1.22332-001;Slac_ENSLPGG00000013772	9.838828213524885e-12	5.364876696665609e-05																																																			
						Aque_Aqu2.1.40897-001;Scil_g2525	2.4830102528941103e-10	1.4710177588142786e-06										Aque_Aqu2.1.42128-001;Slac_ENSLPGG00000022456	1.2923046736517952e-06	0.0014170369076031049																																					Aque_Aqu2.1.33635-001;Scil_g10669	0.00010669886911690847	0.003749453953567109										Aque_Aqu2.1.38176-001;Slac_ENSLPGG00000016480	1.7197956842617203e-07	0.002786776662036683																Aque_Aqu2.1.29098-001;Slac_ENSLPGG00000030375	0.0022163606697167436	0.002058471191555939																																																			
						Aque_Aqu2.1.13160-001;Scil_g2525	4.322179295065631e-10	1.4710177588142786e-06										Aque_Aqu2.1.42087-001;Slac_ENSLPGG00000011075	0.001998237992359187	0.0003488260109053289																																					Aque_Aqu2.1.35253-001;Scil_g3056	3.5542328552532075e-13	1.3731224023390558e-07										Aque_Aqu2.1.20046-001;Slac_ENSLPGG00000009456	0.00911986550103098	4.685225916727112e-05																Aque_Aqu2.1.43365-001;Slac_ENSLPGG00000022615	3.222386889950698e-07	1.534659565009843e-06																																																			
						Aque_Aqu2.1.34476-001;Scil_g10401	1.1365096649262665e-143	4.5081208611130216e-06										Aque_Aqu2.1.24984-001;Slac_ENSLPGG00000009756	0.0028706384647597272	1.0854540543354014e-05																																					Aque_Aqu2.1.29861-001;Scil_g9827	2.7802180224950214e-12	0.003907050406501273										Aque_Aqu2.1.37770-001;Slac_ENSLPGG00000007955	0.006518916636731035	0.001201610886996087																Aque_Aqu2.1.27224-001;Slac_ENSLPGG00000027899	5.542768429070787e-13	0.003393224240375012																																																			
						Aque_Aqu2.1.32514-001;Scil_g3906	0.00026784013402817586	0.00014453004306132745										Aque_Aqu2.1.40886-001;Slac_ENSLPGG00000009756	0.0046341478969197545	1.0854540543354014e-05																																					Aque_Aqu2.1.37426-001;Scil_g307	0.006785239769564729	7.224369114222508e-43										Aque_Aqu2.1.41049-001;Slac_ENSLPGG00000015888	0.007200126607303983	7.523245071031996e-10																Aque_Aqu2.1.38824-001;Slac_ENSLPGG00000012471	0.0021069493728025235	8.124978717659955e-08																																																			
						Aque_Aqu2.1.39201-001;Scil_g5203	7.815203465075636e-11	1.2104164665599568e-15										Aque_Aqu2.1.39652-001;Slac_ENSLPGG00000015465	0.0006483355378789996	0.0028540860282769004																																					Aque_Aqu2.1.41482-001;Scil_g11222	2.257130122823816e-08	1.1918429997624423e-07										Aque_Aqu2.1.35781-001;Slac_ENSLPGG00000007429	0.0016572738315866653	0.0024369279596928484																Aque_Aqu2.1.43267-001;Slac_ENSLPGG00000027461	3.1038449995845004e-09	0.0009589227281603336																																																			
						Aque_Aqu2.1.20295-001;Scil_g11230	0.0001795255504142727	6.752189230518426e-09										Aque_Aqu2.1.35784-001;Slac_ENSLPGG00000014668	0.009574345140455574	0.0013743888988443865																																					Aque_Aqu2.1.38824-001;Scil_g10669	0.0021069493728025235	0.003749453953567109										Aque_Aqu2.1.42693-001;Slac_ENSLPGG00000026948	0.0018360592641156288	0.005553210951833313																Aque_Aqu2.1.31551-001;Slac_ENSLPGG00000019065	0.0004550419940629617	4.280743164546749e-06																																																			
						Aque_Aqu2.1.38366-001;Scil_g10245	8.476009201277581e-19	0.00011047709390251427										Aque_Aqu2.1.38598-001;Slac_ENSLPGG00000021534	0.0037244905898818673	0.008180380745712108																																					Aque_Aqu2.1.37486-001;Scil_g8930	5.791765336917085e-10	1.6915094476803913e-05										Aque_Aqu2.1.42693-001;Slac_ENSLPGG00000015112	0.0018360592641156288	0.0006787822325991016																Aque_Aqu2.1.37112-001;Slac_ENSLPGG00000014949	0.004695475713269114	1.0818128140739989e-32																																																			
						Aque_Aqu2.1.37888-001;Scil_g8220	1.1074993725506151e-05	2.096881178298641e-07										Aque_Aqu2.1.23414-001;Slac_ENSLPGG00000002095	0.0055709991675041	0.00433301613891228																																					Aque_Aqu2.1.28489-001;Scil_g4190	1.2639077541595553e-28	1.5598195515222541e-10																												Aque_Aqu2.1.35253-001;Slac_ENSLPGG00000012296	3.5542328552532075e-13	0.0001466708255175629																																																			
						Aque_Aqu2.1.27834-001;Scil_g1929	3.1136744770147465e-05	4.556145524579301e-13										Aque_Aqu2.1.43507-001;Slac_ENSLPGG00000007657	0.007992588950237344	0.002743173792443191																																					Aque_Aqu2.1.38524-001;Scil_g10858	9.419406752082244e-11	0.0046343563014585734																												Aque_Aqu2.1.33635-001;Slac_ENSLPGG00000011715	0.00010669886911690847	0.0008023801828239884																																																			
						Aque_Aqu2.1.18353-001;Scil_g9071	2.4837792641188912e-56	8.52151132496446e-12										Aque_Aqu2.1.24984-001;Slac_ENSLPGG00000016003	0.0028706384647597272	0.0006088846830005679																																					Aque_Aqu2.1.33635-001;Scil_g3056	0.00010669886911690847	1.3731224023390558e-07																												Aque_Aqu2.1.37770-001;Slac_ENSLPGG00000015655	0.006518916636731035	1.160234898039516e-18																																																			
						Aque_Aqu2.1.37079-001;Scil_g9493	6.987535709667499e-114	1.2641518904156864e-10										Aque_Aqu2.1.40886-001;Slac_ENSLPGG00000016003	0.0046341478969197545	0.0006088846830005679																																					Aque_Aqu2.1.32559-001;Scil_g9886	0.0011159041547785943	0.00218801344218696																												Aque_Aqu2.1.43982-001;Slac_ENSLPGG00000025832	0.00026536629051856613	1.5416150032010595e-05																																																			
						Aque_Aqu2.1.37960-001;Scil_g151	8.706435525501074e-27	6.950288179300258e-08										Aque_Aqu2.1.41832-001;Slac_ENSLPGG00000010602	0.0049670511416580005	0.009845928491703373																																					Aque_Aqu2.1.22812-001;Scil_g9886	0.0030811825076777575	0.00218801344218696																												Aque_Aqu2.1.31551-001;Slac_ENSLPGG00000006271	0.0004550419940629617	9.73403041830119e-05																																																			
						Aque_Aqu2.1.32514-001;Scil_g8105	0.00026784013402817586	1.062772877784191e-07																																																	Aque_Aqu2.1.42693-001;Scil_g10960	0.0018360592641156288	1.7814275668616436e-13																												Aque_Aqu2.1.16567-001;Slac_ENSLPGG00000020470	3.0155612923613537e-06	0.002865326369152078																																																			
						Aque_Aqu2.1.20295-001;Scil_g3749	0.0001795255504142727	6.961884929721676e-10																																																	Aque_Aqu2.1.35253-001;Scil_g2312	3.5542328552532075e-13	0.00047418108694509317																												Aque_Aqu2.1.34140-001;Slac_ENSLPGG00000021520	1.0121820050408576e-29	0.001418103085264237																																																			
						Aque_Aqu2.1.28301-001;Scil_g5638	1.7962661367019432e-48	2.856567533762258e-17																																																	Aque_Aqu2.1.42065-001;Scil_g3668	5.305955151225863e-07	0.0015627047433456468																												Aque_Aqu2.1.42203-001;Slac_ENSLPGG00000008996	0.00045457418849529025	0.00012714480608127604																																																			
						Aque_Aqu2.1.30397-001;Scil_g9270	2.6826963318527086e-11	1.0728702843068072e-05																																																	Aque_Aqu2.1.26973-001;Scil_g10669	1.8757648248382616e-05	0.003749453953567109																												Aque_Aqu2.1.42762-001;Slac_ENSLPGG00000022031	1.0081478109652569e-17	0.00010266030155833447																																																			
						Aque_Aqu2.1.29482-001;Scil_g8524	0.006815611909410816	7.433438327024868e-09																																																	Aque_Aqu2.1.32509-001;Scil_g9827	0.0003922226519476641	0.003907050406501273																												Aque_Aqu2.1.17816-001;Slac_ENSLPGG00000007158	0.004846158259488255	1.965018913530473e-21																																																			
						Aque_Aqu2.1.20582-001;Scil_g11230	8.257890532706147e-05	6.752189230518426e-09																																																	Aque_Aqu2.1.38824-001;Scil_g3056	0.0021069493728025235	1.3731224023390558e-07																												Aque_Aqu2.1.35253-001;Slac_ENSLPGG00000011715	3.5542328552532075e-13	0.0008023801828239884																																																			
						Aque_Aqu2.1.36774-001;Scil_g8909	2.2229382265985464e-06	7.783227148594976e-18																																																	Aque_Aqu2.1.34140-001;Scil_g1483	1.0121820050408576e-29	0.003927101518499479																												Aque_Aqu2.1.42762-001;Slac_ENSLPGG00000016891	1.0081478109652569e-17	0.0031309119165275016																																																			
						Aque_Aqu2.1.37215-001;Scil_g7490	2.213584116764362e-15	0.0022346246982454113																																																	Aque_Aqu2.1.42203-001;Scil_g8930	0.00045457418849529025	1.6915094476803913e-05																												Aque_Aqu2.1.36574-001;Slac_ENSLPGG00000012140	0.0004940940652812278	2.2234277891488934e-08																																																			
						Aque_Aqu2.1.16571-001;Scil_g10997	1.4059944144213117e-22	2.1670989390817364e-09																																																	Aque_Aqu2.1.25867-001;Scil_g8851	0.0002352162877005849	5.351413959374844e-05																												Aque_Aqu2.1.29098-001;Slac_ENSLPGG00000015099	0.0022163606697167436	0.0002745854346787509																																																			
						Aque_Aqu2.1.18089-001;Scil_g10793	2.3222255630625573e-12	2.0933444663797696e-15																																																	Aque_Aqu2.1.36779-001;Scil_g12855	2.0751669503159548e-16	0.009245606014401324																												Aque_Aqu2.1.38392-001;Slac_ENSLPGG00000028759	0.005884144533397612	5.09596119582891e-08																																																			
						Aque_Aqu2.1.29497-001;Scil_g208	1.613969228591092e-36	8.962654575220565e-19																																																	Aque_Aqu2.1.22423-001;Scil_g8930	0.003331405344316412	1.6915094476803913e-05																												Aque_Aqu2.1.25867-001;Slac_ENSLPGG00000015112	0.0002352162877005849	6.110427182401843e-06																																																			
						Aque_Aqu2.1.30397-001;Scil_g10245	2.6826963318527086e-11	0.00011047709390251427																																																	Aque_Aqu2.1.33635-001;Scil_g2312	0.00010669886911690847	0.00047418108694509317																												Aque_Aqu2.1.42762-001;Slac_ENSLPGG00000021127	1.0081478109652569e-17	0.00037730423206785676																																																			
						Aque_Aqu2.1.40744-001;Scil_g9836	0.00520906155360265	6.176616962399407e-13																																																	Aque_Aqu2.1.35253-001;Scil_g9674	3.5542328552532075e-13	0.0052200748129733925																												Aque_Aqu2.1.43674-001;Slac_ENSLPGG00000019065	4.20083387372124e-06	4.280743164546749e-06																																																			
						Aque_Aqu2.1.29099-001;Scil_g10191	0.00020858608906216777	3.8102994611248676e-05																																																	Aque_Aqu2.1.26973-001;Scil_g3056	1.8757648248382616e-05	1.3731224023390558e-07																												Aque_Aqu2.1.33673-001;Slac_ENSLPGG00000012616	0.000628276188921932	0.0002053660933338106																																																			
						Aque_Aqu2.1.29482-001;Scil_g9453	0.006815611909410816	4.49983027371432e-20																																																	Aque_Aqu2.1.31551-001;Scil_g1483	0.0004550419940629617	0.003927101518499479																												Aque_Aqu2.1.17816-001;Slac_ENSLPGG00000001139	0.004846158259488255	4.69500827060743e-21																																																			
						Aque_Aqu2.1.43636-001;Scil_g2645	2.3857194879026892e-54	0.000820957964023692																																																	Aque_Aqu2.1.30867-001;Scil_g1483	1.3309245062395783e-20	0.003927101518499479																												Aque_Aqu2.1.26950-001;Slac_ENSLPGG00000013887	0.0005196379918982373	0.0012730473713148504																																																			
						Aque_Aqu2.1.23371-001;Scil_g9815	4.669598436086237e-22	9.547558698132564e-12																																																	Aque_Aqu2.1.36574-001;Scil_g5628	0.0004940940652812278	0.007924718428379112																												Aque_Aqu2.1.38811-001;Slac_ENSLPGG00000025361	1.675913801095585e-07	0.0054509348608929595																																																			
						Aque_Aqu2.1.39820-001;Scil_g2822	0.00030930266620041397	0.0020745990756550255																																																	Aque_Aqu2.1.39774-001;Scil_g6550	4.144077243426737e-05	8.436147880710344e-05																												Aque_Aqu2.1.43674-001;Slac_ENSLPGG00000006271	4.20083387372124e-06	9.73403041830119e-05																																																			
						Aque_Aqu2.1.27219-001;Scil_g478	0.0010312056246895862	0.0015094962268452875																																																	Aque_Aqu2.1.38824-001;Scil_g2312	0.0021069493728025235	0.00047418108694509317																												Aque_Aqu2.1.30867-001;Slac_ENSLPGG00000021520	1.3309245062395783e-20	0.001418103085264237																																																			
						Aque_Aqu2.1.37748-001;Scil_g4955	0.006868279958800548	1.6734184458248347e-07																																																	Aque_Aqu2.1.37426-001;Scil_g5674	0.006785239769564729	0.001484591672118693																												Aque_Aqu2.1.33635-001;Slac_ENSLPGG00000020470	0.00010669886911690847	0.002865326369152078																																																			
						Aque_Aqu2.1.34343-001;Scil_g119	1.748816289030163e-11	7.156934767103602e-25																																																	Aque_Aqu2.1.31926-001;Scil_g10071	3.0797200098615e-05	0.0007861273591628549																												Aque_Aqu2.1.26973-001;Slac_ENSLPGG00000015112	1.8757648248382616e-05	6.110427182401843e-06																																																			
						Aque_Aqu2.1.40681-001;Scil_g9859	0.00024465280762628105	6.901739288223604e-05																																																	Aque_Aqu2.1.37486-001;Scil_g6182	5.791765336917085e-10	0.0005505499915034545																												Aque_Aqu2.1.25867-001;Slac_ENSLPGG00000012296	0.0002352162877005849	0.0001466708255175629																																																			
						Aque_Aqu2.1.43623-001;Scil_g8784	2.967833146368427e-22	1.0119702736435629e-08																																																	Aque_Aqu2.1.20046-001;Scil_g6427	0.00911986550103098	2.8492265485112783e-05																												Aque_Aqu2.1.32509-001;Slac_ENSLPGG00000007568	0.0003922226519476641	0.006606540174613964																																																			
						Aque_Aqu2.1.38605-001;Scil_g12526	1.0933182551060714e-65	1.1154758359613714e-08																																																	Aque_Aqu2.1.33635-001;Scil_g9674	0.00010669886911690847	0.0052200748129733925																												Aque_Aqu2.1.38824-001;Slac_ENSLPGG00000015112	0.0021069493728025235	6.110427182401843e-06																																																			
						Aque_Aqu2.1.40905-001;Scil_g208	9.527533673684782e-19	8.962654575220565e-19																																																	Aque_Aqu2.1.29098-001;Scil_g10108	0.0022163606697167436	8.192761731090963e-05																												Aque_Aqu2.1.40828-001;Slac_ENSLPGG00000014103	0.000597727428425492	6.336507623914947e-09																																																			
						Aque_Aqu2.1.20295-001;Scil_g8187	0.0001795255504142727	5.122768024316972e-06																																																	Aque_Aqu2.1.41653-001;Scil_g8832	5.400992414490759e-06	2.1218703092460044e-06																												Aque_Aqu2.1.24796-001;Slac_ENSLPGG00000028356	0.003967307296319479	3.148644495988388e-07																																																			
						Aque_Aqu2.1.34847-001;Scil_g10889	8.200135037235447e-06	2.1494979621590482e-05																																																	Aque_Aqu2.1.19531-001;Scil_g3078	2.003385743517758e-06	0.00980481125913147																												Aque_Aqu2.1.35253-001;Slac_ENSLPGG00000020470	3.5542328552532075e-13	0.002865326369152078																																																			
						Aque_Aqu2.1.36215-001;Scil_g6570	8.25105355217579e-08	0.004020289884085298																																																	Aque_Aqu2.1.36440-001;Scil_g6335	0.0004578582749838875	0.002265513798681508																												Aque_Aqu2.1.21174-001;Slac_ENSLPGG00000012140	0.00021564884897657527	2.2234277891488934e-08																																																			
						Aque_Aqu2.1.41892-001;Scil_g8192	8.326661223111995e-07	0.0001949912282733375																																																	Aque_Aqu2.1.26973-001;Scil_g2312	1.8757648248382616e-05	0.00047418108694509317																												Aque_Aqu2.1.42093-001;Slac_ENSLPGG00000009324	0.0006886285707111513	0.0032146804795755626																																																			
						Aque_Aqu2.1.40997-001;Scil_g13119	2.3806102975701186e-10	4.114580787766922e-06																																																	Aque_Aqu2.1.28683-001;Scil_g2789	0.007371482204497088	2.416973543624332e-07																												Aque_Aqu2.1.25867-001;Slac_ENSLPGG00000013166	0.0002352162877005849	0.00023368617004770938																																																			
						Aque_Aqu2.1.34340-001;Scil_g9966	3.6337540168507325e-117	7.13546765686509e-05																																																	Aque_Aqu2.1.28316-001;Scil_g6550	0.007704087900764999	8.436147880710344e-05																												Aque_Aqu2.1.25927-001;Slac_ENSLPGG00000006175	3.006102746387663e-11	7.107487093637847e-05																																																			
						Aque_Aqu2.1.38605-001;Scil_g5218	1.0933182551060714e-65	0.00901985527774584																																																	Aque_Aqu2.1.13384-001;Scil_g9815	0.008071454308217863	3.979340550056759e-15																												Aque_Aqu2.1.41482-001;Slac_ENSLPGG00000019065	2.257130122823816e-08	4.280743164546749e-06																																																			
						Aque_Aqu2.1.37121-001;Scil_g2819	2.3401256518012982e-05	5.931358111678236e-17																																																	Aque_Aqu2.1.38824-001;Scil_g9674	0.0021069493728025235	0.0052200748129733925																												Aque_Aqu2.1.26973-001;Slac_ENSLPGG00000012296	1.8757648248382616e-05	0.0001466708255175629																																																			
						Aque_Aqu2.1.22907-001;Scil_g11230	0.006919167846943937	6.752189230518426e-09																																																	Aque_Aqu2.1.43959-001;Scil_g6550	0.004273556452371094	8.436147880710344e-05																												Aque_Aqu2.1.36606-001;Slac_ENSLPGG00000022031	6.429704257152719e-05	0.00010266030155833447																																																			
						Aque_Aqu2.1.41071-001;Scil_g12539	6.710109806428675e-67	1.3540956477103924e-06																																																	Aque_Aqu2.1.42191-001;Scil_g9181	5.532135997102552e-06	0.0008770046269597357																												Aque_Aqu2.1.43363-001;Slac_ENSLPGG00000021086	3.009896266468842e-14	0.0019276056592624372																																																			
						Aque_Aqu2.1.33607-001;Scil_g9458	0.009804471469836694	0.0010013805112998515																																																	Aque_Aqu2.1.41482-001;Scil_g1483	2.257130122823816e-08	0.003927101518499479																												Aque_Aqu2.1.42148-001;Slac_ENSLPGG00000016689	0.005002361813659799	1.1220887481878132e-05																																																			
						Aque_Aqu2.1.37082-001;Scil_g4929	2.1405282321111328e-32	3.0972949568657717e-06																																																	Aque_Aqu2.1.17816-001;Scil_g11222	0.004846158259488255	1.1918429997624423e-07																												Aque_Aqu2.1.39919-001;Slac_ENSLPGG00000027773	2.486254135103664e-07	0.0006305903810572271																																																			
						Aque_Aqu2.1.03528-001;Scil_g2790	2.524224078298844e-07	2.5690113437899023e-11																																																	Aque_Aqu2.1.25769-001;Scil_g2253	3.2643039449818794e-11	0.0007081689266387197																												Aque_Aqu2.1.43982-001;Slac_ENSLPGG00000010736	0.00026536629051856613	0.0032920814018862466																																																			
						Aque_Aqu2.1.43637-001;Scil_g13000	0.0001321362764028887	4.1494087152381116e-11																																																	Aque_Aqu2.1.41331-001;Scil_g480	0.00283942250833063	3.3439460944868425e-05																												Aque_Aqu2.1.36606-001;Slac_ENSLPGG00000016891	6.429704257152719e-05	0.0031309119165275016																																																			
						Aque_Aqu2.1.34140-001;Scil_g11222	8.624609785310953e-08	5.622898663191866e-10																																																	Aque_Aqu2.1.42203-001;Scil_g6182	0.00045457418849529025	0.0005505499915034545																												Aque_Aqu2.1.41482-001;Slac_ENSLPGG00000006271	2.257130122823816e-08	9.73403041830119e-05																																																			
						Aque_Aqu2.1.43423-001;Scil_g455	7.445917862680743e-110	2.738533364751584e-05																																																	Aque_Aqu2.1.26973-001;Scil_g9674	1.8757648248382616e-05	0.0052200748129733925																												Aque_Aqu2.1.28940-001;Slac_ENSLPGG00000014078	0.0008919440334010753	8.98151214691906e-06																																																			
						Aque_Aqu2.1.33607-001;Scil_g3906	0.009804471469836694	0.00014453004306132745																																																	Aque_Aqu2.1.25867-001;Scil_g3056	0.0002352162877005849	1.3731224023390558e-07																												Aque_Aqu2.1.25867-001;Slac_ENSLPGG00000011715	0.0002352162877005849	0.0008023801828239884																																																			
						Aque_Aqu2.1.37751-001;Scil_g10941	1.960754617020323e-08	0.0036100506686094287																																																	Aque_Aqu2.1.44245-001;Scil_g11288	0.001577587927672461	0.0008324372874427497																												Aque_Aqu2.1.36606-001;Slac_ENSLPGG00000021127	6.429704257152719e-05	0.00037730423206785676																																																			
						Aque_Aqu2.1.31586-001;Scil_g8948	6.035842798121547e-07	2.8793501475498064e-08																																																	Aque_Aqu2.1.22423-001;Scil_g6182	0.003331405344316412	0.0005505499915034545																												Aque_Aqu2.1.38824-001;Slac_ENSLPGG00000012296	0.0021069493728025235	0.0001466708255175629																																																			
						Aque_Aqu2.1.37888-001;Scil_g10793	1.1074993725506151e-05	2.0933444663797696e-15																																																	Aque_Aqu2.1.42046-001;Scil_g9827	0.0050829425919056755	0.003907050406501273																												Aque_Aqu2.1.43982-001;Slac_ENSLPGG00000021750	0.00026536629051856613	0.0020523696888412233																																																			
						Aque_Aqu2.1.40329-001;Scil_g6304	3.3991245240601363e-07	1.1937128329568013e-07																																																	Aque_Aqu2.1.42693-001;Scil_g8851	0.0018360592641156288	5.351413959374844e-05																												Aque_Aqu2.1.42693-001;Slac_ENSLPGG00000003239	0.0018360592641156288	4.665800524885028e-08																																																			
						Aque_Aqu2.1.33607-001;Scil_g8105	0.009804471469836694	1.062772877784191e-07																																																	Aque_Aqu2.1.22984-001;Scil_g9698	0.0011070273067554314	2.3113883698117322e-11																												Aque_Aqu2.1.26973-001;Slac_ENSLPGG00000011715	1.8757648248382616e-05	0.0008023801828239884																																																			
						Aque_Aqu2.1.43440-001;Scil_g3916	2.966613490803621e-57	0.0008740125295349421																																																	Aque_Aqu2.1.36440-001;Scil_g1526	0.0004578582749838875	8.954324395314083e-44																												Aque_Aqu2.1.39703-001;Slac_ENSLPGG00000021186	0.0003983784087831898	3.5927119594215055e-24																																																			
						Aque_Aqu2.1.22907-001;Scil_g8187	0.006919167846943937	5.122768024316972e-06																																																	Aque_Aqu2.1.39703-001;Scil_g8930	0.0003983784087831898	1.6915094476803913e-05																												Aque_Aqu2.1.43954-001;Slac_ENSLPGG00000029175	0.0001823425905369846	0.0074492566021267																																																			
						Aque_Aqu2.1.32935-001;Scil_g3739	0.0003373941448991585	7.429533600914944e-05																																																	Aque_Aqu2.1.42065-001;Scil_g10015	5.305955151225863e-07	0.004885587593379574																												Aque_Aqu2.1.38824-001;Slac_ENSLPGG00000011715	0.0021069493728025235	0.0008023801828239884																																																			
						Aque_Aqu2.1.39113-001;Scil_g114	0.003750668404350978	1.3281438012632477e-05																																																	Aque_Aqu2.1.41570-001;Scil_g1793	0.0006630462204027478	0.0008789781129100423																												Aque_Aqu2.1.20046-001;Slac_ENSLPGG00000010168	0.00911986550103098	1.3806684484807535e-08																																																			
						Aque_Aqu2.1.42770-001;Scil_g3808	3.4620499776698645e-08	8.386733852867674e-06																																																	Aque_Aqu2.1.43959-001;Scil_g9827	0.004273556452371094	0.003907050406501273																												Aque_Aqu2.1.44139-001;Slac_ENSLPGG00000011327	0.0013345187120564206	0.002660359306382542																																																			
						Aque_Aqu2.1.33571-001;Scil_g6869	0.0023166966783545063	2.147752615080015e-05																																																	Aque_Aqu2.1.43967-001;Scil_g2746	0.0024218343419702515	0.0037165158560533303																												Aque_Aqu2.1.42693-001;Slac_ENSLPGG00000012471	0.0018360592641156288	8.124978717659955e-08																																																			
						Aque_Aqu2.1.29892-001;Scil_g2790	0.00882540214751287	2.5690113437899023e-11																																																	Aque_Aqu2.1.28109-001;Scil_g6919	2.5552647305784873e-08	0.0019296748779287587																												Aque_Aqu2.1.38683-001;Slac_ENSLPGG00000013337	0.0026556694445690667	8.57567725101566e-06																																																			
						Aque_Aqu2.1.21202-001;Scil_g313	0.003244680351007417	2.1267148033355395e-08																																																	Aque_Aqu2.1.25867-001;Scil_g2312	0.0002352162877005849	0.00047418108694509317																												Aque_Aqu2.1.30012-001;Slac_ENSLPGG00000013812	0.00839882703998185	0.007295383376184427																																																			
						Aque_Aqu2.1.34141-001;Scil_g6573	5.817801590754243e-06	1.3106976519273356e-05																																																	Aque_Aqu2.1.40721-001;Scil_g8390	0.0002207593425700575	2.1818689402967603e-06																												Aque_Aqu2.1.25867-001;Slac_ENSLPGG00000020470	0.0002352162877005849	0.002865326369152078																																																			
						Aque_Aqu2.1.42634-001;Scil_g12034	0.007410399647017482	0.0003623909944180298																																																	Aque_Aqu2.1.32720-001;Scil_g951	0.0009377164066443202	0.0017281611328304556																												Aque_Aqu2.1.31551-001;Slac_ENSLPGG00000021520	0.0004550419940629617	0.001418103085264237																																																			
						Aque_Aqu2.1.06909-001;Scil_g5906	0.0010587694104038895	1.8287445671234054e-05																																																	Aque_Aqu2.1.37770-001;Scil_g1350	0.006518916636731035	5.359946783335865e-07																												Aque_Aqu2.1.22423-001;Slac_ENSLPGG00000000564	0.003331405344316412	1.2226361637864731e-11																																																			
						Aque_Aqu2.1.31388-001;Scil_g6763	0.0006755546556821743	6.296760066662512e-05																																																	Aque_Aqu2.1.38683-001;Scil_g11288	0.0026556694445690667	0.0008324372874427497																												Aque_Aqu2.1.26983-001;Slac_ENSLPGG00000005884	3.937047107772297e-05	6.0847112179007974e-05																																																			
						Aque_Aqu2.1.22415-001;Scil_g848	0.0010952786295129143	0.005927168191552973																																																	Aque_Aqu2.1.25867-001;Scil_g9674	0.0002352162877005849	0.0052200748129733925																												Aque_Aqu2.1.26973-001;Slac_ENSLPGG00000020470	1.8757648248382616e-05	0.002865326369152078																																																			
																																																									Aque_Aqu2.1.42548-001;Scil_g5592	1.627868894535477e-08	0.00012069245201470799																												Aque_Aqu2.1.42046-001;Slac_ENSLPGG00000007568	0.0050829425919056755	0.006606540174613964																																																			
																																																									Aque_Aqu2.1.39703-001;Scil_g6182	0.0003983784087831898	0.0005505499915034545																												Aque_Aqu2.1.38824-001;Slac_ENSLPGG00000020470	0.0021069493728025235	0.002865326369152078																																																			
																																																									Aque_Aqu2.1.41302-001;Scil_g480	8.674583355148573e-05	3.3439460944868425e-05																												Aque_Aqu2.1.43674-001;Slac_ENSLPGG00000021520	4.20083387372124e-06	0.001418103085264237																																																			
																																																									Aque_Aqu2.1.17816-001;Scil_g1483	0.004846158259488255	0.003927101518499479																												Aque_Aqu2.1.25769-001;Slac_ENSLPGG00000010973	3.2643039449818794e-11	0.0008013040173983456																																																			
																																																									Aque_Aqu2.1.24796-001;Scil_g9827	0.003967307296319479	0.003907050406501273																												Aque_Aqu2.1.26969-001;Slac_ENSLPGG00000010736	0.008672518046652826	0.0032920814018862466																																																			
																																																									Aque_Aqu2.1.31385-001;Scil_g13734	0.0004221664291573433	0.002733827425355632																												Aque_Aqu2.1.44245-001;Slac_ENSLPGG00000013337	0.001577587927672461	8.57567725101566e-06																																																			
																																																									Aque_Aqu2.1.40827-001;Scil_g7971	0.004363203127297335	0.008185259468270215																												Aque_Aqu2.1.39703-001;Slac_ENSLPGG00000008996	0.0003983784087831898	0.00012714480608127604																																																			
																																																									Aque_Aqu2.1.29979-001;Scil_g3316	0.005096289705461217	5.418202617826899e-08																												Aque_Aqu2.1.42693-001;Slac_ENSLPGG00000015112	0.0018360592641156288	6.110427182401843e-06																																																			
																																																									Aque_Aqu2.1.28301-001;Scil_g5638	2.4420291072502505e-07	3.2808279717751425e-08																												Aque_Aqu2.1.29899-001;Slac_ENSLPGG00000003184	0.0007872687199082818	0.004627095356100038																																																			
																																																									Aque_Aqu2.1.31388-001;Scil_g13734	0.004760476945746735	0.002733827425355632																												Aque_Aqu2.1.32000-001;Slac_ENSLPGG00000020841	0.007163723412439014	0.0008271346033390362																																																			
																																																																																							Aque_Aqu2.1.26969-001;Slac_ENSLPGG00000021750	0.008672518046652826	0.0020523696888412233																																																			
																																																																																							Aque_Aqu2.1.37917-001;Slac_ENSLPGG00000013166	0.008333763491027017	0.00023368617004770938																																																			
																																																																																							Aque_Aqu2.1.41482-001;Slac_ENSLPGG00000021520	2.257130122823816e-08	0.001418103085264237																																																			
																																																																																							Aque_Aqu2.1.22423-001;Slac_ENSLPGG00000021186	0.003331405344316412	3.5927119594215055e-24																																																			
																																																																																							Aque_Aqu2.1.36574-001;Slac_ENSLPGG00000014139	0.0004940940652812278	0.007486004862652009																																																			
																																																																																							Aque_Aqu2.1.17816-001;Slac_ENSLPGG00000019065	0.004846158259488255	4.280743164546749e-06																																																			
																																																																																							Aque_Aqu2.1.17816-001;Slac_ENSLPGG00000006271	0.004846158259488255	9.73403041830119e-05																																																			
																																																																																							Aque_Aqu2.1.37770-001;Slac_ENSLPGG00000007955	0.006518916636731035	0.00014151882699190365																																																			
																																																																																							Aque_Aqu2.1.24796-001;Slac_ENSLPGG00000007568	0.003967307296319479	0.006606540174613964																																																			
																																																																																							Aque_Aqu2.1.37917-001;Slac_ENSLPGG00000013228	0.008333763491027017	0.007947184160335352																																																			
																																																																																							Aque_Aqu2.1.40827-001;Slac_ENSLPGG00000013093	0.004363203127297335	0.0011731233788651737																																																			
																																																																																							Aque_Aqu2.1.38392-001;Slac_ENSLPGG00000016049	0.005884144533397612	0.00010285855299070592																																																			
																																																																																							Aque_Aqu2.1.39107-001;Slac_ENSLPGG00000005538	0.0027231526494020117	0.007620151042383813																																																			
																																																																																							Aque_Aqu2.1.22423-001;Slac_ENSLPGG00000008996	0.003331405344316412	0.00012714480608127604																																																			
																																																																																							Aque_Aqu2.1.22423-001;Slac_ENSLPGG00000022557	0.003331405344316412	0.0006017082364898932																																																			
																																																																																							Aque_Aqu2.1.42532-001;Slac_ENSLPGG00000001577	0.005205013445556867	0.0020203096735097333																																																			
																																																																																							Aque_Aqu2.1.36281-001;Slac_ENSLPGG00000027374	0.005627126926399388	0.0007321020791469929																																																			
																																																																																							Aque_Aqu2.1.17816-001;Slac_ENSLPGG00000021520	0.004846158259488255	0.001418103085264237																																																			
																																																																																							Aque_Aqu2.1.41049-001;Slac_ENSLPGG00000012055	0.007200126607303983	4.0874491108281004e-05																																																			
																																																																																							Aque_Aqu2.1.41049-001;Slac_ENSLPGG00000008987	0.007200126607303983	0.001852208764674488																																																			
