Aque_Archaeo_1;Scil_19	Aque_Archaeo_1;Scil_19_pval1	Aque_Archaeo_1;Scil_19_pval2	Aque_Archaeo_1;Scil_24	Aque_Archaeo_1;Scil_24_pval1	Aque_Archaeo_1;Scil_24_pval2	Aque_Archaeo_1;Scil_27	Aque_Archaeo_1;Scil_27_pval1	Aque_Archaeo_1;Scil_27_pval2	Aque_Archaeo_1;Scil_32	Aque_Archaeo_1;Scil_32_pval1	Aque_Archaeo_1;Scil_32_pval2	Aque_Aspcinzin;Scil_28	Aque_Aspcinzin;Scil_28_pval1	Aque_Aspcinzin;Scil_28_pval2	Aque_Choanocytes_1;Scil_1	Aque_Choanocytes_1;Scil_1_pval1	Aque_Choanocytes_1;Scil_1_pval2	Aque_Choanocytes_2;Scil_1	Aque_Choanocytes_2;Scil_1_pval1	Aque_Choanocytes_2;Scil_1_pval2	Aque_Pinaco_1;Scil_15	Aque_Pinaco_1;Scil_15_pval1	Aque_Pinaco_1;Scil_15_pval2	Aque_Pinaco_1;Scil_21	Aque_Pinaco_1;Scil_21_pval1	Aque_Pinaco_1;Scil_21_pval2	Aque_Pinaco_1;Scil_25	Aque_Pinaco_1;Scil_25_pval1	Aque_Pinaco_1;Scil_25_pval2	Aque_Pinaco_1;Scil_30	Aque_Pinaco_1;Scil_30_pval1	Aque_Pinaco_1;Scil_30_pval2	Aque_Pinaco_2;Scil_15	Aque_Pinaco_2;Scil_15_pval1	Aque_Pinaco_2;Scil_15_pval2	Aque_Pinaco_2;Scil_19	Aque_Pinaco_2;Scil_19_pval1	Aque_Pinaco_2;Scil_19_pval2	Aque_Pinaco_2;Scil_24	Aque_Pinaco_2;Scil_24_pval1	Aque_Pinaco_2;Scil_24_pval2	Aque_Pinaco_2;Scil_27	Aque_Pinaco_2;Scil_27_pval1	Aque_Pinaco_2;Scil_27_pval2	Aque_Sperm;Scil_22	Aque_Sperm;Scil_22_pval1	Aque_Sperm;Scil_22_pval2
Aque_Aqu2.1.34247-001;Scil_g9420	5.995179413289e-67	1.1318386297750748e-155	Aque_Aqu2.1.43276-001;Scil_g4517	1.0182416073641277e-129	4.833548353276332e-67	Aque_Aqu2.1.28647-001;Scil_g9745	1.7976193812861958e-143	7.036545193911838e-73	Aque_Aqu2.1.26684-001;Scil_g1710	5.16651150424784e-114	2.3095564926811274e-35	Aque_Aqu2.1.42637-001;Scil_g7468	8.896760006528624e-05	4.3137798304003523e-57	Aque_Aqu2.1.37599-001;Scil_g537	1.1252913100245482e-175	1.1320739695669307e-166	Aque_Aqu2.1.37599-001;Scil_g537	4.0684665683260758e-143	1.1320739695669307e-166	Aque_Aqu2.1.39905-001;Scil_g2366	1.4006866036488385e-125	2.404803307656588e-168	Aque_Aqu2.1.38146-001;Scil_g10508	6.387586082111135e-11	6.773534454109065e-120	Aque_Aqu2.1.39906-001;Scil_g8310	5.695135212169059e-155	7.09985049785407e-11	Aque_Aqu2.1.37679-001;Scil_g7679	7.068023640570212e-24	2.150189781868642e-06	Aque_Aqu2.1.41248-001;Scil_g168	1.7758796050423134e-70	1.0347164903991265e-147	Aque_Aqu2.1.29951-001;Scil_g9420	1.9260650568679767e-29	1.1318386297750748e-155	Aque_Aqu2.1.43276-001;Scil_g4517	1.2417305666889384e-72	4.833548353276332e-67	Aque_Aqu2.1.34429-001;Scil_g10574	4.114553893179646e-74	1.0092797959529216e-75	Aque_Aqu2.1.39160-001;Scil_g12320	3.595877896775303e-08	0.0002587783562025851
Aque_Aqu2.1.29951-001;Scil_g9420	0.00022028134504872317	1.1318386297750748e-155	Aque_Aqu2.1.29951-001;Scil_g9420	0.00022028134504872317	2.61542842285498e-86	Aque_Aqu2.1.28647-001;Scil_g9721	1.7976193812861958e-143	9.75888753126917e-73	Aque_Aqu2.1.31038-001;Scil_g9420	1.0272479399297856e-48	1.4091974360039661e-33	Aque_Aqu2.1.19543-001;Scil_g5407	0.0002359014887084529	6.198193916748304e-13	Aque_Aqu2.1.36142-001;Scil_g11399	4.114280874411444e-54	1.546575633172773e-199	Aque_Aqu2.1.10425-001;Scil_g8416	4.63879348899057e-125	3.0005616773400286e-72	Aque_Aqu2.1.39906-001;Scil_g2367	5.695135212169059e-155	7.672319809832575e-118	Aque_Aqu2.1.41012-001;Scil_g10508	0.00027018571509218245	6.773534454109065e-120	Aque_Aqu2.1.21015-001;Scil_g7598	4.488784099627258e-96	1.654052207920732e-54	Aque_Aqu2.1.17340-001;Scil_g7679	2.534616707284264e-07	2.150189781868642e-06	Aque_Aqu2.1.33776-001;Scil_g2367	0.003989293491609929	7.672319809832575e-118	Aque_Aqu2.1.34429-001;Scil_g5447	4.114553893179646e-74	3.190862523694669e-160	Aque_Aqu2.1.14505-001;Scil_g4929	7.790561052606891e-22	9.60239209900516e-95	Aque_Aqu2.1.29951-001;Scil_g9420	1.9260650568679767e-29	9.439730549261824e-70	Aque_Aqu2.1.22704-001;Scil_g9957	1.4593636561806986e-08	9.647387254456962e-08
Aque_Aqu2.1.34429-001;Scil_g5447	7.854915848010625e-74	3.190862523694669e-160	Aque_Aqu2.1.43276-001;Scil_g2191	1.0182416073641277e-129	1.2017223918186125e-22	Aque_Aqu2.1.18813-001;Scil_g2393	1.5941414811933208e-143	8.000567264302671e-58	Aque_Aqu2.1.28647-001;Scil_g9745	1.7976193812861958e-143	8.363762318007075e-34	Aque_Aqu2.1.39723-001;Scil_g537	1.2205922770083687e-08	0.004161383952442335	Aque_Aqu2.1.36142-001;Scil_g11238	4.114280874411444e-54	1.5303060410408876e-110	Aque_Aqu2.1.31965-001;Scil_g8416	8.676398325265147e-133	3.0005616773400286e-72	Aque_Aqu2.1.39906-001;Scil_g8600	5.695135212169059e-155	5.086624277160392e-43	Aque_Aqu2.1.44221-001;Scil_g10508	5.994069235373014e-92	6.773534454109065e-120	Aque_Aqu2.1.21015-001;Scil_g5543	4.488784099627258e-96	1.9291177338406187e-15	Aque_Aqu2.1.21015-001;Scil_g12721	4.488784099627258e-96	2.7518111583598846e-25	Aque_Aqu2.1.41248-001;Scil_g13835	1.7758796050423134e-70	0.0010580287155102664	Aque_Aqu2.1.34247-001;Scil_g9420	1.71031195062505e-34	1.1318386297750748e-155	Aque_Aqu2.1.43276-001;Scil_g2191	1.2417305666889384e-72	1.2017223918186125e-22	Aque_Aqu2.1.34247-001;Scil_g9420	1.71031195062505e-34	9.439730549261824e-70	Aque_Aqu2.1.20539-001;Scil_g12320	8.283002901269206e-10	0.0002587783562025851
Aque_Aqu2.1.39740-001;Scil_g2822	3.486960784146766e-51	3.047913131118781e-47	Aque_Aqu2.1.34344-001;Scil_g7064	4.469710923167695e-16	7.495828822754004e-95	Aque_Aqu2.1.31038-001;Scil_g9420	1.0272479399297856e-48	9.439730549261824e-70	Aque_Aqu2.1.28647-001;Scil_g9721	1.7976193812861958e-143	6.982027113793083e-34				Aque_Aqu2.1.33559-001;Scil_g7993	8.571368772036795e-50	1.4979922799294725e-229	Aque_Aqu2.1.33559-001;Scil_g7993	4.711929758987128e-54	1.4979922799294725e-229	Aque_Aqu2.1.39906-001;Scil_g5478	5.695135212169059e-155	1.5061464715015508e-67	Aque_Aqu2.1.28223-001;Scil_g4792	1.3844036382592803e-13	2.1672041103820224e-120	Aque_Aqu2.1.28497-001;Scil_g9010	6.265744639493593e-06	1.2264590765501197e-29	Aque_Aqu2.1.33604-001;Scil_g11513	0.00018672684408454628	1.5447906406929764e-05	Aque_Aqu2.1.35277-001;Scil_g2367	3.452569879320617e-49	7.672319809832575e-118	Aque_Aqu2.1.34429-001;Scil_g10574	4.114553893179646e-74	9.100082086450254e-157	Aque_Aqu2.1.14505-001;Scil_g1061	7.790561052606891e-22	1.0251660571293946e-93	Aque_Aqu2.1.44221-001;Scil_g6803	1.0164839656097992e-72	4.0147325213091934e-71	Aque_Aqu2.1.33932-001;Scil_g9957	4.150714280325435e-05	9.647387254456962e-08
Aque_Aqu2.1.33693-001;Scil_g12599	2.272650030560976e-17	1.4530854336761406e-95	Aque_Aqu2.1.42569-001;Scil_g8107	2.5352856125127514e-06	1.3169257008428386e-78	Aque_Aqu2.1.34247-001;Scil_g9420	5.995179413289e-67	9.439730549261824e-70	Aque_Aqu2.1.24376-001;Scil_g2266	3.214491794611835e-10	7.362969360324233e-33				Aque_Aqu2.1.11170-001;Scil_g7471	7.985673239814531e-25	6.980756942552647e-53	Aque_Aqu2.1.33559-001;Scil_g7992	4.711929758987128e-54	2.2364116420560273e-30	Aque_Aqu2.1.35277-001;Scil_g2367	1.2977733922935712e-23	7.672319809832575e-118	Aque_Aqu2.1.38560-001;Scil_g10147	1.0497286366750963e-20	4.551182698597302e-95	Aque_Aqu2.1.28495-001;Scil_g9010	4.458325986516477e-24	1.2264590765501197e-29	Aque_Aqu2.1.41892-001;Scil_g49	5.2142493076430264e-14	7.260261228852569e-47	Aque_Aqu2.1.33774-001;Scil_g2367	7.084731489211164e-67	7.672319809832575e-118	Aque_Aqu2.1.14505-001;Scil_g1061	7.790561052606891e-22	5.0325548735226354e-151	Aque_Aqu2.1.29951-001;Scil_g9420	1.9260650568679767e-29	2.61542842285498e-86	Aque_Aqu2.1.34429-001;Scil_g5447	4.114553893179646e-74	7.771309364607116e-72	Aque_Aqu2.1.30870-001;Scil_g9880	6.504698888036333e-09	9.123963566962543e-11
Aque_Aqu2.1.26684-001;Scil_g1710	5.16651150424784e-114	2.628806610170429e-155	Aque_Aqu2.1.29076-001;Scil_g7064	1.6735204441251737e-27	7.495828822754004e-95	Aque_Aqu2.1.34429-001;Scil_g10574	7.854915848010625e-74	1.0092797959529216e-75	Aque_Aqu2.1.28570-001;Scil_g1710	6.837768357397875e-22	2.3095564926811274e-35				Aque_Aqu2.1.34134-001;Scil_g12516	1.331988036968737e-162	0.0018996243963378607	Aque_Aqu2.1.19199-001;Scil_g8416	2.3543543443084444e-88	3.0005616773400286e-72	Aque_Aqu2.1.40413-001;Scil_g7126	4.5608643156530816e-45	4.550324673133158e-154	Aque_Aqu2.1.38146-001;Scil_g10140	6.387586082111135e-11	5.963012473984281e-36	Aque_Aqu2.1.28497-001;Scil_g2930	6.265744639493593e-06	3.3176949352516434e-14	Aque_Aqu2.1.28223-001;Scil_g49	1.3844036382592803e-13	7.260261228852569e-47	Aque_Aqu2.1.33096-001;Scil_g2367	0.00032202667738230823	7.672319809832575e-118	Aque_Aqu2.1.44221-001;Scil_g877	1.0164839656097992e-72	2.0942530742981258e-154	Aque_Aqu2.1.44221-001;Scil_g6803	1.0164839656097992e-72	2.221893686373928e-86	Aque_Aqu2.1.44221-001;Scil_g877	1.0164839656097992e-72	3.436755750647432e-72	Aque_Aqu2.1.38447-001;Scil_g1806	2.961210012609584e-09	0.000594335099698613
Aque_Aqu2.1.28647-001;Scil_g9745	1.7976193812861958e-143	2.9903576246108086e-158	Aque_Aqu2.1.34247-001;Scil_g9420	5.995179413289e-67	2.61542842285498e-86	Aque_Aqu2.1.36280-001;Scil_g11065	3.288773730928107e-103	5.117482119491709e-71	Aque_Aqu2.1.39296-001;Scil_g8647	8.497757503283989e-55	2.3753328471789344e-08				Aque_Aqu2.1.26656-001;Scil_g11106	4.993104914564233e-137	5.625711319294789e-12	Aque_Aqu2.1.38752-001;Scil_g4821	1.5804020643111057e-187	4.196562415733154e-29	Aque_Aqu2.1.31166-001;Scil_g4132	2.4677337861874384e-27	5.5570699386879124e-132	Aque_Aqu2.1.43637-001;Scil_g13026	8.152574204947499e-32	4.83779984233148e-48	Aque_Aqu2.1.28495-001;Scil_g2930	4.458325986516477e-24	3.3176949352516434e-14	Aque_Aqu2.1.39906-001;Scil_g5478	5.695135212169059e-155	0.00042986270026524535	Aque_Aqu2.1.40413-001;Scil_g7126	1.0846582125047793e-30	4.550324673133158e-154	Aque_Aqu2.1.38430-001;Scil_g12599	2.785624219748749e-32	1.4530854336761406e-95	Aque_Aqu2.1.44221-001;Scil_g877	1.0164839656097992e-72	1.1371250482772108e-92	Aque_Aqu2.1.14505-001;Scil_g1061	7.790561052606891e-22	1.6531340316030627e-66	Aque_Aqu2.1.31010-001;Scil_g13676	1.5372000909834853e-06	0.0003092072799305785
Aque_Aqu2.1.28647-001;Scil_g9721	1.7976193812861958e-143	1.2653200187781413e-158	Aque_Aqu2.1.37816-001;Scil_g4517	5.351220243248752e-65	4.833548353276332e-67	Aque_Aqu2.1.37095-001;Scil_g6036	1.7138617390298075e-107	1.0858865140163846e-41	Aque_Aqu2.1.36280-001;Scil_g11065	3.288773730928107e-103	3.759957343833095e-33				Aque_Aqu2.1.33559-001;Scil_g7992	8.571368772036795e-50	2.2364116420560273e-30	Aque_Aqu2.1.36142-001;Scil_g11399	4.0505981920120795e-12	1.546575633172773e-199	Aque_Aqu2.1.37679-001;Scil_g13430	7.068023640570212e-24	5.4415909022841374e-14	Aque_Aqu2.1.29497-001;Scil_g8135	6.077919633614359e-57	1.6919501782107682e-97	Aque_Aqu2.1.35277-001;Scil_g8310	1.2977733922935712e-23	7.09985049785407e-11	Aque_Aqu2.1.33443-001;Scil_g49	4.986367745258103e-05	7.260261228852569e-47	Aque_Aqu2.1.31166-001;Scil_g4132	3.8034784135835386e-11	5.5570699386879124e-132	Aque_Aqu2.1.41302-001;Scil_g10741	1.593114344057822e-11	1.0707452493770196e-158	Aque_Aqu2.1.29076-001;Scil_g7064	3.633124956792878e-18	7.495828822754004e-95	Aque_Aqu2.1.29497-001;Scil_g1157	1.2112662309644303e-77	1.1520825168030329e-29	Aque_Aqu2.1.33761-001;Scil_g208	1.7677837593587218e-35	2.8004464112667096e-32
Aque_Aqu2.1.34429-001;Scil_g10574	7.854915848010625e-74	9.100082086450254e-157	Aque_Aqu2.1.44221-001;Scil_g6803	2.4142643864291954e-16	2.221893686373928e-86	Aque_Aqu2.1.26684-001;Scil_g1710	5.16651150424784e-114	3.602405986873582e-60	Aque_Aqu2.1.24541-001;Scil_g9008	2.344168441479099e-143	6.768924266551592e-17				Aque_Aqu2.1.37297-001;Scil_g11399	1.461101636464387e-07	1.546575633172773e-199	Aque_Aqu2.1.38750-001;Scil_g4821	4.160461261776937e-93	4.196562415733154e-29	Aque_Aqu2.1.26326-001;Scil_g6734	9.173280907484971e-09	6.522593975599372e-130	Aque_Aqu2.1.21015-001;Scil_g12721	4.488784099627258e-96	1.7835176393336055e-43	Aque_Aqu2.1.44139-001;Scil_g9010	0.0013345187120564206	1.2264590765501197e-29	Aque_Aqu2.1.41892-001;Scil_g6719	5.2142493076430264e-14	1.60094857404039e-42	Aque_Aqu2.1.35277-001;Scil_g8600	3.452569879320617e-49	5.086624277160392e-43	Aque_Aqu2.1.44221-001;Scil_g6803	1.0164839656097992e-72	8.511999104027974e-111	Aque_Aqu2.1.34344-001;Scil_g7064	2.149882173753952e-14	7.495828822754004e-95	Aque_Aqu2.1.39916-001;Scil_g2323	2.9667398630381824e-15	1.4074066131626783e-71	Aque_Aqu2.1.39160-001;Scil_g2576	3.595877896775303e-08	0.005683141959625487
Aque_Aqu2.1.25862-001;Scil_g9420	1.4164840831138878e-69	1.1318386297750748e-155	Aque_Aqu2.1.38435-001;Scil_g4517	3.2496804617101288e-21	4.833548353276332e-67	Aque_Aqu2.1.42605-001;Scil_g6036	9.509180868415106e-59	1.0858865140163846e-41	Aque_Aqu2.1.29496-001;Scil_g1157	1.2768054689113486e-36	7.676891407622203e-15				Aque_Aqu2.1.30110-001;Scil_g7471	2.308865816166031e-15	6.980756942552647e-53	Aque_Aqu2.1.41092-001;Scil_g7471	2.646540504612954e-90	6.980756942552647e-53	Aque_Aqu2.1.21015-001;Scil_g12721	4.488784099627258e-96	1.580144500595143e-150	Aque_Aqu2.1.28510-001;Scil_g1202	5.959189221181413e-33	2.9447355057656847e-90	Aque_Aqu2.1.28489-001;Scil_g9010	1.2639077541595553e-28	1.2264590765501197e-29	Aque_Aqu2.1.31166-001;Scil_g4132	2.4677337861874384e-27	4.3231578462610203e-07	Aque_Aqu2.1.39905-001;Scil_g2366	3.4174332022971364e-10	2.404803307656588e-168	Aque_Aqu2.1.14505-001;Scil_g4929	7.790561052606891e-22	2.6638120184522244e-128	Aque_Aqu2.1.34429-001;Scil_g10574	4.114553893179646e-74	1.003770721174451e-89	Aque_Aqu2.1.14505-001;Scil_g4929	7.790561052606891e-22	3.464830970332022e-64	Aque_Aqu2.1.33761-001;Scil_g3179	1.7677837593587218e-35	9.983549364601248e-23
Aque_Aqu2.1.31038-001;Scil_g9420	1.0272479399297856e-48	1.1318386297750748e-155	Aque_Aqu2.1.44221-001;Scil_g877	2.4142643864291954e-16	1.1371250482772108e-92	Aque_Aqu2.1.34429-001;Scil_g5447	7.854915848010625e-74	7.771309364607116e-72	Aque_Aqu2.1.18813-001;Scil_g2393	1.5941414811933208e-143	8.86525815317342e-25				Aque_Aqu2.1.36394-001;Scil_g6856	9.97074108937263e-75	1.1403746684871432e-12	Aque_Aqu2.1.42107-001;Scil_g5580	1.709353496819872e-61	5.496311572165632e-30	Aque_Aqu2.1.35277-001;Scil_g8600	1.2977733922935712e-23	5.086624277160392e-43	Aque_Aqu2.1.41892-001;Scil_g4792	5.2142493076430264e-14	2.1672041103820224e-120	Aque_Aqu2.1.24259-001;Scil_g2930	0.001466921024567994	3.3176949352516434e-14	Aque_Aqu2.1.39905-001;Scil_g2366	1.4006866036488385e-125	4.004528578898898e-09	Aque_Aqu2.1.38599-001;Scil_g13430	5.762820718758276e-35	5.4415909022841374e-14	Aque_Aqu2.1.39916-001;Scil_g2323	2.9667398630381824e-15	1.3142887755311866e-149	Aque_Aqu2.1.34429-001;Scil_g5447	4.114553893179646e-74	4.471687068628944e-89	Aque_Aqu2.1.41302-001;Scil_g10741	1.593114344057822e-11	6.418687116510514e-58	Aque_Aqu2.1.29982-001;Scil_g1214	3.8405340621262266e-06	7.042830603570284e-13
Aque_Aqu2.1.34344-001;Scil_g7064	4.469710923167695e-16	1.868540122167865e-153	Aque_Aqu2.1.41892-001;Scil_g4335	8.326661223111995e-07	2.8855770379476457e-94	Aque_Aqu2.1.14128-001;Scil_g9420	2.4522134152092073e-15	9.439730549261824e-70	Aque_Aqu2.1.37818-001;Scil_g9008	1.1042169105070999e-65	6.768924266551592e-17				Aque_Aqu2.1.42107-001;Scil_g5580	2.827384835718196e-67	5.496311572165632e-30	Aque_Aqu2.1.10425-001;Scil_g10128	4.63879348899057e-125	3.7939070721083785e-05	Aque_Aqu2.1.37679-001;Scil_g4524	7.068023640570212e-24	1.2091609115166517e-12	Aque_Aqu2.1.25014-001;Scil_g10086	9.391661029388434e-09	3.0338463385256324e-05	Aque_Aqu2.1.28223-001;Scil_g6719	1.3844036382592803e-13	1.7693134985060617e-86	Aque_Aqu2.1.09944-001;Scil_g7679	0.004804262408180055	2.150189781868642e-06	Aque_Aqu2.1.33096-001;Scil_g8600	0.00032202667738230823	5.086624277160392e-43	Aque_Aqu2.1.29497-001;Scil_g1157	1.2112662309644303e-77	2.322958709820274e-49	Aque_Aqu2.1.42569-001;Scil_g8107	0.004968804371715004	1.3169257008428386e-78	Aque_Aqu2.1.31551-001;Scil_g7883	5.480233371944621e-11	7.832621607869524e-72	Aque_Aqu2.1.44244-001;Scil_g5695	0.0006519647998098208	5.796333952112716e-05
Aque_Aqu2.1.14128-001;Scil_g9420	2.4522134152092073e-15	1.1318386297750748e-155	Aque_Aqu2.1.15643-001;Scil_g12920	2.811107726834875e-30	3.023684228629527e-07	Aque_Aqu2.1.33693-001;Scil_g12599	2.272650030560976e-17	6.341065114787564e-42	Aque_Aqu2.1.34247-001;Scil_g9420	5.995179413289e-67	1.4091974360039661e-33				Aque_Aqu2.1.11170-001;Scil_g12131	7.985673239814531e-25	2.2731884289040125e-05	Aque_Aqu2.1.34441-001;Scil_g11974	8.94792185533382e-40	4.0962729918117245e-50	Aque_Aqu2.1.37679-001;Scil_g12238	7.068023640570212e-24	9.316586458395207e-08	Aque_Aqu2.1.29496-001;Scil_g8135	0.0005693519180481434	1.6919501782107682e-97	Aque_Aqu2.1.44139-001;Scil_g2930	0.0013345187120564206	3.3176949352516434e-14	Aque_Aqu2.1.28223-001;Scil_g6719	1.3844036382592803e-13	1.60094857404039e-42	Aque_Aqu2.1.21015-001;Scil_g12721	1.2898436236055814e-74	1.580144500595143e-150	Aque_Aqu2.1.25862-001;Scil_g9420	2.0549201860468497e-37	1.1318386297750748e-155	Aque_Aqu2.1.34247-001;Scil_g9420	1.71031195062505e-34	2.61542842285498e-86	Aque_Aqu2.1.29076-001;Scil_g7064	3.633124956792878e-18	3.3296478760382412e-71	Aque_Aqu2.1.39819-001;Scil_g9880	4.887340314642046e-14	9.123963566962543e-11
Aque_Aqu2.1.41302-001;Scil_g10741	3.049277438668542e-10	1.0707452493770196e-158	Aque_Aqu2.1.18813-001;Scil_g2393	1.5941414811933208e-143	1.3930455674783426e-93	Aque_Aqu2.1.40808-001;Scil_g271	9.744230663720027e-132	8.805107230046131e-07	Aque_Aqu2.1.29076-001;Scil_g7064	1.6735204441251737e-27	3.4262948941657927e-34				Aque_Aqu2.1.28793-001;Scil_g750	5.82906724423568e-77	0.0030488697490813794	Aque_Aqu2.1.35499-001;Scil_g4190	1.2692762160706003e-88	1.976243892774613e-57	Aque_Aqu2.1.28495-001;Scil_g12942	4.458325986516477e-24	1.585995620714019e-93	Aque_Aqu2.1.43536-001;Scil_g2793	3.1456270560029736e-13	1.1197019573576427e-08	Aque_Aqu2.1.15643-001;Scil_g825	1.378157857410754e-124	7.448139611401511e-06	Aque_Aqu2.1.38599-001;Scil_g7679	6.89707358796606e-05	2.150189781868642e-06	Aque_Aqu2.1.39906-001;Scil_g2367	7.684364513065897e-17	7.672319809832575e-118	Aque_Aqu2.1.31551-001;Scil_g7883	5.480233371944621e-11	1.5018632352883118e-161	Aque_Aqu2.1.25578-001;Scil_g4517	0.005312301831445139	4.833548353276332e-67	Aque_Aqu2.1.34429-001;Scil_g110	4.114553893179646e-74	3.8040637262560273e-10	Aque_Aqu2.1.21064-001;Scil_g1475	6.672971995644906e-07	6.422959152961298e-06
Aque_Aqu2.1.31586-001;Scil_g2493	6.035842798121547e-07	3.171133198751257e-158	Aque_Aqu2.1.34429-001;Scil_g10574	7.854915848010625e-74	1.003770721174451e-89	Aque_Aqu2.1.15179-001;Scil_g9786	3.908744777047258e-23	7.761919273215384e-72	Aque_Aqu2.1.44247-001;Scil_g9331	3.554518331741283e-29	1.554259716640806e-29				Aque_Aqu2.1.33558-001;Scil_g7993	7.66292357396136e-06	1.4979922799294725e-229	Aque_Aqu2.1.31965-001;Scil_g10128	8.676398325265147e-133	3.7939070721083785e-05	Aque_Aqu2.1.28223-001;Scil_g49	1.3844036382592803e-13	3.553367353846493e-191	Aque_Aqu2.1.41692-001;Scil_g11208	0.0001319903308633703	1.8699938263794724e-20	Aque_Aqu2.1.28489-001;Scil_g2930	1.2639077541595553e-28	3.3176949352516434e-14	Aque_Aqu2.1.33443-001;Scil_g6719	4.986367745258103e-05	1.60094857404039e-42	Aque_Aqu2.1.41049-001;Scil_g13539	3.1349616642062083e-119	1.1694918522643926e-103	Aque_Aqu2.1.28647-001;Scil_g9745	3.257848752489315e-06	2.9903576246108086e-158	Aque_Aqu2.1.43326-001;Scil_g11335	9.597124260548117e-77	8.759682145186129e-07	Aque_Aqu2.1.25862-001;Scil_g9420	2.0549201860468497e-37	9.439730549261824e-70	Aque_Aqu2.1.20539-001;Scil_g2576	8.283002901269206e-10	0.005683141959625487
Aque_Aqu2.1.36280-001;Scil_g11065	3.288773730928107e-103	5.93608608027531e-159	Aque_Aqu2.1.34429-001;Scil_g5447	7.854915848010625e-74	4.471687068628944e-89	Aque_Aqu2.1.29076-001;Scil_g7064	1.6735204441251737e-27	3.3296478760382412e-71	Aque_Aqu2.1.38191-001;Scil_g9230	5.740348681209968e-44	3.5595926977201445e-33				Aque_Aqu2.1.41459-001;Scil_g7471	1.5794802762380623e-08	6.980756942552647e-53	Aque_Aqu2.1.42687-001;Scil_g12714	6.214032193858466e-257	1.5595193887192883e-11	Aque_Aqu2.1.31586-001;Scil_g12820	1.7372787348993547e-40	4.7226135486708815e-49	Aque_Aqu2.1.34863-001;Scil_g10140	7.856949568546215e-16	5.963012473984281e-36	Aque_Aqu2.1.41692-001;Scil_g11209	0.0001319903308633703	7.014411163892024e-21	Aque_Aqu2.1.21015-001;Scil_g7598	4.488784099627258e-96	1.9243818916688413e-05	Aque_Aqu2.1.41049-001;Scil_g130	3.1349616642062083e-119	4.569395335591736e-93	Aque_Aqu2.1.28647-001;Scil_g9721	3.257848752489315e-06	1.2653200187781413e-158	Aque_Aqu2.1.37816-001;Scil_g4517	0.00680584638096658	4.833548353276332e-67	Aque_Aqu2.1.38430-001;Scil_g12599	2.785624219748749e-32	6.341065114787564e-42	Aque_Aqu2.1.33761-001;Scil_g3180	1.7677837593587218e-35	2.980329520393233e-39
Aque_Aqu2.1.15179-001;Scil_g9786	3.908744777047258e-23	2.518797255087445e-156	Aque_Aqu2.1.41892-001;Scil_g20	8.326661223111995e-07	3.034859832850301e-78	Aque_Aqu2.1.25862-001;Scil_g9420	1.4164840831138878e-69	9.439730549261824e-70	Aque_Aqu2.1.25405-001;Scil_g8992	2.7610085691748473e-15	3.427580241649399e-35				Aque_Aqu2.1.19199-001;Scil_g8416	1.4936963311969493e-103	3.0005616773400286e-72	Aque_Aqu2.1.38752-001;Scil_g5520	1.5804020643111057e-187	3.2822396728584823e-09	Aque_Aqu2.1.31586-001;Scil_g5478	1.7372787348993547e-40	1.5061464715015508e-67	Aque_Aqu2.1.40905-001;Scil_g8135	2.293128987599471e-12	1.6919501782107682e-97	Aque_Aqu2.1.41892-001;Scil_g6719	5.2142493076430264e-14	1.7693134985060617e-86	Aque_Aqu2.1.40413-001;Scil_g7126	4.5608643156530816e-45	8.612786914752486e-09	Aque_Aqu2.1.28488-001;Scil_g178	2.665580690789617e-63	1.4769874519580662e-05	Aque_Aqu2.1.29497-001;Scil_g2541	1.2112662309644303e-77	7.336088079769624e-20	Aque_Aqu2.1.38430-001;Scil_g12599	2.785624219748749e-32	4.173021689879131e-75	Aque_Aqu2.1.34344-001;Scil_g7064	2.149882173753952e-14	3.3296478760382412e-71	Aque_Aqu2.1.35109-001;Scil_g1634	0.008303375665671872	0.0011406916403357366
Aque_Aqu2.1.44221-001;Scil_g877	2.4142643864291954e-16	2.0942530742981258e-154	Aque_Aqu2.1.37816-001;Scil_g2191	5.351220243248752e-65	1.2017223918186125e-22	Aque_Aqu2.1.29496-001;Scil_g1157	1.2768054689113486e-36	1.1520825168030329e-29	Aque_Aqu2.1.29496-001;Scil_g2541	1.2768054689113486e-36	1.2458272345387522e-06				Aque_Aqu2.1.14719-001;Scil_g11106	4.295539059517091e-47	5.625711319294789e-12	Aque_Aqu2.1.38750-001;Scil_g5520	4.160461261776937e-93	3.2822396728584823e-09	Aque_Aqu2.1.17340-001;Scil_g13430	2.534616707284264e-07	5.4415909022841374e-14	Aque_Aqu2.1.41520-001;Scil_g10140	4.988517977277189e-10	5.963012473984281e-36	Aque_Aqu2.1.34863-001;Scil_g10140	7.856949568546215e-16	6.301139309833466e-34	Aque_Aqu2.1.41692-001;Scil_g11204	0.0001319903308633703	0.0008862786980164888	Aque_Aqu2.1.39626-001;Scil_g7130	0.0001575771709292537	1.1016928371962666e-49	Aque_Aqu2.1.15179-001;Scil_g9786	3.197697556694575e-06	2.518797255087445e-156	Aque_Aqu2.1.29382-001;Scil_g1622	3.2854407279747734e-26	1.6462482856037657e-14	Aque_Aqu2.1.18813-001;Scil_g2393	2.609938410873934e-08	8.000567264302671e-58	Aque_Aqu2.1.32600-001;Scil_g7070	9.637304403364936e-05	2.5530021738964385e-09
Aque_Aqu2.1.29076-001;Scil_g7064	1.6735204441251737e-27	1.868540122167865e-153	Aque_Aqu2.1.37082-001;Scil_g4929	2.1405282321111328e-32	9.60239209900516e-95	Aque_Aqu2.1.41621-001;Scil_g12515	1.7335877317951547e-90	1.2166743848115378e-69	Aque_Aqu2.1.14128-001;Scil_g9420	2.4522134152092073e-15	1.4091974360039661e-33				Aque_Aqu2.1.37297-001;Scil_g11238	1.461101636464387e-07	1.5303060410408876e-110	Aque_Aqu2.1.35499-001;Scil_g5104	1.2692762160706003e-88	1.0482033334351304e-18	Aque_Aqu2.1.28497-001;Scil_g12942	6.265744639493593e-06	1.585995620714019e-93	Aque_Aqu2.1.21078-001;Scil_g119	5.590581436452151e-38	6.863192564336938e-73	Aque_Aqu2.1.26492-001;Scil_g5399	1.6532666556167817e-07	1.9731790304626847e-08	Aque_Aqu2.1.38554-001;Scil_g12335	3.744897044029404e-35	0.007493583359543352	Aque_Aqu2.1.38599-001;Scil_g12238	5.762820718758276e-35	9.316586458395207e-08	Aque_Aqu2.1.42554-001;Scil_g7031	3.840681526736188e-28	4.194366854523239e-155	Aque_Aqu2.1.33928-001;Scil_g7064	1.7070164772059762e-09	7.495828822754004e-95	Aque_Aqu2.1.28647-001;Scil_g9745	3.257848752489315e-06	7.036545193911838e-73	Aque_Aqu2.1.37434-001;Scil_g7847	0.0038741541790312532	0.004892560510004324
Aque_Aqu2.1.41621-001;Scil_g12515	1.7335877317951547e-90	1.905911867978329e-158	Aque_Aqu2.1.38435-001;Scil_g2191	3.2496804617101288e-21	1.2017223918186125e-22	Aque_Aqu2.1.25405-001;Scil_g8992	2.7610085691748473e-15	7.941370503540358e-71	Aque_Aqu2.1.41621-001;Scil_g12515	1.7335877317951547e-90	6.643336805702089e-34				Aque_Aqu2.1.34441-001;Scil_g11974	7.219142937079096e-31	4.0962729918117245e-50	Aque_Aqu2.1.42687-001;Scil_g6294	6.214032193858466e-257	2.7765686066162216e-06	Aque_Aqu2.1.41892-001;Scil_g49	5.2142493076430264e-14	3.553367353846493e-191	Aque_Aqu2.1.28223-001;Scil_g2609	1.3844036382592803e-13	2.496564254222248e-24	Aque_Aqu2.1.32503-001;Scil_g4881	8.836422303727378e-40	1.843464637993519e-10	Aque_Aqu2.1.38390-001;Scil_g12335	3.283777108141531e-31	0.007493583359543352	Aque_Aqu2.1.37679-001;Scil_g13430	2.5248735557729913e-06	5.4415909022841374e-14	Aque_Aqu2.1.29076-001;Scil_g7064	3.633124956792878e-18	1.868540122167865e-153	Aque_Aqu2.1.29077-001;Scil_g7064	0.004321048201029846	7.495828822754004e-95	Aque_Aqu2.1.42605-001;Scil_g6036	5.904277517281949e-05	1.0858865140163846e-41	Aque_Aqu2.1.38447-001;Scil_g562	2.961210012609584e-09	0.0001826393915450304
Aque_Aqu2.1.28570-001;Scil_g1710	6.837768357397875e-22	2.628806610170429e-155	Aque_Aqu2.1.41892-001;Scil_g13004	8.326661223111995e-07	2.5514582754827525e-91	Aque_Aqu2.1.41892-001;Scil_g13004	8.326661223111995e-07	1.4319668162711407e-72	Aque_Aqu2.1.42554-001;Scil_g7031	1.8699626977627877e-30	7.211734322082738e-36				Aque_Aqu2.1.37791-001;Scil_g2050	1.6485373751166976e-100	0.00028651022064054156	Aque_Aqu2.1.36142-001;Scil_g11238	4.0505981920120795e-12	1.5303060410408876e-110	Aque_Aqu2.1.21015-001;Scil_g7598	4.488784099627258e-96	1.49324567379754e-38	Aque_Aqu2.1.43536-001;Scil_g3071	3.1456270560029736e-13	5.950482999888198e-18	Aque_Aqu2.1.41438-001;Scil_g11476	1.3946157227008942e-10	1.5912869916857179e-16	Aque_Aqu2.1.31586-001;Scil_g5477	1.7372787348993547e-40	0.0011470396479952396	Aque_Aqu2.1.39906-001;Scil_g5478	7.684364513065897e-17	1.5061464715015508e-67	Aque_Aqu2.1.26684-001;Scil_g1710	1.2107904022326297e-05	2.628806610170429e-155	Aque_Aqu2.1.24982-001;Scil_g13147	3.424663280936137e-07	1.412220224672763e-66	Aque_Aqu2.1.15179-001;Scil_g9786	3.197697556694575e-06	7.761919273215384e-72	Aque_Aqu2.1.37635-001;Scil_g9211	5.1667889193783503e-05	0.0009830428992045762
Aque_Aqu2.1.25405-001;Scil_g8992	2.7610085691748473e-15	8.555357015931187e-159	Aque_Aqu2.1.41892-001;Scil_g4223	8.326661223111995e-07	1.5956933083580732e-91	Aque_Aqu2.1.41892-001;Scil_g4223	8.326661223111995e-07	1.8920182027213295e-72	Aque_Aqu2.1.43324-001;Scil_g1731	1.2736071685647366e-11	3.0987903860952702e-15				Aque_Aqu2.1.38788-001;Scil_g6584	1.5275319100073675e-192	0.0020938094375824523	Aque_Aqu2.1.42686-001;Scil_g12714	1.8986749547921507e-211	1.5595193887192883e-11	Aque_Aqu2.1.22332-001;Scil_g13039	9.838828213524885e-12	1.875632303654956e-21	Aque_Aqu2.1.28495-001;Scil_g9850	4.458325986516477e-24	2.9609292285413797e-44	Aque_Aqu2.1.32997-001;Scil_g7052	0.0014512453190468815	8.35679866756388e-12	Aque_Aqu2.1.28294-001;Scil_g7865	1.3804396387632021e-27	3.664664448254886e-08	Aque_Aqu2.1.36291-001;Scil_g691	3.81031630506145e-10	4.8022704351922313e-132	Aque_Aqu2.1.34344-001;Scil_g7064	2.149882173753952e-14	1.868540122167865e-153	Aque_Aqu2.1.37082-001;Scil_g4929	4.576776467650785e-15	9.60239209900516e-95	Aque_Aqu2.1.28647-001;Scil_g9721	3.257848752489315e-06	9.75888753126917e-73	Aque_Aqu2.1.43639-001;Scil_g1012	0.00028629557758849385	8.589179127387453e-05
Aque_Aqu2.1.44221-001;Scil_g6803	2.4142643864291954e-16	8.511999104027974e-111	Aque_Aqu2.1.42605-001;Scil_g6036	9.509180868415106e-59	9.543654246405655e-43	Aque_Aqu2.1.29077-001;Scil_g7064	3.031435493306638e-15	3.3296478760382412e-71	Aque_Aqu2.1.34429-001;Scil_g5447	7.854915848010625e-74	2.6307706150736326e-34				Aque_Aqu2.1.33762-001;Scil_g750	4.6505914408627524e-58	0.0030488697490813794	Aque_Aqu2.1.42031-001;Scil_g11632	1.4112285612521125e-30	7.572150145002301e-05	Aque_Aqu2.1.17340-001;Scil_g12238	2.534616707284264e-07	9.316586458395207e-08	Aque_Aqu2.1.23245-001;Scil_g6060	2.527911622459719e-106	1.215893018835872e-11	Aque_Aqu2.1.33443-001;Scil_g6719	4.986367745258103e-05	1.7693134985060617e-86	Aque_Aqu2.1.08677-001;Scil_g13539	7.208488648075431e-16	1.120479600624893e-06	Aque_Aqu2.1.37679-001;Scil_g4524	2.5248735557729913e-06	1.2091609115166517e-12	Aque_Aqu2.1.28223-001;Scil_g13004	0.0001247782164728605	1.2012413441445896e-159	Aque_Aqu2.1.39916-001;Scil_g2323	2.9667398630381824e-15	1.3888922016851693e-92	Aque_Aqu2.1.42554-001;Scil_g7031	3.840681526736188e-28	3.3073374555540937e-72	Aque_Aqu2.1.38796-001;Scil_g9288	0.0059344289841183505	4.552906355960331e-05
Aque_Aqu2.1.41943-001;Scil_g1343	1.0016906815678531e-30	8.636732229779643e-06	Aque_Aqu2.1.34343-001;Scil_g7064	1.748816289030163e-11	7.495828822754004e-95	Aque_Aqu2.1.28570-001;Scil_g1710	6.837768357397875e-22	3.602405986873582e-60	Aque_Aqu2.1.41302-001;Scil_g863	3.049277438668542e-10	1.7990152269895066e-35				Aque_Aqu2.1.27322-001;Scil_g7993	2.337178416522055e-06	1.4979922799294725e-229	Aque_Aqu2.1.36394-001;Scil_g6856	2.851071199291618e-53	1.1403746684871432e-12	Aque_Aqu2.1.42680-001;Scil_g6734	0.00434990374509876	6.522593975599372e-130	Aque_Aqu2.1.21174-001;Scil_g10140	0.00021564884897657527	5.963012473984281e-36	Aque_Aqu2.1.23693-001;Scil_g7434	4.929849823506541e-05	0.0006548667855886955	Aque_Aqu2.1.23239-001;Scil_g12335	7.943361772072874e-20	0.007493583359543352	Aque_Aqu2.1.31168-001;Scil_g4052	8.099219744208458e-08	1.9221875447288312e-05	Aque_Aqu2.1.28223-001;Scil_g4223	0.0001247782164728605	9.873544239186389e-160	Aque_Aqu2.1.18813-001;Scil_g2393	2.609938410873934e-08	1.3930455674783426e-93	Aque_Aqu2.1.29382-001;Scil_g1622	3.2854407279747734e-26	2.8657403092356865e-08	Aque_Aqu2.1.40905-001;Scil_g208	3.920453627010159e-23	2.8004464112667096e-32
Aque_Aqu2.1.41892-001;Scil_g13004	8.326661223111995e-07	1.2012413441445896e-159	Aque_Aqu2.1.35741-001;Scil_g2323	0.00040754156009998287	1.3888922016851693e-92	Aque_Aqu2.1.29951-001;Scil_g9420	0.00022028134504872317	9.439730549261824e-70	Aque_Aqu2.1.29077-001;Scil_g7064	3.031435493306638e-15	3.4262948941657927e-34				Aque_Aqu2.1.07288-001;Scil_g7471	0.0003153131800253428	6.980756942552647e-53	Aque_Aqu2.1.41092-001;Scil_g12131	2.646540504612954e-90	2.2731884289040125e-05	Aque_Aqu2.1.36291-001;Scil_g691	7.062226031678519e-62	4.8022704351922313e-132	Aque_Aqu2.1.40044-001;Scil_g552	2.8322222814374473e-28	8.948556207135125e-95	Aque_Aqu2.1.23843-001;Scil_g10974	0.0006005866338388875	1.441560994436236e-15	Aque_Aqu2.1.38146-001;Scil_g12881	6.387586082111135e-11	3.163444423429948e-06	Aque_Aqu2.1.36501-001;Scil_g2434	9.233039663685265e-08	4.985682385220709e-44	Aque_Aqu2.1.39740-001;Scil_g2822	2.860462552437996e-15	3.047913131118781e-47	Aque_Aqu2.1.25578-001;Scil_g2191	0.005312301831445139	1.2017223918186125e-22	Aque_Aqu2.1.37095-001;Scil_g6036	6.317847330705973e-12	1.0858865140163846e-41	Aque_Aqu2.1.35500-001;Scil_g11946	3.736183748746556e-16	4.953971924373348e-05
Aque_Aqu2.1.41892-001;Scil_g4223	8.326661223111995e-07	9.873544239186389e-160	Aque_Aqu2.1.31586-001;Scil_g2493	6.035842798121547e-07	1.562110105586015e-93	Aque_Aqu2.1.43276-001;Scil_g4517	1.0182416073641277e-129	1.596873247019166e-10	Aque_Aqu2.1.25862-001;Scil_g9420	1.4164840831138878e-69	1.4091974360039661e-33				Aque_Aqu2.1.42686-001;Scil_g12714	1.0831814991309953e-189	1.5595193887192883e-11	Aque_Aqu2.1.11170-001;Scil_g7471	6.638703732775192e-08	6.980756942552647e-53	Aque_Aqu2.1.08677-001;Scil_g13539	7.208488648075431e-16	1.1694918522643926e-103	Aque_Aqu2.1.39916-001;Scil_g6383	2.688541540398142e-13	2.1392724040905424e-13	Aque_Aqu2.1.14002-001;Scil_g10143	0.009317328685041957	6.006612428003235e-05	Aque_Aqu2.1.41626-001;Scil_g10491	8.340392326773783e-11	0.00784271087426108	Aque_Aqu2.1.21015-001;Scil_g7598	1.2898436236055814e-74	1.49324567379754e-38	Aque_Aqu2.1.14128-001;Scil_g9420	0.0056228831372082165	1.1318386297750748e-155	Aque_Aqu2.1.15179-001;Scil_g9786	3.197697556694575e-06	1.8130557993007557e-88	Aque_Aqu2.1.36280-001;Scil_g11065	6.583859642625656e-05	5.117482119491709e-71	Aque_Aqu2.1.35500-001;Scil_g5104	3.736183748746556e-16	0.009759025009889422
Aque_Aqu2.1.35741-001;Scil_g2323	0.00040754156009998287	1.3142887755311866e-149	Aque_Aqu2.1.41892-001;Scil_g2609	8.326661223111995e-07	1.5111048112200333e-68	Aque_Aqu2.1.41892-001;Scil_g4335	8.326661223111995e-07	3.007251507353725e-67	Aque_Aqu2.1.15179-001;Scil_g9786	3.908744777047258e-23	9.501057620654009e-32				Aque_Aqu2.1.37150-001;Scil_g2050	7.36739128811137e-114	0.00028651022064054156	Aque_Aqu2.1.37297-001;Scil_g11399	0.0038503850914560953	1.546575633172773e-199	Aque_Aqu2.1.36501-001;Scil_g2434	4.0103739281320257e-07	4.985682385220709e-44	Aque_Aqu2.1.28489-001;Scil_g9850	1.2639077541595553e-28	2.9609292285413797e-44	Aque_Aqu2.1.38146-001;Scil_g10140	6.387586082111135e-11	6.301139309833466e-34	Aque_Aqu2.1.41190-001;Scil_g12335	3.070020325785256e-26	0.007493583359543352	Aque_Aqu2.1.36501-001;Scil_g16	9.233039663685265e-08	3.0780431385019944e-38	Aque_Aqu2.1.31586-001;Scil_g2493	1.891188349453035e-06	3.171133198751257e-158	Aque_Aqu2.1.37816-001;Scil_g2191	0.00680584638096658	1.2017223918186125e-22	Aque_Aqu2.1.43276-001;Scil_g4517	1.2417305666889384e-72	1.596873247019166e-10	Aque_Aqu2.1.40333-001;Scil_g13189	4.2780196620254543e-10	0.000657059696045219
Aque_Aqu2.1.29497-001;Scil_g1157	1.613969228591092e-36	2.322958709820274e-49	Aque_Aqu2.1.26684-001;Scil_g1710	5.16651150424784e-114	1.4260236395027158e-79	Aque_Aqu2.1.34344-001;Scil_g7064	4.469710923167695e-16	3.3296478760382412e-71	Aque_Aqu2.1.41892-001;Scil_g20	8.326661223111995e-07	5.2266324876012925e-31				Aque_Aqu2.1.30110-001;Scil_g12131	2.308865816166031e-15	2.2731884289040125e-05	Aque_Aqu2.1.27795-001;Scil_g1858	3.6771649435806557e-13	1.3255464112178313e-28	Aque_Aqu2.1.39626-001;Scil_g7130	3.934806432082639e-12	1.1016928371962666e-49	Aque_Aqu2.1.18919-001;Scil_g10086	3.781793541868298e-15	3.0338463385256324e-05	Aque_Aqu2.1.28940-001;Scil_g13459	0.0008919440334010753	1.5080458043278715e-08	Aque_Aqu2.1.37883-001;Scil_g7865	1.8087879056502434e-19	3.664664448254886e-08	Aque_Aqu2.1.21205-001;Scil_g13039	0.0009160057530922595	1.875632303654956e-21	Aque_Aqu2.1.42762-001;Scil_g1846	7.811805062921284e-23	6.578026877377834e-99	Aque_Aqu2.1.39672-001;Scil_g1846	4.853247615656722e-15	3.7072688851209574e-77	Aque_Aqu2.1.28223-001;Scil_g13004	0.0001247782164728605	1.4319668162711407e-72	Aque_Aqu2.1.40333-001;Scil_g5233	4.2780196620254543e-10	5.527402714051699e-08
Aque_Aqu2.1.42549-001;Scil_g1343	4.864952737528873e-51	8.636732229779643e-06	Aque_Aqu2.1.29077-001;Scil_g7064	3.031435493306638e-15	7.495828822754004e-95	Aque_Aqu2.1.31586-001;Scil_g2493	6.035842798121547e-07	8.396436553490569e-72	Aque_Aqu2.1.29496-001;Scil_g13078	1.2768054689113486e-36	1.6630355162408285e-08				Aque_Aqu2.1.36394-001;Scil_g11408	9.97074108937263e-75	0.0009273067915295075	Aque_Aqu2.1.42686-001;Scil_g6294	1.8986749547921507e-211	2.7765686066162216e-06	Aque_Aqu2.1.36501-001;Scil_g16	4.0103739281320257e-07	3.0780431385019944e-38	Aque_Aqu2.1.33443-001;Scil_g4792	4.986367745258103e-05	2.1672041103820224e-120	Aque_Aqu2.1.41520-001;Scil_g10140	4.988517977277189e-10	6.301139309833466e-34	Aque_Aqu2.1.36501-001;Scil_g2434	4.0103739281320257e-07	0.0007014496651874244	Aque_Aqu2.1.39906-001;Scil_g8600	7.684364513065897e-17	5.086624277160392e-43	Aque_Aqu2.1.36280-001;Scil_g11065	6.583859642625656e-05	5.93608608027531e-159	Aque_Aqu2.1.28223-001;Scil_g4335	0.0001247782164728605	2.8855770379476457e-94	Aque_Aqu2.1.24982-001;Scil_g13147	3.424663280936137e-07	1.8194692623411704e-45	Aque_Aqu2.1.13442-001;Scil_g5996	2.2832432135957487e-12	9.827161534642123e-09
Aque_Aqu2.1.42548-001;Scil_g5592	5.420837544320485e-66	2.184220536855156e-67	Aque_Aqu2.1.29951-001;Scil_g9014	0.00022028134504872317	0.0027978391910432904	Aque_Aqu2.1.34429-001;Scil_g110	7.854915848010625e-74	3.8040637262560273e-10	Aque_Aqu2.1.44246-001;Scil_g4378	7.348281244918552e-80	5.054538099782425e-13				Aque_Aqu2.1.34914-001;Scil_g1066	9.937600746588482e-12	9.692884806022747e-33	Aque_Aqu2.1.43909-001;Scil_g903	1.0966451462043642e-72	0.0008332685915331989	Aque_Aqu2.1.08677-001;Scil_g130	7.208488648075431e-16	4.569395335591736e-93	Aque_Aqu2.1.34863-001;Scil_g13127	7.856949568546215e-16	1.1909346607224929e-09	Aque_Aqu2.1.39906-001;Scil_g5478	5.695135212169059e-155	0.0003749443970407659	Aque_Aqu2.1.36291-001;Scil_g691	7.062226031678519e-62	1.1157071266169902e-06	Aque_Aqu2.1.37679-001;Scil_g12238	2.5248735557729913e-06	9.316586458395207e-08	Aque_Aqu2.1.41049-001;Scil_g130	3.1349616642062083e-119	2.0188401445695373e-82	Aque_Aqu2.1.41049-001;Scil_g130	3.1349616642062083e-119	1.4146731984658691e-66	Aque_Aqu2.1.28223-001;Scil_g4223	0.0001247782164728605	1.8920182027213295e-72	Aque_Aqu2.1.31907-001;Scil_g13189	3.794174224429284e-07	0.000657059696045219
Aque_Aqu2.1.29496-001;Scil_g1157	1.2768054689113486e-36	2.322958709820274e-49	Aque_Aqu2.1.15179-001;Scil_g9786	3.908744777047258e-23	1.8130557993007557e-88	Aque_Aqu2.1.41302-001;Scil_g10741	3.049277438668542e-10	6.418687116510514e-58	Aque_Aqu2.1.26118-001;Scil_g645	1.1077058835232494e-24	4.513762609672274e-33				Aque_Aqu2.1.31900-001;Scil_g11210	1.7019153529016545e-56	0.0032434054730837423	Aque_Aqu2.1.39593-001;Scil_g9431	1.0415950099465564e-25	2.2604854558921415e-07	Aque_Aqu2.1.33443-001;Scil_g49	4.986367745258103e-05	3.553367353846493e-191	Aque_Aqu2.1.08677-001;Scil_g130	7.208488648075431e-16	3.602006050929476e-46	Aque_Aqu2.1.29497-001;Scil_g8135	6.077919633614359e-57	2.51499300070688e-45	Aque_Aqu2.1.31586-001;Scil_g5478	1.7372787348993547e-40	0.00042986270026524535	Aque_Aqu2.1.28223-001;Scil_g49	0.0001247782164728605	3.553367353846493e-191	Aque_Aqu2.1.39672-001;Scil_g1846	4.853247615656722e-15	6.578026877377834e-99	Aque_Aqu2.1.34343-001;Scil_g7064	1.074270232820891e-06	7.495828822754004e-95	Aque_Aqu2.1.14128-001;Scil_g9420	0.0056228831372082165	9.439730549261824e-70	Aque_Aqu2.1.00828-001;Scil_g5996	2.3505399047911417e-12	9.827161534642123e-09
Aque_Aqu2.1.40905-001;Scil_g1157	9.527533673684782e-19	2.322958709820274e-49	Aque_Aqu2.1.28647-001;Scil_g9745	1.7976193812861958e-143	3.8728929434751946e-90	Aque_Aqu2.1.41892-001;Scil_g20	8.326661223111995e-07	1.560667198226129e-53	Aque_Aqu2.1.42085-001;Scil_g645	7.58547165552506e-19	4.513762609672274e-33				Aque_Aqu2.1.44009-001;Scil_g11945	6.829178733406637e-51	0.00028980519709260257	Aque_Aqu2.1.28492-001;Scil_g5104	1.2990573900827222e-105	1.0482033334351304e-18	Aque_Aqu2.1.32110-001;Scil_g6523	3.5145414330315455e-44	1.9208820673220015e-108	Aque_Aqu2.1.08677-001;Scil_g13539	7.208488648075431e-16	1.1454364321341173e-47	Aque_Aqu2.1.43559-001;Scil_g2584	8.208845897341611e-07	0.0013107786568666352	Aque_Aqu2.1.32110-001;Scil_g6523	3.5145414330315455e-44	4.884825186826807e-05	Aque_Aqu2.1.22332-001;Scil_g13039	5.767090618488872e-07	1.875632303654956e-21	Aque_Aqu2.1.34140-001;Scil_g7883	1.2311513054768545e-08	1.5018632352883118e-161	Aque_Aqu2.1.28223-001;Scil_g20	0.0001247782164728605	3.034859832850301e-78	Aque_Aqu2.1.28223-001;Scil_g4335	0.0001247782164728605	3.007251507353725e-67	Aque_Aqu2.1.31907-001;Scil_g5233	3.794174224429284e-07	5.527402714051699e-08
Aque_Aqu2.1.39820-001;Scil_g2822	0.00030930266620041397	3.047913131118781e-47	Aque_Aqu2.1.28647-001;Scil_g9721	1.7976193812861958e-143	7.303880045324631e-90	Aque_Aqu2.1.31038-001;Scil_g9014	1.0272479399297856e-48	1.3351828985732552e-05	Aque_Aqu2.1.24541-001;Scil_g8574	2.344168441479099e-143	8.781818811763976e-12				Aque_Aqu2.1.42092-001;Scil_g2050	9.684661360234216e-82	0.00028651022064054156	Aque_Aqu2.1.42050-001;Scil_g9431	1.3711598473476238e-18	2.2604854558921415e-07	Aque_Aqu2.1.38554-001;Scil_g12335	3.744897044029404e-35	8.988864806702545e-09	Aque_Aqu2.1.29081-001;Scil_g119	7.183480367196946e-22	6.863192564336938e-73	Aque_Aqu2.1.29497-001;Scil_g13078	6.077919633614359e-57	1.270550194124332e-16	Aque_Aqu2.1.28495-001;Scil_g12942	4.458325986516477e-24	0.00031586599501994467	Aque_Aqu2.1.22806-001;Scil_g3954	2.776203842403284e-32	6.7616665888983e-05	Aque_Aqu2.1.40997-001;Scil_g13119	1.1246864081167407e-15	1.899759874249231e-128	Aque_Aqu2.1.42605-001;Scil_g6036	5.904277517281949e-05	9.543654246405655e-43	Aque_Aqu2.1.41049-001;Scil_g130	3.1349616642062083e-119	1.1639739734115758e-43	Aque_Aqu2.1.43577-001;Scil_g13189	1.269014924047016e-10	0.000657059696045219
Aque_Aqu2.1.43276-001;Scil_g4517	1.0182416073641277e-129	1.501104113340493e-13	Aque_Aqu2.1.20342-001;Scil_g6013	0.00010916520259784427	7.969070712082654e-52	Aque_Aqu2.1.03528-001;Scil_g2894	2.524224078298844e-07	1.528861713276183e-50	Aque_Aqu2.1.16671-001;Scil_g13745	1.7538076482175143e-30	4.284629764943858e-31				Aque_Aqu2.1.22426-001;Scil_g12516	5.603482903153722e-37	0.0018996243963378607	Aque_Aqu2.1.04817-001;Scil_g1572	2.5806510890960834e-15	7.823311406353975e-54	Aque_Aqu2.1.20823-001;Scil_g13611	4.661500901187919e-17	8.156316910224347e-05	Aque_Aqu2.1.29076-001;Scil_g119	8.254780582515275e-21	6.863192564336938e-73	Aque_Aqu2.1.43536-001;Scil_g3071	3.1456270560029736e-13	1.9717722871071344e-22	Aque_Aqu2.1.39626-001;Scil_g7130	3.934806432082639e-12	0.001457736314519721	Aque_Aqu2.1.28940-001;Scil_g13459	6.754348966853163e-05	1.9096012719656576e-17	Aque_Aqu2.1.33928-001;Scil_g7064	1.7070164772059762e-09	1.868540122167865e-153	Aque_Aqu2.1.41049-001;Scil_g13539	3.1349616642062083e-119	3.8710966832846466e-62	Aque_Aqu2.1.42762-001;Scil_g1846	7.811805062921284e-23	2.6571136541369326e-45	Aque_Aqu2.1.43577-001;Scil_g5233	1.269014924047016e-10	5.527402714051699e-08
Aque_Aqu2.1.42605-001;Scil_g6036	9.509180868415106e-59	3.2501838191245744e-35	Aque_Aqu2.1.25578-001;Scil_g4517	9.46692299568766e-12	4.833548353276332e-67	Aque_Aqu2.1.42554-001;Scil_g7031	1.8699626977627877e-30	3.3073374555540937e-72	Aque_Aqu2.1.40411-001;Scil_g9331	2.2516488763377489e-07	1.554259716640806e-29				Aque_Aqu2.1.23244-001;Scil_g6060	5.2814784068730136e-39	5.92890919771049e-08	Aque_Aqu2.1.43823-001;Scil_g10711	1.7286420234835063e-58	9.234371273624221e-05	Aque_Aqu2.1.31586-001;Scil_g5477	1.7372787348993547e-40	7.031449584470436e-17	Aque_Aqu2.1.28497-001;Scil_g9850	6.265744639493593e-06	2.9609292285413797e-44	Aque_Aqu2.1.21174-001;Scil_g10140	0.00021564884897657527	6.301139309833466e-34	Aque_Aqu2.1.36501-001;Scil_g16	4.0103739281320257e-07	0.005084247818925539	Aque_Aqu2.1.39127-001;Scil_g1969	9.477302103520506e-06	8.95473607241483e-20	Aque_Aqu2.1.41621-001;Scil_g12515	3.759877614692764e-06	1.905911867978329e-158	Aque_Aqu2.1.28488-001;Scil_g12509	2.665580690789617e-63	0.0007866762903271074	Aque_Aqu2.1.29951-001;Scil_g9014	1.9260650568679767e-29	1.3351828985732552e-05	Aque_Aqu2.1.25768-001;Scil_g2018	2.222481593243513e-07	2.3017435463103695e-07
Aque_Aqu2.1.34140-001;Scil_g7883	8.624609785310953e-08	1.5018632352883118e-161	Aque_Aqu2.1.37713-001;Scil_g4517	1.7092280498504553e-19	4.833548353276332e-67	Aque_Aqu2.1.44221-001;Scil_g6803	2.4142643864291954e-16	4.0147325213091934e-71	Aque_Aqu2.1.34344-001;Scil_g7064	4.469710923167695e-16	3.4262948941657927e-34				Aque_Aqu2.1.33558-001;Scil_g7992	7.66292357396136e-06	2.2364116420560273e-30	Aque_Aqu2.1.33939-001;Scil_g9431	3.504474140696394e-23	2.2604854558921415e-07	Aque_Aqu2.1.39672-001;Scil_g9134	1.7219934783810546e-24	1.1687523273894093e-15	Aque_Aqu2.1.43637-001;Scil_g13000	8.152574204947499e-32	7.650787255511761e-23	Aque_Aqu2.1.43637-001;Scil_g13026	8.152574204947499e-32	4.1779960022114285e-20	Aque_Aqu2.1.43536-001;Scil_g2793	3.1456270560029736e-13	0.00970677088086028	Aque_Aqu2.1.42607-001;Scil_g5469	8.472651779597856e-23	2.096290625544736e-06	Aque_Aqu2.1.41049-001;Scil_g13539	3.1349616642062083e-119	9.282076087753397e-65	Aque_Aqu2.1.42762-001;Scil_g1846	7.811805062921284e-23	3.7072688851209574e-77	Aque_Aqu2.1.26684-001;Scil_g1710	1.2107904022326297e-05	3.602405986873582e-60	Aque_Aqu2.1.22592-001;Scil_g9955	0.00023764189344227955	0.006997751502377119
Aque_Aqu2.1.29497-001;Scil_g2541	1.613969228591092e-36	7.336088079769624e-20	Aque_Aqu2.1.14128-001;Scil_g9420	2.4522134152092073e-15	2.61542842285498e-86	Aque_Aqu2.1.29497-001;Scil_g1157	1.613969228591092e-36	1.1520825168030329e-29	Aque_Aqu2.1.37818-001;Scil_g8574	1.1042169105070999e-65	8.781818811763976e-12				Aque_Aqu2.1.42686-001;Scil_g6294	1.0831814991309953e-189	2.7765686066162216e-06	Aque_Aqu2.1.35513-001;Scil_g5520	1.9223474439878673e-49	3.2822396728584823e-09	Aque_Aqu2.1.38390-001;Scil_g12335	3.283777108141531e-31	8.988864806702545e-09	Aque_Aqu2.1.43995-001;Scil_g7247	1.2817282397478916e-13	1.2218991233504169e-48	Aque_Aqu2.1.41653-001;Scil_g8832	5.400992414490759e-06	5.380155472662177e-69	Aque_Aqu2.1.29497-001;Scil_g8135	6.077919633614359e-57	6.613510251588844e-11	Aque_Aqu2.1.19251-001;Scil_g10403	0.0011282324819503705	1.7124746463439208e-17	Aque_Aqu2.1.29382-001;Scil_g1622	3.2854407279747734e-26	1.7888985164881312e-09	Aque_Aqu2.1.40738-001;Scil_g4929	2.1345051172444716e-09	9.60239209900516e-95	Aque_Aqu2.1.29497-001;Scil_g2541	1.2112662309644303e-77	3.475334919449621e-07	Aque_Aqu2.1.22809-001;Scil_g9784	2.0522297267040638e-14	0.00015058157576198404
Aque_Aqu2.1.18813-001;Scil_g2393	1.5941414811933208e-143	1.5161782044041587e-87	Aque_Aqu2.1.31038-001;Scil_g9420	1.0272479399297856e-48	2.61542842285498e-86	Aque_Aqu2.1.44221-001;Scil_g877	2.4142643864291954e-16	3.436755750647432e-72	Aque_Aqu2.1.27224-001;Scil_g4378	6.85573730359377e-63	5.054538099782425e-13				Aque_Aqu2.1.42687-001;Scil_g12714	8.784316904396701e-141	1.5595193887192883e-11	Aque_Aqu2.1.38788-001;Scil_g6584	4.618568239997628e-145	0.0020938094375824523	Aque_Aqu2.1.33622-001;Scil_g9134	1.708447263117159e-16	1.1687523273894093e-15	Aque_Aqu2.1.28294-001;Scil_g7865	1.3804396387632021e-27	3.759490286505337e-12	Aque_Aqu2.1.29423-001;Scil_g3343	1.132527475457943e-28	5.844358700394624e-07	Aque_Aqu2.1.41012-001;Scil_g12881	0.00027018571509218245	3.163444423429948e-06	Aque_Aqu2.1.19251-001;Scil_g4524	0.0011282324819503705	1.2091609115166517e-12	Aque_Aqu2.1.37082-001;Scil_g4929	4.576776467650785e-15	2.6638120184522244e-128	Aque_Aqu2.1.42554-001;Scil_g7031	3.840681526736188e-28	1.046013475420371e-88	Aque_Aqu2.1.23247-001;Scil_g6273	9.444866831159643e-49	2.4424321683639703e-10	Aque_Aqu2.1.39201-001;Scil_g5203	1.1119694902826868e-11	0.00185201542051819
Aque_Aqu2.1.37095-001;Scil_g6036	1.7138617390298075e-107	3.2501838191245744e-35	Aque_Aqu2.1.43522-001;Scil_g11081	3.210211400271905e-05	1.9404863705257798e-31	Aque_Aqu2.1.37082-001;Scil_g4929	2.1405282321111328e-32	3.464830970332022e-64	Aque_Aqu2.1.22050-001;Scil_g2863	0.005537657694526562	3.0158723675585595e-22				Aque_Aqu2.1.41092-001;Scil_g7471	5.064435843593467e-16	6.980756942552647e-53	Aque_Aqu2.1.26125-001;Scil_g6241	2.176163322493905e-52	2.833157647881633e-12	Aque_Aqu2.1.42680-001;Scil_g13139	0.00434990374509876	2.18946727677703e-32	Aque_Aqu2.1.28223-001;Scil_g8192	1.3844036382592803e-13	2.4409454456120322e-27	Aque_Aqu2.1.20046-001;Scil_g12617	0.00911986550103098	1.765299572460316e-08	Aque_Aqu2.1.36440-001;Scil_g7991	0.0004578582749838875	0.003518878456326464	Aque_Aqu2.1.40603-001;Scil_g6128	0.0057865446685126535	1.7142176999012228e-09	Aque_Aqu2.1.40905-001;Scil_g1157	1.6276630887661414e-22	2.322958709820274e-49	Aque_Aqu2.1.44221-001;Scil_g10508	1.0164839656097992e-72	2.434685400033953e-60	Aque_Aqu2.1.34247-001;Scil_g9014	1.71031195062505e-34	1.3351828985732552e-05	Aque_Aqu2.1.28495-001;Scil_g13076	0.006057884025687582	0.005449818319023749
Aque_Aqu2.1.40997-001;Scil_g13119	2.3806102975701186e-10	1.899759874249231e-128	Aque_Aqu2.1.44221-001;Scil_g10508	2.4142643864291954e-16	2.434685400033953e-60	Aque_Aqu2.1.35741-001;Scil_g2323	0.00040754156009998287	1.4074066131626783e-71	Aque_Aqu2.1.39927-001;Scil_g4378	2.100681945699731e-42	5.054538099782425e-13				Aque_Aqu2.1.26655-001;Scil_g11106	1.8393539562983328e-23	5.625711319294789e-12	Aque_Aqu2.1.14221-001;Scil_g6643	1.4043050483582324e-14	2.2696328158478815e-18	Aque_Aqu2.1.28223-001;Scil_g6719	1.3844036382592803e-13	3.0362871899514263e-161	Aque_Aqu2.1.21174-001;Scil_g13127	0.00021564884897657527	1.1909346607224929e-09	Aque_Aqu2.1.14505-001;Scil_g2018	4.1608280773534837e-17	2.733722159106803e-29	Aque_Aqu2.1.29098-001;Scil_g5477	0.0022163606697167436	0.0011470396479952396	Aque_Aqu2.1.29497-001;Scil_g8135	1.2112662309644303e-77	4.886659234752376e-97	Aque_Aqu2.1.14505-001;Scil_g12659	7.790561052606891e-22	4.1220797025949996e-13	Aque_Aqu2.1.31586-001;Scil_g2493	1.891188349453035e-06	1.562110105586015e-93	Aque_Aqu2.1.31586-001;Scil_g2493	1.891188349453035e-06	8.396436553490569e-72	Aque_Aqu2.1.28495-001;Scil_g5104	0.006057884025687582	0.009759025009889422
Aque_Aqu2.1.41892-001;Scil_g4335	8.326661223111995e-07	5.245099565983861e-148	Aque_Aqu2.1.40905-001;Scil_g1157	9.527533673684782e-19	5.371096108950538e-15	Aque_Aqu2.1.34247-001;Scil_g9014	5.995179413289e-67	1.3351828985732552e-05	Aque_Aqu2.1.34429-001;Scil_g10574	7.854915848010625e-74	1.7075340465356573e-30				Aque_Aqu2.1.22595-001;Scil_g13161	7.399471970983939e-34	4.0556421502422845e-05	Aque_Aqu2.1.43823-001;Scil_g9262	1.7286420234835063e-58	3.8722536270251675e-05	Aque_Aqu2.1.23239-001;Scil_g12335	7.943361772072874e-20	8.988864806702545e-09	Aque_Aqu2.1.39774-001;Scil_g6383	4.144077243426737e-05	2.1392724040905424e-13	Aque_Aqu2.1.28297-001;Scil_g10615	0.0038419638920887426	0.0013117315698374847	Aque_Aqu2.1.41989-001;Scil_g6588	7.953537235757875e-32	4.4264239314045315e-07	Aque_Aqu2.1.26651-001;Scil_g12611	0.0002026000364995051	1.230481462463956e-15	Aque_Aqu2.1.33622-001;Scil_g1846	0.0004296564650498524	6.578026877377834e-99	Aque_Aqu2.1.15643-001;Scil_g12920	3.5061256830003928e-12	3.023684228629527e-07	Aque_Aqu2.1.40905-001;Scil_g1157	1.6276630887661414e-22	1.1520825168030329e-29	Aque_Aqu2.1.29077-001;Scil_g119	0.005255923105137176	0.0016129262706398749
Aque_Aqu2.1.42554-001;Scil_g7031	1.8699626977627877e-30	4.194366854523239e-155	Aque_Aqu2.1.03528-001;Scil_g2894	2.524224078298844e-07	8.154864966417369e-80	Aque_Aqu2.1.41892-001;Scil_g2609	8.326661223111995e-07	5.680645443935824e-44	Aque_Aqu2.1.41892-001;Scil_g4223	8.326661223111995e-07	7.546306899746513e-32				Aque_Aqu2.1.28492-001;Scil_g5104	1.0134123622564161e-101	1.0482033334351304e-18	Aque_Aqu2.1.37150-001;Scil_g2050	2.2407950092321652e-88	0.00028651022064054156	Aque_Aqu2.1.41892-001;Scil_g6719	5.2142493076430264e-14	3.0362871899514263e-161	Aque_Aqu2.1.41892-001;Scil_g2609	5.2142493076430264e-14	2.496564254222248e-24	Aque_Aqu2.1.41012-001;Scil_g12881	0.00027018571509218245	1.0851888983137767e-08	Aque_Aqu2.1.29496-001;Scil_g8135	0.0005693519180481434	6.613510251588844e-11	Aque_Aqu2.1.39672-001;Scil_g9134	4.853247615656722e-15	1.1687523273894093e-15	Aque_Aqu2.1.28223-001;Scil_g4335	0.0001247782164728605	5.245099565983861e-148	Aque_Aqu2.1.41012-001;Scil_g6803	0.0037296053160072056	2.221893686373928e-86	Aque_Aqu2.1.34140-001;Scil_g7883	1.2311513054768545e-08	7.832621607869524e-72	Aque_Aqu2.1.34344-001;Scil_g119	3.446233640261568e-06	0.0016129262706398749
Aque_Aqu2.1.29496-001;Scil_g2541	1.2768054689113486e-36	7.336088079769624e-20	Aque_Aqu2.1.44221-001;Scil_g8991	2.4142643864291954e-16	8.077586658047253e-05	Aque_Aqu2.1.22535-001;Scil_g130	7.166399470023436e-67	1.1639739734115758e-43	Aque_Aqu2.1.41892-001;Scil_g13004	8.326661223111995e-07	7.143850466951159e-32				Aque_Aqu2.1.31188-001;Scil_g903	8.318870552032165e-114	0.0008332685915331989	Aque_Aqu2.1.22595-001;Scil_g13161	7.386844825560136e-36	4.0556421502422845e-05	Aque_Aqu2.1.09944-001;Scil_g13430	0.004804262408180055	5.4415909022841374e-14	Aque_Aqu2.1.39919-001;Scil_g2615	2.486254135103664e-07	1.3588690071563008e-97	Aque_Aqu2.1.38340-001;Scil_g2300	4.334360722699224e-05	0.0035591432911113697	Aque_Aqu2.1.08677-001;Scil_g130	7.208488648075431e-16	0.0005872798189178453	Aque_Aqu2.1.21174-001;Scil_g10140	3.5983844010444904e-79	7.029809022088953e-33	Aque_Aqu2.1.43276-001;Scil_g4517	1.2417305666889384e-72	1.501104113340493e-13	Aque_Aqu2.1.34863-001;Scil_g5627	3.260819368721017e-23	5.532503098103706e-06	Aque_Aqu2.1.37082-001;Scil_g4929	4.576776467650785e-15	3.464830970332022e-64			
Aque_Aqu2.1.37082-001;Scil_g4929	2.1405282321111328e-32	2.6638120184522244e-128	Aque_Aqu2.1.41621-001;Scil_g12515	1.7335877317951547e-90	6.272355109190866e-91	Aque_Aqu2.1.29496-001;Scil_g2541	1.2768054689113486e-36	3.475334919449621e-07	Aque_Aqu2.1.41302-001;Scil_g10741	3.049277438668542e-10	2.6729687176868007e-32				Aque_Aqu2.1.11170-001;Scil_g3388	7.985673239814531e-25	4.153586111703442e-07	Aque_Aqu2.1.44140-001;Scil_g4190	3.48170003993214e-101	1.976243892774613e-57	Aque_Aqu2.1.40997-001;Scil_g5970	3.831716522362373e-96	6.359832455523348e-28	Aque_Aqu2.1.34344-001;Scil_g119	8.471951911253183e-28	6.863192564336938e-73	Aque_Aqu2.1.19251-001;Scil_g10403	0.0002787234957560977	0.0001224640192150983	Aque_Aqu2.1.42703-001;Scil_g307	1.4754696956545303e-15	3.786864955608991e-13	Aque_Aqu2.1.34863-001;Scil_g10140	3.260819368721017e-23	7.029809022088953e-33	Aque_Aqu2.1.23247-001;Scil_g6273	9.444866831159643e-49	1.9717386606651125e-15	Aque_Aqu2.1.28214-001;Scil_g8568	8.636946883713957e-34	0.00017243049440109892	Aque_Aqu2.1.28223-001;Scil_g20	0.0001247782164728605	1.560667198226129e-53			
Aque_Aqu2.1.40905-001;Scil_g2541	9.527533673684782e-19	7.336088079769624e-20	Aque_Aqu2.1.41892-001;Scil_g4240	8.326661223111995e-07	3.593482504157775e-10	Aque_Aqu2.1.34140-001;Scil_g7883	8.624609785310953e-08	7.832621607869524e-72	Aque_Aqu2.1.22535-001;Scil_g13539	7.166399470023436e-67	7.624477674729089e-19				Aque_Aqu2.1.38687-001;Scil_g6487	4.028489834224234e-42	2.1519754728277792e-07	Aque_Aqu2.1.23244-001;Scil_g6060	1.0885934844745446e-29	5.92890919771049e-08	Aque_Aqu2.1.29497-001;Scil_g8135	6.077919633614359e-57	4.886659234752376e-97	Aque_Aqu2.1.43522-001;Scil_g11081	4.691283312429145e-13	1.1331698715210855e-10	Aque_Aqu2.1.40639-001;Scil_g3343	1.7550621462601628e-45	5.844358700394624e-07	Aque_Aqu2.1.14505-001;Scil_g2018	4.1608280773534837e-17	5.296415650876379e-07	Aque_Aqu2.1.32110-001;Scil_g6523	1.8161037115630805e-12	1.9208820673220015e-108	Aque_Aqu2.1.24982-001;Scil_g13147	3.424663280936137e-07	5.683782916379808e-62	Aque_Aqu2.1.40738-001;Scil_g1061	2.1345051172444716e-09	1.0251660571293946e-93	Aque_Aqu2.1.33928-001;Scil_g7064	1.7070164772059762e-09	3.3296478760382412e-71			
Aque_Aqu2.1.34343-001;Scil_g7064	1.748816289030163e-11	1.868540122167865e-153	Aque_Aqu2.1.29497-001;Scil_g1157	1.613969228591092e-36	5.371096108950538e-15	Aque_Aqu2.1.34343-001;Scil_g7064	1.748816289030163e-11	3.3296478760382412e-71	Aque_Aqu2.1.44246-001;Scil_g1970	7.348281244918552e-80	2.606407538094883e-24				Aque_Aqu2.1.43488-001;Scil_g12516	2.088896709874782e-22	0.0018996243963378607	Aque_Aqu2.1.28493-001;Scil_g4190	4.321453769502233e-21	1.976243892774613e-57	Aque_Aqu2.1.40626-001;Scil_g8442	2.0828712796913788e-07	4.154237575697343e-12	Aque_Aqu2.1.40376-001;Scil_g6432	5.626029519789693e-17	1.6907770673504376e-61	Aque_Aqu2.1.33569-001;Scil_g150	2.0678574586144797e-11	7.530366217897868e-05	Aque_Aqu2.1.38146-001;Scil_g10140	6.387586082111135e-11	0.0009539565805784388	Aque_Aqu2.1.39127-001;Scil_g12657	9.477302103520506e-06	2.538390810919557e-07	Aque_Aqu2.1.29077-001;Scil_g7064	0.004321048201029846	1.868540122167865e-153	Aque_Aqu2.1.44221-001;Scil_g8991	1.0164839656097992e-72	8.077586658047253e-05	Aque_Aqu2.1.29077-001;Scil_g7064	0.004321048201029846	3.3296478760382412e-71			
Aque_Aqu2.1.41892-001;Scil_g2609	8.326661223111995e-07	5.0151002746050065e-90	Aque_Aqu2.1.25578-001;Scil_g2191	9.46692299568766e-12	1.2017223918186125e-22	Aque_Aqu2.1.40997-001;Scil_g13119	2.3806102975701186e-10	5.480063538325879e-60	Aque_Aqu2.1.40203-001;Scil_g9896	7.76548669049712e-21	1.2386468506854585e-30				Aque_Aqu2.1.41459-001;Scil_g12131	1.5794802762380623e-08	2.2731884289040125e-05	Aque_Aqu2.1.25858-001;Scil_g6189	5.683206485678387e-42	3.078981561582129e-05	Aque_Aqu2.1.29098-001;Scil_g5478	0.0022163606697167436	1.5061464715015508e-67	Aque_Aqu2.1.34140-001;Scil_g1483	1.0121820050408576e-29	2.479568833724734e-22	Aque_Aqu2.1.35739-001;Scil_g496	1.2746924007240648e-08	0.005987353168376743	Aque_Aqu2.1.28495-001;Scil_g13076	4.458325986516477e-24	0.0038503271977062964	Aque_Aqu2.1.41626-001;Scil_g10491	2.2207203917034226e-09	1.0962934184441848e-07	Aque_Aqu2.1.18813-001;Scil_g2393	2.609938410873934e-08	1.5161782044041587e-87	Aque_Aqu2.1.41012-001;Scil_g877	0.0037296053160072056	1.1371250482772108e-92	Aque_Aqu2.1.39672-001;Scil_g1846	4.853247615656722e-15	2.6571136541369326e-45			
Aque_Aqu2.1.29077-001;Scil_g7064	3.031435493306638e-15	1.868540122167865e-153	Aque_Aqu2.1.36280-001;Scil_g11065	3.288773730928107e-103	3.6002732481811173e-92	Aque_Aqu2.1.35741-001;Scil_g3758	0.00040754156009998287	2.1583588494206575e-26	Aque_Aqu2.1.28194-001;Scil_g2206	1.444625855187625e-59	9.542561533753149e-35				Aque_Aqu2.1.42687-001;Scil_g6294	8.784316904396701e-141	2.7765686066162216e-06	Aque_Aqu2.1.28308-001;Scil_g9866	1.0706868481635906e-06	6.036993257960576e-20	Aque_Aqu2.1.42762-001;Scil_g9134	1.0081478109652569e-17	1.1687523273894093e-15	Aque_Aqu2.1.42065-001;Scil_g10015	5.305955151225863e-07	5.102593283167871e-54	Aque_Aqu2.1.28497-001;Scil_g12942	6.265744639493593e-06	3.288766255208576e-05	Aque_Aqu2.1.28497-001;Scil_g12942	6.265744639493593e-06	0.00031586599501994467	Aque_Aqu2.1.42762-001;Scil_g9134	7.811805062921284e-23	1.1687523273894093e-15	Aque_Aqu2.1.28223-001;Scil_g2609	0.0001247782164728605	5.0151002746050065e-90	Aque_Aqu2.1.28223-001;Scil_g13004	0.0001247782164728605	2.5514582754827525e-91	Aque_Aqu2.1.40997-001;Scil_g13119	1.1246864081167407e-15	5.480063538325879e-60			
Aque_Aqu2.1.35741-001;Scil_g3758	0.00040754156009998287	7.171193427239692e-28	Aque_Aqu2.1.40997-001;Scil_g13119	2.3806102975701186e-10	9.352432746421893e-79	Aque_Aqu2.1.37816-001;Scil_g4517	5.351220243248752e-65	1.596873247019166e-10	Aque_Aqu2.1.39784-001;Scil_g9181	1.5219993781510476e-58	9.46135850032615e-11				Aque_Aqu2.1.42714-001;Scil_g750	3.2570505878664004e-23	0.0030488697490813794	Aque_Aqu2.1.30110-001;Scil_g7471	0.0009398165192983804	6.980756942552647e-53	Aque_Aqu2.1.42602-001;Scil_g6264	4.096912355239655e-35	1.4741925395631006e-08	Aque_Aqu2.1.34343-001;Scil_g119	1.192967813648859e-24	6.863192564336938e-73	Aque_Aqu2.1.38146-001;Scil_g12881	6.387586082111135e-11	1.0851888983137767e-08	Aque_Aqu2.1.21078-001;Scil_g119	5.590581436452151e-38	4.570121173935753e-06	Aque_Aqu2.1.29098-001;Scil_g5478	0.008406488938209408	1.5061464715015508e-67	Aque_Aqu2.1.21174-001;Scil_g2820	3.5983844010444904e-79	3.4302693857098565e-44	Aque_Aqu2.1.28223-001;Scil_g4223	0.0001247782164728605	1.5956933083580732e-91	Aque_Aqu2.1.41621-001;Scil_g12515	3.759877614692764e-06	1.2166743848115378e-69			
Aque_Aqu2.1.41943-001;Scil_g11616	1.0016906815678531e-30	4.655178459260144e-27	Aque_Aqu2.1.37713-001;Scil_g2191	1.7092280498504553e-19	1.2017223918186125e-22	Aque_Aqu2.1.24376-001;Scil_g2266	3.214491794611835e-10	1.1050863650811988e-22	Aque_Aqu2.1.28194-001;Scil_g9181	1.444625855187625e-59	9.46135850032615e-11				Aque_Aqu2.1.36394-001;Scil_g7617	9.97074108937263e-75	6.423092608843804e-11	Aque_Aqu2.1.38687-001;Scil_g6487	2.654488101058108e-41	2.1519754728277792e-07	Aque_Aqu2.1.09944-001;Scil_g12238	0.004804262408180055	9.316586458395207e-08	Aque_Aqu2.1.33928-001;Scil_g119	8.346851545633894e-09	6.863192564336938e-73	Aque_Aqu2.1.28495-001;Scil_g12942	4.458325986516477e-24	3.288766255208576e-05	Aque_Aqu2.1.29098-001;Scil_g5478	0.0022163606697167436	0.00042986270026524535	Aque_Aqu2.1.36606-001;Scil_g9134	0.00011808161515158586	1.1687523273894093e-15	Aque_Aqu2.1.34343-001;Scil_g7064	1.074270232820891e-06	1.868540122167865e-153	Aque_Aqu2.1.34348-001;Scil_g10006	0.004037217112809467	2.217531053634279e-51	Aque_Aqu2.1.34343-001;Scil_g7064	1.074270232820891e-06	3.3296478760382412e-71			
Aque_Aqu2.1.38560-001;Scil_g10147	0.0005664191760605996	7.552294751930905e-128	Aque_Aqu2.1.40808-001;Scil_g271	9.744230663720027e-132	4.3783137812159674e-21	Aque_Aqu2.1.40905-001;Scil_g1157	9.527533673684782e-19	1.1520825168030329e-29	Aque_Aqu2.1.32560-001;Scil_g2892	6.257863873071346e-19	5.247050214273478e-14				Aque_Aqu2.1.27341-001;Scil_g10571	6.069794003589941e-22	2.2371564374811863e-31	Aque_Aqu2.1.20511-001;Scil_g1572	1.2536022085207058e-42	7.823311406353975e-54	Aque_Aqu2.1.23692-001;Scil_g9750	1.2841772084763492e-19	6.723224112689725e-10	Aque_Aqu2.1.38146-001;Scil_g13820	6.387586082111135e-11	2.3448594471839515e-08	Aque_Aqu2.1.26544-001;Scil_g11801	4.919226733692524e-08	1.2303227575078665e-43	Aque_Aqu2.1.42499-001;Scil_g8462	0.004742401216607825	3.70097550443984e-05	Aque_Aqu2.1.22336-001;Scil_g8212	4.064693900669074e-08	1.903555739624333e-18	Aque_Aqu2.1.40905-001;Scil_g2541	1.6276630887661414e-22	7.336088079769624e-20	Aque_Aqu2.1.25862-001;Scil_g9420	2.0549201860468497e-37	2.61542842285498e-86	Aque_Aqu2.1.28223-001;Scil_g2609	0.0001247782164728605	5.680645443935824e-44			
Aque_Aqu2.1.42549-001;Scil_g11616	4.864952737528873e-51	4.655178459260144e-27	Aque_Aqu2.1.22535-001;Scil_g130	7.166399470023436e-67	1.4146731984658691e-66	Aque_Aqu2.1.14128-001;Scil_g9014	2.4522134152092073e-15	1.3351828985732552e-05	Aque_Aqu2.1.29497-001;Scil_g1157	1.613969228591092e-36	7.676891407622203e-15				Aque_Aqu2.1.32887-001;Scil_g1568	1.7442923524261044e-30	1.402368506771563e-08	Aque_Aqu2.1.44140-001;Scil_g5104	3.48170003993214e-101	1.0482033334351304e-18	Aque_Aqu2.1.41626-001;Scil_g10491	8.340392326773783e-11	1.0962934184441848e-07	Aque_Aqu2.1.38146-001;Scil_g8186	6.387586082111135e-11	2.027576154248112e-06	Aque_Aqu2.1.29496-001;Scil_g8135	0.0005693519180481434	2.51499300070688e-45	Aque_Aqu2.1.42154-001;Scil_g12529	2.4653836889926653e-06	0.0014259673764483503	Aque_Aqu2.1.28223-001;Scil_g6719	0.0001247782164728605	3.0362871899514263e-161	Aque_Aqu2.1.41943-001;Scil_g1343	1.7930078176274148e-08	8.636732229779643e-06	Aque_Aqu2.1.33622-001;Scil_g1846	0.0004296564650498524	3.7072688851209574e-77	Aque_Aqu2.1.14505-001;Scil_g12659	7.790561052606891e-22	3.7730206860198744e-07			
Aque_Aqu2.1.34247-001;Scil_g9014	5.995179413289e-67	0.001206914064140306	Aque_Aqu2.1.34247-001;Scil_g9014	5.995179413289e-67	0.0027978391910432904	Aque_Aqu2.1.38435-001;Scil_g4517	3.2496804617101288e-21	1.596873247019166e-10	Aque_Aqu2.1.38191-001;Scil_g3256	5.740348681209968e-44	1.421562199914897e-32				Aque_Aqu2.1.31965-001;Scil_g8416	5.978261534384289e-50	3.0005616773400286e-72	Aque_Aqu2.1.11170-001;Scil_g12131	6.638703732775192e-08	2.2731884289040125e-05	Aque_Aqu2.1.38599-001;Scil_g13430	6.89707358796606e-05	5.4415909022841374e-14	Aque_Aqu2.1.34140-001;Scil_g5780	1.0121820050408576e-29	1.401077682156374e-56	Aque_Aqu2.1.39919-001;Scil_g2615	2.486254135103664e-07	3.018554112396011e-70	Aque_Aqu2.1.08677-001;Scil_g12359	7.208488648075431e-16	2.1855963401881676e-08	Aque_Aqu2.1.31586-001;Scil_g5478	1.891188349453035e-06	1.5061464715015508e-67	Aque_Aqu2.1.40738-001;Scil_g1061	2.1345051172444716e-09	5.0325548735226354e-151	Aque_Aqu2.1.28647-001;Scil_g9745	3.257848752489315e-06	3.8728929434751946e-90	Aque_Aqu2.1.41012-001;Scil_g6803	0.0037296053160072056	4.0147325213091934e-71			
Aque_Aqu2.1.03528-001;Scil_g2894	2.524224078298844e-07	3.4874817870021173e-124	Aque_Aqu2.1.22535-001;Scil_g13539	7.166399470023436e-67	3.8710966832846466e-62	Aque_Aqu2.1.25862-001;Scil_g9014	1.4164840831138878e-69	1.3351828985732552e-05	Aque_Aqu2.1.34374-001;Scil_g12129	1.4390603500282076e-48	2.697018913806139e-25				Aque_Aqu2.1.33945-001;Scil_g4608	4.071114614121073e-30	7.412589254474107e-06	Aque_Aqu2.1.25858-001;Scil_g10250	5.683206485678387e-42	0.0005451358125084988	Aque_Aqu2.1.28940-001;Scil_g13459	0.0008919440334010753	1.9096012719656576e-17	Aque_Aqu2.1.42770-001;Scil_g3808	3.5810184203344485e-32	5.286844345780048e-33	Aque_Aqu2.1.28510-001;Scil_g1202	5.959189221181413e-33	1.1291753166127333e-21	Aque_Aqu2.1.34863-001;Scil_g10140	7.856949568546215e-16	0.0009539565805784388	Aque_Aqu2.1.21174-001;Scil_g2820	3.5983844010444904e-79	1.734370996913815e-60	Aque_Aqu2.1.41302-001;Scil_g863	1.593114344057822e-11	4.756084139934951e-32	Aque_Aqu2.1.39774-001;Scil_g1285	0.0019888630209188496	1.9193389449336593e-16	Aque_Aqu2.1.41012-001;Scil_g877	0.0037296053160072056	3.436755750647432e-72			
Aque_Aqu2.1.24003-001;Scil_g5917	2.866249896840247e-05	9.421040528409995e-10	Aque_Aqu2.1.38560-001;Scil_g10147	0.0005664191760605996	8.846609894836744e-88	Aque_Aqu2.1.38435-001;Scil_g2679	3.2496804617101288e-21	3.938836107035566e-40	Aque_Aqu2.1.27224-001;Scil_g1970	6.85573730359377e-63	2.606407538094883e-24				Aque_Aqu2.1.44004-001;Scil_g1576	9.78673605233399e-10	1.7880041594527604e-28	Aque_Aqu2.1.34914-001;Scil_g1066	3.72904919381605e-06	9.692884806022747e-33	Aque_Aqu2.1.28495-001;Scil_g178	4.458325986516477e-24	1.4769874519580662e-05	Aque_Aqu2.1.30867-001;Scil_g1483	1.3309245062395783e-20	2.479568833724734e-22	Aque_Aqu2.1.40905-001;Scil_g8135	2.293128987599471e-12	2.51499300070688e-45	Aque_Aqu2.1.41520-001;Scil_g10140	4.988517977277189e-10	0.0009539565805784388	Aque_Aqu2.1.22806-001;Scil_g3183	2.776203842403284e-32	4.8477083124980386e-23	Aque_Aqu2.1.24884-001;Scil_g1554	1.3533160291778027e-08	3.304971762119239e-157	Aque_Aqu2.1.28647-001;Scil_g9721	3.257848752489315e-06	7.303880045324631e-90	Aque_Aqu2.1.33622-001;Scil_g1846	0.0004296564650498524	2.6571136541369326e-45			
Aque_Aqu2.1.34182-001;Scil_g1212	2.8381934299431106e-12	1.2683858340816088e-31	Aque_Aqu2.1.35741-001;Scil_g3758	0.00040754156009998287	1.0245850626031124e-14	Aque_Aqu2.1.24003-001;Scil_g5917	2.866249896840247e-05	5.361292433110831e-06	Aque_Aqu2.1.39927-001;Scil_g1970	2.100681945699731e-42	2.606407538094883e-24				Aque_Aqu2.1.26125-001;Scil_g6241	2.8889124088003038e-40	2.833157647881633e-12	Aque_Aqu2.1.28493-001;Scil_g5104	4.321453769502233e-21	1.0482033334351304e-18	Aque_Aqu2.1.33443-001;Scil_g6719	4.986367745258103e-05	3.0362871899514263e-161	Aque_Aqu2.1.34140-001;Scil_g1098	1.0121820050408576e-29	7.599970776583826e-09	Aque_Aqu2.1.38632-001;Scil_g571	9.189697425880252e-06	1.068176889897305e-05	Aque_Aqu2.1.40394-001;Scil_g12529	0.008548448215663518	0.0014259673764483503	Aque_Aqu2.1.31586-001;Scil_g12820	1.891188349453035e-06	4.7226135486708815e-49	Aque_Aqu2.1.42548-001;Scil_g5592	7.448014540555121e-28	2.184220536855156e-67	Aque_Aqu2.1.36280-001;Scil_g11065	6.583859642625656e-05	3.6002732481811173e-92	Aque_Aqu2.1.40738-001;Scil_g1061	2.1345051172444716e-09	1.6531340316030627e-66			
Aque_Aqu2.1.22535-001;Scil_g130	7.166399470023436e-67	2.0188401445695373e-82	Aque_Aqu2.1.33693-001;Scil_g12599	2.272650030560976e-17	4.173021689879131e-75	Aque_Aqu2.1.38191-001;Scil_g3256	5.740348681209968e-44	3.913029502705773e-66	Aque_Aqu2.1.29099-001;Scil_g1652	0.00020858608906216777	4.773860750533192e-18				Aque_Aqu2.1.23302-001;Scil_g750	7.671227552632882e-18	0.0030488697490813794	Aque_Aqu2.1.36394-001;Scil_g11408	2.851071199291618e-53	0.0009273067915295075	Aque_Aqu2.1.19251-001;Scil_g10403	0.0002787234957560977	1.7124746463439208e-17	Aque_Aqu2.1.44243-001;Scil_g12785	2.5819489532558422e-23	1.6615381302058852e-07	Aque_Aqu2.1.29496-001;Scil_g13078	0.0005693519180481434	1.270550194124332e-16	Aque_Aqu2.1.28489-001;Scil_g13076	1.2639077541595553e-28	0.0038503271977062964	Aque_Aqu2.1.34863-001;Scil_g2820	3.260819368721017e-23	1.734370996913815e-60	Aque_Aqu2.1.41012-001;Scil_g877	0.0037296053160072056	2.0942530742981258e-154	Aque_Aqu2.1.28223-001;Scil_g2609	0.0001247782164728605	1.5111048112200333e-68	Aque_Aqu2.1.41049-001;Scil_g13539	3.1349616642062083e-119	2.0254017501563832e-25			
Aque_Aqu2.1.40839-001;Scil_g13262	1.1787648350722784e-47	8.449451729511004e-09	Aque_Aqu2.1.28570-001;Scil_g1710	6.837768357397875e-22	1.4260236395027158e-79	Aque_Aqu2.1.43985-001;Scil_g12599	5.989059835682736e-35	6.341065114787564e-42	Aque_Aqu2.1.36263-001;Scil_g3347	1.778679896019185e-56	1.1466699443392588e-24				Aque_Aqu2.1.07288-001;Scil_g12131	0.0003153131800253428	2.2731884289040125e-05	Aque_Aqu2.1.42092-001;Scil_g2050	1.3320083962987602e-48	0.00028651022064054156	Aque_Aqu2.1.36490-001;Scil_g13611	2.3520864719849443e-07	8.156316910224347e-05	Aque_Aqu2.1.30867-001;Scil_g5780	1.3309245062395783e-20	1.401077682156374e-56	Aque_Aqu2.1.40905-001;Scil_g13078	2.293128987599471e-12	1.270550194124332e-16	Aque_Aqu2.1.44221-001;Scil_g13279	5.994069235373014e-92	0.0016891241532341903	Aque_Aqu2.1.29497-001;Scil_g13078	1.2112662309644303e-77	1.991643228201955e-20	Aque_Aqu2.1.42605-001;Scil_g6036	5.904277517281949e-05	3.2501838191245744e-35	Aque_Aqu2.1.31551-001;Scil_g7883	5.480233371944621e-11	1.162956500078495e-86	Aque_Aqu2.1.34348-001;Scil_g9841	0.004037217112809467	1.0967425781163695e-34			
Aque_Aqu2.1.41302-001;Scil_g863	3.049277438668542e-10	4.756084139934951e-32	Aque_Aqu2.1.43636-001;Scil_g2645	2.3857194879026892e-54	1.328756618204222e-47	Aque_Aqu2.1.42569-001;Scil_g8107	2.5352856125127514e-06	5.063499963051782e-16	Aque_Aqu2.1.29951-001;Scil_g9420	0.00022028134504872317	1.4091974360039661e-33				Aque_Aqu2.1.10425-001;Scil_g8416	1.7884504694520865e-31	3.0005616773400286e-72	Aque_Aqu2.1.37297-001;Scil_g11238	0.0038503850914560953	1.5303060410408876e-110	Aque_Aqu2.1.36606-001;Scil_g9134	6.429704257152719e-05	1.1687523273894093e-15	Aque_Aqu2.1.28316-001;Scil_g6383	0.007704087900764999	2.1392724040905424e-13	Aque_Aqu2.1.33525-001;Scil_g825	0.0003183802689905963	7.448139611401511e-06	Aque_Aqu2.1.34598-001;Scil_g809	0.00016521084626498403	0.00629330701781394	Aque_Aqu2.1.39127-001;Scil_g2924	9.477302103520506e-06	3.4344694105172255e-06	Aque_Aqu2.1.39672-001;Scil_g11079	4.853247615656722e-15	3.557156986832833e-11	Aque_Aqu2.1.14128-001;Scil_g9420	0.0056228831372082165	2.61542842285498e-86	Aque_Aqu2.1.39672-001;Scil_g11079	4.853247615656722e-15	5.333606875609963e-07			
Aque_Aqu2.1.29951-001;Scil_g9014	0.00022028134504872317	0.001206914064140306	Aque_Aqu2.1.25862-001;Scil_g9420	1.4164840831138878e-69	2.61542842285498e-86	Aque_Aqu2.1.32713-001;Scil_g2679	2.6072070909321647e-14	3.938836107035566e-40	Aque_Aqu2.1.34343-001;Scil_g7064	1.748816289030163e-11	3.4262948941657927e-34				Aque_Aqu2.1.27795-001;Scil_g1858	1.6436521919493415e-06	1.3255464112178313e-28	Aque_Aqu2.1.26656-001;Scil_g11106	6.306614396270752e-34	5.625711319294789e-12	Aque_Aqu2.1.19251-001;Scil_g4524	0.0002787234957560977	1.2091609115166517e-12	Aque_Aqu2.1.30867-001;Scil_g1098	1.3309245062395783e-20	7.599970776583826e-09	Aque_Aqu2.1.31586-001;Scil_g5478	1.7372787348993547e-40	0.0003749443970407659	Aque_Aqu2.1.40738-001;Scil_g2018	6.218782870818954e-08	5.296415650876379e-07	Aque_Aqu2.1.40905-001;Scil_g8135	1.6276630887661414e-22	4.886659234752376e-97	Aque_Aqu2.1.29098-001;Scil_g2493	0.008406488938209408	3.171133198751257e-158	Aque_Aqu2.1.29098-001;Scil_g2493	0.008406488938209408	1.562110105586015e-93	Aque_Aqu2.1.21174-001;Scil_g2820	3.5983844010444904e-79	7.937987451962361e-22			
Aque_Aqu2.1.43636-001;Scil_g2645	2.3857194879026892e-54	3.7308049854168335e-83	Aque_Aqu2.1.37095-001;Scil_g6036	1.7138617390298075e-107	9.543654246405655e-43	Aque_Aqu2.1.38560-001;Scil_g10147	0.0005664191760605996	2.762667440063398e-59	Aque_Aqu2.1.38167-001;Scil_g3347	2.0325287556649088e-66	1.1466699443392588e-24				Aque_Aqu2.1.28660-001;Scil_g8560	4.447347898735153e-19	6.827252268949651e-06	Aque_Aqu2.1.41184-001;Scil_g903	2.344044351394301e-25	0.0008332685915331989	Aque_Aqu2.1.42680-001;Scil_g4524	0.00434990374509876	1.2091609115166517e-12	Aque_Aqu2.1.29077-001;Scil_g119	1.3133214504172145e-07	6.863192564336938e-73	Aque_Aqu2.1.40738-001;Scil_g2018	6.218782870818954e-08	2.733722159106803e-29	Aque_Aqu2.1.40905-001;Scil_g8135	2.293128987599471e-12	6.613510251588844e-11	Aque_Aqu2.1.28488-001;Scil_g9850	2.665580690789617e-63	2.3017395799018037e-22	Aque_Aqu2.1.37095-001;Scil_g6036	6.317847330705973e-12	3.2501838191245744e-35	Aque_Aqu2.1.26684-001;Scil_g1710	1.2107904022326297e-05	1.4260236395027158e-79	Aque_Aqu2.1.43326-001;Scil_g11335	9.597124260548117e-77	0.008965337630594143			
Aque_Aqu2.1.32713-001;Scil_g2679	2.6072070909321647e-14	7.915325569368873e-86	Aque_Aqu2.1.34429-001;Scil_g110	7.854915848010625e-74	0.001862633292933099	Aque_Aqu2.1.38191-001;Scil_g9230	5.740348681209968e-44	5.73789625531634e-33	Aque_Aqu2.1.41587-001;Scil_g4378	6.284211007424334e-22	5.054538099782425e-13				Aque_Aqu2.1.24266-001;Scil_g4689	4.7527632025133555e-17	2.9084691839750085e-05	Aque_Aqu2.1.41092-001;Scil_g3388	2.646540504612954e-90	4.153586111703442e-07	Aque_Aqu2.1.34863-001;Scil_g10140	7.856949568546215e-16	7.029809022088953e-33	Aque_Aqu2.1.37883-001;Scil_g7865	1.8087879056502434e-19	3.759490286505337e-12	Aque_Aqu2.1.28683-001;Scil_g2789	0.007371482204497088	3.0992480392413104e-32	Aque_Aqu2.1.23692-001;Scil_g10960	1.2841772084763492e-19	0.0010311375398249923	Aque_Aqu2.1.41190-001;Scil_g12335	5.208550013070739e-14	8.988864806702545e-09	Aque_Aqu2.1.40738-001;Scil_g4929	2.1345051172444716e-09	2.6638120184522244e-128	Aque_Aqu2.1.29497-001;Scil_g1157	1.2112662309644303e-77	5.371096108950538e-15	Aque_Aqu2.1.28214-001;Scil_g8568	8.636946883713957e-34	0.0055161113116417694			
Aque_Aqu2.1.41892-001;Scil_g20	8.326661223111995e-07	9.404230881699062e-58	Aque_Aqu2.1.32503-001;Scil_g8568	2.0081355121222554e-34	0.00017243049440109892	Aque_Aqu2.1.34374-001;Scil_g12129	1.4390603500282076e-48	3.1404553919121265e-42	Aque_Aqu2.1.29497-001;Scil_g2541	1.613969228591092e-36	1.2458272345387522e-06				Aque_Aqu2.1.41380-001;Scil_g10067	9.766302821855352e-17	3.6825449616023355e-06	Aque_Aqu2.1.39593-001;Scil_g9955	1.0415950099465564e-25	8.310688268255026e-05	Aque_Aqu2.1.41190-001;Scil_g12335	3.070020325785256e-26	8.988864806702545e-09	Aque_Aqu2.1.40997-001;Scil_g5970	3.831716522362373e-96	0.00876853202494436	Aque_Aqu2.1.08677-001;Scil_g13539	7.208488648075431e-16	3.801568702753414e-10	Aque_Aqu2.1.38146-001;Scil_g13279	6.387586082111135e-11	0.0016891241532341903	Aque_Aqu2.1.28294-001;Scil_g7865	2.005317717046341e-38	2.930595913607532e-07	Aque_Aqu2.1.41012-001;Scil_g6803	0.0037296053160072056	8.511999104027974e-111	Aque_Aqu2.1.37095-001;Scil_g6036	6.317847330705973e-12	9.543654246405655e-43	Aque_Aqu2.1.25862-001;Scil_g9014	2.0549201860468497e-37	1.3351828985732552e-05			
Aque_Aqu2.1.42569-001;Scil_g8107	2.5352856125127514e-06	1.6183395178500832e-20	Aque_Aqu2.1.28488-001;Scil_g12509	4.308080784192572e-08	0.0007866762903271074	Aque_Aqu2.1.29892-001;Scil_g2894	0.00882540214751287	1.528861713276183e-50	Aque_Aqu2.1.32946-001;Scil_g548	3.198548394219795e-57	3.6859068049983273e-26				Aque_Aqu2.1.44140-001;Scil_g4190	1.646659288707431e-78	1.976243892774613e-57	Aque_Aqu2.1.35211-001;Scil_g5520	1.0980787290419444e-30	3.2822396728584823e-09	Aque_Aqu2.1.38599-001;Scil_g12238	6.89707358796606e-05	9.316586458395207e-08	Aque_Aqu2.1.29497-001;Scil_g13078	6.077919633614359e-57	7.912716267496188e-05	Aque_Aqu2.1.40721-001;Scil_g8390	0.0002207593425700575	1.0713201186415784e-29	Aque_Aqu2.1.37426-001;Scil_g8462	0.006785239769564729	3.70097550443984e-05	Aque_Aqu2.1.41989-001;Scil_g6588	3.920606444850843e-22	1.5951578667449876e-59	Aque_Aqu2.1.34348-001;Scil_g9841	0.004037217112809467	3.8224522607857075e-47	Aque_Aqu2.1.41621-001;Scil_g12515	3.759877614692764e-06	6.272355109190866e-91	Aque_Aqu2.1.42569-001;Scil_g8107	0.004968804371715004	5.063499963051782e-16			
Aque_Aqu2.1.25578-001;Scil_g2679	9.46692299568766e-12	7.915325569368873e-86	Aque_Aqu2.1.39296-001;Scil_g8647	8.497757503283989e-55	8.803177329001966e-10	Aque_Aqu2.1.37713-001;Scil_g4517	1.7092280498504553e-19	1.596873247019166e-10	Aque_Aqu2.1.35076-001;Scil_g5922	2.7257506921365438e-27	1.6492420688050157e-17				Aque_Aqu2.1.35499-001;Scil_g4190	1.1523800383696093e-27	1.976243892774613e-57	Aque_Aqu2.1.14719-001;Scil_g11106	5.875814379454436e-20	5.625711319294789e-12	Aque_Aqu2.1.31168-001;Scil_g4052	0.0008003375710539983	1.9221875447288312e-05	Aque_Aqu2.1.28214-001;Scil_g2622	8.244866599655472e-18	3.030870204098419e-17	Aque_Aqu2.1.43326-001;Scil_g7627	1.4712455480465753e-26	0.00020958857353505303	Aque_Aqu2.1.30867-001;Scil_g6923	1.3309245062395783e-20	1.9865115391663293e-07	Aque_Aqu2.1.38390-001;Scil_g12335	5.834579570951229e-09	8.988864806702545e-09	Aque_Aqu2.1.33622-001;Scil_g11079	0.0004296564650498524	3.557156986832833e-11	Aque_Aqu2.1.14505-001;Scil_g12659	7.790561052606891e-22	1.7832643797370186e-06	Aque_Aqu2.1.40905-001;Scil_g2541	1.6276630887661414e-22	3.475334919449621e-07			
Aque_Aqu2.1.34374-001;Scil_g12129	1.4390603500282076e-48	2.9690029009796013e-97	Aque_Aqu2.1.43324-001;Scil_g1731	1.2736071685647366e-11	4.54217235155857e-17	Aque_Aqu2.1.29497-001;Scil_g2541	1.613969228591092e-36	3.475334919449621e-07	Aque_Aqu2.1.03528-001;Scil_g2894	2.524224078298844e-07	6.63625816753973e-19				Aque_Aqu2.1.43823-001;Scil_g9262	8.43656540528806e-40	3.8722536270251675e-05	Aque_Aqu2.1.31900-001;Scil_g11210	7.420072613181933e-54	0.0032434054730837423	Aque_Aqu2.1.28497-001;Scil_g178	6.265744639493593e-06	1.4769874519580662e-05	Aque_Aqu2.1.42065-001;Scil_g3668	5.305955151225863e-07	1.4998070167165875e-08	Aque_Aqu2.1.28497-001;Scil_g9850	6.265744639493593e-06	7.256824191226701e-09	Aque_Aqu2.1.34863-001;Scil_g2820	7.856949568546215e-16	0.002621769989177146	Aque_Aqu2.1.23239-001;Scil_g12335	0.0002498102235929221	8.988864806702545e-09	Aque_Aqu2.1.28223-001;Scil_g20	0.0001247782164728605	9.404230881699062e-58	Aque_Aqu2.1.24884-001;Scil_g1554	1.3533160291778027e-08	1.0622230321867601e-94	Aque_Aqu2.1.40738-001;Scil_g4929	2.1345051172444716e-09	3.464830970332022e-64			
Aque_Aqu2.1.29892-001;Scil_g2894	0.00882540214751287	3.4874817870021173e-124	Aque_Aqu2.1.29892-001;Scil_g2894	0.00882540214751287	8.154864966417369e-80	Aque_Aqu2.1.22535-001;Scil_g13539	7.166399470023436e-67	2.0254017501563832e-25	Aque_Aqu2.1.40905-001;Scil_g1157	9.527533673684782e-19	7.676891407622203e-15				Aque_Aqu2.1.30110-001;Scil_g3388	2.308865816166031e-15	4.153586111703442e-07	Aque_Aqu2.1.36394-001;Scil_g7617	2.851071199291618e-53	6.423092608843804e-11	Aque_Aqu2.1.29497-001;Scil_g13078	6.077919633614359e-57	1.991643228201955e-20	Aque_Aqu2.1.29979-001;Scil_g3316	0.005096289705461217	2.531520629243094e-69	Aque_Aqu2.1.28495-001;Scil_g9850	4.458325986516477e-24	7.256824191226701e-09	Aque_Aqu2.1.33928-001;Scil_g119	8.346851545633894e-09	4.570121173935753e-06	Aque_Aqu2.1.23692-001;Scil_g9750	1.0602342069590649e-07	6.723224112689725e-10	Aque_Aqu2.1.42549-001;Scil_g1343	6.6351231469464594e-12	8.636732229779643e-06	Aque_Aqu2.1.40997-001;Scil_g13119	1.1246864081167407e-15	9.352432746421893e-79	Aque_Aqu2.1.24884-001;Scil_g1554	1.3533160291778027e-08	4.715836454019465e-72			
Aque_Aqu2.1.40808-001;Scil_g271	9.744230663720027e-132	2.775598451118159e-05	Aque_Aqu2.1.42554-001;Scil_g7031	1.8699626977627877e-30	1.046013475420371e-88	Aque_Aqu2.1.37713-001;Scil_g2679	1.7092280498504553e-19	3.938836107035566e-40	Aque_Aqu2.1.37774-001;Scil_g9181	7.700554024937936e-21	9.46135850032615e-11				Aque_Aqu2.1.44140-001;Scil_g5104	1.646659288707431e-78	1.0482033334351304e-18	Aque_Aqu2.1.31188-001;Scil_g903	1.3078862667486033e-56	0.0008332685915331989	Aque_Aqu2.1.41012-001;Scil_g12881	0.00027018571509218245	2.1955428679993587e-32	Aque_Aqu2.1.20935-001;Scil_g13331	3.0542012146660946e-19	1.7811965565566243e-06	Aque_Aqu2.1.44243-001;Scil_g12785	2.5819489532558422e-23	2.3296876787399272e-06	Aque_Aqu2.1.29076-001;Scil_g119	8.254780582515275e-21	4.570121173935753e-06	Aque_Aqu2.1.40328-001;Scil_g12629	3.608154800755373e-76	0.0008190936262603735	Aque_Aqu2.1.29951-001;Scil_g9014	1.9260650568679767e-29	0.001206914064140306	Aque_Aqu2.1.43522-001;Scil_g11081	1.651404943005184e-09	1.9404863705257798e-31	Aque_Aqu2.1.29098-001;Scil_g2493	0.008406488938209408	8.396436553490569e-72			
Aque_Aqu2.1.22535-001;Scil_g13539	7.166399470023436e-67	9.282076087753397e-65	Aque_Aqu2.1.34140-001;Scil_g7883	8.624609785310953e-08	1.162956500078495e-86	Aque_Aqu2.1.42548-001;Scil_g5592	5.420837544320485e-66	3.7899528558091635e-30	Aque_Aqu2.1.41892-001;Scil_g4335	8.326661223111995e-07	2.412480949184302e-28				Aque_Aqu2.1.35499-001;Scil_g5104	1.1523800383696093e-27	1.0482033334351304e-18	Aque_Aqu2.1.42050-001;Scil_g9955	1.3711598473476238e-18	8.310688268255026e-05	Aque_Aqu2.1.39905-001;Scil_g10530	1.4006866036488385e-125	0.0021197888377777543	Aque_Aqu2.1.37486-001;Scil_g12785	5.791765336917085e-10	1.6615381302058852e-07	Aque_Aqu2.1.38683-001;Scil_g10242	0.0026556694445690667	5.071731628240439e-05	Aque_Aqu2.1.41482-001;Scil_g6923	2.257130122823816e-08	1.9865115391663293e-07	Aque_Aqu2.1.39127-001;Scil_g7201	9.477302103520506e-06	0.001249389980969	Aque_Aqu2.1.28488-001;Scil_g9850	2.665580690789617e-63	2.514819998386438e-10	Aque_Aqu2.1.29951-001;Scil_g9014	1.9260650568679767e-29	0.0027978391910432904	Aque_Aqu2.1.41302-001;Scil_g863	1.593114344057822e-11	4.187396020041577e-10			
Aque_Aqu2.1.43985-001;Scil_g12599	5.989059835682736e-35	1.4530854336761406e-95	Aque_Aqu2.1.37751-001;Scil_g10941	1.960754617020323e-08	1.0010401891245668e-18	Aque_Aqu2.1.32946-001;Scil_g548	3.198548394219795e-57	1.2813609335611186e-53	Aque_Aqu2.1.44221-001;Scil_g877	2.4142643864291954e-16	8.518055351621557e-33				Aque_Aqu2.1.22593-001;Scil_g13023	1.5536730639715765e-15	0.00013968688063429845	Aque_Aqu2.1.42015-001;Scil_g1576	5.367848450589573e-12	1.7880041594527604e-28	Aque_Aqu2.1.29098-001;Scil_g5477	0.0022163606697167436	7.031449584470436e-17	Aque_Aqu2.1.32559-001;Scil_g10086	0.0011159041547785943	3.0338463385256324e-05	Aque_Aqu2.1.31926-001;Scil_g10071	3.0797200098615e-05	1.3123944394138454e-24	Aque_Aqu2.1.35781-001;Scil_g721	0.0016572738315866653	1.3698307604161056e-07	Aque_Aqu2.1.33622-001;Scil_g9134	0.0004296564650498524	1.1687523273894093e-15	Aque_Aqu2.1.32713-001;Scil_g2679	0.0018930843638392614	7.915325569368873e-86	Aque_Aqu2.1.20342-001;Scil_g6013	6.019578265264503e-43	7.969070712082654e-52	Aque_Aqu2.1.33622-001;Scil_g11079	0.0004296564650498524	5.333606875609963e-07			
Aque_Aqu2.1.34344-001;Scil_g119	4.469710923167695e-16	1.1240744252913564e-101	Aque_Aqu2.1.41892-001;Scil_g8192	8.326661223111995e-07	6.87570092868224e-33	Aque_Aqu2.1.43478-001;Scil_g852	2.6663380306377767e-06	2.1398362440332128e-35	Aque_Aqu2.1.44246-001;Scil_g2125	7.348281244918552e-80	7.997798359196378e-19				Aque_Aqu2.1.38752-001;Scil_g4821	8.898107358929214e-33	4.196562415733154e-29	Aque_Aqu2.1.37791-001;Scil_g2050	1.600214264451326e-41	0.00028651022064054156	Aque_Aqu2.1.44221-001;Scil_g13279	5.994069235373014e-92	5.893391080687706e-69	Aque_Aqu2.1.36291-001;Scil_g691	7.062226031678519e-62	3.800515817713997e-05	Aque_Aqu2.1.08677-001;Scil_g130	7.208488648075431e-16	3.2104504713687346e-09	Aque_Aqu2.1.29081-001;Scil_g119	7.183480367196946e-22	4.570121173935753e-06	Aque_Aqu2.1.29098-001;Scil_g5477	0.008406488938209408	7.031449584470436e-17	Aque_Aqu2.1.37112-001;Scil_g7709	5.835746410525441e-24	1.4524289917248167e-21	Aque_Aqu2.1.37112-001;Scil_g7709	5.835746410525441e-24	1.1009467812728016e-20	Aque_Aqu2.1.42548-001;Scil_g5592	7.448014540555121e-28	3.7899528558091635e-30			
Aque_Aqu2.1.24376-001;Scil_g2266	3.214491794611835e-10	1.0554006369017524e-40	Aque_Aqu2.1.37960-001;Scil_g151	8.706435525501074e-27	1.6461488177250409e-68	Aque_Aqu2.1.25578-001;Scil_g4517	9.46692299568766e-12	1.596873247019166e-10	Aque_Aqu2.1.42548-001;Scil_g5592	5.420837544320485e-66	8.91801215413299e-26				Aque_Aqu2.1.25308-001;Scil_g9283	5.0051484694276805e-22	0.0041640643412778925	Aque_Aqu2.1.33939-001;Scil_g9955	3.504474140696394e-23	8.310688268255026e-05	Aque_Aqu2.1.41989-001;Scil_g6588	7.953537235757875e-32	1.5951578667449876e-59	Aque_Aqu2.1.28495-001;Scil_g11447	4.458325986516477e-24	0.0011988833990713961	Aque_Aqu2.1.41962-001;Scil_g8956	1.6536677389112207e-06	4.752457066761341e-20	Aque_Aqu2.1.41049-001;Scil_g13539	0.007200126607303983	1.120479600624893e-06	Aque_Aqu2.1.38554-001;Scil_g12335	7.03584824440347e-07	8.988864806702545e-09	Aque_Aqu2.1.25578-001;Scil_g2679	0.005312301831445139	7.915325569368873e-86	Aque_Aqu2.1.34348-001;Scil_g9841	0.004037217112809467	1.873977563681576e-41	Aque_Aqu2.1.37112-001;Scil_g7709	5.835746410525441e-24	2.7523226686168697e-18			
Aque_Aqu2.1.37816-001;Scil_g4517	5.351220243248752e-65	1.501104113340493e-13	Aque_Aqu2.1.43276-001;Scil_g11587	1.0182416073641277e-129	0.001308213787946087	Aque_Aqu2.1.29951-001;Scil_g9014	0.00022028134504872317	1.3351828985732552e-05	Aque_Aqu2.1.43623-001;Scil_g9181	2.967833146368427e-22	9.46135850032615e-11				Aque_Aqu2.1.28283-001;Scil_g13637	8.56665288335661e-23	3.320268255653308e-06	Aque_Aqu2.1.42700-001;Scil_g9431	7.021913672654355e-09	2.2604854558921415e-07	Aque_Aqu2.1.28489-001;Scil_g178	1.2639077541595553e-28	1.4769874519580662e-05	Aque_Aqu2.1.23692-001;Scil_g10960	1.2841772084763492e-19	7.697874836345238e-14	Aque_Aqu2.1.34863-001;Scil_g10363	7.856949568546215e-16	0.003378878652426875	Aque_Aqu2.1.31551-001;Scil_g6923	0.0004550419940629617	1.9865115391663293e-07	Aque_Aqu2.1.34185-001;Scil_g12629	3.733268992117139e-38	0.0008190936262603735	Aque_Aqu2.1.34182-001;Scil_g1212	0.00034402088415198156	1.2683858340816088e-31	Aque_Aqu2.1.23247-001;Scil_g6273	9.444866831159643e-49	2.3328830650530948e-07	Aque_Aqu2.1.14128-001;Scil_g9014	0.0056228831372082165	1.3351828985732552e-05			
Aque_Aqu2.1.20342-001;Scil_g6013	0.00010916520259784427	2.9288063338159984e-30	Aque_Aqu2.1.34344-001;Scil_g119	4.469710923167695e-16	1.0977579962824666e-31	Aque_Aqu2.1.43324-001;Scil_g1731	1.2736071685647366e-11	1.206867173886962e-09	Aque_Aqu2.1.34140-001;Scil_g7883	8.624609785310953e-08	3.0764700374587007e-30				Aque_Aqu2.1.41092-001;Scil_g12131	5.064435843593467e-16	2.2731884289040125e-05	Aque_Aqu2.1.31386-001;Scil_g6763	1.9939436211890793e-10	1.0396852815059356e-08	Aque_Aqu2.1.38146-001;Scil_g12881	6.387586082111135e-11	2.1955428679993587e-32	Aque_Aqu2.1.42093-001;Scil_g6477	0.0006886285707111513	0.0062350988250728465	Aque_Aqu2.1.43313-001;Scil_g7627	5.488228930951967e-29	0.00020958857353505303	Aque_Aqu2.1.21174-001;Scil_g10140	0.00021564884897657527	0.0009539565805784388	Aque_Aqu2.1.44221-001;Scil_g13279	1.0164839656097992e-72	5.893391080687706e-69	Aque_Aqu2.1.31551-001;Scil_g12129	5.480233371944621e-11	2.9690029009796013e-97	Aque_Aqu2.1.21174-001;Scil_g2820	3.5983844010444904e-79	3.9657895423737085e-29	Aque_Aqu2.1.34348-001;Scil_g10006	0.004037217112809467	8.01744537901046e-20			
Aque_Aqu2.1.41943-001;Scil_g10339	1.0016906815678531e-30	7.110049027397598e-24	Aque_Aqu2.1.25405-001;Scil_g8992	2.7610085691748473e-15	5.218466165168207e-90	Aque_Aqu2.1.25460-001;Scil_g6952	1.0806839649739981e-05	6.090049347380059e-18	Aque_Aqu2.1.33572-001;Scil_g3476	5.668642400668365e-139	2.123489906077005e-17				Aque_Aqu2.1.33945-001;Scil_g4609	4.071114614121073e-30	0.001956217061383836	Aque_Aqu2.1.34883-001;Scil_g9613	2.77492876976547e-18	2.373718949035016e-05	Aque_Aqu2.1.34863-001;Scil_g2820	7.856949568546215e-16	1.734370996913815e-60	Aque_Aqu2.1.41482-001;Scil_g1483	2.257130122823816e-08	2.479568833724734e-22	Aque_Aqu2.1.33622-001;Scil_g4725	1.708447263117159e-16	0.000998381218287609	Aque_Aqu2.1.28495-001;Scil_g4190	4.458325986516477e-24	0.0018585591398102622	Aque_Aqu2.1.42602-001;Scil_g6264	0.00010437239438426436	1.4741925395631006e-08	Aque_Aqu2.1.28510-001;Scil_g1202	4.1221548809449937e-10	6.188423432206488e-84	Aque_Aqu2.1.36436-001;Scil_g1240	1.8803483918358576e-09	1.7383206120068723e-18	Aque_Aqu2.1.37816-001;Scil_g4517	0.00680584638096658	1.596873247019166e-10			
Aque_Aqu2.1.37747-001;Scil_g4955	1.520304058493942e-143	3.09647286557078e-36	Aque_Aqu2.1.43637-001;Scil_g13024	0.0001321362764028887	3.6879272146840085e-16	Aque_Aqu2.1.25578-001;Scil_g2679	9.46692299568766e-12	3.938836107035566e-40	Aque_Aqu2.1.44247-001;Scil_g584	3.554518331741283e-29	1.0742334043796098e-11				Aque_Aqu2.1.39254-001;Scil_g6643	6.211804140099987e-05	2.2696328158478815e-18	Aque_Aqu2.1.41164-001;Scil_g2050	2.634164689891687e-22	0.00028651022064054156	Aque_Aqu2.1.41520-001;Scil_g10140	4.988517977277189e-10	7.029809022088953e-33	Aque_Aqu2.1.29496-001;Scil_g13078	0.0005693519180481434	7.912716267496188e-05	Aque_Aqu2.1.37778-001;Scil_g1636	3.9613826015629355e-07	0.007328073571000307	Aque_Aqu2.1.35253-001;Scil_g10960	3.5542328552532075e-13	0.0010311375398249923	Aque_Aqu2.1.24514-001;Scil_g9154	1.4716714648463382e-19	2.268210113013658e-43	Aque_Aqu2.1.37960-001;Scil_g151	6.928813814428876e-12	3.792211162165055e-104	Aque_Aqu2.1.34429-001;Scil_g110	4.114553893179646e-74	0.001862633292933099	Aque_Aqu2.1.25578-001;Scil_g4517	0.005312301831445139	1.596873247019166e-10			
Aque_Aqu2.1.42548-001;Scil_g2821	5.420837544320485e-66	0.0011493006646182426	Aque_Aqu2.1.34374-001;Scil_g12129	1.4390603500282076e-48	5.962773796446919e-41	Aque_Aqu2.1.29989-001;Scil_g3256	4.122966021694138e-114	3.913029502705773e-66	Aque_Aqu2.1.29989-001;Scil_g3256	4.122966021694138e-114	1.421562199914897e-32				Aque_Aqu2.1.33439-001;Scil_g2050	3.728681044466292e-17	0.00028651022064054156	Aque_Aqu2.1.26655-001;Scil_g11106	3.1207921437541915e-13	5.625711319294789e-12	Aque_Aqu2.1.35253-001;Scil_g9750	3.5542328552532075e-13	6.723224112689725e-10	Aque_Aqu2.1.37770-001;Scil_g1350	0.006518916636731035	1.7852689279252667e-48	Aque_Aqu2.1.25927-001;Scil_g947	3.006102746387663e-11	4.126847869522122e-16	Aque_Aqu2.1.34344-001;Scil_g119	8.471951911253183e-28	4.570121173935753e-06	Aque_Aqu2.1.31586-001;Scil_g5477	1.891188349453035e-06	7.031449584470436e-17	Aque_Aqu2.1.34429-001;Scil_g110	4.114553893179646e-74	0.0002920309162305371	Aque_Aqu2.1.34140-001;Scil_g7883	1.2311513054768545e-08	1.162956500078495e-86	Aque_Aqu2.1.32713-001;Scil_g2679	0.0018930843638392614	3.938836107035566e-40			
Aque_Aqu2.1.37713-001;Scil_g2679	1.7092280498504553e-19	7.915325569368873e-86	Aque_Aqu2.1.24985-001;Scil_g9168	2.648227574502731e-19	5.8697803432304785e-86	Aque_Aqu2.1.16620-001;Scil_g10793	3.397334660599216e-165	1.055319179606601e-40	Aque_Aqu2.1.34429-001;Scil_g110	7.854915848010625e-74	0.0006013194933056839				Aque_Aqu2.1.23306-001;Scil_g1858	0.0008250248971470806	1.3255464112178313e-28	Aque_Aqu2.1.27341-001;Scil_g10571	2.5953363064711843e-06	2.2371564374811863e-31	Aque_Aqu2.1.29496-001;Scil_g8135	0.0005693519180481434	4.886659234752376e-97	Aque_Aqu2.1.41482-001;Scil_g5780	2.257130122823816e-08	1.401077682156374e-56	Aque_Aqu2.1.44221-001;Scil_g13279	5.994069235373014e-92	2.3352966492296317e-05	Aque_Aqu2.1.27353-001;Scil_g11067	9.44565242901379e-09	0.0006259582631576781	Aque_Aqu2.1.25568-001;Scil_g4052	0.00041317794310117987	1.9221875447288312e-05	Aque_Aqu2.1.41943-001;Scil_g11616	1.7930078176274148e-08	4.655178459260144e-27	Aque_Aqu2.1.28510-001;Scil_g1202	4.1221548809449937e-10	4.192191910983434e-60	Aque_Aqu2.1.36779-001;Scil_g5032	2.346264008992688e-12	0.0006415212563920234			
Aque_Aqu2.1.43324-001;Scil_g1731	1.2736071685647366e-11	3.8427255194715056e-16	Aque_Aqu2.1.29076-001;Scil_g119	1.6735204441251737e-27	1.0977579962824666e-31	Aque_Aqu2.1.43636-001;Scil_g2645	2.3857194879026892e-54	5.168587365929685e-49	Aque_Aqu2.1.35741-001;Scil_g2323	0.00040754156009998287	5.706184493433804e-31				Aque_Aqu2.1.41164-001;Scil_g2050	2.993726188697446e-20	0.00028651022064054156	Aque_Aqu2.1.28660-001;Scil_g8560	5.903132156816123e-13	6.827252268949651e-06	Aque_Aqu2.1.33635-001;Scil_g9750	0.00010669886911690847	6.723224112689725e-10	Aque_Aqu2.1.40738-001;Scil_g10145	6.218782870818954e-08	2.2288680991354423e-38	Aque_Aqu2.1.43536-001;Scil_g2793	3.1456270560029736e-13	0.009881073541213904	Aque_Aqu2.1.40738-001;Scil_g7182	6.218782870818954e-08	0.00226991754790107	Aque_Aqu2.1.41012-001;Scil_g12881	0.0037296053160072056	2.1955428679993587e-32	Aque_Aqu2.1.20342-001;Scil_g6013	6.019578265264503e-43	2.9288063338159984e-30	Aque_Aqu2.1.28223-001;Scil_g4240	0.0001247782164728605	3.593482504157775e-10	Aque_Aqu2.1.31551-001;Scil_g12129	5.480233371944621e-11	3.1404553919121265e-42			
Aque_Aqu2.1.38435-001;Scil_g2679	3.2496804617101288e-21	7.915325569368873e-86	Aque_Aqu2.1.14128-001;Scil_g9014	2.4522134152092073e-15	0.0027978391910432904	Aque_Aqu2.1.37960-001;Scil_g151	8.706435525501074e-27	2.211135709158821e-54	Aque_Aqu2.1.31586-001;Scil_g2493	6.035842798121547e-07	2.444851870685186e-31				Aque_Aqu2.1.42050-001;Scil_g9431	1.537475133511411e-11	2.2604854558921415e-07	Aque_Aqu2.1.32887-001;Scil_g1568	9.681906288621355e-12	1.402368506771563e-08	Aque_Aqu2.1.43536-001;Scil_g3071	3.1456270560029736e-13	3.6596614235713758e-22	Aque_Aqu2.1.24987-001;Scil_g13146	1.0504102619364857e-17	0.0026129660409463912	Aque_Aqu2.1.43674-001;Scil_g6923	4.20083387372124e-06	4.832739396701769e-10	Aque_Aqu2.1.41012-001;Scil_g13279	0.00027018571509218245	0.0016891241532341903	Aque_Aqu2.1.27353-001;Scil_g11067	3.315122328160022e-33	3.4113450508160326e-51	Aque_Aqu2.1.34247-001;Scil_g9014	1.71031195062505e-34	0.001206914064140306	Aque_Aqu2.1.40905-001;Scil_g1157	1.6276630887661414e-22	5.371096108950538e-15	Aque_Aqu2.1.25578-001;Scil_g2679	0.005312301831445139	3.938836107035566e-40			
Aque_Aqu2.1.32946-001;Scil_g548	3.198548394219795e-57	5.442765025243864e-101	Aque_Aqu2.1.31038-001;Scil_g9014	1.0272479399297856e-48	0.0027978391910432904	Aque_Aqu2.1.41892-001;Scil_g4240	8.326661223111995e-07	7.94947822143419e-06	Aque_Aqu2.1.40905-001;Scil_g2541	9.527533673684782e-19	1.2458272345387522e-06				Aque_Aqu2.1.14221-001;Scil_g6643	1.1928321308232204e-06	2.2696328158478815e-18	Aque_Aqu2.1.41895-001;Scil_g903	2.3005830125315022e-23	0.0008332685915331989	Aque_Aqu2.1.38146-001;Scil_g10140	6.387586082111135e-11	7.029809022088953e-33	Aque_Aqu2.1.41482-001;Scil_g1098	2.257130122823816e-08	7.599970776583826e-09	Aque_Aqu2.1.25769-001;Scil_g2253	3.2643039449818794e-11	6.478494392866644e-35	Aque_Aqu2.1.33635-001;Scil_g10960	0.00010669886911690847	0.0010311375398249923	Aque_Aqu2.1.36507-001;Scil_g2550	7.177212888757017e-30	0.00018597690863606623	Aque_Aqu2.1.36436-001;Scil_g1240	1.8803483918358576e-09	2.7256548768647008e-17	Aque_Aqu2.1.34247-001;Scil_g9014	1.71031195062505e-34	0.0027978391910432904	Aque_Aqu2.1.20342-001;Scil_g6013	6.019578265264503e-43	2.5663767670271375e-23			
Aque_Aqu2.1.25460-001;Scil_g6952	1.0806839649739981e-05	1.2428735009599055e-44	Aque_Aqu2.1.38435-001;Scil_g2679	3.2496804617101288e-21	3.449463238812816e-18	Aque_Aqu2.1.37747-001;Scil_g4955	1.520304058493942e-143	1.3274390645344907e-15	Aque_Aqu2.1.44059-001;Scil_g9230	3.328730512336417e-05	3.5595926977201445e-33				Aque_Aqu2.1.42631-001;Scil_g11974	0.00021754116331870318	4.0962729918117245e-50	Aque_Aqu2.1.18291-001;Scil_g903	3.545152212221585e-21	0.0008332685915331989	Aque_Aqu2.1.22336-001;Scil_g8212	0.000106535416203201	1.903555739624333e-18	Aque_Aqu2.1.41049-001;Scil_g130	0.007200126607303983	3.602006050929476e-46	Aque_Aqu2.1.21078-001;Scil_g119	5.590581436452151e-38	0.006956076367442361	Aque_Aqu2.1.17816-001;Scil_g6923	0.004846158259488255	1.9865115391663293e-07	Aque_Aqu2.1.28488-001;Scil_g11447	2.665580690789617e-63	4.092936753533095e-05	Aque_Aqu2.1.34348-001;Scil_g10006	0.004037217112809467	4.305342599225583e-27	Aque_Aqu2.1.41012-001;Scil_g10508	0.0037296053160072056	2.434685400033953e-60	Aque_Aqu2.1.28510-001;Scil_g1202	4.1221548809449937e-10	1.0069806754726252e-45			
Aque_Aqu2.1.29989-001;Scil_g3256	4.122966021694138e-114	1.485678566570381e-151	Aque_Aqu2.1.37747-001;Scil_g4955	1.520304058493942e-143	2.8980325535352766e-11	Aque_Aqu2.1.42085-001;Scil_g645	7.58547165552506e-19	6.048656650182224e-22	Aque_Aqu2.1.37095-001;Scil_g6036	1.7138617390298075e-107	1.4984837120563736e-05				Aque_Aqu2.1.27832-001;Scil_g6189	5.939276265577746e-23	3.078981561582129e-05	Aque_Aqu2.1.31386-001;Scil_g13734	1.9939436211890793e-10	0.00010448839775807025	Aque_Aqu2.1.43536-001;Scil_g2793	3.1456270560029736e-13	1.140131583380237e-09	Aque_Aqu2.1.35253-001;Scil_g10960	3.5542328552532075e-13	7.697874836345238e-14	Aque_Aqu2.1.41012-001;Scil_g13279	0.00027018571509218245	2.3352966492296317e-05	Aque_Aqu2.1.26973-001;Scil_g10960	1.8757648248382616e-05	0.0010311375398249923	Aque_Aqu2.1.28214-001;Scil_g2550	8.636946883713957e-34	0.00018597690863606623	Aque_Aqu2.1.28214-001;Scil_g8568	8.636946883713957e-34	0.006147787564166451	Aque_Aqu2.1.37960-001;Scil_g151	6.928813814428876e-12	1.6461488177250409e-68	Aque_Aqu2.1.37960-001;Scil_g151	6.928813814428876e-12	2.211135709158821e-54			
Aque_Aqu2.1.28488-001;Scil_g9850	4.308080784192572e-08	2.514819998386438e-10	Aque_Aqu2.1.39927-001;Scil_g1970	2.100681945699731e-42	1.235607112604749e-33	Aque_Aqu2.1.40905-001;Scil_g2541	9.527533673684782e-19	3.475334919449621e-07	Aque_Aqu2.1.34860-001;Scil_g12463	1.2852695968093314e-58	6.737594746197062e-32				Aque_Aqu2.1.33324-001;Scil_g2050	4.199172839699446e-13	0.00028651022064054156	Aque_Aqu2.1.38596-001;Scil_g12944	4.915425379001228e-11	6.635156098512339e-07	Aque_Aqu2.1.26973-001;Scil_g9750	1.8757648248382616e-05	6.723224112689725e-10	Aque_Aqu2.1.22812-001;Scil_g10086	0.0030811825076777575	3.0338463385256324e-05	Aque_Aqu2.1.29899-001;Scil_g7928	0.0007872687199082818	0.0024751816319803113	Aque_Aqu2.1.25867-001;Scil_g10960	0.0002352162877005849	0.0010311375398249923	Aque_Aqu2.1.42552-001;Scil_g6522	0.0004285058854722408	5.311358199178652e-11	Aque_Aqu2.1.34863-001;Scil_g2820	3.260819368721017e-23	3.4302693857098565e-44	Aque_Aqu2.1.39774-001;Scil_g10844	0.0019888630209188496	0.0007879050466048178	Aque_Aqu2.1.28223-001;Scil_g4240	0.0001247782164728605	7.94947822143419e-06			
Aque_Aqu2.1.29076-001;Scil_g119	1.6735204441251737e-27	1.1240744252913564e-101	Aque_Aqu2.1.39232-001;Scil_g11100	0.0008790342511167446	3.531243398369102e-24	Aque_Aqu2.1.39740-001;Scil_g2822	3.486960784146766e-51	1.2046246500420255e-06	Aque_Aqu2.1.14137-001;Scil_g9458	3.1178299804803794e-58	0.0010013805112998515				Aque_Aqu2.1.42700-001;Scil_g9431	1.3533484421805182e-09	2.2604854558921415e-07	Aque_Aqu2.1.39139-001;Scil_g11974	0.004249037783701661	4.0962729918117245e-50	Aque_Aqu2.1.38824-001;Scil_g9750	0.0021069493728025235	6.723224112689725e-10	Aque_Aqu2.1.38824-001;Scil_g10960	0.0021069493728025235	7.697874836345238e-14	Aque_Aqu2.1.16567-001;Scil_g8851	3.0155612923613537e-06	0.0013186114376195319	Aque_Aqu2.1.37426-001;Scil_g307	0.006785239769564729	3.786864955608991e-13	Aque_Aqu2.1.40905-001;Scil_g13078	1.6276630887661414e-22	1.991643228201955e-20	Aque_Aqu2.1.37816-001;Scil_g4517	0.00680584638096658	1.501104113340493e-13	Aque_Aqu2.1.34863-001;Scil_g2820	3.260819368721017e-23	3.9657895423737085e-29	Aque_Aqu2.1.43522-001;Scil_g11081	1.651404943005184e-09	1.6229342971891776e-16			
Aque_Aqu2.1.25578-001;Scil_g4517	9.46692299568766e-12	1.501104113340493e-13	Aque_Aqu2.1.39201-001;Scil_g5203	7.815203465075636e-11	1.945675528044307e-60	Aque_Aqu2.1.42622-001;Scil_g6134	3.3255266621818837e-110	6.434496800501183e-47	Aque_Aqu2.1.41587-001;Scil_g1970	6.284211007424334e-22	2.606407538094883e-24				Aque_Aqu2.1.28493-001;Scil_g4190	8.33193295587791e-14	1.976243892774613e-57	Aque_Aqu2.1.13963-001;Scil_g6014	1.4578792200559792e-06	7.513146338206519e-06	Aque_Aqu2.1.28214-001;Scil_g929	8.244866599655472e-18	0.0006739606382448352	Aque_Aqu2.1.28489-001;Scil_g11447	1.2639077541595553e-28	0.0011988833990713961	Aque_Aqu2.1.40044-001;Scil_g552	2.8322222814374473e-28	1.829316733864634e-14	Aque_Aqu2.1.39919-001;Scil_g2615	2.486254135103664e-07	2.9924508356288753e-07	Aque_Aqu2.1.34863-001;Scil_g10363	3.260819368721017e-23	1.7683703946708102e-19	Aque_Aqu2.1.37747-001;Scil_g4955	1.7392583256086783e-13	3.09647286557078e-36	Aque_Aqu2.1.43276-001;Scil_g11587	1.2417305666889384e-72	0.001308213787946087	Aque_Aqu2.1.44221-001;Scil_g10508	1.0164839656097992e-72	1.4665814847050853e-15			
Aque_Aqu2.1.40839-001;Scil_g11331	1.1787648350722784e-47	1.1780793404929863e-07	Aque_Aqu2.1.29496-001;Scil_g1157	1.2768054689113486e-36	5.371096108950538e-15	Aque_Aqu2.1.43581-001;Scil_g10708	5.4958467372897874e-33	5.488607685998669e-14	Aque_Aqu2.1.21251-001;Scil_g5235	4.624562609038775e-08	5.403392112469341e-07				Aque_Aqu2.1.43823-001;Scil_g10711	8.43656540528806e-40	9.234371273624221e-05	Aque_Aqu2.1.29855-001;Scil_g9431	0.0007027325992768494	2.2604854558921415e-07	Aque_Aqu2.1.21174-001;Scil_g10140	0.00021564884897657527	7.029809022088953e-33	Aque_Aqu2.1.33635-001;Scil_g10960	0.00010669886911690847	7.697874836345238e-14	Aque_Aqu2.1.33622-001;Scil_g6358	1.708447263117159e-16	4.495018191693717e-06	Aque_Aqu2.1.29077-001;Scil_g119	1.3133214504172145e-07	4.570121173935753e-06	Aque_Aqu2.1.43749-001;Scil_g2558	3.0069387432097618e-31	1.229150431460257e-08	Aque_Aqu2.1.29076-001;Scil_g119	3.633124956792878e-18	1.1240744252913564e-101	Aque_Aqu2.1.27224-001;Scil_g1970	0.00698422672407088	1.235607112604749e-33	Aque_Aqu2.1.39740-001;Scil_g2822	2.860462552437996e-15	1.2046246500420255e-06			
Aque_Aqu2.1.07543-001;Scil_g9417	5.249550863120593e-114	8.875182419450473e-102	Aque_Aqu2.1.43581-001;Scil_g2671	5.4958467372897874e-33	1.6481347787260075e-30	Aque_Aqu2.1.29076-001;Scil_g119	1.6735204441251737e-27	4.12906544749031e-51	Aque_Aqu2.1.37751-001;Scil_g3052	1.960754617020323e-08	1.669626579614176e-13				Aque_Aqu2.1.18457-001;Scil_g2050	1.2500407695264787e-10	0.00028651022064054156	Aque_Aqu2.1.39254-001;Scil_g6643	2.9509973252685446e-05	2.2696328158478815e-18	Aque_Aqu2.1.21078-001;Scil_g119	5.590581436452151e-38	1.1392739541626258e-52	Aque_Aqu2.1.41619-001;Scil_g10086	0.0001135500444194301	3.0338463385256324e-05	Aque_Aqu2.1.31551-001;Scil_g6923	0.0004550419940629617	4.832739396701769e-10	Aque_Aqu2.1.34343-001;Scil_g119	1.192967813648859e-24	4.570121173935753e-06	Aque_Aqu2.1.40997-001;Scil_g5970	1.1246864081167407e-15	6.359832455523348e-28	Aque_Aqu2.1.40839-001;Scil_g13262	7.198710762014658e-21	8.449451729511004e-09	Aque_Aqu2.1.31551-001;Scil_g12129	5.480233371944621e-11	5.962773796446919e-41	Aque_Aqu2.1.29076-001;Scil_g119	3.633124956792878e-18	4.12906544749031e-51			
Aque_Aqu2.1.38191-001;Scil_g9230	5.740348681209968e-44	8.77099652921219e-85	Aque_Aqu2.1.44325-001;Scil_g533	1.4970828419916077e-16	9.037037619188098e-26	Aque_Aqu2.1.36779-001;Scil_g5032	6.984192939755703e-05	0.0006415212563920234	Aque_Aqu2.1.38185-001;Scil_g11114	1.1352403406991012e-28	1.2267511825027107e-06				Aque_Aqu2.1.25188-001;Scil_g11408	8.171434139470894e-10	0.0009273067915295075	Aque_Aqu2.1.30110-001;Scil_g12131	0.0009398165192983804	2.2731884289040125e-05	Aque_Aqu2.1.41692-001;Scil_g11204	0.0001319903308633703	0.00020076639837232285	Aque_Aqu2.1.41049-001;Scil_g13539	0.007200126607303983	1.1454364321341173e-47	Aque_Aqu2.1.39740-001;Scil_g3460	4.782629770823607e-08	0.0030212586922886246	Aque_Aqu2.1.28489-001;Scil_g4190	1.2639077541595553e-28	0.0018585591398102622	Aque_Aqu2.1.28214-001;Scil_g929	8.636946883713957e-34	0.0006739606382448352	Aque_Aqu2.1.34344-001;Scil_g119	2.149882173753952e-14	1.1240744252913564e-101	Aque_Aqu2.1.43637-001;Scil_g13024	4.913286201607988e-09	3.6879272146840085e-16	Aque_Aqu2.1.34863-001;Scil_g2820	3.260819368721017e-23	7.937987451962361e-22			
Aque_Aqu2.1.34429-001;Scil_g110	7.854915848010625e-74	0.0002920309162305371	Aque_Aqu2.1.43478-001;Scil_g852	2.6663380306377767e-06	8.359778172501651e-51	Aque_Aqu2.1.26118-001;Scil_g645	1.1077058835232494e-24	6.048656650182224e-22	Aque_Aqu2.1.27224-001;Scil_g2125	6.85573730359377e-63	7.997798359196378e-19				Aque_Aqu2.1.35211-001;Scil_g5520	3.46092426890341e-23	3.2822396728584823e-09	Aque_Aqu2.1.28489-001;Scil_g4190	4.787491920802856e-09	1.976243892774613e-57	Aque_Aqu2.1.40905-001;Scil_g8135	2.293128987599471e-12	4.886659234752376e-97	Aque_Aqu2.1.33622-001;Scil_g402	1.708447263117159e-16	0.0003005960655922788	Aque_Aqu2.1.23692-001;Scil_g3056	1.2841772084763492e-19	2.0628480496730304e-08	Aque_Aqu2.1.38824-001;Scil_g10960	0.0021069493728025235	0.0010311375398249923	Aque_Aqu2.1.43559-001;Scil_g2584	7.6249225741894054e-06	0.0006679835282146164	Aque_Aqu2.1.25578-001;Scil_g4517	0.005312301831445139	1.501104113340493e-13	Aque_Aqu2.1.25862-001;Scil_g9014	2.0549201860468497e-37	0.0027978391910432904	Aque_Aqu2.1.34344-001;Scil_g119	2.149882173753952e-14	4.12906544749031e-51			
Aque_Aqu2.1.38191-001;Scil_g3256	5.740348681209968e-44	1.485678566570381e-151	Aque_Aqu2.1.44246-001;Scil_g1970	7.348281244918552e-80	1.235607112604749e-33	Aque_Aqu2.1.34182-001;Scil_g1212	2.8381934299431106e-12	4.4584155252482785e-10	Aque_Aqu2.1.20710-001;Scil_g9339	2.4308098953169308e-09	8.946720754272822e-27				Aque_Aqu2.1.28493-001;Scil_g5104	8.33193295587791e-14	1.0482033334351304e-18	Aque_Aqu2.1.27411-001;Scil_g13637	1.0834257764909658e-15	3.320268255653308e-06	Aque_Aqu2.1.33604-001;Scil_g11513	0.00018672684408454628	9.195351466282755e-05	Aque_Aqu2.1.41892-001;Scil_g8192	5.2142493076430264e-14	2.4409454456120322e-27	Aque_Aqu2.1.36574-001;Scil_g10363	0.0004940940652812278	0.003378878652426875	Aque_Aqu2.1.21174-001;Scil_g2820	0.00021564884897657527	0.002621769989177146	Aque_Aqu2.1.38477-001;Scil_g6451	0.0017703482907894788	6.905658752452561e-08	Aque_Aqu2.1.44221-001;Scil_g10508	1.0164839656097992e-72	3.569604556802591e-21	Aque_Aqu2.1.14128-001;Scil_g9014	0.0056228831372082165	0.0027978391910432904	Aque_Aqu2.1.43636-001;Scil_g2645	0.0008403213309444536	5.168587365929685e-49			
Aque_Aqu2.1.37774-001;Scil_g9453	7.700554024937936e-21	6.387761827127926e-52	Aque_Aqu2.1.27224-001;Scil_g1970	6.85573730359377e-63	1.235607112604749e-33	Aque_Aqu2.1.43522-001;Scil_g11081	3.210211400271905e-05	1.6229342971891776e-16	Aque_Aqu2.1.07543-001;Scil_g9417	5.249550863120593e-114	4.492642192877908e-25				Aque_Aqu2.1.04817-001;Scil_g1572	0.0008862807273552347	7.823311406353975e-54	Aque_Aqu2.1.33094-001;Scil_g12860	1.802143845576721e-08	1.8745035828697364e-05	Aque_Aqu2.1.35739-001;Scil_g496	1.2746924007240648e-08	0.00022420019603756796	Aque_Aqu2.1.41520-001;Scil_g13820	4.988517977277189e-10	2.3448594471839515e-08	Aque_Aqu2.1.28489-001;Scil_g9850	1.2639077541595553e-28	7.256824191226701e-09	Aque_Aqu2.1.43674-001;Scil_g6923	4.20083387372124e-06	1.9865115391663293e-07	Aque_Aqu2.1.33928-001;Scil_g119	1.7070164772059762e-09	1.1392739541626258e-52	Aque_Aqu2.1.36215-001;Scil_g6570	0.003047793759187989	1.303537719053094e-26	Aque_Aqu2.1.28223-001;Scil_g8192	0.0001247782164728605	6.87570092868224e-33	Aque_Aqu2.1.37747-001;Scil_g4955	1.7392583256086783e-13	1.3274390645344907e-15			
Aque_Aqu2.1.43637-001;Scil_g13000	0.0001321362764028887	7.958143268706407e-59	Aque_Aqu2.1.36774-001;Scil_g8909	2.2229382265985464e-06	2.4373349105944397e-36	Aque_Aqu2.1.43558-001;Scil_g4517	3.1472571512040617e-06	1.596873247019166e-10	Aque_Aqu2.1.39927-001;Scil_g2125	2.100681945699731e-42	7.997798359196378e-19				Aque_Aqu2.1.41459-001;Scil_g3388	1.5794802762380623e-08	4.153586111703442e-07	Aque_Aqu2.1.33526-001;Scil_g8391	1.448681521009573e-19	0.0037906289211224855	Aque_Aqu2.1.34873-001;Scil_g6324	0.0014041711381774895	3.9000314585615104e-16	Aque_Aqu2.1.41520-001;Scil_g8186	4.988517977277189e-10	2.027576154248112e-06	Aque_Aqu2.1.34863-001;Scil_g2820	7.856949568546215e-16	2.0116989466359346e-05	Aque_Aqu2.1.42693-001;Scil_g10960	0.0018360592641156288	0.0010311375398249923	Aque_Aqu2.1.41977-001;Scil_g8940	1.2262015096263183e-08	2.24971344722303e-07	Aque_Aqu2.1.42569-001;Scil_g8107	0.004968804371715004	1.6183395178500832e-20	Aque_Aqu2.1.29989-001;Scil_g3256	4.487891029800469e-06	4.0851084805518284e-72	Aque_Aqu2.1.36436-001;Scil_g1240	1.8803483918358576e-09	2.117671238415337e-08			
Aque_Aqu2.1.43478-001;Scil_g852	2.6663380306377767e-06	2.67779929755393e-64	Aque_Aqu2.1.40665-001;Scil_g3312	8.115709961538107e-35	8.037865953887498e-16	Aque_Aqu2.1.32503-001;Scil_g8568	2.0081355121222554e-34	0.0055161113116417694	Aque_Aqu2.1.29497-001;Scil_g13078	1.613969228591092e-36	1.6630355162408285e-08				Aque_Aqu2.1.33379-001;Scil_g1596	4.825879522356487e-18	0.0071669584175821435	Aque_Aqu2.1.33439-001;Scil_g2050	4.091938698536249e-12	0.00028651022064054156	Aque_Aqu2.1.43559-001;Scil_g2584	8.208845897341611e-07	0.0006679835282146164	Aque_Aqu2.1.42154-001;Scil_g12529	2.4653836889926653e-06	3.227376468718222e-06	Aque_Aqu2.1.39672-001;Scil_g4725	1.7219934783810546e-24	0.000998381218287609	Aque_Aqu2.1.28497-001;Scil_g4190	6.265744639493593e-06	0.0018585591398102622	Aque_Aqu2.1.39944-001;Scil_g8940	1.6732109268140184e-15	2.24971344722303e-07	Aque_Aqu2.1.42549-001;Scil_g11616	6.6351231469464594e-12	4.655178459260144e-27	Aque_Aqu2.1.25578-001;Scil_g2679	0.005312301831445139	3.449463238812816e-18	Aque_Aqu2.1.34182-001;Scil_g1212	0.00034402088415198156	4.4584155252482785e-10			
Aque_Aqu2.1.36779-001;Scil_g5032	6.984192939755703e-05	0.0004661659044028447	Aque_Aqu2.1.41302-001;Scil_g10741	3.049277438668542e-10	1.0390723964522058e-14	Aque_Aqu2.1.41302-001;Scil_g863	3.049277438668542e-10	4.187396020041577e-10	Aque_Aqu2.1.43276-001;Scil_g11587	1.0182416073641277e-129	2.972720390467545e-07				Aque_Aqu2.1.38596-001;Scil_g12944	6.485696048108517e-11	6.635156098512339e-07	Aque_Aqu2.1.38683-001;Scil_g11288	1.3366061311162073e-26	0.009583844081944655	Aque_Aqu2.1.35204-001;Scil_g692	3.1516145313605166e-17	0.0014196732836659232	Aque_Aqu2.1.40905-001;Scil_g13078	2.293128987599471e-12	7.912716267496188e-05	Aque_Aqu2.1.23692-001;Scil_g10960	1.2841772084763492e-19	3.516281539997559e-05	Aque_Aqu2.1.25769-001;Scil_g428	3.2643039449818794e-11	0.00249302376632607	Aque_Aqu2.1.39672-001;Scil_g13259	4.853247615656722e-15	0.0019587669444009245	Aque_Aqu2.1.29989-001;Scil_g3256	4.487891029800469e-06	1.485678566570381e-151	Aque_Aqu2.1.44325-001;Scil_g533	0.008603398748427676	9.037037619188098e-26	Aque_Aqu2.1.43276-001;Scil_g11587	1.2417305666889384e-72	4.192068481728588e-05			
Aque_Aqu2.1.37713-001;Scil_g4517	1.7092280498504553e-19	1.501104113340493e-13	Aque_Aqu2.1.23856-001;Scil_g6535	9.038754178536685e-06	4.344915428191659e-18	Aque_Aqu2.1.24985-001;Scil_g9168	2.648227574502731e-19	1.8760552862916176e-67	Aque_Aqu2.1.32930-001;Scil_g9417	7.663138857997222e-90	4.492642192877908e-25				Aque_Aqu2.1.27832-001;Scil_g10250	5.939276265577746e-23	0.0005451358125084988	Aque_Aqu2.1.24972-001;Scil_g903	7.810962526908535e-13	0.0008332685915331989	Aque_Aqu2.1.40394-001;Scil_g12529	0.008548448215663518	2.585553304861641e-14	Aque_Aqu2.1.27224-001;Scil_g1638	5.542768429070787e-13	1.3632667963625444e-14	Aque_Aqu2.1.37486-001;Scil_g12785	5.791765336917085e-10	2.3296876787399272e-06	Aque_Aqu2.1.41049-001;Scil_g130	0.007200126607303983	0.0005872798189178453	Aque_Aqu2.1.41059-001;Scil_g2558	9.135969036358178e-18	1.229150431460257e-08	Aque_Aqu2.1.36779-001;Scil_g5032	2.346264008992688e-12	0.0004661659044028447	Aque_Aqu2.1.24985-001;Scil_g9168	0.0004749866565147738	5.8697803432304785e-86	Aque_Aqu2.1.29989-001;Scil_g3256	4.487891029800469e-06	3.913029502705773e-66			
Aque_Aqu2.1.38435-001;Scil_g4517	3.2496804617101288e-21	1.501104113340493e-13	Aque_Aqu2.1.37774-001;Scil_g9453	7.700554024937936e-21	2.3202718139754127e-12	Aque_Aqu2.1.44246-001;Scil_g2125	7.348281244918552e-80	7.46393838870838e-12	Aque_Aqu2.1.37527-001;Scil_g2206	3.012591765827895e-10	9.542561533753149e-35				Aque_Aqu2.1.24975-001;Scil_g4190	4.5883097586442987e-07	1.976243892774613e-57	Aque_Aqu2.1.43540-001;Scil_g1266	3.534170415031876e-08	1.4961718621363973e-06	Aque_Aqu2.1.28294-001;Scil_g7865	1.3804396387632021e-27	2.930595913607532e-07	Aque_Aqu2.1.34140-001;Scil_g11222	1.0121820050408576e-29	5.013830628113789e-07	Aque_Aqu2.1.40376-001;Scil_g6432	5.626029519789693e-17	5.779599212333483e-13				Aque_Aqu2.1.25575-001;Scil_g3420	3.1198834955009455e-14	4.1363231327920695e-07	Aque_Aqu2.1.28078-001;Scil_g4955	0.0001584943135477131	3.09647286557078e-36	Aque_Aqu2.1.37747-001;Scil_g4955	1.7392583256086783e-13	2.8980325535352766e-11	Aque_Aqu2.1.24985-001;Scil_g9168	0.0004749866565147738	1.8760552862916176e-67			
Aque_Aqu2.1.43276-001;Scil_g11587	1.0182416073641277e-129	7.602918771667548e-08	Aque_Aqu2.1.29989-001;Scil_g3256	4.122966021694138e-114	4.0851084805518284e-72	Aque_Aqu2.1.43558-001;Scil_g2679	3.1472571512040617e-06	3.938836107035566e-40	Aque_Aqu2.1.42605-001;Scil_g6036	9.509180868415106e-59	1.4984837120563736e-05				Aque_Aqu2.1.37605-001;Scil_g13161	1.4333401235778764e-06	4.0556421502422845e-05	Aque_Aqu2.1.11170-001;Scil_g3388	6.638703732775192e-08	4.153586111703442e-07	Aque_Aqu2.1.43749-001;Scil_g2558	2.132643713116904e-10	1.229150431460257e-08	Aque_Aqu2.1.20935-001;Scil_g13349	3.0542012146660946e-19	4.247602410583273e-05	Aque_Aqu2.1.44243-001;Scil_g6182	2.5819489532558422e-23	6.54132555884722e-05				Aque_Aqu2.1.41012-001;Scil_g13279	0.0037296053160072056	5.893391080687706e-69	Aque_Aqu2.1.43522-001;Scil_g11081	1.651404943005184e-09	6.11672841255793e-15	Aque_Aqu2.1.27224-001;Scil_g2125	0.00698422672407088	3.513457657467906e-18	Aque_Aqu2.1.31551-001;Scil_g5780	5.480233371944621e-11	7.726719165322015e-45			
Aque_Aqu2.1.32930-001;Scil_g9417	7.663138857997222e-90	8.875182419450473e-102	Aque_Aqu2.1.36215-001;Scil_g6570	8.25105355217579e-08	0.001153697702314715	Aque_Aqu2.1.39296-001;Scil_g8647	8.497757503283989e-55	0.007376421634350448	Aque_Aqu2.1.14137-001;Scil_g3906	3.1178299804803794e-58	0.00014453004306132745				Aque_Aqu2.1.42015-001;Scil_g1576	5.917872503133353e-05	1.7880041594527604e-28	Aque_Aqu2.1.24266-001;Scil_g4689	1.3232475428430433e-05	2.9084691839750085e-05	Aque_Aqu2.1.41012-001;Scil_g13279	0.00027018571509218245	5.893391080687706e-69	Aque_Aqu2.1.28453-001;Scil_g2624	1.0394247470338174e-05	1.2445680806480602e-07	Aque_Aqu2.1.29098-001;Scil_g5478	0.0022163606697167436	0.0003749443970407659				Aque_Aqu2.1.39905-001;Scil_g10530	3.4174332022971364e-10	0.0021197888377777543	Aque_Aqu2.1.24985-001;Scil_g9168	0.0004749866565147738	3.876474611495234e-139	Aque_Aqu2.1.29076-001;Scil_g119	3.633124956792878e-18	1.0977579962824666e-31	Aque_Aqu2.1.43637-001;Scil_g13000	4.913286201607988e-09	4.8053426804416345e-37			
Aque_Aqu2.1.25862-001;Scil_g9014	1.4164840831138878e-69	0.001206914064140306	Aque_Aqu2.1.43637-001;Scil_g13026	0.0001321362764028887	1.340950059410457e-12	Aque_Aqu2.1.28194-001;Scil_g10793	1.444625855187625e-59	1.055319179606601e-40	Aque_Aqu2.1.40203-001;Scil_g8847	7.76548669049712e-21	1.3795310133720872e-05				Aque_Aqu2.1.41612-001;Scil_g13161	3.376402794636604e-05	4.0556421502422845e-05	Aque_Aqu2.1.42700-001;Scil_g9955	7.021913672654355e-09	8.310688268255026e-05	Aque_Aqu2.1.25867-001;Scil_g9750	0.0002352162877005849	6.723224112689725e-10	Aque_Aqu2.1.38524-001;Scil_g11283	9.419406752082244e-11	0.0001944654720352231	Aque_Aqu2.1.30867-001;Scil_g6923	1.3309245062395783e-20	4.832739396701769e-10				Aque_Aqu2.1.43276-001;Scil_g9800	1.2417305666889384e-72	2.313300210171096e-52	Aque_Aqu2.1.43276-001;Scil_g11587	1.2417305666889384e-72	7.602918771667548e-08	Aque_Aqu2.1.32720-001;Scil_g951	8.485865122776761e-05	4.564855175800409e-22	Aque_Aqu2.1.28223-001;Scil_g8192	0.0001247782164728605	3.095268598195959e-25			
Aque_Aqu2.1.28078-001;Scil_g4955	6.696460884889418e-10	3.09647286557078e-36	Aque_Aqu2.1.37974-001;Scil_g4955	2.4185485011480635e-14	2.8980325535352766e-11	Aque_Aqu2.1.27224-001;Scil_g2125	6.85573730359377e-63	7.46393838870838e-12	Aque_Aqu2.1.16620-001;Scil_g10793	3.397334660599216e-165	2.0933444663797696e-15				Aque_Aqu2.1.42050-001;Scil_g9955	1.537475133511411e-11	8.310688268255026e-05	Aque_Aqu2.1.28489-001;Scil_g5104	4.787491920802856e-09	1.0482033334351304e-18	Aque_Aqu2.1.28495-001;Scil_g9850	4.458325986516477e-24	2.3017395799018037e-22	Aque_Aqu2.1.31586-001;Scil_g10108	1.7372787348993547e-40	0.0026833894586777538	Aque_Aqu2.1.28453-001;Scil_g2624	1.0394247470338174e-05	1.365660569752361e-10				Aque_Aqu2.1.43674-001;Scil_g2667	4.400615814884635e-07	1.213546492040107e-09	Aque_Aqu2.1.41943-001;Scil_g10339	1.7930078176274148e-08	7.110049027397598e-24	Aque_Aqu2.1.31551-001;Scil_g5780	5.480233371944621e-11	2.9711931366042666e-50	Aque_Aqu2.1.33928-001;Scil_g119	1.7070164772059762e-09	4.12906544749031e-51			
Aque_Aqu2.1.31038-001;Scil_g9014	1.0272479399297856e-48	0.001206914064140306	Aque_Aqu2.1.31586-001;Scil_g8948	6.035842798121547e-07	1.5267188273665134e-17	Aque_Aqu2.1.07543-001;Scil_g9417	5.249550863120593e-114	1.514126013743912e-32	Aque_Aqu2.1.22811-001;Scil_g11739	6.0594339440517635e-05	2.0454373881787576e-09				Aque_Aqu2.1.24266-001;Scil_g13487	4.7527632025133555e-17	0.00014122238861234354	Aque_Aqu2.1.31385-001;Scil_g6763	5.85436007345541e-05	1.0396852815059356e-08	Aque_Aqu2.1.41049-001;Scil_g13539	0.007200126607303983	1.1694918522643926e-103	Aque_Aqu2.1.30867-001;Scil_g11222	1.3309245062395783e-20	5.013830628113789e-07	Aque_Aqu2.1.42154-001;Scil_g12529	2.4653836889926653e-06	1.0556557055860905e-05				Aque_Aqu2.1.39672-001;Scil_g8183	4.853247615656722e-15	7.136238196514838e-05	Aque_Aqu2.1.07543-001;Scil_g9417	4.81622449486522e-09	8.875182419450473e-102	Aque_Aqu2.1.34344-001;Scil_g119	2.149882173753952e-14	1.0977579962824666e-31	Aque_Aqu2.1.28078-001;Scil_g4955	0.0001584943135477131	1.3274390645344907e-15			
Aque_Aqu2.1.16620-001;Scil_g10793	3.397334660599216e-165	2.0956852938510657e-66	Aque_Aqu2.1.39927-001;Scil_g2125	2.100681945699731e-42	3.513457657467906e-18	Aque_Aqu2.1.44246-001;Scil_g1970	7.348281244918552e-80	1.7432853746357123e-10	Aque_Aqu2.1.21251-001;Scil_g6498	4.624562609038775e-08	1.506045197375416e-30				Aque_Aqu2.1.41895-001;Scil_g903	3.7831469791073923e-23	0.0008332685915331989	Aque_Aqu2.1.31388-001;Scil_g6763	0.009425638668166618	1.0396852815059356e-08	Aque_Aqu2.1.38340-001;Scil_g2300	4.334360722699224e-05	0.0019275205007733217	Aque_Aqu2.1.41520-001;Scil_g4131	4.988517977277189e-10	0.00196209406172658	Aque_Aqu2.1.14505-001;Scil_g980	4.1608280773534837e-17	0.0005986017299019908				Aque_Aqu2.1.31551-001;Scil_g2667	5.480233371944621e-11	1.213546492040107e-09	Aque_Aqu2.1.33928-001;Scil_g119	1.7070164772059762e-09	1.1240744252913564e-101	Aque_Aqu2.1.43636-001;Scil_g2645	0.0008403213309444536	1.328756618204222e-47	Aque_Aqu2.1.42762-001;Scil_g5254	7.811805062921284e-23	0.005356450352588373			
Aque_Aqu2.1.44247-001;Scil_g584	3.554518331741283e-29	6.990831909666763e-20	Aque_Aqu2.1.16620-001;Scil_g10793	3.397334660599216e-165	8.421902305944512e-51	Aque_Aqu2.1.32930-001;Scil_g9417	7.663138857997222e-90	1.514126013743912e-32	Aque_Aqu2.1.39784-001;Scil_g9453	1.5219993781510476e-58	4.49983027371432e-20				Aque_Aqu2.1.28308-001;Scil_g9866	0.0018041661425868933	6.036993257960576e-20	Aque_Aqu2.1.36637-001;Scil_g12944	5.3289207745529136e-06	6.635156098512339e-07	Aque_Aqu2.1.37132-001;Scil_g3188	0.0025751027040243147	0.0008562370861479345	Aque_Aqu2.1.39672-001;Scil_g402	1.7219934783810546e-24	0.0003005960655922788	Aque_Aqu2.1.41482-001;Scil_g6923	2.257130122823816e-08	4.832739396701769e-10				Aque_Aqu2.1.20342-001;Scil_g6013	6.019578265264503e-43	5.3883328910806626e-08	Aque_Aqu2.1.25862-001;Scil_g9014	2.0549201860468497e-37	0.001206914064140306	Aque_Aqu2.1.39232-001;Scil_g11100	7.248897726992047e-09	3.531243398369102e-24	Aque_Aqu2.1.29077-001;Scil_g119	0.004321048201029846	4.12906544749031e-51			
Aque_Aqu2.1.14128-001;Scil_g9014	2.4522134152092073e-15	0.001206914064140306	Aque_Aqu2.1.39108-001;Scil_g1492	1.5603924607670408e-114	1.3944934318582317e-48	Aque_Aqu2.1.28078-001;Scil_g4955	6.696460884889418e-10	1.3274390645344907e-15	Aque_Aqu2.1.14137-001;Scil_g8105	3.1178299804803794e-58	1.062772877784191e-07				Aque_Aqu2.1.16669-001;Scil_g12884	4.593372835138189e-14	0.007651076046098842	Aque_Aqu2.1.24879-001;Scil_g1084	0.00024797248585702985	1.1466091512127801e-14	Aque_Aqu2.1.28495-001;Scil_g11447	4.458325986516477e-24	4.092936753533095e-05	Aque_Aqu2.1.43959-001;Scil_g6383	0.004273556452371094	2.1392724040905424e-13	Aque_Aqu2.1.23692-001;Scil_g9674	1.2841772084763492e-19	0.0007343807069236559				Aque_Aqu2.1.42762-001;Scil_g13259	7.811805062921284e-23	0.0019587669444009245	Aque_Aqu2.1.43636-001;Scil_g2645	0.0008403213309444536	3.7308049854168335e-83	Aque_Aqu2.1.43637-001;Scil_g13026	4.913286201607988e-09	1.340950059410457e-12	Aque_Aqu2.1.35197-001;Scil_g12865	0.004331050278405647	1.4546323406001222e-33			
Aque_Aqu2.1.44325-001;Scil_g533	1.4970828419916077e-16	2.6650878305591554e-38	Aque_Aqu2.1.37079-001;Scil_g9493	6.987535709667499e-114	2.1153771775813224e-57	Aque_Aqu2.1.29077-001;Scil_g119	3.031435493306638e-15	4.12906544749031e-51	Aque_Aqu2.1.32585-001;Scil_g8241	3.4239698025737356e-115	0.000157360397134646				Aque_Aqu2.1.42700-001;Scil_g9955	1.3533484421805182e-09	8.310688268255026e-05	Aque_Aqu2.1.28308-001;Scil_g13192	1.0706868481635906e-06	0.0014322155262061593	Aque_Aqu2.1.43844-001;Scil_g13307	0.002766826415881212	2.6808559542315997e-30	Aque_Aqu2.1.33622-001;Scil_g4725	1.708447263117159e-16	0.007071540977103302	Aque_Aqu2.1.44243-001;Scil_g8930	2.5819489532558422e-23	0.003008471673133274				Aque_Aqu2.1.29076-001;Scil_g119	3.633124956792878e-18	1.1392739541626258e-52	Aque_Aqu2.1.28223-001;Scil_g4240	0.0001247782164728605	2.093408864645281e-05	Aque_Aqu2.1.39108-001;Scil_g1492	4.4768922414522974e-09	1.3944934318582317e-48	Aque_Aqu2.1.42622-001;Scil_g6134	1.0715451731342153e-09	6.434496800501183e-47			
Aque_Aqu2.1.37818-001;Scil_g9008	1.1042169105070999e-65	4.859466153406389e-07	Aque_Aqu2.1.24376-001;Scil_g2266	3.214491794611835e-10	3.4817866453329334e-16	Aque_Aqu2.1.43276-001;Scil_g11587	1.0182416073641277e-129	4.192068481728588e-05	Aque_Aqu2.1.28194-001;Scil_g9453	1.444625855187625e-59	4.49983027371432e-20				Aque_Aqu2.1.41029-001;Scil_g12884	4.8147503292666314e-14	0.007651076046098842	Aque_Aqu2.1.41088-001;Scil_g5594	3.5475032846856503e-06	1.2662512035316699e-05	Aque_Aqu2.1.28214-001;Scil_g2550	8.244866599655472e-18	0.00018597690863606623	Aque_Aqu2.1.33443-001;Scil_g2609	4.986367745258103e-05	2.496564254222248e-24	Aque_Aqu2.1.38146-001;Scil_g13279	6.387586082111135e-11	2.3352966492296317e-05				Aque_Aqu2.1.42053-001;Scil_g4932	9.584754796937085e-09	6.661920932742929e-11	Aque_Aqu2.1.43637-001;Scil_g13000	4.913286201607988e-09	7.958143268706407e-59	Aque_Aqu2.1.28078-001;Scil_g4955	0.0001584943135477131	2.8980325535352766e-11	Aque_Aqu2.1.34343-001;Scil_g119	1.074270232820891e-06	4.12906544749031e-51			
Aque_Aqu2.1.24985-001;Scil_g9168	2.648227574502731e-19	3.876474611495234e-139	Aque_Aqu2.1.43558-001;Scil_g4517	3.1472571512040617e-06	4.833548353276332e-67	Aque_Aqu2.1.33502-001;Scil_g566	4.333324090497173e-06	1.4655848858801617e-32	Aque_Aqu2.1.39108-001;Scil_g1492	1.5603924607670408e-114	4.1545101525743535e-28				Aque_Aqu2.1.35251-001;Scil_g9317	0.0003765303201529725	6.465571092368724e-05	Aque_Aqu2.1.44009-001;Scil_g11945	3.403777570357306e-09	0.00028980519709260257	Aque_Aqu2.1.38146-001;Scil_g13279	6.387586082111135e-11	5.893391080687706e-69	Aque_Aqu2.1.27258-001;Scil_g2151	4.614981215518772e-18	3.6960027423275005e-11	Aque_Aqu2.1.28223-001;Scil_g8192	1.3844036382592803e-13	1.4505713363105934e-09				Aque_Aqu2.1.36606-001;Scil_g13259	0.00011808161515158586	0.0019587669444009245	Aque_Aqu2.1.42762-001;Scil_g5254	7.811805062921284e-23	7.915691230088375e-05	Aque_Aqu2.1.37079-001;Scil_g9493	3.790274397321719e-05	2.1153771775813224e-57	Aque_Aqu2.1.36215-001;Scil_g6570	0.003047793759187989	1.6290942099722828e-07			
Aque_Aqu2.1.24541-001;Scil_g9008	2.344168441479099e-143	4.859466153406389e-07	Aque_Aqu2.1.37816-001;Scil_g11587	5.351220243248752e-65	0.001308213787946087	Aque_Aqu2.1.44247-001;Scil_g584	3.554518331741283e-29	2.0978126739015768e-07	Aque_Aqu2.1.44246-001;Scil_g1638	7.348281244918552e-80	1.19535896766409e-19				Aque_Aqu2.1.39139-001;Scil_g11974	0.0008939894452445926	4.0962729918117245e-50	Aque_Aqu2.1.20504-001;Scil_g1576	0.0037927081630394956	1.7880041594527604e-28	Aque_Aqu2.1.29496-001;Scil_g13078	0.0005693519180481434	1.991643228201955e-20	Aque_Aqu2.1.42762-001;Scil_g402	1.0081478109652569e-17	0.0003005960655922788	Aque_Aqu2.1.42762-001;Scil_g4725	1.0081478109652569e-17	0.000998381218287609				Aque_Aqu2.1.39987-001;Scil_g4341	1.0010830102989684e-19	0.0008148831265628503	Aque_Aqu2.1.21084-001;Scil_g9931	0.00633952290948492	7.045624617210332e-100	Aque_Aqu2.1.31551-001;Scil_g11222	5.480233371944621e-11	9.325436313824295e-14	Aque_Aqu2.1.32720-001;Scil_g951	8.485865122776761e-05	1.0474636807702259e-19			
Aque_Aqu2.1.16671-001;Scil_g13745	1.7538076482175143e-30	2.5580313164813732e-27	Aque_Aqu2.1.25862-001;Scil_g9014	1.4164840831138878e-69	0.0027978391910432904	Aque_Aqu2.1.39201-001;Scil_g5203	7.815203465075636e-11	7.507898294670868e-53	Aque_Aqu2.1.36263-001;Scil_g354	1.778679896019185e-56	2.5869318161768728e-17				Aque_Aqu2.1.34334-001;Scil_g12884	2.4149801499682977e-11	0.007651076046098842	Aque_Aqu2.1.25308-001;Scil_g9283	2.9300010805553698e-05	0.0041640643412778925	Aque_Aqu2.1.41059-001;Scil_g2558	4.5657371989222466e-11	1.229150431460257e-08	Aque_Aqu2.1.28497-001;Scil_g11447	6.265744639493593e-06	0.0011988833990713961	Aque_Aqu2.1.42203-001;Scil_g12785	0.00045457418849529025	2.3296876787399272e-06				Aque_Aqu2.1.43596-001;Scil_g5864	0.0035814831350211816	0.0003760413837692521	Aque_Aqu2.1.32930-001;Scil_g9417	2.0305570543660158e-05	8.875182419450473e-102	Aque_Aqu2.1.34182-001;Scil_g1212	0.00034402088415198156	8.020125970823068e-06	Aque_Aqu2.1.21084-001;Scil_g9931	0.00633952290948492	3.3096202968895437e-40			
Aque_Aqu2.1.15711-001;Scil_g10890	2.702731237627593e-11	8.289200286554092e-13	Aque_Aqu2.1.37748-001;Scil_g4955	0.006868279958800548	2.8980325535352766e-11	Aque_Aqu2.1.27224-001;Scil_g1970	6.85573730359377e-63	1.7432853746357123e-10	Aque_Aqu2.1.37747-001;Scil_g4955	1.520304058493942e-143	1.6734184458248347e-07				Aque_Aqu2.1.35998-001;Scil_g6487	6.231082991345739e-05	2.1519754728277792e-07	Aque_Aqu2.1.44081-001;Scil_g10067	8.738402551487298e-08	3.6825449616023355e-06	Aque_Aqu2.1.21174-001;Scil_g2820	0.00021564884897657527	1.734370996913815e-60	Aque_Aqu2.1.42093-001;Scil_g3806	0.0006886285707111513	3.452312820229575e-05	Aque_Aqu2.1.31551-001;Scil_g1483	0.0004550419940629617	4.085735599763043e-06				Aque_Aqu2.1.42703-001;Scil_g307	1.5499114342658717e-08	7.224369114222508e-43	Aque_Aqu2.1.42548-001;Scil_g2821	7.448014540555121e-28	0.0011493006646182426	Aque_Aqu2.1.21084-001;Scil_g9931	0.00633952290948492	1.4935808984023714e-38	Aque_Aqu2.1.39672-001;Scil_g5254	4.853247615656722e-15	0.005356450352588373			
Aque_Aqu2.1.27224-001;Scil_g2125	6.85573730359377e-63	6.812113569567865e-25	Aque_Aqu2.1.44246-001;Scil_g2125	7.348281244918552e-80	3.513457657467906e-18	Aque_Aqu2.1.34344-001;Scil_g119	4.469710923167695e-16	4.12906544749031e-51	Aque_Aqu2.1.36779-001;Scil_g5032	6.984192939755703e-05	0.001224227857816415				Aque_Aqu2.1.07288-001;Scil_g3388	0.0003153131800253428	4.153586111703442e-07	Aque_Aqu2.1.32920-001;Scil_g9431	0.0019696549996616733	2.2604854558921415e-07	Aque_Aqu2.1.39672-001;Scil_g13259	1.7219934783810546e-24	0.0019587669444009245	Aque_Aqu2.1.25867-001;Scil_g10960	0.0002352162877005849	7.697874836345238e-14	Aque_Aqu2.1.38524-001;Scil_g11283	9.419406752082244e-11	0.007092041936371049				Aque_Aqu2.1.42762-001;Scil_g8183	7.811805062921284e-23	7.136238196514838e-05	Aque_Aqu2.1.44193-001;Scil_g3749	0.008761691378829603	5.015011148407402e-41	Aque_Aqu2.1.35197-001;Scil_g12865	0.004331050278405647	8.708814194825942e-35	Aque_Aqu2.1.27224-001;Scil_g2125	0.00698422672407088	7.46393838870838e-12			
Aque_Aqu2.1.41892-001;Scil_g4240	8.326661223111995e-07	2.093408864645281e-05	Aque_Aqu2.1.24541-001;Scil_g13687	2.344168441479099e-143	1.466694169169309e-25	Aque_Aqu2.1.43581-001;Scil_g2671	5.4958467372897874e-33	9.343901670002873e-11	Aque_Aqu2.1.40665-001;Scil_g3312	8.115709961538107e-35	2.5631732670769705e-17				Aque_Aqu2.1.43540-001;Scil_g1266	4.262255145870636e-06	1.4961718621363973e-06	Aque_Aqu2.1.33324-001;Scil_g2050	5.473823880593289e-09	0.00028651022064054156	Aque_Aqu2.1.34863-001;Scil_g10363	7.856949568546215e-16	1.7683703946708102e-19	Aque_Aqu2.1.31551-001;Scil_g1483	0.0004550419940629617	2.479568833724734e-22	Aque_Aqu2.1.33622-001;Scil_g2756	1.708447263117159e-16	0.0004767352567340763				Aque_Aqu2.1.23692-001;Scil_g10960	1.0602342069590649e-07	1.7814275668616436e-13	Aque_Aqu2.1.28960-001;Scil_g9703	1.2115948719525116e-09	9.907428968178855e-19	Aque_Aqu2.1.33740-001;Scil_g9493	6.278595155439881e-06	2.1153771775813224e-57	Aque_Aqu2.1.43440-001;Scil_g3916	1.8878112542246298e-07	9.705816545617034e-30			
Aque_Aqu2.1.26118-001;Scil_g645	1.1077058835232494e-24	8.717474977728585e-59	Aque_Aqu2.1.27224-001;Scil_g2125	6.85573730359377e-63	3.513457657467906e-18	Aque_Aqu2.1.37974-001;Scil_g4955	2.4185485011480635e-14	1.3274390645344907e-15	Aque_Aqu2.1.41892-001;Scil_g2609	8.326661223111995e-07	7.187088243588235e-13				Aque_Aqu2.1.44079-001;Scil_g1266	9.083305623486143e-06	1.4961718621363973e-06	Aque_Aqu2.1.38596-001;Scil_g8391	4.915425379001228e-11	0.0037906289211224855	Aque_Aqu2.1.43637-001;Scil_g13026	8.152574204947499e-32	1.0858709037481048e-15	Aque_Aqu2.1.43674-001;Scil_g5780	4.20083387372124e-06	1.401077682156374e-56	Aque_Aqu2.1.36606-001;Scil_g4725	6.429704257152719e-05	0.000998381218287609				Aque_Aqu2.1.36606-001;Scil_g8183	0.00011808161515158586	7.136238196514838e-05	Aque_Aqu2.1.29077-001;Scil_g119	0.004321048201029846	1.1240744252913564e-101	Aque_Aqu2.1.31586-001;Scil_g8948	1.891188349453035e-06	1.5267188273665134e-17	Aque_Aqu2.1.07543-001;Scil_g9417	4.81622449486522e-09	1.514126013743912e-32			
Aque_Aqu2.1.36215-001;Scil_g6570	8.25105355217579e-08	1.303537719053094e-26	Aque_Aqu2.1.43637-001;Scil_g13000	0.0001321362764028887	3.139328915068049e-23	Aque_Aqu2.1.40665-001;Scil_g3312	8.115709961538107e-35	3.106968286626422e-17	Aque_Aqu2.1.22535-001;Scil_g130	7.166399470023436e-67	1.5244133769329725e-07				Aque_Aqu2.1.38752-001;Scil_g5520	8.898107358929214e-33	3.2822396728584823e-09	Aque_Aqu2.1.31344-001;Scil_g11945	2.897711481146304e-06	0.00028980519709260257	Aque_Aqu2.1.27353-001;Scil_g11067	9.44565242901379e-09	3.4113450508160326e-51	Aque_Aqu2.1.43674-001;Scil_g1098	4.20083387372124e-06	7.599970776583826e-09	Aque_Aqu2.1.31586-001;Scil_g10108	1.7372787348993547e-40	0.007160020110211752				Aque_Aqu2.1.28295-001;Scil_g458	5.367669926149825e-21	7.089012749431077e-08	Aque_Aqu2.1.39672-001;Scil_g5254	4.853247615656722e-15	7.915691230088375e-05	Aque_Aqu2.1.42195-001;Scil_g10844	0.00477303985890151	0.0007879050466048178	Aque_Aqu2.1.28960-001;Scil_g9703	1.2115948719525116e-09	4.6862689011304155e-07			
Aque_Aqu2.1.37974-001;Scil_g4955	2.4185485011480635e-14	3.09647286557078e-36	Aque_Aqu2.1.32713-001;Scil_g2679	2.6072070909321647e-14	3.449463238812816e-18	Aque_Aqu2.1.41892-001;Scil_g8192	8.326661223111995e-07	3.095268598195959e-25	Aque_Aqu2.1.44246-001;Scil_g8311	7.348281244918552e-80	9.440630961312128e-07				Aque_Aqu2.1.31344-001;Scil_g11945	5.241073075146672e-07	0.00028980519709260257	Aque_Aqu2.1.41380-001;Scil_g10067	3.610463734669766e-08	3.6825449616023355e-06	Aque_Aqu2.1.33622-001;Scil_g13259	1.708447263117159e-16	0.0019587669444009245	Aque_Aqu2.1.34863-001;Scil_g2820	7.856949568546215e-16	6.411161546849771e-05	Aque_Aqu2.1.25769-001;Scil_g428	3.2643039449818794e-11	5.021405377734626e-36				Aque_Aqu2.1.23228-001;Scil_g9955	4.427998208917077e-07	3.855967316822112e-13	Aque_Aqu2.1.37818-001;Scil_g9008	4.366072114981543e-05	4.859466153406389e-07	Aque_Aqu2.1.33928-001;Scil_g119	1.7070164772059762e-09	1.0977579962824666e-31	Aque_Aqu2.1.34140-001;Scil_g5780	1.2311513054768545e-08	7.726719165322015e-45			
Aque_Aqu2.1.20295-001;Scil_g3749	0.0001795255504142727	5.015011148407402e-41	Aque_Aqu2.1.34343-001;Scil_g119	1.748816289030163e-11	1.0977579962824666e-31	Aque_Aqu2.1.44325-001;Scil_g533	1.4970828419916077e-16	1.2059735672527065e-19	Aque_Aqu2.1.38470-001;Scil_g819	0.004861230740791713	2.902215219929445e-24				Aque_Aqu2.1.24879-001;Scil_g1084	8.49012491898565e-05	1.1466091512127801e-14	Aque_Aqu2.1.27832-001;Scil_g6189	5.884935948591738e-05	3.078981561582129e-05	Aque_Aqu2.1.42154-001;Scil_g12529	2.4653836889926653e-06	2.585553304861641e-14	Aque_Aqu2.1.31551-001;Scil_g5780	0.0004550419940629617	1.401077682156374e-56	Aque_Aqu2.1.40394-001;Scil_g12529	0.008548448215663518	1.0556557055860905e-05				Aque_Aqu2.1.39919-001;Scil_g2615	8.838572398383237e-31	8.659425700052678e-51	Aque_Aqu2.1.40839-001;Scil_g11331	7.198710762014658e-21	1.1780793404929863e-07	Aque_Aqu2.1.43637-001;Scil_g13000	4.913286201607988e-09	3.139328915068049e-23	Aque_Aqu2.1.32930-001;Scil_g9417	2.0305570543660158e-05	1.514126013743912e-32			
Aque_Aqu2.1.44247-001;Scil_g9331	3.554518331741283e-29	1.3997922354298147e-14	Aque_Aqu2.1.36440-001;Scil_g1526	3.740727356250706e-136	2.6673913062622445e-11	Aque_Aqu2.1.33740-001;Scil_g9493	1.0543340401031923e-102	2.38359784208512e-33	Aque_Aqu2.1.34878-001;Scil_g9458	1.029702300556858e-14	0.0010013805112998515				Aque_Aqu2.1.20504-001;Scil_g1576	0.004078444403214724	1.7880041594527604e-28	Aque_Aqu2.1.24266-001;Scil_g13487	1.3232475428430433e-05	0.00014122238861234354	Aque_Aqu2.1.41049-001;Scil_g130	0.007200126607303983	4.569395335591736e-93	Aque_Aqu2.1.36606-001;Scil_g402	6.429704257152719e-05	0.0003005960655922788	Aque_Aqu2.1.38524-001;Scil_g10858	9.419406752082244e-11	0.0035080747920656213				Aque_Aqu2.1.43674-001;Scil_g5780	4.400615814884635e-07	3.2348683259580126e-27	Aque_Aqu2.1.34343-001;Scil_g119	1.074270232820891e-06	1.1240744252913564e-101	Aque_Aqu2.1.28775-001;Scil_g2024	1.0158747778249796e-05	9.755691899743128e-10	Aque_Aqu2.1.33740-001;Scil_g9493	6.278595155439881e-06	2.38359784208512e-33			
Aque_Aqu2.1.43522-001;Scil_g11081	3.210211400271905e-05	6.11672841255793e-15	Aque_Aqu2.1.37818-001;Scil_g13687	1.1042169105070999e-65	1.466694169169309e-25	Aque_Aqu2.1.33392-001;Scil_g1730	0.0031077183817407456	5.530050287560553e-07	Aque_Aqu2.1.38363-001;Scil_g9187	4.496202827178639e-22	8.066088649559186e-17				Aque_Aqu2.1.44081-001;Scil_g10067	1.1197237321783682e-06	3.6825449616023355e-06	Aque_Aqu2.1.41088-001;Scil_g6241	3.5475032846856503e-06	2.833157647881633e-12	Aque_Aqu2.1.32503-001;Scil_g1047	8.836422303727378e-40	0.0001008054776948121	Aque_Aqu2.1.42693-001;Scil_g10960	0.0018360592641156288	7.697874836345238e-14	Aque_Aqu2.1.41892-001;Scil_g8192	5.2142493076430264e-14	1.4505713363105934e-09				Aque_Aqu2.1.14505-001;Scil_g2018	7.790561052606891e-22	3.0609869963813252e-15	Aque_Aqu2.1.35197-001;Scil_g12865	0.004331050278405647	2.494432485779507e-60	Aque_Aqu2.1.29077-001;Scil_g119	0.004321048201029846	1.0977579962824666e-31	Aque_Aqu2.1.27224-001;Scil_g1970	0.00698422672407088	1.7432853746357123e-10			
Aque_Aqu2.1.34343-001;Scil_g119	1.748816289030163e-11	1.1240744252913564e-101	Aque_Aqu2.1.34182-001;Scil_g1212	2.8381934299431106e-12	8.020125970823068e-06	Aque_Aqu2.1.21084-001;Scil_g9931	5.175422506174251e-16	3.3096202968895437e-40	Aque_Aqu2.1.29892-001;Scil_g2894	0.00882540214751287	6.63625816753973e-19				Aque_Aqu2.1.29855-001;Scil_g9431	0.0022340984168665655	2.2604854558921415e-07	Aque_Aqu2.1.29078-001;Scil_g4585	0.0002411810254516003	9.719865489805225e-06	Aque_Aqu2.1.28497-001;Scil_g9850	6.265744639493593e-06	2.3017395799018037e-22	Aque_Aqu2.1.31551-001;Scil_g1098	0.0004550419940629617	7.599970776583826e-09	Aque_Aqu2.1.30867-001;Scil_g1483	1.3309245062395783e-20	4.085735599763043e-06				Aque_Aqu2.1.19251-001;Scil_g3142	0.0011282324819503705	0.00011417929269461546	Aque_Aqu2.1.24541-001;Scil_g9008	2.8194141356318613e-14	4.859466153406389e-07	Aque_Aqu2.1.40044-001;Scil_g552	2.9840605065936037e-06	9.063270920807916e-38	Aque_Aqu2.1.39108-001;Scil_g1492	4.4768922414522974e-09	1.1421105619243244e-31			
Aque_Aqu2.1.42548-001;Scil_g9678	5.420837544320485e-66	0.009357348635474466	Aque_Aqu2.1.33740-001;Scil_g9493	1.0543340401031923e-102	2.1153771775813224e-57	Aque_Aqu2.1.16671-001;Scil_g13745	1.7538076482175143e-30	2.6179123761666576e-09	Aque_Aqu2.1.36579-001;Scil_g2206	1.3401575227138799e-05	9.542561533753149e-35				Aque_Aqu2.1.13963-001;Scil_g6014	0.00020210039681403604	7.513146338206519e-06	Aque_Aqu2.1.31385-001;Scil_g13734	5.85436007345541e-05	0.00010448839775807025	Aque_Aqu2.1.41056-001;Scil_g4341	8.402638292863864e-08	0.0008148831265628503	Aque_Aqu2.1.31168-001;Scil_g4052	0.0008003375710539983	0.007552718160278112	Aque_Aqu2.1.33635-001;Scil_g3056	0.00010669886911690847	2.0628480496730304e-08				Aque_Aqu2.1.31551-001;Scil_g5780	5.480233371944621e-11	3.2348683259580126e-27	Aque_Aqu2.1.33622-001;Scil_g5254	0.0004296564650498524	7.915691230088375e-05	Aque_Aqu2.1.32713-001;Scil_g2679	0.0018930843638392614	3.449463238812816e-18	Aque_Aqu2.1.44325-001;Scil_g533	0.008603398748427676	1.2059735672527065e-19			
Aque_Aqu2.1.44221-001;Scil_g10508	2.4142643864291954e-16	3.569604556802591e-21	Aque_Aqu2.1.25578-001;Scil_g2679	9.46692299568766e-12	3.449463238812816e-18	Aque_Aqu2.1.39927-001;Scil_g2125	2.100681945699731e-42	7.46393838870838e-12	Aque_Aqu2.1.40905-001;Scil_g13078	9.527533673684782e-19	1.6630355162408285e-08				Aque_Aqu2.1.20511-001;Scil_g1572	1.5644696087407903e-10	7.823311406353975e-54	Aque_Aqu2.1.44079-001;Scil_g1266	6.321946868532812e-06	1.4961718621363973e-06	Aque_Aqu2.1.28497-001;Scil_g11447	6.265744639493593e-06	4.092936753533095e-05	Aque_Aqu2.1.41653-001;Scil_g8832	5.400992414490759e-06	0.00038734422474595283	Aque_Aqu2.1.41482-001;Scil_g1483	2.257130122823816e-08	4.085735599763043e-06				Aque_Aqu2.1.32868-001;Scil_g5864	0.009140993413926954	0.0003760413837692521	Aque_Aqu2.1.44325-001;Scil_g533	0.008603398748427676	2.6650878305591554e-38	Aque_Aqu2.1.41302-001;Scil_g10741	1.593114344057822e-11	1.0390723964522058e-14	Aque_Aqu2.1.33622-001;Scil_g5254	0.0004296564650498524	0.005356450352588373			
Aque_Aqu2.1.35197-001;Scil_g12865	2.5740157898972076e-06	2.494432485779507e-60	Aque_Aqu2.1.34141-001;Scil_g6573	5.817801590754243e-06	1.2758087413231153e-46	Aque_Aqu2.1.39108-001;Scil_g1492	1.5603924607670408e-114	1.1421105619243244e-31	Aque_Aqu2.1.39784-001;Scil_g2233	1.5219993781510476e-58	0.00035254857723930345				Aque_Aqu2.1.35513-001;Scil_g5520	1.391430610834894e-08	3.2822396728584823e-09	Aque_Aqu2.1.31388-001;Scil_g13734	0.009425638668166618	0.00010448839775807025	Aque_Aqu2.1.43577-001;Scil_g13189	2.8413594179729788e-18	2.070384333411357e-05	Aque_Aqu2.1.35197-001;Scil_g12865	1.2879642783987652e-05	2.2900413416104303e-07	Aque_Aqu2.1.34140-001;Scil_g1483	1.0121820050408576e-29	4.085735599763043e-06				Aque_Aqu2.1.28510-001;Scil_g1202	4.1221548809449937e-10	1.9741238946152412e-20	Aque_Aqu2.1.14128-001;Scil_g9014	0.0056228831372082165	0.001206914064140306	Aque_Aqu2.1.34140-001;Scil_g5780	1.2311513054768545e-08	2.9711931366042666e-50	Aque_Aqu2.1.41012-001;Scil_g10508	0.0037296053160072056	1.4665814847050853e-15			
Aque_Aqu2.1.28194-001;Scil_g9453	1.444625855187625e-59	6.387761827127926e-52	Aque_Aqu2.1.43558-001;Scil_g2191	3.1472571512040617e-06	1.2017223918186125e-22	Aque_Aqu2.1.28194-001;Scil_g9453	1.444625855187625e-59	1.8664571932202462e-13	Aque_Aqu2.1.28239-001;Scil_g8524	5.769546964194492e-21	7.433438327024868e-09				Aque_Aqu2.1.35933-001;Scil_g1266	9.757503940873078e-05	1.4961718621363973e-06	Aque_Aqu2.1.33762-001;Scil_g750	6.247161788051927e-22	0.0030488697490813794	Aque_Aqu2.1.40905-001;Scil_g13078	2.293128987599471e-12	1.991643228201955e-20	Aque_Aqu2.1.40394-001;Scil_g12529	0.008548448215663518	3.227376468718222e-06	Aque_Aqu2.1.33635-001;Scil_g10960	0.00010669886911690847	3.516281539997559e-05				Aque_Aqu2.1.41568-001;Scil_g8866	0.002341582251595526	0.003489431618693262	Aque_Aqu2.1.32720-001;Scil_g951	8.485865122776761e-05	2.4644644453083914e-39	Aque_Aqu2.1.37816-001;Scil_g11587	0.00680584638096658	0.001308213787946087	Aque_Aqu2.1.15711-001;Scil_g10890	0.004340749689066238	4.4427832743762225e-06			
Aque_Aqu2.1.39108-001;Scil_g1492	1.5603924607670408e-114	8.749458901015759e-70	Aque_Aqu2.1.43309-001;Scil_g9807	1.4807065078763136e-142	0.0010858364176411562	Aque_Aqu2.1.39784-001;Scil_g9453	1.5219993781510476e-58	1.8664571932202462e-13	Aque_Aqu2.1.28194-001;Scil_g2233	1.444625855187625e-59	0.00035254857723930345				Aque_Aqu2.1.41092-001;Scil_g3388	5.064435843593467e-16	4.153586111703442e-07	Aque_Aqu2.1.43551-001;Scil_g13524	1.0046936470645059e-10	5.958322830565232e-44	Aque_Aqu2.1.32503-001;Scil_g929	8.836422303727378e-40	0.0006739606382448352	Aque_Aqu2.1.37407-001;Scil_g13820	5.959310045388851e-09	2.3448594471839515e-08	Aque_Aqu2.1.35253-001;Scil_g3056	3.5542328552532075e-13	2.0628480496730304e-08				Aque_Aqu2.1.40738-001;Scil_g2018	2.1345051172444716e-09	3.0609869963813252e-15	Aque_Aqu2.1.27224-001;Scil_g2125	0.00698422672407088	6.812113569567865e-25	Aque_Aqu2.1.34343-001;Scil_g119	1.074270232820891e-06	1.0977579962824666e-31	Aque_Aqu2.1.43674-001;Scil_g5780	4.400615814884635e-07	7.726719165322015e-45			
Aque_Aqu2.1.43558-001;Scil_g2679	3.1472571512040617e-06	7.915325569368873e-86	Aque_Aqu2.1.29077-001;Scil_g119	3.031435493306638e-15	1.0977579962824666e-31	Aque_Aqu2.1.35197-001;Scil_g12865	2.5740157898972076e-06	1.4546323406001222e-33	Aque_Aqu2.1.24901-001;Scil_g10732	5.43010493358015e-25	7.193105487912825e-09				Aque_Aqu2.1.31965-001;Scil_g10128	5.978261534384289e-50	3.7939070721083785e-05	Aque_Aqu2.1.29855-001;Scil_g9955	0.0007027325992768494	8.310688268255026e-05	Aque_Aqu2.1.36257-001;Scil_g929	8.60363113926745e-07	0.0006739606382448352	Aque_Aqu2.1.29098-001;Scil_g10108	0.0022163606697167436	0.0026833894586777538	Aque_Aqu2.1.33635-001;Scil_g9674	0.00010669886911690847	0.0007343807069236559				Aque_Aqu2.1.41621-001;Scil_g12515	3.759877614692764e-06	1.6037419386585247e-156	Aque_Aqu2.1.31551-001;Scil_g5780	5.480233371944621e-11	4.7119462055778926e-68	Aque_Aqu2.1.28960-001;Scil_g9703	1.2115948719525116e-09	0.005938834587646918	Aque_Aqu2.1.37079-001;Scil_g9493	3.790274397321719e-05	2.38359784208512e-33			
Aque_Aqu2.1.43581-001;Scil_g10708	5.4958467372897874e-33	1.0244552859124403e-29	Aque_Aqu2.1.37713-001;Scil_g2679	1.7092280498504553e-19	3.449463238812816e-18	Aque_Aqu2.1.43440-001;Scil_g3916	2.966613490803621e-57	9.705816545617034e-30	Aque_Aqu2.1.41064-001;Scil_g4532	3.157095835580321e-40	1.3958506209730553e-08				Aque_Aqu2.1.32920-001;Scil_g9431	0.0053703629895484675	2.2604854558921415e-07	Aque_Aqu2.1.44676-001;Scil_g13524	0.0015947909906532027	5.958322830565232e-44	Aque_Aqu2.1.35781-001;Scil_g721	0.0016572738315866653	1.2265829150867528e-69	Aque_Aqu2.1.30867-001;Scil_g6923	1.3309245062395783e-20	0.0007496312067256761	Aque_Aqu2.1.36578-001;Scil_g12294	5.891129462767358e-17	0.002534424111847437				Aque_Aqu2.1.43637-001;Scil_g13026	4.913286201607988e-09	1.0858709037481048e-15	Aque_Aqu2.1.14505-001;Scil_g980	7.790561052606891e-22	3.2611327960618525e-05	Aque_Aqu2.1.37818-001;Scil_g13687	4.366072114981543e-05	1.466694169169309e-25	Aque_Aqu2.1.14505-001;Scil_g980	7.790561052606891e-22	0.0011989583053217798			
Aque_Aqu2.1.39784-001;Scil_g9453	1.5219993781510476e-58	6.387761827127926e-52	Aque_Aqu2.1.28960-001;Scil_g9703	5.162193897417071e-27	0.005938834587646918	Aque_Aqu2.1.37079-001;Scil_g9493	6.987535709667499e-114	2.38359784208512e-33	Aque_Aqu2.1.34878-001;Scil_g3906	1.029702300556858e-14	0.00014453004306132745				Aque_Aqu2.1.25601-001;Scil_g9262	2.214521919092857e-06	3.8722536270251675e-05	Aque_Aqu2.1.29080-001;Scil_g4585	0.007236297572398095	9.719865489805225e-06	Aque_Aqu2.1.37811-001;Scil_g5864	0.009771576071213543	0.0003760413837692521	Aque_Aqu2.1.39672-001;Scil_g4725	1.7219934783810546e-24	0.007071540977103302	Aque_Aqu2.1.43674-001;Scil_g1098	4.20083387372124e-06	0.00827391027704454				Aque_Aqu2.1.39672-001;Scil_g2756	4.853247615656722e-15	5.95074074397426e-10	Aque_Aqu2.1.15711-001;Scil_g10890	0.004340749689066238	8.289200286554092e-13	Aque_Aqu2.1.29098-001;Scil_g8948	0.008406488938209408	1.5267188273665134e-17	Aque_Aqu2.1.29497-001;Scil_g208	1.2112662309644303e-77	0.0006868538957636951			
Aque_Aqu2.1.29077-001;Scil_g119	3.031435493306638e-15	1.1240744252913564e-101	Aque_Aqu2.1.43985-001;Scil_g12599	5.989059835682736e-35	4.173021689879131e-75	Aque_Aqu2.1.40828-001;Scil_g6502	3.535073511167311e-08	7.169769418665431e-08	Aque_Aqu2.1.29496-001;Scil_g208	1.2768054689113486e-36	8.962654575220565e-19				Aque_Aqu2.1.29855-001;Scil_g9955	0.0022340984168665655	8.310688268255026e-05	Aque_Aqu2.1.27832-001;Scil_g10250	5.884935948591738e-05	0.0005451358125084988	Aque_Aqu2.1.36440-001;Scil_g7991	0.0004578582749838875	3.841187617541146e-06	Aque_Aqu2.1.27224-001;Scil_g2125	5.542768429070787e-13	0.001250635568289448	Aque_Aqu2.1.35253-001;Scil_g10960	3.5542328552532075e-13	3.516281539997559e-05				Aque_Aqu2.1.25578-001;Scil_g2679	0.005312301831445139	5.680688964151354e-26	Aque_Aqu2.1.39108-001;Scil_g1492	4.4768922414522974e-09	8.749458901015759e-70	Aque_Aqu2.1.34140-001;Scil_g11222	1.2311513054768545e-08	9.325436313824295e-14	Aque_Aqu2.1.44193-001;Scil_g3749	0.008761691378829603	7.256768233505739e-09			
Aque_Aqu2.1.40828-001;Scil_g6502	3.535073511167311e-08	6.340398051498338e-17	Aque_Aqu2.1.35197-001;Scil_g12865	2.5740157898972076e-06	8.708814194825942e-35	Aque_Aqu2.1.44246-001;Scil_g4378	7.348281244918552e-80	0.0028121050242745833	Aque_Aqu2.1.39740-001;Scil_g2822	3.486960784146766e-51	0.0020745990756550255				Aque_Aqu2.1.33526-001;Scil_g8391	5.738031434344421e-16	0.0037906289211224855	Aque_Aqu2.1.22593-001;Scil_g13023	0.0012420173068698555	0.00013968688063429845	Aque_Aqu2.1.28489-001;Scil_g9850	1.2639077541595553e-28	2.3017395799018037e-22	Aque_Aqu2.1.35781-001;Scil_g721	0.0016572738315866653	7.585164231627284e-06	Aque_Aqu2.1.27258-001;Scil_g2151	4.614981215518772e-18	1.072554013802049e-05				Aque_Aqu2.1.28659-001;Scil_g8560	6.399243061345604e-07	4.14937919839286e-06	Aque_Aqu2.1.33740-001;Scil_g9493	6.278595155439881e-06	8.665176744628564e-59	Aque_Aqu2.1.24541-001;Scil_g13687	2.8194141356318613e-14	1.466694169169309e-25	Aque_Aqu2.1.31586-001;Scil_g8948	1.891188349453035e-06	2.86304743546326e-11			
Aque_Aqu2.1.44246-001;Scil_g2125	7.348281244918552e-80	6.812113569567865e-25	Aque_Aqu2.1.21084-001;Scil_g9931	5.175422506174251e-16	1.4935808984023714e-38	Aque_Aqu2.1.28960-001;Scil_g9703	5.162193897417071e-27	4.6862689011304155e-07	Aque_Aqu2.1.27224-001;Scil_g1638	6.85573730359377e-63	1.19535896766409e-19				Aque_Aqu2.1.43551-001;Scil_g13524	8.307475925357203e-08	5.958322830565232e-44	Aque_Aqu2.1.20517-001;Scil_g9431	0.00796912409351406	2.2604854558921415e-07	Aque_Aqu2.1.36507-001;Scil_g2550	1.294377129584489e-07	0.00018597690863606623	Aque_Aqu2.1.42762-001;Scil_g4725	1.0081478109652569e-17	0.007071540977103302	Aque_Aqu2.1.36606-001;Scil_g6358	6.429704257152719e-05	4.495018191693717e-06				Aque_Aqu2.1.43276-001;Scil_g9048	1.2417305666889384e-72	2.603801014650437e-06	Aque_Aqu2.1.29497-001;Scil_g208	1.2112662309644303e-77	6.731802305180685e-06	Aque_Aqu2.1.32930-001;Scil_g9417	2.0305570543660158e-05	7.690065000666931e-17	Aque_Aqu2.1.41943-001;Scil_g11616	1.7930078176274148e-08	0.002941255425821128			
Aque_Aqu2.1.38598-001;Scil_g3749	5.172299480510369e-07	5.015011148407402e-41	Aque_Aqu2.1.38191-001;Scil_g3256	5.740348681209968e-44	4.0851084805518284e-72	Aque_Aqu2.1.39927-001;Scil_g1970	2.100681945699731e-42	1.7432853746357123e-10	Aque_Aqu2.1.34142-001;Scil_g10732	1.5802677811320417e-19	7.193105487912825e-09				Aque_Aqu2.1.33451-001;Scil_g12956	0.001704646592504194	0.0001435730879651694	Aque_Aqu2.1.29119-001;Scil_g3097	0.000514927650285239	0.007756235271258407	Aque_Aqu2.1.23692-001;Scil_g10960	1.2841772084763492e-19	1.7814275668616436e-13	Aque_Aqu2.1.39703-001;Scil_g12785	0.0003983784087831898	1.6615381302058852e-07	Aque_Aqu2.1.26973-001;Scil_g3056	1.8757648248382616e-05	2.0628480496730304e-08				Aque_Aqu2.1.43948-001;Scil_g1576	7.192786909997781e-10	0.0019993669634237494	Aque_Aqu2.1.28223-001;Scil_g8192	0.0001247782164728605	8.365673889920028e-14	Aque_Aqu2.1.43309-001;Scil_g9807	0.0006903526336426989	0.0010858364176411562	Aque_Aqu2.1.27224-001;Scil_g4378	0.00698422672407088	0.0028121050242745833			
Aque_Aqu2.1.37960-001;Scil_g151	8.706435525501074e-27	3.792211162165055e-104	Aque_Aqu2.1.28078-001;Scil_g4955	6.696460884889418e-10	2.8980325535352766e-11	Aque_Aqu2.1.22809-001;Scil_g9784	2.735312110712329e-10	8.505194163711471e-26	Aque_Aqu2.1.26829-001;Scil_g1315	8.116609673612668e-07	1.2428914825934973e-15				Aque_Aqu2.1.10425-001;Scil_g10128	1.7884504694520865e-31	3.7939070721083785e-05	Aque_Aqu2.1.29413-001;Scil_g12956	0.002003152179234986	0.0001435730879651694	Aque_Aqu2.1.33928-001;Scil_g119	8.346851545633894e-09	1.1392739541626258e-52	Aque_Aqu2.1.37407-001;Scil_g4131	5.959310045388851e-09	0.00196209406172658	Aque_Aqu2.1.35253-001;Scil_g9674	3.5542328552532075e-13	0.0007343807069236559				Aque_Aqu2.1.33622-001;Scil_g13259	0.0004296564650498524	0.0019587669444009245	Aque_Aqu2.1.31586-001;Scil_g8948	1.891188349453035e-06	1.185280181140932e-18	Aque_Aqu2.1.39919-001;Scil_g2615	8.838572398383237e-31	0.004718642288528333	Aque_Aqu2.1.43637-001;Scil_g13024	4.913286201607988e-09	0.0012145047895266619			
Aque_Aqu2.1.37751-001;Scil_g10941	1.960754617020323e-08	1.8318565515011037e-15	Aque_Aqu2.1.18089-001;Scil_g10793	2.3222255630625573e-12	8.421902305944512e-51	Aque_Aqu2.1.15711-001;Scil_g10890	2.702731237627593e-11	4.4427832743762225e-06	Aque_Aqu2.1.38196-001;Scil_g3312	2.7056507229478046e-24	2.5631732670769705e-17				Aque_Aqu2.1.38596-001;Scil_g8391	6.485696048108517e-11	0.0037906289211224855	Aque_Aqu2.1.30110-001;Scil_g3388	0.0009398165192983804	4.153586111703442e-07	Aque_Aqu2.1.39987-001;Scil_g4341	1.1967043055347806e-19	0.0008148831265628503	Aque_Aqu2.1.42203-001;Scil_g12785	0.00045457418849529025	1.6615381302058852e-07	Aque_Aqu2.1.26973-001;Scil_g10960	1.8757648248382616e-05	3.516281539997559e-05				Aque_Aqu2.1.41190-001;Scil_g2060	5.208550013070739e-14	0.0005739952944207668	Aque_Aqu2.1.36479-001;Scil_g9859	2.7549326412176117e-07	0.00010645449555461857	Aque_Aqu2.1.07543-001;Scil_g9417	4.81622449486522e-09	7.690065000666931e-17	Aque_Aqu2.1.34340-001;Scil_g9966	7.578330643859518e-05	6.446830269926905e-21			
Aque_Aqu2.1.34142-001;Scil_g10732	1.5802677811320417e-19	2.7887108393538893e-12	Aque_Aqu2.1.07543-001;Scil_g9417	5.249550863120593e-114	7.690065000666931e-17	Aque_Aqu2.1.34476-001;Scil_g10401	1.1365096649262665e-143	1.7135469637012109e-15	Aque_Aqu2.1.39927-001;Scil_g1638	2.100681945699731e-42	1.19535896766409e-19				Aque_Aqu2.1.42693-001;Scil_g6189	0.009867365457725135	3.078981561582129e-05	Aque_Aqu2.1.25601-001;Scil_g10711	1.9077862470388334e-05	9.234371273624221e-05	Aque_Aqu2.1.43674-001;Scil_g2667	4.20083387372124e-06	1.213546492040107e-09	Aque_Aqu2.1.20506-001;Scil_g3600	1.6399152386188063e-05	0.002065841464252821	Aque_Aqu2.1.36440-001;Scil_g1526	0.0004578582749838875	3.8194393227688145e-45				Aque_Aqu2.1.32004-001;Scil_g11082	2.0539480904012904e-09	0.00018545202030999223	Aque_Aqu2.1.42548-001;Scil_g9678	7.448014540555121e-28	0.009357348635474466	Aque_Aqu2.1.34340-001;Scil_g9966	7.578330643859518e-05	9.19332430187985e-22	Aque_Aqu2.1.37816-001;Scil_g11587	0.00680584638096658	4.192068481728588e-05			
Aque_Aqu2.1.34142-001;Scil_g2525	1.5802677811320417e-19	1.4948396953819433e-12	Aque_Aqu2.1.38735-001;Scil_g283	3.575419685973744e-06	1.6073122471663892e-27	Aque_Aqu2.1.34340-001;Scil_g9966	3.6337540168507325e-117	6.446830269926905e-21	Aque_Aqu2.1.41892-001;Scil_g4240	8.326661223111995e-07	0.006648049669936197				Aque_Aqu2.1.29532-001;Scil_g8913	6.054768496611523e-06	0.004215613628527157	Aque_Aqu2.1.23229-001;Scil_g8117	0.001810100084484519	1.5571256403096104e-09	Aque_Aqu2.1.28489-001;Scil_g11447	1.2639077541595553e-28	4.092936753533095e-05	Aque_Aqu2.1.41302-001;Scil_g480	8.674583355148573e-05	4.506608115212298e-09	Aque_Aqu2.1.39672-001;Scil_g2756	1.7219934783810546e-24	0.0004767352567340763				Aque_Aqu2.1.39916-001;Scil_g9827	2.9667398630381824e-15	0.003907050406501273	Aque_Aqu2.1.17720-001;Scil_g9859	5.551374374753066e-10	0.00010645449555461857	Aque_Aqu2.1.23692-001;Scil_g10960	1.0602342069590649e-07	0.00010166511914957086	Aque_Aqu2.1.34348-001;Scil_g2746	0.004037217112809467	4.776431986714263e-13			
Aque_Aqu2.1.36774-001;Scil_g8909	2.2229382265985464e-06	1.0036408314951439e-42	Aque_Aqu2.1.06909-001;Scil_g5906	0.0010587694104038895	6.93194593049045e-51	Aque_Aqu2.1.38196-001;Scil_g3312	2.7056507229478046e-24	3.106968286626422e-17	Aque_Aqu2.1.27224-001;Scil_g8311	6.85573730359377e-63	9.440630961312128e-07				Aque_Aqu2.1.23229-001;Scil_g8117	0.0029658853422666366	1.5571256403096104e-09	Aque_Aqu2.1.25601-001;Scil_g9262	1.9077862470388334e-05	3.8722536270251675e-05	Aque_Aqu2.1.42762-001;Scil_g13259	1.0081478109652569e-17	0.0019587669444009245	Aque_Aqu2.1.36606-001;Scil_g4725	6.429704257152719e-05	0.007071540977103302	Aque_Aqu2.1.31551-001;Scil_g1098	0.0004550419940629617	0.00827391027704454				Aque_Aqu2.1.42762-001;Scil_g2756	7.811805062921284e-23	5.95074074397426e-10	Aque_Aqu2.1.34140-001;Scil_g5780	1.2311513054768545e-08	4.7119462055778926e-68	Aque_Aqu2.1.36440-001;Scil_g1526	0.0004778198145944702	2.6673913062622445e-11	Aque_Aqu2.1.34476-001;Scil_g10401	1.3206009769276592e-07	1.7135469637012109e-15			
Aque_Aqu2.1.28194-001;Scil_g10793	1.444625855187625e-59	2.0956852938510657e-66	Aque_Aqu2.1.34340-001;Scil_g9966	3.6337540168507325e-117	9.19332430187985e-22	Aque_Aqu2.1.38470-001;Scil_g819	0.004861230740791713	4.114518014632492e-22	Aque_Aqu2.1.22475-001;Scil_g2387	1.7301905088942598e-05	1.8453268901828892e-15				Aque_Aqu2.1.37101-001;Scil_g10250	6.194430517240804e-07	0.0005451358125084988	Aque_Aqu2.1.37473-001;Scil_g6763	0.005287152186636688	1.0396852815059356e-08	Aque_Aqu2.1.41115-001;Scil_g12288	1.0633144134369747e-09	0.006949964964012032	Aque_Aqu2.1.42204-001;Scil_g12785	1.4452367274558129e-06	1.6615381302058852e-07	Aque_Aqu2.1.32720-001;Scil_g951	0.0009377164066443202	2.0732961766231587e-05				Aque_Aqu2.1.31551-001;Scil_g11222	5.480233371944621e-11	1.1918429997624423e-07	Aque_Aqu2.1.37079-001;Scil_g9493	3.790274397321719e-05	8.665176744628564e-59	Aque_Aqu2.1.36215-001;Scil_g6570	0.003047793759187989	0.001153697702314715	Aque_Aqu2.1.41943-001;Scil_g10339	1.7930078176274148e-08	0.004252384725326189			
Aque_Aqu2.1.35076-001;Scil_g5922	2.7257506921365438e-27	1.7347201560936722e-24	Aque_Aqu2.1.28194-001;Scil_g10793	1.444625855187625e-59	8.421902305944512e-51	Aque_Aqu2.1.43637-001;Scil_g13000	0.0001321362764028887	4.8053426804416345e-37	Aque_Aqu2.1.41587-001;Scil_g2125	6.284211007424334e-22	7.997798359196378e-19				Aque_Aqu2.1.32920-001;Scil_g9955	0.0053703629895484675	8.310688268255026e-05	Aque_Aqu2.1.35251-001;Scil_g9317	0.003495109298096171	6.465571092368724e-05	Aque_Aqu2.1.33444-001;Scil_g458	3.581484945141534e-18	7.089012749431077e-08	Aque_Aqu2.1.32720-001;Scil_g951	0.0009377164066443202	8.999810259941524e-05	Aque_Aqu2.1.17816-001;Scil_g6923	0.004846158259488255	4.832739396701769e-10				Aque_Aqu2.1.28295-001;Scil_g5710	5.367669926149825e-21	0.00016162834630923756	Aque_Aqu2.1.34348-001;Scil_g2746	0.004037217112809467	3.254520662641615e-23	Aque_Aqu2.1.34348-001;Scil_g2746	0.004037217112809467	1.4143109872104243e-05	Aque_Aqu2.1.36606-001;Scil_g5254	0.00011808161515158586	0.005356450352588373			
Aque_Aqu2.1.31586-001;Scil_g8948	6.035842798121547e-07	1.185280181140932e-18	Aque_Aqu2.1.34141-001;Scil_g13597	5.817801590754243e-06	5.5640903676138824e-18	Aque_Aqu2.1.27224-001;Scil_g4378	6.85573730359377e-63	0.0028121050242745833	Aque_Aqu2.1.43478-001;Scil_g852	2.6663380306377767e-06	3.3029905569696127e-09				Aque_Aqu2.1.25601-001;Scil_g10711	2.214521919092857e-06	9.234371273624221e-05	Aque_Aqu2.1.32920-001;Scil_g9955	0.0019696549996616733	8.310688268255026e-05	Aque_Aqu2.1.26326-001;Scil_g5295	9.173280907484971e-09	1.4595616685252585e-08	Aque_Aqu2.1.41482-001;Scil_g11222	2.257130122823816e-08	5.013830628113789e-07	Aque_Aqu2.1.26973-001;Scil_g9674	1.8757648248382616e-05	0.0007343807069236559				Aque_Aqu2.1.36606-001;Scil_g2756	0.00011808161515158586	5.95074074397426e-10	Aque_Aqu2.1.36606-001;Scil_g5254	0.00011808161515158586	7.915691230088375e-05	Aque_Aqu2.1.43674-001;Scil_g5780	4.400615814884635e-07	2.9711931366042666e-50	Aque_Aqu2.1.39232-001;Scil_g11100	7.248897726992047e-09	5.437023983119818e-08			
Aque_Aqu2.1.33392-001;Scil_g1730	0.0031077183817407456	1.8824293478044793e-08	Aque_Aqu2.1.38191-001;Scil_g9230	5.740348681209968e-44	9.597913170553696e-28	Aque_Aqu2.1.37774-001;Scil_g9453	7.700554024937936e-21	1.8664571932202462e-13	Aque_Aqu2.1.39927-001;Scil_g8311	2.100681945699731e-42	9.440630961312128e-07				Aque_Aqu2.1.29413-001;Scil_g12956	0.007336529209462336	0.0001435730879651694	Aque_Aqu2.1.22426-001;Scil_g12516	3.10559149808325e-11	0.0018996243963378607	Aque_Aqu2.1.28510-001;Scil_g1202	5.959189221181413e-33	1.9741238946152412e-20	Aque_Aqu2.1.21174-001;Scil_g2820	0.00021564884897657527	6.411161546849771e-05	Aque_Aqu2.1.39703-001;Scil_g12785	0.0003983784087831898	2.3296876787399272e-06				Aque_Aqu2.1.43326-001;Scil_g7627	9.597124260548117e-77	0.0027340167265861746	Aque_Aqu2.1.37816-001;Scil_g11587	0.00680584638096658	7.602918771667548e-08	Aque_Aqu2.1.34476-001;Scil_g10401	1.3206009769276592e-07	3.036365479907168e-12	Aque_Aqu2.1.42549-001;Scil_g11616	6.6351231469464594e-12	0.002941255425821128			
Aque_Aqu2.1.40665-001;Scil_g3312	8.115709961538107e-35	3.291118863045072e-37	Aque_Aqu2.1.22809-001;Scil_g9784	2.735312110712329e-10	2.871435073941786e-17	Aque_Aqu2.1.36215-001;Scil_g6570	8.25105355217579e-08	1.6290942099722828e-07	Aque_Aqu2.1.37774-001;Scil_g9453	7.700554024937936e-21	4.49983027371432e-20				Aque_Aqu2.1.42223-001;Scil_g5653	0.007749014690456649	0.003462037552991557	Aque_Aqu2.1.21492-001;Scil_g9772	5.352416678551809e-06	0.0011410820071515123	Aque_Aqu2.1.42552-001;Scil_g6522	0.0004264312723006639	5.311358199178652e-11	Aque_Aqu2.1.17816-001;Scil_g1483	0.004846158259488255	2.479568833724734e-22	Aque_Aqu2.1.33443-001;Scil_g8192	4.986367745258103e-05	1.4505713363105934e-09				Aque_Aqu2.1.40044-001;Scil_g552	2.9840605065936037e-06	1.8734294623301771e-19	Aque_Aqu2.1.43637-001;Scil_g13024	4.913286201607988e-09	0.0003027031355391717	Aque_Aqu2.1.35102-001;Scil_g13155	5.4186149797594414e-09	5.0814546179163107e-05	Aque_Aqu2.1.43423-001;Scil_g455	0.0035803961240326817	6.703457364023223e-22			
Aque_Aqu2.1.44059-001;Scil_g9230	3.328730512336417e-05	8.77099652921219e-85	Aque_Aqu2.1.34476-001;Scil_g10401	1.1365096649262665e-143	3.036365479907168e-12	Aque_Aqu2.1.28239-001;Scil_g8524	5.769546964194492e-21	9.371162070713908e-07	Aque_Aqu2.1.37816-001;Scil_g11587	5.351220243248752e-65	2.972720390467545e-07				Aque_Aqu2.1.39123-001;Scil_g13192	0.001741153774115247	0.0014322155262061593	Aque_Aqu2.1.36275-001;Scil_g13637	0.00011713621280591484	3.320268255653308e-06	Aque_Aqu2.1.08677-001;Scil_g12359	7.208488648075431e-16	1.903889035840206e-21	Aque_Aqu2.1.25927-001;Scil_g947	3.006102746387663e-11	3.447544207280475e-07	Aque_Aqu2.1.37486-001;Scil_g6182	5.791765336917085e-10	6.54132555884722e-05				Aque_Aqu2.1.36257-001;Scil_g929	0.007674223636862522	0.0006739606382448352	Aque_Aqu2.1.32585-001;Scil_g8241	4.909846001916119e-05	4.971691452425066e-06	Aque_Aqu2.1.43423-001;Scil_g455	0.0035803961240326817	4.3762986520216864e-15	Aque_Aqu2.1.36440-001;Scil_g1526	0.0004778198145944702	4.767765604650261e-13			
Aque_Aqu2.1.22809-001;Scil_g9784	2.735312110712329e-10	1.643417072293666e-57	Aque_Aqu2.1.32946-001;Scil_g548	3.198548394219795e-57	1.853010723883775e-50	Aque_Aqu2.1.44059-001;Scil_g3256	3.328730512336417e-05	3.913029502705773e-66	Aque_Aqu2.1.18098-001;Scil_g2206	0.0002927017614354168	9.542561533753149e-35				Aque_Aqu2.1.43945-001;Scil_g2271	0.0052999688458480075	0.0001006757845801776	Aque_Aqu2.1.10542-001;Scil_g10067	0.0018808626138950557	3.6825449616023355e-06	Aque_Aqu2.1.37133-001;Scil_g9727	6.645927019171235e-06	0.00933748539593904	Aque_Aqu2.1.41065-001;Scil_g13820	0.002433444354028677	2.3448594471839515e-08	Aque_Aqu2.1.30867-001;Scil_g1098	1.3309245062395783e-20	0.00827391027704454				Aque_Aqu2.1.38390-001;Scil_g2060	5.834579570951229e-09	0.0005739952944207668	Aque_Aqu2.1.43637-001;Scil_g13026	4.913286201607988e-09	3.669888604903578e-05	Aque_Aqu2.1.43440-001;Scil_g3916	1.8878112542246298e-07	0.00012639040713412292	Aque_Aqu2.1.43637-001;Scil_g13026	4.913286201607988e-09	0.004697348678915856			
Aque_Aqu2.1.28960-001;Scil_g9703	5.162193897417071e-27	9.907428968178855e-19	Aque_Aqu2.1.38196-001;Scil_g3312	2.7056507229478046e-24	8.037865953887498e-16	Aque_Aqu2.1.44247-001;Scil_g9331	3.554518331741283e-29	0.0016511427913031378	Aque_Aqu2.1.39902-001;Scil_g9839	9.107093425514649e-48	1.1355828495615424e-07				Aque_Aqu2.1.18291-001;Scil_g903	0.004300448658060427	0.0008332685915331989	Aque_Aqu2.1.38808-001;Scil_g3019	0.00027962362973158996	0.008066213951443428	Aque_Aqu2.1.34598-001;Scil_g809	0.00016521084626498403	0.00011806319769900682	Aque_Aqu2.1.41065-001;Scil_g8186	0.002433444354028677	2.027576154248112e-06	Aque_Aqu2.1.33928-001;Scil_g119	8.346851545633894e-09	0.006956076367442361				Aque_Aqu2.1.38524-001;Scil_g965	2.7492927132484602e-08	8.271688449801521e-05	Aque_Aqu2.1.34340-001;Scil_g9966	7.578330643859518e-05	1.8328451875960808e-33				Aque_Aqu2.1.24985-001;Scil_g8220	0.0004749866565147738	0.002463770589505183			
Aque_Aqu2.1.18089-001;Scil_g9453	2.3222255630625573e-12	6.387761827127926e-52	Aque_Aqu2.1.31507-001;Scil_g10124	0.002607088968754088	0.0003012826278087607	Aque_Aqu2.1.35141-001;Scil_g1526	6.369627006647753e-61	4.767765604650261e-13	Aque_Aqu2.1.23425-001;Scil_g9839	2.4250333501045333e-55	1.1355828495615424e-07				Aque_Aqu2.1.43909-001;Scil_g903	3.1676928390526646e-05	0.0008332685915331989	Aque_Aqu2.1.27228-001;Scil_g12646	3.237200369837252e-45	0.0018841922328572665	Aque_Aqu2.1.38524-001;Scil_g965	9.419406752082244e-11	8.271688449801521e-05	Aque_Aqu2.1.17816-001;Scil_g1098	0.004846158259488255	7.599970776583826e-09	Aque_Aqu2.1.42204-001;Scil_g12785	1.4452367274558129e-06	2.3296876787399272e-06				Aque_Aqu2.1.23239-001;Scil_g2060	0.0002498102235929221	0.0005739952944207668	Aque_Aqu2.1.18283-001;Scil_g1944	1.7266721399340094e-06	0.00010030923517593511				Aque_Aqu2.1.40905-001;Scil_g208	1.6276630887661414e-22	0.0006868538957636951			
Aque_Aqu2.1.21084-001;Scil_g9931	5.175422506174251e-16	7.045624617210332e-100	Aque_Aqu2.1.34140-001;Scil_g5780	8.624609785310953e-08	2.9711931366042666e-50	Aque_Aqu2.1.44221-001;Scil_g10508	2.4142643864291954e-16	1.4665814847050853e-15	Aque_Aqu2.1.42546-001;Scil_g5235	3.5093384982538397e-07	5.403392112469341e-07				Aque_Aqu2.1.36275-001;Scil_g13637	0.0020370970724508616	3.320268255653308e-06	Aque_Aqu2.1.42714-001;Scil_g750	1.658626018657568e-09	0.0030488697490813794	Aque_Aqu2.1.41098-001;Scil_g5864	0.007831012499676007	0.0003760413837692521	Aque_Aqu2.1.43353-001;Scil_g7227	3.8260820266303296e-05	4.248578365539217e-06	Aque_Aqu2.1.42762-001;Scil_g2756	1.0081478109652569e-17	0.0004767352567340763				Aque_Aqu2.1.32713-001;Scil_g2679	0.0018930843638392614	5.680688964151354e-26	Aque_Aqu2.1.41012-001;Scil_g10508	0.0037296053160072056	3.569604556802591e-21				Aque_Aqu2.1.29098-001;Scil_g8948	0.008406488938209408	2.86304743546326e-11			
Aque_Aqu2.1.39296-001;Scil_g8647	8.497757503283989e-55	0.0045969454572759565	Aque_Aqu2.1.33543-001;Scil_g11649	2.8949349109542336e-49	3.798321575529689e-08	Aque_Aqu2.1.20342-001;Scil_g6013	0.00010916520259784427	2.5663767670271375e-23	Aque_Aqu2.1.41072-001;Scil_g8524	1.4923901171103289e-15	7.433438327024868e-09				Aque_Aqu2.1.28308-001;Scil_g13192	0.0018041661425868933	0.0014322155262061593	Aque_Aqu2.1.37473-001;Scil_g13734	0.005287152186636688	0.00010448839775807025	Aque_Aqu2.1.29076-001;Scil_g119	8.254780582515275e-21	1.1392739541626258e-52	Aque_Aqu2.1.28683-001;Scil_g2789	0.007371482204497088	6.244184837519518e-14	Aque_Aqu2.1.41482-001;Scil_g1098	2.257130122823816e-08	0.00827391027704454				Aque_Aqu2.1.33622-001;Scil_g8183	0.0004296564650498524	7.136238196514838e-05	Aque_Aqu2.1.24985-001;Scil_g8220	0.0004749866565147738	4.2258314707064546e-07				Aque_Aqu2.1.40044-001;Scil_g552	2.9840605065936037e-06	1.9763298949328966e-09			
Aque_Aqu2.1.32560-001;Scil_g2892	6.257863873071346e-19	4.392258078375497e-09	Aque_Aqu2.1.43423-001;Scil_g455	7.445917862680743e-110	4.3762986520216864e-15	Aque_Aqu2.1.18089-001;Scil_g10793	2.3222255630625573e-12	1.055319179606601e-40	Aque_Aqu2.1.33502-001;Scil_g566	4.333324090497173e-06	1.1065472566830571e-15				Aque_Aqu2.1.32219-001;Scil_g8913	0.009033656236216717	0.004215613628527157	Aque_Aqu2.1.28793-001;Scil_g750	1.1445937270286883e-10	0.0030488697490813794	Aque_Aqu2.1.36574-001;Scil_g10363	0.0004940940652812278	1.7683703946708102e-19	Aque_Aqu2.1.25769-001;Scil_g428	3.2643039449818794e-11	1.1757209573410568e-27	Aque_Aqu2.1.34140-001;Scil_g1098	1.0121820050408576e-29	0.00827391027704454				Aque_Aqu2.1.44243-001;Scil_g8930	1.1746117805349908e-05	1.6915094476803913e-05	Aque_Aqu2.1.40681-001;Scil_g8004	4.236848246358944e-05	7.5243983268532895e-06				Aque_Aqu2.1.37818-001;Scil_g13687	4.366072114981543e-05	9.327942964971985e-05			
Aque_Aqu2.1.34214-001;Scil_g3749	5.077623847648018e-17	5.015011148407402e-41	Aque_Aqu2.1.35141-001;Scil_g1526	6.369627006647753e-61	2.6673913062622445e-11	Aque_Aqu2.1.40203-001;Scil_g9896	7.76548669049712e-21	1.517825759461948e-07	Aque_Aqu2.1.43883-001;Scil_g12115	9.95250205559792e-10	0.0001811145726535755				Aque_Aqu2.1.27228-001;Scil_g12646	6.96397404761546e-18	0.0018841922328572665	Aque_Aqu2.1.43488-001;Scil_g12516	7.212334894690413e-09	0.0018996243963378607	Aque_Aqu2.1.25575-001;Scil_g3420	0.00014569208969719526	4.1363231327920695e-07	Aque_Aqu2.1.26973-001;Scil_g10960	1.8757648248382616e-05	7.697874836345238e-14	Aque_Aqu2.1.29437-001;Scil_g2848	0.0008281949024994664	0.0007840368856061123				Aque_Aqu2.1.34863-001;Scil_g5628	3.260819368721017e-23	0.007924718428379112	Aque_Aqu2.1.40681-001;Scil_g9859	4.236848246358944e-05	0.00010645449555461857				Aque_Aqu2.1.24541-001;Scil_g13687	2.8194141356318613e-14	9.327942964971985e-05			
Aque_Aqu2.1.37523-001;Scil_g1193	3.9180182185913873e-07	1.3565711642665133e-12	Aque_Aqu2.1.32930-001;Scil_g9417	7.663138857997222e-90	7.690065000666931e-17	Aque_Aqu2.1.44059-001;Scil_g9230	3.328730512336417e-05	5.73789625531634e-33	Aque_Aqu2.1.29076-001;Scil_g119	1.6735204441251737e-27	7.156934767103602e-25				Aque_Aqu2.1.39123-001;Scil_g10128	0.001741153774115247	3.7939070721083785e-05	Aque_Aqu2.1.35933-001;Scil_g1266	0.006102389690745236	1.4961718621363973e-06	Aque_Aqu2.1.36606-001;Scil_g13259	6.429704257152719e-05	0.0019587669444009245	Aque_Aqu2.1.39146-001;Scil_g2813	0.00022793592249860034	0.008289375350665167	Aque_Aqu2.1.28301-001;Scil_g5638	2.4420291072502505e-07	7.143601088666178e-28				Aque_Aqu2.1.23692-001;Scil_g3056	1.0602342069590649e-07	1.3731224023390558e-07	Aque_Aqu2.1.39232-001;Scil_g11100	7.248897726992047e-09	4.5168586478203026e-13				Aque_Aqu2.1.35102-001;Scil_g13155	5.4186149797594414e-09	0.0030345362243314154			
Aque_Aqu2.1.33740-001;Scil_g9493	1.0543340401031923e-102	8.665176744628564e-59	Aque_Aqu2.1.40828-001;Scil_g6502	3.535073511167311e-08	1.0094169423452347e-08	Aque_Aqu2.1.37816-001;Scil_g11587	5.351220243248752e-65	4.192068481728588e-05	Aque_Aqu2.1.41935-001;Scil_g9839	5.591333443268466e-36	1.1355828495615424e-07				Aque_Aqu2.1.38808-001;Scil_g3019	0.00823593499642325	0.008066213951443428	Aque_Aqu2.1.18457-001;Scil_g2050	0.0006451737690395763	0.00028651022064054156	Aque_Aqu2.1.37883-001;Scil_g7865	1.8087879056502434e-19	2.930595913607532e-07	Aque_Aqu2.1.41065-001;Scil_g4131	0.002433444354028677	0.00196209406172658	Aque_Aqu2.1.36606-001;Scil_g2756	6.429704257152719e-05	0.0004767352567340763				Aque_Aqu2.1.29077-001;Scil_g119	0.004321048201029846	1.1392739541626258e-52	Aque_Aqu2.1.17720-001;Scil_g9035	5.551374374753066e-10	0.0076073926390171									
Aque_Aqu2.1.32503-001;Scil_g8568	2.0081355121222554e-34	0.006147787564166451	Aque_Aqu2.1.34140-001;Scil_g11222	8.624609785310953e-08	9.325436313824295e-14	Aque_Aqu2.1.34343-001;Scil_g119	1.748816289030163e-11	4.12906544749031e-51	Aque_Aqu2.1.37888-001;Scil_g2206	1.1074993725506151e-05	9.542561533753149e-35							Aque_Aqu2.1.23302-001;Scil_g750	2.133897420418688e-07	0.0030488697490813794	Aque_Aqu2.1.34140-001;Scil_g2667	1.0121820050408576e-29	1.213546492040107e-09	Aque_Aqu2.1.41482-001;Scil_g6923	2.257130122823816e-08	0.0007496312067256761	Aque_Aqu2.1.25867-001;Scil_g8851	0.0002352162877005849	0.0013186114376195319				Aque_Aqu2.1.23692-001;Scil_g10669	1.0602342069590649e-07	0.003749453953567109	Aque_Aqu2.1.27224-001;Scil_g4378	0.00698422672407088	0.0010101747375163477									
Aque_Aqu2.1.17720-001;Scil_g9859	5.2343005289144623e-14	0.00010645449555461857	Aque_Aqu2.1.44247-001;Scil_g584	3.554518331741283e-29	0.006120310100463247	Aque_Aqu2.1.41587-001;Scil_g2125	6.284211007424334e-22	7.46393838870838e-12	Aque_Aqu2.1.33950-001;Scil_g9839	2.1143479916429974e-48	1.1355828495615424e-07							Aque_Aqu2.1.41029-001;Scil_g12884	2.5163273786668978e-06	0.007651076046098842	Aque_Aqu2.1.34344-001;Scil_g119	8.471951911253183e-28	1.1392739541626258e-52	Aque_Aqu2.1.42693-001;Scil_g13146	0.0018360592641156288	0.0026129660409463912	Aque_Aqu2.1.37486-001;Scil_g8930	5.791765336917085e-10	0.003008471673133274				Aque_Aqu2.1.34344-001;Scil_g119	2.149882173753952e-14	1.1392739541626258e-52	Aque_Aqu2.1.43309-001;Scil_g9807	0.0006903526336426989	0.0006073529344212486									
Aque_Aqu2.1.44059-001;Scil_g3256	3.328730512336417e-05	1.485678566570381e-151	Aque_Aqu2.1.27834-001;Scil_g1929	3.1136744770147465e-05	1.1447949222265634e-27	Aque_Aqu2.1.34214-001;Scil_g3749	5.077623847648018e-17	7.256768233505739e-09	Aque_Aqu2.1.43623-001;Scil_g9453	2.967833146368427e-22	4.49983027371432e-20							Aque_Aqu2.1.20517-001;Scil_g9955	0.00796912409351406	8.310688268255026e-05	Aque_Aqu2.1.38554-001;Scil_g2060	3.744897044029404e-35	0.0005739952944207668	Aque_Aqu2.1.33443-001;Scil_g8192	4.986367745258103e-05	2.4409454456120322e-27	Aque_Aqu2.1.35197-001;Scil_g12865	1.2879642783987652e-05	1.3808669513324088e-08				Aque_Aqu2.1.42015-001;Scil_g1576	1.6793133340296846e-15	0.0019993669634237494	Aque_Aqu2.1.21527-001;Scil_g8004	0.0005885835886346764	7.5243983268532895e-06									
Aque_Aqu2.1.20295-001;Scil_g11230	0.0001795255504142727	1.6780481392070035e-17	Aque_Aqu2.1.42770-001;Scil_g3808	3.4620499776698645e-08	4.4005623375883204e-05	Aque_Aqu2.1.35076-001;Scil_g5922	2.7257506921365438e-27	8.986076093445355e-06	Aque_Aqu2.1.37574-001;Scil_g10732	2.5048026577623928e-15	7.193105487912825e-09							Aque_Aqu2.1.25188-001;Scil_g11408	0.001254793074271561	0.0009273067915295075	Aque_Aqu2.1.23228-001;Scil_g9955	1.1339492470998346e-05	3.855967316822112e-13	Aque_Aqu2.1.31551-001;Scil_g11222	0.0004550419940629617	5.013830628113789e-07	Aque_Aqu2.1.29076-001;Scil_g119	8.254780582515275e-21	0.006956076367442361				Aque_Aqu2.1.38554-001;Scil_g2060	7.03584824440347e-07	0.0005739952944207668	Aque_Aqu2.1.27224-001;Scil_g1970	0.00698422672407088	0.0001651498010009092									
Aque_Aqu2.1.40744-001;Scil_g9836	0.00520906155360265	3.7494002372636195e-37	Aque_Aqu2.1.09554-001;Scil_g10865	5.464239345134185e-06	0.0034397346830514096	Aque_Aqu2.1.36440-001;Scil_g1526	3.740727356250706e-136	4.767765604650261e-13	Aque_Aqu2.1.42075-001;Scil_g11230	1.5642996226500542e-17	6.752189230518426e-09							Aque_Aqu2.1.29532-001;Scil_g8913	0.001019140815527365	0.004215613628527157	Aque_Aqu2.1.42499-001;Scil_g8462	0.004742401216607825	2.9772191846120044e-12	Aque_Aqu2.1.22423-001;Scil_g12785	0.003331405344316412	1.6615381302058852e-07	Aque_Aqu2.1.38824-001;Scil_g8851	0.0021069493728025235	0.0013186114376195319				Aque_Aqu2.1.36436-001;Scil_g1240	1.8803483918358576e-09	0.0022006038327719362	Aque_Aqu2.1.43674-001;Scil_g5780	4.400615814884635e-07	4.7119462055778926e-68									
Aque_Aqu2.1.34340-001;Scil_g9966	3.6337540168507325e-117	1.8328451875960808e-33	Aque_Aqu2.1.37713-001;Scil_g11587	1.7092280498504553e-19	0.001308213787946087	Aque_Aqu2.1.43423-001;Scil_g455	7.445917862680743e-110	6.703457364023223e-22	Aque_Aqu2.1.29389-001;Scil_g10732	6.434706818958723e-15	7.193105487912825e-09							Aque_Aqu2.1.16669-001;Scil_g12884	0.0012290367384746328	0.007651076046098842	Aque_Aqu2.1.31551-001;Scil_g2667	0.0004550419940629617	1.213546492040107e-09	Aque_Aqu2.1.27202-001;Scil_g2813	0.0008749876845734799	0.008289375350665167	Aque_Aqu2.1.42203-001;Scil_g6182	0.00045457418849529025	6.54132555884722e-05				Aque_Aqu2.1.44243-001;Scil_g6182	1.1746117805349908e-05	0.0005505499915034545	Aque_Aqu2.1.21527-001;Scil_g9859	0.0005885835886346764	0.00010645449555461857									
Aque_Aqu2.1.37079-001;Scil_g9493	6.987535709667499e-114	8.665176744628564e-59	Aque_Aqu2.1.18089-001;Scil_g9453	2.3222255630625573e-12	2.3202718139754127e-12	Aque_Aqu2.1.34142-001;Scil_g2525	1.5802677811320417e-19	1.3407951204689368e-05	Aque_Aqu2.1.41570-001;Scil_g1793	9.871788584747203e-10	3.13140889659763e-12							Aque_Aqu2.1.34134-001;Scil_g12516	7.176969851960083e-06	0.0018996243963378607	Aque_Aqu2.1.23692-001;Scil_g10669	1.2841772084763492e-19	0.003749453953567109	Aque_Aqu2.1.28301-001;Scil_g5638	2.4420291072502505e-07	1.0079360849411307e-10	Aque_Aqu2.1.17816-001;Scil_g1483	0.004846158259488255	4.085735599763043e-06				Aque_Aqu2.1.28223-001;Scil_g8192	0.0001247782164728605	1.1319454415633238e-06	Aque_Aqu2.1.40044-001;Scil_g552	2.9840605065936037e-06	4.757502642764297e-21									
Aque_Aqu2.1.39927-001;Scil_g2125	2.100681945699731e-42	6.812113569567865e-25	Aque_Aqu2.1.43623-001;Scil_g9453	2.967833146368427e-22	2.3202718139754127e-12	Aque_Aqu2.1.43623-001;Scil_g9453	2.967833146368427e-22	1.8664571932202462e-13	Aque_Aqu2.1.22703-001;Scil_g9458	1.8051658972370857e-10	0.0010013805112998515										Aque_Aqu2.1.34185-001;Scil_g12629	0.0006917643857468868	0.0008190936262603735	Aque_Aqu2.1.43674-001;Scil_g6923	4.20083387372124e-06	0.0007496312067256761	Aque_Aqu2.1.38683-001;Scil_g11288	0.0026556694445690667	0.0002812350820900824				Aque_Aqu2.1.23692-001;Scil_g9674	1.0602342069590649e-07	0.0052200748129733925	Aque_Aqu2.1.40905-001;Scil_g208	1.6276630887661414e-22	6.731802305180685e-06									
Aque_Aqu2.1.43623-001;Scil_g9453	2.967833146368427e-22	6.387761827127926e-52	Aque_Aqu2.1.38470-001;Scil_g819	0.004861230740791713	4.94380564536909e-35	Aque_Aqu2.1.14137-001;Scil_g8105	3.1178299804803794e-58	0.0018004890810924788	Aque_Aqu2.1.43507-001;Scil_g3149	5.09267464240498e-12	1.2533282990675824e-06										Aque_Aqu2.1.25014-001;Scil_g9886	9.391661029388434e-09	0.00218801344218696	Aque_Aqu2.1.31551-001;Scil_g6923	0.0004550419940629617	0.0007496312067256761	Aque_Aqu2.1.25867-001;Scil_g3056	0.0002352162877005849	2.0628480496730304e-08				Aque_Aqu2.1.31551-001;Scil_g1483	5.480233371944621e-11	0.003927101518499479	Aque_Aqu2.1.43423-001;Scil_g455	0.0035803961240326817	1.2900160247922264e-41									
Aque_Aqu2.1.37751-001;Scil_g3052	1.960754617020323e-08	3.730621710900472e-06	Aque_Aqu2.1.43440-001;Scil_g3916	2.966613490803621e-57	0.00012639040713412292	Aque_Aqu2.1.41832-001;Scil_g1605	1.8716996324675586e-15	0.0009400582364274796	Aque_Aqu2.1.37974-001;Scil_g4955	2.4185485011480635e-14	1.6734184458248347e-07										Aque_Aqu2.1.39672-001;Scil_g8183	1.7219934783810546e-24	7.136238196514838e-05	Aque_Aqu2.1.22984-001;Scil_g9698	0.0011070273067554314	1.3279284254567292e-07	Aque_Aqu2.1.21174-001;Scil_g2820	0.00021564884897657527	2.0116989466359346e-05				Aque_Aqu2.1.34140-001;Scil_g2667	1.2311513054768545e-08	1.213546492040107e-09	Aque_Aqu2.1.22427-001;Scil_g2673	6.705529845808146e-08	0.0013900445891158921									
Aque_Aqu2.1.32585-001;Scil_g8241	3.4239698025737356e-115	4.971691452425066e-06	Aque_Aqu2.1.28194-001;Scil_g9453	1.444625855187625e-59	2.3202718139754127e-12	Aque_Aqu2.1.24901-001;Scil_g2525	5.43010493358015e-25	1.3407951204689368e-05	Aque_Aqu2.1.34247-001;Scil_g3282	5.995179413289e-67	6.159895535262038e-12										Aque_Aqu2.1.30867-001;Scil_g2667	1.3309245062395783e-20	1.213546492040107e-09	Aque_Aqu2.1.17816-001;Scil_g11222	0.004846158259488255	5.013830628113789e-07	Aque_Aqu2.1.25867-001;Scil_g10960	0.0002352162877005849	3.516281539997559e-05				Aque_Aqu2.1.28109-001;Scil_g6919	2.589503186009533e-09	0.0019296748779287587	Aque_Aqu2.1.34476-001;Scil_g10401	1.3206009769276592e-07	2.798023532765963e-17									
Aque_Aqu2.1.18089-001;Scil_g10793	2.3222255630625573e-12	2.0956852938510657e-66	Aque_Aqu2.1.33572-001;Scil_g3476	5.668642400668365e-139	0.0011694290934452798	Aque_Aqu2.1.44193-001;Scil_g3749	5.2321281412502024e-11	7.256768233505739e-09	Aque_Aqu2.1.42546-001;Scil_g6498	3.5093384982538397e-07	1.506045197375416e-30										Aque_Aqu2.1.16567-001;Scil_g8851	3.0155612923613537e-06	5.351413959374844e-05	Aque_Aqu2.1.17816-001;Scil_g6923	0.004846158259488255	0.0007496312067256761	Aque_Aqu2.1.22423-001;Scil_g12785	0.003331405344316412	2.3296876787399272e-06				Aque_Aqu2.1.33622-001;Scil_g2756	0.0004296564650498524	5.95074074397426e-10	Aque_Aqu2.1.37818-001;Scil_g13687	4.366072114981543e-05	8.958455056833786e-09									
Aque_Aqu2.1.43558-001;Scil_g4517	3.1472571512040617e-06	1.501104113340493e-13	Aque_Aqu2.1.39784-001;Scil_g9453	1.5219993781510476e-58	2.3202718139754127e-12	Aque_Aqu2.1.39927-001;Scil_g4378	2.100681945699731e-42	0.0028121050242745833	Aque_Aqu2.1.37774-001;Scil_g2233	7.700554024937936e-21	0.00035254857723930345										Aque_Aqu2.1.33622-001;Scil_g8183	1.708447263117159e-16	7.136238196514838e-05	Aque_Aqu2.1.36440-001;Scil_g1526	0.0004578582749838875	5.035546169744631e-12	Aque_Aqu2.1.42203-001;Scil_g8930	0.00045457418849529025	0.003008471673133274				Aque_Aqu2.1.28960-001;Scil_g9703	1.2115948719525116e-09	5.833205961484448e-07	Aque_Aqu2.1.40681-001;Scil_g9035	4.236848246358944e-05	0.0076073926390171									
Aque_Aqu2.1.43309-001;Scil_g9807	1.4807065078763136e-142	0.0006073529344212486	Aque_Aqu2.1.18691-001;Scil_g10373	6.5279671785400235e-06	4.942938188260669e-26	Aque_Aqu2.1.38598-001;Scil_g3749	5.172299480510369e-07	7.256768233505739e-09	Aque_Aqu2.1.39902-001;Scil_g3772	9.107093425514649e-48	5.142580210191075e-06										Aque_Aqu2.1.28295-001;Scil_g458	6.833508282525727e-08	7.089012749431077e-08	Aque_Aqu2.1.25862-001;Scil_g9627	0.00031950963269428563	3.882032241076791e-05	Aque_Aqu2.1.38824-001;Scil_g3056	0.0021069493728025235	2.0628480496730304e-08				Aque_Aqu2.1.43637-001;Scil_g13024	4.913286201607988e-09	0.00014717462768455288	Aque_Aqu2.1.29098-001;Scil_g8948	0.008406488938209408	1.185280181140932e-18									
Aque_Aqu2.1.29389-001;Scil_g10732	6.434706818958723e-15	2.7887108393538893e-12	Aque_Aqu2.1.33392-001;Scil_g1730	0.0031077183817407456	1.9571175272091877e-09	Aque_Aqu2.1.41587-001;Scil_g1970	6.284211007424334e-22	1.7432853746357123e-10	Aque_Aqu2.1.23425-001;Scil_g3772	2.4250333501045333e-55	5.142580210191075e-06										Aque_Aqu2.1.14505-001;Scil_g2018	4.1608280773534837e-17	3.0609869963813252e-15	Aque_Aqu2.1.42549-001;Scil_g11616	0.006301426912670734	0.0005567674922374866	Aque_Aqu2.1.44245-001;Scil_g11288	0.001577587927672461	0.0002812350820900824				Aque_Aqu2.1.43522-001;Scil_g11081	1.651404943005184e-09	1.0006261628521908e-06	Aque_Aqu2.1.36440-001;Scil_g1526	0.0004778198145944702	3.325262552932249e-14									
Aque_Aqu2.1.42085-001;Scil_g645	7.58547165552506e-19	8.717474977728585e-59	Aque_Aqu2.1.35102-001;Scil_g13155	1.0235518336439858e-13	5.0814546179163107e-05	Aque_Aqu2.1.20710-001;Scil_g9339	2.4308098953169308e-09	1.0937897725513935e-10	Aque_Aqu2.1.37713-001;Scil_g11587	1.7092280498504553e-19	2.972720390467545e-07										Aque_Aqu2.1.29081-001;Scil_g119	7.183480367196946e-22	1.1392739541626258e-52	Aque_Aqu2.1.41331-001;Scil_g480	0.00283942250833063	4.506608115212298e-09	Aque_Aqu2.1.24981-001;Scil_g6427	2.7217252995401606e-14	0.0038813036213638575				Aque_Aqu2.1.23692-001;Scil_g2312	1.0602342069590649e-07	0.00047418108694509317	Aque_Aqu2.1.24541-001;Scil_g13687	2.8194141356318613e-14	8.958455056833786e-09									
Aque_Aqu2.1.29389-001;Scil_g2525	6.434706818958723e-15	1.4948396953819433e-12	Aque_Aqu2.1.41587-001;Scil_g1970	6.284211007424334e-22	1.235607112604749e-33	Aque_Aqu2.1.37751-001;Scil_g10941	1.960754617020323e-08	6.18957093590251e-08	Aque_Aqu2.1.34214-001;Scil_g3749	5.077623847648018e-17	6.961884929721676e-10										Aque_Aqu2.1.38390-001;Scil_g2060	3.283777108141531e-31	0.0005739952944207668				Aque_Aqu2.1.38824-001;Scil_g10960	0.0021069493728025235	3.516281539997559e-05				Aque_Aqu2.1.22423-001;Scil_g8930	0.00017056021635578747	1.6915094476803913e-05												
Aque_Aqu2.1.39201-001;Scil_g5203	7.815203465075636e-11	1.5974349963759316e-113	Aque_Aqu2.1.29376-001;Scil_g3040	0.000358434222937596	0.0073124480923593424	Aque_Aqu2.1.41072-001;Scil_g8524	1.4923901171103289e-15	9.371162070713908e-07	Aque_Aqu2.1.41072-001;Scil_g9453	1.4923901171103289e-15	4.49983027371432e-20										Aque_Aqu2.1.16567-001;Scil_g10669	3.0155612923613537e-06	0.003749453953567109				Aque_Aqu2.1.25867-001;Scil_g9674	0.0002352162877005849	0.0007343807069236559				Aque_Aqu2.1.33934-001;Scil_g1542	2.965699003650396e-17	0.007619750763166573												
Aque_Aqu2.1.20710-001;Scil_g9339	2.4308098953169308e-09	5.222451835868074e-29	Aque_Aqu2.1.41072-001;Scil_g9453	1.4923901171103289e-15	2.3202718139754127e-12	Aque_Aqu2.1.37748-001;Scil_g4955	0.006868279958800548	1.3274390645344907e-15	Aque_Aqu2.1.39902-001;Scil_g9270	9.107093425514649e-48	1.0728702843068072e-05										Aque_Aqu2.1.24981-001;Scil_g6427	2.7217252995401606e-14	2.8492265485112783e-05				Aque_Aqu2.1.29081-001;Scil_g119	7.183480367196946e-22	0.006956076367442361				Aque_Aqu2.1.38524-001;Scil_g10858	2.7492927132484602e-08	0.0046343563014585734												
Aque_Aqu2.1.43637-001;Scil_g13024	0.0001321362764028887	0.0003027031355391717	Aque_Aqu2.1.41587-001;Scil_g2125	6.284211007424334e-22	3.513457657467906e-18	Aque_Aqu2.1.37574-001;Scil_g2525	2.5048026577623928e-15	1.3407951204689368e-05	Aque_Aqu2.1.23425-001;Scil_g9270	2.4250333501045333e-55	1.0728702843068072e-05										Aque_Aqu2.1.23239-001;Scil_g2060	7.943361772072874e-20	0.0005739952944207668				Aque_Aqu2.1.41049-001;Scil_g13539	0.007200126607303983	3.801568702753414e-10				Aque_Aqu2.1.17720-001;Scil_g9859	5.551374374753066e-10	0.00015744798888633476												
Aque_Aqu2.1.20295-001;Scil_g8187	0.0001795255504142727	6.325527901913702e-16	Aque_Aqu2.1.43558-001;Scil_g2679	3.1472571512040617e-06	3.449463238812816e-18	Aque_Aqu2.1.37751-001;Scil_g3052	1.960754617020323e-08	0.0004792116040778553	Aque_Aqu2.1.43688-001;Scil_g9839	4.4253445921185735e-29	1.1355828495615424e-07										Aque_Aqu2.1.43637-001;Scil_g13024	8.152574204947499e-32	0.00014717462768455288				Aque_Aqu2.1.42065-001;Scil_g10015	5.305955151225863e-07	9.835167470058142e-06				Aque_Aqu2.1.34343-001;Scil_g119	1.074270232820891e-06	1.1392739541626258e-52												
Aque_Aqu2.1.43637-001;Scil_g13026	0.0001321362764028887	3.669888604903578e-05	Aque_Aqu2.1.40744-001;Scil_g9836	0.00520906155360265	0.001366247367853044	Aque_Aqu2.1.42549-001;Scil_g11616	4.864952737528873e-51	0.002941255425821128	Aque_Aqu2.1.22703-001;Scil_g3906	1.8051658972370857e-10	0.00014453004306132745										Aque_Aqu2.1.25927-001;Scil_g947	3.006102746387663e-11	7.950598064923904e-40				Aque_Aqu2.1.38824-001;Scil_g9674	0.0021069493728025235	0.0007343807069236559				Aque_Aqu2.1.23371-001;Scil_g9815	8.590115473506136e-09	3.979340550056759e-15												
Aque_Aqu2.1.38196-001;Scil_g3312	2.7056507229478046e-24	3.291118863045072e-37	Aque_Aqu2.1.43558-001;Scil_g11587	3.1472571512040617e-06	0.001308213787946087	Aque_Aqu2.1.39820-001;Scil_g2822	0.00030930266620041397	1.2046246500420255e-06	Aque_Aqu2.1.40726-001;Scil_g2952	3.898092861090603e-17	4.817204358518965e-12										Aque_Aqu2.1.19251-001;Scil_g3142	0.0002787234957560977	0.00011417929269461546				Aque_Aqu2.1.34344-001;Scil_g119	8.471951911253183e-28	0.006956076367442361				Aque_Aqu2.1.34140-001;Scil_g5780	1.2311513054768545e-08	3.2348683259580126e-27												
Aque_Aqu2.1.18691-001;Scil_g10373	6.5279671785400235e-06	1.9374681307939146e-43	Aque_Aqu2.1.25460-001;Scil_g6952	1.0806839649739981e-05	4.838448993999771e-39	Aque_Aqu2.1.37713-001;Scil_g11587	1.7092280498504553e-19	4.192068481728588e-05	Aque_Aqu2.1.40897-001;Scil_g10732	2.4830102528941103e-10	7.193105487912825e-09										Aque_Aqu2.1.18919-001;Scil_g9886	3.781793541868298e-15	0.00218801344218696				Aque_Aqu2.1.20046-001;Scil_g6427	0.00911986550103098	0.0038813036213638575				Aque_Aqu2.1.24985-001;Scil_g6427	0.0004749866565147738	2.8492265485112783e-05												
Aque_Aqu2.1.37816-001;Scil_g11587	5.351220243248752e-65	7.602918771667548e-08	Aque_Aqu2.1.29482-001;Scil_g9453	0.006815611909410816	2.3202718139754127e-12	Aque_Aqu2.1.41072-001;Scil_g9453	1.4923901171103289e-15	1.8664571932202462e-13	Aque_Aqu2.1.13160-001;Scil_g10732	4.322179295065631e-10	7.193105487912825e-09										Aque_Aqu2.1.41482-001;Scil_g2667	2.257130122823816e-08	1.213546492040107e-09				Aque_Aqu2.1.41049-001;Scil_g130	0.007200126607303983	3.2104504713687346e-09				Aque_Aqu2.1.36440-001;Scil_g7991	0.0004778198145944702	3.841187617541146e-06												
Aque_Aqu2.1.34142-001;Scil_g9535	1.5802677811320417e-19	3.2631838562744626e-05	Aque_Aqu2.1.28037-001;Scil_g10865	2.846902201743957e-07	0.0034397346830514096	Aque_Aqu2.1.18089-001;Scil_g9453	2.3222255630625573e-12	1.8664571932202462e-13	Aque_Aqu2.1.41935-001;Scil_g3772	5.591333443268466e-36	5.142580210191075e-06										Aque_Aqu2.1.39672-001;Scil_g2756	1.7219934783810546e-24	5.95074074397426e-10				Aque_Aqu2.1.29098-001;Scil_g10108	0.0022163606697167436	0.007160020110211752				Aque_Aqu2.1.29098-001;Scil_g10108	0.008406488938209408	8.192761731090963e-05												
Aque_Aqu2.1.37748-001;Scil_g4955	0.006868279958800548	3.09647286557078e-36	Aque_Aqu2.1.37888-001;Scil_g10793	1.1074993725506151e-05	8.421902305944512e-51	Aque_Aqu2.1.29389-001;Scil_g2525	6.434706818958723e-15	1.3407951204689368e-05	Aque_Aqu2.1.27294-001;Scil_g9839	6.379913106281972e-32	1.1355828495615424e-07										Aque_Aqu2.1.37426-001;Scil_g8462	0.006785239769564729	2.9772191846120044e-12				Aque_Aqu2.1.17816-001;Scil_g1098	0.004846158259488255	0.00827391027704454				Aque_Aqu2.1.42204-001;Scil_g6182	2.373203866995765e-25	0.0005505499915034545												
Aque_Aqu2.1.44193-001;Scil_g3749	5.2321281412502024e-11	5.015011148407402e-41	Aque_Aqu2.1.44059-001;Scil_g3256	3.328730512336417e-05	4.0851084805518284e-72	Aque_Aqu2.1.34140-001;Scil_g5780	8.624609785310953e-08	7.726719165322015e-45	Aque_Aqu2.1.44193-001;Scil_g3749	5.2321281412502024e-11	6.961884929721676e-10										Aque_Aqu2.1.44243-001;Scil_g8930	2.5819489532558422e-23	1.6915094476803913e-05				Aque_Aqu2.1.34343-001;Scil_g119	1.192967813648859e-24	0.006956076367442361				Aque_Aqu2.1.32720-001;Scil_g951	8.485865122776761e-05	0.0017281611328304556												
Aque_Aqu2.1.14137-001;Scil_g8105	3.1178299804803794e-58	0.00024569700678639167	Aque_Aqu2.1.44059-001;Scil_g9230	3.328730512336417e-05	9.597913170553696e-28	Aque_Aqu2.1.31586-001;Scil_g8948	6.035842798121547e-07	2.86304743546326e-11	Aque_Aqu2.1.28194-001;Scil_g10793	1.444625855187625e-59	2.0933444663797696e-15										Aque_Aqu2.1.28659-001;Scil_g8560	1.5273531139362444e-12	4.14937919839286e-06				Aque_Aqu2.1.39703-001;Scil_g6182	0.0003983784087831898	6.54132555884722e-05				Aque_Aqu2.1.36479-001;Scil_g9859	2.7549326412176117e-07	0.00015744798888633476												
Aque_Aqu2.1.28239-001;Scil_g8524	5.769546964194492e-21	8.728238982913148e-08				Aque_Aqu2.1.18691-001;Scil_g10373	6.5279671785400235e-06	7.62258263823454e-15	Aque_Aqu2.1.33950-001;Scil_g3772	2.1143479916429974e-48	5.142580210191075e-06										Aque_Aqu2.1.43522-001;Scil_g11081	4.691283312429145e-13	1.0006261628521908e-06				Aque_Aqu2.1.29077-001;Scil_g119	1.3133214504172145e-07	0.006956076367442361				Aque_Aqu2.1.22423-001;Scil_g6182	0.00017056021635578747	0.0005505499915034545												
Aque_Aqu2.1.41892-001;Scil_g8192	8.326661223111995e-07	8.365673889920028e-14				Aque_Aqu2.1.41943-001;Scil_g11616	1.0016906815678531e-30	0.002941255425821128	Aque_Aqu2.1.41935-001;Scil_g9270	5.591333443268466e-36	1.0728702843068072e-05										Aque_Aqu2.1.35253-001;Scil_g10960	3.5542328552532075e-13	1.7814275668616436e-13				Aque_Aqu2.1.27224-001;Scil_g1970	5.542768429070787e-13	0.0001564321687395474				Aque_Aqu2.1.39232-001;Scil_g11100	7.248897726992047e-09	5.957372625582349e-06												
Aque_Aqu2.1.40726-001;Scil_g2952	3.898092861090603e-17	2.3639138487861585e-05				Aque_Aqu2.1.40897-001;Scil_g2525	2.4830102528941103e-10	1.3407951204689368e-05	Aque_Aqu2.1.14128-001;Scil_g3282	2.4522134152092073e-15	6.159895535262038e-12										Aque_Aqu2.1.31586-001;Scil_g10108	1.7372787348993547e-40	8.192761731090963e-05				Aque_Aqu2.1.42693-001;Scil_g8851	0.0018360592641156288	0.0013186114376195319				Aque_Aqu2.1.43637-001;Scil_g13000	4.913286201607988e-09	0.0002401013157304926												
Aque_Aqu2.1.41072-001;Scil_g9453	1.4923901171103289e-15	6.387761827127926e-52				Aque_Aqu2.1.36774-001;Scil_g8909	2.2229382265985464e-06	1.0553477855489814e-20	Aque_Aqu2.1.43623-001;Scil_g2233	2.967833146368427e-22	0.00035254857723930345										Aque_Aqu2.1.40046-001;Scil_g1853	0.0043278197531680445	0.0002578751479556361				Aque_Aqu2.1.27224-001;Scil_g1638	5.542768429070787e-13	7.355111770743874e-06				Aque_Aqu2.1.24541-001;Scil_g9008	2.8194141356318613e-14	0.0003938319321363873												
Aque_Aqu2.1.20582-001;Scil_g11230	8.257890532706147e-05	1.6780481392070035e-17				Aque_Aqu2.1.37888-001;Scil_g10793	1.1074993725506151e-05	1.055319179606601e-40	Aque_Aqu2.1.33950-001;Scil_g9270	2.1143479916429974e-48	1.0728702843068072e-05										Aque_Aqu2.1.33622-001;Scil_g2756	1.708447263117159e-16	5.95074074397426e-10				Aque_Aqu2.1.42548-001;Scil_g5592	1.627868894535477e-08	1.0248394770224422e-05				Aque_Aqu2.1.17720-001;Scil_g9035	5.551374374753066e-10	0.0037667405008805417												
Aque_Aqu2.1.40203-001;Scil_g9896	7.76548669049712e-21	4.148244980823648e-31				Aque_Aqu2.1.34141-001;Scil_g6573	5.817801590754243e-06	3.984833124596185e-20	Aque_Aqu2.1.24901-001;Scil_g2525	5.43010493358015e-25	1.4710177588142786e-06										Aque_Aqu2.1.42703-001;Scil_g307	1.4754696956545303e-15	7.224369114222508e-43				Aque_Aqu2.1.39703-001;Scil_g8930	0.0003983784087831898	0.003008471673133274				Aque_Aqu2.1.31586-001;Scil_g10108	1.891188349453035e-06	8.192761731090963e-05												
Aque_Aqu2.1.17720-001;Scil_g9035	5.2343005289144623e-14	0.0076073926390171				Aque_Aqu2.1.20295-001;Scil_g3749	0.0001795255504142727	7.256768233505739e-09	Aque_Aqu2.1.22703-001;Scil_g8105	1.8051658972370857e-10	1.062772877784191e-07										Aque_Aqu2.1.33635-001;Scil_g10960	0.00010669886911690847	1.7814275668616436e-13				Aque_Aqu2.1.42204-001;Scil_g6182	1.4452367274558129e-06	6.54132555884722e-05				Aque_Aqu2.1.39774-001;Scil_g6550	0.0019888630209188496	8.436147880710344e-05												
Aque_Aqu2.1.36479-001;Scil_g9859	2.2918316857577615e-10	0.00010645449555461857				Aque_Aqu2.1.34141-001;Scil_g13597	5.817801590754243e-06	5.7160692645645324e-12	Aque_Aqu2.1.38675-001;Scil_g623	1.2729397869949765e-09	4.322946552855662e-07										Aque_Aqu2.1.43329-001;Scil_g9827	2.4503123309393326e-14	0.003907050406501273				Aque_Aqu2.1.29979-001;Scil_g3316	0.005096289705461217	4.81600624494851e-16				Aque_Aqu2.1.28301-001;Scil_g5638	2.0872806800862697e-23	3.2808279717751425e-08												
Aque_Aqu2.1.27224-001;Scil_g4378	6.85573730359377e-63	0.0010101747375163477				Aque_Aqu2.1.41587-001;Scil_g4378	6.284211007424334e-22	0.0028121050242745833	Aque_Aqu2.1.25694-001;Scil_g2921	6.167037117505687e-11	3.784180252432767e-08										Aque_Aqu2.1.39916-001;Scil_g9827	2.688541540398142e-13	0.003907050406501273				Aque_Aqu2.1.07545-001;Scil_g3398	0.009147084110062452	0.006984919336154506				Aque_Aqu2.1.25578-001;Scil_g9048	0.005312301831445139	2.603801014650437e-06												
Aque_Aqu2.1.36440-001;Scil_g1526	3.740727356250706e-136	3.325262552932249e-14				Aque_Aqu2.1.29376-001;Scil_g3040	0.000358434222937596	2.7180347714549767e-05	Aque_Aqu2.1.29077-001;Scil_g119	3.031435493306638e-15	7.156934767103602e-25										Aque_Aqu2.1.43363-001;Scil_g2079	3.009896266468842e-14	7.191157268072515e-07				Aque_Aqu2.1.42693-001;Scil_g10960	0.0018360592641156288	3.516281539997559e-05				Aque_Aqu2.1.31945-001;Scil_g6131	7.796168705280974e-16	0.0036689628223293847												
Aque_Aqu2.1.29376-001;Scil_g3040	0.000358434222937596	6.697607024542941e-20				Aque_Aqu2.1.13160-001;Scil_g2525	4.322179295065631e-10	1.3407951204689368e-05	Aque_Aqu2.1.24985-001;Scil_g8220	2.648227574502731e-19	2.096881178298641e-07										Aque_Aqu2.1.40044-001;Scil_g552	2.8322222814374473e-28	1.8734294623301771e-19				Aque_Aqu2.1.37770-001;Scil_g980	0.006518916636731035	0.0005986017299019908				Aque_Aqu2.1.34598-001;Scil_g809	0.00947266512126132	0.00011806319769900682												
Aque_Aqu2.1.27834-001;Scil_g1929	3.1136744770147465e-05	6.52124824287796e-16				Aque_Aqu2.1.29496-001;Scil_g208	1.2768054689113486e-36	0.0006868538957636951	Aque_Aqu2.1.39902-001;Scil_g10245	9.107093425514649e-48	0.00011047709390251427										Aque_Aqu2.1.43674-001;Scil_g5780	4.20083387372124e-06	3.2348683259580126e-27				Aque_Aqu2.1.22423-001;Scil_g6182	0.003331405344316412	6.54132555884722e-05				Aque_Aqu2.1.34140-001;Scil_g11222	1.2311513054768545e-08	1.1918429997624423e-07												
Aque_Aqu2.1.27224-001;Scil_g1970	6.85573730359377e-63	0.0001651498010009092				Aque_Aqu2.1.22703-001;Scil_g8105	1.8051658972370857e-10	0.0018004890810924788	Aque_Aqu2.1.23425-001;Scil_g10245	2.4250333501045333e-55	0.00011047709390251427										Aque_Aqu2.1.42762-001;Scil_g8183	1.0081478109652569e-17	7.136238196514838e-05				Aque_Aqu2.1.22423-001;Scil_g8930	0.003331405344316412	0.003008471673133274				Aque_Aqu2.1.24541-001;Scil_g8569	2.8194141356318613e-14	1.131086300268781e-13												
Aque_Aqu2.1.43581-001;Scil_g2671	5.4958467372897874e-33	3.5659663275920823e-13				Aque_Aqu2.1.41943-001;Scil_g10339	1.0016906815678531e-30	0.004252384725326189	Aque_Aqu2.1.41587-001;Scil_g1638	6.284211007424334e-22	1.19535896766409e-19										Aque_Aqu2.1.26978-001;Scil_g458	0.0002894306745381625	7.089012749431077e-08				Aque_Aqu2.1.14137-001;Scil_g5904	1.6296129892199814e-05	0.008087516056195784				Aque_Aqu2.1.41302-001;Scil_g480	1.593114344057822e-11	3.3439460944868425e-05												
Aque_Aqu2.1.18283-001;Scil_g1944	8.281858889981098e-97	0.00010030923517593511				Aque_Aqu2.1.42075-001;Scil_g8187	1.5642996226500542e-17	0.0026024483794617813	Aque_Aqu2.1.34142-001;Scil_g2525	1.5802677811320417e-19	1.4710177588142786e-06										Aque_Aqu2.1.34863-001;Scil_g5628	7.856949568546215e-16	0.007924718428379112										Aque_Aqu2.1.24541-001;Scil_g8574	2.8194141356318613e-14	0.005324126060266697												
Aque_Aqu2.1.37574-001;Scil_g10732	2.5048026577623928e-15	2.7887108393538893e-12				Aque_Aqu2.1.21251-001;Scil_g6498	4.624562609038775e-08	0.00010925434662925357	Aque_Aqu2.1.16671-001;Scil_g2638	1.7538076482175143e-30	0.008394236918024817										Aque_Aqu2.1.36436-001;Scil_g1240	9.530971709328e-21	0.0022006038327719362										Aque_Aqu2.1.37818-001;Scil_g9008	4.366072114981543e-05	0.0003938319321363873												
Aque_Aqu2.1.34140-001;Scil_g5780	8.624609785310953e-08	4.7119462055778926e-68				Aque_Aqu2.1.42770-001;Scil_g3808	3.4620499776698645e-08	4.548895433806986e-16	Aque_Aqu2.1.44059-001;Scil_g3256	3.328730512336417e-05	1.421562199914897e-32										Aque_Aqu2.1.26973-001;Scil_g10960	1.8757648248382616e-05	1.7814275668616436e-13										Aque_Aqu2.1.40681-001;Scil_g9859	4.236848246358944e-05	0.00015744798888633476												
Aque_Aqu2.1.34476-001;Scil_g10401	1.1365096649262665e-143	2.798023532765963e-17				Aque_Aqu2.1.37818-001;Scil_g13687	1.1042169105070999e-65	9.327942964971985e-05	Aque_Aqu2.1.18089-001;Scil_g9453	2.3222255630625573e-12	4.49983027371432e-20										Aque_Aqu2.1.23692-001;Scil_g3056	1.2841772084763492e-19	1.3731224023390558e-07										Aque_Aqu2.1.32713-001;Scil_g9048	0.0018930843638392614	2.603801014650437e-06												
Aque_Aqu2.1.39232-001;Scil_g11100	0.0008790342511167446	4.5168586478203026e-13				Aque_Aqu2.1.27834-001;Scil_g1929	3.1136744770147465e-05	8.404637095758516e-09	Aque_Aqu2.1.43688-001;Scil_g3772	4.4253445921185735e-29	5.142580210191075e-06										Aque_Aqu2.1.38824-001;Scil_g10960	0.0021069493728025235	1.7814275668616436e-13										Aque_Aqu2.1.37486-001;Scil_g8930	0.006959905185196754	1.6915094476803913e-05												
Aque_Aqu2.1.43423-001;Scil_g455	7.445917862680743e-110	1.2900160247922264e-41				Aque_Aqu2.1.43637-001;Scil_g13024	0.0001321362764028887	0.0012145047895266619	Aque_Aqu2.1.34889-001;Scil_g928	5.140233485381033e-67	5.0124596114756874e-11										Aque_Aqu2.1.34343-001;Scil_g119	1.192967813648859e-24	1.1392739541626258e-52										Aque_Aqu2.1.27224-001;Scil_g2125	0.00698422672407088	1.1882064584054088e-13												
Aque_Aqu2.1.37574-001;Scil_g2525	2.5048026577623928e-15	1.4948396953819433e-12				Aque_Aqu2.1.41071-001;Scil_g12539	6.710109806428675e-67	7.464386144638261e-11	Aque_Aqu2.1.41587-001;Scil_g8311	6.284211007424334e-22	9.440630961312128e-07										Aque_Aqu2.1.29077-001;Scil_g119	1.3133214504172145e-07	1.1392739541626258e-52										Aque_Aqu2.1.37818-001;Scil_g8569	4.366072114981543e-05	1.131086300268781e-13												
Aque_Aqu2.1.24901-001;Scil_g10732	5.43010493358015e-25	2.7887108393538893e-12				Aque_Aqu2.1.24985-001;Scil_g8220	2.648227574502731e-19	0.002463770589505183	Aque_Aqu2.1.41935-001;Scil_g10245	5.591333443268466e-36	0.00011047709390251427										Aque_Aqu2.1.28495-001;Scil_g5104	4.458325986516477e-24	1.3385190593660316e-11										Aque_Aqu2.1.40681-001;Scil_g8004	4.236848246358944e-05	0.00013273066977140263												
Aque_Aqu2.1.38363-001;Scil_g9187	4.496202827178639e-22	7.38949192974125e-10				Aque_Aqu2.1.24541-001;Scil_g13687	2.344168441479099e-143	9.327942964971985e-05	Aque_Aqu2.1.22809-001;Scil_g9784	2.735312110712329e-10	7.443898377019292e-22										Aque_Aqu2.1.43637-001;Scil_g13000	8.152574204947499e-32	0.0002401013157304926										Aque_Aqu2.1.37818-001;Scil_g8574	4.366072114981543e-05	0.005324126060266697												
Aque_Aqu2.1.24901-001;Scil_g2525	5.43010493358015e-25	1.4948396953819433e-12				Aque_Aqu2.1.37477-001;Scil_g6529	2.374194499162537e-23	8.190357430911236e-07	Aque_Aqu2.1.27294-001;Scil_g3772	6.379913106281972e-32	5.142580210191075e-06										Aque_Aqu2.1.40738-001;Scil_g2018	6.218782870818954e-08	3.0609869963813252e-15										Aque_Aqu2.1.42548-001;Scil_g5592	7.448014540555121e-28	0.00012069245201470799												
Aque_Aqu2.1.42075-001;Scil_g11230	1.5642996226500542e-17	1.6780481392070035e-17				Aque_Aqu2.1.06909-001;Scil_g5906	0.0010587694104038895	6.933082976977549e-20	Aque_Aqu2.1.38366-001;Scil_g9839	8.476009201277581e-19	1.1355828495615424e-07										Aque_Aqu2.1.28453-001;Scil_g2624	1.0394247470338174e-05	4.1002142457421344e-13										Aque_Aqu2.1.21527-001;Scil_g9859	0.0005885835886346764	0.00015744798888633476												
Aque_Aqu2.1.20582-001;Scil_g8187	8.257890532706147e-05	6.325527901913702e-16				Aque_Aqu2.1.40744-001;Scil_g9836	0.00520906155360265	7.342271741410701e-11	Aque_Aqu2.1.25862-001;Scil_g3282	1.4164840831138878e-69	6.159895535262038e-12										Aque_Aqu2.1.35253-001;Scil_g10669	3.5542328552532075e-13	0.003749453953567109										Aque_Aqu2.1.34182-001;Scil_g1212	0.00034402088415198156	0.00022611826849828852												
Aque_Aqu2.1.29389-001;Scil_g9535	6.434706818958723e-15	3.2631838562744626e-05				Aque_Aqu2.1.27809-001;Scil_g4134	2.3643424405959376e-49	0.0005330167622004079	Aque_Aqu2.1.43688-001;Scil_g9270	4.4253445921185735e-29	1.0728702843068072e-05										Aque_Aqu2.1.25769-001;Scil_g428	3.2643039449818794e-11	3.53638816872691e-50										Aque_Aqu2.1.40681-001;Scil_g9035	4.236848246358944e-05	0.0037667405008805417												
Aque_Aqu2.1.34141-001;Scil_g6573	5.817801590754243e-06	9.482830396203624e-25				Aque_Aqu2.1.40411-001;Scil_g9331	2.2516488763377489e-07	0.0016511427913031378	Aque_Aqu2.1.33950-001;Scil_g10245	2.1143479916429974e-48	0.00011047709390251427										Aque_Aqu2.1.28295-001;Scil_g5710	6.833508282525727e-08	0.00016162834630923756										Aque_Aqu2.1.44325-001;Scil_g533	0.008603398748427676	0.0009079115180928504												
Aque_Aqu2.1.23856-001;Scil_g6535	9.038754178536685e-06	6.353925662257855e-08				Aque_Aqu2.1.34860-001;Scil_g12463	1.2852695968093314e-58	0.00017072349184061117	Aque_Aqu2.1.24985-001;Scil_g9168	2.648227574502731e-19	3.0757614539671e-26										Aque_Aqu2.1.33635-001;Scil_g10669	0.00010669886911690847	0.003749453953567109										Aque_Aqu2.1.42195-001;Scil_g6550	0.00477303985890151	8.436147880710344e-05												
Aque_Aqu2.1.38167-001;Scil_g3347	2.0325287556649088e-66	5.3670028530141566e-12				Aque_Aqu2.1.37523-001;Scil_g1193	3.9180182185913873e-07	0.007926370588719185	Aque_Aqu2.1.41558-001;Scil_g11681	2.2997657677965656e-08	5.337022604493631e-10										Aque_Aqu2.1.44243-001;Scil_g6182	2.5819489532558422e-23	0.0005505499915034545										Aque_Aqu2.1.34348-001;Scil_g2746	0.004037217112809467	0.0037165158560533303												
Aque_Aqu2.1.41587-001;Scil_g2125	6.284211007424334e-22	6.812113569567865e-25				Aque_Aqu2.1.20046-001;Scil_g8220	1.893146120459131e-08	0.002463770589505183	Aque_Aqu2.1.27294-001;Scil_g9270	6.379913106281972e-32	1.0728702843068072e-05										Aque_Aqu2.1.43313-001;Scil_g7627	5.488228930951967e-29	0.0027340167265861746										Aque_Aqu2.1.34140-001;Scil_g1483	1.2311513054768545e-08	0.003927101518499479												
Aque_Aqu2.1.20582-001;Scil_g10732	8.257890532706147e-05	2.7887108393538893e-12				Aque_Aqu2.1.43558-001;Scil_g11587	3.1472571512040617e-06	4.192068481728588e-05	Aque_Aqu2.1.17720-001;Scil_g9859	5.2343005289144623e-14	6.901739288223604e-05										Aque_Aqu2.1.36606-001;Scil_g8183	6.429704257152719e-05	7.136238196514838e-05										Aque_Aqu2.1.21527-001;Scil_g8004	0.0005885835886346764	0.00013273066977140263												
Aque_Aqu2.1.41832-001;Scil_g1605	1.8716996324675586e-15	0.00037917446898663693				Aque_Aqu2.1.33340-001;Scil_g13437	6.349000344298511e-10	0.007131965289505687	Aque_Aqu2.1.28078-001;Scil_g4955	6.696460884889418e-10	1.6734184458248347e-07										Aque_Aqu2.1.43326-001;Scil_g7627	1.4712455480465753e-26	0.0027340167265861746										Aque_Aqu2.1.37486-001;Scil_g6182	0.006959905185196754	0.0005505499915034545												
Aque_Aqu2.1.40681-001;Scil_g8004	0.00024465280762628105	7.5243983268532895e-06				Aque_Aqu2.1.34847-001;Scil_g10889	8.200135037235447e-06	1.816062604511375e-05	Aque_Aqu2.1.34374-001;Scil_g835	1.4390603500282076e-48	0.0002013934488913043										Aque_Aqu2.1.34140-001;Scil_g5780	1.0121820050408576e-29	3.2348683259580126e-27										Aque_Aqu2.1.37816-001;Scil_g9048	0.00680584638096658	2.603801014650437e-06												
Aque_Aqu2.1.40681-001;Scil_g9859	0.00024465280762628105	0.00010645449555461857				Aque_Aqu2.1.29482-001;Scil_g8524	0.006815611909410816	9.371162070713908e-07	Aque_Aqu2.1.29099-001;Scil_g10192	0.00020858608906216777	3.3146068940294664e-07										Aque_Aqu2.1.42762-001;Scil_g2756	1.0081478109652569e-17	5.95074074397426e-10										Aque_Aqu2.1.24985-001;Scil_g9168	0.0004749866565147738	0.0027792844109251103												
Aque_Aqu2.1.29497-001;Scil_g208	1.613969228591092e-36	6.731802305180685e-06				Aque_Aqu2.1.23856-001;Scil_g6535	9.038754178536685e-06	0.001213170416891452	Aque_Aqu2.1.21084-001;Scil_g9931	5.175422506174251e-16	4.5680576886093536e-20										Aque_Aqu2.1.40376-001;Scil_g6432	5.626029519789693e-17	6.952319911062066e-17										Aque_Aqu2.1.36440-001;Scil_g1526	0.0004778198145944702	8.954324395314083e-44												
Aque_Aqu2.1.34141-001;Scil_g13597	5.817801590754243e-06	6.813143460528745e-14				Aque_Aqu2.1.42546-001;Scil_g6498	3.5093384982538397e-07	0.00010925434662925357	Aque_Aqu2.1.08202-001;Scil_g5971	1.1705734604072884e-09	7.071972605245148e-16										Aque_Aqu2.1.38824-001;Scil_g8851	0.0021069493728025235	5.351413959374844e-05										Aque_Aqu2.1.18283-001;Scil_g1944	1.7266721399340094e-06	8.453132955520325e-06												
Aque_Aqu2.1.36263-001;Scil_g3347	1.778679896019185e-56	5.3670028530141566e-12				Aque_Aqu2.1.29482-001;Scil_g9453	0.006815611909410816	1.8664571932202462e-13	Aque_Aqu2.1.24985-001;Scil_g6427	2.648227574502731e-19	0.0008973441994715417										Aque_Aqu2.1.42499-001;Scil_g5674	0.004742401216607825	0.001484591672118693										Aque_Aqu2.1.39108-001;Scil_g1492	4.4768922414522974e-09	3.6328179581332285e-10												
Aque_Aqu2.1.44246-001;Scil_g4378	7.348281244918552e-80	0.0010101747375163477				Aque_Aqu2.1.39232-001;Scil_g11100	0.0008790342511167446	5.437023983119818e-08	Aque_Aqu2.1.20046-001;Scil_g8220	1.893146120459131e-08	2.096881178298641e-07										Aque_Aqu2.1.23371-001;Scil_g9815	2.814354895128478e-35	3.979340550056759e-15																								
Aque_Aqu2.1.34374-001;Scil_g835	1.4390603500282076e-48	0.00024005352621467508				Aque_Aqu2.1.29497-001;Scil_g208	1.613969228591092e-36	0.0006868538957636951	Aque_Aqu2.1.42075-001;Scil_g8187	1.5642996226500542e-17	5.122768024316972e-06										Aque_Aqu2.1.31551-001;Scil_g5780	0.0004550419940629617	3.2348683259580126e-27																								
Aque_Aqu2.1.44246-001;Scil_g1970	7.348281244918552e-80	0.0001651498010009092				Aque_Aqu2.1.20295-001;Scil_g8187	0.0001795255504142727	0.0026024483794617813	Aque_Aqu2.1.37477-001;Scil_g6529	2.374194499162537e-23	5.239194715953529e-16										Aque_Aqu2.1.41619-001;Scil_g9886	0.0001135500444194301	0.00218801344218696																								
Aque_Aqu2.1.34142-001;Scil_g10570	1.5802677811320417e-19	0.001947656806975177				Aque_Aqu2.1.43637-001;Scil_g13026	0.0001321362764028887	0.004697348678915856	Aque_Aqu2.1.37574-001;Scil_g2525	2.5048026577623928e-15	1.4710177588142786e-06										Aque_Aqu2.1.28223-001;Scil_g8192	1.3844036382592803e-13	1.1319454415633238e-06																								
Aque_Aqu2.1.29496-001;Scil_g208	1.2768054689113486e-36	6.731802305180685e-06				Aque_Aqu2.1.37888-001;Scil_g8220	1.1074993725506151e-05	0.002463770589505183	Aque_Aqu2.1.33574-001;Scil_g5971	1.1841602777534483e-14	7.071972605245148e-16										Aque_Aqu2.1.30867-001;Scil_g5780	1.3309245062395783e-20	3.2348683259580126e-27																								
Aque_Aqu2.1.24985-001;Scil_g8220	2.648227574502731e-19	4.2258314707064546e-07				Aque_Aqu2.1.33571-001;Scil_g6869	0.0023166966783545063	2.7769228398367203e-06	Aque_Aqu2.1.29389-001;Scil_g2525	6.434706818958723e-15	1.4710177588142786e-06										Aque_Aqu2.1.41190-001;Scil_g2060	3.070020325785256e-26	0.0005739952944207668																								
Aque_Aqu2.1.37713-001;Scil_g11587	1.7092280498504553e-19	7.602918771667548e-08				Aque_Aqu2.1.35102-001;Scil_g13155	1.0235518336439858e-13	0.0030345362243314154	Aque_Aqu2.1.43688-001;Scil_g10245	4.4253445921185735e-29	0.00011047709390251427										Aque_Aqu2.1.34140-001;Scil_g11222	1.0121820050408576e-29	1.1918429997624423e-07																								
Aque_Aqu2.1.40905-001;Scil_g208	9.527533673684782e-19	6.731802305180685e-06				Aque_Aqu2.1.27219-001;Scil_g478	0.0010312056246895862	0.009806967033328416	Aque_Aqu2.1.44221-001;Scil_g6803	2.4142643864291954e-16	1.637518856054707e-10										Aque_Aqu2.1.31551-001;Scil_g11222	0.0004550419940629617	1.1918429997624423e-07																								
Aque_Aqu2.1.42075-001;Scil_g8187	1.5642996226500542e-17	6.325527901913702e-16				Aque_Aqu2.1.32514-001;Scil_g8105	0.00026784013402817586	0.0018004890810924788	Aque_Aqu2.1.18089-001;Scil_g2233	2.3222255630625573e-12	0.00035254857723930345										Aque_Aqu2.1.26973-001;Scil_g10669	1.8757648248382616e-05	0.003749453953567109																								
Aque_Aqu2.1.43316-001;Scil_g27	1.0512448973874985e-11	0.000150725983323339				Aque_Aqu2.1.11387-001;Scil_g8105	0.00015458593629202684	0.0018004890810924788	Aque_Aqu2.1.33740-001;Scil_g9493	1.0543340401031923e-102	1.2641518904156864e-10										Aque_Aqu2.1.29861-001;Scil_g9827	2.7802180224950214e-12	0.003907050406501273																								
Aque_Aqu2.1.33571-001;Scil_g6869	0.0023166966783545063	1.1149068121749991e-08				Aque_Aqu2.1.40905-001;Scil_g208	9.527533673684782e-19	0.0006868538957636951	Aque_Aqu2.1.27294-001;Scil_g10245	6.379913106281972e-32	0.00011047709390251427										Aque_Aqu2.1.38824-001;Scil_g10669	0.0021069493728025235	0.003749453953567109																								
Aque_Aqu2.1.37818-001;Scil_g13687	1.1042169105070999e-65	8.958455056833786e-09				Aque_Aqu2.1.33342-001;Scil_g13437	2.6303870069177034e-05	0.007131965289505687	Aque_Aqu2.1.36479-001;Scil_g9859	2.2918316857577615e-10	6.901739288223604e-05										Aque_Aqu2.1.17816-001;Scil_g2667	0.004846158259488255	1.213546492040107e-09																								
Aque_Aqu2.1.24541-001;Scil_g13687	2.344168441479099e-143	8.958455056833786e-09				Aque_Aqu2.1.20582-001;Scil_g8187	8.257890532706147e-05	0.0026024483794617813	Aque_Aqu2.1.38366-001;Scil_g3772	8.476009201277581e-19	5.142580210191075e-06										Aque_Aqu2.1.28495-001;Scil_g4190	4.458325986516477e-24	1.5598195515222541e-10																								
Aque_Aqu2.1.37574-001;Scil_g9535	2.5048026577623928e-15	3.2631838562744626e-05				Aque_Aqu2.1.38735-001;Scil_g283	3.575419685973744e-06	0.005281393271050389	Aque_Aqu2.1.30045-001;Scil_g13153	1.5171494961324605e-19	0.0029283913965687915										Aque_Aqu2.1.30867-001;Scil_g11222	1.3309245062395783e-20	1.1918429997624423e-07																								
Aque_Aqu2.1.36553-001;Scil_g4896	7.519750924837044e-19	0.0006389589533456227				Aque_Aqu2.1.29099-001;Scil_g10191	0.00020858608906216777	0.0075680159656433465	Aque_Aqu2.1.38560-001;Scil_g10147	0.0005664191760605996	5.154762659728802e-11										Aque_Aqu2.1.32890-001;Scil_g9827	8.175377015812928e-08	0.003907050406501273																								
Aque_Aqu2.1.37527-001;Scil_g1645	3.012591765827895e-10	0.0007832797721346886				Aque_Aqu2.1.22907-001;Scil_g8187	0.006919167846943937	0.0026024483794617813	Aque_Aqu2.1.28488-001;Scil_g9850	4.308080784192572e-08	6.504638948334815e-10										Aque_Aqu2.1.42770-001;Scil_g3808	3.5810184203344485e-32	7.265130735552124e-08																								
Aque_Aqu2.1.41072-001;Scil_g8524	1.4923901171103289e-15	8.728238982913148e-08				Aque_Aqu2.1.33607-001;Scil_g8105	0.009804471469836694	0.0018004890810924788	Aque_Aqu2.1.38366-001;Scil_g9270	8.476009201277581e-19	1.0728702843068072e-05										Aque_Aqu2.1.29714-001;Scil_g2938	7.391576077219849e-08	4.216202562209187e-05																								
Aque_Aqu2.1.39927-001;Scil_g4378	2.100681945699731e-42	0.0010101747375163477				Aque_Aqu2.1.04179-001;Scil_g4134	0.003868760252328018	0.0005330167622004079	Aque_Aqu2.1.29376-001;Scil_g3040	0.000358434222937596	1.7683400040974298e-05										Aque_Aqu2.1.41892-001;Scil_g8192	5.2142493076430264e-14	1.1319454415633238e-06																								
Aque_Aqu2.1.22427-001;Scil_g2673	8.370409399179154e-34	0.0013900445891158921							Aque_Aqu2.1.32514-001;Scil_g9458	0.00026784013402817586	0.0010013805112998515										Aque_Aqu2.1.25867-001;Scil_g10960	0.0002352162877005849	1.7814275668616436e-13																								
Aque_Aqu2.1.35141-001;Scil_g1526	6.369627006647753e-61	3.325262552932249e-14							Aque_Aqu2.1.11387-001;Scil_g8105	0.00015458593629202684	1.062772877784191e-07										Aque_Aqu2.1.39919-001;Scil_g2615	2.486254135103664e-07	8.659425700052678e-51																								
Aque_Aqu2.1.39927-001;Scil_g1970	2.100681945699731e-42	0.0001651498010009092							Aque_Aqu2.1.36553-001;Scil_g4896	7.519750924837044e-19	2.8423238687149264e-06										Aque_Aqu2.1.28497-001;Scil_g5104	6.265744639493593e-06	1.3385190593660316e-11																								
Aque_Aqu2.1.21527-001;Scil_g8004	3.1197178891564794e-07	7.5243983268532895e-06							Aque_Aqu2.1.40897-001;Scil_g2525	2.4830102528941103e-10	1.4710177588142786e-06										Aque_Aqu2.1.29899-001;Scil_g7928	0.0007872687199082818	0.000963308868705165																								
Aque_Aqu2.1.29389-001;Scil_g10570	6.434706818958723e-15	0.001947656806975177							Aque_Aqu2.1.13160-001;Scil_g2525	4.322179295065631e-10	1.4710177588142786e-06										Aque_Aqu2.1.32509-001;Scil_g9827	0.0003922226519476641	0.003907050406501273																								
Aque_Aqu2.1.40681-001;Scil_g9035	0.00024465280762628105	0.0076073926390171							Aque_Aqu2.1.39784-001;Scil_g8784	1.5219993781510476e-58	1.0119702736435629e-08										Aque_Aqu2.1.23692-001;Scil_g2312	1.2841772084763492e-19	0.00047418108694509317																								
Aque_Aqu2.1.21527-001;Scil_g9859	3.1197178891564794e-07	0.00010645449555461857							Aque_Aqu2.1.38598-001;Scil_g3749	5.172299480510369e-07	6.961884929721676e-10										Aque_Aqu2.1.23692-001;Scil_g9674	1.2841772084763492e-19	0.0052200748129733925																								
Aque_Aqu2.1.22703-001;Scil_g8105	1.8051658972370857e-10	0.00024569700678639167							Aque_Aqu2.1.35197-001;Scil_g12865	2.5740157898972076e-06	2.321240191473236e-19										Aque_Aqu2.1.36606-001;Scil_g2756	6.429704257152719e-05	5.95074074397426e-10																								
Aque_Aqu2.1.09763-001;Scil_g2943	0.009193297237400226	0.006526162258693054							Aque_Aqu2.1.28194-001;Scil_g8784	1.444625855187625e-59	1.0119702736435629e-08										Aque_Aqu2.1.22812-001;Scil_g9886	0.0030811825076777575	0.00218801344218696																								
Aque_Aqu2.1.36263-001;Scil_g354	1.778679896019185e-56	5.98121571094393e-06							Aque_Aqu2.1.20046-001;Scil_g6427	1.893146120459131e-08	0.0008973441994715417										Aque_Aqu2.1.41482-001;Scil_g5780	2.257130122823816e-08	3.2348683259580126e-27																								
Aque_Aqu2.1.20046-001;Scil_g8220	1.893146120459131e-08	4.2258314707064546e-07							Aque_Aqu2.1.34140-001;Scil_g5780	8.624609785310953e-08	1.8765284540336169e-31										Aque_Aqu2.1.37486-001;Scil_g8930	5.791765336917085e-10	1.6915094476803913e-05																								
Aque_Aqu2.1.37888-001;Scil_g10793	1.1074993725506151e-05	2.0956852938510657e-66							Aque_Aqu2.1.20582-001;Scil_g10732	8.257890532706147e-05	7.193105487912825e-09										Aque_Aqu2.1.20506-001;Scil_g3600	1.6399152386188063e-05	3.346928119241342e-05																								
Aque_Aqu2.1.42770-001;Scil_g3808	3.4620499776698645e-08	2.477632405306948e-20							Aque_Aqu2.1.43558-001;Scil_g11587	3.1472571512040617e-06	2.972720390467545e-07										Aque_Aqu2.1.37426-001;Scil_g5674	0.006785239769564729	0.001484591672118693																								
Aque_Aqu2.1.43688-001;Scil_g3772	4.4253445921185735e-29	0.005440731063662715							Aque_Aqu2.1.43316-001;Scil_g27	1.0512448973874985e-11	4.1755133709724224e-05										Aque_Aqu2.1.32559-001;Scil_g9886	0.0011159041547785943	0.00218801344218696																								
Aque_Aqu2.1.41935-001;Scil_g3772	5.591333443268466e-36	0.005440731063662715							Aque_Aqu2.1.30397-001;Scil_g9839	2.6826963318527086e-11	1.1355828495615424e-07										Aque_Aqu2.1.27224-001;Scil_g2125	5.542768429070787e-13	1.1882064584054088e-13																								
Aque_Aqu2.1.21251-001;Scil_g6498	4.624562609038775e-08	1.9570439316172383e-13							Aque_Aqu2.1.34344-001;Scil_g119	4.469710923167695e-16	7.156934767103602e-25										Aque_Aqu2.1.36574-001;Scil_g5628	0.0004940940652812278	0.007924718428379112																								
Aque_Aqu2.1.13160-001;Scil_g10732	4.322179295065631e-10	2.7887108393538893e-12							Aque_Aqu2.1.34476-001;Scil_g10401	1.1365096649262665e-143	4.5081208611130216e-06										Aque_Aqu2.1.28489-001;Scil_g5104	1.2639077541595553e-28	1.3385190593660316e-11																								
Aque_Aqu2.1.40329-001;Scil_g6304	3.3991245240601363e-07	0.000283003619080038							Aque_Aqu2.1.32514-001;Scil_g3906	0.00026784013402817586	0.00014453004306132745										Aque_Aqu2.1.25867-001;Scil_g8851	0.0002352162877005849	5.351413959374844e-05																								
Aque_Aqu2.1.23425-001;Scil_g3772	2.4250333501045333e-55	0.005440731063662715							Aque_Aqu2.1.38366-001;Scil_g10245	8.476009201277581e-19	0.00011047709390251427										Aque_Aqu2.1.41482-001;Scil_g11222	2.257130122823816e-08	1.1918429997624423e-07																								
Aque_Aqu2.1.13160-001;Scil_g2525	4.322179295065631e-10	1.4948396953819433e-12							Aque_Aqu2.1.20582-001;Scil_g11230	8.257890532706147e-05	6.752189230518426e-09										Aque_Aqu2.1.31379-001;Scil_g13734	3.461111847443033e-18	0.002733827425355632																								
Aque_Aqu2.1.37477-001;Scil_g6529	2.374194499162537e-23	6.2102418699259585e-15							Aque_Aqu2.1.37888-001;Scil_g8220	1.1074993725506151e-05	2.096881178298641e-07										Aque_Aqu2.1.34140-001;Scil_g1483	1.0121820050408576e-29	0.003927101518499479																								
Aque_Aqu2.1.40897-001;Scil_g10732	2.4830102528941103e-10	2.7887108393538893e-12							Aque_Aqu2.1.18353-001;Scil_g9071	2.4837792641188912e-56	8.52151132496446e-12										Aque_Aqu2.1.28497-001;Scil_g4190	6.265744639493593e-06	1.5598195515222541e-10																								
Aque_Aqu2.1.42546-001;Scil_g6498	3.5093384982538397e-07	1.9570439316172383e-13							Aque_Aqu2.1.37079-001;Scil_g9493	6.987535709667499e-114	1.2641518904156864e-10										Aque_Aqu2.1.31551-001;Scil_g1483	0.0004550419940629617	0.003927101518499479																								
Aque_Aqu2.1.40897-001;Scil_g2525	2.4830102528941103e-10	1.4948396953819433e-12							Aque_Aqu2.1.21527-001;Scil_g9859	3.1197178891564794e-07	6.901739288223604e-05										Aque_Aqu2.1.39774-001;Scil_g6550	4.144077243426737e-05	8.436147880710344e-05																								
Aque_Aqu2.1.27809-001;Scil_g4134	2.3643424405959376e-49	1.0006841847692984e-06							Aque_Aqu2.1.32514-001;Scil_g8105	0.00026784013402817586	1.062772877784191e-07										Aque_Aqu2.1.35253-001;Scil_g3056	3.5542328552532075e-13	1.3731224023390558e-07																								
Aque_Aqu2.1.32514-001;Scil_g8105	0.00026784013402817586	0.00024569700678639167							Aque_Aqu2.1.37960-001;Scil_g151	8.706435525501074e-27	6.950288179300258e-08										Aque_Aqu2.1.30867-001;Scil_g1483	1.3309245062395783e-20	0.003927101518499479																								
Aque_Aqu2.1.37574-001;Scil_g10570	2.5048026577623928e-15	0.001947656806975177							Aque_Aqu2.1.20295-001;Scil_g11230	0.0001795255504142727	6.752189230518426e-09										Aque_Aqu2.1.33635-001;Scil_g3056	0.00010669886911690847	1.3731224023390558e-07																								
Aque_Aqu2.1.38366-001;Scil_g3772	8.476009201277581e-19	0.005440731063662715							Aque_Aqu2.1.39201-001;Scil_g5203	7.815203465075636e-11	1.2104164665599568e-15										Aque_Aqu2.1.28683-001;Scil_g2789	0.007371482204497088	2.416973543624332e-07																								
Aque_Aqu2.1.34860-001;Scil_g12463	1.2852695968093314e-58	7.617144584580036e-07							Aque_Aqu2.1.28301-001;Scil_g5638	1.7962661367019432e-48	2.856567533762258e-17										Aque_Aqu2.1.38524-001;Scil_g10858	9.419406752082244e-11	0.0046343563014585734																								
Aque_Aqu2.1.41071-001;Scil_g12539	6.710109806428675e-67	1.568118773031537e-16							Aque_Aqu2.1.29482-001;Scil_g8524	0.006815611909410816	7.433438327024868e-09										Aque_Aqu2.1.33443-001;Scil_g8192	4.986367745258103e-05	1.1319454415633238e-06																								
Aque_Aqu2.1.22475-001;Scil_g2387	1.7301905088942598e-05	8.579005567455164e-07							Aque_Aqu2.1.20295-001;Scil_g3749	0.0001795255504142727	6.961884929721676e-10										Aque_Aqu2.1.37426-001;Scil_g307	0.006785239769564729	7.224369114222508e-43																								
Aque_Aqu2.1.44322-001;Scil_g1944	8.465724691870346e-08	0.00010030923517593511							Aque_Aqu2.1.30397-001;Scil_g9270	2.6826963318527086e-11	1.0728702843068072e-05										Aque_Aqu2.1.28489-001;Scil_g4190	1.2639077541595553e-28	1.5598195515222541e-10																								
Aque_Aqu2.1.41587-001;Scil_g4378	6.284211007424334e-22	0.0010101747375163477							Aque_Aqu2.1.36774-001;Scil_g8909	2.2229382265985464e-06	7.783227148594976e-18										Aque_Aqu2.1.26973-001;Scil_g3056	1.8757648248382616e-05	1.3731224023390558e-07																								
Aque_Aqu2.1.34847-001;Scil_g10889	8.200135037235447e-06	1.1186952651602976e-09							Aque_Aqu2.1.37215-001;Scil_g7490	2.213584116764362e-15	0.0022346246982454113										Aque_Aqu2.1.29098-001;Scil_g10108	0.0022163606697167436	8.192761731090963e-05																								
Aque_Aqu2.1.39902-001;Scil_g3772	9.107093425514649e-48	0.005440731063662715							Aque_Aqu2.1.18089-001;Scil_g10793	2.3222255630625573e-12	2.0933444663797696e-15										Aque_Aqu2.1.38824-001;Scil_g3056	0.0021069493728025235	1.3731224023390558e-07																								
Aque_Aqu2.1.41587-001;Scil_g1970	6.284211007424334e-22	0.0001651498010009092							Aque_Aqu2.1.27834-001;Scil_g1929	3.1136744770147465e-05	4.556145524579301e-13										Aque_Aqu2.1.42693-001;Scil_g10960	0.0018360592641156288	1.7814275668616436e-13																								
Aque_Aqu2.1.06909-001;Scil_g5906	0.0010587694104038895	6.8482127525967874e-40							Aque_Aqu2.1.16571-001;Scil_g10997	1.4059944144213117e-22	2.1670989390817364e-09										Aque_Aqu2.1.20046-001;Scil_g6427	0.00911986550103098	2.8492265485112783e-05																								
Aque_Aqu2.1.27219-001;Scil_g478	0.0010312056246895862	7.062830613054639e-10							Aque_Aqu2.1.29497-001;Scil_g208	1.613969228591092e-36	8.962654575220565e-19										Aque_Aqu2.1.37486-001;Scil_g6182	5.791765336917085e-10	0.0005505499915034545																								
Aque_Aqu2.1.43558-001;Scil_g11587	3.1472571512040617e-06	7.602918771667548e-08							Aque_Aqu2.1.43636-001;Scil_g2645	2.3857194879026892e-54	0.000820957964023692										Aque_Aqu2.1.43959-001;Scil_g6550	0.004273556452371094	8.436147880710344e-05																								
Aque_Aqu2.1.13160-001;Scil_g9535	4.322179295065631e-10	3.2631838562744626e-05							Aque_Aqu2.1.29482-001;Scil_g9453	0.006815611909410816	4.49983027371432e-20										Aque_Aqu2.1.42203-001;Scil_g8930	0.00045457418849529025	1.6915094476803913e-05																								
Aque_Aqu2.1.37888-001;Scil_g8220	1.1074993725506151e-05	4.2258314707064546e-07							Aque_Aqu2.1.30397-001;Scil_g10245	2.6826963318527086e-11	0.00011047709390251427										Aque_Aqu2.1.31926-001;Scil_g10071	3.0797200098615e-05	0.0007861273591628549																								
Aque_Aqu2.1.33950-001;Scil_g3772	2.1143479916429974e-48	0.005440731063662715							Aque_Aqu2.1.37748-001;Scil_g4955	0.006868279958800548	1.6734184458248347e-07										Aque_Aqu2.1.19531-001;Scil_g3078	2.003385743517758e-06	0.00980481125913147																								
Aque_Aqu2.1.40897-001;Scil_g9535	2.4830102528941103e-10	3.2631838562744626e-05							Aque_Aqu2.1.40744-001;Scil_g9836	0.00520906155360265	6.176616962399407e-13										Aque_Aqu2.1.44245-001;Scil_g11288	0.001577587927672461	0.0008324372874427497																								
Aque_Aqu2.1.22050-001;Scil_g2863	0.005537657694526562	1.9197003720080836e-10							Aque_Aqu2.1.23371-001;Scil_g9815	4.669598436086237e-22	9.547558698132564e-12										Aque_Aqu2.1.22423-001;Scil_g8930	0.003331405344316412	1.6915094476803913e-05																								
Aque_Aqu2.1.40411-001;Scil_g9331	2.2516488763377489e-07	1.3997922354298147e-14							Aque_Aqu2.1.33607-001;Scil_g9458	0.009804471469836694	0.0010013805112998515										Aque_Aqu2.1.41482-001;Scil_g1483	2.257130122823816e-08	0.003927101518499479																								
Aque_Aqu2.1.33607-001;Scil_g8105	0.009804471469836694	0.00024569700678639167							Aque_Aqu2.1.29099-001;Scil_g10191	0.00020858608906216777	3.8102994611248676e-05										Aque_Aqu2.1.25769-001;Scil_g2253	3.2643039449818794e-11	0.0007081689266387197																								
Aque_Aqu2.1.37888-001;Scil_g1645	1.1074993725506151e-05	0.0007832797721346886							Aque_Aqu2.1.43623-001;Scil_g8784	2.967833146368427e-22	1.0119702736435629e-08										Aque_Aqu2.1.28316-001;Scil_g6550	0.007704087900764999	8.436147880710344e-05																								
Aque_Aqu2.1.13160-001;Scil_g10570	4.322179295065631e-10	0.001947656806975177							Aque_Aqu2.1.38605-001;Scil_g12526	1.0933182551060714e-65	1.1154758359613714e-08										Aque_Aqu2.1.35253-001;Scil_g2312	3.5542328552532075e-13	0.00047418108694509317																								
Aque_Aqu2.1.22907-001;Scil_g11230	0.006919167846943937	1.6780481392070035e-17							Aque_Aqu2.1.27219-001;Scil_g478	0.0010312056246895862	0.0015094962268452875										Aque_Aqu2.1.35253-001;Scil_g9674	3.5542328552532075e-13	0.0052200748129733925																								
Aque_Aqu2.1.43507-001;Scil_g3149	5.09267464240498e-12	0.00037901084097902095							Aque_Aqu2.1.36215-001;Scil_g6570	8.25105355217579e-08	0.004020289884085298										Aque_Aqu2.1.42693-001;Scil_g8851	0.0018360592641156288	5.351413959374844e-05																								
Aque_Aqu2.1.40897-001;Scil_g10570	2.4830102528941103e-10	0.001947656806975177							Aque_Aqu2.1.20582-001;Scil_g8187	8.257890532706147e-05	5.122768024316972e-06										Aque_Aqu2.1.33635-001;Scil_g2312	0.00010669886911690847	0.00047418108694509317																								
Aque_Aqu2.1.04179-001;Scil_g4134	0.003868760252328018	1.0006841847692984e-06							Aque_Aqu2.1.34340-001;Scil_g9966	3.6337540168507325e-117	7.13546765686509e-05										Aque_Aqu2.1.42065-001;Scil_g3668	5.305955151225863e-07	0.0015627047433456468																								
Aque_Aqu2.1.29482-001;Scil_g9453	0.006815611909410816	6.387761827127926e-52							Aque_Aqu2.1.34343-001;Scil_g119	1.748816289030163e-11	7.156934767103602e-25										Aque_Aqu2.1.33635-001;Scil_g9674	0.00010669886911690847	0.0052200748129733925																								
Aque_Aqu2.1.11387-001;Scil_g8105	0.00015458593629202684	0.00024569700678639167							Aque_Aqu2.1.33607-001;Scil_g3906	0.009804471469836694	0.00014453004306132745										Aque_Aqu2.1.39703-001;Scil_g8930	0.0003983784087831898	1.6915094476803913e-05																								
Aque_Aqu2.1.22907-001;Scil_g8187	0.006919167846943937	6.325527901913702e-16							Aque_Aqu2.1.38605-001;Scil_g5218	1.0933182551060714e-65	0.00901985527774584										Aque_Aqu2.1.32720-001;Scil_g951	0.0009377164066443202	0.0017281611328304556																								
Aque_Aqu2.1.27294-001;Scil_g3772	6.379913106281972e-32	0.005440731063662715							Aque_Aqu2.1.40681-001;Scil_g9859	0.00024465280762628105	6.901739288223604e-05										Aque_Aqu2.1.41331-001;Scil_g480	0.00283942250833063	3.3439460944868425e-05																								
Aque_Aqu2.1.23796-001;Scil_g9973	4.4899166284703606e-08	2.8936436748141535e-08							Aque_Aqu2.1.34847-001;Scil_g10889	8.200135037235447e-06	2.1494979621590482e-05										Aque_Aqu2.1.41653-001;Scil_g8832	5.400992414490759e-06	2.1218703092460044e-06																								
Aque_Aqu2.1.29482-001;Scil_g8524	0.006815611909410816	8.728238982913148e-08							Aque_Aqu2.1.20295-001;Scil_g8187	0.0001795255504142727	5.122768024316972e-06										Aque_Aqu2.1.43959-001;Scil_g9827	0.004273556452371094	0.003907050406501273																								
Aque_Aqu2.1.29099-001;Scil_g10191	0.00020858608906216777	5.792917087477687e-06							Aque_Aqu2.1.41071-001;Scil_g12539	6.710109806428675e-67	1.3540956477103924e-06										Aque_Aqu2.1.40721-001;Scil_g8390	0.0002207593425700575	2.1818689402967603e-06																								
Aque_Aqu2.1.29482-001;Scil_g1645	0.006815611909410816	0.0007832797721346886							Aque_Aqu2.1.40997-001;Scil_g13119	2.3806102975701186e-10	4.114580787766922e-06										Aque_Aqu2.1.17816-001;Scil_g11222	0.004846158259488255	1.1918429997624423e-07																								
Aque_Aqu2.1.38470-001;Scil_g819	0.004861230740791713	4.543309453333806e-91							Aque_Aqu2.1.33607-001;Scil_g8105	0.009804471469836694	1.062772877784191e-07										Aque_Aqu2.1.42046-001;Scil_g9827	0.0050829425919056755	0.003907050406501273																								
									Aque_Aqu2.1.39820-001;Scil_g2822	0.00030930266620041397	0.0020745990756550255										Aque_Aqu2.1.36440-001;Scil_g1526	0.0004578582749838875	8.954324395314083e-44																								
									Aque_Aqu2.1.40905-001;Scil_g208	9.527533673684782e-19	8.962654575220565e-19										Aque_Aqu2.1.25867-001;Scil_g3056	0.0002352162877005849	1.3731224023390558e-07																								
									Aque_Aqu2.1.22907-001;Scil_g11230	0.006919167846943937	6.752189230518426e-09										Aque_Aqu2.1.38683-001;Scil_g11288	0.0026556694445690667	0.0008324372874427497																								
									Aque_Aqu2.1.37121-001;Scil_g2819	2.3401256518012982e-05	5.931358111678236e-17										Aque_Aqu2.1.26973-001;Scil_g2312	1.8757648248382616e-05	0.00047418108694509317																								
									Aque_Aqu2.1.37082-001;Scil_g4929	2.1405282321111328e-32	3.0972949568657717e-06										Aque_Aqu2.1.26973-001;Scil_g9674	1.8757648248382616e-05	0.0052200748129733925																								
									Aque_Aqu2.1.41892-001;Scil_g8192	8.326661223111995e-07	0.0001949912282733375										Aque_Aqu2.1.38824-001;Scil_g2312	0.0021069493728025235	0.00047418108694509317																								
									Aque_Aqu2.1.43423-001;Scil_g455	7.445917862680743e-110	2.738533364751584e-05										Aque_Aqu2.1.38824-001;Scil_g9674	0.0021069493728025235	0.0052200748129733925																								
									Aque_Aqu2.1.34140-001;Scil_g11222	8.624609785310953e-08	5.622898663191866e-10										Aque_Aqu2.1.37770-001;Scil_g1350	0.006518916636731035	5.359946783335865e-07																								
									Aque_Aqu2.1.43637-001;Scil_g13000	0.0001321362764028887	4.1494087152381116e-11										Aque_Aqu2.1.22984-001;Scil_g9698	0.0011070273067554314	2.3113883698117322e-11																								
									Aque_Aqu2.1.37888-001;Scil_g10793	1.1074993725506151e-05	2.0933444663797696e-15										Aque_Aqu2.1.42203-001;Scil_g6182	0.00045457418849529025	0.0005505499915034545																								
									Aque_Aqu2.1.03528-001;Scil_g2790	2.524224078298844e-07	2.5690113437899023e-11										Aque_Aqu2.1.42191-001;Scil_g9181	5.532135997102552e-06	0.0008770046269597357																								
									Aque_Aqu2.1.31586-001;Scil_g8948	6.035842798121547e-07	2.8793501475498064e-08										Aque_Aqu2.1.22423-001;Scil_g6182	0.003331405344316412	0.0005505499915034545																								
									Aque_Aqu2.1.37751-001;Scil_g10941	1.960754617020323e-08	0.0036100506686094287										Aque_Aqu2.1.43967-001;Scil_g2746	0.0024218343419702515	0.0037165158560533303																								
									Aque_Aqu2.1.40329-001;Scil_g6304	3.3991245240601363e-07	1.1937128329568013e-07										Aque_Aqu2.1.13384-001;Scil_g9815	0.008071454308217863	3.979340550056759e-15																								
									Aque_Aqu2.1.43440-001;Scil_g3916	2.966613490803621e-57	0.0008740125295349421										Aque_Aqu2.1.35781-001;Scil_g7980	0.0016572738315866653	0.007038808215312785																								
									Aque_Aqu2.1.32935-001;Scil_g3739	0.0003373941448991585	7.429533600914944e-05										Aque_Aqu2.1.17816-001;Scil_g1483	0.004846158259488255	0.003927101518499479																								
									Aque_Aqu2.1.22907-001;Scil_g8187	0.006919167846943937	5.122768024316972e-06										Aque_Aqu2.1.39703-001;Scil_g6182	0.0003983784087831898	0.0005505499915034545																								
									Aque_Aqu2.1.39113-001;Scil_g114	0.003750668404350978	1.3281438012632477e-05										Aque_Aqu2.1.41570-001;Scil_g1793	0.0006630462204027478	0.0008789781129100423																								
									Aque_Aqu2.1.34141-001;Scil_g6573	5.817801590754243e-06	1.3106976519273356e-05										Aque_Aqu2.1.42548-001;Scil_g5592	1.627868894535477e-08	0.00012069245201470799																								
									Aque_Aqu2.1.33571-001;Scil_g6869	0.0023166966783545063	2.147752615080015e-05										Aque_Aqu2.1.25867-001;Scil_g2312	0.0002352162877005849	0.00047418108694509317																								
									Aque_Aqu2.1.42770-001;Scil_g3808	3.4620499776698645e-08	8.386733852867674e-06										Aque_Aqu2.1.28109-001;Scil_g6919	2.5552647305784873e-08	0.0019296748779287587																								
									Aque_Aqu2.1.21202-001;Scil_g313	0.003244680351007417	2.1267148033355395e-08										Aque_Aqu2.1.25867-001;Scil_g9674	0.0002352162877005849	0.0052200748129733925																								
									Aque_Aqu2.1.29892-001;Scil_g2790	0.00882540214751287	2.5690113437899023e-11										Aque_Aqu2.1.24796-001;Scil_g9827	0.003967307296319479	0.003907050406501273																								
									Aque_Aqu2.1.06909-001;Scil_g5906	0.0010587694104038895	1.8287445671234054e-05										Aque_Aqu2.1.41302-001;Scil_g480	8.674583355148573e-05	3.3439460944868425e-05																								
									Aque_Aqu2.1.31388-001;Scil_g6763	0.0006755546556821743	6.296760066662512e-05										Aque_Aqu2.1.42065-001;Scil_g10015	5.305955151225863e-07	0.004885587593379574																								
									Aque_Aqu2.1.42634-001;Scil_g12034	0.007410399647017482	0.0003623909944180298										Aque_Aqu2.1.42204-001;Scil_g6182	1.4452367274558129e-06	0.0005505499915034545																								
									Aque_Aqu2.1.22415-001;Scil_g848	0.0010952786295129143	0.005927168191552973										Aque_Aqu2.1.40827-001;Scil_g7971	0.004363203127297335	0.008185259468270215																								
																					Aque_Aqu2.1.31385-001;Scil_g13734	0.0004221664291573433	0.002733827425355632																								
																					Aque_Aqu2.1.29979-001;Scil_g3316	0.005096289705461217	5.418202617826899e-08																								
