	Aque_Archaeo_1	Aque_Archaeo_2	Aque_Aspcinzin	Aque_Bactericidal	Aque_Choano_to_pinaco	Aque_Choanocytes_1	Aque_Choanocytes_2	Aque_Collagen	Aque_Pinaco_1	Aque_Pinaco_2	Aque_Sperm	Aque_Unk_1	Aque_Unk_2	Slac_0	Slac_1	Slac_10	Slac_11	Slac_12	Slac_13	Slac_14	Slac_15	Slac_16	Slac_17	Slac_18	Slac_19	Slac_2	Slac_20	Slac_21	Slac_22	Slac_23	Slac_24	Slac_25	Slac_26	Slac_27	Slac_28	Slac_29	Slac_3	Slac_30	Slac_31	Slac_32	Slac_33	Slac_34	Slac_35	Slac_36	Slac_37	Slac_38	Slac_39	Slac_4	Slac_40	Slac_41	Slac_42	Slac_5	Slac_6	Slac_7	Slac_8	Slac_9	Scil_0	Scil_1	Scil_10	Scil_11	Scil_12	Scil_13	Scil_14	Scil_15	Scil_16	Scil_17	Scil_18	Scil_19	Scil_2	Scil_20	Scil_21	Scil_22	Scil_23	Scil_24	Scil_25	Scil_26	Scil_27	Scil_28	Scil_29	Scil_3	Scil_30	Scil_31	Scil_32	Scil_4	Scil_5	Scil_6	Scil_7	Scil_8	Scil_9
Aque_Archaeo_1	0.0	0.0	0.0	0.0	0.0	0.0	0.0	0.0	0.0	0.0	0.0	0.0	0.0	0.5389521375503472	0.4649849848355688	0.057956054572297036	0.34537045793899135	0.06696746763408191	0.10168737080860064	0.007757371740004464	0.00016059574017260385	0.10922127609081018	0.021212622765830056	0.015407437507579327	0.18038063896336481	0.5311643243849137	0.09650293026013	0.47269597333075514	0.03766640022768679	0.3276156206708395	0.0008587178404774606	0.000489732914161084	0.33810225607814404	0.2084892020912555	0.2528350429270432	0.324017063340776	0.49559997351590035	0.009083349728267274	0.019680527943516386	0.001872651739101589	0.3067491152339204	0.10909700525449499	0.006325795672492691	0.03608615862472127	0.025023578334466473	0.036907746027110645	0.12640891814143873	0.0521975500078807	0.002181780015581453	0.0	0.12760760958897846	0.5404932863059002	0.524374071674097	0.08226453100118394	0.033141731111680964	0.01061316812803925	0.35422211804745535	0.04473006048639931	0.2558045355092426	0.07382242848546322	0.13233911900680484	0.058278133067560044	0.06779604433080376	0.0	0.0400736607976912	0.07503001645906952	0.08223666376025918	0.266646939069337	0.22637290546935293	0.0632772181097441	0.012979048299780558	0.055982122885780236	0.021296219269978444	0.37630573949885465	0.001984113080194481	0.021290523347155258	0.2817329723439702	0.004409431150566961	0.012035149705088578	0.2265931680720421	0.028109324225696158	0.07851066536738913	0.6353414755450271	0.3207021701498517	0.36435187564408755	0.1641477583623295	0.06359557753832204	0.2375358591224673	0.2235673439108888
Aque_Archaeo_2	0.0	0.0	0.0	0.0	0.0	0.0	0.0	0.0	0.0	0.0	0.0	0.0	0.0	0.5278619479897749	0.6434983092419666	0.06769943288505134	0.4150254722725041	0.3258640186194014	0.24288525523250487	0.0069662798720120656	0.00033611314343011286	0.3974150987272268	0.07217353609426523	0.00019326423512985245	0.33181901504314537	0.6060526398710664	0.15295323247796083	0.31913646234734916	0.1162355569839136	0.23373910881874022	0.0006458521476439505	0.0	0.2781926927093455	0.33821148283940883	0.33259063531747624	0.37581910113525885	0.4245978960082636	0.017179158924903654	0.03229442504303779	0.0035635461171305985	0.3417196745774461	0.15680336476583684	0.009772504305205557	0.036501067984766225	0.0535905985841883	0.12177830483033525	0.18492623768390742	0.03360408206378714	0.0019461203022080817	0.0	0.22806440371127445	0.4844603793472557	0.6024433183534951	0.3551495575983025	0.0657811526215751	0.0011161524701359688	0.4382694608558914	0.08175200939053054	0.3266410955962205	0.17862232527852057	0.24067566125460976	0.12183229443050436	0.1389759295892351	0.0	0.08784785650621221	0.1537664226205843	0.11274616575853565	0.014354754340912662	0.3301211180187348	0.13173518900074835	0.00014735903025389535	0.16071123317143898	0.020893714464027803	0.0018616800195240036	0.0022764835187448888	0.00403894144456324	0.09612994670381163	0.0009034555983750616	0.01753030958956973	0.32909444452679637	0.03480982671944554	0.08733914566022159	0.31645994373597197	0.3295551239893248	0.3204554701266845	0.30917793713561625	0.18410437770061858	0.29292826463461163	0.35417967509632564
Aque_Aspcinzin	0.0	0.0	0.0	0.0	0.0	0.0	0.0	0.0	0.0	0.0	0.0	0.0	0.0	0.14783942918962584	0.42851348022384544	0.19249087788001332	0.20711161235318715	0.360331295928008	0.25348293818988277	0.01560435187343979	0.016712815641943924	0.38499679708399426	0.0825377340735342	0.06404824866019851	0.28336922781872415	0.3236558879348642	0.1387462318099219	0.031485037784993106	0.20131395301392735	0.10185687636140502	0.03505966732856207	0.0028208711112645206	0.07325777640742305	0.0901297698913366	0.18628891226410088	0.1518705886103706	0.2367627563424098	0.01141159182950049	0.061799567988623384	0.06674013204840915	0.14573676196480986	0.03981462042926184	0.041746475553538664	0.009380245921718369	0.0451602242548361	0.08416784099275207	0.05382553344176551	0.3371764492712858	0.0710318203556129	0.11938758798843441	0.03062340069491489	0.08558451252958835	0.23143456461873627	0.4169435390848769	0.33422512691619366	0.22794182271270774	0.27905554565214985	0.3949568218009578	0.2078319160773568	0.35061676056379143	0.28128727296649114	0.3412726772097733	0.1120069354995901	0.0	0.17439183558778137	0.009276810251955465	0.07583438586789747	0.007784807566640954	0.5285261967774562	0.1209436336685411	0.0	0.033374773789771564	0.07222412845763518	0.0002799658043856397	0.0	0.0	0.007367591822825656	0.1211924436570569	0.05634855391312704	0.46007288545397407	0.005439374326337753	0.036424343898585954	0.026542778701706383	0.29184849172503624	0.37195146110705457	0.42294675196525705	0.4885600801374378	0.12990121363121004	0.1665726284188174
Aque_Bactericidal	0.0	0.0	0.0	0.0	0.0	0.0	0.0	0.0	0.0	0.0	0.0	0.0	0.0	0.02609264146645209	0.0016254177267533882	0.000985328281958498	0.0007924390294440436	0.00027220593584189836	0.005174531828905168	0.00048040531701650944	0.0012541207545736098	0.0021137801893546513	0.003909330567338948	0.0	0.0032074216894851294	0.003390912258910463	0.000710568516079517	0.0023375408191388704	0.00453129244906386	0.0004076200868291291	0.0	0.0021550140612978386	0.0003748034451910928	0.005517321810825351	0.0	0.0010661542460035285	0.0	0.0	0.4301116728886584	0.00129665468103798	0.0029109985207252985	0.0002606302220843721	0.0	0.004546538919507889	0.04030266889799507	0.0011550708704611626	0.0	0.006823110341452219	0.0	0.0	0.0	0.0002641015911864896	0.0056681666165042345	0.001351885854487766	0.007585539101745528	0.0058761936144753005	0.006592468019523792	0.003974973728703552	0.0014306200707068042	0.0007355785352728426	0.0	0.0015229681315549858	0.0017748287628070382	0.0	0.0007784233862790648	0.0031015627679978606	0.0011539922797537605	0.0	0.01124209202693534	0.0012814454526172325	0.06991123205490009	0.0007611159026321925	0.0002936119845607394	0.0	0.027679191945613614	0.007038863569050259	0.001234083990145623	0.0	0.0	0.006211519698076244	0.0009887788346247027	0.0	0.010684809306524757	0.0029566149285554276	0.00018457400969350697	0.003280658103453433	0.003582354923440998	0.0005175850590789786	0.001821357483246249
Aque_Choano_to_pinaco	0.0	0.0	0.0	0.0	0.0	0.0	0.0	0.0	0.0	0.0	0.0	0.0	0.0	0.0028226297610075826	0.019740901421659733	0.04084467863114537	0.009353324699964822	0.0030302607416763604	0.030803756340541937	0.023707460461983028	0.6991502719785307	0.04083102030494683	0.18242081354386935	0.003425620114570991	0.0015149678482487508	0.008119777983245787	0.005352727971612305	0.00017804841178408438	0.1492398964561678	0.0020236129497760804	0.801934609308413	0.013728376764952407	0.0012690714190057286	0.0012836829698812738	0.0031162350264092075	0.0022766700715006515	0.0011006579704240429	0.0003906819650564649	0.015504378018258744	0.471563399994759	0.00193076610812514	0.000635404386178137	0.0233148525772889	0.0390295938663988	0.05014330443830685	0.0028020260889925403	0.0005239950419009654	0.0008041232362462607	0.12667399159857082	0.005018572729206504	0.0	0.0019773482488410635	0.006354523568535509	0.014197357221504895	0.3559256681522481	0.5890093551739551	0.04411697971119506	0.055863241453493105	0.02232437857029424	0.046913813298314774	0.025208861985721177	0.029848274509938117	0.0201651414074377	0.07987390326696907	0.027013962855927786	0.0	0.0181030129261176	0.0	0.043166319068362005	0.00957129425649728	0.07809939937319467	0.002267937123631474	0.011418848985601278	0.0	0.013439409397061567	0.07925111063919418	0.0	0.00038071228992686703	0.004378395141179365	0.054085575323519576	0.012637678833330798	0.00047079072006371667	0.0	0.0275337078884821	0.018938129593231882	0.05214415751204736	0.02768035974423399	0.012355360355442681	0.02388687165783637
Aque_Choanocytes_1	0.0	0.0	0.0	0.0	0.0	0.0	0.0	0.0	0.0	0.0	0.0	0.0	0.0	0.02810008442232419	0.042514325158451424	0.17275371127117828	0.04714877407577672	0.08691207308714677	0.03903915169338936	0.04048523010827554	0.29539689900174493	0.0748366551237629	0.051019536584369606	0.1580999152811795	0.06297300665558883	0.0351161476169266	0.08385916022283686	0.014549949351778793	0.05166476448528993	0.015906939746730926	0.2464189434528706	0.657608572635284	0.016066616301647015	0.00875667017399957	0.007773787405614238	0.009276381266546941	0.0247688053575654	0.12385821936667867	0.12779754701183252	0.051384839834148655	0.01188262547652231	0.01659662320221239	0.021397972001712454	0.018227258029889483	0.03381365058640074	0.038726233376343566	0.003743653626995345	0.2978907223403807	0.047754248820647965	0.05653819784372225	0.0035520666284428173	0.023807634259814227	0.04199832954550118	0.15677507449299455	0.2926639807575829	0.31686855138016307	0.4589116573115254	0.5451173697948537	0.25709823022566874	0.18744321319050572	0.24385009736407826	0.30552496086863207	0.1382035026338509	0.009105847001344333	0.11090793817143882	0.003034998795628322	0.22956826791417165	0.0	0.41843339225757836	0.2145175768343172	4.40732925282181e-05	0.06733621019881772	0.09543029461258107	0.0	0.0	0.0	0.0007680829033005429	0.103124276358593	0.07842086509802865	0.44009054917155305	0.005391097414623595	0.035386367773244	0.004071901112820497	0.35260320236646103	0.06666797900269447	0.3330896442787065	0.22719922591458447	0.14893943664545597	0.22765863952002752
Aque_Choanocytes_2	0.0	0.0	0.0	0.0	0.0	0.0	0.0	0.0	0.0	0.0	0.0	0.0	0.0	0.03093881176068606	0.03598472490567483	0.22830796047560495	0.027922531936722127	0.06340276661192087	0.02700887182972126	0.009767506615018835	0.6383724246816436	0.057276188319750454	0.0806719070735133	0.2520310996755316	0.044235706696062804	0.03116599504790517	0.09994209922466125	0.0012443956692406951	0.07796869525959729	0.011106615684666055	0.4124040907838262	0.7795868950185472	0.005438151052269905	0.022950137981705622	0.008879211453467682	0.010556571530855647	0.020484980773551206	0.4841268875527362	0.12479647290655405	0.19874810432295112	0.009249748806396858	0.02588052337191323	0.0436947709558385	0.03288707611452694	0.05264876188667824	0.05273283234191993	0.0027292863106294857	0.3705128271972843	0.13384131174221034	0.13961214409864794	0.0	0.006397914068125054	0.030565089744914765	0.11138073437573806	0.37675111130847705	0.6201434927573062	0.3816402604989641	0.656013866792583	0.19966137648689325	0.3665226253376387	0.34052076817569105	0.4149005873867438	0.22638796779022638	0.001371597607340529	0.3526427890257985	0.020336216308526507	0.1538561059500419	0.0002471594634349988	0.43588996576862427	0.29219976413125986	0.0006705951893630946	0.0526664880359999	0.15092708941998664	0.0	0.0003033327449128487	0.003994394726003077	0.0010294138219793002	0.05404591221313393	0.1501986570630865	0.47362706330134197	0.005466929407652446	0.013935183350069453	0.0054036267476779785	0.2663045447267919	0.07825251962301587	0.4066957682923074	0.48646321391207775	0.1536378009476687	0.24336408086918176
Aque_Collagen	0.0	0.0	0.0	0.0	0.0	0.0	0.0	0.0	0.0	0.0	0.0	0.0	0.0	0.08643442339467125	0.3127346261005616	0.0459345249982636	0.06984213442404287	0.023202520977047645	0.02943532503776074	0.007489514930915065	0.0016930745852554898	0.08025052226937579	0.0008833126256272654	0.003142287605553315	0.030387956031584486	0.28309205928960457	0.046943599022868446	0.018420904601493628	0.0007352450311442542	0.01679634111466969	0.0	0.0	0.02410079720435613	0.020526609999103163	0.035477908580274796	0.032231498565656755	0.06675953103682966	0.00039905350196456433	0.0010747455033395547	0.0	0.029822000348918083	0.009873295452048937	0.0	0.0015450315745212965	0.00015811038822922545	0.008549894221466707	0.0031063008629563576	0.009293608292339333	0.0	0.0	0.0007693621434275947	0.08010003126957757	0.2489376766136707	0.04971490571423813	0.009824921018128421	0.0003361543095260389	0.12206876849815904	0.002077471189617244	0.03946442555314134	0.0012283891507180963	0.016180543888142274	0.006068354013382176	0.01124613358845591	0.00963587157849353	0.0	0.0013125622309478654	0.00351702476388733	0.0003970583692883869	0.08814902477525086	0.00988397585371505	0.0	0.012681306851464772	0.0031850369652563445	0.0	0.0	0.0	0.0	0.0005997266223760798	0.002395238867007714	0.04547595047635668	0.0010500285187150632	0.00979014797678101	0.002208508125874683	0.029916259639913456	0.0561291680304755	0.02689857075416402	0.0035606783744925297	0.02605826147198224	0.06873304759995139
Aque_Pinaco_1	0.0	0.0	0.0	0.0	0.0	0.0	0.0	0.0	0.0	0.0	0.0	0.0	0.0	0.016008943608354476	0.04773975078389705	0.5465050057149581	0.020391864037481153	0.04784779794534774	0.5280674768587065	0.910355313819761	0.4777759322656941	0.4306125277294968	0.6713774640496831	0.4568905371055492	0.04415752533688191	0.007645876227661929	0.4168946698566717	0.0013652060750662122	0.5916258413729256	0.0008248263634505487	0.0976118516187757	0.014140078532302166	0.0	0.2137739019593717	0.0009464217182923388	0.010519815636351269	0.00422435280979153	0.0013531107737945111	0.10114019390366273	0.5060541061662578	0.013297178206160188	0.005145336998493544	0.11388268988018413	0.024930148767906325	0.10699227337029946	0.007587866625800181	0.0006872088591820853	0.03221064227416564	0.1335509092647074	0.010836115504395224	0.0	0.00943153916526922	0.05391237654014688	0.11466911135172472	0.6519032641759723	0.6360083923440532	0.036194273891724624	0.0241656155613913	0.016835414403277797	0.08469063076136725	0.030946276201525947	0.033465435839254445	0.02544789196128246	0.845824689529511	0.05852204036753981	0.19204911174034234	0.01021416245510705	0.0422047914982218	0.04756022555333984	0.0050311407980494546	0.5571886668756301	0.0034204470412223333	0.00834166269870349	0.09194858637121353	0.47639778030874397	0.1727062130883225	0.0451289753040333	0.00038746689834138353	0.004755424285750935	0.04371239020884277	0.2824426186267835	0.0017399258077385887	0.009024102635496576	0.0165680161501375	0.022359782389588405	0.03460656253943297	0.07316181400772571	0.013565888795581547	0.01669106440880031
Aque_Pinaco_2	0.0	0.0	0.0	0.0	0.0	0.0	0.0	0.0	0.0	0.0	0.0	0.0	0.0	0.13315269707865268	0.08234122960955519	0.4524518528759686	0.025169460520972055	0.021128606156655596	0.5288952647272526	0.2706218892496462	0.017424747385395643	0.09040977491062126	0.17361418012339241	0.23445826089254798	0.01617391696260598	0.07167875534889988	0.27003656080044747	0.20385933274919849	0.06879532378504241	0.010935767116708794	0.007246459407519846	0.0	0.01408931568218846	0.16846089505366324	0.06031617800993784	0.026880804912849603	0.1305158072776974	0.0007261150887967399	0.017507747718983745	0.00932211100452605	0.017589668402143786	0.008815334761061683	0.25478512694219846	0.01655261749410315	0.006927571206672999	0.005163824349488181	0.0076524102185146214	0.011161839936535927	0.005746081956242792	0.0020258794831150098	0.00792745179649201	0.14021524535550997	0.07219664891507226	0.01968532123733526	0.130144544382001	0.057113739996693	0.019409074845370532	0.01058226494204423	0.00745081181831069	0.056646019378392184	0.013755396209721962	0.0053214779833114885	0.04042365191940425	0.5497402934938704	0.025652665900684934	0.16072240952304853	0.008340760635790066	0.37961371043717423	0.012483450739797602	0.004607349536846347	0.04211583447246629	0.00155735678134818	0.0064037989123241126	0.3019001538555229	0.011108739037849789	0.031007920228303336	0.34357175494341746	0.0018103287105132072	0.005947993333398673	0.014435861865073351	0.02712287200375723	0.005320677420180567	0.2830606380107304	0.009681245774926244	0.03985876071748604	0.01755933921394455	0.006928186014578114	0.024573463621368686	0.00912863481578115
Aque_Sperm	0.0	0.0	0.0	0.0	0.0	0.0	0.0	0.0	0.0	0.0	0.0	0.0	0.0	0.002439796266347789	0.0054420852012918835	0.055644409066009315	0.0008562677092206362	0.3494049048880169	0.003052794307693279	0.001276737310712908	0.0	0.03127618440209053	0.008995831870969574	0.00040673703097310045	0.18540843045486002	0.0018788497339572209	0.00217082447119546	0.0015218446501770407	0.003729150522333087	0.0011289262751216398	0.0006301689339475835	0.0017232153881399117	0.0001668027528282441	0.0006033997781788967	0.0001911478739723304	0.0	0.0	0.0010172514051584197	0.011439437626272444	0.0014079149893955292	0.0010428506565656939	0.0006089163057360901	0.019362457646619178	0.0	0.01438046236045661	0.013069607064892233	0.0	0.45211872406867704	0.001481503720999311	0.0	0.0	0.0	0.0045789403058376695	0.41773096750603916	0.029862543159264832	0.005247555095422114	0.049299808497280516	0.03094052738536302	0.011739182971932436	0.0545388948364194	0.07393096314413691	0.021223079682341904	0.007195688944292802	0.0	0.006590305296621609	0.000493165042154625	0.004550448812272294	0.0008208654769792246	0.06306515251784578	0.02146496857289571	0.0	0.4165546189685646	0.000205180016095522	0.0	0.0	0.0	0.0	0.0	0.009879614930353423	0.1324339190439682	0.00033547293084027375	0.0006688073111056155	0.015717532931357896	0.028919557004251428	0.16434927473518576	0.09347034968267978	0.00829563557189333	0.04975121447754928	0.003980506251828433
Aque_Unk_1	0.0	0.0	0.0	0.0	0.0	0.0	0.0	0.0	0.0	0.0	0.0	0.0	0.0	0.02352702075392418	0.03351968356852021	0.21083107115681007	0.019304148213368927	0.5842817153131539	0.029195456374753914	0.003628251297623701	0.00018790587373020487	0.05616197855787898	0.09627298366804109	0.0	0.2843559974928953	0.036446625398465805	0.00977377965956862	0.003595531260317921	0.009794004841989334	0.00772597549979946	0.01209057619143208	0.03944624329452846	0.007645408224864885	0.014220242922643431	0.012241191196079285	0.008219140387653213	0.020065665207347448	0.008058482848598138	0.06334535519712368	0.0018363517515221292	0.016087752919096636	0.009746943595995861	0.1182926545717864	0.0006576404067485722	0.034687366588345384	0.012781769282041718	0.002746147385793282	0.7851354297465665	0.001806240246401981	0.00013191718903254776	0.005346640511527082	0.028584142748144376	0.0647368717005066	0.6089609659230076	0.11551395525638981	0.025919972506314802	0.05179326214379391	0.026012101649559527	0.022376771051892848	0.08190112002412664	0.05028677912455033	0.016344862747456414	0.00963689886321033	0.0	0.038531079753081524	0.0222466242266921	0.018992494111519036	0.0	0.04033766057319796	0.037279240071561984	0.0011404891519395533	0.04116135264915284	0.016615494734217095	0.0	0.000287231953348811	0.0001380530359624354	6.747209612721583e-05	0.0	0.021683021682656643	0.07675719966963547	0.006483105631371852	0.0038588792635381995	0.0004033316297668444	0.07176429457103134	0.28621094814280623	0.059880727034280136	0.012796109878430342	0.04948816746593198	0.015891090092187518
Aque_Unk_2	0.0	0.0	0.0	0.0	0.0	0.0	0.0	0.0	0.0	0.0	0.0	0.0	0.0	0.007315041309272965	0.018856783298718767	0.022241868527162416	0.010858261889950035	0.006825713608805549	0.006641309315818945	0.006065358195233883	0.001453386594914028	0.017556521277204796	0.009096553440655714	0.003865045641014386	0.001869269983751531	0.015884452506636892	0.008803550875427776	0.0	0.0025237173431330905	0.001665511258214971	0.0	0.0	0.0014539409535530097	0.004279879505905823	0.0034003236042201386	0.004979747814687971	0.01672443763590491	0.00020158850782385252	0.00018272114657254634	0.0	0.0030176275102760945	0.0010497197313758429	0.006193763269704818	0.003529509272930181	0.0001849424270837695	0.004585213887427204	0.0011946676238264772	0.010445638453677106	0.00021817965409616475	0.0	0.0	0.0017176844887742484	0.003918597661520849	0.019926425666472496	0.024059664519283513	0.003735408435006192	0.010193694484857883	0.007724819959472285	0.007259554590719019	0.02242479212987455	0.00977015314543515	0.01729618138524943	0.008608864214100448	0.0	0.008837487464316528	0.0	0.0008449842772661283	0.0	0.02467393382757548	0.002395942875280096	0.0	0.00012947440832712418	0.001624487759664178	0.0	0.0	0.0	0.0	0.004954721419044279	0.0018342881791035086	0.017382551091060076	0.0	0.0010327100673744414	0.0	0.007613028539620049	0.0017768368807385242	0.013059039619018433	0.022252213099238582	0.007577589435462831	0.007707781531076656
Slac_0	0.5389521375503472	0.5278619479897749	0.14783942918962584	0.02609264146645209	0.0028226297610075826	0.02810008442232419	0.03093881176068606	0.08643442339467125	0.016008943608354476	0.13315269707865268	0.002439796266347789	0.02352702075392418	0.007315041309272965	0.0	0.0	0.0	0.0	0.0	0.0	0.0	0.0	0.0	0.0	0.0	0.0	0.0	0.0	0.0	0.0	0.0	0.0	0.0	0.0	0.0	0.0	0.0	0.0	0.0	0.0	0.0	0.0	0.0	0.0	0.0	0.0	0.0	0.0	0.0	0.0	0.0	0.0	0.0	0.0	0.0	0.0	0.0	0.30158863180563084	0.036494889614633916	0.12924675828430798	0.039259363595696525	0.10872509323413218	0.07418549467662604	0.040764495593406454	0.0	0.01198949167870396	0.055250716036010575	0.016329393282736082	0.060064147989164554	0.1663142353478106	0.04383416013068791	0.0005681962817080816	0.020481099522718028	0.010379441138091052	0.011241218627667806	0.0	0.0002720179307788823	0.014439328078762442	0.010452082021386358	0.014692951606124544	0.21330669122591517	0.004730558780712031	0.022832639396771274	0.2684676475719881	0.3315315775264371	0.1291609073471281	0.07880782988710841	0.05619530315380207	0.08863263650383715	0.09053670903633569
Slac_1	0.4649849848355688	0.6434983092419666	0.42851348022384544	0.0016254177267533882	0.019740901421659733	0.042514325158451424	0.03598472490567483	0.3127346261005616	0.04773975078389705	0.08234122960955519	0.0054420852012918835	0.03351968356852021	0.018856783298718767	0.0	0.0	0.0	0.0	0.0	0.0	0.0	0.0	0.0	0.0	0.0	0.0	0.0	0.0	0.0	0.0	0.0	0.0	0.0	0.0	0.0	0.0	0.0	0.0	0.0	0.0	0.0	0.0	0.0	0.0	0.0	0.0	0.0	0.0	0.0	0.0	0.0	0.0	0.0	0.0	0.0	0.0	0.0	0.37721165802700923	0.14609864230377465	0.2656559445840031	0.21054184664759434	0.1914370801441879	0.13867512933751233	0.1164171066898894	0.00045111612273039263	0.07821327730079355	0.03947094123590289	0.07737804089260196	0.04288505040246296	0.32748390545931116	0.10346545283774262	0.0	0.07010972008917633	0.049588329658378935	0.010621544516733125	0.0	0.0005331832491625196	0.021024366887365364	0.024135183809511296	0.04370364461766233	0.2568217201031991	0.0014400645851149272	0.04674603979091042	0.07682370617987959	0.3102722300008372	0.1864300453089826	0.20936618141420665	0.1591770895952264	0.2041949052883636	0.2522629334373575
Slac_10	0.057956054572297036	0.06769943288505134	0.19249087788001332	0.000985328281958498	0.04084467863114537	0.17275371127117828	0.22830796047560495	0.0459345249982636	0.5465050057149581	0.4524518528759686	0.055644409066009315	0.21083107115681007	0.022241868527162416	0.0	0.0	0.0	0.0	0.0	0.0	0.0	0.0	0.0	0.0	0.0	0.0	0.0	0.0	0.0	0.0	0.0	0.0	0.0	0.0	0.0	0.0	0.0	0.0	0.0	0.0	0.0	0.0	0.0	0.0	0.0	0.0	0.0	0.0	0.0	0.0	0.0	0.0	0.0	0.0	0.0	0.0	0.0	0.09553806772356413	0.09194486192652072	0.03635582252561651	0.15537905643717678	0.042745819216295236	0.05876278353589004	0.02498271266287292	0.2260010866965374	0.060958095123998024	0.18761075862551063	0.018661089089723366	0.04938746040445433	0.12345593939300255	0.03158448947825972	0.7003066220930098	0.05642635860436446	0.003190653025690012	0.08824861428970365	0.3688688208471452	0.07153163085937565	0.03973854056037458	0.7283041543451076	0.016704976080714893	0.09632446049306859	0.06561292769184582	0.0020735166040165014	0.0029209144594391258	0.04254513569243488	0.09274523213023254	0.06904518630644547	0.12413086084554434	0.024388529193809638	0.034108008583081446
Slac_11	0.34537045793899135	0.4150254722725041	0.20711161235318715	0.0007924390294440436	0.009353324699964822	0.04714877407577672	0.027922531936722127	0.06984213442404287	0.020391864037481153	0.025169460520972055	0.0008562677092206362	0.019304148213368927	0.010858261889950035	0.0	0.0	0.0	0.0	0.0	0.0	0.0	0.0	0.0	0.0	0.0	0.0	0.0	0.0	0.0	0.0	0.0	0.0	0.0	0.0	0.0	0.0	0.0	0.0	0.0	0.0	0.0	0.0	0.0	0.0	0.0	0.0	0.0	0.0	0.0	0.0	0.0	0.0	0.0	0.0	0.0	0.0	0.0	0.165820860386797	0.08738444891648944	0.11831799157229514	0.10847719673553569	0.06760980502570754	0.06009229595978991	0.01582840093856764	0.0	0.04461682644423285	0.010673150960781383	0.010687639792398819	0.004049142367707668	0.13856444845648078	0.03498547342705819	0.0	0.017949070265641874	0.009619539969316443	0.0017447787269363809	0.0	0.0	0.003983238433461444	0.0005818086340023639	0.014718054891481189	0.1775398008391273	0.001387637489117652	0.009609306667223212	0.038027035863495	0.14859214507562898	0.09149508025818716	0.05367092486243417	0.09128595080645502	0.05096161936045503	0.06535642788376027
Slac_12	0.06696746763408191	0.3258640186194014	0.360331295928008	0.00027220593584189836	0.0030302607416763604	0.08691207308714677	0.06340276661192087	0.023202520977047645	0.04784779794534774	0.021128606156655596	0.3494049048880169	0.5842817153131539	0.006825713608805549	0.0	0.0	0.0	0.0	0.0	0.0	0.0	0.0	0.0	0.0	0.0	0.0	0.0	0.0	0.0	0.0	0.0	0.0	0.0	0.0	0.0	0.0	0.0	0.0	0.0	0.0	0.0	0.0	0.0	0.0	0.0	0.0	0.0	0.0	0.0	0.0	0.0	0.0	0.0	0.0	0.0	0.0	0.0	0.23420399484395005	0.05314811812308969	0.0566513852172729	0.29167727799415955	0.07447071600328345	0.059245001880240275	0.038319556171880306	0.0	0.15429334958803512	0.4254983286802445	0.061828031838286446	0.10991801131261088	0.11113248274415341	0.04682562652889082	0.0	0.2486236851321581	0.020900694528258573	0.017065902681470582	0.00017440653397070055	0.0009128647748557047	0.07407465595133812	0.059340285270298276	0.029549658322850447	0.09151646866045533	0.00032589935217466556	0.013497737835660823	0.023689476918508645	0.11746731740937429	0.2641559323547004	0.08720659791893991	0.06566735903943567	0.07196159370566226	0.07022003483052917
Slac_13	0.10168737080860064	0.24288525523250487	0.25348293818988277	0.005174531828905168	0.030803756340541937	0.03903915169338936	0.02700887182972126	0.02943532503776074	0.5280674768587065	0.5288952647272526	0.003052794307693279	0.029195456374753914	0.006641309315818945	0.0	0.0	0.0	0.0	0.0	0.0	0.0	0.0	0.0	0.0	0.0	0.0	0.0	0.0	0.0	0.0	0.0	0.0	0.0	0.0	0.0	0.0	0.0	0.0	0.0	0.0	0.0	0.0	0.0	0.0	0.0	0.0	0.0	0.0	0.0	0.0	0.0	0.0	0.0	0.0	0.0	0.0	0.0	0.11817732369053316	0.0615444448471032	0.056317502404760286	0.18064994174900328	0.05524966616610667	0.05933812419892646	0.023989828986891063	0.24693711205539995	0.07981465033684024	0.2033980043138822	0.0070452164931259316	0.032179066177121705	0.15012606598489853	0.020998648121818154	0.4054225727162802	0.008528625136745868	0.00724118556595611	0.05196359819951425	0.3327828420051012	0.05998293677860923	0.030074177965518912	0.2574755073544269	0.02543731976398376	0.10038675449411034	0.07454883632360142	0.0056048475534199544	0.001568784894561761	0.052923922229627794	0.056640535413811366	0.07967586495891865	0.13920702334380283	0.0284788899654757	0.03684274150810482
Slac_14	0.007757371740004464	0.0069662798720120656	0.01560435187343979	0.00048040531701650944	0.023707460461983028	0.04048523010827554	0.009767506615018835	0.007489514930915065	0.910355313819761	0.2706218892496462	0.001276737310712908	0.003628251297623701	0.006065358195233883	0.0	0.0	0.0	0.0	0.0	0.0	0.0	0.0	0.0	0.0	0.0	0.0	0.0	0.0	0.0	0.0	0.0	0.0	0.0	0.0	0.0	0.0	0.0	0.0	0.0	0.0	0.0	0.0	0.0	0.0	0.0	0.0	0.0	0.0	0.0	0.0	0.0	0.0	0.0	0.0	0.0	0.0	0.0	0.015341153188286433	0.019282490841187726	0.018748112494648035	0.002716489019972916	0.00952716173725787	0.01778049826465543	0.0006082765819762834	0.9983822834015896	0.0013832743516361587	0.0	0.0007177550399729771	0.0	0.021901814589340835	0.0024887405677630286	0.009048335813493022	0.0018266212725534525	0.019909614379882208	0.0	0.006103580110468686	0.007961670031199772	0.0	0.0017757166934956811	0.004183388241485329	0.029036160674559185	0.14907064822247906	0.00038746115433919737	0.0	0.009830312256327448	0.013507938697649966	0.015074798808468551	0.024227439179437593	0.0015098220837744787	0.0038274894849442457
Slac_15	0.00016059574017260385	0.00033611314343011286	0.016712815641943924	0.0012541207545736098	0.6991502719785307	0.29539689900174493	0.6383724246816436	0.0016930745852554898	0.4777759322656941	0.017424747385395643	0.0	0.00018790587373020487	0.001453386594914028	0.0	0.0	0.0	0.0	0.0	0.0	0.0	0.0	0.0	0.0	0.0	0.0	0.0	0.0	0.0	0.0	0.0	0.0	0.0	0.0	0.0	0.0	0.0	0.0	0.0	0.0	0.0	0.0	0.0	0.0	0.0	0.0	0.0	0.0	0.0	0.0	0.0	0.0	0.0	0.0	0.0	0.0	0.0	0.02772954182459224	0.1504001332337923	0.011510017529232574	0.04062796108570478	0.037144313082250704	0.05637875627542084	0.01924741615291528	0.34253692600991065	0.04361879810314658	0.015787840509011702	0.010007566582778057	0.0	0.08404334640391391	0.027947255702330483	0.8177459811701132	0.0006838301093485976	0.008459944108702792	0.01084793377825478	0.05712138590273617	0.10332955133265997	0.0025600212332405185	0.01292522029710172	0.011505568041804358	0.06569355054422335	0.12735173238996256	0.0	0.0	0.015088026711507094	0.0010295054083313867	0.046316057246636	0.06809045457847376	0.008047748534803369	0.02182557495443487
Slac_16	0.10922127609081018	0.3974150987272268	0.38499679708399426	0.0021137801893546513	0.04083102030494683	0.0748366551237629	0.057276188319750454	0.08025052226937579	0.4306125277294968	0.09040977491062126	0.03127618440209053	0.05616197855787898	0.017556521277204796	0.0	0.0	0.0	0.0	0.0	0.0	0.0	0.0	0.0	0.0	0.0	0.0	0.0	0.0	0.0	0.0	0.0	0.0	0.0	0.0	0.0	0.0	0.0	0.0	0.0	0.0	0.0	0.0	0.0	0.0	0.0	0.0	0.0	0.0	0.0	0.0	0.0	0.0	0.0	0.0	0.0	0.0	0.0	0.20457639253110055	0.05021742320162063	0.0767394041299216	0.14580034565139713	0.05870887121199392	0.05284305079654829	0.03310630742585605	0.0443485207477645	0.0636096086725828	0.04726522062113707	0.039521910976390476	0.01935317921137873	0.19691853119804728	0.03326010653931795	0.11811265087564515	0.0318598745917544	0.015880961478612742	0.011207539169257891	0.05620744759459604	0.0368202532515939	0.010844517514559325	0.014257084173199385	0.030440417192660624	0.11112686996486165	0.03467849567198668	0.008107954241773112	0.013851054744646757	0.11761795691812535	0.09780229554529264	0.09889254587106297	0.18052255634702294	0.05491844451504239	0.061349745247032586
Slac_17	0.021212622765830056	0.07217353609426523	0.0825377340735342	0.003909330567338948	0.18242081354386935	0.051019536584369606	0.0806719070735133	0.0008833126256272654	0.6713774640496831	0.17361418012339241	0.008995831870969574	0.09627298366804109	0.009096553440655714	0.0	0.0	0.0	0.0	0.0	0.0	0.0	0.0	0.0	0.0	0.0	0.0	0.0	0.0	0.0	0.0	0.0	0.0	0.0	0.0	0.0	0.0	0.0	0.0	0.0	0.0	0.0	0.0	0.0	0.0	0.0	0.0	0.0	0.0	0.0	0.0	0.0	0.0	0.0	0.0	0.0	0.0	0.0	0.034934516921213216	0.023608526720792583	0.015846028150930416	0.031953367195000706	0.018515539978103592	0.01985089446548669	0.009448230788251678	0.08419547080461773	0.018345835263364727	0.08477396834238772	0.006153333072304044	0.0327811041477206	0.04313808509220255	0.005430968117123225	0.5189495721497999	0.017522222386478513	0.0015209774023341974	0.024873794389220986	0.8846459462146521	0.019960069938100664	0.019387297870453814	0.03573432095974472	0.009286963961209243	0.0445110730268969	0.09233995592440905	0.0004780083722286335	0.0	0.028967872903832105	0.03769115845955058	0.034095525839668364	0.0324507831325983	0.0057253749572236095	0.0120674624132011
Slac_18	0.015407437507579327	0.00019326423512985245	0.06404824866019851	0.0	0.003425620114570991	0.1580999152811795	0.2520310996755316	0.003142287605553315	0.4568905371055492	0.23445826089254798	0.00040673703097310045	0.0	0.003865045641014386	0.0	0.0	0.0	0.0	0.0	0.0	0.0	0.0	0.0	0.0	0.0	0.0	0.0	0.0	0.0	0.0	0.0	0.0	0.0	0.0	0.0	0.0	0.0	0.0	0.0	0.0	0.0	0.0	0.0	0.0	0.0	0.0	0.0	0.0	0.0	0.0	0.0	0.0	0.0	0.0	0.0	0.0	0.0	0.010779555758186992	0.09298982088844757	0.005672679314242897	0.037583124801988096	0.006410381218416685	0.026956139789513056	0.007135504084888384	0.0547352803488216	0.005556733243345864	0.07526376249649772	0.000524780361172465	0.016346158823963786	0.05788392179066544	0.004469652067087185	0.6636459025799997	0.0009267532217840733	0.0004786920487968887	0.04363580802945606	0.13850040243231126	0.02020592091943577	0.0213289556108519	0.7190590559882302	0.0012295978866531056	0.04796569143759147	0.007195953579943309	0.0	0.00021382755249744714	0.0007893261015290016	0.016012851001591055	0.026027803364855596	0.10104117467490215	0.0006074091543357796	0.003489295542807966
Slac_19	0.18038063896336481	0.33181901504314537	0.28336922781872415	0.0032074216894851294	0.0015149678482487508	0.06297300665558883	0.044235706696062804	0.030387956031584486	0.04415752533688191	0.01617391696260598	0.18540843045486002	0.2843559974928953	0.001869269983751531	0.0	0.0	0.0	0.0	0.0	0.0	0.0	0.0	0.0	0.0	0.0	0.0	0.0	0.0	0.0	0.0	0.0	0.0	0.0	0.0	0.0	0.0	0.0	0.0	0.0	0.0	0.0	0.0	0.0	0.0	0.0	0.0	0.0	0.0	0.0	0.0	0.0	0.0	0.0	0.0	0.0	0.0	0.0	0.1818310787326202	0.031222428051891987	0.03866400135323929	0.1065285405537399	0.04740175162161295	0.04248862769929308	0.014477014259642434	0.0	0.046401432139669366	0.0552414884779732	0.03795674337046563	0.03249210932061154	0.09807584496153882	0.02899930685185309	0.0	0.15250443925858814	0.009518937185057644	0.00405300070075119	0.0	0.0008159108993813023	0.014894177288535575	0.011614533169465657	0.018442624727380137	0.08927687404901384	0.00044163415090231874	0.00597959050409215	0.028645203786186672	0.09792522121491105	0.23549872519391113	0.05653186578285996	0.06228478790548324	0.051703312639028644	0.043242966458792644
Slac_2	0.5311643243849137	0.6060526398710664	0.3236558879348642	0.003390912258910463	0.008119777983245787	0.0351161476169266	0.03116599504790517	0.28309205928960457	0.007645876227661929	0.07167875534889988	0.0018788497339572209	0.036446625398465805	0.015884452506636892	0.0	0.0	0.0	0.0	0.0	0.0	0.0	0.0	0.0	0.0	0.0	0.0	0.0	0.0	0.0	0.0	0.0	0.0	0.0	0.0	0.0	0.0	0.0	0.0	0.0	0.0	0.0	0.0	0.0	0.0	0.0	0.0	0.0	0.0	0.0	0.0	0.0	0.0	0.0	0.0	0.0	0.0	0.0	0.2764830587035673	0.11085166616623843	0.19633320090161005	0.12191661260105349	0.1000208559034547	0.10500484893259161	0.08368701155168563	0.0	0.05146507119223905	0.03533800828689329	0.05866702615422044	0.01632825203710584	0.23085817631418942	0.07217000034819762	0.00014067466444388763	0.04789973453252279	0.03868648359661978	0.008111163158209997	0.0	0.0011585499117290675	0.016871517549887218	0.022173460191581066	0.04722370040370251	0.15942933907548668	0.005554951666550045	0.05030388459078371	0.13150199924654932	0.2801588881627809	0.1311928975159425	0.14283538423019548	0.14055678171281902	0.11104631651713606	0.14069549386819813
Slac_20	0.09650293026013	0.15295323247796083	0.1387462318099219	0.000710568516079517	0.005352727971612305	0.08385916022283686	0.09994209922466125	0.046943599022868446	0.4168946698566717	0.27003656080044747	0.00217082447119546	0.00977377965956862	0.008803550875427776	0.0	0.0	0.0	0.0	0.0	0.0	0.0	0.0	0.0	0.0	0.0	0.0	0.0	0.0	0.0	0.0	0.0	0.0	0.0	0.0	0.0	0.0	0.0	0.0	0.0	0.0	0.0	0.0	0.0	0.0	0.0	0.0	0.0	0.0	0.0	0.0	0.0	0.0	0.0	0.0	0.0	0.0	0.0	0.11428257226685852	0.07412189906966125	0.03964551200285531	0.08449414035406666	0.02920253658996776	0.051361371472543646	0.02463877807509183	0.042321919844841946	0.01669075444987487	0.13947077688111983	0.00787398207025866	0.014046279530248085	0.13478126753431002	0.029374305158268405	0.21931338708276882	0.008165074528401851	0.0013320427555679748	0.04531307105097505	0.09582787694615554	0.0453247510176875	0.020186217248832263	0.4286615760880929	0.012804131208894653	0.09915562011090466	0.017913226358201556	0.0006461537376231989	0.004114958588510316	0.055373250227734115	0.03616789993875395	0.06300977845583866	0.10921044006703817	0.020287328057705736	0.031867553826742834
Slac_21	0.47269597333075514	0.31913646234734916	0.031485037784993106	0.0023375408191388704	0.00017804841178408438	0.014549949351778793	0.0012443956692406951	0.018420904601493628	0.0013652060750662122	0.20385933274919849	0.0015218446501770407	0.003595531260317921	0.0	0.0	0.0	0.0	0.0	0.0	0.0	0.0	0.0	0.0	0.0	0.0	0.0	0.0	0.0	0.0	0.0	0.0	0.0	0.0	0.0	0.0	0.0	0.0	0.0	0.0	0.0	0.0	0.0	0.0	0.0	0.0	0.0	0.0	0.0	0.0	0.0	0.0	0.0	0.0	0.0	0.0	0.0	0.0	0.10059578210315981	0.016590171685729214	0.07343347172224768	0.004548851631116225	0.05847580611632945	0.025738243741179067	0.008640291519232362	0.0	0.00028646940498285457	0.00909267845974569	0.0027139992995545547	0.0030108552897339163	0.0676858751341127	0.01822313472542179	0.0	0.008776840154403649	0.0005933276530385287	0.0	0.0	0.0	0.004688165383742581	0.0007751842927109522	0.000962960287641759	0.09521922977932853	0.005827716081353498	0.002154811360931339	0.05800191017326112	0.10502096458910448	0.15442369295970118	0.041111241920108205	0.02093926358906282	0.037653776260135385	0.03451403268772994
Slac_22	0.03766640022768679	0.1162355569839136	0.20131395301392735	0.00453129244906386	0.1492398964561678	0.05166476448528993	0.07796869525959729	0.0007352450311442542	0.5916258413729256	0.06879532378504241	0.003729150522333087	0.009794004841989334	0.0025237173431330905	0.0	0.0	0.0	0.0	0.0	0.0	0.0	0.0	0.0	0.0	0.0	0.0	0.0	0.0	0.0	0.0	0.0	0.0	0.0	0.0	0.0	0.0	0.0	0.0	0.0	0.0	0.0	0.0	0.0	0.0	0.0	0.0	0.0	0.0	0.0	0.0	0.0	0.0	0.0	0.0	0.0	0.0	0.0	0.09803012070981934	0.05180656205037405	0.023891857289224865	0.059998923562413486	0.02131417203096059	0.055613297743620914	0.012303007539330463	0.07739160614341119	0.03143864459201586	0.05086044793055453	0.03023296939119785	0.01715645111241728	0.08595393553279425	0.02694362353788245	0.6332508035973932	0.010007112687596159	0.006150831003643243	0.03852450226613851	0.08064643900022758	0.04962507293762464	0.018145165779127972	0.023974198478851988	0.016710870103663088	0.09699924652939676	0.031171583348381653	0.005336320298580768	0.0005821754314711688	0.05028138253164349	0.01688089462691315	0.07819776721496684	0.09960314194056724	0.02238055209252398	0.0310436295058659
Slac_23	0.3276156206708395	0.23373910881874022	0.10185687636140502	0.0004076200868291291	0.0020236129497760804	0.015906939746730926	0.011106615684666055	0.01679634111466969	0.0008248263634505487	0.010935767116708794	0.0011289262751216398	0.00772597549979946	0.001665511258214971	0.0	0.0	0.0	0.0	0.0	0.0	0.0	0.0	0.0	0.0	0.0	0.0	0.0	0.0	0.0	0.0	0.0	0.0	0.0	0.0	0.0	0.0	0.0	0.0	0.0	0.0	0.0	0.0	0.0	0.0	0.0	0.0	0.0	0.0	0.0	0.0	0.0	0.0	0.0	0.0	0.0	0.0	0.0	0.06327229471729509	0.09479649500630419	0.07339601555864027	0.009043828530955218	0.05381483116836566	0.042378305673745356	0.002710742337936086	0.0	0.006105272963918491	0.0008053168325650083	0.0016939875220259013	0.0017241012545044902	0.08831446520986133	0.030629697503326593	0.0	0.010336351146408757	0.0035754156560142947	0.0	0.0	0.0	0.0010867079766326837	0.0	0.004987278926677835	0.16700527506749907	0.0008165591017315867	0.0019815258579636975	0.02081539025210135	0.12333146673186998	0.0656680769105458	0.026119562555009284	0.045203768676870745	0.015786767262289374	0.021902612243156545
Slac_24	0.0008587178404774606	0.0006458521476439505	0.03505966732856207	0.0	0.801934609308413	0.2464189434528706	0.4124040907838262	0.0	0.0976118516187757	0.007246459407519846	0.0006301689339475835	0.01209057619143208	0.0	0.0	0.0	0.0	0.0	0.0	0.0	0.0	0.0	0.0	0.0	0.0	0.0	0.0	0.0	0.0	0.0	0.0	0.0	0.0	0.0	0.0	0.0	0.0	0.0	0.0	0.0	0.0	0.0	0.0	0.0	0.0	0.0	0.0	0.0	0.0	0.0	0.0	0.0	0.0	0.0	0.0	0.0	0.0	0.014645932727620242	0.039136028488916744	0.001397209402471427	0.010663315568567384	0.010094852065125594	0.012370079785505668	0.003528477601143526	0.055883990555615146	0.004114219522117551	0.005498796783996081	0.002132437197505178	0.00025734800477033204	0.03436699468155105	0.01727871561377874	0.5669262386219068	0.0013174467183267925	0.0015388275125395876	0.005242029030836027	0.0014455790867636963	0.044310897723282776	0.0007684515252269006	0.0012356832656235232	0.005030296622198184	0.020822602010216122	0.05888529866983348	0.0	0.0	0.005288667493966542	0.013763163912441687	0.017704237690530582	0.029362428740669987	0.003095745248170755	0.005650507894919354
Slac_25	0.000489732914161084	0.0	0.0028208711112645206	0.0021550140612978386	0.013728376764952407	0.657608572635284	0.7795868950185472	0.0	0.014140078532302166	0.0	0.0017232153881399117	0.03944624329452846	0.0	0.0	0.0	0.0	0.0	0.0	0.0	0.0	0.0	0.0	0.0	0.0	0.0	0.0	0.0	0.0	0.0	0.0	0.0	0.0	0.0	0.0	0.0	0.0	0.0	0.0	0.0	0.0	0.0	0.0	0.0	0.0	0.0	0.0	0.0	0.0	0.0	0.0	0.0	0.0	0.0	0.0	0.0	0.0	0.09212010348525182	0.22761071838640362	0.02148856758932937	0.03130055795888252	0.06711371780188245	0.07709728210631459	0.006025311382908599	0.012614882734221478	0.009464730113802135	0.002956151424389126	0.03760264988954633	0.0	0.1050750445810624	0.04718550384134941	0.005170461677551099	0.2003305407049075	0.011573829873875585	0.004079939054087756	0.0	0.0031941848486532524	0.0017850475908625315	0.04874723317023077	0.009693005690446769	0.1447424262944311	0.0027886281953885283	0.004124725038544739	0.0	0.027791195934559344	0.044582715051993474	0.06224430889448833	0.1389272111094914	0.028317161976474225	0.01631393231358449
Slac_26	0.33810225607814404	0.2781926927093455	0.07325777640742305	0.0003748034451910928	0.0012690714190057286	0.016066616301647015	0.005438151052269905	0.02410079720435613	0.0	0.01408931568218846	0.0001668027528282441	0.007645408224864885	0.0014539409535530097	0.0	0.0	0.0	0.0	0.0	0.0	0.0	0.0	0.0	0.0	0.0	0.0	0.0	0.0	0.0	0.0	0.0	0.0	0.0	0.0	0.0	0.0	0.0	0.0	0.0	0.0	0.0	0.0	0.0	0.0	0.0	0.0	0.0	0.0	0.0	0.0	0.0	0.0	0.0	0.0	0.0	0.0	0.0	0.11001538814781682	0.03443147515402877	0.09493769029386538	0.02569080496848473	0.04641653341643094	0.0341651686145215	0.0026242927745145006	0.0	0.010569626790463239	0.004455961733085356	0.0015568544774743796	0.004555248808014447	0.07543482121407882	0.026518341526074206	0.0	0.002402091647359642	0.001186308264846715	0.0011096169103310795	0.0	0.0	0.002363530261285623	0.006775997665607837	0.004766129765757575	0.14201058306404804	0.000599469133893165	0.005697249993415986	0.020179498497256688	0.10166823466085977	0.04268986728460713	0.031105488608491598	0.03157106920235234	0.032256305294996256	0.030265811743468086
Slac_27	0.2084892020912555	0.33821148283940883	0.0901297698913366	0.005517321810825351	0.0012836829698812738	0.00875667017399957	0.022950137981705622	0.020526609999103163	0.2137739019593717	0.16846089505366324	0.0006033997781788967	0.014220242922643431	0.004279879505905823	0.0	0.0	0.0	0.0	0.0	0.0	0.0	0.0	0.0	0.0	0.0	0.0	0.0	0.0	0.0	0.0	0.0	0.0	0.0	0.0	0.0	0.0	0.0	0.0	0.0	0.0	0.0	0.0	0.0	0.0	0.0	0.0	0.0	0.0	0.0	0.0	0.0	0.0	0.0	0.0	0.0	0.0	0.0	0.13207943166439892	0.0260553372628013	0.03635991215883039	0.018194626448896665	0.02403322872628825	0.05446316814901016	0.004822991527004438	0.002850494368894391	0.006318970682556635	0.0749481803050395	0.003063216219748269	0.01977471372416508	0.09433696219829456	0.02573343309145811	0.023377767686439677	0.004890801238564566	0.0026855505250277336	0.01734858408378964	0.022973802469482885	0.009263072850457882	0.008934654599423464	0.014040313819194756	0.006120508474344128	0.1151841316056506	0.0023995797568928568	0.004228371319656017	0.018516666402526166	0.06555404173604747	0.03787238516595613	0.039080495703393156	0.04858918707737711	0.013832678192916304	0.0335240915164111
Slac_28	0.2528350429270432	0.33259063531747624	0.18628891226410088	0.0	0.0031162350264092075	0.007773787405614238	0.008879211453467682	0.035477908580274796	0.0009464217182923388	0.06031617800993784	0.0001911478739723304	0.012241191196079285	0.0034003236042201386	0.0	0.0	0.0	0.0	0.0	0.0	0.0	0.0	0.0	0.0	0.0	0.0	0.0	0.0	0.0	0.0	0.0	0.0	0.0	0.0	0.0	0.0	0.0	0.0	0.0	0.0	0.0	0.0	0.0	0.0	0.0	0.0	0.0	0.0	0.0	0.0	0.0	0.0	0.0	0.0	0.0	0.0	0.0	0.1282386936830495	0.0324340867050107	0.11591893369664626	0.018932309879760148	0.0455994262016744	0.04282533762692281	0.01465909484440434	0.0	0.004198539253393023	0.008842885004503195	0.007483967928490732	0.0025693765337606923	0.12272926548929394	0.02039969643785262	0.0	0.007199138113927575	0.005382378159364503	0.0	0.0	0.0	0.0009069443277860271	0.00023589583186698262	0.010290218242036393	0.11798259643622933	0.0	0.007770538958473428	0.0	0.12715298770111233	0.06440375205183124	0.05498358503642627	0.049879142446191155	0.0388555213535695	0.046998713989283715
Slac_29	0.324017063340776	0.37581910113525885	0.1518705886103706	0.0010661542460035285	0.0022766700715006515	0.009276381266546941	0.010556571530855647	0.032231498565656755	0.010519815636351269	0.026880804912849603	0.0	0.008219140387653213	0.004979747814687971	0.0	0.0	0.0	0.0	0.0	0.0	0.0	0.0	0.0	0.0	0.0	0.0	0.0	0.0	0.0	0.0	0.0	0.0	0.0	0.0	0.0	0.0	0.0	0.0	0.0	0.0	0.0	0.0	0.0	0.0	0.0	0.0	0.0	0.0	0.0	0.0	0.0	0.0	0.0	0.0	0.0	0.0	0.0	0.176843502718647	0.029336906825255072	0.11595357729908973	0.02873419257508466	0.04331821034439533	0.03920900118335844	0.01747328061925582	0.0	0.00901451659379216	0.0014723106832506532	0.011184724925724377	0.0017318312623229957	0.11868174368753932	0.025113786732599907	0.0	0.011714024820939058	0.005461713904168684	0.0	0.0001793651604092464	0.00028977948820602155	0.0011109704693758817	0.0015636263283622348	0.01011774066586713	0.09935124679647389	0.0007949411042604884	0.0070184021497180045	0.007705541324188822	0.15216874266672442	0.062259150490536076	0.0557065930583137	0.03335988103357611	0.0445482857156256	0.04972717793680724
Slac_3	0.49559997351590035	0.4245978960082636	0.2367627563424098	0.0	0.0011006579704240429	0.0247688053575654	0.020484980773551206	0.06675953103682966	0.00422435280979153	0.1305158072776974	0.0	0.020065665207347448	0.01672443763590491	0.0	0.0	0.0	0.0	0.0	0.0	0.0	0.0	0.0	0.0	0.0	0.0	0.0	0.0	0.0	0.0	0.0	0.0	0.0	0.0	0.0	0.0	0.0	0.0	0.0	0.0	0.0	0.0	0.0	0.0	0.0	0.0	0.0	0.0	0.0	0.0	0.0	0.0	0.0	0.0	0.0	0.0	0.0	0.3383821311328662	0.12359385044178825	0.3612286632787401	0.17086311625487952	0.28005372834351827	0.1594207499084064	0.1224005431980745	0.0	0.06423863458696688	0.001177863996727245	0.09103461215069153	0.0	0.3041378526081221	0.10270373490546861	0.0	0.063746246492434	0.024087316983246808	0.0	0.0	0.0	0.006542733205119972	0.0030196659992750303	0.031107281724728143	0.29942094937704966	0.0011185570359168407	0.11027114128498734	0.05382034624360066	0.4186617241342646	0.29441649880129706	0.24788229522129082	0.15911741017683892	0.2640101909745044	0.2672303251033286
Slac_30	0.009083349728267274	0.017179158924903654	0.01141159182950049	0.0	0.0003906819650564649	0.12385821936667867	0.4841268875527362	0.00039905350196456433	0.0013531107737945111	0.0007261150887967399	0.0010172514051584197	0.008058482848598138	0.00020158850782385252	0.0	0.0	0.0	0.0	0.0	0.0	0.0	0.0	0.0	0.0	0.0	0.0	0.0	0.0	0.0	0.0	0.0	0.0	0.0	0.0	0.0	0.0	0.0	0.0	0.0	0.0	0.0	0.0	0.0	0.0	0.0	0.0	0.0	0.0	0.0	0.0	0.0	0.0	0.0	0.0	0.0	0.0	0.0	0.124073499850416	0.047993075558448305	0.02485027855565045	0.023559142952458884	0.01894036203845021	0.04752933009589326	0.01852821207437742	0.0	0.014625059708238122	0.0	0.01966064341005512	0.0	0.12173668381903666	0.033796411339151386	0.0	0.022970251670088676	0.00118162428024794	0.0	0.0	0.0	0.0	0.007063615660037349	0.03467360729851676	0.22856462765913316	0.002009113313333181	0.0	0.0	0.09001104331713715	0.010512720140860205	0.11206440883622064	0.025173486694064606	0.0399617082969652	0.013317666518572299
Slac_31	0.019680527943516386	0.03229442504303779	0.061799567988623384	0.4301116728886584	0.015504378018258744	0.12779754701183252	0.12479647290655405	0.0010747455033395547	0.10114019390366273	0.017507747718983745	0.011439437626272444	0.06334535519712368	0.00018272114657254634	0.0	0.0	0.0	0.0	0.0	0.0	0.0	0.0	0.0	0.0	0.0	0.0	0.0	0.0	0.0	0.0	0.0	0.0	0.0	0.0	0.0	0.0	0.0	0.0	0.0	0.0	0.0	0.0	0.0	0.0	0.0	0.0	0.0	0.0	0.0	0.0	0.0	0.0	0.0	0.0	0.0	0.0	0.0	0.08381682047055598	0.13092466330728972	0.04145157975576173	0.06101653058327512	0.035484098080802745	0.03347702961638547	0.0057400886045167595	0.0025693034262072624	0.0481478438456986	0.017428571450180563	0.02996793065325217	0.0	0.07794845819297554	0.022275190112756377	0.1666083859691677	0.027062895385743836	0.0032268935814002073	0.0	0.016044674693551173	0.019634232769196135	0.0	0.0004513356248935503	0.01550539830827207	0.09044601968624313	0.002049778994728257	0.001428758200341885	0.0	0.052607248439871225	0.03704796658048099	0.03805466067899064	0.025917954529891325	0.04062603076543144	0.03742872718263234
Slac_32	0.001872651739101589	0.0035635461171305985	0.06674013204840915	0.00129665468103798	0.471563399994759	0.051384839834148655	0.19874810432295112	0.0	0.5060541061662578	0.00932211100452605	0.0014079149893955292	0.0018363517515221292	0.0	0.0	0.0	0.0	0.0	0.0	0.0	0.0	0.0	0.0	0.0	0.0	0.0	0.0	0.0	0.0	0.0	0.0	0.0	0.0	0.0	0.0	0.0	0.0	0.0	0.0	0.0	0.0	0.0	0.0	0.0	0.0	0.0	0.0	0.0	0.0	0.0	0.0	0.0	0.0	0.0	0.0	0.0	0.0	0.01836514179525834	0.04792983200499275	0.00393266705483641	0.013089915818245942	0.013510436934510239	0.026780993726153286	0.0028293320693027414	0.10711266421400537	0.009518387798070037	0.0026294561386704415	0.015363469117226757	0.0039769570245462155	0.038020759505373085	0.012527505662143468	0.7277618701348945	0.0005521522179710048	0.003919975024416192	0.028362305601332995	0.026577167530194783	0.06540626533008453	0.005972231816244684	0.004171010421638229	0.010111412352818674	0.033937609064915636	0.02224520284177493	0.0006733461529692533	0.0	0.01063957101306746	0.005041510098523128	0.04780993406080601	0.049649774780034836	0.0038832834165860677	0.00856592910329073
Slac_33	0.3067491152339204	0.3417196745774461	0.14573676196480986	0.0029109985207252985	0.00193076610812514	0.01188262547652231	0.009249748806396858	0.029822000348918083	0.013297178206160188	0.017589668402143786	0.0010428506565656939	0.016087752919096636	0.0030176275102760945	0.0	0.0	0.0	0.0	0.0	0.0	0.0	0.0	0.0	0.0	0.0	0.0	0.0	0.0	0.0	0.0	0.0	0.0	0.0	0.0	0.0	0.0	0.0	0.0	0.0	0.0	0.0	0.0	0.0	0.0	0.0	0.0	0.0	0.0	0.0	0.0	0.0	0.0	0.0	0.0	0.0	0.0	0.0	0.14017611720568615	0.02227408341089072	0.10641977323588347	0.037308316357678346	0.03726821671111782	0.0362516260693012	0.016013103854551895	0.0	0.014447339402002771	0.003484825352343411	0.009639068790947305	0.018331734186246198	0.10931968646558246	0.023388153443468652	0.0002755070638377549	0.01407172211275817	0.0020251950266061683	0.0	0.0	0.0	0.008836652466635739	0.00020252058980092984	0.008489372951094558	0.08988051648994676	0.0007561461639371336	0.008862362123092408	0.012775325685500789	0.11422569802450928	0.07894490529791222	0.051943946970035924	0.03347816305128647	0.049631374048907294	0.05101901570145061
Slac_34	0.10909700525449499	0.15680336476583684	0.03981462042926184	0.0002606302220843721	0.000635404386178137	0.01659662320221239	0.02588052337191323	0.009873295452048937	0.005145336998493544	0.008815334761061683	0.0006089163057360901	0.009746943595995861	0.0010497197313758429	0.0	0.0	0.0	0.0	0.0	0.0	0.0	0.0	0.0	0.0	0.0	0.0	0.0	0.0	0.0	0.0	0.0	0.0	0.0	0.0	0.0	0.0	0.0	0.0	0.0	0.0	0.0	0.0	0.0	0.0	0.0	0.0	0.0	0.0	0.0	0.0	0.0	0.0	0.0	0.0	0.0	0.0	0.0	0.08239020806422158	0.007625815796018977	0.05206390030117053	0.006716291015559728	0.014260005369744134	0.015483365044928171	0.01317690445136131	0.0	0.005110977437925845	0.016104940998328293	0.006987101312807327	0.0	0.0592326160603013	0.015842112897115963	0.0	0.01412743015951412	0.0033546191178138117	0.0	0.0	0.0	0.0	0.0008696609125182301	0.013584334038236315	0.045765252024504204	0.0009678158797361433	0.0013354556423961932	0.0	0.058127830038650775	0.04056019010821117	0.0476273353135811	0.012260518387365738	0.027911530889865883	0.0273386819362751
Slac_35	0.006325795672492691	0.009772504305205557	0.041746475553538664	0.0	0.0233148525772889	0.021397972001712454	0.0436947709558385	0.0	0.11388268988018413	0.25478512694219846	0.019362457646619178	0.1182926545717864	0.006193763269704818	0.0	0.0	0.0	0.0	0.0	0.0	0.0	0.0	0.0	0.0	0.0	0.0	0.0	0.0	0.0	0.0	0.0	0.0	0.0	0.0	0.0	0.0	0.0	0.0	0.0	0.0	0.0	0.0	0.0	0.0	0.0	0.0	0.0	0.0	0.0	0.0	0.0	0.0	0.0	0.0	0.0	0.0	0.0	0.035674082072710694	0.05000332730081203	0.030183212329606173	0.04184064543525855	0.03053770031650125	0.1021919175442215	0.004070036297993731	0.06509575536037088	0.022988162550199052	0.022919864616444043	0.005097415110078776	0.0	0.1087534426561686	0.016051737132041943	0.057472046029028834	0.016667230235096565	0.005633874105107678	0.0	0.0020165835535973066	0.0025676380218103223	0.0	0.0035088223327789424	0.005913019550091496	0.0869132650507827	0.006488590642177425	0.0005028821166827846	0.0	0.021732665438790977	0.04804963059393348	0.039810838649090075	0.16210766247059777	0.00851842140460882	0.023927771949042158
Slac_36	0.03608615862472127	0.036501067984766225	0.009380245921718369	0.004546538919507889	0.0390295938663988	0.018227258029889483	0.03288707611452694	0.0015450315745212965	0.024930148767906325	0.01655261749410315	0.0	0.0006576404067485722	0.003529509272930181	0.0	0.0	0.0	0.0	0.0	0.0	0.0	0.0	0.0	0.0	0.0	0.0	0.0	0.0	0.0	0.0	0.0	0.0	0.0	0.0	0.0	0.0	0.0	0.0	0.0	0.0	0.0	0.0	0.0	0.0	0.0	0.0	0.0	0.0	0.0	0.0	0.0	0.0	0.0	0.0	0.0	0.0	0.0	0.03435932473616358	0.011378120273334229	0.012569049174151132	0.003778324859883465	0.0033306946634417993	0.011676468015327311	0.005061132023548108	0.013166851221555479	0.0018517879693655229	0.0	0.000571112570888869	0.0	0.02014335631935832	0.001604476099572356	0.006938885040125476	0.0024358132183040153	0.0037143521939456163	0.0	0.00035815880544696376	0.0016505412402258806	0.0	0.0	0.0017082694657586095	0.0157466092811965	0.01127078451057806	0.0016589300645577416	0.0	0.024460987949810296	0.01039666876614434	0.014735232578591611	0.009213595539300963	0.00967466950109951	0.011303917960334623
Slac_37	0.025023578334466473	0.0535905985841883	0.0451602242548361	0.04030266889799507	0.05014330443830685	0.03381365058640074	0.05264876188667824	0.00015811038822922545	0.10699227337029946	0.006927571206672999	0.01438046236045661	0.034687366588345384	0.0001849424270837695	0.0	0.0	0.0	0.0	0.0	0.0	0.0	0.0	0.0	0.0	0.0	0.0	0.0	0.0	0.0	0.0	0.0	0.0	0.0	0.0	0.0	0.0	0.0	0.0	0.0	0.0	0.0	0.0	0.0	0.0	0.0	0.0	0.0	0.0	0.0	0.0	0.0	0.0	0.0	0.0	0.0	0.0	0.0	0.024178671846214785	0.016878537852134667	0.01651540307057678	0.04067666831508198	0.01694714702847839	0.016152180085016878	0.006843467900291046	0.015208099897121418	0.020465115647658523	0.0007441016248565877	0.009577684380923684	0.0020227862990320157	0.03381525622881608	0.006629206809122881	0.1392105343339604	0.018001508223847624	0.004297279026738413	0.0	0.0007587024485762074	0.008998702606474895	0.0010803106958222443	0.00029043723547446214	0.006615643096541631	0.028343625602168705	0.013728234739549181	0.0009945654301230379	0.0	0.024008700065653442	0.024880228769615965	0.025513862460839344	0.030788340305739965	0.010431269637292977	0.012288178341459491
Slac_38	0.036907746027110645	0.12177830483033525	0.08416784099275207	0.0011550708704611626	0.0028020260889925403	0.038726233376343566	0.05273283234191993	0.008549894221466707	0.007587866625800181	0.005163824349488181	0.013069607064892233	0.012781769282041718	0.004585213887427204	0.0	0.0	0.0	0.0	0.0	0.0	0.0	0.0	0.0	0.0	0.0	0.0	0.0	0.0	0.0	0.0	0.0	0.0	0.0	0.0	0.0	0.0	0.0	0.0	0.0	0.0	0.0	0.0	0.0	0.0	0.0	0.0	0.0	0.0	0.0	0.0	0.0	0.0	0.0	0.0	0.0	0.0	0.0	0.0689340184881927	0.02757338772146208	0.031194570545157785	0.012222944541180128	0.013715902684329007	0.01509022777066229	0.005365138529791506	0.0	0.003520979792211395	0.007425288637971131	0.0034731818415121895	0.0	0.05818692448967931	0.00949877191965612	0.0	0.008896464619987329	0.0014267339560734631	0.0	0.0	0.0	0.0	0.0044540787789890315	0.00516957681441873	0.04577312183046862	0.0	0.0027422856469953355	0.0	0.04259486876549627	0.027190050640840846	0.03044729123949789	0.02034392371517719	0.017211169457347717	0.01539704230104447
Slac_39	0.12640891814143873	0.18492623768390742	0.05382553344176551	0.0	0.0005239950419009654	0.003743653626995345	0.0027292863106294857	0.0031063008629563576	0.0006872088591820853	0.0076524102185146214	0.0	0.002746147385793282	0.0011946676238264772	0.0	0.0	0.0	0.0	0.0	0.0	0.0	0.0	0.0	0.0	0.0	0.0	0.0	0.0	0.0	0.0	0.0	0.0	0.0	0.0	0.0	0.0	0.0	0.0	0.0	0.0	0.0	0.0	0.0	0.0	0.0	0.0	0.0	0.0	0.0	0.0	0.0	0.0	0.0	0.0	0.0	0.0	0.0	0.07127518707938527	0.012450271668300764	0.05929364435482357	0.008107291358166745	0.012915719696056769	0.013172859267160771	0.004337158385194561	0.0	0.0033752992624594344	0.0005649677999885873	0.00217088343690751	0.0	0.058227372150385995	0.006151511047250145	0.0	0.0036367776588191536	0.000972219700963518	0.0	0.0	0.0	0.0	0.0001046694856215108	0.0037276948589730604	0.05947346499376919	0.0	0.0024083472758043446	0.0	0.06152374359372487	0.021180323792515814	0.022653923732748237	0.009814824330236834	0.013538935763430088	0.022653714900659934
Slac_4	0.0521975500078807	0.03360408206378714	0.3371764492712858	0.006823110341452219	0.0008041232362462607	0.2978907223403807	0.3705128271972843	0.009293608292339333	0.03221064227416564	0.011161839936535927	0.45211872406867704	0.7851354297465665	0.010445638453677106	0.0	0.0	0.0	0.0	0.0	0.0	0.0	0.0	0.0	0.0	0.0	0.0	0.0	0.0	0.0	0.0	0.0	0.0	0.0	0.0	0.0	0.0	0.0	0.0	0.0	0.0	0.0	0.0	0.0	0.0	0.0	0.0	0.0	0.0	0.0	0.0	0.0	0.0	0.0	0.0	0.0	0.0	0.0	0.38369219130187704	0.30685307861058364	0.12856044551254256	0.43076850637880454	0.30307703262115615	0.25490120068032257	0.09058950841935842	0.0003287938696777832	0.2913717332360969	0.17391793586494336	0.28812904294036196	0.03641448528018069	0.2979296593022025	0.16036821265834036	0.004175816060449764	0.3908210465918928	0.11639311677334571	0.00891229474434051	0.00011739601196646894	0.004288093261573041	0.01963012614332333	0.2605113472587949	0.1365060798837389	0.4133766639463311	0.0014213990433794908	0.023780689552546766	0.0030567514387042152	0.279419593883892	0.4428815269746976	0.3680201920730651	0.1674233013134468	0.18945011464746397	0.20821390956125393
Slac_40	0.002181780015581453	0.0019461203022080817	0.0710318203556129	0.0	0.12667399159857082	0.047754248820647965	0.13384131174221034	0.0	0.1335509092647074	0.005746081956242792	0.001481503720999311	0.001806240246401981	0.00021817965409616475	0.0	0.0	0.0	0.0	0.0	0.0	0.0	0.0	0.0	0.0	0.0	0.0	0.0	0.0	0.0	0.0	0.0	0.0	0.0	0.0	0.0	0.0	0.0	0.0	0.0	0.0	0.0	0.0	0.0	0.0	0.0	0.0	0.0	0.0	0.0	0.0	0.0	0.0	0.0	0.0	0.0	0.0	0.0	0.0012485254449113184	0.02700695462140556	0.00395250509178587	0.00420666285408829	0.003920591410268488	0.021711795458226494	0.014044814946464335	0.01171672873635087	0.007318643380850165	0.012433974223539222	0.0012870004856311728	0.0	0.03166075898735522	0.0028942666254362405	0.27730246879748766	0.0	0.0021955894760727207	0.0	0.0062400461009258475	0.003354038479575988	0.0	0.0	0.002760263472273139	0.017603673247190345	0.0021866031908217487	0.0	0.0	0.001961045962514025	0.002244312419611893	0.03541861279918236	0.07022926593747288	0.0007472810400528864	0.00105766160084381
Slac_41	0.0	0.0	0.11938758798843441	0.0	0.005018572729206504	0.05653819784372225	0.13961214409864794	0.0	0.010836115504395224	0.0020258794831150098	0.0	0.00013191718903254776	0.0	0.0	0.0	0.0	0.0	0.0	0.0	0.0	0.0	0.0	0.0	0.0	0.0	0.0	0.0	0.0	0.0	0.0	0.0	0.0	0.0	0.0	0.0	0.0	0.0	0.0	0.0	0.0	0.0	0.0	0.0	0.0	0.0	0.0	0.0	0.0	0.0	0.0	0.0	0.0	0.0	0.0	0.0	0.0	0.009910194345437797	0.01181084235458025	0.0014069241316116087	0.0	0.0005637041394718958	0.01823455640852596	0.052555113670179274	0.0	0.0	0.0	0.0	0.0	0.011845170662611638	0.00017447607985232534	0.0	0.0	0.0005297604292844379	0.0	0.0	0.0	0.0	0.0023210222648372006	0.0028373531879408538	0.010646704579308046	0.0	0.0	0.0	0.005593426934728012	0.010993968690970444	0.008625666699121562	0.044120594160733925	0.0013245781258617796	0.0034678803924734535
Slac_42	0.12760760958897846	0.22806440371127445	0.03062340069491489	0.0	0.0	0.0035520666284428173	0.0	0.0007693621434275947	0.0	0.00792745179649201	0.0	0.005346640511527082	0.0	0.0	0.0	0.0	0.0	0.0	0.0	0.0	0.0	0.0	0.0	0.0	0.0	0.0	0.0	0.0	0.0	0.0	0.0	0.0	0.0	0.0	0.0	0.0	0.0	0.0	0.0	0.0	0.0	0.0	0.0	0.0	0.0	0.0	0.0	0.0	0.0	0.0	0.0	0.0	0.0	0.0	0.0	0.0	0.075710190147149	0.003830159423657589	0.025993628775711663	0.0	0.03650919490656047	0.014502974020145998	0.0008083549395364162	0.0	0.0	0.0	0.0	0.0	0.0375611622526716	0.014753672271918919	0.0	0.0026436340970754815	0.00021315263321799367	0.0	0.0	0.0	0.0	0.0	0.0	0.08465274677868306	0.0	0.0	0.0	0.04999522372811354	0.011426847658320062	0.012139277929172156	0.004856676597105139	0.0007531573842063898	0.013641530666313961
Slac_5	0.5404932863059002	0.4844603793472557	0.08558451252958835	0.0002641015911864896	0.0019773482488410635	0.023807634259814227	0.006397914068125054	0.08010003126957757	0.00943153916526922	0.14021524535550997	0.0	0.028584142748144376	0.0017176844887742484	0.0	0.0	0.0	0.0	0.0	0.0	0.0	0.0	0.0	0.0	0.0	0.0	0.0	0.0	0.0	0.0	0.0	0.0	0.0	0.0	0.0	0.0	0.0	0.0	0.0	0.0	0.0	0.0	0.0	0.0	0.0	0.0	0.0	0.0	0.0	0.0	0.0	0.0	0.0	0.0	0.0	0.0	0.0	0.2231902816477321	0.0375128246375818	0.18982945502186802	0.1539629579497343	0.07581712740968446	0.04986338482463345	0.040065657704412845	0.0	0.06021754126218578	0.017246573845005435	0.022836084117578117	0.0015275099375464157	0.1319475546606828	0.03876633850438528	0.0	0.03779336034722827	0.009915119349401428	0.0017308908662667596	0.0	0.0	0.006939215240507904	0.0	0.009083334112945981	0.15750588614792252	0.004109864151140042	0.020014515732383668	0.06090715667625972	0.2123183398622889	0.142348557463518	0.08230298973723492	0.05910238531741543	0.07546637393489455	0.0940493312790753
Slac_6	0.524374071674097	0.6024433183534951	0.23143456461873627	0.0056681666165042345	0.006354523568535509	0.04199832954550118	0.030565089744914765	0.2489376766136707	0.05391237654014688	0.07219664891507226	0.0045789403058376695	0.0647368717005066	0.003918597661520849	0.0	0.0	0.0	0.0	0.0	0.0	0.0	0.0	0.0	0.0	0.0	0.0	0.0	0.0	0.0	0.0	0.0	0.0	0.0	0.0	0.0	0.0	0.0	0.0	0.0	0.0	0.0	0.0	0.0	0.0	0.0	0.0	0.0	0.0	0.0	0.0	0.0	0.0	0.0	0.0	0.0	0.0	0.0	0.26464694340373673	0.050455612243712	0.157009036710702	0.16331382150550897	0.06360961147905578	0.07292644898848372	0.031481220560577845	0.0007347266013036133	0.07661292040890441	0.22036752782402438	0.028151091648797526	0.043996465645244384	0.17493785816238933	0.040756718831397365	0.0028213525683633695	0.03945310495694102	0.014763582493327265	0.02438348710880841	0.006241613983304669	0.0005916405924012237	0.02847082081219829	0.01174180811803138	0.023430405345082405	0.14256010416512555	0.006817029725964893	0.02771343838337269	0.2260905492353394	0.17602742911751137	0.10096405409467843	0.08598489387758698	0.08810228811583119	0.08805753814574002	0.0798608966551454
Slac_7	0.08226453100118394	0.3551495575983025	0.4169435390848769	0.001351885854487766	0.014197357221504895	0.15677507449299455	0.11138073437573806	0.04971490571423813	0.11466911135172472	0.01968532123733526	0.41773096750603916	0.6089609659230076	0.019926425666472496	0.0	0.0	0.0	0.0	0.0	0.0	0.0	0.0	0.0	0.0	0.0	0.0	0.0	0.0	0.0	0.0	0.0	0.0	0.0	0.0	0.0	0.0	0.0	0.0	0.0	0.0	0.0	0.0	0.0	0.0	0.0	0.0	0.0	0.0	0.0	0.0	0.0	0.0	0.0	0.0	0.0	0.0	0.0	0.27065423120223314	0.10289348109077552	0.07678549548657004	0.3351553417422273	0.11335082017374862	0.11247734587041533	0.049621631704612416	0.0005059211497752613	0.151246942716627	0.1025611332715384	0.0919225604483014	0.09946603368020002	0.1727945316469541	0.062383563398237626	0.00028560310038674216	0.2647873450957094	0.04825393624848297	0.03428000594104581	0.004362658941279205	0.00279213299805579	0.07371379293784049	0.06808613095587145	0.041400269473202786	0.17359025750620957	0.00544489919138186	0.030282328507479965	0.0242406132661631	0.14903274095604493	0.3126145405769279	0.16990425016359825	0.11830831197098717	0.10701599457507516	0.12361196598063817
Slac_8	0.033141731111680964	0.0657811526215751	0.33422512691619366	0.007585539101745528	0.3559256681522481	0.2926639807575829	0.37675111130847705	0.009824921018128421	0.6519032641759723	0.130144544382001	0.029862543159264832	0.11551395525638981	0.024059664519283513	0.0	0.0	0.0	0.0	0.0	0.0	0.0	0.0	0.0	0.0	0.0	0.0	0.0	0.0	0.0	0.0	0.0	0.0	0.0	0.0	0.0	0.0	0.0	0.0	0.0	0.0	0.0	0.0	0.0	0.0	0.0	0.0	0.0	0.0	0.0	0.0	0.0	0.0	0.0	0.0	0.0	0.0	0.0	0.1531092776017	0.07402816922702132	0.037169919437871415	0.18048490368314044	0.053365053682205885	0.06775500834789573	0.026063187355544887	0.41527350734901514	0.10960510232062	0.12193979664056043	0.07690246752368694	0.1085179859521271	0.12774437780561457	0.0353203254313698	0.7793219623587256	0.038899647687803525	0.017652142748655675	0.2468507723724706	0.31468398442460316	0.2036783309250275	0.0979446644352969	0.03515289921515236	0.029997078779494545	0.09012177029560159	0.22319896881052653	0.0031476717000665936	0.0	0.07985395700432478	0.05886663840018476	0.10817591878591695	0.20256292483934576	0.044079638185771326	0.049814289842124514
Slac_9	0.01061316812803925	0.0011161524701359688	0.22794182271270774	0.0058761936144753005	0.5890093551739551	0.31686855138016307	0.6201434927573062	0.0003361543095260389	0.6360083923440532	0.057113739996693	0.005247555095422114	0.025919972506314802	0.003735408435006192	0.0	0.0	0.0	0.0	0.0	0.0	0.0	0.0	0.0	0.0	0.0	0.0	0.0	0.0	0.0	0.0	0.0	0.0	0.0	0.0	0.0	0.0	0.0	0.0	0.0	0.0	0.0	0.0	0.0	0.0	0.0	0.0	0.0	0.0	0.0	0.0	0.0	0.0	0.0	0.0	0.0	0.0	0.0	0.07879407257960491	0.23143044690278844	0.028942917597161878	0.14143993246816194	0.0801434189888265	0.0741610110506126	0.16529121976379033	0.43087186410770756	0.15888327206085914	0.06592476780972098	0.04667570016204606	0.024372841277591685	0.1058382360084043	0.04567128556934255	0.8501239507000328	0.011095911022955547	0.023117004641102938	0.07411042106165598	0.08580909478856094	0.15700749543068154	0.023759316439734553	0.013650469934353444	0.02593459212738729	0.12199818757980703	0.19538873975388985	0.0010399804974809046	0.0	0.04273283653039382	0.021623625343175933	0.09708222445192435	0.17226697280168737	0.05069889017330524	0.04032490077892596
Scil_0	0.35422211804745535	0.4382694608558914	0.27905554565214985	0.006592468019523792	0.04411697971119506	0.4589116573115254	0.3816402604989641	0.12206876849815904	0.036194273891724624	0.019409074845370532	0.049299808497280516	0.05179326214379391	0.010193694484857883	0.30158863180563084	0.37721165802700923	0.09553806772356413	0.165820860386797	0.23420399484395005	0.11817732369053316	0.015341153188286433	0.02772954182459224	0.20457639253110055	0.034934516921213216	0.010779555758186992	0.1818310787326202	0.2764830587035673	0.11428257226685852	0.10059578210315981	0.09803012070981934	0.06327229471729509	0.014645932727620242	0.09212010348525182	0.11001538814781682	0.13207943166439892	0.1282386936830495	0.176843502718647	0.3383821311328662	0.124073499850416	0.08381682047055598	0.01836514179525834	0.14017611720568615	0.08239020806422158	0.035674082072710694	0.03435932473616358	0.024178671846214785	0.0689340184881927	0.07127518707938527	0.38369219130187704	0.0012485254449113184	0.009910194345437797	0.075710190147149	0.2231902816477321	0.26464694340373673	0.27065423120223314	0.1531092776017	0.07879407257960491	0.0	0.0	0.0	0.0	0.0	0.0	0.0	0.0	0.0	0.0	0.0	0.0	0.0	0.0	0.0	0.0	0.0	0.0	0.0	0.0	0.0	0.0	0.0	0.0	0.0	0.0	0.0	0.0	0.0	0.0	0.0	0.0	0.0
Scil_1	0.04473006048639931	0.08175200939053054	0.3949568218009578	0.003974973728703552	0.055863241453493105	0.5451173697948537	0.656013866792583	0.002077471189617244	0.0241656155613913	0.01058226494204423	0.03094052738536302	0.026012101649559527	0.007724819959472285	0.036494889614633916	0.14609864230377465	0.09194486192652072	0.08738444891648944	0.05314811812308969	0.0615444448471032	0.019282490841187726	0.1504001332337923	0.05021742320162063	0.023608526720792583	0.09298982088844757	0.031222428051891987	0.11085166616623843	0.07412189906966125	0.016590171685729214	0.05180656205037405	0.09479649500630419	0.039136028488916744	0.22761071838640362	0.03443147515402877	0.0260553372628013	0.0324340867050107	0.029336906825255072	0.12359385044178825	0.047993075558448305	0.13092466330728972	0.04792983200499275	0.02227408341089072	0.007625815796018977	0.05000332730081203	0.011378120273334229	0.016878537852134667	0.02757338772146208	0.012450271668300764	0.30685307861058364	0.02700695462140556	0.01181084235458025	0.003830159423657589	0.0375128246375818	0.050455612243712	0.10289348109077552	0.07402816922702132	0.23143044690278844	0.0	0.0	0.0	0.0	0.0	0.0	0.0	0.0	0.0	0.0	0.0	0.0	0.0	0.0	0.0	0.0	0.0	0.0	0.0	0.0	0.0	0.0	0.0	0.0	0.0	0.0	0.0	0.0	0.0	0.0	0.0	0.0	0.0
Scil_10	0.2558045355092426	0.3266410955962205	0.2078319160773568	0.0014306200707068042	0.02232437857029424	0.25709823022566874	0.19966137648689325	0.03946442555314134	0.016835414403277797	0.00745081181831069	0.011739182971932436	0.022376771051892848	0.007259554590719019	0.12924675828430798	0.2656559445840031	0.03635582252561651	0.11831799157229514	0.0566513852172729	0.056317502404760286	0.018748112494648035	0.011510017529232574	0.0767394041299216	0.015846028150930416	0.005672679314242897	0.03866400135323929	0.19633320090161005	0.03964551200285531	0.07343347172224768	0.023891857289224865	0.07339601555864027	0.001397209402471427	0.02148856758932937	0.09493769029386538	0.03635991215883039	0.11591893369664626	0.11595357729908973	0.3612286632787401	0.02485027855565045	0.04145157975576173	0.00393266705483641	0.10641977323588347	0.05206390030117053	0.030183212329606173	0.012569049174151132	0.01651540307057678	0.031194570545157785	0.05929364435482357	0.12856044551254256	0.00395250509178587	0.0014069241316116087	0.025993628775711663	0.18982945502186802	0.157009036710702	0.07678549548657004	0.037169919437871415	0.028942917597161878	0.0	0.0	0.0	0.0	0.0	0.0	0.0	0.0	0.0	0.0	0.0	0.0	0.0	0.0	0.0	0.0	0.0	0.0	0.0	0.0	0.0	0.0	0.0	0.0	0.0	0.0	0.0	0.0	0.0	0.0	0.0	0.0	0.0
Scil_11	0.07382242848546322	0.17862232527852057	0.35061676056379143	0.0007355785352728426	0.046913813298314774	0.18744321319050572	0.3665226253376387	0.0012283891507180963	0.08469063076136725	0.056646019378392184	0.0545388948364194	0.08190112002412664	0.02242479212987455	0.039259363595696525	0.21054184664759434	0.15537905643717678	0.10847719673553569	0.29167727799415955	0.18064994174900328	0.002716489019972916	0.04062796108570478	0.14580034565139713	0.031953367195000706	0.037583124801988096	0.1065285405537399	0.12191661260105349	0.08449414035406666	0.004548851631116225	0.059998923562413486	0.009043828530955218	0.010663315568567384	0.03130055795888252	0.02569080496848473	0.018194626448896665	0.018932309879760148	0.02873419257508466	0.17086311625487952	0.023559142952458884	0.06101653058327512	0.013089915818245942	0.037308316357678346	0.006716291015559728	0.04184064543525855	0.003778324859883465	0.04067666831508198	0.012222944541180128	0.008107291358166745	0.43076850637880454	0.00420666285408829	0.0	0.0	0.1539629579497343	0.16331382150550897	0.3351553417422273	0.18048490368314044	0.14143993246816194	0.0	0.0	0.0	0.0	0.0	0.0	0.0	0.0	0.0	0.0	0.0	0.0	0.0	0.0	0.0	0.0	0.0	0.0	0.0	0.0	0.0	0.0	0.0	0.0	0.0	0.0	0.0	0.0	0.0	0.0	0.0	0.0	0.0
Scil_12	0.13233911900680484	0.24067566125460976	0.28128727296649114	0.0	0.025208861985721177	0.24385009736407826	0.34052076817569105	0.016180543888142274	0.030946276201525947	0.013755396209721962	0.07393096314413691	0.05028677912455033	0.00977015314543515	0.10872509323413218	0.1914370801441879	0.042745819216295236	0.06760980502570754	0.07447071600328345	0.05524966616610667	0.00952716173725787	0.037144313082250704	0.05870887121199392	0.018515539978103592	0.006410381218416685	0.04740175162161295	0.1000208559034547	0.02920253658996776	0.05847580611632945	0.02131417203096059	0.05381483116836566	0.010094852065125594	0.06711371780188245	0.04641653341643094	0.02403322872628825	0.0455994262016744	0.04331821034439533	0.28005372834351827	0.01894036203845021	0.035484098080802745	0.013510436934510239	0.03726821671111782	0.014260005369744134	0.03053770031650125	0.0033306946634417993	0.01694714702847839	0.013715902684329007	0.012915719696056769	0.30307703262115615	0.003920591410268488	0.0005637041394718958	0.03650919490656047	0.07581712740968446	0.06360961147905578	0.11335082017374862	0.053365053682205885	0.0801434189888265	0.0	0.0	0.0	0.0	0.0	0.0	0.0	0.0	0.0	0.0	0.0	0.0	0.0	0.0	0.0	0.0	0.0	0.0	0.0	0.0	0.0	0.0	0.0	0.0	0.0	0.0	0.0	0.0	0.0	0.0	0.0	0.0	0.0
Scil_13	0.058278133067560044	0.12183229443050436	0.3412726772097733	0.0015229681315549858	0.029848274509938117	0.30552496086863207	0.4149005873867438	0.006068354013382176	0.033465435839254445	0.0053214779833114885	0.021223079682341904	0.016344862747456414	0.01729618138524943	0.07418549467662604	0.13867512933751233	0.05876278353589004	0.06009229595978991	0.059245001880240275	0.05933812419892646	0.01778049826465543	0.05637875627542084	0.05284305079654829	0.01985089446548669	0.026956139789513056	0.04248862769929308	0.10500484893259161	0.051361371472543646	0.025738243741179067	0.055613297743620914	0.042378305673745356	0.012370079785505668	0.07709728210631459	0.0341651686145215	0.05446316814901016	0.04282533762692281	0.03920900118335844	0.1594207499084064	0.04752933009589326	0.03347702961638547	0.026780993726153286	0.0362516260693012	0.015483365044928171	0.1021919175442215	0.011676468015327311	0.016152180085016878	0.01509022777066229	0.013172859267160771	0.25490120068032257	0.021711795458226494	0.01823455640852596	0.014502974020145998	0.04986338482463345	0.07292644898848372	0.11247734587041533	0.06775500834789573	0.0741610110506126	0.0	0.0	0.0	0.0	0.0	0.0	0.0	0.0	0.0	0.0	0.0	0.0	0.0	0.0	0.0	0.0	0.0	0.0	0.0	0.0	0.0	0.0	0.0	0.0	0.0	0.0	0.0	0.0	0.0	0.0	0.0	0.0	0.0
Scil_14	0.06779604433080376	0.1389759295892351	0.1120069354995901	0.0017748287628070382	0.0201651414074377	0.1382035026338509	0.22638796779022638	0.01124613358845591	0.02544789196128246	0.04042365191940425	0.007195688944292802	0.00963689886321033	0.008608864214100448	0.040764495593406454	0.1164171066898894	0.02498271266287292	0.01582840093856764	0.038319556171880306	0.023989828986891063	0.0006082765819762834	0.01924741615291528	0.03310630742585605	0.009448230788251678	0.007135504084888384	0.014477014259642434	0.08368701155168563	0.02463877807509183	0.008640291519232362	0.012303007539330463	0.002710742337936086	0.003528477601143526	0.006025311382908599	0.0026242927745145006	0.004822991527004438	0.01465909484440434	0.01747328061925582	0.1224005431980745	0.01852821207437742	0.0057400886045167595	0.0028293320693027414	0.016013103854551895	0.01317690445136131	0.004070036297993731	0.005061132023548108	0.006843467900291046	0.005365138529791506	0.004337158385194561	0.09058950841935842	0.014044814946464335	0.052555113670179274	0.0008083549395364162	0.040065657704412845	0.031481220560577845	0.049621631704612416	0.026063187355544887	0.16529121976379033	0.0	0.0	0.0	0.0	0.0	0.0	0.0	0.0	0.0	0.0	0.0	0.0	0.0	0.0	0.0	0.0	0.0	0.0	0.0	0.0	0.0	0.0	0.0	0.0	0.0	0.0	0.0	0.0	0.0	0.0	0.0	0.0	0.0
Scil_15	0.0	0.0	0.0	0.0	0.07987390326696907	0.009105847001344333	0.001371597607340529	0.00963587157849353	0.845824689529511	0.5497402934938704	0.0	0.0	0.0	0.0	0.00045111612273039263	0.2260010866965374	0.0	0.0	0.24693711205539995	0.9983822834015896	0.34253692600991065	0.0443485207477645	0.08419547080461773	0.0547352803488216	0.0	0.0	0.042321919844841946	0.0	0.07739160614341119	0.0	0.055883990555615146	0.012614882734221478	0.0	0.002850494368894391	0.0	0.0	0.0	0.0	0.0025693034262072624	0.10711266421400537	0.0	0.0	0.06509575536037088	0.013166851221555479	0.015208099897121418	0.0	0.0	0.0003287938696777832	0.01171672873635087	0.0	0.0	0.0	0.0007347266013036133	0.0005059211497752613	0.41527350734901514	0.43087186410770756	0.0	0.0	0.0	0.0	0.0	0.0	0.0	0.0	0.0	0.0	0.0	0.0	0.0	0.0	0.0	0.0	0.0	0.0	0.0	0.0	0.0	0.0	0.0	0.0	0.0	0.0	0.0	0.0	0.0	0.0	0.0	0.0	0.0
Scil_16	0.0400736607976912	0.08784785650621221	0.17439183558778137	0.0007784233862790648	0.027013962855927786	0.11090793817143882	0.3526427890257985	0.0	0.05852204036753981	0.025652665900684934	0.006590305296621609	0.038531079753081524	0.008837487464316528	0.01198949167870396	0.07821327730079355	0.060958095123998024	0.04461682644423285	0.15429334958803512	0.07981465033684024	0.0013832743516361587	0.04361879810314658	0.0636096086725828	0.018345835263364727	0.005556733243345864	0.046401432139669366	0.05146507119223905	0.01669075444987487	0.00028646940498285457	0.03143864459201586	0.006105272963918491	0.004114219522117551	0.009464730113802135	0.010569626790463239	0.006318970682556635	0.004198539253393023	0.00901451659379216	0.06423863458696688	0.014625059708238122	0.0481478438456986	0.009518387798070037	0.014447339402002771	0.005110977437925845	0.022988162550199052	0.0018517879693655229	0.020465115647658523	0.003520979792211395	0.0033752992624594344	0.2913717332360969	0.007318643380850165	0.0	0.0	0.06021754126218578	0.07661292040890441	0.151246942716627	0.10960510232062	0.15888327206085914	0.0	0.0	0.0	0.0	0.0	0.0	0.0	0.0	0.0	0.0	0.0	0.0	0.0	0.0	0.0	0.0	0.0	0.0	0.0	0.0	0.0	0.0	0.0	0.0	0.0	0.0	0.0	0.0	0.0	0.0	0.0	0.0	0.0
Scil_17	0.07503001645906952	0.1537664226205843	0.009276810251955465	0.0031015627679978606	0.0	0.003034998795628322	0.020336216308526507	0.0013125622309478654	0.19204911174034234	0.16072240952304853	0.000493165042154625	0.0222466242266921	0.0	0.055250716036010575	0.03947094123590289	0.18761075862551063	0.010673150960781383	0.4254983286802445	0.2033980043138822	0.0	0.015787840509011702	0.04726522062113707	0.08477396834238772	0.07526376249649772	0.0552414884779732	0.03533800828689329	0.13947077688111983	0.00909267845974569	0.05086044793055453	0.0008053168325650083	0.005498796783996081	0.002956151424389126	0.004455961733085356	0.0749481803050395	0.008842885004503195	0.0014723106832506532	0.001177863996727245	0.0	0.017428571450180563	0.0026294561386704415	0.003484825352343411	0.016104940998328293	0.022919864616444043	0.0	0.0007441016248565877	0.007425288637971131	0.0005649677999885873	0.17391793586494336	0.012433974223539222	0.0	0.0	0.017246573845005435	0.22036752782402438	0.1025611332715384	0.12193979664056043	0.06592476780972098	0.0	0.0	0.0	0.0	0.0	0.0	0.0	0.0	0.0	0.0	0.0	0.0	0.0	0.0	0.0	0.0	0.0	0.0	0.0	0.0	0.0	0.0	0.0	0.0	0.0	0.0	0.0	0.0	0.0	0.0	0.0	0.0	0.0
Scil_18	0.08223666376025918	0.11274616575853565	0.07583438586789747	0.0011539922797537605	0.0181030129261176	0.22956826791417165	0.1538561059500419	0.00351702476388733	0.01021416245510705	0.008340760635790066	0.004550448812272294	0.018992494111519036	0.0008449842772661283	0.016329393282736082	0.07737804089260196	0.018661089089723366	0.010687639792398819	0.061828031838286446	0.0070452164931259316	0.0007177550399729771	0.010007566582778057	0.039521910976390476	0.006153333072304044	0.000524780361172465	0.03795674337046563	0.05866702615422044	0.00787398207025866	0.0027139992995545547	0.03023296939119785	0.0016939875220259013	0.002132437197505178	0.03760264988954633	0.0015568544774743796	0.003063216219748269	0.007483967928490732	0.011184724925724377	0.09103461215069153	0.01966064341005512	0.02996793065325217	0.015363469117226757	0.009639068790947305	0.006987101312807327	0.005097415110078776	0.000571112570888869	0.009577684380923684	0.0034731818415121895	0.00217088343690751	0.28812904294036196	0.0012870004856311728	0.0	0.0	0.022836084117578117	0.028151091648797526	0.0919225604483014	0.07690246752368694	0.04667570016204606	0.0	0.0	0.0	0.0	0.0	0.0	0.0	0.0	0.0	0.0	0.0	0.0	0.0	0.0	0.0	0.0	0.0	0.0	0.0	0.0	0.0	0.0	0.0	0.0	0.0	0.0	0.0	0.0	0.0	0.0	0.0	0.0	0.0
Scil_19	0.266646939069337	0.014354754340912662	0.007784807566640954	0.0	0.0	0.0	0.0002471594634349988	0.0003970583692883869	0.0422047914982218	0.37961371043717423	0.0008208654769792246	0.0	0.0	0.060064147989164554	0.04288505040246296	0.04938746040445433	0.004049142367707668	0.10991801131261088	0.032179066177121705	0.0	0.0	0.01935317921137873	0.0327811041477206	0.016346158823963786	0.03249210932061154	0.01632825203710584	0.014046279530248085	0.0030108552897339163	0.01715645111241728	0.0017241012545044902	0.00025734800477033204	0.0	0.004555248808014447	0.01977471372416508	0.0025693765337606923	0.0017318312623229957	0.0	0.0	0.0	0.0039769570245462155	0.018331734186246198	0.0	0.0	0.0	0.0020227862990320157	0.0	0.0	0.03641448528018069	0.0	0.0	0.0	0.0015275099375464157	0.043996465645244384	0.09946603368020002	0.1085179859521271	0.024372841277591685	0.0	0.0	0.0	0.0	0.0	0.0	0.0	0.0	0.0	0.0	0.0	0.0	0.0	0.0	0.0	0.0	0.0	0.0	0.0	0.0	0.0	0.0	0.0	0.0	0.0	0.0	0.0	0.0	0.0	0.0	0.0	0.0	0.0
Scil_2	0.22637290546935293	0.3301211180187348	0.5285261967774562	0.01124209202693534	0.043166319068362005	0.41843339225757836	0.43588996576862427	0.08814902477525086	0.04756022555333984	0.012483450739797602	0.06306515251784578	0.04033766057319796	0.02467393382757548	0.1663142353478106	0.32748390545931116	0.12345593939300255	0.13856444845648078	0.11113248274415341	0.15012606598489853	0.021901814589340835	0.08404334640391391	0.19691853119804728	0.04313808509220255	0.05788392179066544	0.09807584496153882	0.23085817631418942	0.13478126753431002	0.0676858751341127	0.08595393553279425	0.08831446520986133	0.03436699468155105	0.1050750445810624	0.07543482121407882	0.09433696219829456	0.12272926548929394	0.11868174368753932	0.3041378526081221	0.12173668381903666	0.07794845819297554	0.038020759505373085	0.10931968646558246	0.0592326160603013	0.1087534426561686	0.02014335631935832	0.03381525622881608	0.05818692448967931	0.058227372150385995	0.2979296593022025	0.03166075898735522	0.011845170662611638	0.0375611622526716	0.1319475546606828	0.17493785816238933	0.1727945316469541	0.12774437780561457	0.1058382360084043	0.0	0.0	0.0	0.0	0.0	0.0	0.0	0.0	0.0	0.0	0.0	0.0	0.0	0.0	0.0	0.0	0.0	0.0	0.0	0.0	0.0	0.0	0.0	0.0	0.0	0.0	0.0	0.0	0.0	0.0	0.0	0.0	0.0
Scil_20	0.0632772181097441	0.13173518900074835	0.1209436336685411	0.0012814454526172325	0.00957129425649728	0.2145175768343172	0.29219976413125986	0.00988397585371505	0.0050311407980494546	0.004607349536846347	0.02146496857289571	0.037279240071561984	0.002395942875280096	0.04383416013068791	0.10346545283774262	0.03158448947825972	0.03498547342705819	0.04682562652889082	0.020998648121818154	0.0024887405677630286	0.027947255702330483	0.03326010653931795	0.005430968117123225	0.004469652067087185	0.02899930685185309	0.07217000034819762	0.029374305158268405	0.01822313472542179	0.02694362353788245	0.030629697503326593	0.01727871561377874	0.04718550384134941	0.026518341526074206	0.02573343309145811	0.02039969643785262	0.025113786732599907	0.10270373490546861	0.033796411339151386	0.022275190112756377	0.012527505662143468	0.023388153443468652	0.015842112897115963	0.016051737132041943	0.001604476099572356	0.006629206809122881	0.00949877191965612	0.006151511047250145	0.16036821265834036	0.0028942666254362405	0.00017447607985232534	0.014753672271918919	0.03876633850438528	0.040756718831397365	0.062383563398237626	0.0353203254313698	0.04567128556934255	0.0	0.0	0.0	0.0	0.0	0.0	0.0	0.0	0.0	0.0	0.0	0.0	0.0	0.0	0.0	0.0	0.0	0.0	0.0	0.0	0.0	0.0	0.0	0.0	0.0	0.0	0.0	0.0	0.0	0.0	0.0	0.0	0.0
Scil_21	0.012979048299780558	0.00014735903025389535	0.0	0.06991123205490009	0.07809939937319467	4.40732925282181e-05	0.0006705951893630946	0.0	0.5571886668756301	0.04211583447246629	0.0	0.0011404891519395533	0.0	0.0005681962817080816	0.0	0.7003066220930098	0.0	0.0	0.4054225727162802	0.009048335813493022	0.8177459811701132	0.11811265087564515	0.5189495721497999	0.6636459025799997	0.0	0.00014067466444388763	0.21931338708276882	0.0	0.6332508035973932	0.0	0.5669262386219068	0.005170461677551099	0.0	0.023377767686439677	0.0	0.0	0.0	0.0	0.1666083859691677	0.7277618701348945	0.0002755070638377549	0.0	0.057472046029028834	0.006938885040125476	0.1392105343339604	0.0	0.0	0.004175816060449764	0.27730246879748766	0.0	0.0	0.0	0.0028213525683633695	0.00028560310038674216	0.7793219623587256	0.8501239507000328	0.0	0.0	0.0	0.0	0.0	0.0	0.0	0.0	0.0	0.0	0.0	0.0	0.0	0.0	0.0	0.0	0.0	0.0	0.0	0.0	0.0	0.0	0.0	0.0	0.0	0.0	0.0	0.0	0.0	0.0	0.0	0.0	0.0
Scil_22	0.055982122885780236	0.16071123317143898	0.033374773789771564	0.0007611159026321925	0.002267937123631474	0.06733621019881772	0.0526664880359999	0.012681306851464772	0.0034204470412223333	0.00155735678134818	0.4165546189685646	0.04116135264915284	0.00012947440832712418	0.020481099522718028	0.07010972008917633	0.05642635860436446	0.017949070265641874	0.2486236851321581	0.008528625136745868	0.0018266212725534525	0.0006838301093485976	0.0318598745917544	0.017522222386478513	0.0009267532217840733	0.15250443925858814	0.04789973453252279	0.008165074528401851	0.008776840154403649	0.010007112687596159	0.010336351146408757	0.0013174467183267925	0.2003305407049075	0.002402091647359642	0.004890801238564566	0.007199138113927575	0.011714024820939058	0.063746246492434	0.022970251670088676	0.027062895385743836	0.0005521522179710048	0.01407172211275817	0.01412743015951412	0.016667230235096565	0.0024358132183040153	0.018001508223847624	0.008896464619987329	0.0036367776588191536	0.3908210465918928	0.0	0.0	0.0026436340970754815	0.03779336034722827	0.03945310495694102	0.2647873450957094	0.038899647687803525	0.011095911022955547	0.0	0.0	0.0	0.0	0.0	0.0	0.0	0.0	0.0	0.0	0.0	0.0	0.0	0.0	0.0	0.0	0.0	0.0	0.0	0.0	0.0	0.0	0.0	0.0	0.0	0.0	0.0	0.0	0.0	0.0	0.0	0.0	0.0
Scil_23	0.021296219269978444	0.020893714464027803	0.07222412845763518	0.0002936119845607394	0.011418848985601278	0.09543029461258107	0.15092708941998664	0.0031850369652563445	0.00834166269870349	0.0064037989123241126	0.000205180016095522	0.016615494734217095	0.001624487759664178	0.010379441138091052	0.049588329658378935	0.003190653025690012	0.009619539969316443	0.020900694528258573	0.00724118556595611	0.019909614379882208	0.008459944108702792	0.015880961478612742	0.0015209774023341974	0.0004786920487968887	0.009518937185057644	0.03868648359661978	0.0013320427555679748	0.0005933276530385287	0.006150831003643243	0.0035754156560142947	0.0015388275125395876	0.011573829873875585	0.001186308264846715	0.0026855505250277336	0.005382378159364503	0.005461713904168684	0.024087316983246808	0.00118162428024794	0.0032268935814002073	0.003919975024416192	0.0020251950266061683	0.0033546191178138117	0.005633874105107678	0.0037143521939456163	0.004297279026738413	0.0014267339560734631	0.000972219700963518	0.11639311677334571	0.0021955894760727207	0.0005297604292844379	0.00021315263321799367	0.009915119349401428	0.014763582493327265	0.04825393624848297	0.017652142748655675	0.023117004641102938	0.0	0.0	0.0	0.0	0.0	0.0	0.0	0.0	0.0	0.0	0.0	0.0	0.0	0.0	0.0	0.0	0.0	0.0	0.0	0.0	0.0	0.0	0.0	0.0	0.0	0.0	0.0	0.0	0.0	0.0	0.0	0.0	0.0
Scil_24	0.37630573949885465	0.0018616800195240036	0.0002799658043856397	0.0	0.0	0.0	0.0	0.0	0.09194858637121353	0.3019001538555229	0.0	0.0	0.0	0.011241218627667806	0.010621544516733125	0.08824861428970365	0.0017447787269363809	0.017065902681470582	0.05196359819951425	0.0	0.01084793377825478	0.011207539169257891	0.024873794389220986	0.04363580802945606	0.00405300070075119	0.008111163158209997	0.04531307105097505	0.0	0.03852450226613851	0.0	0.005242029030836027	0.004079939054087756	0.0011096169103310795	0.01734858408378964	0.0	0.0	0.0	0.0	0.0	0.028362305601332995	0.0	0.0	0.0	0.0	0.0	0.0	0.0	0.00891229474434051	0.0	0.0	0.0	0.0017308908662667596	0.02438348710880841	0.03428000594104581	0.2468507723724706	0.07411042106165598	0.0	0.0	0.0	0.0	0.0	0.0	0.0	0.0	0.0	0.0	0.0	0.0	0.0	0.0	0.0	0.0	0.0	0.0	0.0	0.0	0.0	0.0	0.0	0.0	0.0	0.0	0.0	0.0	0.0	0.0	0.0	0.0	0.0
Scil_25	0.001984113080194481	0.0022764835187448888	0.0	0.027679191945613614	0.013439409397061567	0.0	0.0003033327449128487	0.0	0.47639778030874397	0.011108739037849789	0.0	0.000287231953348811	0.0	0.0	0.0	0.3688688208471452	0.0	0.00017440653397070055	0.3327828420051012	0.006103580110468686	0.05712138590273617	0.05620744759459604	0.8846459462146521	0.13850040243231126	0.0	0.0	0.09582787694615554	0.0	0.08064643900022758	0.0	0.0014455790867636963	0.0	0.0	0.022973802469482885	0.0	0.0001793651604092464	0.0	0.0	0.016044674693551173	0.026577167530194783	0.0	0.0	0.0020165835535973066	0.00035815880544696376	0.0007587024485762074	0.0	0.0	0.00011739601196646894	0.0062400461009258475	0.0	0.0	0.0	0.006241613983304669	0.004362658941279205	0.31468398442460316	0.08580909478856094	0.0	0.0	0.0	0.0	0.0	0.0	0.0	0.0	0.0	0.0	0.0	0.0	0.0	0.0	0.0	0.0	0.0	0.0	0.0	0.0	0.0	0.0	0.0	0.0	0.0	0.0	0.0	0.0	0.0	0.0	0.0	0.0	0.0
Scil_26	0.021290523347155258	0.00403894144456324	0.0	0.007038863569050259	0.07925111063919418	0.0	0.003994394726003077	0.0	0.1727062130883225	0.031007920228303336	0.0	0.0001380530359624354	0.0	0.0002720179307788823	0.0005331832491625196	0.07153163085937565	0.0	0.0009128647748557047	0.05998293677860923	0.007961670031199772	0.10332955133265997	0.0368202532515939	0.019960069938100664	0.02020592091943577	0.0008159108993813023	0.0011585499117290675	0.0453247510176875	0.0	0.04962507293762464	0.0	0.044310897723282776	0.0031941848486532524	0.0	0.009263072850457882	0.0	0.00028977948820602155	0.0	0.0	0.019634232769196135	0.06540626533008453	0.0	0.0	0.0025676380218103223	0.0016505412402258806	0.008998702606474895	0.0	0.0	0.004288093261573041	0.003354038479575988	0.0	0.0	0.0	0.0005916405924012237	0.00279213299805579	0.2036783309250275	0.15700749543068154	0.0	0.0	0.0	0.0	0.0	0.0	0.0	0.0	0.0	0.0	0.0	0.0	0.0	0.0	0.0	0.0	0.0	0.0	0.0	0.0	0.0	0.0	0.0	0.0	0.0	0.0	0.0	0.0	0.0	0.0	0.0	0.0	0.0
Scil_27	0.2817329723439702	0.09612994670381163	0.007367591822825656	0.001234083990145623	0.0	0.0007680829033005429	0.0010294138219793002	0.0	0.0451289753040333	0.34357175494341746	0.0	6.747209612721583e-05	0.0	0.014439328078762442	0.021024366887365364	0.03973854056037458	0.003983238433461444	0.07407465595133812	0.030074177965518912	0.0	0.0025600212332405185	0.010844517514559325	0.019387297870453814	0.0213289556108519	0.014894177288535575	0.016871517549887218	0.020186217248832263	0.004688165383742581	0.018145165779127972	0.0010867079766326837	0.0007684515252269006	0.0017850475908625315	0.002363530261285623	0.008934654599423464	0.0009069443277860271	0.0011109704693758817	0.006542733205119972	0.0	0.0	0.005972231816244684	0.008836652466635739	0.0	0.0	0.0	0.0010803106958222443	0.0	0.0	0.01963012614332333	0.0	0.0	0.0	0.006939215240507904	0.02847082081219829	0.07371379293784049	0.0979446644352969	0.023759316439734553	0.0	0.0	0.0	0.0	0.0	0.0	0.0	0.0	0.0	0.0	0.0	0.0	0.0	0.0	0.0	0.0	0.0	0.0	0.0	0.0	0.0	0.0	0.0	0.0	0.0	0.0	0.0	0.0	0.0	0.0	0.0	0.0	0.0
Scil_28	0.004409431150566961	0.0009034555983750616	0.1211924436570569	0.0	0.00038071228992686703	0.103124276358593	0.05404591221313393	0.0005997266223760798	0.00038746689834138353	0.0018103287105132072	0.0	0.0	0.004954721419044279	0.010452082021386358	0.024135183809511296	0.7283041543451076	0.0005818086340023639	0.059340285270298276	0.2574755073544269	0.0017757166934956811	0.01292522029710172	0.014257084173199385	0.03573432095974472	0.7190590559882302	0.011614533169465657	0.022173460191581066	0.4286615760880929	0.0007751842927109522	0.023974198478851988	0.0	0.0012356832656235232	0.04874723317023077	0.006775997665607837	0.014040313819194756	0.00023589583186698262	0.0015636263283622348	0.0030196659992750303	0.007063615660037349	0.0004513356248935503	0.004171010421638229	0.00020252058980092984	0.0008696609125182301	0.0035088223327789424	0.0	0.00029043723547446214	0.0044540787789890315	0.0001046694856215108	0.2605113472587949	0.0	0.0023210222648372006	0.0	0.0	0.01174180811803138	0.06808613095587145	0.03515289921515236	0.013650469934353444	0.0	0.0	0.0	0.0	0.0	0.0	0.0	0.0	0.0	0.0	0.0	0.0	0.0	0.0	0.0	0.0	0.0	0.0	0.0	0.0	0.0	0.0	0.0	0.0	0.0	0.0	0.0	0.0	0.0	0.0	0.0	0.0	0.0
Scil_29	0.012035149705088578	0.01753030958956973	0.05634855391312704	0.0	0.004378395141179365	0.07842086509802865	0.1501986570630865	0.002395238867007714	0.004755424285750935	0.005947993333398673	0.009879614930353423	0.021683021682656643	0.0018342881791035086	0.014692951606124544	0.04370364461766233	0.016704976080714893	0.014718054891481189	0.029549658322850447	0.02543731976398376	0.004183388241485329	0.011505568041804358	0.030440417192660624	0.009286963961209243	0.0012295978866531056	0.018442624727380137	0.04722370040370251	0.012804131208894653	0.000962960287641759	0.016710870103663088	0.004987278926677835	0.005030296622198184	0.009693005690446769	0.004766129765757575	0.006120508474344128	0.010290218242036393	0.01011774066586713	0.031107281724728143	0.03467360729851676	0.01550539830827207	0.010111412352818674	0.008489372951094558	0.013584334038236315	0.005913019550091496	0.0017082694657586095	0.006615643096541631	0.00516957681441873	0.0037276948589730604	0.1365060798837389	0.002760263472273139	0.0028373531879408538	0.0	0.009083334112945981	0.023430405345082405	0.041400269473202786	0.029997078779494545	0.02593459212738729	0.0	0.0	0.0	0.0	0.0	0.0	0.0	0.0	0.0	0.0	0.0	0.0	0.0	0.0	0.0	0.0	0.0	0.0	0.0	0.0	0.0	0.0	0.0	0.0	0.0	0.0	0.0	0.0	0.0	0.0	0.0	0.0	0.0
Scil_3	0.2265931680720421	0.32909444452679637	0.46007288545397407	0.006211519698076244	0.054085575323519576	0.44009054917155305	0.47362706330134197	0.04547595047635668	0.04371239020884277	0.014435861865073351	0.1324339190439682	0.07675719966963547	0.017382551091060076	0.21330669122591517	0.2568217201031991	0.09632446049306859	0.1775398008391273	0.09151646866045533	0.10038675449411034	0.029036160674559185	0.06569355054422335	0.11112686996486165	0.0445110730268969	0.04796569143759147	0.08927687404901384	0.15942933907548668	0.09915562011090466	0.09521922977932853	0.09699924652939676	0.16700527506749907	0.020822602010216122	0.1447424262944311	0.14201058306404804	0.1151841316056506	0.11798259643622933	0.09935124679647389	0.29942094937704966	0.22856462765913316	0.09044601968624313	0.033937609064915636	0.08988051648994676	0.045765252024504204	0.0869132650507827	0.0157466092811965	0.028343625602168705	0.04577312183046862	0.05947346499376919	0.4133766639463311	0.017603673247190345	0.010646704579308046	0.08465274677868306	0.15750588614792252	0.14256010416512555	0.17359025750620957	0.09012177029560159	0.12199818757980703	0.0	0.0	0.0	0.0	0.0	0.0	0.0	0.0	0.0	0.0	0.0	0.0	0.0	0.0	0.0	0.0	0.0	0.0	0.0	0.0	0.0	0.0	0.0	0.0	0.0	0.0	0.0	0.0	0.0	0.0	0.0	0.0	0.0
Scil_30	0.028109324225696158	0.03480982671944554	0.005439374326337753	0.0009887788346247027	0.012637678833330798	0.005391097414623595	0.005466929407652446	0.0010500285187150632	0.2824426186267835	0.02712287200375723	0.00033547293084027375	0.006483105631371852	0.0	0.004730558780712031	0.0014400645851149272	0.06561292769184582	0.001387637489117652	0.00032589935217466556	0.07454883632360142	0.14907064822247906	0.12735173238996256	0.03467849567198668	0.09233995592440905	0.007195953579943309	0.00044163415090231874	0.005554951666550045	0.017913226358201556	0.005827716081353498	0.031171583348381653	0.0008165591017315867	0.05888529866983348	0.0027886281953885283	0.000599469133893165	0.0023995797568928568	0.0	0.0007949411042604884	0.0011185570359168407	0.002009113313333181	0.002049778994728257	0.02224520284177493	0.0007561461639371336	0.0009678158797361433	0.006488590642177425	0.01127078451057806	0.013728234739549181	0.0	0.0	0.0014213990433794908	0.0021866031908217487	0.0	0.0	0.004109864151140042	0.006817029725964893	0.00544489919138186	0.22319896881052653	0.19538873975388985	0.0	0.0	0.0	0.0	0.0	0.0	0.0	0.0	0.0	0.0	0.0	0.0	0.0	0.0	0.0	0.0	0.0	0.0	0.0	0.0	0.0	0.0	0.0	0.0	0.0	0.0	0.0	0.0	0.0	0.0	0.0	0.0	0.0
Scil_31	0.07851066536738913	0.08733914566022159	0.036424343898585954	0.0	0.00047079072006371667	0.035386367773244	0.013935183350069453	0.00979014797678101	0.0017399258077385887	0.005320677420180567	0.0006688073111056155	0.0038588792635381995	0.0010327100673744414	0.022832639396771274	0.04674603979091042	0.0020735166040165014	0.009609306667223212	0.013497737835660823	0.0056048475534199544	0.00038746115433919737	0.0	0.008107954241773112	0.0004780083722286335	0.0	0.00597959050409215	0.05030388459078371	0.0006461537376231989	0.002154811360931339	0.005336320298580768	0.0019815258579636975	0.0	0.004124725038544739	0.005697249993415986	0.004228371319656017	0.007770538958473428	0.0070184021497180045	0.11027114128498734	0.0	0.001428758200341885	0.0006733461529692533	0.008862362123092408	0.0013354556423961932	0.0005028821166827846	0.0016589300645577416	0.0009945654301230379	0.0027422856469953355	0.0024083472758043446	0.023780689552546766	0.0	0.0	0.0	0.020014515732383668	0.02771343838337269	0.030282328507479965	0.0031476717000665936	0.0010399804974809046	0.0	0.0	0.0	0.0	0.0	0.0	0.0	0.0	0.0	0.0	0.0	0.0	0.0	0.0	0.0	0.0	0.0	0.0	0.0	0.0	0.0	0.0	0.0	0.0	0.0	0.0	0.0	0.0	0.0	0.0	0.0	0.0	0.0
Scil_32	0.6353414755450271	0.31645994373597197	0.026542778701706383	0.010684809306524757	0.0	0.004071901112820497	0.0054036267476779785	0.002208508125874683	0.009024102635496576	0.2830606380107304	0.015717532931357896	0.0004033316297668444	0.0	0.2684676475719881	0.07682370617987959	0.0029209144594391258	0.038027035863495	0.023689476918508645	0.001568784894561761	0.0	0.0	0.013851054744646757	0.0	0.00021382755249744714	0.028645203786186672	0.13150199924654932	0.004114958588510316	0.05800191017326112	0.0005821754314711688	0.02081539025210135	0.0	0.0	0.020179498497256688	0.018516666402526166	0.0	0.007705541324188822	0.05382034624360066	0.0	0.0	0.0	0.012775325685500789	0.0	0.0	0.0	0.0	0.0	0.0	0.0030567514387042152	0.0	0.0	0.0	0.06090715667625972	0.2260905492353394	0.0242406132661631	0.0	0.0	0.0	0.0	0.0	0.0	0.0	0.0	0.0	0.0	0.0	0.0	0.0	0.0	0.0	0.0	0.0	0.0	0.0	0.0	0.0	0.0	0.0	0.0	0.0	0.0	0.0	0.0	0.0	0.0	0.0	0.0	0.0	0.0	0.0
Scil_4	0.3207021701498517	0.3295551239893248	0.29184849172503624	0.0029566149285554276	0.0275337078884821	0.35260320236646103	0.2663045447267919	0.029916259639913456	0.0165680161501375	0.009681245774926244	0.028919557004251428	0.07176429457103134	0.007613028539620049	0.3315315775264371	0.3102722300008372	0.04254513569243488	0.14859214507562898	0.11746731740937429	0.052923922229627794	0.009830312256327448	0.015088026711507094	0.11761795691812535	0.028967872903832105	0.0007893261015290016	0.09792522121491105	0.2801588881627809	0.055373250227734115	0.10502096458910448	0.05028138253164349	0.12333146673186998	0.005288667493966542	0.027791195934559344	0.10166823466085977	0.06555404173604747	0.12715298770111233	0.15216874266672442	0.4186617241342646	0.09001104331713715	0.052607248439871225	0.01063957101306746	0.11422569802450928	0.058127830038650775	0.021732665438790977	0.024460987949810296	0.024008700065653442	0.04259486876549627	0.06152374359372487	0.279419593883892	0.001961045962514025	0.005593426934728012	0.04999522372811354	0.2123183398622889	0.17602742911751137	0.14903274095604493	0.07985395700432478	0.04273283653039382	0.0	0.0	0.0	0.0	0.0	0.0	0.0	0.0	0.0	0.0	0.0	0.0	0.0	0.0	0.0	0.0	0.0	0.0	0.0	0.0	0.0	0.0	0.0	0.0	0.0	0.0	0.0	0.0	0.0	0.0	0.0	0.0	0.0
Scil_5	0.36435187564408755	0.3204554701266845	0.37195146110705457	0.00018457400969350697	0.018938129593231882	0.06666797900269447	0.07825251962301587	0.0561291680304755	0.022359782389588405	0.03985876071748604	0.16434927473518576	0.28621094814280623	0.0017768368807385242	0.1291609073471281	0.1864300453089826	0.09274523213023254	0.09149508025818716	0.2641559323547004	0.056640535413811366	0.013507938697649966	0.0010295054083313867	0.09780229554529264	0.03769115845955058	0.016012851001591055	0.23549872519391113	0.1311928975159425	0.03616789993875395	0.15442369295970118	0.01688089462691315	0.0656680769105458	0.013763163912441687	0.044582715051993474	0.04268986728460713	0.03787238516595613	0.06440375205183124	0.062259150490536076	0.29441649880129706	0.010512720140860205	0.03704796658048099	0.005041510098523128	0.07894490529791222	0.04056019010821117	0.04804963059393348	0.01039666876614434	0.024880228769615965	0.027190050640840846	0.021180323792515814	0.4428815269746976	0.002244312419611893	0.010993968690970444	0.011426847658320062	0.142348557463518	0.10096405409467843	0.3126145405769279	0.05886663840018476	0.021623625343175933	0.0	0.0	0.0	0.0	0.0	0.0	0.0	0.0	0.0	0.0	0.0	0.0	0.0	0.0	0.0	0.0	0.0	0.0	0.0	0.0	0.0	0.0	0.0	0.0	0.0	0.0	0.0	0.0	0.0	0.0	0.0	0.0	0.0
Scil_6	0.1641477583623295	0.30917793713561625	0.42294675196525705	0.003280658103453433	0.05214415751204736	0.3330896442787065	0.4066957682923074	0.02689857075416402	0.03460656253943297	0.01755933921394455	0.09347034968267978	0.059880727034280136	0.013059039619018433	0.07880782988710841	0.20936618141420665	0.06904518630644547	0.05367092486243417	0.08720659791893991	0.07967586495891865	0.015074798808468551	0.046316057246636	0.09889254587106297	0.034095525839668364	0.026027803364855596	0.05653186578285996	0.14283538423019548	0.06300977845583866	0.041111241920108205	0.07819776721496684	0.026119562555009284	0.017704237690530582	0.06224430889448833	0.031105488608491598	0.039080495703393156	0.05498358503642627	0.0557065930583137	0.24788229522129082	0.11206440883622064	0.03805466067899064	0.04780993406080601	0.051943946970035924	0.0476273353135811	0.039810838649090075	0.014735232578591611	0.025513862460839344	0.03044729123949789	0.022653923732748237	0.3680201920730651	0.03541861279918236	0.008625666699121562	0.012139277929172156	0.08230298973723492	0.08598489387758698	0.16990425016359825	0.10817591878591695	0.09708222445192435	0.0	0.0	0.0	0.0	0.0	0.0	0.0	0.0	0.0	0.0	0.0	0.0	0.0	0.0	0.0	0.0	0.0	0.0	0.0	0.0	0.0	0.0	0.0	0.0	0.0	0.0	0.0	0.0	0.0	0.0	0.0	0.0	0.0
Scil_7	0.06359557753832204	0.18410437770061858	0.4885600801374378	0.003582354923440998	0.02768035974423399	0.22719922591458447	0.48646321391207775	0.0035606783744925297	0.07316181400772571	0.006928186014578114	0.00829563557189333	0.012796109878430342	0.022252213099238582	0.05619530315380207	0.1591770895952264	0.12413086084554434	0.09128595080645502	0.06566735903943567	0.13920702334380283	0.024227439179437593	0.06809045457847376	0.18052255634702294	0.0324507831325983	0.10104117467490215	0.06228478790548324	0.14055678171281902	0.10921044006703817	0.02093926358906282	0.09960314194056724	0.045203768676870745	0.029362428740669987	0.1389272111094914	0.03157106920235234	0.04858918707737711	0.049879142446191155	0.03335988103357611	0.15911741017683892	0.025173486694064606	0.025917954529891325	0.049649774780034836	0.03347816305128647	0.012260518387365738	0.16210766247059777	0.009213595539300963	0.030788340305739965	0.02034392371517719	0.009814824330236834	0.1674233013134468	0.07022926593747288	0.044120594160733925	0.004856676597105139	0.05910238531741543	0.08810228811583119	0.11830831197098717	0.20256292483934576	0.17226697280168737	0.0	0.0	0.0	0.0	0.0	0.0	0.0	0.0	0.0	0.0	0.0	0.0	0.0	0.0	0.0	0.0	0.0	0.0	0.0	0.0	0.0	0.0	0.0	0.0	0.0	0.0	0.0	0.0	0.0	0.0	0.0	0.0	0.0
Scil_8	0.2375358591224673	0.29292826463461163	0.12990121363121004	0.0005175850590789786	0.012355360355442681	0.14893943664545597	0.1536378009476687	0.02605826147198224	0.013565888795581547	0.024573463621368686	0.04975121447754928	0.04948816746593198	0.007577589435462831	0.08863263650383715	0.2041949052883636	0.024388529193809638	0.05096161936045503	0.07196159370566226	0.0284788899654757	0.0015098220837744787	0.008047748534803369	0.05491844451504239	0.0057253749572236095	0.0006074091543357796	0.051703312639028644	0.11104631651713606	0.020287328057705736	0.037653776260135385	0.02238055209252398	0.015786767262289374	0.003095745248170755	0.028317161976474225	0.032256305294996256	0.013832678192916304	0.0388555213535695	0.0445482857156256	0.2640101909745044	0.0399617082969652	0.04062603076543144	0.0038832834165860677	0.049631374048907294	0.027911530889865883	0.00851842140460882	0.00967466950109951	0.010431269637292977	0.017211169457347717	0.013538935763430088	0.18945011464746397	0.0007472810400528864	0.0013245781258617796	0.0007531573842063898	0.07546637393489455	0.08805753814574002	0.10701599457507516	0.044079638185771326	0.05069889017330524	0.0	0.0	0.0	0.0	0.0	0.0	0.0	0.0	0.0	0.0	0.0	0.0	0.0	0.0	0.0	0.0	0.0	0.0	0.0	0.0	0.0	0.0	0.0	0.0	0.0	0.0	0.0	0.0	0.0	0.0	0.0	0.0	0.0
Scil_9	0.2235673439108888	0.35417967509632564	0.1665726284188174	0.001821357483246249	0.02388687165783637	0.22765863952002752	0.24336408086918176	0.06873304759995139	0.01669106440880031	0.00912863481578115	0.003980506251828433	0.015891090092187518	0.007707781531076656	0.09053670903633569	0.2522629334373575	0.034108008583081446	0.06535642788376027	0.07022003483052917	0.03684274150810482	0.0038274894849442457	0.02182557495443487	0.061349745247032586	0.0120674624132011	0.003489295542807966	0.043242966458792644	0.14069549386819813	0.031867553826742834	0.03451403268772994	0.0310436295058659	0.021902612243156545	0.005650507894919354	0.01631393231358449	0.030265811743468086	0.0335240915164111	0.046998713989283715	0.04972717793680724	0.2672303251033286	0.013317666518572299	0.03742872718263234	0.00856592910329073	0.05101901570145061	0.0273386819362751	0.023927771949042158	0.011303917960334623	0.012288178341459491	0.01539704230104447	0.022653714900659934	0.20821390956125393	0.00105766160084381	0.0034678803924734535	0.013641530666313961	0.0940493312790753	0.0798608966551454	0.12361196598063817	0.049814289842124514	0.04032490077892596	0.0	0.0	0.0	0.0	0.0	0.0	0.0	0.0	0.0	0.0	0.0	0.0	0.0	0.0	0.0	0.0	0.0	0.0	0.0	0.0	0.0	0.0	0.0	0.0	0.0	0.0	0.0	0.0	0.0	0.0	0.0	0.0	0.0
