Aque_Archaeo_1;Slac_0	Aque_Archaeo_1;Slac_0_pval1	Aque_Archaeo_1;Slac_0_pval2	Aque_Archaeo_1;Slac_21	Aque_Archaeo_1;Slac_21_pval1	Aque_Archaeo_1;Slac_21_pval2	Aque_Archaeo_1;Slac_3	Aque_Archaeo_1;Slac_3_pval1	Aque_Archaeo_1;Slac_3_pval2	Aque_Archaeo_1;Slac_5	Aque_Archaeo_1;Slac_5_pval1	Aque_Archaeo_1;Slac_5_pval2	Aque_Bactericidal;Slac_31	Aque_Bactericidal;Slac_31_pval1	Aque_Bactericidal;Slac_31_pval2	Aque_Choano_to_pinaco;Slac_15	Aque_Choano_to_pinaco;Slac_15_pval1	Aque_Choano_to_pinaco;Slac_15_pval2	Aque_Choano_to_pinaco;Slac_24	Aque_Choano_to_pinaco;Slac_24_pval1	Aque_Choano_to_pinaco;Slac_24_pval2	Aque_Choano_to_pinaco;Slac_32	Aque_Choano_to_pinaco;Slac_32_pval1	Aque_Choano_to_pinaco;Slac_32_pval2	Aque_Choanocytes_1;Slac_25	Aque_Choanocytes_1;Slac_25_pval1	Aque_Choanocytes_1;Slac_25_pval2	Aque_Choanocytes_2;Slac_25	Aque_Choanocytes_2;Slac_25_pval1	Aque_Choanocytes_2;Slac_25_pval2	Aque_Choanocytes_2;Slac_30	Aque_Choanocytes_2;Slac_30_pval1	Aque_Choanocytes_2;Slac_30_pval2	Aque_Pinaco_1;Slac_14	Aque_Pinaco_1;Slac_14_pval1	Aque_Pinaco_1;Slac_14_pval2	Aque_Pinaco_1;Slac_17	Aque_Pinaco_1;Slac_17_pval1	Aque_Pinaco_1;Slac_17_pval2	Aque_Pinaco_1;Slac_22	Aque_Pinaco_1;Slac_22_pval1	Aque_Pinaco_1;Slac_22_pval2	Aque_Pinaco_1;Slac_8	Aque_Pinaco_1;Slac_8_pval1	Aque_Pinaco_1;Slac_8_pval2	Aque_Sperm;Slac_4	Aque_Sperm;Slac_4_pval1	Aque_Sperm;Slac_4_pval2	Aque_Unk_1;Slac_4	Aque_Unk_1;Slac_4_pval1	Aque_Unk_1;Slac_4_pval2
Aque_Aqu2.1.33572-001;Slac_ENSLPGG00000024781	5.668642400668365e-139	1.5184076603803592e-37	Aque_Aqu2.1.34449-001;Slac_ENSLPGG00000011929	1.3827931758702237e-110	1.0156868344425442e-93	Aque_Aqu2.1.16620-001;Slac_ENSLPGG00000007363	3.397334660599216e-165	7.4723889631911e-42	Aque_Aqu2.1.16620-001;Slac_ENSLPGG00000007363	3.397334660599216e-165	2.824389442390339e-51	Aque_Aqu2.1.44155-001;Slac_ENSLPGG00000013635	1.4465465959207945e-23	1.4068208789999373e-40	Aque_Aqu2.1.43480-001;Slac_ENSLPGG00000022080	2.724952229124618e-25	4.9859575034671734e-24	Aque_Aqu2.1.29479-001;Slac_ENSLPGG00000021520	1.027025061779397e-11	1.1192892414117911e-44	Aque_Aqu2.1.43480-001;Slac_ENSLPGG00000022080	2.724952229124618e-25	0.00048494656273843115	Aque_Aqu2.1.27088-001;Slac_ENSLPGG00000022185	3.4655755261222265e-76	0.001315537537864379	Aque_Aqu2.1.43616-001;Slac_ENSLPGG00000011962	1.0827936749885055e-126	3.211008789355102e-10	Aque_Aqu2.1.23389-001;Slac_ENSLPGG00000025488	1.181117757917774e-23	2.787079609083102e-204	Aque_Aqu2.1.39906-001;Slac_ENSLPGG00000026079	5.695135212169059e-155	9.031003272821954e-99	Aque_Aqu2.1.28495-001;Slac_ENSLPGG00000023963	4.458325986516477e-24	1.9303084155892143e-88	Aque_Aqu2.1.23247-001;Slac_ENSLPGG00000013844	8.210853499627593e-119	3.286329682633253e-39	Aque_Aqu2.1.23247-001;Slac_ENSLPGG00000013844	8.210853499627593e-119	5.095808825073912e-72	Aque_Aqu2.1.39160-001;Slac_ENSLPGG00000010310	3.595877896775303e-08	2.3954450010440036e-45	Aque_Aqu2.1.33761-001;Slac_ENSLPGG00000014308	6.68557162412341e-45	0.0
Aque_Aqu2.1.34449-001;Slac_ENSLPGG00000011929	1.3827931758702237e-110	1.2875693417934236e-267	Aque_Aqu2.1.33572-001;Slac_ENSLPGG00000024781	5.668642400668365e-139	1.9256965339999054e-12	Aque_Aqu2.1.33572-001;Slac_ENSLPGG00000024781	5.668642400668365e-139	6.434947730635945e-19	Aque_Aqu2.1.33572-001;Slac_ENSLPGG00000024781	5.668642400668365e-139	4.085997452647564e-51	Aque_Aqu2.1.16942-001;Slac_ENSLPGG00000016233	0.0003597486957610446	1.6372687329723484e-06	Aque_Aqu2.1.41049-001;Slac_ENSLPGG00000015888	1.7843460525969402e-71	0.0	Aque_Aqu2.1.26998-001;Slac_ENSLPGG00000021520	3.197778486344573e-06	1.1192892414117911e-44	Aque_Aqu2.1.41049-001;Slac_ENSLPGG00000015888	1.7843460525969402e-71	9.16330091270066e-55	Aque_Aqu2.1.23244-001;Slac_ENSLPGG00000012828	5.2814784068730136e-39	1.4139028717394017e-99	Aque_Aqu2.1.43617-001;Slac_ENSLPGG00000011962	3.8762240081940136e-207	3.211008789355102e-10	Aque_Aqu2.1.23389-001;Slac_ENSLPGG00000019084	1.181117757917774e-23	1.26640156087933e-195	Aque_Aqu2.1.39906-001;Slac_ENSLPGG00000026970	5.695135212169059e-155	6.757154788096515e-72	Aque_Aqu2.1.21015-001;Slac_ENSLPGG00000026540	4.488784099627258e-96	5.082599674901194e-269	Aque_Aqu2.1.23245-001;Slac_ENSLPGG00000013844	2.527911622459719e-106	3.286329682633253e-39	Aque_Aqu2.1.23245-001;Slac_ENSLPGG00000013844	2.527911622459719e-106	5.095808825073912e-72	Aque_Aqu2.1.33761-001;Slac_ENSLPGG00000014308	1.7677837593587218e-35	0.0	Aque_Aqu2.1.33761-001;Slac_ENSLPGG00000009166	6.68557162412341e-45	6.764553656032244e-94
Aque_Aqu2.1.33740-001;Slac_ENSLPGG00000014397	1.0543340401031923e-102	0.0	Aque_Aqu2.1.41064-001;Slac_ENSLPGG00000022135	3.157095835580321e-40	7.885328724796863e-32	Aque_Aqu2.1.16620-001;Slac_ENSLPGG00000005401	3.397334660599216e-165	8.12420814480801e-72	Aque_Aqu2.1.32963-001;Slac_ENSLPGG00000006527	4.7320394813194234e-185	7.039833413978473e-42	Aque_Aqu2.1.40994-001;Slac_ENSLPGG00000019726	1.0675747038851589e-17	1.4439776605455897e-21	Aque_Aqu2.1.43482-001;Slac_ENSLPGG00000022080	1.9502722948097634e-26	4.9859575034671734e-24	Aque_Aqu2.1.43480-001;Slac_ENSLPGG00000022080	2.724952229124618e-25	3.545993743594123e-18	Aque_Aqu2.1.28495-001;Slac_ENSLPGG00000009453	3.050594406121623e-25	7.139115142722667e-47	Aque_Aqu2.1.21248-001;Slac_ENSLPGG00000004213	5.582838869151021e-65	2.1937056385199948e-26	Aque_Aqu2.1.23244-001;Slac_ENSLPGG00000012828	1.0885934844745446e-29	1.4139028717394017e-99	Aque_Aqu2.1.23389-001;Slac_ENSLPGG00000025765	1.181117757917774e-23	2.8786681826425163e-147	Aque_Aqu2.1.32110-001;Slac_ENSLPGG00000017549	3.5145414330315455e-44	0.0	Aque_Aqu2.1.21015-001;Slac_ENSLPGG00000018326	4.488784099627258e-96	1.1462170793757774e-39	Aque_Aqu2.1.23247-001;Slac_ENSLPGG00000014386	8.210853499627593e-119	2.553000921593135e-10	Aque_Aqu2.1.31381-001;Slac_ENSLPGG00000022008	4.790282318976761e-30	2.2847279941433917e-49	Aque_Aqu2.1.20539-001;Slac_ENSLPGG00000010310	8.283002901269206e-10	2.3954450010440036e-45	Aque_Aqu2.1.43963-001;Slac_ENSLPGG00000024879	1.5716607462282255e-08	0.0
Aque_Aqu2.1.26386-001;Slac_ENSLPGG00000010983	1.5137191822064672e-111	3.83141568105036e-162	Aque_Aqu2.1.33740-001;Slac_ENSLPGG00000014397	1.0543340401031923e-102	1.1242676194211744e-127	Aque_Aqu2.1.32946-001;Slac_ENSLPGG00000010832	3.198548394219795e-57	5.068057217568435e-28	Aque_Aqu2.1.07543-001;Slac_ENSLPGG00000028683	5.249550863120593e-114	0.0	Aque_Aqu2.1.44155-001;Slac_ENSLPGG00000014432	1.4465465959207945e-23	0.0015960290534054453	Aque_Aqu2.1.29479-001;Slac_ENSLPGG00000021520	1.027025061779397e-11	2.3251872846171974e-12	Aque_Aqu2.1.43482-001;Slac_ENSLPGG00000022080	1.9502722948097634e-26	3.545993743594123e-18	Aque_Aqu2.1.29479-001;Slac_ENSLPGG00000007158	1.027025061779397e-11	4.969353227696443e-20	Aque_Aqu2.1.29887-001;Slac_ENSLPGG00000009790	4.837503841806646e-54	5.8232090697647964e-08	Aque_Aqu2.1.21248-001;Slac_ENSLPGG00000004213	2.1316785119627852e-35	2.1937056385199948e-26	Aque_Aqu2.1.23389-001;Slac_ENSLPGG00000017177	1.181117757917774e-23	5.93110898396368e-142	Aque_Aqu2.1.42602-001;Slac_ENSLPGG00000003728	4.096912355239655e-35	2.4199863712403416e-262	Aque_Aqu2.1.23247-001;Slac_ENSLPGG00000013844	8.210853499627593e-119	4.511852272328979e-80	Aque_Aqu2.1.23245-001;Slac_ENSLPGG00000014386	2.527911622459719e-106	2.553000921593135e-10	Aque_Aqu2.1.24981-001;Slac_ENSLPGG00000009456	2.7217252995401606e-14	7.55873624614051e-61	Aque_Aqu2.1.33761-001;Slac_ENSLPGG00000009166	1.7677837593587218e-35	6.764553656032244e-94	Aque_Aqu2.1.41036-001;Slac_ENSLPGG00000009033	9.486629863621956e-12	5.114636344699137e-166
Aque_Aqu2.1.28816-001;Slac_ENSLPGG00000010719	1.0840523851845123e-95	0.0	Aque_Aqu2.1.12854-001;Slac_ENSLPGG00000000928	8.308052623456065e-109	1.2481151285348214e-98	Aque_Aqu2.1.34860-001;Slac_ENSLPGG00000010851	1.2852695968093314e-58	6.183679345929905e-121	Aque_Aqu2.1.32930-001;Slac_ENSLPGG00000028683	7.663138857997222e-90	0.0	Aque_Aqu2.1.37083-001;Slac_ENSLPGG00000007322	0.008633805380085605	2.140041993311982e-13	Aque_Aqu2.1.34848-001;Slac_ENSLPGG00000007243	6.8715691931382365e-31	2.635089124210055e-31	Aque_Aqu2.1.43482-001;Slac_ENSLPGG00000017003	1.9502722948097634e-26	4.297900760302106e-09	Aque_Aqu2.1.37137-001;Slac_ENSLPGG00000002171	1.643277675461539e-16	2.5730742542634384e-20	Aque_Aqu2.1.35571-001;Slac_ENSLPGG00000010608	1.320076733890646e-45	1.4294544322162747e-07	Aque_Aqu2.1.42031-001;Slac_ENSLPGG00000007479	1.4112285612521125e-30	0.00035814504713363167	Aque_Aqu2.1.19922-001;Slac_ENSLPGG00000025488	1.1973175788444056e-06	2.787079609083102e-204	Aque_Aqu2.1.40413-001;Slac_ENSLPGG00000002625	4.5608643156530816e-45	1.372699587625209e-296	Aque_Aqu2.1.23245-001;Slac_ENSLPGG00000013844	2.527911622459719e-106	4.511852272328979e-80	Aque_Aqu2.1.31381-001;Slac_ENSLPGG00000021402	4.790282318976761e-30	2.454971510320962e-13	Aque_Aqu2.1.23247-001;Slac_ENSLPGG00000014386	8.210853499627593e-119	1.493154584726633e-20	Aque_Aqu2.1.35500-001;Slac_ENSLPGG00000009116	3.736183748746556e-16	1.938637425975692e-130	Aque_Aqu2.1.31582-001;Slac_ENSLPGG00000004808	1.6825316580517566e-56	0.0
Aque_Aqu2.1.15787-001;Slac_ENSLPGG00000026812	7.592400004336438e-49	0.0	Aque_Aqu2.1.07543-001;Slac_ENSLPGG00000028683	5.249550863120593e-114	4.6676065439242157e-67	Aque_Aqu2.1.16620-001;Slac_ENSLPGG00000008927	3.397334660599216e-165	8.998981698858766e-15	Aque_Aqu2.1.22710-001;Slac_ENSLPGG00000017323	1.3243501395407459e-103	2.1995406651852497e-252	Aque_Aqu2.1.23245-001;Slac_ENSLPGG00000014386	1.0721586968651149e-13	2.359655314035277e-08	Aque_Aqu2.1.43788-001;Slac_ENSLPGG00000023276	1.2849197808890718e-08	2.5606162884543817e-13	Aque_Aqu2.1.21047-001;Slac_ENSLPGG00000021268	2.0042391223224744e-08	1.2014044555458935e-39	Aque_Aqu2.1.43482-001;Slac_ENSLPGG00000022080	1.9502722948097634e-26	0.00048494656273843115	Aque_Aqu2.1.40987-001;Slac_ENSLPGG00000023350	1.7343655135966122e-64	0.0009776894267064676	Aque_Aqu2.1.25858-001;Slac_ENSLPGG00000026194	5.683206485678387e-42	6.674291937003132e-10	Aque_Aqu2.1.19922-001;Slac_ENSLPGG00000019084	1.1973175788444056e-06	1.26640156087933e-195	Aque_Aqu2.1.35277-001;Slac_ENSLPGG00000026970	1.2977733922935712e-23	6.757154788096515e-72	Aque_Aqu2.1.28497-001;Slac_ENSLPGG00000023963	6.265744639493593e-06	1.9303084155892143e-88	Aque_Aqu2.1.31381-001;Slac_ENSLPGG00000022008	4.790282318976761e-30	5.8169367704063345e-09	Aque_Aqu2.1.08677-001;Slac_ENSLPGG00000015888	7.208488648075431e-16	3.8687716420603493e-174	Aque_Aqu2.1.31245-001;Slac_ENSLPGG00000030313	5.1330330161765e-10	4.801048661156323e-14	Aque_Aqu2.1.33761-001;Slac_ENSLPGG00000015198	6.68557162412341e-45	4.591205690629712e-20
Aque_Aqu2.1.18087-001;Slac_ENSLPGG00000024429	5.622543966129217e-113	3.251273390160915e-290	Aque_Aqu2.1.18692-001;Slac_ENSLPGG00000021862	1.8143969612667923e-88	3.8478475931374615e-122	Aque_Aqu2.1.40808-001;Slac_ENSLPGG00000011745	9.744230663720027e-132	2.2296427958089918e-07	Aque_Aqu2.1.43440-001;Slac_ENSLPGG00000008240	2.966613490803621e-57	5.664561914368785e-134	Aque_Aqu2.1.28488-001;Slac_ENSLPGG00000008750	2.222403657510612e-06	1.1861703663486179e-08	Aque_Aqu2.1.26998-001;Slac_ENSLPGG00000021520	3.197778486344573e-06	2.3251872846171974e-12	Aque_Aqu2.1.43480-001;Slac_ENSLPGG00000025032	2.724952229124618e-25	2.2405791819609652e-08	Aque_Aqu2.1.28944-001;Slac_ENSLPGG00000014432	3.6090163242932247e-32	3.695427495255932e-26	Aque_Aqu2.1.28076-001;Slac_ENSLPGG00000007945	1.8881257883275112e-48	0.0052285844651336595	Aque_Aqu2.1.27088-001;Slac_ENSLPGG00000022185	1.4101993139662687e-24	0.001315537537864379	Aque_Aqu2.1.19922-001;Slac_ENSLPGG00000017177	1.1973175788444056e-06	5.93110898396368e-142	Aque_Aqu2.1.23818-001;Slac_ENSLPGG00000019389	5.459313371962679e-87	8.064460759704122e-90	Aque_Aqu2.1.23247-001;Slac_ENSLPGG00000014386	8.210853499627593e-119	3.1119892541270805e-37	Aque_Aqu2.1.44221-001;Slac_ENSLPGG00000012949	5.994069235373014e-92	1.0083071826795984e-138	Aque_Aqu2.1.23245-001;Slac_ENSLPGG00000014386	2.527911622459719e-106	1.493154584726633e-20	Aque_Aqu2.1.39901-001;Slac_ENSLPGG00000024879	0.00010473551507641958	0.0	Aque_Aqu2.1.41302-001;Slac_ENSLPGG00000010615	7.995429630397048e-28	6.835112163503473e-257
Aque_Aqu2.1.33740-001;Slac_ENSLPGG00000011571	1.0543340401031923e-102	1.152196916578078e-230	Aque_Aqu2.1.32930-001;Slac_ENSLPGG00000028683	7.663138857997222e-90	4.6676065439242157e-67	Aque_Aqu2.1.32963-001;Slac_ENSLPGG00000006527	4.7320394813194234e-185	4.869959806013824e-11	Aque_Aqu2.1.18813-001;Slac_ENSLPGG00000028380	1.5941414811933208e-143	6.536389750916492e-246	Aque_Aqu2.1.37083-001;Slac_ENSLPGG00000014205	0.008633805380085605	0.0011929813151707969	Aque_Aqu2.1.37883-001;Slac_ENSLPGG00000019578	3.408056060331404e-43	0.0005401379704453665	Aque_Aqu2.1.41482-001;Slac_ENSLPGG00000021520	2.2364060071655327e-10	1.1192892414117911e-44	Aque_Aqu2.1.43480-001;Slac_ENSLPGG00000027461	2.724952229124618e-25	0.0007961822132458968	Aque_Aqu2.1.33503-001;Slac_ENSLPGG00000028142	7.66852101105505e-139	3.7139133484272695e-30	Aque_Aqu2.1.43984-001;Slac_ENSLPGG00000003719	5.614857868454323e-142	2.9232553204569993e-05	Aque_Aqu2.1.23389-001;Slac_ENSLPGG00000020866	1.181117757917774e-23	1.408090205453169e-51	Aque_Aqu2.1.31166-001;Slac_ENSLPGG00000021950	2.4677337861874384e-27	1.4391600060050444e-222	Aque_Aqu2.1.33604-001;Slac_ENSLPGG00000022231	0.00018672684408454628	1.486829244349914e-24	Aque_Aqu2.1.43995-001;Slac_ENSLPGG00000002394	1.2817282397478916e-13	3.132385281564667e-40	Aque_Aqu2.1.31381-001;Slac_ENSLPGG00000021402	4.790282318976761e-30	2.2504082942667657e-43	Aque_Aqu2.1.33761-001;Slac_ENSLPGG00000015198	1.7677837593587218e-35	4.591205690629712e-20	Aque_Aqu2.1.33761-001;Slac_ENSLPGG00000011374	6.68557162412341e-45	7.246167802767974e-21
Aque_Aqu2.1.21796-001;Slac_ENSLPGG00000020424	1.2188109824148507e-117	0.0	Aque_Aqu2.1.33636-001;Slac_ENSLPGG00000022969	1.2164548748428428e-123	3.793639182545986e-99	Aque_Aqu2.1.41064-001;Slac_ENSLPGG00000022135	3.157095835580321e-40	2.3149782412803644e-40	Aque_Aqu2.1.38191-001;Slac_ENSLPGG00000001288	5.740348681209968e-44	2.96892106482705e-44	Aque_Aqu2.1.24004-001;Slac_ENSLPGG00000020178	0.00015476934393270195	0.008497928600987774	Aque_Aqu2.1.28495-001;Slac_ENSLPGG00000009453	3.050594406121623e-25	6.590504302001542e-85	Aque_Aqu2.1.41049-001;Slac_ENSLPGG00000015888	1.7843460525969402e-71	1.414267117274712e-109	Aque_Aqu2.1.43788-001;Slac_ENSLPGG00000023276	1.2849197808890718e-08	0.0023187143386704493	Aque_Aqu2.1.39731-001;Slac_ENSLPGG00000009412	9.5044838879983e-52	9.536674912769787e-17	Aque_Aqu2.1.43615-001;Slac_ENSLPGG00000011962	3.565907780541023e-09	3.211008789355102e-10	Aque_Aqu2.1.23389-001;Slac_ENSLPGG00000010570	1.181117757917774e-23	2.0632134805623925e-53	Aque_Aqu2.1.22332-001;Slac_ENSLPGG00000013772	9.838828213524885e-12	1.2252823654104125e-130	Aque_Aqu2.1.23245-001;Slac_ENSLPGG00000014386	2.527911622459719e-106	3.1119892541270805e-37	Aque_Aqu2.1.38146-001;Slac_ENSLPGG00000012949	6.387586082111135e-11	1.0083071826795984e-138	Aque_Aqu2.1.31379-001;Slac_ENSLPGG00000022008	3.461111847443033e-18	2.2847279941433917e-49	Aque_Aqu2.1.18498-001;Slac_ENSLPGG00000003107	4.634718277164381e-14	4.2394431458955775e-16	Aque_Aqu2.1.43539-001;Slac_ENSLPGG00000020221	1.4534280963588581e-13	9.223249579944277e-53
Aque_Aqu2.1.37079-001;Slac_ENSLPGG00000014397	6.987535709667499e-114	0.0	Aque_Aqu2.1.21796-001;Slac_ENSLPGG00000020424	1.2188109824148507e-117	3.7212886296907746e-117	Aque_Aqu2.1.34476-001;Slac_ENSLPGG00000009693	1.1365096649262665e-143	6.907897829345426e-204	Aque_Aqu2.1.12854-001;Slac_ENSLPGG00000000928	8.308052623456065e-109	2.5124961031891197e-263	Aque_Aqu2.1.42203-001;Slac_ENSLPGG00000008996	3.150184887500491e-07	0.008928344700331103	Aque_Aqu2.1.29479-001;Slac_ENSLPGG00000001139	1.027025061779397e-11	1.4494333720685917e-24	Aque_Aqu2.1.37137-001;Slac_ENSLPGG00000016891	1.643277675461539e-16	1.1066745948069943e-10	Aque_Aqu2.1.28942-001;Slac_ENSLPGG00000014432	1.2138942124859158e-06	3.695427495255932e-26	Aque_Aqu2.1.28283-001;Slac_ENSLPGG00000005072	8.56665288335661e-23	6.293393060430815e-06	Aque_Aqu2.1.34861-001;Slac_ENSLPGG00000010067	1.5697310538016786e-20	2.4406389139278163e-21	Aque_Aqu2.1.23389-001;Slac_ENSLPGG00000022959	1.181117757917774e-23	1.783385765627898e-41	Aque_Aqu2.1.39626-001;Slac_ENSLPGG00000014289	3.934806432082639e-12	1.063593045223818e-144	Aque_Aqu2.1.28223-001;Slac_ENSLPGG00000018987	1.3844036382592803e-13	3.791882775025262e-229	Aque_Aqu2.1.24981-001;Slac_ENSLPGG00000009456	2.7217252995401606e-14	1.023988469791351e-09	Aque_Aqu2.1.41648-001;Slac_ENSLPGG00000020706	4.4179070679146695e-83	0.00019249484478877987	Aque_Aqu2.1.33761-001;Slac_ENSLPGG00000011374	1.7677837593587218e-35	7.246167802767974e-21	Aque_Aqu2.1.23244-001;Slac_ENSLPGG00000012828	0.0006147344884710201	0.0
Aque_Aqu2.1.22710-001;Slac_ENSLPGG00000017323	1.3243501395407459e-103	2.6260173313222563e-236	Aque_Aqu2.1.42549-001;Slac_ENSLPGG00000030160	4.864952737528873e-51	4.829352076372421e-05	Aque_Aqu2.1.31038-001;Slac_ENSLPGG00000018181	1.0272479399297856e-48	8.363124698016115e-89	Aque_Aqu2.1.39147-001;Slac_ENSLPGG00000029327	2.5070991514612063e-37	1.0480708940969998e-185	Aque_Aqu2.1.24004-001;Slac_ENSLPGG00000018774	0.00015476934393270195	0.007970824387419017	Aque_Aqu2.1.29479-001;Slac_ENSLPGG00000007158	1.027025061779397e-11	1.2305328596950784e-25	Aque_Aqu2.1.40890-001;Slac_ENSLPGG00000029707	0.0037159633453467686	7.121151201751463e-18	Aque_Aqu2.1.29479-001;Slac_ENSLPGG00000001139	1.027025061779397e-11	1.0794946248240394e-08	Aque_Aqu2.1.32241-001;Slac_ENSLPGG00000023350	1.5716518072592125e-35	0.0009776894267064676	Aque_Aqu2.1.29887-001;Slac_ENSLPGG00000009790	6.92630964062219e-18	5.8232090697647964e-08	Aque_Aqu2.1.19922-001;Slac_ENSLPGG00000020578	1.1973175788444056e-06	1.0679719099689804e-56	Aque_Aqu2.1.36501-001;Slac_ENSLPGG00000012340	4.0103739281320257e-07	0.0	Aque_Aqu2.1.28495-001;Slac_ENSLPGG00000008750	4.458325986516477e-24	8.530991638627806e-36	Aque_Aqu2.1.40997-001;Slac_ENSLPGG00000019726	3.831716522362373e-96	1.5454624451643245e-81	Aque_Aqu2.1.15643-001;Slac_ENSLPGG00000020706	1.378157857410754e-124	0.00019249484478877987	Aque_Aqu2.1.41302-001;Slac_ENSLPGG00000010615	1.7129236125123054e-28	6.835112163503473e-257	Aque_Aqu2.1.32861-001;Slac_ENSLPGG00000011506	1.1714485705240073e-22	5.633988894633641e-06
Aque_Aqu2.1.18813-001;Slac_ENSLPGG00000028380	1.5941414811933208e-143	2.161155439330363e-245	Aque_Aqu2.1.04943-001;Slac_ENSLPGG00000000928	1.7992188705826774e-46	1.2481151285348214e-98	Aque_Aqu2.1.43309-001;Slac_ENSLPGG00000007673	1.4807065078763136e-142	6.150800880157484e-37	Aque_Aqu2.1.04943-001;Slac_ENSLPGG00000000928	1.7992188705826774e-46	2.5124961031891197e-263	Aque_Aqu2.1.33545-001;Slac_ENSLPGG00000018774	0.0027538459266635462	0.007970824387419017	Aque_Aqu2.1.28944-001;Slac_ENSLPGG00000014432	3.6090163242932247e-32	2.763045349494756e-39	Aque_Aqu2.1.41929-001;Slac_ENSLPGG00000029146	0.00020834678141172307	1.5191170790595681e-05	Aque_Aqu2.1.26998-001;Slac_ENSLPGG00000007158	3.197778486344573e-06	4.969353227696443e-20	Aque_Aqu2.1.17701-001;Slac_ENSLPGG00000007479	1.7147648641153927e-21	0.00035814504713363167	Aque_Aqu2.1.23244-001;Slac_ENSLPGG00000014386	1.0885934844745446e-29	1.1292813631157257e-56	Aque_Aqu2.1.19922-001;Slac_ENSLPGG00000020866	1.1973175788444056e-06	1.408090205453169e-51	Aque_Aqu2.1.23247-001;Slac_ENSLPGG00000013844	8.210853499627593e-119	4.751279793435816e-194	Aque_Aqu2.1.14505-001;Slac_ENSLPGG00000002251	4.1608280773534837e-17	1.0703518826219367e-12	Aque_Aqu2.1.08677-001;Slac_ENSLPGG00000015888	7.208488648075431e-16	6.368500805089567e-26	Aque_Aqu2.1.29513-001;Slac_ENSLPGG00000017789	4.936567704134594e-26	1.9094305321591624e-24	Aque_Aqu2.1.43963-001;Slac_ENSLPGG00000024879	9.261924481854956e-06	0.0	Aque_Aqu2.1.43278-001;Slac_ENSLPGG00000007292	0.00047616621592022325	1.3493236933206378e-19
Aque_Aqu2.1.43837-001;Slac_ENSLPGG00000030026	1.1210704729117143e-102	0.0	Aque_Aqu2.1.33740-001;Slac_ENSLPGG00000011571	1.0543340401031923e-102	1.6908400915540935e-56	Aque_Aqu2.1.41195-001;Slac_ENSLPGG00000011674	1.6646534696328347e-107	3.3170087566869173e-112	Aque_Aqu2.1.16620-001;Slac_ENSLPGG00000005401	3.397334660599216e-165	2.3421129342282908e-26	Aque_Aqu2.1.41520-001;Slac_ENSLPGG00000020178	2.1890053557825215e-07	0.008497928600987774	Aque_Aqu2.1.43482-001;Slac_ENSLPGG00000017003	1.9502722948097634e-26	0.0010648454651062261	Aque_Aqu2.1.37137-001;Slac_ENSLPGG00000002171	1.643277675461539e-16	2.0039843010385572e-48	Aque_Aqu2.1.43788-001;Slac_ENSLPGG00000015099	1.2849197808890718e-08	5.637710037603953e-09	Aque_Aqu2.1.23244-001;Slac_ENSLPGG00000017421	5.2814784068730136e-39	1.497288984054605e-08	Aque_Aqu2.1.33047-001;Slac_ENSLPGG00000026194	1.344591319154037e-14	6.674291937003132e-10	Aque_Aqu2.1.19922-001;Slac_ENSLPGG00000010570	1.1973175788444056e-06	2.0632134805623925e-53	Aque_Aqu2.1.23245-001;Slac_ENSLPGG00000013844	2.527911622459719e-106	4.751279793435816e-194	Aque_Aqu2.1.41892-001;Slac_ENSLPGG00000018987	5.2142493076430264e-14	3.791882775025262e-229	Aque_Aqu2.1.31379-001;Slac_ENSLPGG00000021402	3.461111847443033e-18	2.454971510320962e-13	Aque_Aqu2.1.31379-001;Slac_ENSLPGG00000021402	3.461111847443033e-18	2.2504082942667657e-43	Aque_Aqu2.1.40905-001;Slac_ENSLPGG00000014308	3.920453627010159e-23	0.0	Aque_Aqu2.1.41583-001;Slac_ENSLPGG00000000967	3.1649988563463466e-09	3.7385571220871463e-84
Aque_Aqu2.1.41064-001;Slac_ENSLPGG00000022135	3.157095835580321e-40	9.957479700073277e-78	Aque_Aqu2.1.22710-001;Slac_ENSLPGG00000017323	1.3243501395407459e-103	3.8446497482787126e-66	Aque_Aqu2.1.26386-001;Slac_ENSLPGG00000010983	1.5137191822064672e-111	1.9300062372845804e-39	Aque_Aqu2.1.34860-001;Slac_ENSLPGG00000010851	1.2852695968093314e-58	5.271009206434796e-96	Aque_Aqu2.1.38146-001;Slac_ENSLPGG00000012949	0.001071762000244394	1.1790089777244284e-26	Aque_Aqu2.1.28495-001;Slac_ENSLPGG00000011327	3.050594406121623e-25	0.0016877695055628826	Aque_Aqu2.1.30867-001;Slac_ENSLPGG00000021520	8.811394793769746e-08	1.1192892414117911e-44	Aque_Aqu2.1.29479-001;Slac_ENSLPGG00000021520	1.027025061779397e-11	0.008152652185200318	Aque_Aqu2.1.31581-001;Slac_ENSLPGG00000007495	3.0135947487236637e-27	0.006460960068050315	Aque_Aqu2.1.23244-001;Slac_ENSLPGG00000017421	1.0885934844745446e-29	1.497288984054605e-08	Aque_Aqu2.1.23389-001;Slac_ENSLPGG00000009760	1.181117757917774e-23	2.498785445450369e-32	Aque_Aqu2.1.40413-001;Slac_ENSLPGG00000026137	4.5608643156530816e-45	1.6047255062722863e-30	Aque_Aqu2.1.44221-001;Slac_ENSLPGG00000018391	5.994069235373014e-92	8.80674281685354e-58	Aque_Aqu2.1.31379-001;Slac_ENSLPGG00000022008	3.461111847443033e-18	5.8169367704063345e-09	Aque_Aqu2.1.28223-001;Slac_ENSLPGG00000007730	1.3844036382592803e-13	0.0	Aque_Aqu2.1.36053-001;Slac_ENSLPGG00000019524	1.670169548789497e-10	0.000532370108241916	Aque_Aqu2.1.30498-001;Slac_ENSLPGG00000020554	0.003435781341412423	4.981204210162085e-06
Aque_Aqu2.1.33636-001;Slac_ENSLPGG00000022969	1.2164548748428428e-123	1.7582904385899225e-265	Aque_Aqu2.1.37079-001;Slac_ENSLPGG00000014397	6.987535709667499e-114	1.1242676194211744e-127	Aque_Aqu2.1.29989-001;Slac_ENSLPGG00000002916	4.122966021694138e-114	4.3918337799036116e-63	Aque_Aqu2.1.33636-001;Slac_ENSLPGG00000022969	1.2164548748428428e-123	6.156071274885126e-165	Aque_Aqu2.1.38560-001;Slac_ENSLPGG00000006923	0.0025123364260394966	0.0018005305476047728	Aque_Aqu2.1.40890-001;Slac_ENSLPGG00000029707	0.0037159633453467686	6.961323817075091e-10	Aque_Aqu2.1.01979-001;Slac_ENSLPGG00000021520	0.007012591066954428	1.1192892414117911e-44	Aque_Aqu2.1.35513-001;Slac_ENSLPGG00000014037	8.033421574211273e-25	1.7369126307804394e-11	Aque_Aqu2.1.27832-001;Slac_ENSLPGG00000026194	5.939276265577746e-23	6.674291937003132e-10	Aque_Aqu2.1.35781-001;Slac_ENSLPGG00000007429	2.9643336706072914e-07	4.418161961231622e-53	Aque_Aqu2.1.43733-001;Slac_ENSLPGG00000025488	4.248328240934453e-206	2.787079609083102e-204	Aque_Aqu2.1.41989-001;Slac_ENSLPGG00000004351	7.953537235757875e-32	4.011396952539068e-120	Aque_Aqu2.1.14505-001;Slac_ENSLPGG00000007322	4.1608280773534837e-17	1.8319456033269103e-86	Aque_Aqu2.1.40044-001;Slac_ENSLPGG00000010574	2.8322222814374473e-28	7.993687709690774e-20	Aque_Aqu2.1.43555-001;Slac_ENSLPGG00000007730	9.172629855478385e-23	0.0	Aque_Aqu2.1.40905-001;Slac_ENSLPGG00000009166	3.920453627010159e-23	6.764553656032244e-94	Aque_Aqu2.1.40608-001;Slac_ENSLPGG00000005021	1.1256965272887042e-07	2.512602881253616e-96
Aque_Aqu2.1.12854-001;Slac_ENSLPGG00000000928	8.308052623456065e-109	3.2634904038385812e-285	Aque_Aqu2.1.28816-001;Slac_ENSLPGG00000010719	1.0840523851845123e-95	3.880271787998556e-92	Aque_Aqu2.1.43964-001;Slac_ENSLPGG00000027192	2.812363658409223e-98	5.592164874133152e-52	Aque_Aqu2.1.27063-001;Slac_ENSLPGG00000023230	3.201242607069932e-92	2.1930023983566287e-197	Aque_Aqu2.1.41520-001;Slac_ENSLPGG00000018774	2.1890053557825215e-07	0.007970824387419017	Aque_Aqu2.1.37137-001;Slac_ENSLPGG00000002171	1.643277675461539e-16	4.811942582704965e-16	Aque_Aqu2.1.34140-001;Slac_ENSLPGG00000021520	1.662739836406084e-09	1.1192892414117911e-44	Aque_Aqu2.1.37137-001;Slac_ENSLPGG00000022031	1.643277675461539e-16	0.0026640309671868865	Aque_Aqu2.1.19904-001;Slac_ENSLPGG00000028142	1.872445524020759e-55	3.7139133484272695e-30	Aque_Aqu2.1.38750-001;Slac_ENSLPGG00000013069	4.160461261776937e-93	1.8352583169197938e-25	Aque_Aqu2.1.43733-001;Slac_ENSLPGG00000019084	4.248328240934453e-206	1.26640156087933e-195	Aque_Aqu2.1.28940-001;Slac_ENSLPGG00000014078	0.0008919440334010753	1.1718410859204122e-156	Aque_Aqu2.1.38554-001;Slac_ENSLPGG00000009625	3.744897044029404e-35	1.2756775077314428e-25	Aque_Aqu2.1.28495-001;Slac_ENSLPGG00000009453	4.458325986516477e-24	2.3985592499326432e-20	Aque_Aqu2.1.24982-001;Slac_ENSLPGG00000009509	6.201017404049446e-34	2.1231829488265258e-26	Aque_Aqu2.1.28533-001;Slac_ENSLPGG00000015186	0.001954189613458916	1.9400219912856085e-23	Aque_Aqu2.1.39820-001;Slac_ENSLPGG00000006723	2.202522684060231e-06	1.0097123505710865e-270
Aque_Aqu2.1.41260-001;Slac_ENSLPGG00000008330	1.638108573287336e-99	9.076562438298935e-170	Aque_Aqu2.1.15787-001;Slac_ENSLPGG00000026812	7.592400004336438e-49	1.7254620203569683e-109	Aque_Aqu2.1.26225-001;Slac_ENSLPGG00000004270	1.4585812166144586e-112	1.5464179329081114e-200	Aque_Aqu2.1.09762-001;Slac_ENSLPGG00000011626	2.728546897831895e-124	1.4383957330466857e-179	Aque_Aqu2.1.41302-001;Slac_ENSLPGG00000010615	0.005845948609636158	3.647667551224453e-09	Aque_Aqu2.1.24981-001;Slac_ENSLPGG00000009456	2.561124602315965e-06	2.044657316403011e-71	Aque_Aqu2.1.29479-001;Slac_ENSLPGG00000006271	1.027025061779397e-11	6.725810871771657e-11	Aque_Aqu2.1.43788-001;Slac_ENSLPGG00000012981	1.2849197808890718e-08	1.093992624089611e-41	Aque_Aqu2.1.23244-001;Slac_ENSLPGG00000014386	5.2814784068730136e-39	1.1292813631157257e-56	Aque_Aqu2.1.40987-001;Slac_ENSLPGG00000023350	7.284598192951569e-37	0.0009776894267064676	Aque_Aqu2.1.23389-001;Slac_ENSLPGG00000014944	1.181117757917774e-23	2.3284328140917547e-18	Aque_Aqu2.1.35204-001;Slac_ENSLPGG00000015673	3.1516145313605166e-17	2.7424276754677205e-11	Aque_Aqu2.1.38554-001;Slac_ENSLPGG00000005134	3.744897044029404e-35	3.881947193937805e-19	Aque_Aqu2.1.43637-001;Slac_ENSLPGG00000029928	8.152574204947499e-32	5.511586306487166e-15	Aque_Aqu2.1.29497-001;Slac_ENSLPGG00000014782	6.077919633614359e-57	1.0227457240849187e-58	Aque_Aqu2.1.21550-001;Slac_ENSLPGG00000005021	0.0003177388868589658	2.512602881253616e-96	Aque_Aqu2.1.37439-001;Slac_ENSLPGG00000002427	5.453493506227869e-36	2.288774314929366e-11
Aque_Aqu2.1.12657-001;Slac_ENSLPGG00000004375	2.9043498226616313e-98	1.6563954483441163e-231	Aque_Aqu2.1.40908-001;Slac_ENSLPGG00000015371	4.597924904219899e-109	7.423663261374533e-85	Aque_Aqu2.1.31388-001;Slac_ENSLPGG00000002802	0.0006755546556821743	0.0	Aque_Aqu2.1.41635-001;Slac_ENSLPGG00000019527	1.35534995308407e-94	1.3092089829278838e-171	Aque_Aqu2.1.40044-001;Slac_ENSLPGG00000010574	0.0040871664303165365	1.2198885770587198e-09	Aque_Aqu2.1.21208-001;Slac_ENSLPGG00000017522	0.009823782723145305	7.529075582906891e-11	Aque_Aqu2.1.29479-001;Slac_ENSLPGG00000001139	1.027025061779397e-11	1.364164359996385e-34	Aque_Aqu2.1.23245-001;Slac_ENSLPGG00000013844	6.412219767578961e-13	8.041911962726058e-49	Aque_Aqu2.1.35781-001;Slac_ENSLPGG00000007429	5.1906912218938814e-08	4.418161961231622e-53	Aque_Aqu2.1.38752-001;Slac_ENSLPGG00000013069	1.5804020643111057e-187	1.8352583169197938e-25	Aque_Aqu2.1.43733-001;Slac_ENSLPGG00000025765	4.248328240934453e-206	2.8786681826425163e-147	Aque_Aqu2.1.36565-001;Slac_ENSLPGG00000011583	4.250044864508634e-18	2.1096010570290062e-10	Aque_Aqu2.1.38390-001;Slac_ENSLPGG00000009625	3.283777108141531e-31	1.2756775077314428e-25	Aque_Aqu2.1.14505-001;Slac_ENSLPGG00000014205	4.1608280773534837e-17	1.7093352219014287e-21	Aque_Aqu2.1.44221-001;Slac_ENSLPGG00000012949	5.994069235373014e-92	4.158510428091382e-240	Aque_Aqu2.1.25768-001;Slac_ENSLPGG00000012981	2.222481593243513e-07	1.9635955399465848e-264	Aque_Aqu2.1.31245-001;Slac_ENSLPGG00000030313	0.0028843650854585186	4.801048661156323e-14
Aque_Aqu2.1.43341-001;Slac_ENSLPGG00000007608	5.594181239016693e-111	0.0	Aque_Aqu2.1.31194-001;Slac_ENSLPGG00000008469	9.479286352586293e-109	1.466035622163472e-144	Aque_Aqu2.1.37774-001;Slac_ENSLPGG00000007363	7.700554024937936e-21	7.4723889631911e-42	Aque_Aqu2.1.41064-001;Slac_ENSLPGG00000022135	3.157095835580321e-40	1.7520507197809972e-30	Aque_Aqu2.1.42203-001;Slac_ENSLPGG00000021186	3.150184887500491e-07	4.550271614107958e-05	Aque_Aqu2.1.31388-001;Slac_ENSLPGG00000009899	0.009403421798818682	2.1084427922628346e-60	Aque_Aqu2.1.34848-001;Slac_ENSLPGG00000007243	6.8715691931382365e-31	9.307846232261812e-15	Aque_Aqu2.1.43788-001;Slac_ENSLPGG00000014205	1.2849197808890718e-08	4.942981006752245e-12	Aque_Aqu2.1.43434-001;Slac_ENSLPGG00000007104	5.944697149665458e-46	1.3634635998864733e-111	Aque_Aqu2.1.36223-001;Slac_ENSLPGG00000027819	1.4394008307679529e-11	6.475423253128483e-47	Aque_Aqu2.1.43733-001;Slac_ENSLPGG00000017177	4.248328240934453e-206	5.93110898396368e-142	Aque_Aqu2.1.23247-001;Slac_ENSLPGG00000014386	8.210853499627593e-119	4.868199972294929e-38	Aque_Aqu2.1.31381-001;Slac_ENSLPGG00000021402	4.790282318976761e-30	1.6974236185946167e-34	Aque_Aqu2.1.23692-001;Slac_ENSLPGG00000000921	1.2841772084763492e-19	8.554351911362749e-10	Aque_Aqu2.1.38390-001;Slac_ENSLPGG00000009625	3.283777108141531e-31	9.452983638178345e-18	Aque_Aqu2.1.41085-001;Slac_ENSLPGG00000023552	0.0003513925289715841	8.136803868419678e-05	Aque_Aqu2.1.18351-001;Slac_ENSLPGG00000019104	1.6594169365407653e-06	2.741839065414575e-07
Aque_Aqu2.1.18692-001;Slac_ENSLPGG00000021862	1.8143969612667923e-88	0.0	Aque_Aqu2.1.36280-001;Slac_ENSLPGG00000026756	3.288773730928107e-103	2.447754107128956e-115	Aque_Aqu2.1.33574-001;Slac_ENSLPGG00000021720	1.1841602777534483e-14	1.900339797270852e-26	Aque_Aqu2.1.37774-001;Slac_ENSLPGG00000007363	7.700554024937936e-21	2.824389442390339e-51	Aque_Aqu2.1.27258-001;Slac_ENSLPGG00000006993	6.527845708174037e-07	0.004692416435080903	Aque_Aqu2.1.26998-001;Slac_ENSLPGG00000001139	3.197778486344573e-06	1.4494333720685917e-24	Aque_Aqu2.1.39971-001;Slac_ENSLPGG00000028409	1.5619990284916786e-14	0.003563549882243991	Aque_Aqu2.1.39672-001;Slac_ENSLPGG00000002171	6.3157949007109966e-09	2.5730742542634384e-20	Aque_Aqu2.1.27832-001;Slac_ENSLPGG00000004127	5.939276265577746e-23	9.129600555384957e-07	Aque_Aqu2.1.19904-001;Slac_ENSLPGG00000028142	1.9374426998455252e-46	3.7139133484272695e-30	Aque_Aqu2.1.19922-001;Slac_ENSLPGG00000009760	1.1973175788444056e-06	2.498785445450369e-32	Aque_Aqu2.1.23245-001;Slac_ENSLPGG00000014386	2.527911622459719e-106	4.868199972294929e-38	Aque_Aqu2.1.35074-001;Slac_ENSLPGG00000018326	0.0006134988572632546	1.1462170793757774e-39	Aque_Aqu2.1.14505-001;Slac_ENSLPGG00000007322	4.1608280773534837e-17	1.9430152944582622e-16	Aque_Aqu2.1.38554-001;Slac_ENSLPGG00000009625	3.744897044029404e-35	9.452983638178345e-18	Aque_Aqu2.1.40905-001;Slac_ENSLPGG00000015198	3.920453627010159e-23	4.591205690629712e-20	Aque_Aqu2.1.33627-001;Slac_ENSLPGG00000026185	4.7454789617622887e-07	0.0007252828126487708
Aque_Aqu2.1.18867-001;Slac_ENSLPGG00000006262	2.2639624801972363e-67	4.185853560928421e-264	Aque_Aqu2.1.38191-001;Slac_ENSLPGG00000001288	5.740348681209968e-44	8.590086039879821e-17	Aque_Aqu2.1.35077-001;Slac_ENSLPGG00000017593	1.9812419822161078e-144	1.9771365842294233e-126	Aque_Aqu2.1.12657-001;Slac_ENSLPGG00000004375	2.9043498226616313e-98	6.635377060633703e-125	Aque_Aqu2.1.34140-001;Slac_ENSLPGG00000007158	4.6774205649318494e-05	1.9476252809664506e-06	Aque_Aqu2.1.29479-001;Slac_ENSLPGG00000019065	1.027025061779397e-11	3.1496785989591547e-07	Aque_Aqu2.1.43788-001;Slac_ENSLPGG00000023276	1.2849197808890718e-08	1.4295563297452558e-07	Aque_Aqu2.1.29479-001;Slac_ENSLPGG00000019065	1.027025061779397e-11	0.004592237966067324	Aque_Aqu2.1.41583-001;Slac_ENSLPGG00000022488	2.627667865706224e-26	8.88770356445492e-10	Aque_Aqu2.1.37895-001;Slac_ENSLPGG00000021272	1.3041098546376117e-11	2.037304605834763e-05	Aque_Aqu2.1.39162-001;Slac_ENSLPGG00000025488	1.1576352078665665e-55	2.787079609083102e-204	Aque_Aqu2.1.29098-001;Slac_ENSLPGG00000026079	0.0022163606697167436	9.031003272821954e-99	Aque_Aqu2.1.28497-001;Slac_ENSLPGG00000008750	6.265744639493593e-06	8.530991638627806e-36	Aque_Aqu2.1.43989-001;Slac_ENSLPGG00000002394	4.110904363096128e-06	3.132385281564667e-40	Aque_Aqu2.1.28223-001;Slac_ENSLPGG00000018987	1.3844036382592803e-13	4.5516359055595116e-128	Aque_Aqu2.1.41422-001;Slac_ENSLPGG00000007738	0.0007746211047385497	9.041819045951286e-06	Aque_Aqu2.1.20539-001;Slac_ENSLPGG00000010310	0.0026536525850424835	2.3954450010440036e-45
Aque_Aqu2.1.40908-001;Slac_ENSLPGG00000015371	4.597924904219899e-109	7.913891238507608e-305	Aque_Aqu2.1.41943-001;Slac_ENSLPGG00000030160	1.0016906815678531e-30	4.829352076372421e-05	Aque_Aqu2.1.35105-001;Slac_ENSLPGG00000024580	1.949543091572683e-45	1.335015754250869e-19	Aque_Aqu2.1.41034-001;Slac_ENSLPGG00000016457	4.797725684898183e-118	1.6521162740116638e-108	Aque_Aqu2.1.24884-001;Slac_ENSLPGG00000016023	7.205368200732605e-07	6.897468864870669e-18	Aque_Aqu2.1.21205-001;Slac_ENSLPGG00000017522	0.002107528433600299	7.529075582906891e-11	Aque_Aqu2.1.17816-001;Slac_ENSLPGG00000021520	0.009367143325851741	1.1192892414117911e-44	Aque_Aqu2.1.35513-001;Slac_ENSLPGG00000013069	8.033421574211273e-25	1.1207523709477493e-09	Aque_Aqu2.1.43984-001;Slac_ENSLPGG00000003719	2.526376342099982e-138	2.9232553204569993e-05	Aque_Aqu2.1.24504-001;Slac_ENSLPGG00000019760	0.0026964079901808688	3.374568554814508e-30	Aque_Aqu2.1.39162-001;Slac_ENSLPGG00000019084	1.1576352078665665e-55	1.26640156087933e-195	Aque_Aqu2.1.24531-001;Slac_ENSLPGG00000008546	9.274785087847298e-45	3.532240154203323e-05	Aque_Aqu2.1.44221-001;Slac_ENSLPGG00000012949	5.994069235373014e-92	9.33088039317304e-176	Aque_Aqu2.1.43987-001;Slac_ENSLPGG00000002394	3.283156008267793e-06	3.132385281564667e-40	Aque_Aqu2.1.21015-001;Slac_ENSLPGG00000026540	4.488784099627258e-96	1.061749963372983e-30	Aque_Aqu2.1.28952-001;Slac_ENSLPGG00000024614	7.078416680710013e-05	4.742230715718918e-05	Aque_Aqu2.1.40905-001;Slac_ENSLPGG00000014308	1.5343978603673963e-12	0.0
Aque_Aqu2.1.37079-001;Slac_ENSLPGG00000011571	6.987535709667499e-114	1.152196916578078e-230	Aque_Aqu2.1.41621-001;Slac_ENSLPGG00000018880	1.7335877317951547e-90	1.8184116041747724e-107	Aque_Aqu2.1.16620-001;Slac_ENSLPGG00000022242	3.397334660599216e-165	0.005393070509171903	Aque_Aqu2.1.34241-001;Slac_ENSLPGG00000020856	7.816229863606503e-118	3.5850655606520314e-110	Aque_Aqu2.1.38146-001;Slac_ENSLPGG00000018774	0.001071762000244394	0.007970824387419017	Aque_Aqu2.1.28942-001;Slac_ENSLPGG00000014432	1.2138942124859158e-06	2.763045349494756e-39	Aque_Aqu2.1.29479-001;Slac_ENSLPGG00000007158	1.027025061779397e-11	2.0838815629998246e-20	Aque_Aqu2.1.39702-001;Slac_ENSLPGG00000014910	3.839636538726795e-05	2.0951287057256017e-05	Aque_Aqu2.1.34861-001;Slac_ENSLPGG00000010067	2.7190211828773683e-12	2.4406389139278163e-21	Aque_Aqu2.1.39731-001;Slac_ENSLPGG00000009412	6.386168967415702e-17	9.536674912769787e-17	Aque_Aqu2.1.23389-001;Slac_ENSLPGG00000015015	1.181117757917774e-23	1.5596564314307863e-11	Aque_Aqu2.1.14505-001;Slac_ENSLPGG00000028392	4.1608280773534837e-17	2.5589657231536292e-05	Aque_Aqu2.1.38390-001;Slac_ENSLPGG00000005134	3.283777108141531e-31	3.881947193937805e-19	Aque_Aqu2.1.41012-001;Slac_ENSLPGG00000012949	0.00027018571509218245	1.0083071826795984e-138	Aque_Aqu2.1.43995-001;Slac_ENSLPGG00000002394	1.2817282397478916e-13	1.8622701653685263e-59	Aque_Aqu2.1.38796-001;Slac_ENSLPGG00000012082	0.0059344289841183505	5.6697860616992456e-14	Aque_Aqu2.1.40027-001;Slac_ENSLPGG00000027431	4.4481057176109506e-17	2.539440962973419e-07
Aque_Aqu2.1.31194-001;Slac_ENSLPGG00000008469	9.479286352586293e-109	0.0	Aque_Aqu2.1.43837-001;Slac_ENSLPGG00000030026	1.1210704729117143e-102	1.6907957861544858e-110	Aque_Aqu2.1.43423-001;Slac_ENSLPGG00000008236	7.445917862680743e-110	2.595622957402849e-73	Aque_Aqu2.1.28647-001;Slac_ENSLPGG00000010538	1.7976193812861958e-143	2.8811922956953454e-175	Aque_Aqu2.1.42065-001;Slac_ENSLPGG00000022563	0.00041891210912570014	0.0013134316291091932	Aque_Aqu2.1.22812-001;Slac_ENSLPGG00000020504	1.4294337113458468e-05	5.048442826344658e-07	Aque_Aqu2.1.21047-001;Slac_ENSLPGG00000021744	2.0042391223224744e-08	4.4506224902488675e-12	Aque_Aqu2.1.28492-001;Slac_ENSLPGG00000009453	4.609852878565774e-24	7.139115142722667e-47	Aque_Aqu2.1.33497-001;Slac_ENSLPGG00000028361	1.1246706728340858e-06	7.91960121547444e-05	Aque_Aqu2.1.33612-001;Slac_ENSLPGG00000021272	2.364364427309774e-10	2.037304605834763e-05	Aque_Aqu2.1.39162-001;Slac_ENSLPGG00000025765	1.1576352078665665e-55	2.8786681826425163e-147	Aque_Aqu2.1.40997-001;Slac_ENSLPGG00000019726	3.831716522362373e-96	0.0	Aque_Aqu2.1.38554-001;Slac_ENSLPGG00000014697	3.744897044029404e-35	2.659720310412049e-10	Aque_Aqu2.1.38390-001;Slac_ENSLPGG00000009380	3.283777108141531e-31	0.00031224632296336636	Aque_Aqu2.1.38146-001;Slac_ENSLPGG00000012949	6.387586082111135e-11	4.158510428091382e-240	Aque_Aqu2.1.41036-001;Slac_ENSLPGG00000009033	2.3789109976164377e-05	5.114636344699137e-166	Aque_Aqu2.1.42125-001;Slac_ENSLPGG00000018604	1.2548349976297225e-21	0.00016056106678023104
Aque_Aqu2.1.04943-001;Slac_ENSLPGG00000000928	1.7992188705826774e-46	3.2634904038385812e-285	Aque_Aqu2.1.27559-001;Slac_ENSLPGG00000010731	3.744327577318277e-75	1.8304598264798183e-93	Aque_Aqu2.1.08202-001;Slac_ENSLPGG00000021720	1.1705734604072884e-09	1.900339797270852e-26	Aque_Aqu2.1.33574-001;Slac_ENSLPGG00000021720	1.1841602777534483e-14	8.079246503787768e-29	Aque_Aqu2.1.36779-001;Slac_ENSLPGG00000020178	0.0009266633592362874	0.008497928600987774	Aque_Aqu2.1.26998-001;Slac_ENSLPGG00000007158	3.197778486344573e-06	1.2305328596950784e-25	Aque_Aqu2.1.28495-001;Slac_ENSLPGG00000009453	3.050594406121623e-25	1.4756910295882177e-48	Aque_Aqu2.1.31388-001;Slac_ENSLPGG00000009899	0.009403421798818682	1.1160580558002628e-12	Aque_Aqu2.1.37895-001;Slac_ENSLPGG00000021272	1.8087908043811806e-10	2.037304605834763e-05	Aque_Aqu2.1.44197-001;Slac_ENSLPGG00000007158	1.6113923010411783e-24	1.114345831165579e-74	Aque_Aqu2.1.39162-001;Slac_ENSLPGG00000017177	1.1576352078665665e-55	5.93110898396368e-142	Aque_Aqu2.1.37082-001;Slac_ENSLPGG00000028392	1.421056760183191e-45	2.5589657231536292e-05	Aque_Aqu2.1.28489-001;Slac_ENSLPGG00000008750	1.2639077541595553e-28	8.530991638627806e-36	Aque_Aqu2.1.38390-001;Slac_ENSLPGG00000009625	3.283777108141531e-31	0.0006686198455407605	Aque_Aqu2.1.44221-001;Slac_ENSLPGG00000018391	5.994069235373014e-92	1.083666763670672e-22	Aque_Aqu2.1.40905-001;Slac_ENSLPGG00000011374	3.920453627010159e-23	7.246167802767974e-21	Aque_Aqu2.1.40905-001;Slac_ENSLPGG00000009166	1.5343978603673963e-12	6.764553656032244e-94
Aque_Aqu2.1.40808-001;Slac_ENSLPGG00000011745	9.744230663720027e-132	2.1259401974773072e-07	Aque_Aqu2.1.18283-001;Slac_ENSLPGG00000026466	8.281858889981098e-97	1.4626295981692032e-101	Aque_Aqu2.1.44167-001;Slac_ENSLPGG00000002326	2.4503567949267662e-116	4.111952778572349e-104	Aque_Aqu2.1.31038-001;Slac_ENSLPGG00000018181	1.0272479399297856e-48	3.630673637054969e-70	Aque_Aqu2.1.34140-001;Slac_ENSLPGG00000001139	4.6774205649318494e-05	0.0002561637582855778	Aque_Aqu2.1.37137-001;Slac_ENSLPGG00000016891	1.643277675461539e-16	2.9258653159556866e-05	Aque_Aqu2.1.26998-001;Slac_ENSLPGG00000006271	3.197778486344573e-06	6.725810871771657e-11	Aque_Aqu2.1.34848-001;Slac_ENSLPGG00000007243	6.8715691931382365e-31	0.0017907041186009465	Aque_Aqu2.1.42183-001;Slac_ENSLPGG00000010520	6.985331522353285e-12	1.3012214805479853e-10	Aque_Aqu2.1.42183-001;Slac_ENSLPGG00000010520	3.3931647854373665e-10	1.3012214805479853e-10	Aque_Aqu2.1.27307-001;Slac_ENSLPGG00000025488	1.9463641251616724e-12	2.787079609083102e-204	Aque_Aqu2.1.28495-001;Slac_ENSLPGG00000008750	4.458325986516477e-24	3.2875899999834076e-37	Aque_Aqu2.1.31379-001;Slac_ENSLPGG00000021402	3.461111847443033e-18	1.6974236185946167e-34	Aque_Aqu2.1.21015-001;Slac_ENSLPGG00000026540	4.488784099627258e-96	2.4090504664578833e-10	Aque_Aqu2.1.23239-001;Slac_ENSLPGG00000009625	7.943361772072874e-20	9.452983638178345e-18	Aque_Aqu2.1.40333-001;Slac_ENSLPGG00000015465	4.2780196620254543e-10	1.812278830807608e-10	Aque_Aqu2.1.43963-001;Slac_ENSLPGG00000027633	1.5716607462282255e-08	3.094121459568453e-17
Aque_Aqu2.1.18283-001;Slac_ENSLPGG00000026466	8.281858889981098e-97	0.0	Aque_Aqu2.1.18813-001;Slac_ENSLPGG00000028380	1.5941414811933208e-143	3.041130138373718e-62	Aque_Aqu2.1.18087-001;Slac_ENSLPGG00000024429	5.622543966129217e-113	6.286809375059228e-61	Aque_Aqu2.1.27559-001;Slac_ENSLPGG00000010731	3.744327577318277e-75	2.5307846142510007e-156	Aque_Aqu2.1.30867-001;Slac_ENSLPGG00000007158	0.003966351779992213	1.9476252809664506e-06	Aque_Aqu2.1.41049-001;Slac_ENSLPGG00000007899	1.7843460525969402e-71	0.00032475505306436917	Aque_Aqu2.1.28495-001;Slac_ENSLPGG00000011327	3.050594406121623e-25	0.004116007346990355	Aque_Aqu2.1.28942-001;Slac_ENSLPGG00000013461	1.2138942124859158e-06	0.0002538351687265182	Aque_Aqu2.1.44197-001;Slac_ENSLPGG00000007158	2.2714847576806134e-31	1.114345831165579e-74	Aque_Aqu2.1.27832-001;Slac_ENSLPGG00000026194	5.884935948591738e-05	6.674291937003132e-10	Aque_Aqu2.1.27307-001;Slac_ENSLPGG00000019084	1.9463641251616724e-12	1.26640156087933e-195	Aque_Aqu2.1.37800-001;Slac_ENSLPGG00000004031	3.3423690485470974e-33	5.274346880173672e-06	Aque_Aqu2.1.38554-001;Slac_ENSLPGG00000009380	3.744897044029404e-35	2.292414534820821e-11	Aque_Aqu2.1.38554-001;Slac_ENSLPGG00000009380	3.744897044029404e-35	0.00031224632296336636	Aque_Aqu2.1.41892-001;Slac_ENSLPGG00000018987	5.2142493076430264e-14	4.5516359055595116e-128	Aque_Aqu2.1.38447-001;Slac_ENSLPGG00000014858	2.961210012609584e-09	3.276112184488392e-06	Aque_Aqu2.1.25768-001;Slac_ENSLPGG00000012981	7.409015990743464e-05	1.9635955399465848e-264
Aque_Aqu2.1.41621-001;Slac_ENSLPGG00000018880	1.7335877317951547e-90	0.0	Aque_Aqu2.1.41034-001;Slac_ENSLPGG00000016457	4.797725684898183e-118	7.80399596260615e-54	Aque_Aqu2.1.36105-001;Slac_ENSLPGG00000022449	8.927728054109878e-36	5.7149643839779764e-21	Aque_Aqu2.1.33740-001;Slac_ENSLPGG00000011571	1.0543340401031923e-102	4.118572692355889e-69				Aque_Aqu2.1.41049-001;Slac_ENSLPGG00000008987	1.7843460525969402e-71	6.53881726537894e-05	Aque_Aqu2.1.39672-001;Slac_ENSLPGG00000016891	6.3157949007109966e-09	1.1066745948069943e-10	Aque_Aqu2.1.35211-001;Slac_ENSLPGG00000014037	1.877257799674659e-21	1.7369126307804394e-11	Aque_Aqu2.1.36223-001;Slac_ENSLPGG00000027819	3.3674934284767487e-13	6.475423253128483e-47	Aque_Aqu2.1.44214-001;Slac_ENSLPGG00000010520	3.0665856474314364e-10	1.3012214805479853e-10	Aque_Aqu2.1.43733-001;Slac_ENSLPGG00000020578	4.248328240934453e-206	1.0679719099689804e-56	Aque_Aqu2.1.21015-001;Slac_ENSLPGG00000026540	4.488784099627258e-96	1.5286010209599225e-83	Aque_Aqu2.1.14505-001;Slac_ENSLPGG00000014205	4.1608280773534837e-17	5.661329922037294e-55	Aque_Aqu2.1.38554-001;Slac_ENSLPGG00000009625	3.744897044029404e-35	0.0006686198455407605	Aque_Aqu2.1.32690-001;Slac_ENSLPGG00000017789	3.4041548145167936e-06	1.9094305321591624e-24	Aque_Aqu2.1.39106-001;Slac_ENSLPGG00000007434	0.0028514414112835234	0.0010576517044978476	Aque_Aqu2.1.42203-001;Slac_ENSLPGG00000004947	3.7598373078532615e-09	1.323815998187698e-12
Aque_Aqu2.1.40409-001;Slac_ENSLPGG00000002404	2.5626223762526347e-95	0.0	Aque_Aqu2.1.26386-001;Slac_ENSLPGG00000010983	1.5137191822064672e-111	1.039138145298257e-28	Aque_Aqu2.1.38354-001;Slac_ENSLPGG00000028953	1.1143806868995651e-101	1.7799563461859098e-132	Aque_Aqu2.1.08202-001;Slac_ENSLPGG00000021720	1.1705734604072884e-09	8.079246503787768e-29				Aque_Aqu2.1.43788-001;Slac_ENSLPGG00000030375	1.2849197808890718e-08	0.00031005803561051735	Aque_Aqu2.1.26998-001;Slac_ENSLPGG00000001139	3.197778486344573e-06	1.364164359996385e-34	Aque_Aqu2.1.26998-001;Slac_ENSLPGG00000001139	3.197778486344573e-06	1.0794946248240394e-08	Aque_Aqu2.1.37112-001;Slac_ENSLPGG00000014949	1.395071834460463e-28	9.714222834381443e-97	Aque_Aqu2.1.41583-001;Slac_ENSLPGG00000022488	1.075194399407091e-28	8.88770356445492e-10	Aque_Aqu2.1.43733-001;Slac_ENSLPGG00000020866	4.248328240934453e-206	1.408090205453169e-51	Aque_Aqu2.1.28223-001;Slac_ENSLPGG00000007730	1.3844036382592803e-13	1.131600810454147e-278	Aque_Aqu2.1.38390-001;Slac_ENSLPGG00000014697	3.283777108141531e-31	2.659720310412049e-10	Aque_Aqu2.1.14505-001;Slac_ENSLPGG00000012981	4.1608280773534837e-17	8.895392279584421e-40	Aque_Aqu2.1.38390-001;Slac_ENSLPGG00000005134	3.283777108141531e-31	8.764793364384847e-09	Aque_Aqu2.1.33028-001;Slac_ENSLPGG00000025187	2.0324506456093878e-12	3.611499699115872e-08	Aque_Aqu2.1.42204-001;Slac_ENSLPGG00000004947	7.817120237222319e-25	1.323815998187698e-12
Aque_Aqu2.1.36280-001;Slac_ENSLPGG00000026756	3.288773730928107e-103	0.0	Aque_Aqu2.1.34241-001;Slac_ENSLPGG00000020856	7.816229863606503e-118	8.016883964757282e-54	Aque_Aqu2.1.18688-001;Slac_ENSLPGG00000019766	1.5079384116635895e-120	1.400017800012076e-102	Aque_Aqu2.1.18692-001;Slac_ENSLPGG00000021862	1.8143969612667923e-88	3.157985375566818e-151				Aque_Aqu2.1.25929-001;Slac_ENSLPGG00000008098	2.1593827426913054e-06	1.2879272375444677e-11	Aque_Aqu2.1.41931-001;Slac_ENSLPGG00000029146	0.0031080568414908753	1.5191170790595681e-05	Aque_Aqu2.1.39671-001;Slac_ENSLPGG00000012011	4.793950567183939e-08	4.717312729499803e-15	Aque_Aqu2.1.33475-001;Slac_ENSLPGG00000006423	2.5299023188211926e-53	3.266166105766691e-05	Aque_Aqu2.1.36275-001;Slac_ENSLPGG00000005072	0.00011713621280591484	6.293393060430815e-06	Aque_Aqu2.1.27307-001;Slac_ENSLPGG00000017177	1.9463641251616724e-12	5.93110898396368e-142	Aque_Aqu2.1.28497-001;Slac_ENSLPGG00000008750	6.265744639493593e-06	3.2875899999834076e-37	Aque_Aqu2.1.23239-001;Slac_ENSLPGG00000009625	7.943361772072874e-20	1.2756775077314428e-25	Aque_Aqu2.1.28489-001;Slac_ENSLPGG00000009453	1.2639077541595553e-28	2.3985592499326432e-20	Aque_Aqu2.1.38554-001;Slac_ENSLPGG00000005134	3.744897044029404e-35	8.764793364384847e-09	Aque_Aqu2.1.39820-001;Slac_ENSLPGG00000006723	5.184380856958274e-06	1.0097123505710865e-270	Aque_Aqu2.1.44058-001;Slac_ENSLPGG00000013965	1.520176735068224e-14	0.002067798124046298
Aque_Aqu2.1.39934-001;Slac_ENSLPGG00000026505	4.277056854050607e-115	0.0	Aque_Aqu2.1.37079-001;Slac_ENSLPGG00000011571	6.987535709667499e-114	1.6908400915540935e-56	Aque_Aqu2.1.29050-001;Slac_ENSLPGG00000007086	2.867105090061806e-114	1.5516512783671378e-79	Aque_Aqu2.1.41195-001;Slac_ENSLPGG00000011674	1.6646534696328347e-107	4.665387576456848e-82				Aque_Aqu2.1.39906-001;Slac_ENSLPGG00000026132	3.377494226491948e-33	0.0008921327165314092	Aque_Aqu2.1.39672-001;Slac_ENSLPGG00000002171	6.3157949007109966e-09	2.0039843010385572e-48	Aque_Aqu2.1.25929-001;Slac_ENSLPGG00000008098	2.1593827426913054e-06	0.0019157688863410771	Aque_Aqu2.1.37101-001;Slac_ENSLPGG00000026194	6.194430517240804e-07	6.674291937003132e-10	Aque_Aqu2.1.44218-001;Slac_ENSLPGG00000010520	2.1931163753421432e-08	1.3012214805479853e-10	Aque_Aqu2.1.43733-001;Slac_ENSLPGG00000010570	4.248328240934453e-206	2.0632134805623925e-53	Aque_Aqu2.1.28489-001;Slac_ENSLPGG00000008750	1.2639077541595553e-28	3.2875899999834076e-37	Aque_Aqu2.1.38146-001;Slac_ENSLPGG00000018391	6.387586082111135e-11	8.80674281685354e-58	Aque_Aqu2.1.24884-001;Slac_ENSLPGG00000016023	2.088362072783549e-50	1.2723832026664155e-72	Aque_Aqu2.1.38390-001;Slac_ENSLPGG00000009380	3.283777108141531e-31	3.538907005608493e-07	Aque_Aqu2.1.19904-001;Slac_ENSLPGG00000028142	1.331970653716328e-11	8.148248345373217e-57	Aque_Aqu2.1.33503-001;Slac_ENSLPGG00000028142	1.518359608748127e-13	8.148248345373217e-57
Aque_Aqu2.1.34241-001;Slac_ENSLPGG00000020856	7.816229863606503e-118	1.0080776585813708e-179	Aque_Aqu2.1.43341-001;Slac_ENSLPGG00000007608	5.594181239016693e-111	8.32061485748391e-89	Aque_Aqu2.1.40665-001;Slac_ENSLPGG00000005591	8.115709961538107e-35	1.3805247588260119e-12	Aque_Aqu2.1.32946-001;Slac_ENSLPGG00000010832	3.198548394219795e-57	2.4613134574582015e-09				Aque_Aqu2.1.25014-001;Slac_ENSLPGG00000020504	1.507831611836693e-06	5.048442826344658e-07	Aque_Aqu2.1.23818-001;Slac_ENSLPGG00000019389	5.427934060660114e-24	1.2556520133096096e-12	Aque_Aqu2.1.24981-001;Slac_ENSLPGG00000009456	2.561124602315965e-06	2.1689645622533997e-11	Aque_Aqu2.1.24504-001;Slac_ENSLPGG00000019760	0.0013419147762785014	3.374568554814508e-30	Aque_Aqu2.1.42183-001;Slac_ENSLPGG00000015655	3.3931647854373665e-10	1.5555584095616784e-48	Aque_Aqu2.1.43733-001;Slac_ENSLPGG00000022959	4.248328240934453e-206	1.783385765627898e-41	Aque_Aqu2.1.20935-001;Slac_ENSLPGG00000026155	3.0542012146660946e-19	4.717549418716616e-18	Aque_Aqu2.1.38390-001;Slac_ENSLPGG00000009380	3.283777108141531e-31	2.292414534820821e-11	Aque_Aqu2.1.31586-001;Slac_ENSLPGG00000015099	1.7372787348993547e-40	5.6665494261985154e-05	Aque_Aqu2.1.38554-001;Slac_ENSLPGG00000009380	3.744897044029404e-35	3.538907005608493e-07	Aque_Aqu2.1.42548-001;Slac_ENSLPGG00000024879	0.0003896247604060393	0.0	Aque_Aqu2.1.40608-001;Slac_ENSLPGG00000011129	1.1256965272887042e-07	1.318482494261475e-05
Aque_Aqu2.1.42490-001;Slac_ENSLPGG00000011256	3.576635191646024e-93	8.73622077107101e-237	Aque_Aqu2.1.41260-001;Slac_ENSLPGG00000008330	1.638108573287336e-99	2.6338898288211363e-45	Aque_Aqu2.1.44014-001;Slac_ENSLPGG00000009021	1.3224867554283511e-120	2.8936312771407684e-22	Aque_Aqu2.1.28816-001;Slac_ENSLPGG00000010719	1.0840523851845123e-95	3.9479853056275525e-125				Aque_Aqu2.1.29479-001;Slac_ENSLPGG00000006271	1.027025061779397e-11	0.00010329686300105768	Aque_Aqu2.1.43788-001;Slac_ENSLPGG00000030375	1.2849197808890718e-08	0.0009062360447060605	Aque_Aqu2.1.38750-001;Slac_ENSLPGG00000014037	2.625604464614801e-12	1.7369126307804394e-11	Aque_Aqu2.1.28283-001;Slac_ENSLPGG00000006965	8.56665288335661e-23	0.0010456499946495089	Aque_Aqu2.1.35107-001;Slac_ENSLPGG00000024196	0.004049250287552695	3.679561057659832e-08	Aque_Aqu2.1.43733-001;Slac_ENSLPGG00000025920	4.248328240934453e-206	3.8306466062293196e-47	Aque_Aqu2.1.36563-001;Slac_ENSLPGG00000011583	6.197296763097124e-05	2.1096010570290062e-10	Aque_Aqu2.1.29098-001;Slac_ENSLPGG00000002251	0.0022163606697167436	1.0703518826219367e-12	Aque_Aqu2.1.44243-001;Slac_ENSLPGG00000008996	2.5819489532558422e-23	1.8020173989883424e-05	Aque_Aqu2.1.28214-001;Slac_ENSLPGG00000015631	8.244866599655472e-18	4.787190414733341e-18	Aque_Aqu2.1.33501-001;Slac_ENSLPGG00000029438	9.849986191119951e-14	1.4163629945126725e-05	Aque_Aqu2.1.42534-001;Slac_ENSLPGG00000001013	0.008079812207691493	8.737797247574456e-205
Aque_Aqu2.1.41308-001;Slac_ENSLPGG00000009291	4.0631799851115316e-122	4.511674849880129e-80	Aque_Aqu2.1.12657-001;Slac_ENSLPGG00000004375	2.9043498226616313e-98	8.881215992027511e-49	Aque_Aqu2.1.43382-001;Slac_ENSLPGG00000004594	1.0768824237806037e-94	4.10807541101737e-117	Aque_Aqu2.1.40739-001;Slac_ENSLPGG00000007249	1.6754096759265384e-122	2.4016299289178353e-108				Aque_Aqu2.1.39672-001;Slac_ENSLPGG00000010506	6.3157949007109966e-09	1.6813378010395353e-09	Aque_Aqu2.1.37137-001;Slac_ENSLPGG00000022031	1.643277675461539e-16	1.6521542134525504e-05	Aque_Aqu2.1.26998-001;Slac_ENSLPGG00000021520	3.197778486344573e-06	0.008152652185200318	Aque_Aqu2.1.43615-001;Slac_ENSLPGG00000011962	8.086275665665817e-05	3.211008789355102e-10	Aque_Aqu2.1.27411-001;Slac_ENSLPGG00000006965	1.0834257764909658e-15	0.0010456499946495089	Aque_Aqu2.1.39162-001;Slac_ENSLPGG00000020578	1.1576352078665665e-55	1.0679719099689804e-56	Aque_Aqu2.1.40738-001;Slac_ENSLPGG00000028392	6.218782870818954e-08	2.5589657231536292e-05	Aque_Aqu2.1.34863-001;Slac_ENSLPGG00000012140	7.856949568546215e-16	8.571097025114353e-39	Aque_Aqu2.1.40376-001;Slac_ENSLPGG00000001593	5.626029519789693e-17	8.829921093559036e-09	Aque_Aqu2.1.39671-001;Slac_ENSLPGG00000012011	5.6277730716785066e-24	6.2290114185022e-13	Aque_Aqu2.1.31479-001;Slac_ENSLPGG00000017231	0.0003067347607332758	0.0004343907090126274	Aque_Aqu2.1.34463-001;Slac_ENSLPGG00000008393	0.00019160000733463742	7.280908822555512e-05
Aque_Aqu2.1.33925-001;Slac_ENSLPGG00000001999	4.33182089821621e-115	0.0	Aque_Aqu2.1.34476-001;Slac_ENSLPGG00000009693	1.1365096649262665e-143	8.409851108758079e-62	Aque_Aqu2.1.34449-001;Slac_ENSLPGG00000011929	1.3827931758702237e-110	1.1099288768357447e-27	Aque_Aqu2.1.37095-001;Slac_ENSLPGG00000011766	1.7138617390298075e-107	3.9965383187050887e-87				Aque_Aqu2.1.35513-001;Slac_ENSLPGG00000014037	8.033421574211273e-25	2.8937728943288984e-19	Aque_Aqu2.1.29479-001;Slac_ENSLPGG00000019065	1.027025061779397e-11	5.413313929192906e-06	Aque_Aqu2.1.42151-001;Slac_ENSLPGG00000021186	0.0002867980365569547	1.220442759122435e-24	Aque_Aqu2.1.44214-001;Slac_ENSLPGG00000010520	2.009817921356835e-06	1.3012214805479853e-10	Aque_Aqu2.1.38750-001;Slac_ENSLPGG00000014037	4.160461261776937e-93	9.215098691457013e-15	Aque_Aqu2.1.39162-001;Slac_ENSLPGG00000020866	1.1576352078665665e-55	1.408090205453169e-51	Aque_Aqu2.1.28223-001;Slac_ENSLPGG00000018987	1.3844036382592803e-13	1.3501043026864786e-122	Aque_Aqu2.1.23239-001;Slac_ENSLPGG00000005134	7.943361772072874e-20	3.881947193937805e-19	Aque_Aqu2.1.44221-001;Slac_ENSLPGG00000018391	5.994069235373014e-92	8.557416813620929e-05	Aque_Aqu2.1.38146-001;Slac_ENSLPGG00000018391	6.387586082111135e-11	1.083666763670672e-22	Aque_Aqu2.1.18351-001;Slac_ENSLPGG00000019104	1.634928613611579e-07	2.741839065414575e-07	Aque_Aqu2.1.24990-001;Slac_ENSLPGG00000013965	1.8628310299970757e-06	0.002067798124046298
Aque_Aqu2.1.34476-001;Slac_ENSLPGG00000009693	1.1365096649262665e-143	1.1307435549499394e-259	Aque_Aqu2.1.22254-001;Slac_ENSLPGG00000009254	1.7812566036149077e-133	4.904676175198076e-70	Aque_Aqu2.1.34247-001;Slac_ENSLPGG00000018181	5.995179413289e-67	8.363124698016115e-89	Aque_Aqu2.1.18867-001;Slac_ENSLPGG00000006262	2.2639624801972363e-67	1.7912672260378663e-75				Aque_Aqu2.1.41482-001;Slac_ENSLPGG00000021520	2.2364060071655327e-10	2.3251872846171974e-12	Aque_Aqu2.1.32548-001;Slac_ENSLPGG00000016891	0.0016118061765567644	1.1066745948069943e-10	Aque_Aqu2.1.31388-001;Slac_ENSLPGG00000022008	0.009403421798818682	1.5589144829574547e-18	Aque_Aqu2.1.33501-001;Slac_ENSLPGG00000029438	6.179856405558701e-07	7.331105998220488e-07	Aque_Aqu2.1.35513-001;Slac_ENSLPGG00000013069	1.9223474439878673e-49	1.8352583169197938e-25	Aque_Aqu2.1.39162-001;Slac_ENSLPGG00000010570	1.1576352078665665e-55	2.0632134805623925e-53	Aque_Aqu2.1.43555-001;Slac_ENSLPGG00000007730	9.172629855478385e-23	1.131600810454147e-278	Aque_Aqu2.1.41012-001;Slac_ENSLPGG00000018391	0.00027018571509218245	8.80674281685354e-58	Aque_Aqu2.1.33622-001;Slac_ENSLPGG00000002171	1.708447263117159e-16	3.0880155494544363e-12	Aque_Aqu2.1.14505-001;Slac_ENSLPGG00000014205	4.1608280773534837e-17	1.1536648230263885e-25	Aque_Aqu2.1.25926-001;Slac_ENSLPGG00000006437	1.3908453543414288e-08	1.966565968935209e-74	Aque_Aqu2.1.18818-001;Slac_ENSLPGG00000004947	1.3238364383206064e-05	1.323815998187698e-12
Aque_Aqu2.1.22254-001;Slac_ENSLPGG00000009254	1.7812566036149077e-133	2.089719913428027e-254	Aque_Aqu2.1.18087-001;Slac_ENSLPGG00000024429	5.622543966129217e-113	4.0152704199613e-50	Aque_Aqu2.1.37762-001;Slac_ENSLPGG00000010260	1.6015037883301053e-113	5.4397789252914706e-101	Aque_Aqu2.1.37079-001;Slac_ENSLPGG00000011571	6.987535709667499e-114	4.118572692355889e-69				Aque_Aqu2.1.41646-001;Slac_ENSLPGG00000016551	0.0006152756546389729	4.8859809757437435e-05	Aque_Aqu2.1.26998-001;Slac_ENSLPGG00000007158	3.197778486344573e-06	2.0838815629998246e-20	Aque_Aqu2.1.41482-001;Slac_ENSLPGG00000007158	2.2364060071655327e-10	4.969353227696443e-20	Aque_Aqu2.1.44009-001;Slac_ENSLPGG00000020586	6.829178733406637e-51	4.174689950786955e-05	Aque_Aqu2.1.44214-001;Slac_ENSLPGG00000015655	3.0665856474314364e-10	1.5555584095616784e-48	Aque_Aqu2.1.39162-001;Slac_ENSLPGG00000022959	1.1576352078665665e-55	1.783385765627898e-41	Aque_Aqu2.1.29497-001;Slac_ENSLPGG00000014782	6.077919633614359e-57	3.5310458308772875e-55	Aque_Aqu2.1.28214-001;Slac_ENSLPGG00000029934	8.244866599655472e-18	0.0007193067221844002	Aque_Aqu2.1.39672-001;Slac_ENSLPGG00000002171	1.7219934783810546e-24	3.0880155494544363e-12	Aque_Aqu2.1.28223-001;Slac_ENSLPGG00000007525	1.3844036382592803e-13	3.9611081585269763e-32	Aque_Aqu2.1.29864-001;Slac_ENSLPGG00000015073	0.006566079114390827	0.0003519818285906026	Aque_Aqu2.1.42203-001;Slac_ENSLPGG00000021186	3.7598373078532615e-09	4.6642969300092515e-92
Aque_Aqu2.1.41034-001;Slac_ENSLPGG00000016457	4.797725684898183e-118	5.878050781016792e-160	Aque_Aqu2.1.18867-001;Slac_ENSLPGG00000006262	2.2639624801972363e-67	8.460772291085661e-53	Aque_Aqu2.1.33925-001;Slac_ENSLPGG00000001999	4.33182089821621e-115	3.022366284904292e-88	Aque_Aqu2.1.26386-001;Slac_ENSLPGG00000010983	1.5137191822064672e-111	9.834982668604445e-20				Aque_Aqu2.1.37137-001;Slac_ENSLPGG00000022031	1.643277675461539e-16	9.300342416746377e-05	Aque_Aqu2.1.32548-001;Slac_ENSLPGG00000002171	0.0016118061765567644	2.0039843010385572e-48	Aque_Aqu2.1.36606-001;Slac_ENSLPGG00000002171	5.622930540080185e-07	2.5730742542634384e-20	Aque_Aqu2.1.44104-001;Slac_ENSLPGG00000013804	1.0271464132257017e-50	3.586733440963688e-08	Aque_Aqu2.1.38752-001;Slac_ENSLPGG00000014037	1.5804020643111057e-187	9.215098691457013e-15	Aque_Aqu2.1.27307-001;Slac_ENSLPGG00000020578	1.9463641251616724e-12	1.0679719099689804e-56	Aque_Aqu2.1.44221-001;Slac_ENSLPGG00000012949	5.994069235373014e-92	2.5981849991575668e-160	Aque_Aqu2.1.40738-001;Slac_ENSLPGG00000007322	6.218782870818954e-08	1.8319456033269103e-86	Aque_Aqu2.1.38146-001;Slac_ENSLPGG00000018391	6.387586082111135e-11	8.557416813620929e-05	Aque_Aqu2.1.41190-001;Slac_ENSLPGG00000009625	3.070020325785256e-26	9.452983638178345e-18	Aque_Aqu2.1.40965-001;Slac_ENSLPGG00000017617	0.00030243385921234874	0.0016309099055657457	Aque_Aqu2.1.43539-001;Slac_ENSLPGG00000017231	1.4534280963588581e-13	0.0004343907090126274
Aque_Aqu2.1.43479-001;Slac_ENSLPGG00000027461	6.772830132076829e-109	5.668657897950773e-08	Aque_Aqu2.1.40409-001;Slac_ENSLPGG00000002404	2.5626223762526347e-95	3.717221470772377e-60	Aque_Aqu2.1.42087-001;Slac_ENSLPGG00000022449	4.453201835818651e-25	5.7149643839779764e-21	Aque_Aqu2.1.37747-001;Slac_ENSLPGG00000010195	1.520304058493942e-143	2.1728558564461395e-216				Aque_Aqu2.1.43788-001;Slac_ENSLPGG00000014205	1.2849197808890718e-08	2.9601798466944025e-18	Aque_Aqu2.1.24981-001;Slac_ENSLPGG00000009456	2.561124602315965e-06	5.660643526030502e-31	Aque_Aqu2.1.23247-001;Slac_ENSLPGG00000013844	1.1200245995874174e-06	8.041911962726058e-49	Aque_Aqu2.1.42183-001;Slac_ENSLPGG00000015655	6.985331522353285e-12	1.5555584095616784e-48	Aque_Aqu2.1.35119-001;Slac_ENSLPGG00000015631	1.8070548054903732e-84	8.896789141331552e-11	Aque_Aqu2.1.27307-001;Slac_ENSLPGG00000020866	1.9463641251616724e-12	1.408090205453169e-51	Aque_Aqu2.1.23692-001;Slac_ENSLPGG00000026194	1.2841772084763492e-19	1.969891307800923e-05	Aque_Aqu2.1.38146-001;Slac_ENSLPGG00000012949	6.387586082111135e-11	9.33088039317304e-176	Aque_Aqu2.1.43252-001;Slac_ENSLPGG00000027461	1.118841022757129e-86	0.0044535470809418595	Aque_Aqu2.1.36565-001;Slac_ENSLPGG00000020706	4.250044864508634e-18	0.00019249484478877987	Aque_Aqu2.1.38331-001;Slac_ENSLPGG00000025841	0.004869031541960284	9.566307786889676e-13	Aque_Aqu2.1.43366-001;Slac_ENSLPGG00000020618	0.0009760641292467516	5.012486692426846e-36
Aque_Aqu2.1.38191-001;Slac_ENSLPGG00000001288	5.740348681209968e-44	4.0556484159166975e-43	Aque_Aqu2.1.33925-001;Slac_ENSLPGG00000001999	4.33182089821621e-115	6.060434077213703e-61	Aque_Aqu2.1.38546-001;Slac_ENSLPGG00000004809	5.0069341824032954e-104	9.725594954489588e-131	Aque_Aqu2.1.35782-001;Slac_ENSLPGG00000006246	1.2434888697369219e-92	6.07847997568808e-119				Aque_Aqu2.1.31388-001;Slac_ENSLPGG00000022008	0.009403421798818682	2.0774272697276016e-77	Aque_Aqu2.1.36606-001;Slac_ENSLPGG00000016891	5.622930540080185e-07	1.1066745948069943e-10	Aque_Aqu2.1.35211-001;Slac_ENSLPGG00000013069	1.877257799674659e-21	1.1207523709477493e-09	Aque_Aqu2.1.35503-001;Slac_ENSLPGG00000022488	2.462783846913317e-07	8.88770356445492e-10	Aque_Aqu2.1.35571-001;Slac_ENSLPGG00000010608	8.48223539700348e-12	1.4294544322162747e-07	Aque_Aqu2.1.43733-001;Slac_ENSLPGG00000009760	4.248328240934453e-206	2.498785445450369e-32	Aque_Aqu2.1.41892-001;Slac_ENSLPGG00000018987	5.2142493076430264e-14	1.3501043026864786e-122	Aque_Aqu2.1.23239-001;Slac_ENSLPGG00000014697	7.943361772072874e-20	2.659720310412049e-10	Aque_Aqu2.1.29714-001;Slac_ENSLPGG00000008036	7.391576077219849e-08	1.1773306342654704e-10	Aque_Aqu2.1.14505-001;Slac_ENSLPGG00000007322	4.1608280773534837e-17	1.5533319931254813e-22	Aque_Aqu2.1.37468-001;Slac_ENSLPGG00000000675	0.008888637828780497	6.719716828291509e-14	Aque_Aqu2.1.19258-001;Slac_ENSLPGG00000027017	0.0010247131434619572	1.1660216278845679e-12
Aque_Aqu2.1.27559-001;Slac_ENSLPGG00000010731	3.744327577318277e-75	9.675335389896591e-267	Aque_Aqu2.1.24263-001;Slac_ENSLPGG00000024124	6.882511556510769e-115	7.925025966358434e-54	Aque_Aqu2.1.37095-001;Slac_ENSLPGG00000011766	1.7138617390298075e-107	1.6496190988449835e-52	Aque_Aqu2.1.40908-001;Slac_ENSLPGG00000015371	4.597924904219899e-109	3.24982642324781e-94				Aque_Aqu2.1.37137-001;Slac_ENSLPGG00000021127	1.643277675461539e-16	0.00026020690407486225	Aque_Aqu2.1.35513-001;Slac_ENSLPGG00000013069	8.033421574211273e-25	2.228833167443332e-21	Aque_Aqu2.1.42151-001;Slac_ENSLPGG00000008996	0.0002867980365569547	8.656770680653274e-05	Aque_Aqu2.1.41583-001;Slac_ENSLPGG00000000967	2.627667865706224e-26	1.6969914153055907e-11	Aque_Aqu2.1.34848-001;Slac_ENSLPGG00000007243	1.661784128891757e-14	8.006524902330374e-19	Aque_Aqu2.1.27307-001;Slac_ENSLPGG00000010570	1.9463641251616724e-12	2.0632134805623925e-53	Aque_Aqu2.1.37962-001;Slac_ENSLPGG00000015297	8.655414198411728e-23	1.470438540824872e-11	Aque_Aqu2.1.40997-001;Slac_ENSLPGG00000019726	3.831716522362373e-96	3.693794179985513e-95	Aque_Aqu2.1.44243-001;Slac_ENSLPGG00000021186	2.5819489532558422e-23	2.411558428950339e-13	Aque_Aqu2.1.38390-001;Slac_ENSLPGG00000014697	3.283777108141531e-31	0.00031433912419985853	Aque_Aqu2.1.39203-001;Slac_ENSLPGG00000023764	1.1233610661314817e-06	4.716362101857494e-16	Aque_Aqu2.1.23244-001;Slac_ENSLPGG00000017421	0.0006147344884710201	9.534779600101189e-12
Aque_Aqu2.1.36105-001;Slac_ENSLPGG00000022449	8.927728054109878e-36	3.378233621973844e-73	Aque_Aqu2.1.44138-001;Slac_ENSLPGG00000009965	8.430793710552281e-94	1.1911656614007344e-70	Aque_Aqu2.1.39934-001;Slac_ENSLPGG00000026505	4.277056854050607e-115	8.549588987364409e-116	Aque_Aqu2.1.15787-001;Slac_ENSLPGG00000026812	7.592400004336438e-49	2.8191049339599397e-148				Aque_Aqu2.1.26998-001;Slac_ENSLPGG00000019065	3.197778486344573e-06	3.1496785989591547e-07	Aque_Aqu2.1.36606-001;Slac_ENSLPGG00000002171	5.622930540080185e-07	2.0039843010385572e-48	Aque_Aqu2.1.01979-001;Slac_ENSLPGG00000007158	0.007012591066954428	4.969353227696443e-20	Aque_Aqu2.1.36608-001;Slac_ENSLPGG00000019073	4.695796899148006e-74	8.534002921826472e-09	Aque_Aqu2.1.27832-001;Slac_ENSLPGG00000004127	5.884935948591738e-05	9.129600555384957e-07	Aque_Aqu2.1.27307-001;Slac_ENSLPGG00000022959	1.9463641251616724e-12	1.783385765627898e-41	Aque_Aqu2.1.28214-001;Slac_ENSLPGG00000015631	8.244866599655472e-18	1.3544945094291961e-13	Aque_Aqu2.1.37112-001;Slac_ENSLPGG00000014949	0.004695475713269114	2.611907680985946e-165	Aque_Aqu2.1.21880-001;Slac_ENSLPGG00000008528	1.2898596676934027e-28	9.878757970640386e-09	Aque_Aqu2.1.38554-001;Slac_ENSLPGG00000014697	3.744897044029404e-35	0.00031433912419985853	Aque_Aqu2.1.39901-001;Slac_ENSLPGG00000027633	0.00010473551507641958	3.094121459568453e-17	Aque_Aqu2.1.40905-001;Slac_ENSLPGG00000015198	1.5343978603673963e-12	4.591205690629712e-20
Aque_Aqu2.1.07543-001;Slac_ENSLPGG00000028683	5.249550863120593e-114	4.6375173078021236e-76	Aque_Aqu2.1.35782-001;Slac_ENSLPGG00000006246	1.2434888697369219e-92	1.5296111144191326e-60	Aque_Aqu2.1.37747-001;Slac_ENSLPGG00000010195	1.520304058493942e-143	7.49018270378121e-168	Aque_Aqu2.1.21796-001;Slac_ENSLPGG00000020424	1.2188109824148507e-117	3.3723137177230222e-102				Aque_Aqu2.1.23245-001;Slac_ENSLPGG00000013844	6.412219767578961e-13	1.7058538510207692e-102	Aque_Aqu2.1.28495-001;Slac_ENSLPGG00000023963	3.050594406121623e-25	6.68653400023443e-06	Aque_Aqu2.1.32548-001;Slac_ENSLPGG00000002171	0.0016118061765567644	2.5730742542634384e-20	Aque_Aqu2.1.42693-001;Slac_ENSLPGG00000026194	0.009867365457725135	6.674291937003132e-10	Aque_Aqu2.1.44218-001;Slac_ENSLPGG00000015655	2.1931163753421432e-08	1.5555584095616784e-48	Aque_Aqu2.1.39162-001;Slac_ENSLPGG00000009760	1.1576352078665665e-55	2.498785445450369e-32	Aque_Aqu2.1.39671-001;Slac_ENSLPGG00000012011	5.6277730716785066e-24	1.1043109540803633e-23	Aque_Aqu2.1.43555-001;Slac_ENSLPGG00000007730	9.172629855478385e-23	1.5161634843722148e-162	Aque_Aqu2.1.29862-001;Slac_ENSLPGG00000010736	1.5187831121386648e-33	2.0988989273194013e-05	Aque_Aqu2.1.23239-001;Slac_ENSLPGG00000005134	7.943361772072874e-20	8.764793364384847e-09	Aque_Aqu2.1.30847-001;Slac_ENSLPGG00000006723	1.0199974448186124e-12	1.0097123505710865e-270	Aque_Aqu2.1.34242-001;Slac_ENSLPGG00000003042	2.6636952879978064e-11	2.521055910025255e-41
Aque_Aqu2.1.44014-001;Slac_ENSLPGG00000009021	1.3224867554283511e-120	2.180674028483158e-84	Aque_Aqu2.1.39934-001;Slac_ENSLPGG00000026505	4.277056854050607e-115	2.767133168938679e-70	Aque_Aqu2.1.40409-001;Slac_ENSLPGG00000002404	2.5626223762526347e-95	7.674548491933554e-77	Aque_Aqu2.1.18688-001;Slac_ENSLPGG00000019766	1.5079384116635895e-120	4.543643521587524e-77				Aque_Aqu2.1.21208-001;Slac_ENSLPGG00000013772	0.009823782723145305	7.549622149393028e-16	Aque_Aqu2.1.37112-001;Slac_ENSLPGG00000014949	7.988764884310961e-19	1.1948375898754562e-64	Aque_Aqu2.1.44218-001;Slac_ENSLPGG00000015655	1.5630724984533242e-08	3.8185501242099067e-13	Aque_Aqu2.1.41386-001;Slac_ENSLPGG00000026030	1.2320508331074966e-08	2.630440636098749e-06	Aque_Aqu2.1.36223-001;Slac_ENSLPGG00000026242	1.4394008307679529e-11	1.0657543622773938e-09	Aque_Aqu2.1.23702-001;Slac_ENSLPGG00000020158	1.716826897513764e-115	1.2616917444537784e-05	Aque_Aqu2.1.43674-001;Slac_ENSLPGG00000001139	4.20083387372124e-06	1.5864479285115916e-66	Aque_Aqu2.1.41190-001;Slac_ENSLPGG00000009625	3.070020325785256e-26	1.2756775077314428e-25	Aque_Aqu2.1.37486-001;Slac_ENSLPGG00000008996	5.791765336917085e-10	1.8020173989883424e-05	Aque_Aqu2.1.24276-001;Slac_ENSLPGG00000022619	2.486556444344543e-15	2.437952895121367e-10	Aque_Aqu2.1.32600-001;Slac_ENSLPGG00000009612	9.637304403364936e-05	0.00011351860522038327	Aque_Aqu2.1.28489-001;Slac_ENSLPGG00000009116	9.545208622355646e-11	1.938637425975692e-130
Aque_Aqu2.1.18688-001;Slac_ENSLPGG00000019766	1.5079384116635895e-120	4.597560006924467e-208	Aque_Aqu2.1.41635-001;Slac_ENSLPGG00000019527	1.35534995308407e-94	1.8922541771844733e-36	Aque_Aqu2.1.33636-001;Slac_ENSLPGG00000022969	1.2164548748428428e-123	1.046845666762014e-38	Aque_Aqu2.1.19270-001;Slac_ENSLPGG00000014669	3.5649902187242884e-79	4.906275970111657e-27				Aque_Aqu2.1.37112-001;Slac_ENSLPGG00000014949	7.988764884310961e-19	2.5978137145777256e-54	Aque_Aqu2.1.33622-001;Slac_ENSLPGG00000016891	3.31852085524485e-07	1.1066745948069943e-10	Aque_Aqu2.1.38750-001;Slac_ENSLPGG00000013069	2.625604464614801e-12	1.1207523709477493e-09	Aque_Aqu2.1.30847-001;Slac_ENSLPGG00000006723	2.1000782837849874e-45	7.79951365681538e-119	Aque_Aqu2.1.32241-001;Slac_ENSLPGG00000023350	9.446383970278894e-11	0.0009776894267064676	Aque_Aqu2.1.43733-001;Slac_ENSLPGG00000015015	4.248328240934453e-206	1.5596564314307863e-11	Aque_Aqu2.1.14505-001;Slac_ENSLPGG00000014205	4.1608280773534837e-17	8.529006203565522e-47	Aque_Aqu2.1.23239-001;Slac_ENSLPGG00000009380	7.943361772072874e-20	2.292414534820821e-11	Aque_Aqu2.1.23239-001;Slac_ENSLPGG00000009380	7.943361772072874e-20	0.00031224632296336636	Aque_Aqu2.1.43987-001;Slac_ENSLPGG00000002394	3.283156008267793e-06	1.8622701653685263e-59	Aque_Aqu2.1.41603-001;Slac_ENSLPGG00000019656	0.0005643144128126425	8.398405153558724e-07	Aque_Aqu2.1.14505-001;Slac_ENSLPGG00000012981	0.0012907827016655612	1.9635955399465848e-264
Aque_Aqu2.1.32930-001;Slac_ENSLPGG00000028683	7.663138857997222e-90	4.6375173078021236e-76	Aque_Aqu2.1.32963-001;Slac_ENSLPGG00000006527	4.7320394813194234e-185	0.00010759640320559511	Aque_Aqu2.1.41260-001;Slac_ENSLPGG00000008330	1.638108573287336e-99	1.9285434804500765e-19	Aque_Aqu2.1.43309-001;Slac_ENSLPGG00000007673	1.4807065078763136e-142	2.5463738690263247e-08				Aque_Aqu2.1.28492-001;Slac_ENSLPGG00000009453	4.609852878565774e-24	6.590504302001542e-85	Aque_Aqu2.1.26998-001;Slac_ENSLPGG00000019065	3.197778486344573e-06	5.413313929192906e-06	Aque_Aqu2.1.33622-001;Slac_ENSLPGG00000002171	3.31852085524485e-07	2.5730742542634384e-20	Aque_Aqu2.1.22700-001;Slac_ENSLPGG00000019300	2.8030971474776213e-40	0.00916946657507977	Aque_Aqu2.1.33497-001;Slac_ENSLPGG00000028361	0.002766460408038752	7.91960121547444e-05	Aque_Aqu2.1.27307-001;Slac_ENSLPGG00000009760	1.9463641251616724e-12	2.498785445450369e-32	Aque_Aqu2.1.23371-001;Slac_ENSLPGG00000028025	2.814354895128478e-35	1.9481484135242517e-27	Aque_Aqu2.1.28223-001;Slac_ENSLPGG00000007730	1.3844036382592803e-13	1.5161634843722148e-162	Aque_Aqu2.1.41190-001;Slac_ENSLPGG00000009380	3.070020325785256e-26	0.00031224632296336636	Aque_Aqu2.1.23239-001;Slac_ENSLPGG00000009380	7.943361772072874e-20	3.538907005608493e-07	Aque_Aqu2.1.41071-001;Slac_ENSLPGG00000024858	2.2400208669496252e-18	6.9410689420013476e-34	Aque_Aqu2.1.28240-001;Slac_ENSLPGG00000013965	0.00045718292299023946	0.002067798124046298
Aque_Aqu2.1.24263-001;Slac_ENSLPGG00000024124	6.882511556510769e-115	2.1492171043435602e-195	Aque_Aqu2.1.25378-001;Slac_ENSLPGG00000020432	3.4926863395162285e-66	2.737864208253232e-31	Aque_Aqu2.1.25378-001;Slac_ENSLPGG00000020432	3.4926863395162285e-66	8.29687771191368e-30	Aque_Aqu2.1.42605-001;Slac_ENSLPGG00000011766	9.509180868415106e-59	3.9965383187050887e-87				Aque_Aqu2.1.39671-001;Slac_ENSLPGG00000012011	4.793950567183939e-08	3.1442799037072e-45	Aque_Aqu2.1.31388-001;Slac_ENSLPGG00000009899	0.009403421798818682	4.306103161244151e-26	Aque_Aqu2.1.26998-001;Slac_ENSLPGG00000019065	3.197778486344573e-06	0.004592237966067324	Aque_Aqu2.1.43986-001;Slac_ENSLPGG00000003719	2.1923231774007254e-05	2.9232553204569993e-05	Aque_Aqu2.1.36125-001;Slac_ENSLPGG00000020586	3.31080923134324e-59	4.174689950786955e-05	Aque_Aqu2.1.27307-001;Slac_ENSLPGG00000028694	1.9463641251616724e-12	8.852678812902104e-22	Aque_Aqu2.1.31551-001;Slac_ENSLPGG00000001139	0.0004550419940629617	1.5864479285115916e-66	Aque_Aqu2.1.43995-001;Slac_ENSLPGG00000002394	1.2817282397478916e-13	1.4512784716372902e-32	Aque_Aqu2.1.23239-001;Slac_ENSLPGG00000009625	7.943361772072874e-20	0.0006686198455407605	Aque_Aqu2.1.38560-001;Slac_ENSLPGG00000006923	1.0497286366750963e-20	3.307803204970514e-13	Aque_Aqu2.1.25768-001;Slac_ENSLPGG00000014205	2.222481593243513e-07	8.273456498889516e-13	Aque_Aqu2.1.40905-001;Slac_ENSLPGG00000011374	1.5343978603673963e-12	7.246167802767974e-21
Aque_Aqu2.1.40739-001;Slac_ENSLPGG00000007249	1.6754096759265384e-122	1.6357442903822157e-179	Aque_Aqu2.1.44014-001;Slac_ENSLPGG00000009021	1.3224867554283511e-120	3.22343422735669e-21	Aque_Aqu2.1.28091-001;Slac_ENSLPGG00000011974	2.7724493515918748e-102	1.4789215597478867e-107	Aque_Aqu2.1.33740-001;Slac_ENSLPGG00000014397	1.0543340401031923e-102	7.557148084105279e-86				Aque_Aqu2.1.21205-001;Slac_ENSLPGG00000013772	0.002107528433600299	7.549622149393028e-16	Aque_Aqu2.1.28944-001;Slac_ENSLPGG00000014432	3.6090163242932247e-32	3.5238771670323136e-06	Aque_Aqu2.1.41660-001;Slac_ENSLPGG00000015815	0.00678209924781447	1.5129489784038637e-05	Aque_Aqu2.1.34263-001;Slac_ENSLPGG00000015631	1.0760315215462707e-39	8.896789141331552e-11	Aque_Aqu2.1.30847-001;Slac_ENSLPGG00000006723	6.543263854845997e-52	7.79951365681538e-119	Aque_Aqu2.1.39162-001;Slac_ENSLPGG00000015015	1.1576352078665665e-55	1.5596564314307863e-11	Aque_Aqu2.1.29098-001;Slac_ENSLPGG00000028392	0.0022163606697167436	2.5589657231536292e-05	Aque_Aqu2.1.41012-001;Slac_ENSLPGG00000012949	0.00027018571509218245	9.33088039317304e-176	Aque_Aqu2.1.41190-001;Slac_ENSLPGG00000009625	3.070020325785256e-26	0.0006686198455407605	Aque_Aqu2.1.43989-001;Slac_ENSLPGG00000002394	4.110904363096128e-06	1.8622701653685263e-59	Aque_Aqu2.1.25304-001;Slac_ENSLPGG00000008965	0.0003040400361367495	8.041779839829194e-05	Aque_Aqu2.1.25768-001;Slac_ENSLPGG00000014205	7.409015990743464e-05	8.273456498889516e-13
Aque_Aqu2.1.44138-001;Slac_ENSLPGG00000009965	8.430793710552281e-94	2.491111184419854e-253	Aque_Aqu2.1.28647-001;Slac_ENSLPGG00000010538	1.7976193812861958e-143	5.225926807582081e-46	Aque_Aqu2.1.41034-001;Slac_ENSLPGG00000016457	4.797725684898183e-118	3.2647701230985155e-20	Aque_Aqu2.1.24263-001;Slac_ENSLPGG00000024124	6.882511556510769e-115	1.363121049963116e-70				Aque_Aqu2.1.35513-001;Slac_ENSLPGG00000013069	8.033421574211273e-25	4.510390699375658e-16	Aque_Aqu2.1.33622-001;Slac_ENSLPGG00000002171	3.31852085524485e-07	2.0039843010385572e-48	Aque_Aqu2.1.37101-001;Slac_ENSLPGG00000015112	1.5336636022433145e-08	0.0002902087639971218	Aque_Aqu2.1.44218-001;Slac_ENSLPGG00000010520	0.0017425631109025657	1.3012214805479853e-10	Aque_Aqu2.1.39632-001;Slac_ENSLPGG00000026678	0.0014645328315261795	3.66775672474161e-15	Aque_Aqu2.1.38652-001;Slac_ENSLPGG00000020158	6.553332235418639e-27	1.2616917444537784e-05	Aque_Aqu2.1.27256-001;Slac_ENSLPGG00000005340	7.575811414384171e-16	2.5341649857850972e-06	Aque_Aqu2.1.43326-001;Slac_ENSLPGG00000005552	1.4712455480465753e-26	5.697022209628562e-08	Aque_Aqu2.1.24987-001;Slac_ENSLPGG00000003239	1.0504102619364857e-17	0.0024448657731185493	Aque_Aqu2.1.31385-001;Slac_ENSLPGG00000022008	0.0004221664291573433	2.2847279941433917e-49	Aque_Aqu2.1.33571-001;Slac_ENSLPGG00000024371	1.4882111977056135e-18	2.804938429690372e-05	Aque_Aqu2.1.42279-001;Slac_ENSLPGG00000013141	0.0020643865598830137	2.7587348333813334e-25
Aque_Aqu2.1.42087-001;Slac_ENSLPGG00000022449	4.453201835818651e-25	3.378233621973844e-73	Aque_Aqu2.1.33543-001;Slac_ENSLPGG00000028631	2.8949349109542336e-49	1.0791617082920512e-129	Aque_Aqu2.1.38191-001;Slac_ENSLPGG00000001288	5.740348681209968e-44	1.312343505988986e-07	Aque_Aqu2.1.29989-001;Slac_ENSLPGG00000002916	4.122966021694138e-114	3.453672138116687e-23				Aque_Aqu2.1.24987-001;Slac_ENSLPGG00000010054	1.6948309903525678e-12	1.1324999533424646e-05	Aque_Aqu2.1.27228-001;Slac_ENSLPGG00000025642	8.73403633687885e-34	6.150472186775764e-43	Aque_Aqu2.1.39672-001;Slac_ENSLPGG00000022031	6.3157949007109966e-09	0.0026640309671868865	Aque_Aqu2.1.34138-001;Slac_ENSLPGG00000007158	1.2656438086926812e-05	1.114345831165579e-74	Aque_Aqu2.1.42577-001;Slac_ENSLPGG00000000077	1.197088910208358e-165	0.0036103666984574636	Aque_Aqu2.1.44037-001;Slac_ENSLPGG00000020158	7.912116426098076e-08	1.2616917444537784e-05	Aque_Aqu2.1.37112-001;Slac_ENSLPGG00000014949	0.004695475713269114	1.352688029213501e-162	Aque_Aqu2.1.41190-001;Slac_ENSLPGG00000005134	3.070020325785256e-26	3.881947193937805e-19	Aque_Aqu2.1.34140-001;Slac_ENSLPGG00000007158	1.0121820050408576e-29	3.092012612494674e-08	Aque_Aqu2.1.41012-001;Slac_ENSLPGG00000012949	0.00027018571509218245	4.158510428091382e-240	Aque_Aqu2.1.24524-001;Slac_ENSLPGG00000021665	0.008870780270155901	1.5262819658581157e-13	Aque_Aqu2.1.39201-001;Slac_ENSLPGG00000027198	6.625166054309475e-08	6.050839670733482e-13
Aque_Aqu2.1.28647-001;Slac_ENSLPGG00000010538	1.7976193812861958e-143	2.90053811501949e-178	Aque_Aqu2.1.09762-001;Slac_ENSLPGG00000011626	2.728546897831895e-124	4.364461933464749e-38	Aque_Aqu2.1.44246-001;Slac_ENSLPGG00000026851	7.348281244918552e-80	5.649024235262259e-05	Aque_Aqu2.1.42490-001;Slac_ENSLPGG00000011256	3.576635191646024e-93	1.1892595908068149e-57				Aque_Aqu2.1.35211-001;Slac_ENSLPGG00000014037	1.877257799674659e-21	2.8937728943288984e-19	Aque_Aqu2.1.22786-001;Slac_ENSLPGG00000017086	2.8331152605496287e-05	2.5231966930471065e-17	Aque_Aqu2.1.24987-001;Slac_ENSLPGG00000003239	1.6948309903525678e-12	0.00011648380655189963	Aque_Aqu2.1.36076-001;Slac_ENSLPGG00000021272	0.005164206410856717	2.037304605834763e-05	Aque_Aqu2.1.33503-001;Slac_ENSLPGG00000028142	3.928255881395846e-18	3.7139133484272695e-30	Aque_Aqu2.1.09476-001;Slac_ENSLPGG00000020158	6.1230442193262554e-18	1.2616917444537784e-05	Aque_Aqu2.1.34140-001;Slac_ENSLPGG00000001139	1.0121820050408576e-29	1.5864479285115916e-66	Aque_Aqu2.1.43313-001;Slac_ENSLPGG00000005552	5.488228930951967e-29	5.697022209628562e-08	Aque_Aqu2.1.25434-001;Slac_ENSLPGG00000027609	1.5600757561556257e-10	0.0026673771529871514	Aque_Aqu2.1.43637-001;Slac_ENSLPGG00000029928	8.152574204947499e-32	4.687050897629952e-06	Aque_Aqu2.1.43963-001;Slac_ENSLPGG00000027633	9.261924481854956e-06	3.094121459568453e-17	Aque_Aqu2.1.31353-001;Slac_ENSLPGG00000008965	0.0004957131994130725	8.041779839829194e-05
Aque_Aqu2.1.09762-001;Slac_ENSLPGG00000011626	2.728546897831895e-124	4.963128665858961e-135	Aque_Aqu2.1.40739-001;Slac_ENSLPGG00000007249	1.6754096759265384e-122	2.1287191364183606e-37	Aque_Aqu2.1.38196-001;Slac_ENSLPGG00000005591	2.7056507229478046e-24	1.3805247588260119e-12	Aque_Aqu2.1.44167-001;Slac_ENSLPGG00000002326	2.4503567949267662e-116	2.7890088155754205e-54				Aque_Aqu2.1.39702-001;Slac_ENSLPGG00000018940	3.839636538726795e-05	3.982202541621683e-07	Aque_Aqu2.1.35211-001;Slac_ENSLPGG00000013069	1.877257799674659e-21	2.228833167443332e-21	Aque_Aqu2.1.33604-001;Slac_ENSLPGG00000020709	0.003957618782661046	0.005348602593922333	Aque_Aqu2.1.36625-001;Slac_ENSLPGG00000007180	1.3315438871341146e-11	0.00514118893440922	Aque_Aqu2.1.35211-001;Slac_ENSLPGG00000013069	1.0980787290419444e-30	1.8352583169197938e-25	Aque_Aqu2.1.33671-001;Slac_ENSLPGG00000002793	2.1653315935197197e-05	1.7406894134447343e-15	Aque_Aqu2.1.23692-001;Slac_ENSLPGG00000012471	1.2841772084763492e-19	9.012536840606819e-20	Aque_Aqu2.1.31551-001;Slac_ENSLPGG00000001139	0.0004550419940629617	1.7584177041274718e-41	Aque_Aqu2.1.42762-001;Slac_ENSLPGG00000002171	1.0081478109652569e-17	3.0880155494544363e-12	Aque_Aqu2.1.40044-001;Slac_ENSLPGG00000010574	2.8322222814374473e-28	1.624723813509285e-05	Aque_Aqu2.1.41622-001;Slac_ENSLPGG00000020387	9.37433589323078e-05	1.426037482103243e-13	Aque_Aqu2.1.44141-001;Slac_ENSLPGG00000009116	0.00046311253298130997	1.938637425975692e-130
Aque_Aqu2.1.35782-001;Slac_ENSLPGG00000006246	1.2434888697369219e-92	2.667318690488434e-176	Aque_Aqu2.1.41308-001;Slac_ENSLPGG00000009291	4.0631799851115316e-122	6.177941352201632e-12	Aque_Aqu2.1.33740-001;Slac_ENSLPGG00000011571	1.0543340401031923e-102	1.2746633318816013e-12	Aque_Aqu2.1.43964-001;Slac_ENSLPGG00000027192	2.812363658409223e-98	7.036630846044144e-13				Aque_Aqu2.1.01979-001;Slac_ENSLPGG00000021520	0.007012591066954428	2.3251872846171974e-12	Aque_Aqu2.1.44104-001;Slac_ENSLPGG00000013154	0.004676700161059421	4.353396462846653e-26	Aque_Aqu2.1.25867-001;Slac_ENSLPGG00000000921	2.1213248264626324e-06	1.3753081648531437e-11	Aque_Aqu2.1.44214-001;Slac_ENSLPGG00000015655	2.009817921356835e-06	1.5555584095616784e-48	Aque_Aqu2.1.37895-001;Slac_ENSLPGG00000002171	1.3041098546376117e-11	2.3617155152259307e-60	Aque_Aqu2.1.28492-001;Slac_ENSLPGG00000015879	1.2990573900827222e-105	0.002851009216837838	Aque_Aqu2.1.28495-001;Slac_ENSLPGG00000009453	4.458325986516477e-24	3.1604583026530097e-28	Aque_Aqu2.1.33622-001;Slac_ENSLPGG00000002171	1.708447263117159e-16	2.040331509655993e-20	Aque_Aqu2.1.40738-001;Slac_ENSLPGG00000014205	6.218782870818954e-08	1.7093352219014287e-21	Aque_Aqu2.1.34863-001;Slac_ENSLPGG00000012140	7.856949568546215e-16	1.0581014950202239e-19	Aque_Aqu2.1.22592-001;Slac_ENSLPGG00000000696	0.00023764189344227955	8.429042821774979e-18	Aque_Aqu2.1.12202-001;Slac_ENSLPGG00000021592	0.00021908511266630903	0.001547278456102218
Aque_Aqu2.1.37762-001;Slac_ENSLPGG00000010260	1.6015037883301053e-113	1.039421481352097e-190	Aque_Aqu2.1.39147-001;Slac_ENSLPGG00000029327	2.5070991514612063e-37	4.6750395326633294e-24	Aque_Aqu2.1.37774-001;Slac_ENSLPGG00000005401	7.700554024937936e-21	8.12420814480801e-72	Aque_Aqu2.1.26225-001;Slac_ENSLPGG00000004270	1.4585812166144586e-112	1.0099645298833446e-91				Aque_Aqu2.1.34140-001;Slac_ENSLPGG00000021520	1.662739836406084e-09	2.3251872846171974e-12	Aque_Aqu2.1.21208-001;Slac_ENSLPGG00000017522	0.009823782723145305	0.0002816559451928726	Aque_Aqu2.1.44243-001;Slac_ENSLPGG00000021186	2.521644079706085e-10	1.220442759122435e-24	Aque_Aqu2.1.36223-001;Slac_ENSLPGG00000026242	3.3674934284767487e-13	1.0657543622773938e-09	Aque_Aqu2.1.41386-001;Slac_ENSLPGG00000026030	0.008178950601528626	2.630440636098749e-06	Aque_Aqu2.1.44140-001;Slac_ENSLPGG00000015879	3.48170003993214e-101	0.002851009216837838	Aque_Aqu2.1.44280-001;Slac_ENSLPGG00000021800	1.013546532817293e-30	1.243255156074208e-25	Aque_Aqu2.1.39916-001;Slac_ENSLPGG00000007568	2.688541540398142e-13	7.355611122930514e-05	Aque_Aqu2.1.39671-001;Slac_ENSLPGG00000012011	5.6277730716785066e-24	0.007290250341968129	Aque_Aqu2.1.41892-001;Slac_ENSLPGG00000007525	5.2142493076430264e-14	3.9611081585269763e-32	Aque_Aqu2.1.21076-001;Slac_ENSLPGG00000021255	3.6983560006367636e-12	8.053308969477697e-05	Aque_Aqu2.1.31580-001;Slac_ENSLPGG00000007354	2.2249932325819924e-06	5.891852388618584e-05
Aque_Aqu2.1.32963-001;Slac_ENSLPGG00000006527	4.7320394813194234e-185	2.7593537506453672e-08	Aque_Aqu2.1.18688-001;Slac_ENSLPGG00000019766	1.5079384116635895e-120	2.6481851902559384e-37	Aque_Aqu2.1.26684-001;Slac_ENSLPGG00000017185	5.16651150424784e-114	3.4210905160115485e-15	Aque_Aqu2.1.25682-001;Slac_ENSLPGG00000019196	1.2153315557323154e-117	1.1135567848493352e-11				Aque_Aqu2.1.32548-001;Slac_ENSLPGG00000010506	0.0016118061765567644	1.6813378010395353e-09	Aque_Aqu2.1.35513-001;Slac_ENSLPGG00000014037	8.033421574211273e-25	1.8687999982522213e-07	Aque_Aqu2.1.30867-001;Slac_ENSLPGG00000007158	8.811394793769746e-08	4.969353227696443e-20	Aque_Aqu2.1.38181-001;Slac_ENSLPGG00000027757	0.0014557742047692525	1.6326245551195276e-06	Aque_Aqu2.1.37112-001;Slac_ENSLPGG00000014949	4.6928004436226405e-11	9.714222834381443e-97	Aque_Aqu2.1.35499-001;Slac_ENSLPGG00000015879	1.2692762160706003e-88	0.002851009216837838	Aque_Aqu2.1.40044-001;Slac_ENSLPGG00000010574	2.8322222814374473e-28	9.440188128803196e-16	Aque_Aqu2.1.43329-001;Slac_ENSLPGG00000007568	2.4503123309393326e-14	7.355611122930514e-05	Aque_Aqu2.1.37486-001;Slac_ENSLPGG00000021186	5.791765336917085e-10	2.411558428950339e-13	Aque_Aqu2.1.44243-001;Slac_ENSLPGG00000021186	2.5819489532558422e-23	2.0188353322288348e-10	Aque_Aqu2.1.39203-001;Slac_ENSLPGG00000025841	1.1233610661314817e-06	9.566307786889676e-13	Aque_Aqu2.1.43953-001;Slac_ENSLPGG00000029288	0.002786791961528607	7.537621649457803e-05
Aque_Aqu2.1.34889-001;Slac_ENSLPGG00000015697	5.140233485381033e-67	4.620647901521794e-23	Aque_Aqu2.1.42490-001;Slac_ENSLPGG00000011256	3.576635191646024e-93	1.0004433741047168e-27	Aque_Aqu2.1.28816-001;Slac_ENSLPGG00000010719	1.0840523851845123e-95	1.38783099711358e-48	Aque_Aqu2.1.44014-001;Slac_ENSLPGG00000009021	1.3224867554283511e-120	2.7252965534508433e-11				Aque_Aqu2.1.42151-001;Slac_ENSLPGG00000010854	0.0002867980365569547	0.0011755140317752015	Aque_Aqu2.1.39672-001;Slac_ENSLPGG00000022031	6.3157949007109966e-09	1.6521542134525504e-05	Aque_Aqu2.1.34140-001;Slac_ENSLPGG00000007158	1.662739836406084e-09	4.969353227696443e-20	Aque_Aqu2.1.39703-001;Slac_ENSLPGG00000004947	3.9358458296685827e-17	2.3125316935076514e-06	Aque_Aqu2.1.22580-001;Slac_ENSLPGG00000006423	4.7832930747450255e-08	3.266166105766691e-05	Aque_Aqu2.1.33671-001;Slac_ENSLPGG00000008220	2.1653315935197197e-05	1.1457158537858282e-155	Aque_Aqu2.1.44119-001;Slac_ENSLPGG00000010795	0.0016737057567939322	0.007173016852584059	Aque_Aqu2.1.41190-001;Slac_ENSLPGG00000014697	3.070020325785256e-26	2.659720310412049e-10	Aque_Aqu2.1.43536-001;Slac_ENSLPGG00000017855	3.1456270560029736e-13	7.299582788670708e-05	Aque_Aqu2.1.42770-001;Slac_ENSLPGG00000002140	3.5810184203344485e-32	6.326684312611941e-13	Aque_Aqu2.1.22809-001;Slac_ENSLPGG00000017293	2.0522297267040638e-14	1.2392350611224024e-08	Aque_Aqu2.1.42203-001;Slac_ENSLPGG00000008996	3.7598373078532615e-09	8.155654749464835e-07
Aque_Aqu2.1.28091-001;Slac_ENSLPGG00000011974	2.7724493515918748e-102	4.553275597361479e-205	Aque_Aqu2.1.37762-001;Slac_ENSLPGG00000010260	1.6015037883301053e-113	5.412571896044433e-37	Aque_Aqu2.1.27559-001;Slac_ENSLPGG00000010731	3.744327577318277e-75	1.560909858087031e-61	Aque_Aqu2.1.25378-001;Slac_ENSLPGG00000020432	3.4926863395162285e-66	1.2056035521515938e-29				Aque_Aqu2.1.26998-001;Slac_ENSLPGG00000006271	3.197778486344573e-06	0.00010329686300105768	Aque_Aqu2.1.41049-001;Slac_ENSLPGG00000008987	1.7843460525969402e-71	0.005751196968137072	Aque_Aqu2.1.37101-001;Slac_ENSLPGG00000010273	1.5336636022433145e-08	0.0012724249500829956	Aque_Aqu2.1.36275-001;Slac_ENSLPGG00000005072	0.0020370970724508616	6.293393060430815e-06	Aque_Aqu2.1.33612-001;Slac_ENSLPGG00000002171	2.364364427309774e-10	2.3617155152259307e-60	Aque_Aqu2.1.28489-001;Slac_ENSLPGG00000015879	4.787491920802856e-09	0.002851009216837838	Aque_Aqu2.1.44243-001;Slac_ENSLPGG00000008996	2.5819489532558422e-23	5.146308428844976e-15	Aque_Aqu2.1.44139-001;Slac_ENSLPGG00000008750	0.0013345187120564206	8.530991638627806e-36	Aque_Aqu2.1.29714-001;Slac_ENSLPGG00000007325	7.391576077219849e-08	0.00029936576102888293	Aque_Aqu2.1.08677-001;Slac_ENSLPGG00000012055	7.208488648075431e-16	0.000889129280263582	Aque_Aqu2.1.36501-001;Slac_ENSLPGG00000012340	2.1644269563366076e-05	4.441996473331513e-39	Aque_Aqu2.1.35074-001;Slac_ENSLPGG00000008965	0.0026045557794344035	8.041779839829194e-05
Aque_Aqu2.1.38546-001;Slac_ENSLPGG00000004809	5.0069341824032954e-104	1.7243835728527125e-186	Aque_Aqu2.1.27063-001;Slac_ENSLPGG00000023230	3.201242607069932e-92	2.0861133107308363e-21	Aque_Aqu2.1.25862-001;Slac_ENSLPGG00000018181	1.4164840831138878e-69	8.363124698016115e-89	Aque_Aqu2.1.34247-001;Slac_ENSLPGG00000018181	5.995179413289e-67	3.630673637054969e-70				Aque_Aqu2.1.30867-001;Slac_ENSLPGG00000021520	8.811394793769746e-08	2.3251872846171974e-12	Aque_Aqu2.1.37137-001;Slac_ENSLPGG00000021127	1.643277675461539e-16	0.009342612883849542	Aque_Aqu2.1.44243-001;Slac_ENSLPGG00000008996	2.521644079706085e-10	8.656770680653274e-05	Aque_Aqu2.1.39632-001;Slac_ENSLPGG00000026678	5.801511210919292e-06	3.66775672474161e-15	Aque_Aqu2.1.25858-001;Slac_ENSLPGG00000010273	5.683206485678387e-42	1.4331754929585277e-12	Aque_Aqu2.1.34861-001;Slac_ENSLPGG00000008706	1.5697310538016786e-20	3.5019171900275993e-07	Aque_Aqu2.1.31586-001;Slac_ENSLPGG00000015099	1.7372787348993547e-40	1.2070220763616555e-10	Aque_Aqu2.1.24982-001;Slac_ENSLPGG00000009509	6.201017404049446e-34	1.998130087411442e-10	Aque_Aqu2.1.43536-001;Slac_ENSLPGG00000021503	3.1456270560029736e-13	0.00017926797541845837	Aque_Aqu2.1.23239-001;Slac_ENSLPGG00000014697	7.943361772072874e-20	0.00031433912419985853	Aque_Aqu2.1.32861-001;Slac_ENSLPGG00000011506	1.0967339538902742e-05	5.633988894633641e-06	Aque_Aqu2.1.22695-001;Slac_ENSLPGG00000013965	0.003955686280688278	0.002067798124046298
Aque_Aqu2.1.29050-001;Slac_ENSLPGG00000007086	2.867105090061806e-114	1.916579196003528e-87	Aque_Aqu2.1.29989-001;Slac_ENSLPGG00000002916	4.122966021694138e-114	8.13217571260454e-08	Aque_Aqu2.1.42490-001;Slac_ENSLPGG00000011256	3.576635191646024e-93	2.7071941245640743e-34	Aque_Aqu2.1.35077-001;Slac_ENSLPGG00000017593	1.9812419822161078e-144	8.919210124797321e-42				Aque_Aqu2.1.36606-001;Slac_ENSLPGG00000010506	5.622930540080185e-07	1.6813378010395353e-09	Aque_Aqu2.1.21205-001;Slac_ENSLPGG00000017522	0.002107528433600299	0.0002816559451928726	Aque_Aqu2.1.44140-001;Slac_ENSLPGG00000009453	8.885562534779468e-10	7.139115142722667e-47	Aque_Aqu2.1.43616-001;Slac_ENSLPGG00000011962	0.0009241407032262829	3.211008789355102e-10	Aque_Aqu2.1.33475-001;Slac_ENSLPGG00000006423	1.0995269657112263e-12	3.266166105766691e-05	Aque_Aqu2.1.22320-001;Slac_ENSLPGG00000015631	3.5353442002483155e-36	4.2785560696745975e-05	Aque_Aqu2.1.37539-001;Slac_ENSLPGG00000013996	0.001023316372845167	4.5857156200345994e-12	Aque_Aqu2.1.40738-001;Slac_ENSLPGG00000014205	6.218782870818954e-08	5.661329922037294e-55	Aque_Aqu2.1.40738-001;Slac_ENSLPGG00000007322	6.218782870818954e-08	1.9430152944582622e-16	Aque_Aqu2.1.36580-001;Slac_ENSLPGG00000006910	0.00012213328003275967	4.6140858892568826e-12	Aque_Aqu2.1.31381-001;Slac_ENSLPGG00000003671	8.747410743124555e-06	1.5529769930545319e-09	Aque_Aqu2.1.41583-001;Slac_ENSLPGG00000022488	3.1649988563463466e-09	5.044303298043575e-05
Aque_Aqu2.1.25378-001;Slac_ENSLPGG00000020432	3.4926863395162285e-66	2.0129618695178167e-63	Aque_Aqu2.1.19270-001;Slac_ENSLPGG00000014669	3.5649902187242884e-79	1.1038686753309209e-09	Aque_Aqu2.1.33740-001;Slac_ENSLPGG00000014397	1.0543340401031923e-102	8.281338519449435e-64	Aque_Aqu2.1.40409-001;Slac_ENSLPGG00000002404	2.5626223762526347e-95	9.815004145753709e-64				Aque_Aqu2.1.18919-001;Slac_ENSLPGG00000020504	4.099696319053958e-07	5.048442826344658e-07	Aque_Aqu2.1.41482-001;Slac_ENSLPGG00000006271	2.2364060071655327e-10	6.725810871771657e-11	Aque_Aqu2.1.23245-001;Slac_ENSLPGG00000014386	6.412219767578961e-13	1.7287512944415076e-07	Aque_Aqu2.1.44104-001;Slac_ENSLPGG00000013154	1.0271464132257017e-50	0.0003774658561661878	Aque_Aqu2.1.44197-001;Slac_ENSLPGG00000001139	1.6113923010411783e-24	8.419665194249147e-35	Aque_Aqu2.1.35119-001;Slac_ENSLPGG00000015631	1.8070548054903732e-84	4.2785560696745975e-05	Aque_Aqu2.1.44243-001;Slac_ENSLPGG00000021186	2.5819489532558422e-23	2.1966675747781014e-45	Aque_Aqu2.1.41190-001;Slac_ENSLPGG00000009380	3.070020325785256e-26	2.292414534820821e-11	Aque_Aqu2.1.28489-001;Slac_ENSLPGG00000009116	1.2639077541595553e-28	5.930858528443236e-08	Aque_Aqu2.1.41663-001;Slac_ENSLPGG00000004269	6.925532323955444e-17	9.88252040491545e-05	Aque_Aqu2.1.25768-001;Slac_ENSLPGG00000008607	2.222481593243513e-07	2.0066743189654983e-05	Aque_Aqu2.1.14505-001;Slac_ENSLPGG00000007386	0.0012907827016655612	2.38173767008966e-09
Aque_Aqu2.1.24541-001;Slac_ENSLPGG00000010551	2.344168441479099e-143	1.1481621637587149e-70	Aque_Aqu2.1.43440-001;Slac_ENSLPGG00000008240	2.966613490803621e-57	1.0423535641754461e-08	Aque_Aqu2.1.43341-001;Slac_ENSLPGG00000007608	5.594181239016693e-111	1.1842889084711171e-79	Aque_Aqu2.1.43382-001;Slac_ENSLPGG00000004594	1.0768824237806037e-94	2.8373547397208718e-62				Aque_Aqu2.1.35781-001;Slac_ENSLPGG00000007429	0.0002769383255997843	2.36273363097752e-25	Aque_Aqu2.1.42151-001;Slac_ENSLPGG00000010854	0.0002867980365569547	0.0033377095618873118	Aque_Aqu2.1.42093-001;Slac_ENSLPGG00000011166	0.0013541819202391105	7.03707662095056e-13	Aque_Aqu2.1.22701-001;Slac_ENSLPGG00000007495	0.001710758823221009	0.006460960068050315	Aque_Aqu2.1.17816-001;Slac_ENSLPGG00000007158	1.1230267612856121e-05	1.114345831165579e-74	Aque_Aqu2.1.37473-001;Slac_ENSLPGG00000021402	0.005287152186636688	5.47074109591713e-19	Aque_Aqu2.1.44139-001;Slac_ENSLPGG00000008750	0.0013345187120564206	3.2875899999834076e-37	Aque_Aqu2.1.43674-001;Slac_ENSLPGG00000001139	4.20083387372124e-06	1.7584177041274718e-41	Aque_Aqu2.1.31388-001;Slac_ENSLPGG00000021402	0.004760476945746735	2.454971510320962e-13	Aque_Aqu2.1.41190-001;Slac_ENSLPGG00000005134	3.070020325785256e-26	8.764793364384847e-09	Aque_Aqu2.1.29864-001;Slac_ENSLPGG00000013556	0.006566079114390827	0.0011858448712570699	Aque_Aqu2.1.25768-001;Slac_ENSLPGG00000008607	7.409015990743464e-05	2.0066743189654983e-05
Aque_Aqu2.1.14207-001;Slac_ENSLPGG00000010983	4.846865897652857e-15	3.83141568105036e-162	Aque_Aqu2.1.44322-001;Slac_ENSLPGG00000026466	8.465724691870346e-08	1.4626295981692032e-101	Aque_Aqu2.1.42605-001;Slac_ENSLPGG00000011766	9.509180868415106e-59	1.6496190988449835e-52	Aque_Aqu2.1.37079-001;Slac_ENSLPGG00000014397	6.987535709667499e-114	7.557148084105279e-86				Aque_Aqu2.1.39672-001;Slac_ENSLPGG00000002171	6.3157949007109966e-09	4.811942582704965e-16	Aque_Aqu2.1.39671-001;Slac_ENSLPGG00000012011	4.793950567183939e-08	4.457564702462509e-27	Aque_Aqu2.1.28492-001;Slac_ENSLPGG00000009116	4.609852878565774e-24	2.3440959155135562e-14	Aque_Aqu2.1.40738-001;Slac_ENSLPGG00000012981	6.422305685693903e-13	6.990697654850585e-137	Aque_Aqu2.1.22320-001;Slac_ENSLPGG00000015631	3.5353442002483155e-36	8.896789141331552e-11	Aque_Aqu2.1.28492-001;Slac_ENSLPGG00000009116	1.2990573900827222e-105	4.060418632093554e-06	Aque_Aqu2.1.31064-001;Slac_ENSLPGG00000021800	0.00019272678791150202	1.243255156074208e-25	Aque_Aqu2.1.34140-001;Slac_ENSLPGG00000001139	1.0121820050408576e-29	1.7584177041274718e-41	Aque_Aqu2.1.30867-001;Slac_ENSLPGG00000007158	1.3309245062395783e-20	3.092012612494674e-08	Aque_Aqu2.1.31388-001;Slac_ENSLPGG00000022008	0.004760476945746735	2.2847279941433917e-49	Aque_Aqu2.1.27809-001;Slac_ENSLPGG00000018450	5.722807349227157e-17	6.8440101107148165e-25	Aque_Aqu2.1.42605-001;Slac_ENSLPGG00000003655	5.921947850828125e-16	1.857994151118104e-12
Aque_Aqu2.1.33693-001;Slac_ENSLPGG00000002394	2.272650030560976e-17	1.2937479835425587e-20	Aque_Aqu2.1.28091-001;Slac_ENSLPGG00000011974	2.7724493515918748e-102	1.919180548529351e-28	Aque_Aqu2.1.34241-001;Slac_ENSLPGG00000020856	7.816229863606503e-118	8.94735728911036e-15	Aque_Aqu2.1.33925-001;Slac_ENSLPGG00000001999	4.33182089821621e-115	2.68549045416573e-54				Aque_Aqu2.1.28495-001;Slac_ENSLPGG00000023963	3.050594406121623e-25	0.00021429564820563303	Aque_Aqu2.1.43788-001;Slac_ENSLPGG00000014205	1.2849197808890718e-08	6.288064179825763e-09	Aque_Aqu2.1.41482-001;Slac_ENSLPGG00000001139	2.2364060071655327e-10	1.0794946248240394e-08	Aque_Aqu2.1.37895-001;Slac_ENSLPGG00000002171	1.8087908043811806e-10	2.3617155152259307e-60	Aque_Aqu2.1.38750-001;Slac_ENSLPGG00000014120	4.160461261776937e-93	0.000944903500654391	Aque_Aqu2.1.28493-001;Slac_ENSLPGG00000009116	4.321453769502233e-21	4.060418632093554e-06	Aque_Aqu2.1.35749-001;Slac_ENSLPGG00000020888	1.1767771598827575e-13	1.500656345783993e-29	Aque_Aqu2.1.29861-001;Slac_ENSLPGG00000007568	2.7802180224950214e-12	7.355611122930514e-05	Aque_Aqu2.1.33629-001;Slac_ENSLPGG00000026185	0.009336944773511264	0.004154972720071218	Aque_Aqu2.1.40997-001;Slac_ENSLPGG00000019726	3.831716522362373e-96	6.546769520201781e-23	Aque_Aqu2.1.37477-001;Slac_ENSLPGG00000000542	1.2839397955753959e-15	3.7071444059323417e-10	Aque_Aqu2.1.41439-001;Slac_ENSLPGG00000015465	9.517698459189829e-05	1.812278830807608e-10
Aque_Aqu2.1.25405-001;Slac_ENSLPGG00000020148	2.7610085691748473e-15	2.699710232719507e-175	Aque_Aqu2.1.34889-001;Slac_ENSLPGG00000015697	5.140233485381033e-67	0.00028626675885698753	Aque_Aqu2.1.26950-001;Slac_ENSLPGG00000011704	2.9641211798731584e-40	8.301653174528089e-08	Aque_Aqu2.1.44138-001;Slac_ENSLPGG00000009965	8.430793710552281e-94	1.175888333541968e-58				Aque_Aqu2.1.23414-001;Slac_ENSLPGG00000009214	1.6439830959473454e-05	3.9193426417193345e-97	Aque_Aqu2.1.25929-001;Slac_ENSLPGG00000008098	2.1593827426913054e-06	2.903532461707627e-06	Aque_Aqu2.1.38752-001;Slac_ENSLPGG00000014037	2.5967541173213717e-13	1.7369126307804394e-11	Aque_Aqu2.1.20108-001;Slac_ENSLPGG00000019235	4.251258104731302e-23	3.8954346900669975e-11	Aque_Aqu2.1.33501-001;Slac_ENSLPGG00000029438	0.001122870302436818	7.331105998220488e-07	Aque_Aqu2.1.23690-001;Slac_ENSLPGG00000015631	2.8167288445973896e-25	4.2785560696745975e-05	Aque_Aqu2.1.43482-001;Slac_ENSLPGG00000017003	7.648655415159219e-16	0.0007146712202704738	Aque_Aqu2.1.33622-001;Slac_ENSLPGG00000022031	1.708447263117159e-16	6.099419038603397e-08	Aque_Aqu2.1.25867-001;Slac_ENSLPGG00000000921	0.0002352162877005849	8.554351911362749e-10	Aque_Aqu2.1.27258-001;Slac_ENSLPGG00000006993	4.614981215518772e-18	6.969567404434934e-12	Aque_Aqu2.1.16005-001;Slac_ENSLPGG00000012561	0.0059645576547400275	6.067696757204477e-08	Aque_Aqu2.1.34861-001;Slac_ENSLPGG00000010067	0.00013275770683427742	1.0396753966455032e-11
Aque_Aqu2.1.39147-001;Slac_ENSLPGG00000029327	2.5070991514612063e-37	1.051568179286769e-48	Aque_Aqu2.1.25405-001;Slac_ENSLPGG00000020148	2.7610085691748473e-15	3.9008732350437895e-27	Aque_Aqu2.1.24263-001;Slac_ENSLPGG00000024124	6.882511556510769e-115	1.569714031154408e-33	Aque_Aqu2.1.29050-001;Slac_ENSLPGG00000007086	2.867105090061806e-114	2.7883040289054695e-28				Aque_Aqu2.1.04732-001;Slac_ENSLPGG00000002863	0.00016424066222978987	0.0006982260484209229	Aque_Aqu2.1.36565-001;Slac_ENSLPGG00000020706	5.467757675960367e-08	0.000720612718783671	Aque_Aqu2.1.31388-001;Slac_ENSLPGG00000021402	0.009403421798818682	4.086647031115975e-16	Aque_Aqu2.1.44197-001;Slac_ENSLPGG00000001139	2.2714847576806134e-31	8.419665194249147e-35	Aque_Aqu2.1.35513-001;Slac_ENSLPGG00000014037	1.9223474439878673e-49	9.215098691457013e-15	Aque_Aqu2.1.31385-001;Slac_ENSLPGG00000021402	5.85436007345541e-05	5.47074109591713e-19	Aque_Aqu2.1.28497-001;Slac_ENSLPGG00000009453	6.265744639493593e-06	3.1604583026530097e-28	Aque_Aqu2.1.23818-001;Slac_ENSLPGG00000019389	5.459313371962679e-87	0.0023598687439805818	Aque_Aqu2.1.28497-001;Slac_ENSLPGG00000009453	6.265744639493593e-06	2.3985592499326432e-20	Aque_Aqu2.1.41190-001;Slac_ENSLPGG00000009380	3.070020325785256e-26	3.538907005608493e-07	Aque_Aqu2.1.28941-001;Slac_ENSLPGG00000013461	0.008780498939991783	1.1512713195679222e-36	Aque_Aqu2.1.32600-001;Slac_ENSLPGG00000009612	0.007545965439722446	0.00011351860522038327
Aque_Aqu2.1.19270-001;Slac_ENSLPGG00000014669	3.5649902187242884e-79	1.3685670620374595e-29	Aque_Aqu2.1.06465-001;Slac_ENSLPGG00000010731	1.1423349568697603e-06	1.8304598264798183e-93	Aque_Aqu2.1.18867-001;Slac_ENSLPGG00000006262	2.2639624801972363e-67	2.5340687653096822e-20	Aque_Aqu2.1.22254-001;Slac_ENSLPGG00000009254	1.7812566036149077e-133	9.090439753762607e-39				Aque_Aqu2.1.41049-001;Slac_ENSLPGG00000012055	1.7843460525969402e-71	0.0013159312919552733	Aque_Aqu2.1.41482-001;Slac_ENSLPGG00000001139	2.2364060071655327e-10	1.364164359996385e-34	Aque_Aqu2.1.17816-001;Slac_ENSLPGG00000007158	0.009367143325851741	4.969353227696443e-20	Aque_Aqu2.1.42577-001;Slac_ENSLPGG00000000077	1.8911675837915696e-105	0.0036103666984574636	Aque_Aqu2.1.38752-001;Slac_ENSLPGG00000014120	1.5804020643111057e-187	0.000944903500654391	Aque_Aqu2.1.44140-001;Slac_ENSLPGG00000009116	3.48170003993214e-101	4.060418632093554e-06	Aque_Aqu2.1.23692-001;Slac_ENSLPGG00000000921	1.2841772084763492e-19	1.3554892344563593e-12	Aque_Aqu2.1.39672-001;Slac_ENSLPGG00000002171	1.7219934783810546e-24	2.040331509655993e-20	Aque_Aqu2.1.38560-001;Slac_ENSLPGG00000006923	1.0497286366750963e-20	0.005827509009904013	Aque_Aqu2.1.28495-001;Slac_ENSLPGG00000009453	4.458325986516477e-24	1.297346950394959e-07	Aque_Aqu2.1.39201-001;Slac_ENSLPGG00000027198	1.1119694902826868e-11	6.050839670733482e-13	Aque_Aqu2.1.41583-001;Slac_ENSLPGG00000001761	3.1649988563463466e-09	2.6571050014478918e-09
Aque_Aqu2.1.39108-001;Slac_ENSLPGG00000007868	1.5603924607670408e-114	1.1935285646711055e-16	Aque_Aqu2.1.14207-001;Slac_ENSLPGG00000010983	4.846865897652857e-15	1.039138145298257e-28	Aque_Aqu2.1.22254-001;Slac_ENSLPGG00000009254	1.7812566036149077e-133	1.84717375449256e-31	Aque_Aqu2.1.37974-001;Slac_ENSLPGG00000010195	2.4185485011480635e-14	2.1728558564461395e-216				Aque_Aqu2.1.22786-001;Slac_ENSLPGG00000017086	2.8331152605496287e-05	5.011464522643092e-11	Aque_Aqu2.1.28942-001;Slac_ENSLPGG00000014432	1.2138942124859158e-06	3.5238771670323136e-06	Aque_Aqu2.1.01979-001;Slac_ENSLPGG00000001139	0.007012591066954428	1.0794946248240394e-08	Aque_Aqu2.1.14136-001;Slac_ENSLPGG00000018698	8.965946804818051e-14	2.86354041207311e-05	Aque_Aqu2.1.38204-001;Slac_ENSLPGG00000007180	3.177001816716186e-16	0.00514118893440922	Aque_Aqu2.1.22429-001;Slac_ENSLPGG00000020158	0.00279138610960244	1.2616917444537784e-05	Aque_Aqu2.1.35253-001;Slac_ENSLPGG00000026194	3.5542328552532075e-13	1.969891307800923e-05	Aque_Aqu2.1.36574-001;Slac_ENSLPGG00000012140	0.0004940940652812278	8.571097025114353e-39	Aque_Aqu2.1.31388-001;Slac_ENSLPGG00000022008	0.004760476945746735	5.8169367704063345e-09	Aque_Aqu2.1.28489-001;Slac_ENSLPGG00000009116	1.2639077541595553e-28	2.486235618856327e-14	Aque_Aqu2.1.31179-001;Slac_ENSLPGG00000010484	0.0002464726531911596	1.476458305517999e-06	Aque_Aqu2.1.08677-001;Slac_ENSLPGG00000012055	0.0014342054706817178	4.493408870063082e-05
Aque_Aqu2.1.29989-001;Slac_ENSLPGG00000002916	4.122966021694138e-114	1.8602628480511736e-27	Aque_Aqu2.1.29050-001;Slac_ENSLPGG00000007086	2.867105090061806e-114	1.2595919380253037e-11	Aque_Aqu2.1.14128-001;Slac_ENSLPGG00000018181	2.4522134152092073e-15	8.363124698016115e-89	Aque_Aqu2.1.43341-001;Slac_ENSLPGG00000007608	5.594181239016693e-111	7.624263790580723e-67				Aque_Aqu2.1.33622-001;Slac_ENSLPGG00000010506	3.31852085524485e-07	1.6813378010395353e-09	Aque_Aqu2.1.38519-001;Slac_ENSLPGG00000007426	4.925084952210815e-06	0.007361415167221235	Aque_Aqu2.1.43984-001;Slac_ENSLPGG00000002394	1.1016186836212721e-24	1.0126793590032592e-22	Aque_Aqu2.1.22580-001;Slac_ENSLPGG00000006423	9.229202619985348e-11	3.266166105766691e-05	Aque_Aqu2.1.28076-001;Slac_ENSLPGG00000007945	8.695967360911744e-11	0.0052285844651336595	Aque_Aqu2.1.31388-001;Slac_ENSLPGG00000021402	0.009425638668166618	5.47074109591713e-19	Aque_Aqu2.1.43674-001;Slac_ENSLPGG00000007158	4.20083387372124e-06	3.4393842705479424e-25	Aque_Aqu2.1.08677-001;Slac_ENSLPGG00000011536	7.208488648075431e-16	0.005230032865004775	Aque_Aqu2.1.40828-001;Slac_ENSLPGG00000014103	0.000597727428425492	7.421352297078155e-06	Aque_Aqu2.1.24987-001;Slac_ENSLPGG00000003239	1.0504102619364857e-17	3.124456223400405e-05	Aque_Aqu2.1.25001-001;Slac_ENSLPGG00000011146	0.00046378675646683795	0.0013366526314370329	Aque_Aqu2.1.41071-001;Slac_ENSLPGG00000024858	1.5504435466436736e-11	6.9410689420013476e-34
Aque_Aqu2.1.33543-001;Slac_ENSLPGG00000028631	2.8949349109542336e-49	0.0	Aque_Aqu2.1.38546-001;Slac_ENSLPGG00000004809	5.0069341824032954e-104	1.419044150735387e-18	Aque_Aqu2.1.40739-001;Slac_ENSLPGG00000007249	1.6754096759265384e-122	2.0411857766634363e-27	Aque_Aqu2.1.43423-001;Slac_ENSLPGG00000008236	7.445917862680743e-110	6.2914381894297626e-12				Aque_Aqu2.1.43788-001;Slac_ENSLPGG00000015099	1.2849197808890718e-08	8.28668605995311e-06	Aque_Aqu2.1.23414-001;Slac_ENSLPGG00000009214	1.6439830959473454e-05	6.98415207371353e-60	Aque_Aqu2.1.25867-001;Slac_ENSLPGG00000015112	2.1213248264626324e-06	0.0002902087639971218	Aque_Aqu2.1.38204-001;Slac_ENSLPGG00000007180	8.560199380625627e-10	0.00514118893440922	Aque_Aqu2.1.22700-001;Slac_ENSLPGG00000019300	1.8381209007315285e-23	0.00916946657507977	Aque_Aqu2.1.35499-001;Slac_ENSLPGG00000009116	1.2692762160706003e-88	4.060418632093554e-06	Aque_Aqu2.1.38146-001;Slac_ENSLPGG00000012949	6.387586082111135e-11	2.5981849991575668e-160	Aque_Aqu2.1.31064-001;Slac_ENSLPGG00000000828	0.00019272678791150202	5.210280348041436e-09	Aque_Aqu2.1.44280-001;Slac_ENSLPGG00000021800	1.013546532817293e-30	0.0011661821359481082	Aque_Aqu2.1.41012-001;Slac_ENSLPGG00000018391	0.00027018571509218245	1.083666763670672e-22	Aque_Aqu2.1.38331-001;Slac_ENSLPGG00000011640	0.004869031541960284	0.0015346934290880034	Aque_Aqu2.1.26684-001;Slac_ENSLPGG00000017185	6.051809222387884e-11	1.3559780149883916e-90
Aque_Aqu2.1.35077-001;Slac_ENSLPGG00000017593	1.9812419822161078e-144	9.382583786731494e-67	Aque_Aqu2.1.25682-001;Slac_ENSLPGG00000019196	1.2153315557323154e-117	0.008377709478416337	Aque_Aqu2.1.27063-001;Slac_ENSLPGG00000023230	3.201242607069932e-92	5.778429819514268e-21	Aque_Aqu2.1.23425-001;Slac_ENSLPGG00000021584	2.4250333501045333e-55	1.5268177922787565e-06				Aque_Aqu2.1.38750-001;Slac_ENSLPGG00000014037	2.625604464614801e-12	2.8937728943288984e-19	Aque_Aqu2.1.38750-001;Slac_ENSLPGG00000013069	2.625604464614801e-12	2.228833167443332e-21	Aque_Aqu2.1.24276-001;Slac_ENSLPGG00000022619	2.4507403536374703e-05	0.0007565344941970633	Aque_Aqu2.1.22320-001;Slac_ENSLPGG00000015631	3.949653086058765e-42	8.896789141331552e-11	Aque_Aqu2.1.31581-001;Slac_ENSLPGG00000007495	1.6281294263176327e-07	0.006460960068050315	Aque_Aqu2.1.26609-001;Slac_ENSLPGG00000002953	0.00941527972294942	0.00031250465679793306	Aque_Aqu2.1.24982-001;Slac_ENSLPGG00000009509	6.201017404049446e-34	2.2491486067059786e-05	Aque_Aqu2.1.43353-001;Slac_ENSLPGG00000012059	3.8260820266303296e-05	9.426354102361006e-05	Aque_Aqu2.1.40738-001;Slac_ENSLPGG00000012981	6.218782870818954e-08	8.895392279584421e-40	Aque_Aqu2.1.28223-001;Slac_ENSLPGG00000011839	1.3844036382592803e-13	6.871823708419816e-06	Aque_Aqu2.1.41304-001;Slac_ENSLPGG00000009786	6.238240016057972e-05	7.597147476222797e-05	Aque_Aqu2.1.42527-001;Slac_ENSLPGG00000013965	0.007250774586465135	0.002067798124046298
Aque_Aqu2.1.43382-001;Slac_ENSLPGG00000004594	1.0768824237806037e-94	1.8380354271424033e-105	Aque_Aqu2.1.42087-001;Slac_ENSLPGG00000022449	4.453201835818651e-25	0.00026657521242977084	Aque_Aqu2.1.37079-001;Slac_ENSLPGG00000011571	6.987535709667499e-114	1.2746633318816013e-12	Aque_Aqu2.1.39902-001;Slac_ENSLPGG00000021584	9.107093425514649e-48	1.5268177922787565e-06				Aque_Aqu2.1.39702-001;Slac_ENSLPGG00000021790	3.839636538726795e-05	0.0008597805798620899	Aque_Aqu2.1.41648-001;Slac_ENSLPGG00000020706	5.441393651598379e-13	0.000720612718783671	Aque_Aqu2.1.41482-001;Slac_ENSLPGG00000021520	2.2364060071655327e-10	0.008152652185200318	Aque_Aqu2.1.23771-001;Slac_ENSLPGG00000007479	0.0002967226327198474	0.00035814504713363167	Aque_Aqu2.1.41583-001;Slac_ENSLPGG00000000967	1.075194399407091e-28	1.6969914153055907e-11	Aque_Aqu2.1.38393-001;Slac_ENSLPGG00000013990	0.0003197347290015396	1.2681535972574781e-24	Aque_Aqu2.1.28489-001;Slac_ENSLPGG00000009453	1.2639077541595553e-28	3.1604583026530097e-28	Aque_Aqu2.1.21174-001;Slac_ENSLPGG00000012140	0.00021564884897657527	8.571097025114353e-39	Aque_Aqu2.1.44139-001;Slac_ENSLPGG00000009453	0.0013345187120564206	2.3985592499326432e-20	Aque_Aqu2.1.40376-001;Slac_ENSLPGG00000001593	5.626029519789693e-17	6.425695846049782e-09	Aque_Aqu2.1.40726-001;Slac_ENSLPGG00000004101	7.685602489967394e-07	2.8156917405326233e-11	Aque_Aqu2.1.28570-001;Slac_ENSLPGG00000017185	0.00023281500164788895	1.3559780149883916e-90
Aque_Aqu2.1.41635-001;Slac_ENSLPGG00000019527	1.35534995308407e-94	8.419026994279683e-47	Aque_Aqu2.1.31388-001;Slac_ENSLPGG00000002802	0.0006755546556821743	1.2093331260315993e-59	Aque_Aqu2.1.36280-001;Slac_ENSLPGG00000026756	3.288773730928107e-103	3.3630159279078043e-59	Aque_Aqu2.1.34476-001;Slac_ENSLPGG00000009693	1.1365096649262665e-143	5.798356787689838e-34				Aque_Aqu2.1.35211-001;Slac_ENSLPGG00000013069	1.877257799674659e-21	4.510390699375658e-16	Aque_Aqu2.1.23245-001;Slac_ENSLPGG00000013844	6.412219767578961e-13	6.327972765092445e-45	Aque_Aqu2.1.01979-001;Slac_ENSLPGG00000021520	0.007012591066954428	0.008152652185200318	Aque_Aqu2.1.41482-001;Slac_ENSLPGG00000007158	4.6297900363399465e-06	1.114345831165579e-74	Aque_Aqu2.1.35781-001;Slac_ENSLPGG00000016523	2.9643336706072914e-07	3.529984211449646e-10	Aque_Aqu2.1.24511-001;Slac_ENSLPGG00000010168	4.874707324206489e-25	0.0006322457536316339	Aque_Aqu2.1.41482-001;Slac_ENSLPGG00000001139	2.257130122823816e-08	1.5864479285115916e-66	Aque_Aqu2.1.41482-001;Slac_ENSLPGG00000001139	2.257130122823816e-08	1.7584177041274718e-41	Aque_Aqu2.1.31385-001;Slac_ENSLPGG00000021402	0.0004221664291573433	2.454971510320962e-13	Aque_Aqu2.1.43986-001;Slac_ENSLPGG00000002394	8.331396457690566e-05	1.8622701653685263e-59	Aque_Aqu2.1.29717-001;Slac_ENSLPGG00000007301	5.092049239003799e-10	2.895248310330986e-16	Aque_Aqu2.1.27809-001;Slac_ENSLPGG00000018450	2.0059088829032213e-08	6.8440101107148165e-25
Aque_Aqu2.1.43309-001;Slac_ENSLPGG00000007673	1.4807065078763136e-142	0.0005919116933962473	Aque_Aqu2.1.36105-001;Slac_ENSLPGG00000022449	8.927728054109878e-36	0.00026657521242977084	Aque_Aqu2.1.21796-001;Slac_ENSLPGG00000020424	1.2188109824148507e-117	1.2446689967166114e-36	Aque_Aqu2.1.25862-001;Slac_ENSLPGG00000018181	1.4164840831138878e-69	3.630673637054969e-70				Aque_Aqu2.1.39702-001;Slac_ENSLPGG00000014910	3.839636538726795e-05	1.23081675836824e-07	Aque_Aqu2.1.28492-001;Slac_ENSLPGG00000009453	4.609852878565774e-24	1.4756910295882177e-48	Aque_Aqu2.1.36606-001;Slac_ENSLPGG00000022031	5.622930540080185e-07	0.0026640309671868865	Aque_Aqu2.1.41583-001;Slac_ENSLPGG00000030274	2.627667865706224e-26	1.90995439367809e-08	Aque_Aqu2.1.35503-001;Slac_ENSLPGG00000022488	6.524992042139891e-05	8.88770356445492e-10	Aque_Aqu2.1.31386-001;Slac_ENSLPGG00000021402	1.9939436211890793e-10	5.47074109591713e-19	Aque_Aqu2.1.39672-001;Slac_ENSLPGG00000002171	1.7219934783810546e-24	7.388655311919578e-20	Aque_Aqu2.1.39244-001;Slac_ENSLPGG00000005573	0.001010022294092888	2.5482582521386655e-05	Aque_Aqu2.1.29979-001;Slac_ENSLPGG00000004765	0.005096289705461217	1.806252451274713e-08	Aque_Aqu2.1.41190-001;Slac_ENSLPGG00000014697	3.070020325785256e-26	0.00031433912419985853	Aque_Aqu2.1.43289-001;Slac_ENSLPGG00000005942	0.00030734414796325745	1.1627829427228654e-10	Aque_Aqu2.1.31536-001;Slac_ENSLPGG00000009786	7.713142910234683e-05	7.597147476222797e-05
Aque_Aqu2.1.37818-001;Slac_ENSLPGG00000010551	1.1042169105070999e-65	1.1481621637587149e-70	Aque_Aqu2.1.44059-001;Slac_ENSLPGG00000001288	3.328730512336417e-05	8.590086039879821e-17	Aque_Aqu2.1.40908-001;Slac_ENSLPGG00000015371	4.597924904219899e-109	1.8107318071697008e-24	Aque_Aqu2.1.26684-001;Slac_ENSLPGG00000017185	5.16651150424784e-114	6.725487470921888e-05				Aque_Aqu2.1.39672-001;Slac_ENSLPGG00000013283	6.3157949007109966e-09	2.6704193679793666e-05	Aque_Aqu2.1.28492-001;Slac_ENSLPGG00000011327	4.609852878565774e-24	0.004116007346990355	Aque_Aqu2.1.44280-001;Slac_ENSLPGG00000021800	3.113278684368793e-07	6.359360616478455e-09	Aque_Aqu2.1.41326-001;Slac_ENSLPGG00000020586	2.650509830852004e-20	4.174689950786955e-05	Aque_Aqu2.1.23690-001;Slac_ENSLPGG00000015631	2.8167288445973896e-25	8.896789141331552e-11	Aque_Aqu2.1.35056-001;Slac_ENSLPGG00000026207	0.002150578357557862	5.666638744548414e-09	Aque_Aqu2.1.42077-001;Slac_ENSLPGG00000023634	2.5024776515125946e-13	1.4275965386822054e-12	Aque_Aqu2.1.39672-001;Slac_ENSLPGG00000022031	1.7219934783810546e-24	6.099419038603397e-08	Aque_Aqu2.1.41892-001;Slac_ENSLPGG00000011839	5.2142493076430264e-14	0.003663675314723735	Aque_Aqu2.1.31385-001;Slac_ENSLPGG00000021402	0.0004221664291573433	2.2504082942667657e-43	Aque_Aqu2.1.31381-001;Slac_ENSLPGG00000021402	8.747410743124555e-06	0.003997784546034889	Aque_Aqu2.1.37477-001;Slac_ENSLPGG00000000542	6.263290571875139e-07	3.7071444059323417e-10
Aque_Aqu2.1.38354-001;Slac_ENSLPGG00000028953	1.1143806868995651e-101	1.7008125274199186e-65	Aque_Aqu2.1.37960-001;Slac_ENSLPGG00000013344	8.706435525501074e-27	0.000116755860499865	Aque_Aqu2.1.39927-001;Slac_ENSLPGG00000026851	2.100681945699731e-42	5.649024235262259e-05	Aque_Aqu2.1.41935-001;Slac_ENSLPGG00000021584	5.591333443268466e-36	1.5268177922787565e-06				Aque_Aqu2.1.28492-001;Slac_ENSLPGG00000011327	4.609852878565774e-24	0.0016877695055628826	Aque_Aqu2.1.43551-001;Slac_ENSLPGG00000018987	0.0005635633996396587	2.6386254863590804e-208	Aque_Aqu2.1.42077-001;Slac_ENSLPGG00000024184	1.6179795020463484e-12	7.274698711174481e-07	Aque_Aqu2.1.33047-001;Slac_ENSLPGG00000026194	0.0010141202311665274	6.674291937003132e-10	Aque_Aqu2.1.35499-001;Slac_ENSLPGG00000009453	1.2692762160706003e-88	1.7240464628282283e-09	Aque_Aqu2.1.40721-001;Slac_ENSLPGG00000007294	6.480477457075271e-06	1.5934414315099383e-19	Aque_Aqu2.1.38554-001;Slac_ENSLPGG00000009625	3.744897044029404e-35	5.0913304307575685e-05	Aque_Aqu2.1.31551-001;Slac_ENSLPGG00000007158	0.0004550419940629617	2.3171329481883538e-23	Aque_Aqu2.1.25769-001;Slac_ENSLPGG00000008220	3.2643039449818794e-11	1.3169649745091514e-24	Aque_Aqu2.1.23692-001;Slac_ENSLPGG00000012471	1.2841772084763492e-19	0.005559596267054266	Aque_Aqu2.1.38675-001;Slac_ENSLPGG00000021076	0.0005141603881443814	9.393876599453602e-14	Aque_Aqu2.1.41583-001;Slac_ENSLPGG00000030274	3.1649988563463466e-09	3.625764699272144e-05
Aque_Aqu2.1.25682-001;Slac_ENSLPGG00000019196	1.2153315557323154e-117	4.623428765436423e-09	Aque_Aqu2.1.43382-001;Slac_ENSLPGG00000004594	1.0768824237806037e-94	2.9750773415507614e-10	Aque_Aqu2.1.44138-001;Slac_ENSLPGG00000009965	8.430793710552281e-94	6.548905676868445e-45	Aque_Aqu2.1.18098-001;Slac_ENSLPGG00000007363	0.0002927017614354168	2.824389442390339e-51				Aque_Aqu2.1.39672-001;Slac_ENSLPGG00000016891	6.3157949007109966e-09	2.9258653159556866e-05	Aque_Aqu2.1.35211-001;Slac_ENSLPGG00000014037	1.877257799674659e-21	1.8687999982522213e-07	Aque_Aqu2.1.38752-001;Slac_ENSLPGG00000013069	2.5967541173213717e-13	1.1207523709477493e-09	Aque_Aqu2.1.33096-001;Slac_ENSLPGG00000026009	2.701174655880703e-05	0.0005757468559977892	Aque_Aqu2.1.39703-001;Slac_ENSLPGG00000004947	6.740072048541467e-12	2.3125316935076514e-06	Aque_Aqu2.1.37473-001;Slac_ENSLPGG00000022008	0.005287152186636688	0.006245815641586324	Aque_Aqu2.1.31551-001;Slac_ENSLPGG00000007158	0.0004550419940629617	3.4393842705479424e-25	Aque_Aqu2.1.44243-001;Slac_ENSLPGG00000021186	2.5819489532558422e-23	1.5866616825505543e-23	Aque_Aqu2.1.28453-001;Slac_ENSLPGG00000026946	1.0394247470338174e-05	2.1097457824276857e-06	Aque_Aqu2.1.34140-001;Slac_ENSLPGG00000007158	1.0121820050408576e-29	1.3921670430557845e-07	Aque_Aqu2.1.22401-001;Slac_ENSLPGG00000012774	2.307607525103833e-09	2.5775443297938877e-15	Aque_Aqu2.1.42228-001;Slac_ENSLPGG00000018126	1.729993651012797e-14	5.5436774813796546e-05
Aque_Aqu2.1.44322-001;Slac_ENSLPGG00000026466	8.465724691870346e-08	0.0	Aque_Aqu2.1.24541-001;Slac_ENSLPGG00000010551	2.344168441479099e-143	0.00016474869513399351	Aque_Aqu2.1.14207-001;Slac_ENSLPGG00000010983	4.846865897652857e-15	1.9300062372845804e-39	Aque_Aqu2.1.40665-001;Slac_ENSLPGG00000005591	8.115709961538107e-35	2.9986472072232125e-06				Aque_Aqu2.1.27228-001;Slac_ENSLPGG00000025642	8.73403633687885e-34	2.270226285557522e-22	Aque_Aqu2.1.40890-001;Slac_ENSLPGG00000012661	0.0037159633453467686	0.009182646892215556	Aque_Aqu2.1.35781-001;Slac_ENSLPGG00000016523	0.0002769383255997843	0.002769361568927161	Aque_Aqu2.1.35119-001;Slac_ENSLPGG00000015631	8.135931234143781e-43	8.896789141331552e-11	Aque_Aqu2.1.36275-001;Slac_ENSLPGG00000006965	0.00011713621280591484	0.0010456499946495089	Aque_Aqu2.1.31385-001;Slac_ENSLPGG00000022008	5.85436007345541e-05	0.006245815641586324	Aque_Aqu2.1.39919-001;Slac_ENSLPGG00000027773	2.486254135103664e-07	2.3067353164999476e-32	Aque_Aqu2.1.44243-001;Slac_ENSLPGG00000008996	2.5819489532558422e-23	2.383566135459776e-06	Aque_Aqu2.1.31385-001;Slac_ENSLPGG00000022008	0.0004221664291573433	5.8169367704063345e-09	Aque_Aqu2.1.21880-001;Slac_ENSLPGG00000008528	1.2898596676934027e-28	4.125400720866949e-12	Aque_Aqu2.1.42133-001;Slac_ENSLPGG00000015706	2.1316297481175312e-07	2.086385172313558e-05	Aque_Aqu2.1.36578-001;Slac_ENSLPGG00000011207	3.040004229627623e-17	0.00013157840850262897
Aque_Aqu2.1.27063-001;Slac_ENSLPGG00000023230	3.201242607069932e-92	2.6497204617369967e-21	Aque_Aqu2.1.37818-001;Slac_ENSLPGG00000010551	1.1042169105070999e-65	0.00016474869513399351	Aque_Aqu2.1.18353-001;Slac_ENSLPGG00000017904	2.4837792641188912e-56	1.4884529180400307e-08	Aque_Aqu2.1.41260-001;Slac_ENSLPGG00000008330	1.638108573287336e-99	1.763572462074138e-07				Aque_Aqu2.1.37101-001;Slac_ENSLPGG00000010273	1.5336636022433145e-08	1.4736923783815982e-11	Aque_Aqu2.1.32548-001;Slac_ENSLPGG00000022031	0.0016118061765567644	1.6521542134525504e-05	Aque_Aqu2.1.32548-001;Slac_ENSLPGG00000022031	0.0016118061765567644	0.0026640309671868865	Aque_Aqu2.1.44218-001;Slac_ENSLPGG00000015655	0.0017425631109025657	1.5555584095616784e-48	Aque_Aqu2.1.36448-001;Slac_ENSLPGG00000023442	7.601563556113623e-49	0.000828926358244257	Aque_Aqu2.1.22984-001;Slac_ENSLPGG00000003607	0.0015195175494377914	1.830903210961206e-13	Aque_Aqu2.1.14505-001;Slac_ENSLPGG00000007322	4.1608280773534837e-17	7.737038726130456e-15	Aque_Aqu2.1.29497-001;Slac_ENSLPGG00000014782	6.077919633614359e-57	4.809124165610324e-15	Aque_Aqu2.1.28223-001;Slac_ENSLPGG00000011839	1.3844036382592803e-13	0.003663675314723735	Aque_Aqu2.1.44280-001;Slac_ENSLPGG00000021800	1.013546532817293e-30	1.377967179154152e-07	Aque_Aqu2.1.39203-001;Slac_ENSLPGG00000027473	1.1233610661314817e-06	1.1142531374851538e-05	Aque_Aqu2.1.42183-001;Slac_ENSLPGG00000015655	5.780185608994803e-10	4.232930875702725e-10
Aque_Aqu2.1.43814-001;Slac_ENSLPGG00000016800	1.0114175846621341e-42	1.3097226120826726e-57	Aque_Aqu2.1.38354-001;Slac_ENSLPGG00000028953	1.1143806868995651e-101	0.00011364032434591311	Aque_Aqu2.1.39902-001;Slac_ENSLPGG00000021584	9.107093425514649e-48	1.5359650593165695e-05	Aque_Aqu2.1.18283-001;Slac_ENSLPGG00000026466	8.281858889981098e-97	1.3881851337162964e-32				Aque_Aqu2.1.38519-001;Slac_ENSLPGG00000007426	4.925084952210815e-06	0.0048171139980914615	Aque_Aqu2.1.30867-001;Slac_ENSLPGG00000006271	8.811394793769746e-08	6.725810871771657e-11	Aque_Aqu2.1.41482-001;Slac_ENSLPGG00000019065	2.2364060071655327e-10	0.004592237966067324	Aque_Aqu2.1.35781-001;Slac_ENSLPGG00000016523	5.1906912218938814e-08	3.529984211449646e-10	Aque_Aqu2.1.14136-001;Slac_ENSLPGG00000018698	2.407324601675234e-10	2.86354041207311e-05	Aque_Aqu2.1.41583-001;Slac_ENSLPGG00000003499	1.075194399407091e-28	0.0009192843524476111	Aque_Aqu2.1.41663-001;Slac_ENSLPGG00000004269	6.925532323955444e-17	8.788977280510082e-06	Aque_Aqu2.1.40044-001;Slac_ENSLPGG00000010574	2.8322222814374473e-28	1.771231631264135e-06	Aque_Aqu2.1.26973-001;Slac_ENSLPGG00000000921	1.8757648248382616e-05	8.554351911362749e-10	Aque_Aqu2.1.30850-001;Slac_ENSLPGG00000007919	1.6111351648411453e-09	1.474621204882981e-06	Aque_Aqu2.1.35230-001;Slac_ENSLPGG00000012424	0.003333932225740895	2.0966639451606759e-57	Aque_Aqu2.1.43953-001;Slac_ENSLPGG00000014525	0.002786791961528607	0.0030922186448266915
Aque_Aqu2.1.37095-001;Slac_ENSLPGG00000011766	1.7138617390298075e-107	4.981341181502007e-22	Aque_Aqu2.1.30395-001;Slac_ENSLPGG00000011626	6.234964103978512e-06	4.364461933464749e-38	Aque_Aqu2.1.41621-001;Slac_ENSLPGG00000018880	1.7335877317951547e-90	2.9946119022363995e-49	Aque_Aqu2.1.31388-001;Slac_ENSLPGG00000002802	0.0006755546556821743	8.341868309217225e-209				Aque_Aqu2.1.36565-001;Slac_ENSLPGG00000020706	5.467757675960367e-08	0.00016618681967649416	Aque_Aqu2.1.01979-001;Slac_ENSLPGG00000006271	0.007012591066954428	6.725810871771657e-11	Aque_Aqu2.1.33622-001;Slac_ENSLPGG00000022031	3.31852085524485e-07	0.0026640309671868865	Aque_Aqu2.1.40608-001;Slac_ENSLPGG00000005021	5.055162838780155e-06	2.836399140952614e-25	Aque_Aqu2.1.16006-001;Slac_ENSLPGG00000013274	3.954070820268625e-14	1.0720818351695422e-11	Aque_Aqu2.1.31388-001;Slac_ENSLPGG00000022008	0.009425638668166618	0.006245815641586324	Aque_Aqu2.1.41030-001;Slac_ENSLPGG00000009795	1.2780145784191498e-09	1.5843728573401974e-21	Aque_Aqu2.1.43674-001;Slac_ENSLPGG00000003645	4.20083387372124e-06	6.37289842198441e-13	Aque_Aqu2.1.43986-001;Slac_ENSLPGG00000002394	8.331396457690566e-05	3.132385281564667e-40	Aque_Aqu2.1.28497-001;Slac_ENSLPGG00000009116	6.265744639493593e-06	2.486235618856327e-14	Aque_Aqu2.1.30833-001;Slac_ENSLPGG00000019944	1.6182943729154618e-07	1.5606368505818356e-23	Aque_Aqu2.1.30847-001;Slac_ENSLPGG00000006723	0.003442357639839693	1.0097123505710865e-270
Aque_Aqu2.1.06465-001;Slac_ENSLPGG00000010731	1.1423349568697603e-06	9.675335389896591e-267	Aque_Aqu2.1.43334-001;Slac_ENSLPGG00000007985	1.0309244865485303e-07	0.00035715919530512723	Aque_Aqu2.1.18813-001;Slac_ENSLPGG00000028380	1.5941414811933208e-143	3.1852165286159304e-08	Aque_Aqu2.1.33950-001;Slac_ENSLPGG00000021584	2.1143479916429974e-48	1.5268177922787565e-06				Aque_Aqu2.1.42077-001;Slac_ENSLPGG00000024184	1.6179795020463484e-12	6.4605472536108685e-28	Aque_Aqu2.1.34140-001;Slac_ENSLPGG00000006271	1.662739836406084e-09	6.725810871771657e-11	Aque_Aqu2.1.33448-001;Slac_ENSLPGG00000011166	0.0009419018553175181	7.03707662095056e-13	Aque_Aqu2.1.43812-001;Slac_ENSLPGG00000028142	1.9008923186502065e-05	3.7139133484272695e-30	Aque_Aqu2.1.35211-001;Slac_ENSLPGG00000014037	1.0980787290419444e-30	9.215098691457013e-15	Aque_Aqu2.1.35503-001;Slac_ENSLPGG00000003499	6.524992042139891e-05	0.0009192843524476111	Aque_Aqu2.1.28223-001;Slac_ENSLPGG00000007525	1.3844036382592803e-13	1.2026125316824048e-14	Aque_Aqu2.1.43674-001;Slac_ENSLPGG00000007158	4.20083387372124e-06	2.3171329481883538e-23	Aque_Aqu2.1.36606-001;Slac_ENSLPGG00000002171	6.429704257152719e-05	3.0880155494544363e-12	Aque_Aqu2.1.23692-001;Slac_ENSLPGG00000000921	1.2841772084763492e-19	0.00020497790178902148	Aque_Aqu2.1.29892-001;Slac_ENSLPGG00000019707	2.0114185965128666e-06	8.348963770442609e-10	Aque_Aqu2.1.41445-001;Slac_ENSLPGG00000012408	0.00015993955679151887	0.0007519966664523761
Aque_Aqu2.1.26225-001;Slac_ENSLPGG00000004270	1.4585812166144586e-112	3.923350826009207e-40	Aque_Aqu2.1.44059-001;Slac_ENSLPGG00000002916	3.328730512336417e-05	8.13217571260454e-08	Aque_Aqu2.1.37079-001;Slac_ENSLPGG00000014397	6.987535709667499e-114	8.281338519449435e-64	Aque_Aqu2.1.38546-001;Slac_ENSLPGG00000004809	5.0069341824032954e-104	3.680454032726867e-52				Aque_Aqu2.1.25867-001;Slac_ENSLPGG00000000921	2.1213248264626324e-06	4.959771898176181e-14	Aque_Aqu2.1.41482-001;Slac_ENSLPGG00000007158	2.2364060071655327e-10	2.0838815629998246e-20	Aque_Aqu2.1.25867-001;Slac_ENSLPGG00000010273	2.1213248264626324e-06	0.0012724249500829956	Aque_Aqu2.1.39703-001;Slac_ENSLPGG00000008996	3.9358458296685827e-17	6.84524996954501e-21	Aque_Aqu2.1.30070-001;Slac_ENSLPGG00000017733	1.1819769024332244e-85	0.002669192513835785	Aque_Aqu2.1.28489-001;Slac_ENSLPGG00000009116	4.787491920802856e-09	4.060418632093554e-06	Aque_Aqu2.1.28223-001;Slac_ENSLPGG00000011839	1.3844036382592803e-13	1.90611515788076e-10	Aque_Aqu2.1.34140-001;Slac_ENSLPGG00000003645	1.0121820050408576e-29	6.37289842198441e-13	Aque_Aqu2.1.35230-001;Slac_ENSLPGG00000012424	7.365437517835406e-11	2.6856220632054475e-09	Aque_Aqu2.1.40738-001;Slac_ENSLPGG00000014205	6.218782870818954e-08	1.1536648230263885e-25	Aque_Aqu2.1.34141-001;Slac_ENSLPGG00000005942	2.4543785006386496e-05	1.1627829427228654e-10	Aque_Aqu2.1.43434-001;Slac_ENSLPGG00000007104	0.00010038361831722102	9.015781520050588e-110
Aque_Aqu2.1.26950-001;Slac_ENSLPGG00000011704	2.9641211798731584e-40	1.8454078510702356e-07	Aque_Aqu2.1.37747-001;Slac_ENSLPGG00000010195	1.520304058493942e-143	0.0012389856506993425	Aque_Aqu2.1.23425-001;Slac_ENSLPGG00000021584	2.4250333501045333e-55	1.5359650593165695e-05	Aque_Aqu2.1.35105-001;Slac_ENSLPGG00000024580	1.949543091572683e-45	8.69788276427036e-06				Aque_Aqu2.1.41648-001;Slac_ENSLPGG00000020706	5.441393651598379e-13	0.00016618681967649416	Aque_Aqu2.1.29897-001;Slac_ENSLPGG00000020706	1.4875472874532206e-11	0.000720612718783671	Aque_Aqu2.1.01979-001;Slac_ENSLPGG00000019065	0.007012591066954428	0.004592237966067324	Aque_Aqu2.1.38181-001;Slac_ENSLPGG00000004947	0.0014557742047692525	2.3125316935076514e-06	Aque_Aqu2.1.25858-001;Slac_ENSLPGG00000012471	5.683206485678387e-42	1.2256378781761784e-09	Aque_Aqu2.1.31386-001;Slac_ENSLPGG00000022008	1.9939436211890793e-10	0.006245815641586324	Aque_Aqu2.1.33622-001;Slac_ENSLPGG00000002171	1.708447263117159e-16	7.388655311919578e-20	Aque_Aqu2.1.34140-001;Slac_ENSLPGG00000007158	1.0121820050408576e-29	2.3171329481883538e-23	Aque_Aqu2.1.42203-001;Slac_ENSLPGG00000008996	0.00045457418849529025	1.8020173989883424e-05	Aque_Aqu2.1.36436-001;Slac_ENSLPGG00000015940	9.530971709328e-21	0.008357724621929906	Aque_Aqu2.1.29863-001;Slac_ENSLPGG00000011813	0.00233887121223274	1.1792828546650863e-26	Aque_Aqu2.1.41304-001;Slac_ENSLPGG00000009786	0.0004773102768508639	7.597147476222797e-05
Aque_Aqu2.1.42605-001;Slac_ENSLPGG00000011766	9.509180868415106e-59	4.981341181502007e-22	Aque_Aqu2.1.25460-001;Slac_ENSLPGG00000025767	1.0806839649739981e-05	0.001744453473605008	Aque_Aqu2.1.37774-001;Slac_ENSLPGG00000008927	7.700554024937936e-21	8.998981698858766e-15	Aque_Aqu2.1.14128-001;Slac_ENSLPGG00000018181	2.4522134152092073e-15	3.630673637054969e-70				Aque_Aqu2.1.35781-001;Slac_ENSLPGG00000016523	0.0002769383255997843	7.460571249454539e-10	Aque_Aqu2.1.21208-001;Slac_ENSLPGG00000013772	0.009823782723145305	1.8322970383617765e-06	Aque_Aqu2.1.38608-001;Slac_ENSLPGG00000010736	0.002152172874021064	1.2664158827925261e-08	Aque_Aqu2.1.35503-001;Slac_ENSLPGG00000000967	2.462783846913317e-07	1.6969914153055907e-11	Aque_Aqu2.1.35499-001;Slac_ENSLPGG00000009116	1.2692762160706003e-88	3.098026050711895e-06	Aque_Aqu2.1.39703-001;Slac_ENSLPGG00000021186	6.740072048541467e-12	0.00792282449190551	Aque_Aqu2.1.43637-001;Slac_ENSLPGG00000029928	8.152574204947499e-32	1.133641503252008e-12	Aque_Aqu2.1.32890-001;Slac_ENSLPGG00000007568	8.175377015812928e-08	7.355611122930514e-05	Aque_Aqu2.1.41482-001;Slac_ENSLPGG00000007158	2.257130122823816e-08	3.092012612494674e-08	Aque_Aqu2.1.43984-001;Slac_ENSLPGG00000002394	4.479650965828285e-09	1.8622701653685263e-59	Aque_Aqu2.1.31371-001;Slac_ENSLPGG00000019336	0.0006888611292888019	1.7175341942907336e-05	Aque_Aqu2.1.19258-001;Slac_ENSLPGG00000030036	0.0010247131434619572	0.001994043383859412
Aque_Aqu2.1.37747-001;Slac_ENSLPGG00000010195	1.520304058493942e-143	1.0486439829286918e-69	Aque_Aqu2.1.30833-001;Slac_ENSLPGG00000019944	0.001936844846956756	3.360298033119989e-05	Aque_Aqu2.1.19270-001;Slac_ENSLPGG00000014669	3.5649902187242884e-79	0.0037258641928529	Aque_Aqu2.1.37774-001;Slac_ENSLPGG00000005401	7.700554024937936e-21	2.3421129342282908e-26				Aque_Aqu2.1.44243-001;Slac_ENSLPGG00000010854	2.521644079706085e-10	0.0011755140317752015	Aque_Aqu2.1.01979-001;Slac_ENSLPGG00000001139	0.007012591066954428	1.364164359996385e-34	Aque_Aqu2.1.34140-001;Slac_ENSLPGG00000001139	1.662739836406084e-09	1.0794946248240394e-08	Aque_Aqu2.1.41583-001;Slac_ENSLPGG00000001761	2.627667865706224e-26	5.837025646251024e-10	Aque_Aqu2.1.42050-001;Slac_ENSLPGG00000000696	1.3711598473476238e-18	5.830310343059631e-06	Aque_Aqu2.1.23703-001;Slac_ENSLPGG00000020158	0.0012734706067576197	1.2616917444537784e-05	Aque_Aqu2.1.30867-001;Slac_ENSLPGG00000007158	1.3309245062395783e-20	3.4393842705479424e-25	Aque_Aqu2.1.36507-001;Slac_ENSLPGG00000029934	1.294377129584489e-07	0.0007193067221844002	Aque_Aqu2.1.43251-001;Slac_ENSLPGG00000027461	2.3451474142829946e-08	0.0044535470809418595	Aque_Aqu2.1.34140-001;Slac_ENSLPGG00000001139	1.0121820050408576e-29	4.345251405310324e-05	Aque_Aqu2.1.43289-001;Slac_ENSLPGG00000001774	0.00030734414796325745	3.6528869866102756e-06	Aque_Aqu2.1.28506-001;Slac_ENSLPGG00000015791	0.002021645072273427	6.366879886062201e-05
Aque_Aqu2.1.44167-001;Slac_ENSLPGG00000002326	2.4503567949267662e-116	0.0009657979137766772	Aque_Aqu2.1.37974-001;Slac_ENSLPGG00000010195	2.4185485011480635e-14	0.0012389856506993425	Aque_Aqu2.1.40665-001;Slac_ENSLPGG00000018877	8.115709961538107e-35	1.7074539375803793e-05	Aque_Aqu2.1.18353-001;Slac_ENSLPGG00000017904	2.4837792641188912e-56	7.430822732872599e-09				Aque_Aqu2.1.44218-001;Slac_ENSLPGG00000015655	1.5630724984533242e-08	1.5732646119188781e-15	Aque_Aqu2.1.34140-001;Slac_ENSLPGG00000001139	1.662739836406084e-09	1.364164359996385e-34	Aque_Aqu2.1.38608-001;Slac_ENSLPGG00000025832	0.002152172874021064	8.851924786305355e-06	Aque_Aqu2.1.21248-001;Slac_ENSLPGG00000009981	5.582838869151021e-65	3.133649304005058e-06	Aque_Aqu2.1.34597-001;Slac_ENSLPGG00000028037	0.0004624105493005545	0.00027557461432683	Aque_Aqu2.1.34263-001;Slac_ENSLPGG00000015631	5.189591029528842e-07	4.2785560696745975e-05	Aque_Aqu2.1.40738-001;Slac_ENSLPGG00000014205	6.218782870818954e-08	8.529006203565522e-47	Aque_Aqu2.1.43954-001;Slac_ENSLPGG00000029175	0.0001823425905369846	5.940489462650018e-09	Aque_Aqu2.1.34140-001;Slac_ENSLPGG00000019065	1.0121820050408576e-29	0.008445174686407597	Aque_Aqu2.1.36574-001;Slac_ENSLPGG00000012140	0.0004940940652812278	1.0581014950202239e-19	Aque_Aqu2.1.41015-001;Slac_ENSLPGG00000002336	0.009779608172527637	0.0016442130005784117	Aque_Aqu2.1.42203-001;Slac_ENSLPGG00000024989	3.7598373078532615e-09	0.00241040070878632
Aque_Aqu2.1.44059-001;Slac_ENSLPGG00000001288	3.328730512336417e-05	4.0556484159166975e-43	Aque_Aqu2.1.13985-001;Slac_ENSLPGG00000020432	0.007557710813279713	2.737864208253232e-31	Aque_Aqu2.1.27224-001;Slac_ENSLPGG00000026851	6.85573730359377e-63	5.649024235262259e-05	Aque_Aqu2.1.14137-001;Slac_ENSLPGG00000018350	3.1178299804803794e-58	8.772695547919577e-06				Aque_Aqu2.1.32548-001;Slac_ENSLPGG00000002171	0.0016118061765567644	4.811942582704965e-16	Aque_Aqu2.1.36606-001;Slac_ENSLPGG00000022031	5.622930540080185e-07	1.6521542134525504e-05	Aque_Aqu2.1.23247-001;Slac_ENSLPGG00000014386	1.1200245995874174e-06	1.7287512944415076e-07	Aque_Aqu2.1.34848-001;Slac_ENSLPGG00000007243	2.4510777142538128e-05	8.006524902330374e-19	Aque_Aqu2.1.39703-001;Slac_ENSLPGG00000008996	6.740072048541467e-12	6.84524996954501e-21				Aque_Aqu2.1.44664-001;Slac_ENSLPGG00000019364	7.083421842137397e-10	8.57929539307134e-07	Aque_Aqu2.1.23692-001;Slac_ENSLPGG00000010273	1.2841772084763492e-19	7.696669701701013e-06	Aque_Aqu2.1.43984-001;Slac_ENSLPGG00000002394	4.479650965828285e-09	3.132385281564667e-40	Aque_Aqu2.1.43536-001;Slac_ENSLPGG00000021503	3.1456270560029736e-13	1.416254818464003e-05	Aque_Aqu2.1.29864-001;Slac_ENSLPGG00000003738	0.006566079114390827	0.0005406747718673408	Aque_Aqu2.1.36284-001;Slac_ENSLPGG00000025799	0.0008833769211785781	8.167566057359909e-13
Aque_Aqu2.1.34374-001;Slac_ENSLPGG00000010554	1.4390603500282076e-48	1.34847309513742e-06	Aque_Aqu2.1.28078-001;Slac_ENSLPGG00000010195	6.696460884889418e-10	0.0012389856506993425	Aque_Aqu2.1.37974-001;Slac_ENSLPGG00000010195	2.4185485011480635e-14	7.49018270378121e-168	Aque_Aqu2.1.37762-001;Slac_ENSLPGG00000010260	1.6015037883301053e-113	4.902776946435151e-31				Aque_Aqu2.1.42777-001;Slac_ENSLPGG00000002863	0.0035615299341942995	0.0006982260484209229	Aque_Aqu2.1.38750-001;Slac_ENSLPGG00000014037	2.625604464614801e-12	1.8687999982522213e-07	Aque_Aqu2.1.23414-001;Slac_ENSLPGG00000009214	1.6439830959473454e-05	3.240392509643519e-06	Aque_Aqu2.1.44194-001;Slac_ENSLPGG00000013677	4.3628815760055725e-50	1.1102809994691477e-05	Aque_Aqu2.1.27287-001;Slac_ENSLPGG00000013677	3.770990768672222e-45	1.1102809994691477e-05				Aque_Aqu2.1.43251-001;Slac_ENSLPGG00000017003	2.3451474142829946e-08	0.0007146712202704738	Aque_Aqu2.1.24981-001;Slac_ENSLPGG00000009456	2.7217252995401606e-14	2.941187808203476e-10	Aque_Aqu2.1.41012-001;Slac_ENSLPGG00000018391	0.00027018571509218245	8.557416813620929e-05	Aque_Aqu2.1.40738-001;Slac_ENSLPGG00000007322	6.218782870818954e-08	1.5533319931254813e-22	Aque_Aqu2.1.37818-001;Slac_ENSLPGG00000010551	1.454357753979836e-07	0.00868613460338985	Aque_Aqu2.1.29723-001;Slac_ENSLPGG00000004327	0.0005473907735919964	7.043279595788877e-11
Aque_Aqu2.1.35230-001;Slac_ENSLPGG00000012424	3.97530928919099e-36	3.282999557512256e-11	Aque_Aqu2.1.37748-001;Slac_ENSLPGG00000010195	0.006868279958800548	0.0012389856506993425	Aque_Aqu2.1.25682-001;Slac_ENSLPGG00000019196	1.2153315557323154e-117	0.00306284411081196	Aque_Aqu2.1.27294-001;Slac_ENSLPGG00000021584	6.379913106281972e-32	1.5268177922787565e-06				Aque_Aqu2.1.21047-001;Slac_ENSLPGG00000021268	2.0042391223224744e-08	0.006222428200386769	Aque_Aqu2.1.21205-001;Slac_ENSLPGG00000013772	0.002107528433600299	1.8322970383617765e-06	Aque_Aqu2.1.27228-001;Slac_ENSLPGG00000025642	8.73403633687885e-34	0.0024766795362627264	Aque_Aqu2.1.35211-001;Slac_ENSLPGG00000013069	3.46092426890341e-23	1.8352583169197938e-25	Aque_Aqu2.1.27228-001;Slac_ENSLPGG00000025642	3.237200369837252e-45	6.993743447563894e-34				Aque_Aqu2.1.33635-001;Slac_ENSLPGG00000026194	0.00010669886911690847	1.969891307800923e-05	Aque_Aqu2.1.42762-001;Slac_ENSLPGG00000002171	1.0081478109652569e-17	2.040331509655993e-20	Aque_Aqu2.1.42203-001;Slac_ENSLPGG00000021186	0.00045457418849529025	2.411558428950339e-13	Aque_Aqu2.1.28489-001;Slac_ENSLPGG00000009453	1.2639077541595553e-28	1.297346950394959e-07	Aque_Aqu2.1.41622-001;Slac_ENSLPGG00000016003	9.37433589323078e-05	0.00011556355925067361	Aque_Aqu2.1.14505-001;Slac_ENSLPGG00000014205	0.0012907827016655612	8.273456498889516e-13
Aque_Aqu2.1.37960-001;Slac_ENSLPGG00000013344	8.706435525501074e-27	5.693536841006229e-08				Aque_Aqu2.1.12657-001;Slac_ENSLPGG00000004375	2.9043498226616313e-98	1.1780417691428253e-05	Aque_Aqu2.1.40665-001;Slac_ENSLPGG00000018877	8.115709961538107e-35	1.805147948244949e-05				Aque_Aqu2.1.23247-001;Slac_ENSLPGG00000013844	1.1200245995874174e-06	1.7058538510207692e-102	Aque_Aqu2.1.35781-001;Slac_ENSLPGG00000007429	0.0002769383255997843	5.2822232502345456e-17	Aque_Aqu2.1.30867-001;Slac_ENSLPGG00000021520	8.811394793769746e-08	0.008152652185200318	Aque_Aqu2.1.39760-001;Slac_ENSLPGG00000006423	1.3668276675116748e-07	3.266166105766691e-05	Aque_Aqu2.1.41583-001;Slac_ENSLPGG00000030274	1.075194399407091e-28	1.90995439367809e-08				Aque_Aqu2.1.34140-001;Slac_ENSLPGG00000007158	1.0121820050408576e-29	3.4393842705479424e-25	Aque_Aqu2.1.30867-001;Slac_ENSLPGG00000007158	1.3309245062395783e-20	2.3171329481883538e-23	Aque_Aqu2.1.38824-001;Slac_ENSLPGG00000000921	0.0021069493728025235	8.554351911362749e-10	Aque_Aqu2.1.31388-001;Slac_ENSLPGG00000021402	0.004760476945746735	2.2504082942667657e-43	Aque_Aqu2.1.31353-001;Slac_ENSLPGG00000008965	0.00010803493139412435	8.041779839829194e-05	Aque_Aqu2.1.16006-001;Slac_ENSLPGG00000013274	5.270219096773603e-09	0.00017042420495908981
Aque_Aqu2.1.31194-001;Slac_ENSLPGG00000008926	9.479286352586293e-109	2.305627224004209e-06				Aque_Aqu2.1.31194-001;Slac_ENSLPGG00000008469	9.479286352586293e-109	1.6694818403245838e-83	Aque_Aqu2.1.43688-001;Slac_ENSLPGG00000021584	4.4253445921185735e-29	1.5268177922787565e-06				Aque_Aqu2.1.39702-001;Slac_ENSLPGG00000029003	3.839636538726795e-05	3.9316935641236165e-15	Aque_Aqu2.1.37101-001;Slac_ENSLPGG00000010273	1.5336636022433145e-08	2.2568325936102162e-05	Aque_Aqu2.1.40997-001;Slac_ENSLPGG00000019726	3.056879980995244e-05	1.5518774950969737e-86	Aque_Aqu2.1.28492-001;Slac_ENSLPGG00000009453	1.0134123622564161e-101	1.7240464628282283e-09	Aque_Aqu2.1.28492-001;Slac_ENSLPGG00000009453	1.2990573900827222e-105	1.7240464628282283e-09				Aque_Aqu2.1.33729-001;Slac_ENSLPGG00000028407	1.6681923263893484e-05	4.482607624214078e-06	Aque_Aqu2.1.39671-001;Slac_ENSLPGG00000012011	5.6277730716785066e-24	8.935930159934392e-07	Aque_Aqu2.1.29098-001;Slac_ENSLPGG00000015099	0.0022163606697167436	5.6665494261985154e-05	Aque_Aqu2.1.30867-001;Slac_ENSLPGG00000007158	1.3309245062395783e-20	1.3921670430557845e-07	Aque_Aqu2.1.28301-001;Slac_ENSLPGG00000012506	8.883577150236559e-09	1.2928363628897202e-07	Aque_Aqu2.1.42204-001;Slac_ENSLPGG00000024989	7.817120237222319e-25	0.00241040070878632
Aque_Aqu2.1.44059-001;Slac_ENSLPGG00000002916	3.328730512336417e-05	1.8602628480511736e-27				Aque_Aqu2.1.33543-001;Slac_ENSLPGG00000010511	2.8949349109542336e-49	1.1958762228848814e-22	Aque_Aqu2.1.28091-001;Slac_ENSLPGG00000011974	2.7724493515918748e-102	2.357272853270015e-39				Aque_Aqu2.1.38750-001;Slac_ENSLPGG00000013069	2.625604464614801e-12	4.510390699375658e-16	Aque_Aqu2.1.44243-001;Slac_ENSLPGG00000010854	2.521644079706085e-10	0.0033377095618873118	Aque_Aqu2.1.24879-001;Slac_ENSLPGG00000015293	0.0005023866135471616	0.0003498442261518222	Aque_Aqu2.1.36448-001;Slac_ENSLPGG00000023442	9.987531583213903e-48	0.000828926358244257	Aque_Aqu2.1.35513-001;Slac_ENSLPGG00000014120	1.9223474439878673e-49	0.000944903500654391				Aque_Aqu2.1.37407-001;Slac_ENSLPGG00000018774	5.959310045388851e-09	3.4238613652926317e-09	Aque_Aqu2.1.40394-001;Slac_ENSLPGG00000030431	0.008548448215663518	2.9741009683390458e-05	Aque_Aqu2.1.28497-001;Slac_ENSLPGG00000009116	6.265744639493593e-06	5.930858528443236e-08	Aque_Aqu2.1.41892-001;Slac_ENSLPGG00000011839	5.2142493076430264e-14	6.871823708419816e-06	Aque_Aqu2.1.28941-001;Slac_ENSLPGG00000014432	0.008780498939991783	2.550107439407166e-13	Aque_Aqu2.1.18818-001;Slac_ENSLPGG00000000564	1.3238364383206064e-05	3.918629082506975e-07
Aque_Aqu2.1.30395-001;Slac_ENSLPGG00000011626	6.234964103978512e-06	4.963128665858961e-135				Aque_Aqu2.1.12854-001;Slac_ENSLPGG00000000928	8.308052623456065e-109	2.3154793803681763e-10	Aque_Aqu2.1.38196-001;Slac_ENSLPGG00000005591	2.7056507229478046e-24	2.9986472072232125e-06				Aque_Aqu2.1.25867-001;Slac_ENSLPGG00000010273	2.1213248264626324e-06	1.4736923783815982e-11	Aque_Aqu2.1.33526-001;Slac_ENSLPGG00000027951	2.6530378615446102e-11	1.8275038755462968e-07	Aque_Aqu2.1.34140-001;Slac_ENSLPGG00000021520	1.662739836406084e-09	0.008152652185200318	Aque_Aqu2.1.37101-001;Slac_ENSLPGG00000010273	6.194430517240804e-07	1.4331754929585277e-12	Aque_Aqu2.1.44104-001;Slac_ENSLPGG00000013804	3.4947931478476343e-10	3.586733440963688e-08				Aque_Aqu2.1.38390-001;Slac_ENSLPGG00000009625	3.283777108141531e-31	5.0913304307575685e-05	Aque_Aqu2.1.42154-001;Slac_ENSLPGG00000030431	2.4653836889926653e-06	2.9741009683390458e-05	Aque_Aqu2.1.41892-001;Slac_ENSLPGG00000018987	5.2142493076430264e-14	0.002248795489287147	Aque_Aqu2.1.43536-001;Slac_ENSLPGG00000017855	3.1456270560029736e-13	0.0018345151332905534	Aque_Aqu2.1.34141-001;Slac_ENSLPGG00000001774	2.4543785006386496e-05	3.6528869866102756e-06	Aque_Aqu2.1.41530-001;Slac_ENSLPGG00000026624	5.549831718336349e-05	5.078529865221248e-14
Aque_Aqu2.1.36553-001;Slac_ENSLPGG00000010866	7.519750924837044e-19	1.3129341271785984e-08				Aque_Aqu2.1.41935-001;Slac_ENSLPGG00000021584	5.591333443268466e-36	1.5359650593165695e-05	Aque_Aqu2.1.44059-001;Slac_ENSLPGG00000001288	3.328730512336417e-05	2.96892106482705e-44				Aque_Aqu2.1.41482-001;Slac_ENSLPGG00000001139	2.2364060071655327e-10	1.4494333720685917e-24	Aque_Aqu2.1.33622-001;Slac_ENSLPGG00000022031	3.31852085524485e-07	1.6521542134525504e-05	Aque_Aqu2.1.44245-001;Slac_ENSLPGG00000013337	0.0046844640673461375	0.0003169817591007459	Aque_Aqu2.1.34138-001;Slac_ENSLPGG00000001139	1.2656438086926812e-05	8.419665194249147e-35	Aque_Aqu2.1.44676-001;Slac_ENSLPGG00000007525	0.0015947909906532027	1.9962902323811717e-72				Aque_Aqu2.1.43987-001;Slac_ENSLPGG00000002394	3.283156008267793e-06	1.221392526032047e-23	Aque_Aqu2.1.43637-001;Slac_ENSLPGG00000029928	8.152574204947499e-32	3.860286543576328e-05	Aque_Aqu2.1.07545-001;Slac_ENSLPGG00000029433	0.009147084110062452	7.965744652964937e-06	Aque_Aqu2.1.07545-001;Slac_ENSLPGG00000029433	0.009147084110062452	1.0533315788416058e-17	Aque_Aqu2.1.36607-001;Slac_ENSLPGG00000016491	0.002175361838638174	0.0006111312004287011	Aque_Aqu2.1.42693-001;Slac_ENSLPGG00000012471	5.036351134363364e-08	5.353435489594685e-12
Aque_Aqu2.1.37974-001;Slac_ENSLPGG00000010195	2.4185485011480635e-14	1.0486439829286918e-69				Aque_Aqu2.1.43688-001;Slac_ENSLPGG00000021584	4.4253445921185735e-29	1.5359650593165695e-05	Aque_Aqu2.1.38354-001;Slac_ENSLPGG00000028953	1.1143806868995651e-101	2.305047304993447e-17				Aque_Aqu2.1.36606-001;Slac_ENSLPGG00000002171	5.622930540080185e-07	4.811942582704965e-16	Aque_Aqu2.1.31388-001;Slac_ENSLPGG00000022008	0.009403421798818682	5.196572743258641e-21	Aque_Aqu2.1.17816-001;Slac_ENSLPGG00000001139	0.009367143325851741	1.0794946248240394e-08	Aque_Aqu2.1.38181-001;Slac_ENSLPGG00000008996	0.0014557742047692525	6.84524996954501e-21	Aque_Aqu2.1.33671-001;Slac_ENSLPGG00000008220	2.1653315935197197e-05	1.7439124872034618e-54				Aque_Aqu2.1.28497-001;Slac_ENSLPGG00000009116	6.265744639493593e-06	6.14592868531139e-18	Aque_Aqu2.1.41482-001;Slac_ENSLPGG00000007158	2.257130122823816e-08	2.3171329481883538e-23	Aque_Aqu2.1.43982-001;Slac_ENSLPGG00000010736	0.00026536629051856613	2.0988989273194013e-05	Aque_Aqu2.1.43329-001;Slac_ENSLPGG00000028356	2.4503123309393326e-14	0.008073199099584266	Aque_Aqu2.1.24985-001;Slac_ENSLPGG00000016003	7.12347800492466e-10	0.00011556355925067361	Aque_Aqu2.1.36775-001;Slac_ENSLPGG00000007002	0.009357964652518258	6.732830050166479e-09
Aque_Aqu2.1.18283-001;Slac_ENSLPGG00000018844	8.281858889981098e-97	0.0011538952408238835				Aque_Aqu2.1.33950-001;Slac_ENSLPGG00000021584	2.1143479916429974e-48	1.5359650593165695e-05	Aque_Aqu2.1.06465-001;Slac_ENSLPGG00000010731	1.1423349568697603e-06	2.5307846142510007e-156				Aque_Aqu2.1.24987-001;Slac_ENSLPGG00000003239	1.6948309903525678e-12	2.1696472139349363e-06	Aque_Aqu2.1.36565-001;Slac_ENSLPGG00000011109	5.467757675960367e-08	0.0013413830707573735	Aque_Aqu2.1.31586-001;Slac_ENSLPGG00000015099	0.0003103108205526201	5.637710037603953e-09	Aque_Aqu2.1.44197-001;Slac_ENSLPGG00000006271	2.2714847576806134e-31	2.6697465039007906e-06	Aque_Aqu2.1.21248-001;Slac_ENSLPGG00000009981	2.1316785119627852e-35	3.133649304005058e-06				Aque_Aqu2.1.08677-001;Slac_ENSLPGG00000015888	7.208488648075431e-16	7.523245071031996e-10	Aque_Aqu2.1.28223-001;Slac_ENSLPGG00000007525	1.3844036382592803e-13	3.993170464153228e-16	Aque_Aqu2.1.30867-001;Slac_ENSLPGG00000019065	1.3309245062395783e-20	0.008445174686407597	Aque_Aqu2.1.39916-001;Slac_ENSLPGG00000028356	2.688541540398142e-13	0.008073199099584266	Aque_Aqu2.1.42569-001;Slac_ENSLPGG00000002953	0.0008140377326361705	2.4043483635480376e-10	Aque_Aqu2.1.43289-001;Slac_ENSLPGG00000005942	0.004440306993347242	1.1627829427228654e-10
Aque_Aqu2.1.31945-001;Slac_ENSLPGG00000003516	5.948924651979201e-27	0.009209934962931338				Aque_Aqu2.1.41635-001;Slac_ENSLPGG00000019527	1.35534995308407e-94	4.382697937306234e-06	Aque_Aqu2.1.39934-001;Slac_ENSLPGG00000026505	4.277056854050607e-115	2.74102865695632e-35				Aque_Aqu2.1.23818-001;Slac_ENSLPGG00000019389	5.427934060660114e-24	0.0005953596811574761	Aque_Aqu2.1.30867-001;Slac_ENSLPGG00000007158	8.811394793769746e-08	2.0838815629998246e-20	Aque_Aqu2.1.31388-001;Slac_ENSLPGG00000001057	0.009403421798818682	0.004855931232394134	Aque_Aqu2.1.36076-001;Slac_ENSLPGG00000002171	0.005164206410856717	2.3617155152259307e-60	Aque_Aqu2.1.41326-001;Slac_ENSLPGG00000020586	8.106435070196684e-12	4.174689950786955e-05				Aque_Aqu2.1.27258-001;Slac_ENSLPGG00000006993	4.614981215518772e-18	2.3991069477122163e-14	Aque_Aqu2.1.42762-001;Slac_ENSLPGG00000022031	1.0081478109652569e-17	6.099419038603397e-08	Aque_Aqu2.1.43353-001;Slac_ENSLPGG00000008404	3.8260820266303296e-05	0.005466038961812341	Aque_Aqu2.1.37486-001;Slac_ENSLPGG00000021186	5.791765336917085e-10	2.0188353322288348e-10	Aque_Aqu2.1.35074-001;Slac_ENSLPGG00000008965	0.002716392470343695	8.041779839829194e-05	Aque_Aqu2.1.33091-001;Slac_ENSLPGG00000026391	0.006438850521977652	3.1216404839785876e-07
Aque_Aqu2.1.25460-001;Slac_ENSLPGG00000025767	1.0806839649739981e-05	4.082142514092622e-15				Aque_Aqu2.1.14137-001;Slac_ENSLPGG00000018350	3.1178299804803794e-58	0.0002517678430115775	Aque_Aqu2.1.24541-001;Slac_ENSLPGG00000010551	2.344168441479099e-143	6.172796168552728e-06				Aque_Aqu2.1.44104-001;Slac_ENSLPGG00000013154	0.004676700161059421	8.037926580122318e-21	Aque_Aqu2.1.31388-001;Slac_ENSLPGG00000021402	0.009403421798818682	4.894697548156748e-35	Aque_Aqu2.1.30867-001;Slac_ENSLPGG00000019065	8.811394793769746e-08	0.004592237966067324	Aque_Aqu2.1.16006-001;Slac_ENSLPGG00000013274	1.782678476637719e-08	1.0720818351695422e-11	Aque_Aqu2.1.44009-001;Slac_ENSLPGG00000020586	3.403777570357306e-09	4.174689950786955e-05				Aque_Aqu2.1.25434-001;Slac_ENSLPGG00000027609	1.5600757561556257e-10	0.00019223758375712518	Aque_Aqu2.1.28301-001;Slac_ENSLPGG00000025835	2.4420291072502505e-07	7.85761304520845e-10	Aque_Aqu2.1.33536-001;Slac_ENSLPGG00000026185	0.007328848895594257	0.004154972720071218	Aque_Aqu2.1.37407-001;Slac_ENSLPGG00000020178	5.959310045388851e-09	5.984877303900408e-05	Aque_Aqu2.1.42038-001;Slac_ENSLPGG00000004661	0.0014399152234147294	0.00014338362437445363	Aque_Aqu2.1.24504-001;Slac_ENSLPGG00000019760	0.0006336401978422196	2.3458916270053718e-05
Aque_Aqu2.1.29862-001;Slac_ENSLPGG00000010736	2.860168744556222e-56	0.0007123910983002527				Aque_Aqu2.1.37256-001;Slac_ENSLPGG00000024580	4.63256763518813e-09	1.335015754250869e-19	Aque_Aqu2.1.41621-001;Slac_ENSLPGG00000018880	1.7335877317951547e-90	3.0440385616654108e-21				Aque_Aqu2.1.17816-001;Slac_ENSLPGG00000021520	0.009367143325851741	2.3251872846171974e-12	Aque_Aqu2.1.01979-001;Slac_ENSLPGG00000007158	0.007012591066954428	2.0838815629998246e-20	Aque_Aqu2.1.17816-001;Slac_ENSLPGG00000021520	0.009367143325851741	0.008152652185200318	Aque_Aqu2.1.28492-001;Slac_ENSLPGG00000009116	1.0134123622564161e-101	3.098026050711895e-06	Aque_Aqu2.1.41583-001;Slac_ENSLPGG00000001761	1.075194399407091e-28	5.837025646251024e-10				Aque_Aqu2.1.28489-001;Slac_ENSLPGG00000009116	1.2639077541595553e-28	6.14592868531139e-18	Aque_Aqu2.1.39919-001;Slac_ENSLPGG00000027773	2.486254135103664e-07	1.946968380942947e-23	Aque_Aqu2.1.43267-001;Slac_ENSLPGG00000027461	3.1038449995845004e-09	0.0044535470809418595	Aque_Aqu2.1.37486-001;Slac_ENSLPGG00000000564	5.791765336917085e-10	3.407158897655185e-05	Aque_Aqu2.1.31911-001;Slac_ENSLPGG00000002336	9.01497892519821e-05	0.0016442130005784117	Aque_Aqu2.1.34470-001;Slac_ENSLPGG00000029495	0.0038714836547685803	0.0005526816347821156
Aque_Aqu2.1.28093-001;Slac_ENSLPGG00000004444	1.2716002791260598e-16	0.0005356625867588471				Aque_Aqu2.1.39147-001;Slac_ENSLPGG00000029327	2.5070991514612063e-37	0.0004992817216413753	Aque_Aqu2.1.14207-001;Slac_ENSLPGG00000010983	4.846865897652857e-15	9.834982668604445e-20				Aque_Aqu2.1.41482-001;Slac_ENSLPGG00000007158	2.2364060071655327e-10	1.2305328596950784e-25	Aque_Aqu2.1.39672-001;Slac_ENSLPGG00000021127	6.3157949007109966e-09	0.009342612883849542	Aque_Aqu2.1.34140-001;Slac_ENSLPGG00000019065	1.662739836406084e-09	0.004592237966067324	Aque_Aqu2.1.40721-001;Slac_ENSLPGG00000007294	5.988371027327689e-13	2.430221846881954e-15	Aque_Aqu2.1.40721-001;Slac_ENSLPGG00000007294	6.480477457075271e-06	2.430221846881954e-15				Aque_Aqu2.1.43995-001;Slac_ENSLPGG00000002394	1.2817282397478916e-13	1.221392526032047e-23	Aque_Aqu2.1.43989-001;Slac_ENSLPGG00000002394	4.110904363096128e-06	1.4512784716372902e-32	Aque_Aqu2.1.28223-001;Slac_ENSLPGG00000018987	1.3844036382592803e-13	0.002248795489287147	Aque_Aqu2.1.14505-001;Slac_ENSLPGG00000012981	4.1608280773534837e-17	0.00011499550597623149	Aque_Aqu2.1.43699-001;Slac_ENSLPGG00000023764	0.006181496810058212	4.716362101857494e-16	Aque_Aqu2.1.28194-001;Slac_ENSLPGG00000013036	0.0045912394646443755	7.031220144791269e-26
Aque_Aqu2.1.31388-001;Slac_ENSLPGG00000002802	0.0006755546556821743	4.350965231521342e-58				Aque_Aqu2.1.14137-001;Slac_ENSLPGG00000006881	3.1178299804803794e-58	0.0019243758484575122	Aque_Aqu2.1.38196-001;Slac_ENSLPGG00000018877	2.7056507229478046e-24	1.805147948244949e-05				Aque_Aqu2.1.39672-001;Slac_ENSLPGG00000022031	6.3157949007109966e-09	9.300342416746377e-05	Aque_Aqu2.1.34140-001;Slac_ENSLPGG00000007158	1.662739836406084e-09	2.0838815629998246e-20	Aque_Aqu2.1.38683-001;Slac_ENSLPGG00000013337	0.002171373567225803	0.0003169817591007459	Aque_Aqu2.1.25608-001;Slac_ENSLPGG00000004269	4.085609278150581e-12	2.8577770605734596e-05	Aque_Aqu2.1.39760-001;Slac_ENSLPGG00000006423	2.508963196624943e-05	3.266166105766691e-05				Aque_Aqu2.1.23239-001;Slac_ENSLPGG00000009625	7.943361772072874e-20	5.0913304307575685e-05	Aque_Aqu2.1.24884-001;Slac_ENSLPGG00000016023	2.088362072783549e-50	1.1789178520790766e-50	Aque_Aqu2.1.44139-001;Slac_ENSLPGG00000009116	0.0013345187120564206	5.930858528443236e-08	Aque_Aqu2.1.36779-001;Slac_ENSLPGG00000020178	2.0751669503159548e-16	5.984877303900408e-05	Aque_Aqu2.1.33934-001;Slac_ENSLPGG00000014966	0.0066287920109250305	0.00042512389653708975	Aque_Aqu2.1.22809-001;Slac_ENSLPGG00000017293	5.337826108275082e-06	1.2392350611224024e-08
Aque_Aqu2.1.43334-001;Slac_ENSLPGG00000007985	1.0309244865485303e-07	4.027629479772916e-09				Aque_Aqu2.1.09762-001;Slac_ENSLPGG00000011626	2.728546897831895e-124	5.951518931550513e-09	Aque_Aqu2.1.36280-001;Slac_ENSLPGG00000026756	3.288773730928107e-103	7.439927040741268e-23				Aque_Aqu2.1.24987-001;Slac_ENSLPGG00000011151	1.6948309903525678e-12	0.0006790935580631603	Aque_Aqu2.1.23247-001;Slac_ENSLPGG00000013844	1.1200245995874174e-06	6.327972765092445e-45	Aque_Aqu2.1.43365-001;Slac_ENSLPGG00000022615	0.002191564312746992	0.0005822039373777532	Aque_Aqu2.1.17698-001;Slac_ENSLPGG00000011232	5.2765711542032776e-17	0.003325700561470039	Aque_Aqu2.1.38371-001;Slac_ENSLPGG00000013669	4.3345471441267736e-40	0.002468412511541518				Aque_Aqu2.1.37486-001;Slac_ENSLPGG00000008996	5.791765336917085e-10	5.146308428844976e-15	Aque_Aqu2.1.41892-001;Slac_ENSLPGG00000007525	5.2142493076430264e-14	3.993170464153228e-16	Aque_Aqu2.1.31551-001;Slac_ENSLPGG00000007158	0.0004550419940629617	3.092012612494674e-08	Aque_Aqu2.1.28497-001;Slac_ENSLPGG00000009453	6.265744639493593e-06	1.297346950394959e-07	Aque_Aqu2.1.07580-001;Slac_ENSLPGG00000019930	0.006843707059086549	1.2224987601277958e-07	Aque_Aqu2.1.38146-001;Slac_ENSLPGG00000018391	0.0033805918517154743	2.629433758799363e-06
Aque_Aqu2.1.38316-001;Slac_ENSLPGG00000017820	0.007366257446536482	1.4294403635756786e-45				Aque_Aqu2.1.18098-001;Slac_ENSLPGG00000007363	0.0002927017614354168	7.4723889631911e-42	Aque_Aqu2.1.31194-001;Slac_ENSLPGG00000008469	9.479286352586293e-109	1.8018412001204523e-48				Aque_Aqu2.1.39672-001;Slac_ENSLPGG00000021127	6.3157949007109966e-09	0.00026020690407486225	Aque_Aqu2.1.38752-001;Slac_ENSLPGG00000013069	2.5967541173213717e-13	2.228833167443332e-21	Aque_Aqu2.1.34441-001;Slac_ENSLPGG00000010736	0.0034208755669669134	1.2664158827925261e-08	Aque_Aqu2.1.38752-001;Slac_ENSLPGG00000013069	8.898107358929214e-33	1.8352583169197938e-25	Aque_Aqu2.1.28492-001;Slac_ENSLPGG00000009116	1.2990573900827222e-105	3.098026050711895e-06				Aque_Aqu2.1.40376-001;Slac_ENSLPGG00000001593	5.626029519789693e-17	2.5763939547526627e-12	Aque_Aqu2.1.42077-001;Slac_ENSLPGG00000024184	2.5024776515125946e-13	1.807251628799892e-11	Aque_Aqu2.1.41653-001;Slac_ENSLPGG00000016670	5.400992414490759e-06	0.005723433143691174	Aque_Aqu2.1.24884-001;Slac_ENSLPGG00000016023	2.088362072783549e-50	2.1332530687575003e-21	Aque_Aqu2.1.28239-001;Slac_ENSLPGG00000020387	0.0012978745858962025	1.426037482103243e-13	Aque_Aqu2.1.42693-001;Slac_ENSLPGG00000003239	5.036351134363364e-08	9.769992645110384e-09
Aque_Aqu2.1.28078-001;Slac_ENSLPGG00000010195	6.696460884889418e-10	1.0486439829286918e-69				Aque_Aqu2.1.27294-001;Slac_ENSLPGG00000021584	6.379913106281972e-32	1.5359650593165695e-05	Aque_Aqu2.1.37818-001;Slac_ENSLPGG00000010551	1.1042169105070999e-65	6.172796168552728e-06				Aque_Aqu2.1.43788-001;Slac_ENSLPGG00000012981	1.2849197808890718e-08	3.131393800435421e-11	Aque_Aqu2.1.41482-001;Slac_ENSLPGG00000019065	2.2364060071655327e-10	5.413313929192906e-06	Aque_Aqu2.1.34441-001;Slac_ENSLPGG00000025832	0.0034208755669669134	8.851924786305355e-06	Aque_Aqu2.1.33671-001;Slac_ENSLPGG00000008220	2.064077112875498e-08	1.7439124872034618e-54	Aque_Aqu2.1.36625-001;Slac_ENSLPGG00000007180	2.8072929139854223e-06	0.00514118893440922				Aque_Aqu2.1.26973-001;Slac_ENSLPGG00000026194	1.8757648248382616e-05	1.969891307800923e-05	Aque_Aqu2.1.31551-001;Slac_ENSLPGG00000006271	0.0004550419940629617	3.1018371628481413e-06	Aque_Aqu2.1.43674-001;Slac_ENSLPGG00000007158	4.20083387372124e-06	3.092012612494674e-08	Aque_Aqu2.1.41962-001;Slac_ENSLPGG00000024858	1.6536677389112207e-06	3.3173362484608238e-09	Aque_Aqu2.1.28239-001;Slac_ENSLPGG00000022242	0.0012978745858962025	5.05236251247651e-12	Aque_Aqu2.1.39968-001;Slac_ENSLPGG00000012400	6.964909690424107e-06	0.00019458795936167677
Aque_Aqu2.1.30833-001;Slac_ENSLPGG00000019944	0.001936844846956756	3.373006946543885e-07				Aque_Aqu2.1.28647-001;Slac_ENSLPGG00000010538	1.7976193812861958e-143	8.501945516696189e-13	Aque_Aqu2.1.38366-001;Slac_ENSLPGG00000021584	8.476009201277581e-19	1.5268177922787565e-06				Aque_Aqu2.1.24276-001;Slac_ENSLPGG00000022619	2.4507403536374703e-05	8.592805415576524e-09	Aque_Aqu2.1.17816-001;Slac_ENSLPGG00000006271	0.009367143325851741	6.725810871771657e-11	Aque_Aqu2.1.44140-001;Slac_ENSLPGG00000009116	8.885562534779468e-10	2.3440959155135562e-14	Aque_Aqu2.1.35503-001;Slac_ENSLPGG00000030274	2.462783846913317e-07	1.90995439367809e-08	Aque_Aqu2.1.39593-001;Slac_ENSLPGG00000000696	1.0415950099465564e-25	5.830310343059631e-06				Aque_Aqu2.1.24884-001;Slac_ENSLPGG00000016023	2.088362072783549e-50	5.94045764611003e-58	Aque_Aqu2.1.24276-001;Slac_ENSLPGG00000022619	2.486556444344543e-15	0.0003943835124158023	Aque_Aqu2.1.31064-001;Slac_ENSLPGG00000021800	0.00019272678791150202	0.0011661821359481082	Aque_Aqu2.1.23692-001;Slac_ENSLPGG00000015112	1.2841772084763492e-19	0.00549930044633956	Aque_Aqu2.1.39784-001;Slac_ENSLPGG00000012945	0.007948759501957106	9.910864390936659e-20	Aque_Aqu2.1.34374-001;Slac_ENSLPGG00000010554	0.0011299039353154568	7.452942942782459e-32
Aque_Aqu2.1.43995-001;Slac_ENSLPGG00000002394	0.0011706263356069905	1.2937479835425587e-20				Aque_Aqu2.1.04943-001;Slac_ENSLPGG00000000928	1.7992188705826774e-46	2.3154793803681763e-10	Aque_Aqu2.1.28078-001;Slac_ENSLPGG00000010195	6.696460884889418e-10	2.1728558564461395e-216				Aque_Aqu2.1.33622-001;Slac_ENSLPGG00000002171	3.31852085524485e-07	4.811942582704965e-16	Aque_Aqu2.1.42687-001;Slac_ENSLPGG00000001971	6.647976170810761e-13	0.0009435786324523421	Aque_Aqu2.1.17816-001;Slac_ENSLPGG00000019065	0.009367143325851741	0.004592237966067324	Aque_Aqu2.1.27832-001;Slac_ENSLPGG00000012471	5.939276265577746e-23	1.2256378781761784e-09	Aque_Aqu2.1.36223-001;Slac_ENSLPGG00000025854	1.4394008307679529e-11	2.273758825669521e-07				Aque_Aqu2.1.25867-001;Slac_ENSLPGG00000026194	0.0002352162877005849	1.969891307800923e-05	Aque_Aqu2.1.43987-001;Slac_ENSLPGG00000002394	3.283156008267793e-06	1.4512784716372902e-32	Aque_Aqu2.1.43982-001;Slac_ENSLPGG00000025832	0.00026536629051856613	0.0012720284587831403	Aque_Aqu2.1.25769-001;Slac_ENSLPGG00000008220	3.2643039449818794e-11	3.0436877260285724e-40	Aque_Aqu2.1.33103-001;Slac_ENSLPGG00000004610	0.00023967365494445886	5.265800948805385e-05	Aque_Aqu2.1.28194-001;Slac_ENSLPGG00000012945	0.0045912394646443755	9.910864390936659e-20
Aque_Aqu2.1.13985-001;Slac_ENSLPGG00000020432	0.007557710813279713	2.0129618695178167e-63				Aque_Aqu2.1.43837-001;Slac_ENSLPGG00000030026	1.1210704729117143e-102	1.8293006693662195e-29	Aque_Aqu2.1.25405-001;Slac_ENSLPGG00000020148	2.7610085691748473e-15	2.4461343453796475e-20				Aque_Aqu2.1.42151-001;Slac_ENSLPGG00000008996	0.0002867980365569547	1.5171894313138206e-05	Aque_Aqu2.1.25867-001;Slac_ENSLPGG00000010273	2.1213248264626324e-06	2.2568325936102162e-05	Aque_Aqu2.1.39703-001;Slac_ENSLPGG00000021186	8.926042219776161e-05	1.220442759122435e-24	Aque_Aqu2.1.36275-001;Slac_ENSLPGG00000006965	0.0020370970724508616	0.0010456499946495089	Aque_Aqu2.1.38393-001;Slac_ENSLPGG00000013990	0.0003197347290015396	5.561679774912e-16				Aque_Aqu2.1.38560-001;Slac_ENSLPGG00000006923	1.0497286366750963e-20	4.281774508540483e-08	Aque_Aqu2.1.14505-001;Slac_ENSLPGG00000012981	4.1608280773534837e-17	1.3335247027011732e-14	Aque_Aqu2.1.22984-001;Slac_ENSLPGG00000003607	0.0011070273067554314	0.00400308024856943	Aque_Aqu2.1.42065-001;Slac_ENSLPGG00000022563	5.305955151225863e-07	6.8943750857258504e-09	Aque_Aqu2.1.42623-001;Slac_ENSLPGG00000015073	0.0026824216833854103	0.0003519818285906026	Aque_Aqu2.1.39784-001;Slac_ENSLPGG00000012945	0.00499087858669987	9.910864390936659e-20
Aque_Aqu2.1.43252-001;Slac_ENSLPGG00000027461	7.204283024959723e-21	5.668657897950773e-08				Aque_Aqu2.1.15787-001;Slac_ENSLPGG00000026812	7.592400004336438e-49	3.374272102492021e-29	Aque_Aqu2.1.30395-001;Slac_ENSLPGG00000011626	6.234964103978512e-06	1.4383957330466857e-179				Aque_Aqu2.1.32548-001;Slac_ENSLPGG00000013283	0.0016118061765567644	2.6704193679793666e-05	Aque_Aqu2.1.17816-001;Slac_ENSLPGG00000001139	0.009367143325851741	1.364164359996385e-34	Aque_Aqu2.1.43353-001;Slac_ENSLPGG00000008404	0.0009101416768829036	0.0017414619888744768	Aque_Aqu2.1.22481-001;Slac_ENSLPGG00000025722	5.531836913633126e-06	1.3456439192448823e-08	Aque_Aqu2.1.17816-001;Slac_ENSLPGG00000001139	1.1230267612856121e-05	8.419665194249147e-35				Aque_Aqu2.1.41012-001;Slac_ENSLPGG00000012949	0.00027018571509218245	2.5981849991575668e-160	Aque_Aqu2.1.28214-001;Slac_ENSLPGG00000015631	8.244866599655472e-18	0.003778735700775536	Aque_Aqu2.1.40827-001;Slac_ENSLPGG00000013093	0.004363203127297335	0.005143381651717037	Aque_Aqu2.1.31551-001;Slac_ENSLPGG00000007158	0.0004550419940629617	1.3921670430557845e-07	Aque_Aqu2.1.43623-001;Slac_ENSLPGG00000012945	0.005617868088624236	9.910864390936659e-20	Aque_Aqu2.1.29717-001;Slac_ENSLPGG00000007301	7.19876435422707e-05	2.895248310330986e-16
Aque_Aqu2.1.44322-001;Slac_ENSLPGG00000018844	8.465724691870346e-08	0.0011538952408238835				Aque_Aqu2.1.38196-001;Slac_ENSLPGG00000018877	2.7056507229478046e-24	1.7074539375803793e-05	Aque_Aqu2.1.09020-001;Slac_ENSLPGG00000018656	2.4943909941102765e-84	0.009462850404499124				Aque_Aqu2.1.32548-001;Slac_ENSLPGG00000016891	0.0016118061765567644	2.9258653159556866e-05	Aque_Aqu2.1.35781-001;Slac_ENSLPGG00000016523	0.0002769383255997843	5.671680587187432e-06	Aque_Aqu2.1.39703-001;Slac_ENSLPGG00000008996	8.926042219776161e-05	8.656770680653274e-05	Aque_Aqu2.1.35211-001;Slac_ENSLPGG00000014037	3.46092426890341e-23	9.215098691457013e-15	Aque_Aqu2.1.43551-001;Slac_ENSLPGG00000007525	1.0046936470645059e-10	1.9962902323811717e-72				Aque_Aqu2.1.39672-001;Slac_ENSLPGG00000021127	1.7219934783810546e-24	1.5465846751523873e-05	Aque_Aqu2.1.23692-001;Slac_ENSLPGG00000012471	1.2841772084763492e-19	0.00020102428853856525	Aque_Aqu2.1.42693-001;Slac_ENSLPGG00000003239	0.0018360592641156288	0.0024448657731185493	Aque_Aqu2.1.37112-001;Slac_ENSLPGG00000014949	0.004695475713269114	1.6205240859255104e-51	Aque_Aqu2.1.28069-001;Slac_ENSLPGG00000007421	2.708329690823538e-05	0.00014289544124810024	Aque_Aqu2.1.37818-001;Slac_ENSLPGG00000010551	1.6145813751352899e-06	0.00868613460338985
Aque_Aqu2.1.37748-001;Slac_ENSLPGG00000010195	0.006868279958800548	1.0486439829286918e-69				Aque_Aqu2.1.28570-001;Slac_ENSLPGG00000017185	6.837768357397875e-22	3.4210905160115485e-15	Aque_Aqu2.1.28570-001;Slac_ENSLPGG00000017185	6.837768357397875e-22	6.725487470921888e-05				Aque_Aqu2.1.42151-001;Slac_ENSLPGG00000021186	0.0002867980365569547	5.034074710478306e-19	Aque_Aqu2.1.43788-001;Slac_ENSLPGG00000012981	1.2849197808890718e-08	8.513066735387627e-07	Aque_Aqu2.1.43551-001;Slac_ENSLPGG00000011839	0.0005635633996396587	0.009479926360797563	Aque_Aqu2.1.36125-001;Slac_ENSLPGG00000020586	2.9289126202741716e-09	4.174689950786955e-05	Aque_Aqu2.1.30289-001;Slac_ENSLPGG00000025722	0.00015014791121613838	1.3456439192448823e-08				Aque_Aqu2.1.41892-001;Slac_ENSLPGG00000007525	5.2142493076430264e-14	1.2026125316824048e-14	Aque_Aqu2.1.43674-001;Slac_ENSLPGG00000006271	4.20083387372124e-06	3.1018371628481413e-06	Aque_Aqu2.1.41049-001;Slac_ENSLPGG00000015888	0.007200126607303983	6.368500805089567e-26	Aque_Aqu2.1.41049-001;Slac_ENSLPGG00000015888	0.007200126607303983	3.8687716420603493e-174	Aque_Aqu2.1.39784-001;Slac_ENSLPGG00000010787	0.007948759501957106	1.3604346982340432e-05	Aque_Aqu2.1.42183-001;Slac_ENSLPGG00000010520	5.780185608994803e-10	0.0008111914899248618
Aque_Aqu2.1.29376-001;Slac_ENSLPGG00000018015	0.000358434222937596	0.00026856242960535636				Aque_Aqu2.1.35782-001;Slac_ENSLPGG00000006246	1.2434888697369219e-92	3.1831536209812816e-09	Aque_Aqu2.1.34878-001;Slac_ENSLPGG00000018350	1.029702300556858e-14	8.772695547919577e-06				Aque_Aqu2.1.37914-001;Slac_ENSLPGG00000012700	0.00026185190976069257	0.003745087550576914	Aque_Aqu2.1.42151-001;Slac_ENSLPGG00000021186	0.0002867980365569547	6.881624328924807e-14	Aque_Aqu2.1.43551-001;Slac_ENSLPGG00000018987	0.0005635633996396587	6.075516351583151e-07	Aque_Aqu2.1.30070-001;Slac_ENSLPGG00000017733	1.3565713670798038e-39	0.002669192513835785	Aque_Aqu2.1.28493-001;Slac_ENSLPGG00000009116	4.321453769502233e-21	3.098026050711895e-06				Aque_Aqu2.1.37962-001;Slac_ENSLPGG00000013746	8.655414198411728e-23	0.005253464605220461	Aque_Aqu2.1.34140-001;Slac_ENSLPGG00000006271	1.0121820050408576e-29	3.1018371628481413e-06	Aque_Aqu2.1.41482-001;Slac_ENSLPGG00000019065	2.257130122823816e-08	0.008445174686407597	Aque_Aqu2.1.29714-001;Slac_ENSLPGG00000007325	7.391576077219849e-08	2.0185029076047123e-05	Aque_Aqu2.1.06909-001;Slac_ENSLPGG00000017249	0.00029154014109448415	2.7960758266839587e-05	Aque_Aqu2.1.34348-001;Slac_ENSLPGG00000027245	0.00010796781104150981	5.376496284592271e-07
Aque_Aqu2.1.32935-001;Slac_ENSLPGG00000009421	0.0003373941448991585	0.004332928441083934				Aque_Aqu2.1.18692-001;Slac_ENSLPGG00000021862	1.8143969612667923e-88	1.6021372332166016e-10	Aque_Aqu2.1.35102-001;Slac_ENSLPGG00000025541	1.0235518336439858e-13	7.072951195679239e-10				Aque_Aqu2.1.36606-001;Slac_ENSLPGG00000013283	5.622930540080185e-07	2.6704193679793666e-05	Aque_Aqu2.1.44218-001;Slac_ENSLPGG00000015655	1.5630724984533242e-08	2.5317165897381096e-09	Aque_Aqu2.1.29497-001;Slac_ENSLPGG00000014782	0.009540321936991298	0.008818631329743608	Aque_Aqu2.1.36223-001;Slac_ENSLPGG00000025854	3.3674934284767487e-13	2.273758825669521e-07	Aque_Aqu2.1.44197-001;Slac_ENSLPGG00000006271	1.6113923010411783e-24	2.6697465039007906e-06				Aque_Aqu2.1.41892-001;Slac_ENSLPGG00000011839	5.2142493076430264e-14	1.90611515788076e-10	Aque_Aqu2.1.43986-001;Slac_ENSLPGG00000002394	8.331396457690566e-05	1.4512784716372902e-32	Aque_Aqu2.1.22423-001;Slac_ENSLPGG00000008996	0.003331405344316412	1.8020173989883424e-05	Aque_Aqu2.1.29861-001;Slac_ENSLPGG00000028356	2.7802180224950214e-12	0.008073199099584266	Aque_Aqu2.1.39784-001;Slac_ENSLPGG00000011679	0.007948759501957106	6.653444638887422e-06	Aque_Aqu2.1.29714-001;Slac_ENSLPGG00000004364	9.982696695349947e-06	3.311008086613981e-08
Aque_Aqu2.1.42634-001;Slac_ENSLPGG00000010736	0.007410399647017482	0.0007123910983002527				Aque_Aqu2.1.44059-001;Slac_ENSLPGG00000002916	3.328730512336417e-05	4.3918337799036116e-63	Aque_Aqu2.1.30397-001;Slac_ENSLPGG00000021584	2.6826963318527086e-11	1.5268177922787565e-06				Aque_Aqu2.1.29897-001;Slac_ENSLPGG00000020706	1.4875472874532206e-11	0.00016618681967649416	Aque_Aqu2.1.37101-001;Slac_ENSLPGG00000012471	1.5336636022433145e-08	0.0005192764684538317				Aque_Aqu2.1.44004-001;Slac_ENSLPGG00000003738	9.78673605233399e-10	1.0526376784842143e-09	Aque_Aqu2.1.36608-001;Slac_ENSLPGG00000019073	7.508035989768948e-11	8.534002921826472e-09				Aque_Aqu2.1.35253-001;Slac_ENSLPGG00000012471	3.5542328552532075e-13	9.012536840606819e-20	Aque_Aqu2.1.43252-001;Slac_ENSLPGG00000025032	1.118841022757129e-86	0.006542027272199874	Aque_Aqu2.1.39703-001;Slac_ENSLPGG00000008996	0.0003983784087831898	1.8020173989883424e-05	Aque_Aqu2.1.21174-001;Slac_ENSLPGG00000012140	0.00021564884897657527	1.0581014950202239e-19	Aque_Aqu2.1.07580-001;Slac_ENSLPGG00000019289	0.006843707059086549	0.0006301284671772354	Aque_Aqu2.1.36775-001;Slac_ENSLPGG00000018440	0.009357964652518258	5.874555645721488e-06
						Aque_Aqu2.1.18283-001;Slac_ENSLPGG00000026466	8.281858889981098e-97	1.840940775624098e-05	Aque_Aqu2.1.41031-001;Slac_ENSLPGG00000009534	6.673380659607345e-58	0.002123582891699598				Aque_Aqu2.1.36606-001;Slac_ENSLPGG00000016891	5.622930540080185e-07	2.9258653159556866e-05	Aque_Aqu2.1.42077-001;Slac_ENSLPGG00000024184	1.6179795020463484e-12	1.3790439628474324e-08				Aque_Aqu2.1.27287-001;Slac_ENSLPGG00000013677	3.591885653132833e-29	1.1102809994691477e-05	Aque_Aqu2.1.44676-001;Slac_ENSLPGG00000007730	0.0015947909906532027	1.282362129818319e-148				Aque_Aqu2.1.38146-001;Slac_ENSLPGG00000018774	6.387586082111135e-11	3.4238613652926317e-09	Aque_Aqu2.1.23692-001;Slac_ENSLPGG00000020470	1.2841772084763492e-19	0.005200025809404252	Aque_Aqu2.1.26969-001;Slac_ENSLPGG00000010736	0.008672518046652826	2.0988989273194013e-05	Aque_Aqu2.1.44139-001;Slac_ENSLPGG00000009116	0.0013345187120564206	2.486235618856327e-14	Aque_Aqu2.1.39784-001;Slac_ENSLPGG00000008251	0.007948759501957106	9.16661881751561e-07	Aque_Aqu2.1.14505-001;Slac_ENSLPGG00000008607	0.0012907827016655612	2.0066743189654983e-05
						Aque_Aqu2.1.41071-001;Slac_ENSLPGG00000024858	6.710109806428675e-67	0.0007340503316410073	Aque_Aqu2.1.37627-001;Slac_ENSLPGG00000026511	6.441016235742463e-15	1.1324760955421009e-05				Aque_Aqu2.1.24987-001;Slac_ENSLPGG00000009461	1.6948309903525678e-12	0.001863905355161977	Aque_Aqu2.1.42686-001;Slac_ENSLPGG00000001971	2.0736375148093908e-09	0.0009435786324523421				Aque_Aqu2.1.31344-001;Slac_ENSLPGG00000020586	5.241073075146672e-07	4.174689950786955e-05	Aque_Aqu2.1.33047-001;Slac_ENSLPGG00000012471	1.344591319154037e-14	1.2256378781761784e-09				Aque_Aqu2.1.37486-001;Slac_ENSLPGG00000021186	5.791765336917085e-10	2.1966675747781014e-45	Aque_Aqu2.1.33635-001;Slac_ENSLPGG00000010273	0.00010669886911690847	7.696669701701013e-06	Aque_Aqu2.1.42093-001;Slac_ENSLPGG00000011166	0.0006886285707111513	0.00015698099745745046	Aque_Aqu2.1.31551-001;Slac_ENSLPGG00000001139	0.0004550419940629617	4.345251405310324e-05	Aque_Aqu2.1.43623-001;Slac_ENSLPGG00000011679	0.005617868088624236	6.653444638887422e-06	Aque_Aqu2.1.21070-001;Slac_ENSLPGG00000020792	2.4325875048100454e-11	0.00032742385481252927
						Aque_Aqu2.1.24985-001;Slac_ENSLPGG00000008927	2.648227574502731e-19	8.998981698858766e-15	Aque_Aqu2.1.36579-001;Slac_ENSLPGG00000005401	1.3401575227138799e-05	2.3421129342282908e-26				Aque_Aqu2.1.37101-001;Slac_ENSLPGG00000012471	1.5336636022433145e-08	3.25051042436473e-08	Aque_Aqu2.1.42151-001;Slac_ENSLPGG00000008996	0.0002867980365569547	0.004729488519637293				Aque_Aqu2.1.25769-001;Slac_ENSLPGG00000008220	5.374663099333112e-16	1.7439124872034618e-54	Aque_Aqu2.1.33939-001;Slac_ENSLPGG00000000696	3.504474140696394e-23	5.830310343059631e-06				Aque_Aqu2.1.43674-001;Slac_ENSLPGG00000019065	4.20083387372124e-06	3.613082416273542e-08	Aque_Aqu2.1.36834-001;Slac_ENSLPGG00000001863	6.293040206454155e-06	0.008488969049799896	Aque_Aqu2.1.37770-001;Slac_ENSLPGG00000015655	0.006518916636731035	1.597406133285677e-05	Aque_Aqu2.1.38146-001;Slac_ENSLPGG00000018774	6.387586082111135e-11	0.0059141423288884215	Aque_Aqu2.1.31017-001;Slac_ENSLPGG00000027609	0.008433211035756423	4.4008904291681817e-10	Aque_Aqu2.1.39968-001;Slac_ENSLPGG00000015794	6.964909690424107e-06	0.0003546028764309042
						Aque_Aqu2.1.28239-001;Slac_ENSLPGG00000022242	5.769546964194492e-21	0.005393070509171903	Aque_Aqu2.1.44059-001;Slac_ENSLPGG00000002916	3.328730512336417e-05	3.453672138116687e-23				Aque_Aqu2.1.44280-001;Slac_ENSLPGG00000021800	3.113278684368793e-07	3.3922600231729954e-21	Aque_Aqu2.1.37101-001;Slac_ENSLPGG00000020470	1.5336636022433145e-08	0.0026781387316083716				Aque_Aqu2.1.39703-001;Slac_ENSLPGG00000021186	3.9358458296685827e-17	1.7535438192775834e-53	Aque_Aqu2.1.31344-001;Slac_ENSLPGG00000020586	2.897711481146304e-06	4.174689950786955e-05				Aque_Aqu2.1.41056-001;Slac_ENSLPGG00000021479	8.402638292863864e-08	0.008613064062301081	Aque_Aqu2.1.27258-001;Slac_ENSLPGG00000006993	4.614981215518772e-18	9.559888593803473e-09	Aque_Aqu2.1.22423-001;Slac_ENSLPGG00000021186	0.003331405344316412	2.411558428950339e-13	Aque_Aqu2.1.41482-001;Slac_ENSLPGG00000007158	2.257130122823816e-08	1.3921670430557845e-07	Aque_Aqu2.1.28214-001;Slac_ENSLPGG00000015631	0.001375771248276983	0.00023984307204231458	Aque_Aqu2.1.41653-001;Slac_ENSLPGG00000016670	0.00015124303198012855	1.7782582286590489e-06
						Aque_Aqu2.1.38366-001;Slac_ENSLPGG00000021584	8.476009201277581e-19	1.5359650593165695e-05	Aque_Aqu2.1.33543-001;Slac_ENSLPGG00000028631	2.8949349109542336e-49	2.6320141341535595e-33				Aque_Aqu2.1.38752-001;Slac_ENSLPGG00000014037	2.5967541173213717e-13	2.8937728943288984e-19	Aque_Aqu2.1.01979-001;Slac_ENSLPGG00000003645	0.007012591066954428	1.6653069253683454e-07				Aque_Aqu2.1.43551-001;Slac_ENSLPGG00000007525	8.307475925357203e-08	1.9962902323811717e-72	Aque_Aqu2.1.35503-001;Slac_ENSLPGG00000000967	6.524992042139891e-05	1.6969914153055907e-11				Aque_Aqu2.1.38824-001;Slac_ENSLPGG00000026194	0.0021069493728025235	1.969891307800923e-05	Aque_Aqu2.1.30867-001;Slac_ENSLPGG00000006271	1.3309245062395783e-20	3.1018371628481413e-06	Aque_Aqu2.1.17816-001;Slac_ENSLPGG00000007158	0.004846158259488255	3.092012612494674e-08	Aque_Aqu2.1.41030-001;Slac_ENSLPGG00000009795	1.2780145784191498e-09	1.4546678464788364e-07	Aque_Aqu2.1.43623-001;Slac_ENSLPGG00000008251	0.005617868088624236	9.16661881751561e-07	Aque_Aqu2.1.43289-001;Slac_ENSLPGG00000001774	0.004440306993347242	3.6528869866102756e-06
						Aque_Aqu2.1.25405-001;Slac_ENSLPGG00000020148	2.7610085691748473e-15	3.1744318026550667e-13	Aque_Aqu2.1.37256-001;Slac_ENSLPGG00000024580	4.63256763518813e-09	8.69788276427036e-06				Aque_Aqu2.1.42743-001;Slac_ENSLPGG00000010054	0.006174926946827125	1.1324999533424646e-05	Aque_Aqu2.1.32548-001;Slac_ENSLPGG00000021127	0.0016118061765567644	0.009342612883849542				Aque_Aqu2.1.33526-001;Slac_ENSLPGG00000027951	5.738031434344421e-16	0.00012208320266236656	Aque_Aqu2.1.44194-001;Slac_ENSLPGG00000013677	1.3561830907204824e-21	1.1102809994691477e-05				Aque_Aqu2.1.41520-001;Slac_ENSLPGG00000018774	4.988517977277189e-10	3.4238613652926317e-09	Aque_Aqu2.1.31388-001;Slac_ENSLPGG00000021402	0.004760476945746735	1.6974236185946167e-34	Aque_Aqu2.1.39703-001;Slac_ENSLPGG00000021186	0.0003983784087831898	2.411558428950339e-13	Aque_Aqu2.1.34140-001;Slac_ENSLPGG00000019065	1.0121820050408576e-29	0.006927108559854214	Aque_Aqu2.1.39784-001;Slac_ENSLPGG00000005398	0.007948759501957106	0.0007898552266049389	Aque_Aqu2.1.18818-001;Slac_ENSLPGG00000024989	1.3238364383206064e-05	0.00241040070878632
						Aque_Aqu2.1.41031-001;Slac_ENSLPGG00000009534	6.673380659607345e-58	2.641373020801314e-05	Aque_Aqu2.1.29951-001;Slac_ENSLPGG00000018181	0.00022028134504872317	3.630673637054969e-70				Aque_Aqu2.1.44140-001;Slac_ENSLPGG00000009453	8.885562534779468e-10	6.590504302001542e-85	Aque_Aqu2.1.30867-001;Slac_ENSLPGG00000019065	8.811394793769746e-08	5.413313929192906e-06				Aque_Aqu2.1.35513-001;Slac_ENSLPGG00000013069	1.391430610834894e-08	1.8352583169197938e-25	Aque_Aqu2.1.44272-001;Slac_ENSLPGG00000018717	9.234495939940152e-23	0.003382967777248983				Aque_Aqu2.1.42762-001;Slac_ENSLPGG00000002171	1.0081478109652569e-17	7.388655311919578e-20	Aque_Aqu2.1.38560-001;Slac_ENSLPGG00000006923	1.0497286366750963e-20	0.0014798030848324195	Aque_Aqu2.1.31551-001;Slac_ENSLPGG00000019065	0.0004550419940629617	0.008445174686407597	Aque_Aqu2.1.37407-001;Slac_ENSLPGG00000018774	5.959310045388851e-09	0.0059141423288884215	Aque_Aqu2.1.38524-001;Slac_ENSLPGG00000007676	0.00011603753940300679	0.005686560832411361	Aque_Aqu2.1.29892-001;Slac_ENSLPGG00000019707	0.006876472064728755	8.348963770442609e-10
						Aque_Aqu2.1.37774-001;Slac_ENSLPGG00000022242	7.700554024937936e-21	0.005393070509171903	Aque_Aqu2.1.44322-001;Slac_ENSLPGG00000026466	8.465724691870346e-08	1.3881851337162964e-32				Aque_Aqu2.1.24987-001;Slac_ENSLPGG00000008651	1.6948309903525678e-12	0.005741617324088482	Aque_Aqu2.1.38752-001;Slac_ENSLPGG00000014037	2.5967541173213717e-13	1.8687999982522213e-07				Aque_Aqu2.1.17699-001;Slac_ENSLPGG00000011232	3.0500858502303413e-13	0.003325700561470039	Aque_Aqu2.1.22481-001;Slac_ENSLPGG00000025722	0.0007321366329407624	1.3456439192448823e-08				Aque_Aqu2.1.17816-001;Slac_ENSLPGG00000001139	0.004846158259488255	1.5864479285115916e-66	Aque_Aqu2.1.31385-001;Slac_ENSLPGG00000021402	0.0004221664291573433	1.6974236185946167e-34	Aque_Aqu2.1.43674-001;Slac_ENSLPGG00000019065	4.20083387372124e-06	0.008445174686407597	Aque_Aqu2.1.39672-001;Slac_ENSLPGG00000022031	1.7219934783810546e-24	0.009696082349253645	Aque_Aqu2.1.43623-001;Slac_ENSLPGG00000025977	0.005617868088624236	0.0025006612724936656	Aque_Aqu2.1.42282-001;Slac_ENSLPGG00000028347	0.0015334814386747913	0.0004529040169399645
						Aque_Aqu2.1.28078-001;Slac_ENSLPGG00000010195	6.696460884889418e-10	7.49018270378121e-168	Aque_Aqu2.1.18098-001;Slac_ENSLPGG00000005401	0.0002927017614354168	2.3421129342282908e-26				Aque_Aqu2.1.01979-001;Slac_ENSLPGG00000001139	0.007012591066954428	1.4494333720685917e-24	Aque_Aqu2.1.34140-001;Slac_ENSLPGG00000003645	1.662739836406084e-09	1.6653069253683454e-07				Aque_Aqu2.1.31486-001;Slac_ENSLPGG00000008285	5.214854471414592e-05	0.0008981154896444996	Aque_Aqu2.1.44197-001;Slac_ENSLPGG00000019065	1.6113923010411783e-24	7.25760385061524e-06				Aque_Aqu2.1.33622-001;Slac_ENSLPGG00000021127	1.708447263117159e-16	1.5465846751523873e-05	Aque_Aqu2.1.41482-001;Slac_ENSLPGG00000006271	2.257130122823816e-08	3.1018371628481413e-06	Aque_Aqu2.1.17816-001;Slac_ENSLPGG00000019065	0.004846158259488255	0.008445174686407597	Aque_Aqu2.1.26544-001;Slac_ENSLPGG00000008885	4.919226733692524e-08	3.4902604248019334e-07	Aque_Aqu2.1.28239-001;Slac_ENSLPGG00000005398	0.0012978745858962025	0.0007898552266049389	Aque_Aqu2.1.29714-001;Slac_ENSLPGG00000008036	9.982696695349947e-06	3.6839804533296954e-08
						Aque_Aqu2.1.34878-001;Slac_ENSLPGG00000018350	1.029702300556858e-14	0.0002517678430115775	Aque_Aqu2.1.37748-001;Slac_ENSLPGG00000010195	0.006868279958800548	2.1728558564461395e-216				Aque_Aqu2.1.34140-001;Slac_ENSLPGG00000001139	1.662739836406084e-09	1.4494333720685917e-24	Aque_Aqu2.1.01979-001;Slac_ENSLPGG00000019065	0.007012591066954428	5.413313929192906e-06				Aque_Aqu2.1.30289-001;Slac_ENSLPGG00000025722	0.0001468761530381819	1.3456439192448823e-08	Aque_Aqu2.1.35211-001;Slac_ENSLPGG00000014120	1.0980787290419444e-30	0.000944903500654391				Aque_Aqu2.1.31551-001;Slac_ENSLPGG00000019065	0.0004550419940629617	3.613082416273542e-08	Aque_Aqu2.1.34863-001;Slac_ENSLPGG00000014139	7.856949568546215e-16	0.0038658422956780927				Aque_Aqu2.1.41962-001;Slac_ENSLPGG00000018450	1.6536677389112207e-06	0.00012282452237313482	Aque_Aqu2.1.43623-001;Slac_ENSLPGG00000005398	0.005617868088624236	0.0007898552266049389	Aque_Aqu2.1.28570-001;Slac_ENSLPGG00000011888	0.00023281500164788895	4.0313544264568345e-09
						Aque_Aqu2.1.29717-001;Slac_ENSLPGG00000007301	6.890724883725895e-35	2.1509413031709305e-05	Aque_Aqu2.1.38786-001;Slac_ENSLPGG00000005910	1.0368821242524939e-16	0.0013405730385048908				Aque_Aqu2.1.42093-001;Slac_ENSLPGG00000011166	0.0013541819202391105	6.826160582443951e-22	Aque_Aqu2.1.44140-001;Slac_ENSLPGG00000009453	8.885562534779468e-10	1.4756910295882177e-48				Aque_Aqu2.1.35503-001;Slac_ENSLPGG00000001761	2.462783846913317e-07	5.837025646251024e-10	Aque_Aqu2.1.39703-001;Slac_ENSLPGG00000021186	6.740072048541467e-12	1.7535438192775834e-53				Aque_Aqu2.1.42093-001;Slac_ENSLPGG00000011166	0.0006886285707111513	8.952484914315567e-25	Aque_Aqu2.1.42046-001;Slac_ENSLPGG00000007568	0.0050829425919056755	7.355611122930514e-05				Aque_Aqu2.1.34863-001;Slac_ENSLPGG00000014139	7.856949568546215e-16	0.004431977374033645	Aque_Aqu2.1.43699-001;Slac_ENSLPGG00000027473	0.006181496810058212	1.1142531374851538e-05	Aque_Aqu2.1.18818-001;Slac_ENSLPGG00000022557	1.3238364383206064e-05	0.00943734872940464
						Aque_Aqu2.1.41587-001;Slac_ENSLPGG00000026851	6.284211007424334e-22	5.649024235262259e-05	Aque_Aqu2.1.32514-001;Slac_ENSLPGG00000018350	0.00026784013402817586	8.772695547919577e-06				Aque_Aqu2.1.33622-001;Slac_ENSLPGG00000013283	3.31852085524485e-07	2.6704193679793666e-05	Aque_Aqu2.1.38524-001;Slac_ENSLPGG00000025842	0.004166809097269318	3.740481260343118e-05				Aque_Aqu2.1.27228-001;Slac_ENSLPGG00000025642	6.96397404761546e-18	6.993743447563894e-34	Aque_Aqu2.1.21492-001;Slac_ENSLPGG00000027633	5.352416678551809e-06	9.999406358983425e-11				Aque_Aqu2.1.43424-001;Slac_ENSLPGG00000005147	0.0012621293882631977	1.0810235518837177e-05	Aque_Aqu2.1.43984-001;Slac_ENSLPGG00000002394	4.479650965828285e-09	1.4512784716372902e-32				Aque_Aqu2.1.41962-001;Slac_ENSLPGG00000008885	1.6536677389112207e-06	3.4902604248019334e-07	Aque_Aqu2.1.36281-001;Slac_ENSLPGG00000027374	0.0022211574938392526	0.007210397688746341	Aque_Aqu2.1.25858-001;Slac_ENSLPGG00000012471	0.007275635945040617	5.353435489594685e-12
						Aque_Aqu2.1.36579-001;Slac_ENSLPGG00000005401	1.3401575227138799e-05	8.12420814480801e-72	Aque_Aqu2.1.13985-001;Slac_ENSLPGG00000020432	0.007557710813279713	1.2056035521515938e-29				Aque_Aqu2.1.33622-001;Slac_ENSLPGG00000016891	3.31852085524485e-07	2.9258653159556866e-05	Aque_Aqu2.1.34140-001;Slac_ENSLPGG00000019065	1.662739836406084e-09	5.413313929192906e-06				Aque_Aqu2.1.38596-001;Slac_ENSLPGG00000027951	6.485696048108517e-11	0.00012208320266236656	Aque_Aqu2.1.42015-001;Slac_ENSLPGG00000003738	5.367848450589573e-12	1.0526376784842143e-09				Aque_Aqu2.1.23692-001;Slac_ENSLPGG00000010273	1.2841772084763492e-19	1.6978492039766335e-05	Aque_Aqu2.1.36606-001;Slac_ENSLPGG00000002171	6.429704257152719e-05	2.040331509655993e-20				Aque_Aqu2.1.35253-001;Slac_ENSLPGG00000012471	3.5542328552532075e-13	0.005559596267054266	Aque_Aqu2.1.42623-001;Slac_ENSLPGG00000013556	0.0026824216833854103	0.0011858448712570699	Aque_Aqu2.1.42065-001;Slac_ENSLPGG00000022563	0.0008281938759572521	0.0004737396908536667
						Aque_Aqu2.1.35102-001;Slac_ENSLPGG00000025541	1.0235518336439858e-13	7.937059441831148e-12							Aque_Aqu2.1.33604-001;Slac_ENSLPGG00000020709	0.003957618782661046	7.28265114704908e-05	Aque_Aqu2.1.44140-001;Slac_ENSLPGG00000011327	8.885562534779468e-10	0.004116007346990355				Aque_Aqu2.1.41482-001;Slac_ENSLPGG00000001139	4.6297900363399465e-06	8.419665194249147e-35	Aque_Aqu2.1.44140-001;Slac_ENSLPGG00000009453	3.48170003993214e-101	1.7240464628282283e-09				Aque_Aqu2.1.41065-001;Slac_ENSLPGG00000018774	0.002433444354028677	3.4238613652926317e-09	Aque_Aqu2.1.35253-001;Slac_ENSLPGG00000010273	3.5542328552532075e-13	7.696669701701013e-06				Aque_Aqu2.1.43674-001;Slac_ENSLPGG00000007158	4.20083387372124e-06	1.3921670430557845e-07	Aque_Aqu2.1.42282-001;Slac_ENSLPGG00000028347	0.005464890646670349	0.0004529040169399645	Aque_Aqu2.1.37816-001;Slac_ENSLPGG00000008029	2.182298778248426e-08	0.0007020116678489722
						Aque_Aqu2.1.30397-001;Slac_ENSLPGG00000021584	2.6826963318527086e-11	1.5359650593165695e-05							Aque_Aqu2.1.01979-001;Slac_ENSLPGG00000007158	0.007012591066954428	1.2305328596950784e-25	Aque_Aqu2.1.24276-001;Slac_ENSLPGG00000022619	2.4507403536374703e-05	1.257391963843722e-05				Aque_Aqu2.1.22593-001;Slac_ENSLPGG00000000696	1.5536730639715765e-15	5.830310343059631e-06	Aque_Aqu2.1.31859-001;Slac_ENSLPGG00000025722	0.0003384808675338713	1.3456439192448823e-08				Aque_Aqu2.1.41482-001;Slac_ENSLPGG00000007158	2.257130122823816e-08	3.4393842705479424e-25	Aque_Aqu2.1.40394-001;Slac_ENSLPGG00000024511	0.008548448215663518	0.0013973110254201315				Aque_Aqu2.1.41482-001;Slac_ENSLPGG00000001139	2.257130122823816e-08	4.345251405310324e-05	Aque_Aqu2.1.42581-001;Slac_ENSLPGG00000003909	0.0038425604479093243	0.008216711205897606	Aque_Aqu2.1.42693-001;Slac_ENSLPGG00000015112	5.036351134363364e-08	0.0006580543143154835
						Aque_Aqu2.1.18098-001;Slac_ENSLPGG00000005401	0.0002927017614354168	8.12420814480801e-72							Aque_Aqu2.1.34140-001;Slac_ENSLPGG00000007158	1.662739836406084e-09	1.2305328596950784e-25	Aque_Aqu2.1.24879-001;Slac_ENSLPGG00000015293	0.0005023866135471616	6.6401604613863886e-09				Aque_Aqu2.1.42050-001;Slac_ENSLPGG00000000696	1.537475133511411e-11	5.830310343059631e-06	Aque_Aqu2.1.43551-001;Slac_ENSLPGG00000007730	1.0046936470645059e-10	1.282362129818319e-148				Aque_Aqu2.1.41190-001;Slac_ENSLPGG00000009625	3.070020325785256e-26	5.0913304307575685e-05	Aque_Aqu2.1.42203-001;Slac_ENSLPGG00000021186	0.00045457418849529025	1.5866616825505543e-23				Aque_Aqu2.1.42203-001;Slac_ENSLPGG00000021186	0.00045457418849529025	2.0188353322288348e-10	Aque_Aqu2.1.39784-001;Slac_ENSLPGG00000014570	0.007948759501957106	0.0016118636451360351	Aque_Aqu2.1.28223-001;Slac_ENSLPGG00000007525	0.0016953682702729052	1.9275453837446747e-05
						Aque_Aqu2.1.06465-001;Slac_ENSLPGG00000010731	1.1423349568697603e-06	1.560909858087031e-61							Aque_Aqu2.1.43329-001;Slac_ENSLPGG00000007568	6.309083453842146e-05	0.0003309738114116406	Aque_Aqu2.1.30070-001;Slac_ENSLPGG00000017733	1.081345875323221e-06	7.64065571444548e-05				Aque_Aqu2.1.41951-001;Slac_ENSLPGG00000004959	9.578470687274294e-28	2.44374858072351e-05	Aque_Aqu2.1.38503-001;Slac_ENSLPGG00000006423	0.0011044028395433855	3.266166105766691e-05				Aque_Aqu2.1.14505-001;Slac_ENSLPGG00000012981	4.1608280773534837e-17	3.9501074952680824e-13	Aque_Aqu2.1.42770-001;Slac_ENSLPGG00000002140	3.5810184203344485e-32	2.75228247684355e-05				Aque_Aqu2.1.42093-001;Slac_ENSLPGG00000011166	0.0006886285707111513	1.8668283250801275e-07	Aque_Aqu2.1.43623-001;Slac_ENSLPGG00000014570	0.005617868088624236	0.0016118636451360351	Aque_Aqu2.1.25858-001;Slac_ENSLPGG00000010273	0.007275635945040617	2.2202051016386082e-09
						Aque_Aqu2.1.20046-001;Slac_ENSLPGG00000008927	1.893146120459131e-08	8.998981698858766e-15							Aque_Aqu2.1.31388-001;Slac_ENSLPGG00000021402	0.009403421798818682	2.550566114792781e-45	Aque_Aqu2.1.17816-001;Slac_ENSLPGG00000007158	0.009367143325851741	2.0838815629998246e-20				Aque_Aqu2.1.44272-001;Slac_ENSLPGG00000018717	1.6919172641007818e-39	0.003382967777248983	Aque_Aqu2.1.09103-001;Slac_ENSLPGG00000028461	6.273425838176239e-12	3.048826496448948e-05				Aque_Aqu2.1.30867-001;Slac_ENSLPGG00000019065	1.3309245062395783e-20	3.613082416273542e-08	Aque_Aqu2.1.31551-001;Slac_ENSLPGG00000019065	0.0004550419940629617	0.002143493550466423				Aque_Aqu2.1.41520-001;Slac_ENSLPGG00000020178	4.988517977277189e-10	5.984877303900408e-05				Aque_Aqu2.1.22535-001;Slac_ENSLPGG00000012055	2.039837320551659e-11	4.493408870063082e-05
						Aque_Aqu2.1.41072-001;Slac_ENSLPGG00000022242	1.4923901171103289e-15	0.005393070509171903							Aque_Aqu2.1.30867-001;Slac_ENSLPGG00000007158	8.811394793769746e-08	1.2305328596950784e-25	Aque_Aqu2.1.36606-001;Slac_ENSLPGG00000021127	5.622930540080185e-07	0.009342612883849542				Aque_Aqu2.1.43551-001;Slac_ENSLPGG00000007730	8.307475925357203e-08	1.282362129818319e-148	Aque_Aqu2.1.33526-001;Slac_ENSLPGG00000027951	1.448681521009573e-19	0.00012208320266236656				Aque_Aqu2.1.39987-001;Slac_ENSLPGG00000021479	1.1967043055347806e-19	0.008613064062301081	Aque_Aqu2.1.42203-001;Slac_ENSLPGG00000008996	0.00045457418849529025	2.383566135459776e-06				Aque_Aqu2.1.39919-001;Slac_ENSLPGG00000027773	2.486254135103664e-07	2.3319795781240976e-06				Aque_Aqu2.1.24520-001;Slac_ENSLPGG00000021392	0.0007999640922228943	0.002927734044611987
						Aque_Aqu2.1.33543-001;Slac_ENSLPGG00000028631	2.8949349109542336e-49	3.2071903275261886e-36							Aque_Aqu2.1.01979-001;Slac_ENSLPGG00000003645	0.007012591066954428	2.455428195900785e-11	Aque_Aqu2.1.25867-001;Slac_ENSLPGG00000012471	2.1213248264626324e-06	0.0005192764684538317				Aque_Aqu2.1.44140-001;Slac_ENSLPGG00000009453	1.646659288707431e-78	1.7240464628282283e-09	Aque_Aqu2.1.33047-001;Slac_ENSLPGG00000020470	1.344591319154037e-14	3.423487626718001e-05				Aque_Aqu2.1.43252-001;Slac_ENSLPGG00000023417	1.118841022757129e-86	0.0020866515349768724	Aque_Aqu2.1.40376-001;Slac_ENSLPGG00000001593	5.626029519789693e-17	2.610966808913046e-05				Aque_Aqu2.1.31064-001;Slac_ENSLPGG00000021800	0.00019272678791150202	1.377967179154152e-07				Aque_Aqu2.1.25858-001;Slac_ENSLPGG00000003239	0.007275635945040617	9.769992645110384e-09
						Aque_Aqu2.1.29951-001;Slac_ENSLPGG00000018181	0.00022028134504872317	8.363124698016115e-89							Aque_Aqu2.1.34140-001;Slac_ENSLPGG00000003645	1.662739836406084e-09	2.455428195900785e-11	Aque_Aqu2.1.29497-001;Slac_ENSLPGG00000014782	0.009540321936991298	2.216785442425679e-52				Aque_Aqu2.1.27832-001;Slac_ENSLPGG00000020470	5.939276265577746e-23	3.423487626718001e-05	Aque_Aqu2.1.21492-001;Slac_ENSLPGG00000024879	5.352416678551809e-06	2.9834662819941785e-11				Aque_Aqu2.1.43252-001;Slac_ENSLPGG00000025032	1.118841022757129e-86	0.0048544539686617314	Aque_Aqu2.1.43536-001;Slac_ENSLPGG00000017855	3.1456270560029736e-13	0.0001249377116177873				Aque_Aqu2.1.43674-001;Slac_ENSLPGG00000001139	4.20083387372124e-06	4.345251405310324e-05				Aque_Aqu2.1.38560-001;Slac_ENSLPGG00000006923	0.0082153950342929	0.002221821992867286
						Aque_Aqu2.1.18089-001;Slac_ENSLPGG00000022242	2.3222255630625573e-12	0.005393070509171903							Aque_Aqu2.1.41482-001;Slac_ENSLPGG00000019065	2.2364060071655327e-10	3.1496785989591547e-07	Aque_Aqu2.1.21070-001;Slac_ENSLPGG00000020792	2.2386106342208852e-10	0.00022040338396253905				Aque_Aqu2.1.38371-001;Slac_ENSLPGG00000013669	7.824203864339112e-44	0.002468412511541518	Aque_Aqu2.1.42183-001;Slac_ENSLPGG00000007955	3.3931647854373665e-10	1.9750808972902473e-05				Aque_Aqu2.1.43986-001;Slac_ENSLPGG00000002394	8.331396457690566e-05	1.221392526032047e-23	Aque_Aqu2.1.17816-001;Slac_ENSLPGG00000001139	0.004846158259488255	1.7584177041274718e-41				Aque_Aqu2.1.32890-001;Slac_ENSLPGG00000028356	8.175377015812928e-08	0.008073199099584266				Aque_Aqu2.1.25311-001;Slac_ENSLPGG00000008894	0.0008485015888837467	0.005783077781756294
						Aque_Aqu2.1.41390-001;Slac_ENSLPGG00000028423	3.0773166485449188e-12	0.0009214478363216374							Aque_Aqu2.1.32548-001;Slac_ENSLPGG00000022031	0.0016118061765567644	9.300342416746377e-05	Aque_Aqu2.1.25867-001;Slac_ENSLPGG00000020470	2.1213248264626324e-06	0.0026781387316083716				Aque_Aqu2.1.41509-001;Slac_ENSLPGG00000020963	0.00025303159452439957	1.3939522870435003e-08	Aque_Aqu2.1.37895-001;Slac_ENSLPGG00000021127	1.3041098546376117e-11	4.213266832952217e-05				Aque_Aqu2.1.35739-001;Slac_ENSLPGG00000027307	1.2746924007240648e-08	0.0030640301080179016	Aque_Aqu2.1.28223-001;Slac_ENSLPGG00000011839	1.3844036382592803e-13	6.039500918035304e-05				Aque_Aqu2.1.44139-001;Slac_ENSLPGG00000009453	0.0013345187120564206	1.297346950394959e-07				Aque_Aqu2.1.21076-001;Slac_ENSLPGG00000021255	0.009677100769817697	8.053308969477697e-05
						Aque_Aqu2.1.44059-001;Slac_ENSLPGG00000001288	3.328730512336417e-05	1.312343505988986e-07							Aque_Aqu2.1.25867-001;Slac_ENSLPGG00000012471	2.1213248264626324e-06	3.25051042436473e-08	Aque_Aqu2.1.44218-001;Slac_ENSLPGG00000007955	1.5630724984533242e-08	0.0010077057716323732				Aque_Aqu2.1.37895-001;Slac_ENSLPGG00000021127	1.8087908043811806e-10	4.213266832952217e-05	Aque_Aqu2.1.36296-001;Slac_ENSLPGG00000028356	2.2413866662193796e-08	2.097030126413491e-05				Aque_Aqu2.1.23692-001;Slac_ENSLPGG00000026948	1.2841772084763492e-19	0.005553210951833313	Aque_Aqu2.1.28497-001;Slac_ENSLPGG00000009116	6.265744639493593e-06	0.0002502781468967871				Aque_Aqu2.1.20046-001;Slac_ENSLPGG00000008927	0.00911986550103098	2.3727793881261183e-06				Aque_Aqu2.1.39784-001;Slac_ENSLPGG00000008251	0.00499087858669987	9.16661881751561e-07
						Aque_Aqu2.1.44322-001;Slac_ENSLPGG00000026466	8.465724691870346e-08	1.840940775624098e-05							Aque_Aqu2.1.36606-001;Slac_ENSLPGG00000022031	5.622930540080185e-07	9.300342416746377e-05	Aque_Aqu2.1.39703-001;Slac_ENSLPGG00000010854	8.926042219776161e-05	0.0033377095618873118				Aque_Aqu2.1.38752-001;Slac_ENSLPGG00000014037	8.898107358929214e-33	9.215098691457013e-15	Aque_Aqu2.1.33612-001;Slac_ENSLPGG00000021127	2.364364427309774e-10	4.213266832952217e-05				Aque_Aqu2.1.34140-001;Slac_ENSLPGG00000019065	1.0121820050408576e-29	3.613082416273542e-08	Aque_Aqu2.1.41065-001;Slac_ENSLPGG00000020178	0.002433444354028677	0.0010513066033346907				Aque_Aqu2.1.41065-001;Slac_ENSLPGG00000020178	0.002433444354028677	5.984877303900408e-05				Aque_Aqu2.1.28223-001;Slac_ENSLPGG00000007730	0.0016953682702729052	2.2613124646670964e-33
						Aque_Aqu2.1.32514-001;Slac_ENSLPGG00000018350	0.00026784013402817586	0.0002517678430115775							Aque_Aqu2.1.43329-001;Slac_ENSLPGG00000028356	6.309083453842146e-05	6.775257991661166e-05	Aque_Aqu2.1.42077-001;Slac_ENSLPGG00000023634	1.6179795020463484e-12	0.005827419773674819				Aque_Aqu2.1.38687-001;Slac_ENSLPGG00000023112	4.028489834224234e-42	0.0003324703807620784	Aque_Aqu2.1.20108-001;Slac_ENSLPGG00000019235	0.0001996471342094305	3.8954346900669975e-11				Aque_Aqu2.1.33635-001;Slac_ENSLPGG00000012471	0.00010669886911690847	9.012536840606819e-20	Aque_Aqu2.1.36606-001;Slac_ENSLPGG00000022031	6.429704257152719e-05	6.099419038603397e-08				Aque_Aqu2.1.33673-001;Slac_ENSLPGG00000012616	0.000628276188921932	5.4497946959940194e-05				Aque_Aqu2.1.34348-001;Slac_ENSLPGG00000012713	0.00010796781104150981	0.005865967933476736
						Aque_Aqu2.1.37748-001;Slac_ENSLPGG00000010195	0.006868279958800548	7.49018270378121e-168							Aque_Aqu2.1.37101-001;Slac_ENSLPGG00000015112	1.5336636022433145e-08	0.00018013208566898826	Aque_Aqu2.1.44280-001;Slac_ENSLPGG00000021800	3.113278684368793e-07	2.5495500804048876e-06				Aque_Aqu2.1.31859-001;Slac_ENSLPGG00000025722	0.004697429935254067	1.3456439192448823e-08	Aque_Aqu2.1.34441-001;Slac_ENSLPGG00000010137	8.94792185533382e-40	0.001790020645015706				Aque_Aqu2.1.34863-001;Slac_ENSLPGG00000019859	7.856949568546215e-16	0.0011397536544584786	Aque_Aqu2.1.22332-001;Slac_ENSLPGG00000013772	9.838828213524885e-12	0.0008831121506401709				Aque_Aqu2.1.33622-001;Slac_ENSLPGG00000022031	1.708447263117159e-16	0.009696082349253645				Aque_Aqu2.1.39784-001;Slac_ENSLPGG00000010787	0.00499087858669987	1.3604346982340432e-05
						Aque_Aqu2.1.32514-001;Slac_ENSLPGG00000006881	0.00026784013402817586	0.0019243758484575122							Aque_Aqu2.1.32548-001;Slac_ENSLPGG00000021127	0.0016118061765567644	0.00026020690407486225	Aque_Aqu2.1.33622-001;Slac_ENSLPGG00000021127	3.31852085524485e-07	0.009342612883849542				Aque_Aqu2.1.39761-001;Slac_ENSLPGG00000028345	3.393314768941332e-10	0.0003933860879960206	Aque_Aqu2.1.44214-001;Slac_ENSLPGG00000007955	3.0665856474314364e-10	1.9750808972902473e-05				Aque_Aqu2.1.42065-001;Slac_ENSLPGG00000022563	5.305955151225863e-07	5.085732044321034e-17	Aque_Aqu2.1.43674-001;Slac_ENSLPGG00000019065	4.20083387372124e-06	0.002143493550466423				Aque_Aqu2.1.30867-001;Slac_ENSLPGG00000019065	1.3309245062395783e-20	0.006927108559854214				Aque_Aqu2.1.28194-001;Slac_ENSLPGG00000011679	0.0045912394646443755	6.653444638887422e-06
						Aque_Aqu2.1.30395-001;Slac_ENSLPGG00000011626	6.234964103978512e-06	5.951518931550513e-09							Aque_Aqu2.1.28492-001;Slac_ENSLPGG00000009116	4.609852878565774e-24	1.3356495854071297e-16	Aque_Aqu2.1.44243-001;Slac_ENSLPGG00000021186	2.521644079706085e-10	6.881624328924807e-14				Aque_Aqu2.1.35499-001;Slac_ENSLPGG00000009453	1.1523800383696093e-27	1.7240464628282283e-09	Aque_Aqu2.1.04817-001;Slac_ENSLPGG00000016836	2.5806510890960834e-15	5.186576302702321e-08				Aque_Aqu2.1.43267-001;Slac_ENSLPGG00000017003	3.1038449995845004e-09	0.0007146712202704738	Aque_Aqu2.1.33635-001;Slac_ENSLPGG00000012471	0.00010669886911690847	0.00020102428853856525				Aque_Aqu2.1.28453-001;Slac_ENSLPGG00000026946	1.0394247470338174e-05	0.0007576152612991031				Aque_Aqu2.1.39784-001;Slac_ENSLPGG00000011679	0.00499087858669987	6.653444638887422e-06
						Aque_Aqu2.1.11387-001;Slac_ENSLPGG00000006881	0.00015458593629202684	0.0019243758484575122							Aque_Aqu2.1.41057-001;Slac_ENSLPGG00000021479	0.0004332992274544301	0.003708908431597192	Aque_Aqu2.1.44104-001;Slac_ENSLPGG00000013804	0.004676700161059421	0.0007362327321683684				Aque_Aqu2.1.42183-001;Slac_ENSLPGG00000007955	6.985331522353285e-12	1.9750808972902473e-05	Aque_Aqu2.1.43733-001;Slac_ENSLPGG00000015888	4.248328240934453e-206	0.0006916594577877405				Aque_Aqu2.1.43984-001;Slac_ENSLPGG00000026507	4.479650965828285e-09	0.0078094701130997455	Aque_Aqu2.1.34863-001;Slac_ENSLPGG00000015562	7.856949568546215e-16	0.008175833913661248				Aque_Aqu2.1.20046-001;Slac_ENSLPGG00000010168	0.00911986550103098	9.058687456132663e-08				Aque_Aqu2.1.28301-001;Slac_ENSLPGG00000012506	8.582889212601913e-05	1.2928363628897202e-07
						Aque_Aqu2.1.13985-001;Slac_ENSLPGG00000020432	0.007557710813279713	8.29687771191368e-30							Aque_Aqu2.1.36606-001;Slac_ENSLPGG00000021127	5.622930540080185e-07	0.00026020690407486225	Aque_Aqu2.1.43551-001;Slac_ENSLPGG00000007730	0.0005635633996396587	1.7449377494689486e-149				Aque_Aqu2.1.37895-001;Slac_ENSLPGG00000010506	1.8087908043811806e-10	0.002698921680975058	Aque_Aqu2.1.42700-001;Slac_ENSLPGG00000000696	7.021913672654355e-09	5.830310343059631e-06				Aque_Aqu2.1.43982-001;Slac_ENSLPGG00000010137	0.00026536629051856613	2.3938613340873506e-10	Aque_Aqu2.1.34140-001;Slac_ENSLPGG00000019065	1.0121820050408576e-29	0.002143493550466423				Aque_Aqu2.1.33604-001;Slac_ENSLPGG00000020709	0.00018672684408454628	0.007928578932790564				Aque_Aqu2.1.28194-001;Slac_ENSLPGG00000014570	0.0045912394646443755	0.0016118636451360351
						Aque_Aqu2.1.29482-001;Slac_ENSLPGG00000022242	0.006815611909410816	0.005393070509171903							Aque_Aqu2.1.38752-001;Slac_ENSLPGG00000013069	2.5967541173213717e-13	4.510390699375658e-16	Aque_Aqu2.1.33448-001;Slac_ENSLPGG00000011166	0.0009419018553175181	1.1662929005977234e-06				Aque_Aqu2.1.28493-001;Slac_ENSLPGG00000009116	8.33193295587791e-14	3.098026050711895e-06	Aque_Aqu2.1.42228-001;Slac_ENSLPGG00000017391	4.994238017866032e-07	0.0005938302939968093				Aque_Aqu2.1.21880-001;Slac_ENSLPGG00000008528	1.2898596676934027e-28	3.0019923230811625e-09	Aque_Aqu2.1.41892-001;Slac_ENSLPGG00000011839	5.2142493076430264e-14	6.039500918035304e-05				Aque_Aqu2.1.29714-001;Slac_ENSLPGG00000008036	7.391576077219849e-08	0.0038968647185279024				Aque_Aqu2.1.39784-001;Slac_ENSLPGG00000014570	0.00499087858669987	0.0016118636451360351
															Aque_Aqu2.1.33448-001;Slac_ENSLPGG00000011166	0.0009419018553175181	6.826160582443951e-22	Aque_Aqu2.1.17816-001;Slac_ENSLPGG00000019065	0.009367143325851741	5.413313929192906e-06				Aque_Aqu2.1.44197-001;Slac_ENSLPGG00000019065	2.2714847576806134e-31	7.25760385061524e-06	Aque_Aqu2.1.25311-001;Slac_ENSLPGG00000008894	1.4814822028446626e-18	9.442876585098862e-05				Aque_Aqu2.1.37117-001;Slac_ENSLPGG00000012950	7.895832192393494e-06	2.006326144639482e-06	Aque_Aqu2.1.37407-001;Slac_ENSLPGG00000020178	5.959310045388851e-09	0.0010513066033346907				Aque_Aqu2.1.37486-001;Slac_ENSLPGG00000022557	5.791765336917085e-10	0.007685700758476869				Aque_Aqu2.1.28194-001;Slac_ENSLPGG00000005398	0.0045912394646443755	0.0007898552266049389
															Aque_Aqu2.1.44243-001;Slac_ENSLPGG00000008996	2.521644079706085e-10	1.5171894313138206e-05	Aque_Aqu2.1.44243-001;Slac_ENSLPGG00000008996	2.521644079706085e-10	0.004729488519637293				Aque_Aqu2.1.44140-001;Slac_ENSLPGG00000009116	1.646659288707431e-78	3.098026050711895e-06	Aque_Aqu2.1.40333-001;Slac_ENSLPGG00000015465	1.525995245934674e-06	8.000284071629496e-11				Aque_Aqu2.1.35253-001;Slac_ENSLPGG00000018041	3.5542328552532075e-13	0.0017530359823746317	Aque_Aqu2.1.22984-001;Slac_ENSLPGG00000003607	0.0011070273067554314	7.068547709631196e-07				Aque_Aqu2.1.36578-001;Slac_ENSLPGG00000011207	5.891129462767358e-17	0.0032974355966670183				Aque_Aqu2.1.39784-001;Slac_ENSLPGG00000005398	0.00499087858669987	0.0007898552266049389
															Aque_Aqu2.1.33622-001;Slac_ENSLPGG00000022031	3.31852085524485e-07	9.300342416746377e-05	Aque_Aqu2.1.38596-001;Slac_ENSLPGG00000027951	0.001542624236740881	1.8275038755462968e-07				Aque_Aqu2.1.37895-001;Slac_ENSLPGG00000011588	1.8087908043811806e-10	0.0036895935973833547	Aque_Aqu2.1.26984-001;Slac_ENSLPGG00000000391	0.0001235028083498667	0.0006129685157230427				Aque_Aqu2.1.36779-001;Slac_ENSLPGG00000020178	2.0751669503159548e-16	0.0007400756194867412	Aque_Aqu2.1.37486-001;Slac_ENSLPGG00000021186	5.791765336917085e-10	1.5866616825505543e-23				Aque_Aqu2.1.42077-001;Slac_ENSLPGG00000024184	2.5024776515125946e-13	8.199738945854912e-06				Aque_Aqu2.1.36281-001;Slac_ENSLPGG00000027374	0.0019138750443887618	0.007210397688746341
															Aque_Aqu2.1.33526-001;Slac_ENSLPGG00000027951	2.6530378615446102e-11	0.0013402074915596252	Aque_Aqu2.1.42093-001;Slac_ENSLPGG00000011166	0.0013541819202391105	1.1662929005977234e-06				Aque_Aqu2.1.27832-001;Slac_ENSLPGG00000017427	5.939276265577746e-23	0.0037065549147303695	Aque_Aqu2.1.44140-001;Slac_ENSLPGG00000009116	3.48170003993214e-101	3.098026050711895e-06				Aque_Aqu2.1.43674-001;Slac_ENSLPGG00000003645	4.20083387372124e-06	2.645547445922724e-05	Aque_Aqu2.1.28489-001;Slac_ENSLPGG00000009116	1.2639077541595553e-28	0.0002502781468967871				Aque_Aqu2.1.33635-001;Slac_ENSLPGG00000012471	0.00010669886911690847	0.005559596267054266				Aque_Aqu2.1.42226-001;Slac_ENSLPGG00000018126	0.0005179452314931064	5.5436774813796546e-05
															Aque_Aqu2.1.25867-001;Slac_ENSLPGG00000013166	2.1213248264626324e-06	0.0010463282696080594	Aque_Aqu2.1.28492-001;Slac_ENSLPGG00000009116	4.609852878565774e-24	0.001396822626426671				Aque_Aqu2.1.11170-001;Slac_ENSLPGG00000017935	7.985673239814531e-25	0.007641587714202316	Aque_Aqu2.1.38687-001;Slac_ENSLPGG00000023112	2.654488101058108e-41	0.0003324703807620784				Aque_Aqu2.1.23692-001;Slac_ENSLPGG00000015112	1.2841772084763492e-19	0.0006787822325991016	Aque_Aqu2.1.37486-001;Slac_ENSLPGG00000008996	5.791765336917085e-10	2.383566135459776e-06				Aque_Aqu2.1.26973-001;Slac_ENSLPGG00000012471	1.8757648248382616e-05	0.005559596267054266				Aque_Aqu2.1.24884-001;Slac_ENSLPGG00000016023	3.8921994156324316e-05	2.7933912874570014e-08
															Aque_Aqu2.1.41660-001;Slac_ENSLPGG00000015815	0.00678209924781447	3.0889450846678094e-05	Aque_Aqu2.1.43365-001;Slac_ENSLPGG00000022615	0.002191564312746992	4.521418014203203e-05				Aque_Aqu2.1.35211-001;Slac_ENSLPGG00000014120	3.46092426890341e-23	0.000944903500654391	Aque_Aqu2.1.37895-001;Slac_ENSLPGG00000011588	1.3041098546376117e-11	0.0036895935973833547				Aque_Aqu2.1.26973-001;Slac_ENSLPGG00000012471	1.8757648248382616e-05	9.012536840606819e-20	Aque_Aqu2.1.36580-001;Slac_ENSLPGG00000006910	0.00012213328003275967	0.0021402839722444843				Aque_Aqu2.1.38824-001;Slac_ENSLPGG00000012471	0.0021069493728025235	0.005559596267054266						
															Aque_Aqu2.1.44243-001;Slac_ENSLPGG00000021186	2.521644079706085e-10	5.034074710478306e-19	Aque_Aqu2.1.43984-001;Slac_ENSLPGG00000002394	1.1016186836212721e-24	1.2624455340248748e-06				Aque_Aqu2.1.38181-001;Slac_ENSLPGG00000021186	0.0014557742047692525	1.7535438192775834e-53	Aque_Aqu2.1.27832-001;Slac_ENSLPGG00000012471	5.884935948591738e-05	1.2256378781761784e-09				Aque_Aqu2.1.40738-001;Slac_ENSLPGG00000007322	6.218782870818954e-08	7.737038726130456e-15	Aque_Aqu2.1.33635-001;Slac_ENSLPGG00000020470	0.00010669886911690847	0.005200025809404252				Aque_Aqu2.1.42148-001;Slac_ENSLPGG00000018705	0.005002361813659799	0.0023344719474410014						
															Aque_Aqu2.1.25867-001;Slac_ENSLPGG00000015112	2.1213248264626324e-06	0.00018013208566898826	Aque_Aqu2.1.23414-001;Slac_ENSLPGG00000002095	1.6439830959473454e-05	0.002634358102591382				Aque_Aqu2.1.42700-001;Slac_ENSLPGG00000000696	1.3533484421805182e-09	5.830310343059631e-06	Aque_Aqu2.1.38596-001;Slac_ENSLPGG00000027951	4.915425379001228e-11	0.00012208320266236656				Aque_Aqu2.1.28495-001;Slac_ENSLPGG00000023963	4.458325986516477e-24	0.00026303246838548124	Aque_Aqu2.1.30867-001;Slac_ENSLPGG00000019065	1.3309245062395783e-20	0.002143493550466423				Aque_Aqu2.1.42560-001;Slac_ENSLPGG00000015465	0.0008809471089720678	0.008322672676028871						
															Aque_Aqu2.1.04953-001;Slac_ENSLPGG00000003184	0.002259735120805645	0.001403641674023249	Aque_Aqu2.1.24548-001;Slac_ENSLPGG00000012140	9.149078712360244e-05	0.0011067438588838036				Aque_Aqu2.1.35513-001;Slac_ENSLPGG00000014037	1.391430610834894e-08	9.215098691457013e-15	Aque_Aqu2.1.33612-001;Slac_ENSLPGG00000011588	2.364364427309774e-10	0.0036895935973833547				Aque_Aqu2.1.25867-001;Slac_ENSLPGG00000012471	0.0002352162877005849	9.012536840606819e-20	Aque_Aqu2.1.40738-001;Slac_ENSLPGG00000012981	6.218782870818954e-08	1.3335247027011732e-14				Aque_Aqu2.1.25927-001;Slac_ENSLPGG00000006175	3.006102746387663e-11	0.0009487128182759552						
															Aque_Aqu2.1.41482-001;Slac_ENSLPGG00000006271	2.2364060071655327e-10	0.00010329686300105768	Aque_Aqu2.1.40997-001;Slac_ENSLPGG00000019726	3.056879980995244e-05	3.1296260265785744e-53				Aque_Aqu2.1.34138-001;Slac_ENSLPGG00000006271	1.2656438086926812e-05	2.6697465039007906e-06	Aque_Aqu2.1.34263-001;Slac_ENSLPGG00000015631	5.189591029528842e-07	8.896789141331552e-11				Aque_Aqu2.1.43674-001;Slac_ENSLPGG00000006271	4.20083387372124e-06	3.732968551925518e-05	Aque_Aqu2.1.32509-001;Slac_ENSLPGG00000007568	0.0003922226519476641	7.355611122930514e-05				Aque_Aqu2.1.26973-001;Slac_ENSLPGG00000000921	1.8757648248382616e-05	0.00020497790178902148						
															Aque_Aqu2.1.38524-001;Slac_ENSLPGG00000025842	0.004166809097269318	5.791004440231865e-07	Aque_Aqu2.1.38687-001;Slac_ENSLPGG00000023112	0.0012331680164132607	0.0002511069236736297				Aque_Aqu2.1.37101-001;Slac_ENSLPGG00000012471	6.194430517240804e-07	1.2256378781761784e-09	Aque_Aqu2.1.44218-001;Slac_ENSLPGG00000007955	2.1931163753421432e-08	1.9750808972902473e-05				Aque_Aqu2.1.42203-001;Slac_ENSLPGG00000008996	0.00045457418849529025	5.146308428844976e-15	Aque_Aqu2.1.41482-001;Slac_ENSLPGG00000019065	2.257130122823816e-08	0.002143493550466423				Aque_Aqu2.1.38824-001;Slac_ENSLPGG00000000921	0.0021069493728025235	0.00020497790178902148						
															Aque_Aqu2.1.33622-001;Slac_ENSLPGG00000021127	3.31852085524485e-07	0.00026020690407486225	Aque_Aqu2.1.39703-001;Slac_ENSLPGG00000021186	8.926042219776161e-05	6.881624328924807e-14				Aque_Aqu2.1.35499-001;Slac_ENSLPGG00000009116	1.1523800383696093e-27	3.098026050711895e-06	Aque_Aqu2.1.38095-001;Slac_ENSLPGG00000006910	0.00046503987165875694	9.821143306702358e-10				Aque_Aqu2.1.24981-001;Slac_ENSLPGG00000009456	2.7217252995401606e-14	4.685225916727112e-05	Aque_Aqu2.1.35253-001;Slac_ENSLPGG00000012471	3.5542328552532075e-13	0.00020102428853856525				Aque_Aqu2.1.31551-001;Slac_ENSLPGG00000019065	0.0004550419940629617	0.006927108559854214						
															Aque_Aqu2.1.44140-001;Slac_ENSLPGG00000011327	8.885562534779468e-10	0.0016877695055628826	Aque_Aqu2.1.39703-001;Slac_ENSLPGG00000008996	8.926042219776161e-05	0.004729488519637293				Aque_Aqu2.1.38393-001;Slac_ENSLPGG00000013990	0.0013844564169838704	5.561679774912e-16	Aque_Aqu2.1.17698-001;Slac_ENSLPGG00000011232	1.9606036093622195e-11	0.003325700561470039				Aque_Aqu2.1.19198-001;Slac_ENSLPGG00000004319	2.3018167447574076e-16	0.000827535064898996	Aque_Aqu2.1.36779-001;Slac_ENSLPGG00000020178	2.0751669503159548e-16	0.0010513066033346907				Aque_Aqu2.1.41520-001;Slac_ENSLPGG00000018774	4.988517977277189e-10	0.0059141423288884215						
															Aque_Aqu2.1.25867-001;Slac_ENSLPGG00000011715	2.1213248264626324e-06	0.0015163362896410573	Aque_Aqu2.1.43551-001;Slac_ENSLPGG00000007525	0.0005635633996396587	1.1234997919954914e-14				Aque_Aqu2.1.34441-001;Slac_ENSLPGG00000021750	7.219142937079096e-31	0.007143211701726101	Aque_Aqu2.1.32726-001;Slac_ENSLPGG00000028356	0.00020161191729037281	2.097030126413491e-05				Aque_Aqu2.1.29714-001;Slac_ENSLPGG00000008036	7.391576077219849e-08	1.1540325819341644e-21	Aque_Aqu2.1.42065-001;Slac_ENSLPGG00000022563	5.305955151225863e-07	7.489445266910807e-06				Aque_Aqu2.1.41619-001;Slac_ENSLPGG00000007581	0.0001135500444194301	0.0013383589210053243						
															Aque_Aqu2.1.01979-001;Slac_ENSLPGG00000019065	0.007012591066954428	3.1496785989591547e-07	Aque_Aqu2.1.44140-001;Slac_ENSLPGG00000009116	8.885562534779468e-10	0.001396822626426671				Aque_Aqu2.1.07580-001;Slac_ENSLPGG00000019930	1.4295324705092113e-16	0.004965012481475406	Aque_Aqu2.1.35503-001;Slac_ENSLPGG00000030274	6.524992042139891e-05	1.90995439367809e-08				Aque_Aqu2.1.42077-001;Slac_ENSLPGG00000024415	2.5024776515125946e-13	0.0003515626804160105	Aque_Aqu2.1.08677-001;Slac_ENSLPGG00000015888	7.208488648075431e-16	5.421831364350314e-05				Aque_Aqu2.1.25867-001;Slac_ENSLPGG00000012471	0.0002352162877005849	0.005559596267054266						
															Aque_Aqu2.1.34140-001;Slac_ENSLPGG00000019065	1.662739836406084e-09	3.1496785989591547e-07	Aque_Aqu2.1.43551-001;Slac_ENSLPGG00000011839	0.0005635633996396587	0.00611186985166198				Aque_Aqu2.1.43733-001;Slac_ENSLPGG00000015888	2.8079750835220977e-170	0.0006916594577877405	Aque_Aqu2.1.21880-001;Slac_ENSLPGG00000008528	9.018987970662154e-62	0.0013895463550715437				Aque_Aqu2.1.43984-001;Slac_ENSLPGG00000002394	4.479650965828285e-09	1.221392526032047e-23	Aque_Aqu2.1.17816-001;Slac_ENSLPGG00000007158	0.004846158259488255	2.3171329481883538e-23				Aque_Aqu2.1.35197-001;Slac_ENSLPGG00000023608	1.2879642783987652e-05	0.00021819079240100695						
															Aque_Aqu2.1.43984-001;Slac_ENSLPGG00000002394	1.1016186836212721e-24	2.9862001037469835e-27							Aque_Aqu2.1.38596-001;Slac_ENSLPGG00000006266	6.485696048108517e-11	0.003619518626652102	Aque_Aqu2.1.34441-001;Slac_ENSLPGG00000021750	8.94792185533382e-40	0.007143211701726101				Aque_Aqu2.1.42762-001;Slac_ENSLPGG00000021127	1.0081478109652569e-17	1.5465846751523873e-05	Aque_Aqu2.1.43353-001;Slac_ENSLPGG00000008404	3.8260820266303296e-05	0.0002096723503608165				Aque_Aqu2.1.17816-001;Slac_ENSLPGG00000007158	0.004846158259488255	1.3921670430557845e-07						
															Aque_Aqu2.1.25867-001;Slac_ENSLPGG00000012296	2.1213248264626324e-06	0.001043453426024318							Aque_Aqu2.1.25933-001;Slac_ENSLPGG00000007953	7.69935697219898e-05	0.0014155101453730327	Aque_Aqu2.1.24879-001;Slac_ENSLPGG00000015293	0.00024797248585702985	2.67363390184927e-09				Aque_Aqu2.1.28453-001;Slac_ENSLPGG00000026946	1.0394247470338174e-05	1.0178599160302201e-15	Aque_Aqu2.1.35253-001;Slac_ENSLPGG00000020470	3.5542328552532075e-13	0.005200025809404252				Aque_Aqu2.1.35253-001;Slac_ENSLPGG00000015112	3.5542328552532075e-13	0.00549930044633956						
															Aque_Aqu2.1.30867-001;Slac_ENSLPGG00000019065	8.811394793769746e-08	3.1496785989591547e-07							Aque_Aqu2.1.44214-001;Slac_ENSLPGG00000007955	2.009817921356835e-06	1.9750808972902473e-05	Aque_Aqu2.1.29918-001;Slac_ENSLPGG00000030129	0.00024658544383960945	0.0013713614834639212				Aque_Aqu2.1.36606-001;Slac_ENSLPGG00000002171	6.429704257152719e-05	7.388655311919578e-20	Aque_Aqu2.1.43251-001;Slac_ENSLPGG00000025032	2.3451474142829946e-08	0.006542027272199874				Aque_Aqu2.1.41065-001;Slac_ENSLPGG00000018774	0.002433444354028677	0.0059141423288884215						
															Aque_Aqu2.1.24504-001;Slac_ENSLPGG00000020039	0.007919704155121277	0.007639306423032143							Aque_Aqu2.1.27832-001;Slac_ENSLPGG00000012296	5.939276265577746e-23	0.0063155438099113505	Aque_Aqu2.1.33049-001;Slac_ENSLPGG00000013461	0.00015577197424357952	9.882239640916073e-09				Aque_Aqu2.1.43954-001;Slac_ENSLPGG00000029175	0.0001823425905369846	3.593459119355663e-05	Aque_Aqu2.1.22423-001;Slac_ENSLPGG00000021186	0.003331405344316412	1.5866616825505543e-23				Aque_Aqu2.1.40828-001;Slac_ENSLPGG00000014103	0.000597727428425492	4.430855169663792e-05						
															Aque_Aqu2.1.29497-001;Slac_ENSLPGG00000014782	0.009540321936991298	4.0221730396915904e-85							Aque_Aqu2.1.42015-001;Slac_ENSLPGG00000003738	5.917872503133353e-05	1.0526376784842143e-09	Aque_Aqu2.1.27832-001;Slac_ENSLPGG00000020470	5.884935948591738e-05	3.423487626718001e-05				Aque_Aqu2.1.43482-001;Slac_ENSLPGG00000023417	7.648655415159219e-16	0.0020866515349768724	Aque_Aqu2.1.28683-001;Slac_ENSLPGG00000017036	0.007371482204497088	1.9986848103810602e-07				Aque_Aqu2.1.25867-001;Slac_ENSLPGG00000000921	0.0002352162877005849	0.00020497790178902148						
															Aque_Aqu2.1.39703-001;Slac_ENSLPGG00000010854	8.926042219776161e-05	0.0011755140317752015							Aque_Aqu2.1.09103-001;Slac_ENSLPGG00000028461	2.0179561011502303e-07	3.048826496448948e-05	Aque_Aqu2.1.37895-001;Slac_ENSLPGG00000010506	1.3041098546376117e-11	0.002698921680975058				Aque_Aqu2.1.43989-001;Slac_ENSLPGG00000002394	4.110904363096128e-06	1.221392526032047e-23	Aque_Aqu2.1.29714-001;Slac_ENSLPGG00000008036	7.391576077219849e-08	4.536590795862888e-06				Aque_Aqu2.1.42762-001;Slac_ENSLPGG00000022031	1.0081478109652569e-17	0.009696082349253645						
															Aque_Aqu2.1.17816-001;Slac_ENSLPGG00000001139	0.009367143325851741	1.4494333720685917e-24							Aque_Aqu2.1.30110-001;Slac_ENSLPGG00000017935	2.308865816166031e-15	0.007641587714202316	Aque_Aqu2.1.20504-001;Slac_ENSLPGG00000003738	0.0037927081630394956	1.0526376784842143e-09				Aque_Aqu2.1.13384-001;Slac_ENSLPGG00000028025	0.008071454308217863	1.9481484135242517e-27	Aque_Aqu2.1.26973-001;Slac_ENSLPGG00000012471	1.8757648248382616e-05	0.00020102428853856525				Aque_Aqu2.1.40738-001;Slac_ENSLPGG00000012981	6.218782870818954e-08	0.00011499550597623149						
															Aque_Aqu2.1.24879-001;Slac_ENSLPGG00000015293	0.0005023866135471616	3.0288120931539586e-07							Aque_Aqu2.1.44323-001;Slac_ENSLPGG00000020755	3.5972015695912066e-05	0.00540254793321005	Aque_Aqu2.1.33612-001;Slac_ENSLPGG00000010506	2.364364427309774e-10	0.002698921680975058				Aque_Aqu2.1.31551-001;Slac_ENSLPGG00000006271	0.0004550419940629617	3.732968551925518e-05	Aque_Aqu2.1.22423-001;Slac_ENSLPGG00000008996	0.003331405344316412	2.383566135459776e-06				Aque_Aqu2.1.17816-001;Slac_ENSLPGG00000001139	0.004846158259488255	4.345251405310324e-05						
															Aque_Aqu2.1.37101-001;Slac_ENSLPGG00000020470	1.5336636022433145e-08	0.002366091147798498							Aque_Aqu2.1.41812-001;Slac_ENSLPGG00000025722	0.00964276725673419	1.3456439192448823e-08	Aque_Aqu2.1.43980-001;Slac_ENSLPGG00000012713	0.009290738953083176	0.00014886923356237738				Aque_Aqu2.1.42203-001;Slac_ENSLPGG00000021186	0.00045457418849529025	2.1966675747781014e-45	Aque_Aqu2.1.16567-001;Slac_ENSLPGG00000020470	3.0155612923613537e-06	0.005200025809404252				Aque_Aqu2.1.41482-001;Slac_ENSLPGG00000019065	2.257130122823816e-08	0.006927108559854214						
															Aque_Aqu2.1.36565-001;Slac_ENSLPGG00000011109	5.467757675960367e-08	0.005502958468449356							Aque_Aqu2.1.38752-001;Slac_ENSLPGG00000014120	8.898107358929214e-33	0.000944903500654391	Aque_Aqu2.1.42226-001;Slac_ENSLPGG00000017391	5.1378685834667525e-18	0.0005938302939968093				Aque_Aqu2.1.38811-001;Slac_ENSLPGG00000025361	1.675913801095585e-07	1.539165167387563e-06	Aque_Aqu2.1.41049-001;Slac_ENSLPGG00000011536	0.007200126607303983	0.005230032865004775				Aque_Aqu2.1.40721-001;Slac_ENSLPGG00000007294	0.0002207593425700575	0.0003630722529327987						
															Aque_Aqu2.1.43551-001;Slac_ENSLPGG00000018987	0.0005635633996396587	4.442906185241835e-129							Aque_Aqu2.1.29918-001;Slac_ENSLPGG00000030129	0.0028807723158949684	0.0013713614834639212	Aque_Aqu2.1.35503-001;Slac_ENSLPGG00000001761	6.524992042139891e-05	5.837025646251024e-10				Aque_Aqu2.1.38824-001;Slac_ENSLPGG00000012471	0.0021069493728025235	9.012536840606819e-20	Aque_Aqu2.1.42548-001;Slac_ENSLPGG00000024879	1.627868894535477e-08	3.7327495540389476e-10				Aque_Aqu2.1.39703-001;Slac_ENSLPGG00000021186	0.0003983784087831898	2.0188353322288348e-10						
															Aque_Aqu2.1.17816-001;Slac_ENSLPGG00000007158	0.009367143325851741	1.2305328596950784e-25							Aque_Aqu2.1.37101-001;Slac_ENSLPGG00000020470	6.194430517240804e-07	3.423487626718001e-05	Aque_Aqu2.1.44323-001;Slac_ENSLPGG00000020755	1.213390238823611e-11	0.00540254793321005				Aque_Aqu2.1.30867-001;Slac_ENSLPGG00000006271	1.3309245062395783e-20	3.732968551925518e-05	Aque_Aqu2.1.36574-001;Slac_ENSLPGG00000014139	0.0004940940652812278	0.0038658422956780927				Aque_Aqu2.1.36574-001;Slac_ENSLPGG00000014139	0.0004940940652812278	0.004431977374033645						
															Aque_Aqu2.1.44245-001;Slac_ENSLPGG00000013337	0.0046844640673461375	5.453548321107783e-07							Aque_Aqu2.1.41482-001;Slac_ENSLPGG00000006271	4.6297900363399465e-06	2.6697465039007906e-06	Aque_Aqu2.1.42279-001;Slac_ENSLPGG00000013141	8.66165162536353e-12	0.001973352561235931				Aque_Aqu2.1.34140-001;Slac_ENSLPGG00000003645	1.0121820050408576e-29	2.645547445922724e-05	Aque_Aqu2.1.25867-001;Slac_ENSLPGG00000010273	0.0002352162877005849	7.696669701701013e-06				Aque_Aqu2.1.30012-001;Slac_ENSLPGG00000013812	0.00839882703998185	0.008557327171430033						
															Aque_Aqu2.1.42743-001;Slac_ENSLPGG00000011151	0.006174926946827125	0.0006790935580631603							Aque_Aqu2.1.24879-001;Slac_ENSLPGG00000015293	8.49012491898565e-05	2.67363390184927e-09	Aque_Aqu2.1.21828-001;Slac_ENSLPGG00000020173	1.8034312828333696e-13	0.0010613881201389775				Aque_Aqu2.1.41482-001;Slac_ENSLPGG00000019065	2.257130122823816e-08	3.613082416273542e-08	Aque_Aqu2.1.26973-001;Slac_ENSLPGG00000020470	1.8757648248382616e-05	0.005200025809404252				Aque_Aqu2.1.32509-001;Slac_ENSLPGG00000028356	0.0003922226519476641	0.008073199099584266						
															Aque_Aqu2.1.01979-001;Slac_ENSLPGG00000006271	0.007012591066954428	0.00010329686300105768							Aque_Aqu2.1.34138-001;Slac_ENSLPGG00000003645	1.2656438086926812e-05	0.0004928005922812879	Aque_Aqu2.1.39733-001;Slac_ENSLPGG00000028356	6.5169284341367635e-06	2.097030126413491e-05				Aque_Aqu2.1.44139-001;Slac_ENSLPGG00000009453	0.0013345187120564206	3.1604583026530097e-28	Aque_Aqu2.1.43267-001;Slac_ENSLPGG00000025032	3.1038449995845004e-09	0.006542027272199874				Aque_Aqu2.1.43674-001;Slac_ENSLPGG00000019065	4.20083387372124e-06	0.006927108559854214						
															Aque_Aqu2.1.34140-001;Slac_ENSLPGG00000006271	1.662739836406084e-09	0.00010329686300105768							Aque_Aqu2.1.39162-001;Slac_ENSLPGG00000015888	2.1698472895487598e-73	0.0006916594577877405	Aque_Aqu2.1.22593-001;Slac_ENSLPGG00000000696	0.0012420173068698555	5.830310343059631e-06				Aque_Aqu2.1.34140-001;Slac_ENSLPGG00000006271	1.0121820050408576e-29	3.732968551925518e-05	Aque_Aqu2.1.24796-001;Slac_ENSLPGG00000007568	0.003967307296319479	7.355611122930514e-05				Aque_Aqu2.1.26983-001;Slac_ENSLPGG00000005884	3.937047107772297e-05	0.004469932396026673						
															Aque_Aqu2.1.30867-001;Slac_ENSLPGG00000006271	8.811394793769746e-08	0.00010329686300105768							Aque_Aqu2.1.34441-001;Slac_ENSLPGG00000010137	7.219142937079096e-31	0.001790020645015706	Aque_Aqu2.1.07580-001;Slac_ENSLPGG00000019930	4.874298541748081e-15	0.004965012481475406				Aque_Aqu2.1.28497-001;Slac_ENSLPGG00000023963	6.265744639493593e-06	0.00026303246838548124	Aque_Aqu2.1.41520-001;Slac_ENSLPGG00000020178	4.988517977277189e-10	0.0010513066033346907				Aque_Aqu2.1.33635-001;Slac_ENSLPGG00000015112	0.00010669886911690847	0.00549930044633956						
															Aque_Aqu2.1.27256-001;Slac_ENSLPGG00000007719	0.006977535048732927	0.00950490736474928							Aque_Aqu2.1.42279-001;Slac_ENSLPGG00000013141	1.1190412037042485e-11	0.001973352561235931	Aque_Aqu2.1.29855-001;Slac_ENSLPGG00000000696	0.0007027325992768494	5.830310343059631e-06				Aque_Aqu2.1.26973-001;Slac_ENSLPGG00000000921	1.8757648248382616e-05	1.3554892344563593e-12	Aque_Aqu2.1.35781-001;Slac_ENSLPGG00000007429	0.0016572738315866653	4.72521684640543e-05				Aque_Aqu2.1.26973-001;Slac_ENSLPGG00000015112	1.8757648248382616e-05	0.00549930044633956						
															Aque_Aqu2.1.44218-001;Slac_ENSLPGG00000007955	1.5630724984533242e-08	0.007386783815123632							Aque_Aqu2.1.43365-001;Slac_ENSLPGG00000022615	0.002598528455239392	3.2080116570475125e-06	Aque_Aqu2.1.20511-001;Slac_ENSLPGG00000016836	1.2536022085207058e-42	5.186576302702321e-08				Aque_Aqu2.1.17816-001;Slac_ENSLPGG00000007158	0.004846158259488255	3.4393842705479424e-25	Aque_Aqu2.1.41302-001;Slac_ENSLPGG00000010615	8.674583355148573e-05	1.7876328141565585e-08				Aque_Aqu2.1.38824-001;Slac_ENSLPGG00000015112	0.0021069493728025235	0.00549930044633956						
															Aque_Aqu2.1.25867-001;Slac_ENSLPGG00000020470	2.1213248264626324e-06	0.002366091147798498							Aque_Aqu2.1.42226-001;Slac_ENSLPGG00000017391	1.1679786549576954e-21	0.0005938302939968093	Aque_Aqu2.1.25608-001;Slac_ENSLPGG00000004269	5.700062912418236e-05	2.8577770605734596e-05				Aque_Aqu2.1.25867-001;Slac_ENSLPGG00000000921	0.0002352162877005849	1.3554892344563593e-12	Aque_Aqu2.1.41520-001;Slac_ENSLPGG00000015562	4.988517977277189e-10	0.008175833913661248				Aque_Aqu2.1.32000-001;Slac_ENSLPGG00000020841	0.007163723412439014	0.001871288543552831						
															Aque_Aqu2.1.38683-001;Slac_ENSLPGG00000013337	0.002171373567225803	5.453548321107783e-07							Aque_Aqu2.1.35513-001;Slac_ENSLPGG00000014120	1.391430610834894e-08	0.000944903500654391	Aque_Aqu2.1.28489-001;Slac_ENSLPGG00000009453	4.787491920802856e-09	1.7240464628282283e-09				Aque_Aqu2.1.30850-001;Slac_ENSLPGG00000007919	1.6111351648411453e-09	0.0009482622762633013	Aque_Aqu2.1.35197-001;Slac_ENSLPGG00000023608	1.2879642783987652e-05	0.003031234032842293				Aque_Aqu2.1.22423-001;Slac_ENSLPGG00000021186	0.003331405344316412	2.0188353322288348e-10						
															Aque_Aqu2.1.42093-001;Slac_ENSLPGG00000009324	0.0013541819202391105	0.0016273209584915234							Aque_Aqu2.1.29855-001;Slac_ENSLPGG00000000696	0.0022340984168665655	5.830310343059631e-06	Aque_Aqu2.1.42077-001;Slac_ENSLPGG00000024184	2.0833804932494515e-41	0.0017026938288687038				Aque_Aqu2.1.37407-001;Slac_ENSLPGG00000020178	5.959310045388851e-09	0.0007400756194867412	Aque_Aqu2.1.39703-001;Slac_ENSLPGG00000021186	0.0003983784087831898	1.5866616825505543e-23				Aque_Aqu2.1.42693-001;Slac_ENSLPGG00000003239	0.0018360592641156288	3.124456223400405e-05						
															Aque_Aqu2.1.42743-001;Slac_ENSLPGG00000009461	0.006174926946827125	0.001863905355161977							Aque_Aqu2.1.36076-001;Slac_ENSLPGG00000021127	0.005164206410856717	4.213266832952217e-05	Aque_Aqu2.1.43365-001;Slac_ENSLPGG00000022615	0.00028673153734273344	3.2080116570475125e-06				Aque_Aqu2.1.39703-001;Slac_ENSLPGG00000008996	0.0003983784087831898	5.146308428844976e-15	Aque_Aqu2.1.38824-001;Slac_ENSLPGG00000012471	0.0021069493728025235	0.00020102428853856525				Aque_Aqu2.1.44245-001;Slac_ENSLPGG00000013337	0.001577587927672461	0.0005019205673132531						
															Aque_Aqu2.1.25927-001;Slac_ENSLPGG00000006175	0.0021258234544837508	3.654587147996785e-05							Aque_Aqu2.1.40738-001;Slac_ENSLPGG00000007322	6.422305685693903e-13	6.036657345734564e-05	Aque_Aqu2.1.17816-001;Slac_ENSLPGG00000006271	1.1230267612856121e-05	2.6697465039007906e-06				Aque_Aqu2.1.39609-001;Slac_ENSLPGG00000024541	0.005048543726621941	0.000503280708932446	Aque_Aqu2.1.39703-001;Slac_ENSLPGG00000008996	0.0003983784087831898	2.383566135459776e-06				Aque_Aqu2.1.25867-001;Slac_ENSLPGG00000015112	0.0002352162877005849	0.00549930044633956						
															Aque_Aqu2.1.21070-001;Slac_ENSLPGG00000020792	2.2386106342208852e-10	0.008977458734928402							Aque_Aqu2.1.40333-001;Slac_ENSLPGG00000015465	0.0031842059137677505	8.000284071629496e-11	Aque_Aqu2.1.35056-001;Slac_ENSLPGG00000026207	0.002150578357557862	1.709069424870188e-05				Aque_Aqu2.1.43251-001;Slac_ENSLPGG00000023417	2.3451474142829946e-08	0.0020866515349768724	Aque_Aqu2.1.17816-001;Slac_ENSLPGG00000006271	0.004846158259488255	3.1018371628481413e-06				Aque_Aqu2.1.22423-001;Slac_ENSLPGG00000000564	0.003331405344316412	3.407158897655185e-05						
															Aque_Aqu2.1.32726-001;Slac_ENSLPGG00000007568	0.004071975590726553	0.0003309738114116406							Aque_Aqu2.1.34242-001;Slac_ENSLPGG00000003042	0.0065364222895709975	1.2844184899360897e-07	Aque_Aqu2.1.25933-001;Slac_ENSLPGG00000007953	0.00349277941307751	0.0014155101453730327				Aque_Aqu2.1.43251-001;Slac_ENSLPGG00000025032	2.3451474142829946e-08	0.0048544539686617314	Aque_Aqu2.1.35230-001;Slac_ENSLPGG00000012424	7.365437517835406e-11	2.7964854253012446e-07				Aque_Aqu2.1.42693-001;Slac_ENSLPGG00000012471	0.0018360592641156288	0.005559596267054266						
															Aque_Aqu2.1.43551-001;Slac_ENSLPGG00000007730	0.0005635633996396587	3.998399138806171e-213							Aque_Aqu2.1.38358-001;Slac_ENSLPGG00000012713	7.327555591269387e-05	0.00014886923356237738	Aque_Aqu2.1.44196-001;Slac_ENSLPGG00000010506	2.9679464678834445e-05	0.002698921680975058				Aque_Aqu2.1.22423-001;Slac_ENSLPGG00000008996	0.003331405344316412	5.146308428844976e-15	Aque_Aqu2.1.28453-001;Slac_ENSLPGG00000026946	1.0394247470338174e-05	0.0030641082345340387				Aque_Aqu2.1.37770-001;Slac_ENSLPGG00000007955	0.006518916636731035	0.0002833925610906631						
															Aque_Aqu2.1.42743-001;Slac_ENSLPGG00000008651	0.006174926946827125	0.005741617324088482							Aque_Aqu2.1.42693-001;Slac_ENSLPGG00000012471	0.009867365457725135	1.2256378781761784e-09	Aque_Aqu2.1.44104-001;Slac_ENSLPGG00000013154	3.4947931478476343e-10	0.0003774658561661878				Aque_Aqu2.1.40721-001;Slac_ENSLPGG00000007294	0.0002207593425700575	1.76671843861446e-14	Aque_Aqu2.1.25927-001;Slac_ENSLPGG00000006175	3.006102746387663e-11	0.003176804712407504				Aque_Aqu2.1.38683-001;Slac_ENSLPGG00000013337	0.0026556694445690667	0.0005019205673132531						
															Aque_Aqu2.1.43365-001;Slac_ENSLPGG00000022615	0.002191564312746992	8.834766943000045e-06							Aque_Aqu2.1.32920-001;Slac_ENSLPGG00000000696	0.0053703629895484675	5.830310343059631e-06	Aque_Aqu2.1.39162-001;Slac_ENSLPGG00000015888	1.1576352078665665e-55	0.0006916594577877405				Aque_Aqu2.1.38824-001;Slac_ENSLPGG00000000921	0.0021069493728025235	1.3554892344563593e-12	Aque_Aqu2.1.38824-001;Slac_ENSLPGG00000020470	0.0021069493728025235	0.005200025809404252				Aque_Aqu2.1.17816-001;Slac_ENSLPGG00000019065	0.004846158259488255	0.006927108559854214						
															Aque_Aqu2.1.38608-001;Slac_ENSLPGG00000025832	0.002152172874021064	6.706170504501269e-07							Aque_Aqu2.1.23690-001;Slac_ENSLPGG00000015631	0.0006620997331936333	8.896789141331552e-11	Aque_Aqu2.1.17699-001;Slac_ENSLPGG00000011232	2.155680306670325e-05	0.003325700561470039				Aque_Aqu2.1.43365-001;Slac_ENSLPGG00000022615	3.222386889950698e-07	6.345005279382766e-08	Aque_Aqu2.1.40905-001;Slac_ENSLPGG00000014308	2.293128987599471e-12	7.002579546961971e-06				Aque_Aqu2.1.37770-001;Slac_ENSLPGG00000015655	0.006518916636731035	0.002695603985851316						
															Aque_Aqu2.1.32726-001;Slac_ENSLPGG00000028356	0.004071975590726553	6.775257991661166e-05							Aque_Aqu2.1.44218-001;Slac_ENSLPGG00000007955	0.0017425631109025657	1.9750808972902473e-05	Aque_Aqu2.1.32920-001;Slac_ENSLPGG00000000696	0.0019696549996616733	5.830310343059631e-06				Aque_Aqu2.1.29899-001;Slac_ENSLPGG00000003184	0.0007872687199082818	5.435635391302434e-06	Aque_Aqu2.1.44139-001;Slac_ENSLPGG00000009116	0.0013345187120564206	0.0002502781468967871				Aque_Aqu2.1.24796-001;Slac_ENSLPGG00000028356	0.003967307296319479	0.008073199099584266						
															Aque_Aqu2.1.40997-001;Slac_ENSLPGG00000019726	3.056879980995244e-05	1.6706628061377998e-112							Aque_Aqu2.1.34138-001;Slac_ENSLPGG00000019065	1.2656438086926812e-05	7.25760385061524e-06	Aque_Aqu2.1.34274-001;Slac_ENSLPGG00000028356	0.00038915923158164457	2.097030126413491e-05				Aque_Aqu2.1.39703-001;Slac_ENSLPGG00000021186	0.0003983784087831898	2.1966675747781014e-45	Aque_Aqu2.1.42560-001;Slac_ENSLPGG00000015465	0.0008809471089720678	0.007944217172174807				Aque_Aqu2.1.42046-001;Slac_ENSLPGG00000028356	0.0050829425919056755	0.008073199099584266						
															Aque_Aqu2.1.24548-001;Slac_ENSLPGG00000012140	9.149078712360244e-05	0.0004543176273505883							Aque_Aqu2.1.36076-001;Slac_ENSLPGG00000010506	0.005164206410856717	0.002698921680975058	Aque_Aqu2.1.41092-001;Slac_ENSLPGG00000017935	2.646540504612954e-90	0.007641587714202316				Aque_Aqu2.1.22423-001;Slac_ENSLPGG00000021186	0.003331405344316412	2.1966675747781014e-45	Aque_Aqu2.1.25867-001;Slac_ENSLPGG00000012471	0.0002352162877005849	0.00020102428853856525				Aque_Aqu2.1.36606-001;Slac_ENSLPGG00000022031	6.429704257152719e-05	0.009696082349253645						
															Aque_Aqu2.1.17816-001;Slac_ENSLPGG00000019065	0.009367143325851741	3.1496785989591547e-07							Aque_Aqu2.1.07288-001;Slac_ENSLPGG00000017935	0.0003153131800253428	0.007641587714202316	Aque_Aqu2.1.37895-001;Slac_ENSLPGG00000022031	1.3041098546376117e-11	0.002785844823308992				Aque_Aqu2.1.25769-001;Slac_ENSLPGG00000008220	3.2643039449818794e-11	3.053105731426932e-24	Aque_Aqu2.1.29979-001;Slac_ENSLPGG00000004765	0.005096289705461217	5.6238260485352485e-05				Aque_Aqu2.1.42693-001;Slac_ENSLPGG00000015112	0.0018360592641156288	0.00549930044633956						
															Aque_Aqu2.1.23414-001;Slac_ENSLPGG00000012055	1.6439830959473454e-05	0.0013159312919552733							Aque_Aqu2.1.13800-001;Slac_ENSLPGG00000009267	5.35283082857658e-22	0.008176142790586937	Aque_Aqu2.1.17816-001;Slac_ENSLPGG00000019065	1.1230267612856121e-05	7.25760385061524e-06				Aque_Aqu2.1.42693-001;Slac_ENSLPGG00000026194	0.0018360592641156288	1.969891307800923e-05	Aque_Aqu2.1.39774-001;Slac_ENSLPGG00000002720	4.144077243426737e-05	0.003850984221015657				Aque_Aqu2.1.22423-001;Slac_ENSLPGG00000022557	0.003331405344316412	0.007685700758476869						
															Aque_Aqu2.1.33448-001;Slac_ENSLPGG00000009324	0.0009419018553175181	0.0016273209584915234							Aque_Aqu2.1.36076-001;Slac_ENSLPGG00000011588	0.005164206410856717	0.0036895935973833547	Aque_Aqu2.1.33612-001;Slac_ENSLPGG00000022031	2.364364427309774e-10	0.002785844823308992				Aque_Aqu2.1.36606-001;Slac_ENSLPGG00000021127	6.429704257152719e-05	1.5465846751523873e-05	Aque_Aqu2.1.28316-001;Slac_ENSLPGG00000002720	0.007704087900764999	0.003850984221015657				Aque_Aqu2.1.41049-001;Slac_ENSLPGG00000012055	0.007200126607303983	0.000889129280263582						
															Aque_Aqu2.1.38596-001;Slac_ENSLPGG00000027951	0.001542624236740881	0.0013402074915596252							Aque_Aqu2.1.42228-001;Slac_ENSLPGG00000017391	1.8546825134465816e-08	0.0005938302939968093	Aque_Aqu2.1.33047-001;Slac_ENSLPGG00000012296	1.344591319154037e-14	0.0063155438099113505				Aque_Aqu2.1.35253-001;Slac_ENSLPGG00000010273	3.5542328552532075e-13	1.6978492039766335e-05	Aque_Aqu2.1.25867-001;Slac_ENSLPGG00000020470	0.0002352162877005849	0.005200025809404252												
															Aque_Aqu2.1.44140-001;Slac_ENSLPGG00000009116	8.885562534779468e-10	1.3356495854071297e-16							Aque_Aqu2.1.27832-001;Slac_ENSLPGG00000015112	5.939276265577746e-23	0.007687888802854135	Aque_Aqu2.1.43980-001;Slac_ENSLPGG00000027245	0.009290738953083176	0.0001049131725186592				Aque_Aqu2.1.43353-001;Slac_ENSLPGG00000008404	3.8260820266303296e-05	7.970345011737681e-08	Aque_Aqu2.1.43959-001;Slac_ENSLPGG00000002720	0.004273556452371094	0.003850984221015657												
															Aque_Aqu2.1.23414-001;Slac_ENSLPGG00000002095	1.6439830959473454e-05	0.00728813826456845							Aque_Aqu2.1.17771-001;Slac_ENSLPGG00000019881	0.0007131963272339168	0.0006855679439890204	Aque_Aqu2.1.28489-001;Slac_ENSLPGG00000009116	4.787491920802856e-09	3.098026050711895e-06				Aque_Aqu2.1.17699-001;Slac_ENSLPGG00000011232	7.412677515333677e-05	0.006555123624105082	Aque_Aqu2.1.42693-001;Slac_ENSLPGG00000012471	0.0018360592641156288	0.00020102428853856525												
															Aque_Aqu2.1.38687-001;Slac_ENSLPGG00000023112	0.0012331680164132607	1.2280498929779551e-08							Aque_Aqu2.1.20504-001;Slac_ENSLPGG00000003738	0.004078444403214724	1.0526376784842143e-09	Aque_Aqu2.1.20517-001;Slac_ENSLPGG00000000696	0.00796912409351406	5.830310343059631e-06				Aque_Aqu2.1.40738-001;Slac_ENSLPGG00000012981	6.218782870818954e-08	3.9501074952680824e-13	Aque_Aqu2.1.25769-001;Slac_ENSLPGG00000008220	3.2643039449818794e-11	0.0008756707499995294												
															Aque_Aqu2.1.44104-001;Slac_ENSLPGG00000013804	0.004676700161059421	0.00037271070414575906							Aque_Aqu2.1.37895-001;Slac_ENSLPGG00000013283	1.8087908043811806e-10	0.00605935643426796	Aque_Aqu2.1.33047-001;Slac_ENSLPGG00000015112	1.344591319154037e-14	0.007687888802854135				Aque_Aqu2.1.44139-001;Slac_ENSLPGG00000009116	0.0013345187120564206	6.14592868531139e-18	Aque_Aqu2.1.20046-001;Slac_ENSLPGG00000010168	0.00911986550103098	0.009745588431718704												
															Aque_Aqu2.1.39703-001;Slac_ENSLPGG00000008996	8.926042219776161e-05	1.5171894313138206e-05							Aque_Aqu2.1.29918-001;Slac_ENSLPGG00000017733	0.0028807723158949684	0.002669192513835785	Aque_Aqu2.1.27832-001;Slac_ENSLPGG00000017427	5.884935948591738e-05	0.0037065549147303695				Aque_Aqu2.1.42077-001;Slac_ENSLPGG00000024184	2.5024776515125946e-13	1.806728932316378e-05	Aque_Aqu2.1.43967-001;Slac_ENSLPGG00000012713	0.0024218343419702515	0.006446863522926191												
															Aque_Aqu2.1.34441-001;Slac_ENSLPGG00000025832	0.0034208755669669134	6.706170504501269e-07							Aque_Aqu2.1.33049-001;Slac_ENSLPGG00000013461	0.0018092674105786527	9.882239640916073e-09	Aque_Aqu2.1.19903-001;Slac_ENSLPGG00000026963	9.575674530932877e-10	0.006800001343326557				Aque_Aqu2.1.26544-001;Slac_ENSLPGG00000008885	4.919226733692524e-08	0.0008636403966528122	Aque_Aqu2.1.17816-001;Slac_ENSLPGG00000019065	0.004846158259488255	0.002143493550466423												
															Aque_Aqu2.1.39703-001;Slac_ENSLPGG00000021186	8.926042219776161e-05	5.034074710478306e-19							Aque_Aqu2.1.04817-001;Slac_ENSLPGG00000016836	0.0008862807273552347	5.186576302702321e-08	Aque_Aqu2.1.37895-001;Slac_ENSLPGG00000013283	1.3041098546376117e-11	0.00605935643426796				Aque_Aqu2.1.41520-001;Slac_ENSLPGG00000020178	4.988517977277189e-10	0.0007400756194867412	Aque_Aqu2.1.37770-001;Slac_ENSLPGG00000015655	0.006518916636731035	3.02085994403222e-06												
															Aque_Aqu2.1.17816-001;Slac_ENSLPGG00000006271	0.009367143325851741	0.00010329686300105768							Aque_Aqu2.1.37598-001;Slac_ENSLPGG00000028356	0.0005995916502395086	2.097030126413491e-05	Aque_Aqu2.1.33612-001;Slac_ENSLPGG00000013283	2.364364427309774e-10	0.00605935643426796				Aque_Aqu2.1.35253-001;Slac_ENSLPGG00000026948	3.5542328552532075e-13	0.005553210951833313	Aque_Aqu2.1.37770-001;Slac_ENSLPGG00000007955	0.006518916636731035	0.000460771292544484												
															Aque_Aqu2.1.27287-001;Slac_ENSLPGG00000013677	7.155791969652081e-07	0.004489537272307406							Aque_Aqu2.1.34855-001;Slac_ENSLPGG00000015237	0.006370456502249983	4.544791557062927e-05	Aque_Aqu2.1.38808-001;Slac_ENSLPGG00000013616	0.00027962362973158996	0.0002948825463242736				Aque_Aqu2.1.42093-001;Slac_ENSLPGG00000009324	0.0006886285707111513	0.0003172531675215087	Aque_Aqu2.1.41049-001;Slac_ENSLPGG00000015888	0.007200126607303983	5.421831364350314e-05												
															Aque_Aqu2.1.29899-001;Slac_ENSLPGG00000003184	0.0019524998137374573	0.001403641674023249							Aque_Aqu2.1.27627-001;Slac_ENSLPGG00000019930	0.00010573484547607106	0.004965012481475406	Aque_Aqu2.1.23389-001;Slac_ENSLPGG00000015888	1.181117757917774e-23	0.0006916594577877405				Aque_Aqu2.1.41692-001;Slac_ENSLPGG00000028225	0.0001319903308633703	4.421597973650588e-05															
															Aque_Aqu2.1.43353-001;Slac_ENSLPGG00000008404	0.0009101416768829036	0.006904337093626863							Aque_Aqu2.1.35056-001;Slac_ENSLPGG00000026207	0.00011400801583888684	1.709069424870188e-05	Aque_Aqu2.1.29918-001;Slac_ENSLPGG00000017733	0.00024658544383960945	0.002669192513835785				Aque_Aqu2.1.41482-001;Slac_ENSLPGG00000006271	2.257130122823816e-08	3.732968551925518e-05															
															Aque_Aqu2.1.38596-001;Slac_ENSLPGG00000006266	0.001542624236740881	0.0004520465282776991							Aque_Aqu2.1.35998-001;Slac_ENSLPGG00000023112	6.231082991345739e-05	0.0003324703807620784	Aque_Aqu2.1.39761-001;Slac_ENSLPGG00000028345	0.00010091318994910643	0.0003933860879960206				Aque_Aqu2.1.29098-001;Slac_ENSLPGG00000015099	0.0022163606697167436	1.2070220763616555e-10															
															Aque_Aqu2.1.31586-001;Slac_ENSLPGG00000015099	0.0003103108205526201	8.28668605995311e-06							Aque_Aqu2.1.40738-001;Slac_ENSLPGG00000014205	6.422305685693903e-13	0.00040475230431505745	Aque_Aqu2.1.38596-001;Slac_ENSLPGG00000006266	4.915425379001228e-11	0.003619518626652102				Aque_Aqu2.1.41065-001;Slac_ENSLPGG00000020178	0.002433444354028677	0.0007400756194867412															
															Aque_Aqu2.1.38608-001;Slac_ENSLPGG00000021750	0.002152172874021064	0.0022021087756227053							Aque_Aqu2.1.42077-001;Slac_ENSLPGG00000024184	1.4577763006587152e-41	0.0017026938288687038	Aque_Aqu2.1.11170-001;Slac_ENSLPGG00000017935	6.638703732775192e-08	0.007641587714202316				Aque_Aqu2.1.36574-001;Slac_ENSLPGG00000019859	0.0004940940652812278	0.0011397536544584786															
															Aque_Aqu2.1.43551-001;Slac_ENSLPGG00000007525	0.0005635633996396587	3.5619051390972777e-23							Aque_Aqu2.1.41482-001;Slac_ENSLPGG00000019065	4.6297900363399465e-06	7.25760385061524e-06	Aque_Aqu2.1.22984-001;Slac_ENSLPGG00000003607	0.0015195175494377914	0.0006073337372162127				Aque_Aqu2.1.33635-001;Slac_ENSLPGG00000010273	0.00010669886911690847	1.6978492039766335e-05															
															Aque_Aqu2.1.30070-001;Slac_ENSLPGG00000017733	1.081345875323221e-06	0.00868834857877882							Aque_Aqu2.1.32726-001;Slac_ENSLPGG00000028356	0.00022197679807694346	2.097030126413491e-05	Aque_Aqu2.1.27832-001;Slac_ENSLPGG00000012296	5.884935948591738e-05	0.0063155438099113505				Aque_Aqu2.1.35253-001;Slac_ENSLPGG00000015112	3.5542328552532075e-13	0.0006787822325991016															
															Aque_Aqu2.1.34441-001;Slac_ENSLPGG00000021750	0.0034208755669669134	0.0022021087756227053							Aque_Aqu2.1.41459-001;Slac_ENSLPGG00000017935	1.5794802762380623e-08	0.007641587714202316	Aque_Aqu2.1.27832-001;Slac_ENSLPGG00000015112	5.884935948591738e-05	0.007687888802854135				Aque_Aqu2.1.17816-001;Slac_ENSLPGG00000019065	0.004846158259488255	3.613082416273542e-08															
															Aque_Aqu2.1.39987-001;Slac_ENSLPGG00000021479	0.003415456023007157	0.003708908431597192							Aque_Aqu2.1.19903-001;Slac_ENSLPGG00000026963	1.0420597908954395e-05	0.006800001343326557	Aque_Aqu2.1.44676-001;Slac_ENSLPGG00000011839	0.0015947909906532027	1.131525749686441e-05				Aque_Aqu2.1.44245-001;Slac_ENSLPGG00000013337	0.001577587927672461	2.325171919806384e-05															
															Aque_Aqu2.1.43551-001;Slac_ENSLPGG00000011839	0.0005635633996396587	3.187901163744036e-05							Aque_Aqu2.1.33047-001;Slac_ENSLPGG00000012471	0.0010141202311665274	1.2256378781761784e-09	Aque_Aqu2.1.43551-001;Slac_ENSLPGG00000011839	1.0046936470645059e-10	1.131525749686441e-05				Aque_Aqu2.1.33635-001;Slac_ENSLPGG00000026948	0.00010669886911690847	0.005553210951833313															
																								Aque_Aqu2.1.44196-001;Slac_ENSLPGG00000010506	0.0020109440133226236	0.002698921680975058	Aque_Aqu2.1.13800-001;Slac_ENSLPGG00000009267	0.0018692337907015642	0.008176142790586937				Aque_Aqu2.1.43267-001;Slac_ENSLPGG00000023417	3.1038449995845004e-09	0.0020866515349768724															
																								Aque_Aqu2.1.42693-001;Slac_ENSLPGG00000017427	0.009867365457725135	0.0037065549147303695	Aque_Aqu2.1.19922-001;Slac_ENSLPGG00000015888	1.1973175788444056e-06	0.0006916594577877405				Aque_Aqu2.1.35197-001;Slac_ENSLPGG00000023608	1.2879642783987652e-05	0.0002772107857814212															
																								Aque_Aqu2.1.37895-001;Slac_ENSLPGG00000022031	1.8087908043811806e-10	0.002785844823308992	Aque_Aqu2.1.36637-001;Slac_ENSLPGG00000006266	5.3289207745529136e-06	0.003619518626652102				Aque_Aqu2.1.43267-001;Slac_ENSLPGG00000025032	3.1038449995845004e-09	0.0048544539686617314															
																								Aque_Aqu2.1.23389-001;Slac_ENSLPGG00000015888	4.895083367936573e-18	0.0006916594577877405	Aque_Aqu2.1.25933-001;Slac_ENSLPGG00000004364	0.00349277941307751	0.0072277208934833324				Aque_Aqu2.1.25867-001;Slac_ENSLPGG00000010273	0.0002352162877005849	1.6978492039766335e-05															
																								Aque_Aqu2.1.25933-001;Slac_ENSLPGG00000004364	7.69935697219898e-05	0.0072277208934833324	Aque_Aqu2.1.30110-001;Slac_ENSLPGG00000017935	0.0009398165192983804	0.007641587714202316				Aque_Aqu2.1.38683-001;Slac_ENSLPGG00000013337	0.0026556694445690667	2.325171919806384e-05															
																								Aque_Aqu2.1.42223-001;Slac_ENSLPGG00000018075	0.007749014690456649	0.004219661479401974	Aque_Aqu2.1.26609-001;Slac_ENSLPGG00000002953	0.00941527972294942	0.0008670845443013531				Aque_Aqu2.1.42693-001;Slac_ENSLPGG00000012471	0.0018360592641156288	9.012536840606819e-20															
																								Aque_Aqu2.1.41999-001;Slac_ENSLPGG00000006077	0.006402651578408729	0.00010727391058043278	Aque_Aqu2.1.44676-001;Slac_ENSLPGG00000018987	0.0015947909906532027	0.00254613796527854				Aque_Aqu2.1.41098-001;Slac_ENSLPGG00000019900	0.007831012499676007	0.008330418155149743															
																								Aque_Aqu2.1.42631-001;Slac_ENSLPGG00000021750	0.00021754116331870318	0.007143211701726101	Aque_Aqu2.1.43551-001;Slac_ENSLPGG00000018987	1.0046936470645059e-10	0.00254613796527854				Aque_Aqu2.1.33635-001;Slac_ENSLPGG00000015112	0.00010669886911690847	0.0006787822325991016															
																								Aque_Aqu2.1.20511-001;Slac_ENSLPGG00000016836	1.5644696087407903e-10	5.186576302702321e-08							Aque_Aqu2.1.25867-001;Slac_ENSLPGG00000026948	0.0002352162877005849	0.005553210951833313															
																								Aque_Aqu2.1.29457-001;Slac_ENSLPGG00000018870	0.0002602620592656573	0.0064621030568216085							Aque_Aqu2.1.29979-001;Slac_ENSLPGG00000004765	0.005096289705461217	1.8540818407031797e-07															
																								Aque_Aqu2.1.38358-001;Slac_ENSLPGG00000027245	7.327555591269387e-05	0.0001049131725186592							Aque_Aqu2.1.20046-001;Slac_ENSLPGG00000010168	0.00911986550103098	2.6690275182235755e-10															
																								Aque_Aqu2.1.37101-001;Slac_ENSLPGG00000015112	6.194430517240804e-07	0.007687888802854135							Aque_Aqu2.1.44245-001;Slac_ENSLPGG00000020822	0.001577587927672461	0.0029706612980473957															
																								Aque_Aqu2.1.26984-001;Slac_ENSLPGG00000000391	0.009934338415239106	0.0006129685157230427							Aque_Aqu2.1.25769-001;Slac_ENSLPGG00000010973	3.2643039449818794e-11	0.0015368510063786963															
																								Aque_Aqu2.1.33047-001;Slac_ENSLPGG00000020470	0.0010141202311665274	3.423487626718001e-05							Aque_Aqu2.1.35781-001;Slac_ENSLPGG00000016523	0.0016572738315866653	0.00036903692952223847															
																								Aque_Aqu2.1.34855-001;Slac_ENSLPGG00000009214	0.006370456502249983	4.3702486611694656e-11							Aque_Aqu2.1.26973-001;Slac_ENSLPGG00000015112	1.8757648248382616e-05	0.0006787822325991016															
																								Aque_Aqu2.1.41092-001;Slac_ENSLPGG00000017935	5.064435843593467e-16	0.007641587714202316							Aque_Aqu2.1.41653-001;Slac_ENSLPGG00000016670	5.400992414490759e-06	0.00660496085584887															
																								Aque_Aqu2.1.36076-001;Slac_ENSLPGG00000013283	0.005164206410856717	0.00605935643426796							Aque_Aqu2.1.17816-001;Slac_ENSLPGG00000006271	0.004846158259488255	3.732968551925518e-05															
																								Aque_Aqu2.1.42631-001;Slac_ENSLPGG00000010137	0.00021754116331870318	0.001790020645015706							Aque_Aqu2.1.25867-001;Slac_ENSLPGG00000015112	0.0002352162877005849	0.0006787822325991016															
																								Aque_Aqu2.1.21828-001;Slac_ENSLPGG00000020173	0.0036240552202032933	0.0010613881201389775							Aque_Aqu2.1.41962-001;Slac_ENSLPGG00000008885	1.6536677389112207e-06	0.0008636403966528122															
																								Aque_Aqu2.1.19922-001;Slac_ENSLPGG00000015888	3.5383392068991633e-08	0.0006916594577877405							Aque_Aqu2.1.38683-001;Slac_ENSLPGG00000020822	0.0026556694445690667	0.0029706612980473957															
																								Aque_Aqu2.1.26609-001;Slac_ENSLPGG00000002953	0.0009397664730976341	0.0008670845443013531							Aque_Aqu2.1.38824-001;Slac_ENSLPGG00000015112	0.0021069493728025235	0.0006787822325991016															
																								Aque_Aqu2.1.43551-001;Slac_ENSLPGG00000011839	8.307475925357203e-08	1.131525749686441e-05							Aque_Aqu2.1.37770-001;Slac_ENSLPGG00000015655	0.006518916636731035	2.465938796218491e-05															
																								Aque_Aqu2.1.42693-001;Slac_ENSLPGG00000015112	0.009867365457725135	0.007687888802854135							Aque_Aqu2.1.35781-001;Slac_ENSLPGG00000007429	0.0016572738315866653	0.0024369279596928484															
																								Aque_Aqu2.1.36076-001;Slac_ENSLPGG00000022031	0.005164206410856717	0.002785844823308992							Aque_Aqu2.1.37770-001;Slac_ENSLPGG00000007955	0.006518916636731035	0.001201610886996087															
																								Aque_Aqu2.1.33047-001;Slac_ENSLPGG00000012296	0.0010141202311665274	0.0063155438099113505							Aque_Aqu2.1.41049-001;Slac_ENSLPGG00000015888	0.007200126607303983	7.523245071031996e-10															
																								Aque_Aqu2.1.38808-001;Slac_ENSLPGG00000013616	0.00823593499642325	0.0002948825463242736							Aque_Aqu2.1.42693-001;Slac_ENSLPGG00000026948	0.0018360592641156288	0.005553210951833313															
																								Aque_Aqu2.1.33047-001;Slac_ENSLPGG00000015112	0.0010141202311665274	0.007687888802854135							Aque_Aqu2.1.42693-001;Slac_ENSLPGG00000015112	0.0018360592641156288	0.0006787822325991016															
																								Aque_Aqu2.1.43551-001;Slac_ENSLPGG00000018987	8.307475925357203e-08	0.00254613796527854																								
