	Aque_0	Aque_1	Aque_10	Aque_11	Aque_12	Aque_13	Aque_14	Aque_15	Aque_16	Aque_17	Aque_18	Aque_19	Aque_2	Aque_20	Aque_21	Aque_22	Aque_23	Aque_24	Aque_25	Aque_26	Aque_3	Aque_4	Aque_5	Aque_6	Aque_7	Aque_8	Aque_9	Slac_0	Slac_1	Slac_10	Slac_11	Slac_12	Slac_13	Slac_14	Slac_15	Slac_16	Slac_17	Slac_18	Slac_19	Slac_2	Slac_20	Slac_21	Slac_22	Slac_23	Slac_24	Slac_25	Slac_26	Slac_27	Slac_28	Slac_3	Slac_4	Slac_5	Slac_6	Slac_7	Slac_8	Slac_9	Scil_0	Scil_1	Scil_10	Scil_11	Scil_12	Scil_13	Scil_14	Scil_15	Scil_16	Scil_17	Scil_18	Scil_19	Scil_2	Scil_20	Scil_21	Scil_22	Scil_23	Scil_24	Scil_25	Scil_26	Scil_27	Scil_28	Scil_29	Scil_3	Scil_30	Scil_31	Scil_32	Scil_33	Scil_34	Scil_35	Scil_36	Scil_37	Scil_38	Scil_4	Scil_5	Scil_6	Scil_7	Scil_8	Scil_9
Aque_0	0.0	0.0	0.0	0.0	0.0	0.0	0.0	0.0	0.0	0.0	0.0	0.0	0.0	0.0	0.0	0.0	0.0	0.0	0.0	0.0	0.0	0.0	0.0	0.0	0.0	0.0	0.0	0.3601178000618733	0.028882879575814806	0.012490097494199532	0.0002895346451168054	0.0	0.01853234316651551	0.0	0.0	0.000364540624719768	0.0057730754236505755	0.01884833202069771	0.0005417107655616505	0.0	0.5851773631915883	0.47964975069067395	0.12738494151888913	0.1471035968544888	0.0	0.013997273077996048	0.004160913587289412	0.0009389075991373232	0.0009436760834909654	0.16623073518843937	0.0011554498207314754	0.0	0.00036441024266540997	0.2554868591142688	0.023920724788950472	0.0007768287099767384	0.011275794891685124	0.0006479145926198826	0.0015645236131475878	0.04605382613428084	0.03971981976349396	0.18360380660620773	0.00559764396629307	0.0033708605865330164	0.009015381241072302	0.01181108889103735	0.009921223025889093	0.022383318665868634	0.1428214594080512	0.012330105519034091	0.056783431552489196	0.005882860058810281	0.0	0.0	0.04197291017602982	0.00039320184524293145	0.0	0.00034068327641923667	0.0011058638899558062	0.14695731115911528	0.007940678659263123	0.06715876882257316	0.08274277436938354	0.0	0.0	0.0	8.652046728673283e-05	0.09848387094852767	0.000818915086401263	0.011313114916271714	0.014830321447585509	0.00416002537061228	0.02098878205814276	0.010335898849954608	0.06002574107890727
Aque_1	0.0	0.0	0.0	0.0	0.0	0.0	0.0	0.0	0.0	0.0	0.0	0.0	0.0	0.0	0.0	0.0	0.0	0.0	0.0	0.0	0.0	0.0	0.0	0.0	0.0	0.0	0.0	0.6051581277794792	0.005088999690277391	0.6839917060871781	0.0	0.03401155876918339	0.0018524134242387425	0.0	0.0	0.005529672928598939	0.08400031994089577	0.055164238595478185	8.819846974864138e-05	0.0	0.5513452154700854	0.5591894741877709	0.19236206089528185	0.04877906657801516	0.0007440397173107242	0.4816034925004228	0.006592033232711539	0.0	0.049431581398440186	0.08574565953670321	0.0	0.0	0.0	0.07921435670826057	0.014979230179718403	0.0	0.2547794243338134	0.0	0.00010399814328830015	0.36997006905197105	0.34112794076054753	0.4055881488514915	0.0013432565339609411	0.0006910504339588305	0.415241283810062	0.15796543191467902	0.2619817068318443	0.0	0.7716384460060097	0.005322179599865702	0.14581549113930375	0.0014590804408388116	0.0	0.0	0.018683427876435496	0.09597358523150744	0.024310869585514053	0.01957066725835325	0.06097964254733722	0.5320691553344201	0.0194936565613622	0.0008125862799608719	0.0237161545193025	0.0	0.0	0.0	0.0	0.04027066433868797	0.0	0.5731359478514151	0.007212914903925903	0.27703450518154915	0.013435590546837985	0.15612123357688454	0.5728218302268199
Aque_10	0.0	0.0	0.0	0.0	0.0	0.0	0.0	0.0	0.0	0.0	0.0	0.0	0.0	0.0	0.0	0.0	0.0	0.0	0.0	0.0	0.0	0.0	0.0	0.0	0.0	0.0	0.0	0.0012486008861666547	0.19394799491887935	0.0009263157232218243	0.04647296234082087	0.003454621919960872	0.08753104831326261	0.011611400948368449	0.053018202251554625	0.0	0.008296755198257727	0.0	0.0640032950310206	0.07898721940787198	0.0	0.0	0.006118801025670643	0.0022566842394155643	0.0	0.00038334248880971726	0.0	0.0	0.0	0.0	0.07962071398419387	0.20941050198963249	0.013225842290795906	0.015768452661644127	0.0	0.17898900823623487	0.0	0.015054484355227587	0.06359260385379294	0.0013018155007795782	0.0	0.005044771618439381	0.012946590872115402	0.002908633944061769	0.0	0.0021468866370648694	0.017366960734707705	0.047672747044704436	0.0	0.0	0.01258992490237068	0.00424550804280106	0.08020519966004673	0.2026381034506915	0.0	0.0	0.0	0.0	0.0	0.0	0.0	0.0	0.029287594920667424	0.006443592204622381	0.014968829163591147	0.2220906329352957	0.0	0.0	0.004405824039085324	7.445091868500504e-05	0.018880116504515623	0.0	0.025366927264546153	0.00041475463053109753	0.0014779200980209913
Aque_11	0.0	0.0	0.0	0.0	0.0	0.0	0.0	0.0	0.0	0.0	0.0	0.0	0.0	0.0	0.0	0.0	0.0	0.0	0.0	0.0	0.0	0.0	0.0	0.0	0.0	0.0	0.0	0.6503729536767333	0.013477838022282463	0.04903897996101889	0.0	0.0	0.0018192679753041394	0.0	0.0	0.05071604069705067	0.002124052502467201	0.4230458807990135	0.0	0.0	0.029261605795315226	0.7376330840912957	0.0003396042818319559	0.011185295022157834	0.0	0.017509250151933657	0.01582805631551249	0.00128490504674004	0.0012152771823592929	0.0018695459203514268	0.0	0.0	0.0	0.009927538522815863	0.0007793901379513377	0.00015479310742968312	0.016793690279967306	0.0	0.00027696008219021116	0.02493925604394388	0.01674188656716026	0.0038213655564593475	0.0003830460244722578	0.0005850089513554419	0.00829238930586569	0.0024675635875980894	0.0041622587398784956	0.0	0.020363770250063064	0.5606366498480067	0.018525110733761948	0.0007182810156553004	0.0	0.0	0.02573427668597849	0.0049199147330600546	0.0007426674722605608	0.060337453029900734	0.0009103700555402322	0.02264136372142868	0.001750460999893485	0.14378425482208773	0.004245383334745381	0.0	5.672323981960277e-05	0.0001992219695912618	0.0	0.0	0.0	0.003757174939064052	0.005324797326528205	0.008277209565217379	0.0019340607702311014	0.0027291361055733912	0.025496097709964693
Aque_12	0.0	0.0	0.0	0.0	0.0	0.0	0.0	0.0	0.0	0.0	0.0	0.0	0.0	0.0	0.0	0.0	0.0	0.0	0.0	0.0	0.0	0.0	0.0	0.0	0.0	0.0	0.0	0.08077756793338153	0.06604570314979036	0.007152538798864687	0.005634286089633576	0.0012750212422184561	0.021553703114215443	0.0	0.0	0.31105552499017464	0.07845501688597659	0.12802045298458117	0.013169213802654544	0.003005115448373779	0.003807511740765432	0.0	0.0002528953314416318	0.0016928338039169145	0.2572811553939207	0.0006376380493622574	0.0103937495704911	0.21130216527500228	0.001624328636881453	0.06049749272102865	0.1009380809587019	0.0019509569850992277	0.0027883317497976673	0.42078473155541696	0.00935690028910451	0.030261709730345025	0.006106773174940858	0.000504396191374116	0.00206138643814161	0.000740855131694712	0.0029197248487584015	0.002210103290937685	0.0028318302239838224	0.0017130513951079027	0.00037884908142634077	0.00014577584058830294	0.0009491989472474446	0.006970273411671722	0.0	0.43894700729535785	0.0023629599286932373	0.0021800193672277786	0.027635911547787866	0.05284744392582248	0.0003852482301510486	8.315546072334347e-05	0.00043803734215429357	0.003793823227198448	0.001331804151473443	0.0022301829918235424	0.0023708237865026323	0.0001224703107704194	0.004561037052975801	0.01493478214647068	0.0005463918696675263	0.0014557432076564528	0.0	0.0	0.0	0.0005771509356344701	0.0004577924461429591	0.0	0.00010585179945511685	0.0033270171272451543	0.00022233360486010237
Aque_13	0.0	0.0	0.0	0.0	0.0	0.0	0.0	0.0	0.0	0.0	0.0	0.0	0.0	0.0	0.0	0.0	0.0	0.0	0.0	0.0	0.0	0.0	0.0	0.0	0.0	0.0	0.0	0.00214903265124924	0.4260626423144325	0.0	0.2246055330076569	0.0	0.1814472454168639	0.08354532561756922	0.3521888180851548	0.0	0.0	0.0	0.11911205689723223	0.47264988517065587	0.0	0.0	0.0040175792159041525	0.004098322916778448	0.0	0.0	0.0	0.0	0.0	0.003279950424880942	0.4583102813186513	0.5750440737820258	0.21342938679418227	0.0203178284958211	0.01633604095747785	0.25103376431899665	0.0	0.206708373176096	0.2807553102753408	0.0	0.0	0.0	0.06777370715904017	0.17434155270143464	0.0	0.029457009605496264	0.0	0.05076379033047089	0.0	0.0	0.11471477508135464	0.1023969073080365	0.007327483045247633	0.0698888891998655	0.024368742870578435	0.0	0.0	0.0	0.0	0.00034149794444057936	0.0	0.0	0.0018542437297884924	0.0	0.02743279720528342	0.03759335697916506	0.002686553401952685	0.0	0.007970916622687545	0.0	0.2458171576314855	0.0	0.39818476825247795	0.0009655469772463394	0.0
Aque_14	0.0	0.0	0.0	0.0	0.0	0.0	0.0	0.0	0.0	0.0	0.0	0.0	0.0	0.0	0.0	0.0	0.0	0.0	0.0	0.0	0.0	0.0	0.0	0.0	0.0	0.0	0.0	0.00016739509462785292	0.019822522196242327	0.003633025426557189	0.003921806564882834	0.37686537692103456	0.0036287808614156743	0.004395664078218674	0.0035037519382675	0.00021947309878256473	0.009406219154989598	0.0024951937986274616	8.872665397344825e-05	0.012524240003498801	0.001425007172901575	0.0	0.0011686116473428126	0.005140055048871002	0.0027401355255081395	0.00019290342806632554	0.0	0.0	0.0	0.836059398548076	0.03296600229497718	0.09381538963520282	0.017535844338902852	0.005530664440800371	0.47918727875391554	0.0033183991722892095	0.0035333813162006567	0.0022540832604426085	0.13791780635267642	0.022232743208739133	0.0033196504712706882	0.0095519054181966	0.003543528385210528	0.0013093621646569297	0.00025405180216858724	0.007230716055979176	0.02588743759207479	0.026557399974070334	0.0	0.00017037638585720607	0.017996714185049594	0.005869329880957086	0.007945842182821811	0.0	0.03872016281651504	0.00021133496965654335	0.00027085041714197255	0.0008072399859996131	0.03012757031926211	0.0006702307855120196	0.12260769223387893	0.0	0.00027098401200340586	0.017416616642969996	0.039746109884499684	0.0014959762990303881	0.013635444270115505	0.00040332573635116413	0.0013378748098419476	0.0009936720381128188	0.006093385167334106	0.0047851280020467886	0.009917548357012777	0.027037960677657458	0.012330244457620437
Aque_15	0.0	0.0	0.0	0.0	0.0	0.0	0.0	0.0	0.0	0.0	0.0	0.0	0.0	0.0	0.0	0.0	0.0	0.0	0.0	0.0	0.0	0.0	0.0	0.0	0.0	0.0	0.0	0.0011066823033942413	0.02594370225821575	0.0	0.030478808883273933	0.0	0.004980648334404722	0.01590122967511213	0.018819848831443144	0.0	0.01676475982619856	0.0003997126633816306	0.0012960035755842669	0.10434659964994966	0.0	0.0	0.0	0.0015176332255374373	0.01857944132164593	0.0	0.0	0.0	0.0016255815665387123	0.0	0.2267076649835134	0.06324796015949077	0.03909516951907373	0.040577913500576414	0.0033335129507723986	0.024468779819514452	0.0	0.043157061402537375	0.011977596807546679	0.002817479640916494	0.031701351253825186	0.0	0.015575270026009969	0.026353837381144506	0.0	0.0031009520222793742	0.0010687595817744288	0.010569019982817502	0.0	0.0018588282789815502	0.007268338731540039	0.018303983040892466	0.048320703587716604	0.2702065357797066	0.0	0.0	0.0	0.0003560492976293247	0.0	0.0	0.0	0.0	0.0008919260314173888	0.0005229478516667034	0.000551755936412873	0.007529727562593498	0.0	0.0	0.0012738623235895568	0.0	0.012497781677006837	0.0	0.0	0.0008545751272440748	0.0
Aque_16	0.0	0.0	0.0	0.0	0.0	0.0	0.0	0.0	0.0	0.0	0.0	0.0	0.0	0.0	0.0	0.0	0.0	0.0	0.0	0.0	0.0	0.0	0.0	0.0	0.0	0.0	0.0	0.001406369907542487	0.027329751278661968	0.007764633734870084	0.004488087314360978	0.0014099252935354909	0.0021438952724544486	0.0	0.5856726666138662	0.00019965607844958183	0.027940056663935824	0.0011824887445368382	0.00039554232087895565	0.0002133875946373327	0.0	0.0	0.0008118229184280434	0.0002799473133612448	0.10217222379353641	0.0003127982183558913	0.0027149011022602155	0.001261179995288781	0.0009163986608512252	0.003134708160616748	0.03142313385226225	0.0025316391086993113	0.003689284951660736	0.026142200144462602	0.0006734576047513262	0.0019142545189977911	0.0	0.0005528681097357047	0.0	0.008782512886880318	0.0	0.0051562832983378685	0.0017967091886549353	0.0011683848128666995	0.0	0.012233092173673504	0.003041712921095538	0.007514950645921496	0.0	0.0019067466852209745	0.0019132263507979255	0.020571100863824094	0.0	0.007001037380263568	0.0001267738449852957	4.489190785055545e-05	0.0	0.0027260135114079527	0.0	0.0008523068172367502	0.0003748586416125848	0.0	0.0	0.022313765704135652	0.0	0.0061271769715625654	0.0	0.0	0.0	8.760085047685234e-05	0.005187372285136063	0.001456135588813852	0.0014009301851641194	0.01518483051264087	0.0
Aque_17	0.0	0.0	0.0	0.0	0.0	0.0	0.0	0.0	0.0	0.0	0.0	0.0	0.0	0.0	0.0	0.0	0.0	0.0	0.0	0.0	0.0	0.0	0.0	0.0	0.0	0.0	0.0	0.0	0.011259875588437532	0.0	0.0002704982935162716	0.02097917207271813	0.00164134717449839	0.0010110013360689742	0.0028469785293717244	0.0	5.307853874566612e-05	0.0006589330409725109	0.0010988607030584874	0.0013070835008518582	0.001278448410622095	0.000377761740877414	0.0	0.00022712393170043493	0.0	0.00010602468818635638	0.0	0.0	0.0	0.5300388646209099	0.009205974134918509	0.0019645016551561216	0.001127645729003548	0.00474680249929926	0.4296422464283314	0.0199852642242196	0.0005205845640427781	0.0009238025608900143	0.0564111743085168	0.0007129814591836983	0.0031186954973940707	0.04490647050757689	0.0009596950632753145	0.007298818852873969	0.00029457556499655637	0.0028705967562662055	0.03289984913309152	0.0034586650776433185	0.0005736921912922728	0.00040577853065752457	0.0804105029533905	0.0016528501706750721	0.012659343747180783	0.00010189456697589968	0.007358150447268288	0.0	0.0006283583626970267	0.0	0.2417297602461279	0.0002892532728859098	0.02180602817119029	0.0	0.0	0.00021936321751213927	0.06462557791360281	0.0	0.19322722979028786	0.0	0.0	0.0005893699415372875	0.004280711959779521	0.01279320134228699	0.03593180945037352	0.0010622585314420507	0.024210389716801138
Aque_18	0.0	0.0	0.0	0.0	0.0	0.0	0.0	0.0	0.0	0.0	0.0	0.0	0.0	0.0	0.0	0.0	0.0	0.0	0.0	0.0	0.0	0.0	0.0	0.0	0.0	0.0	0.0	0.0035226574126899293	0.0024546823041520075	0.5350576259244804	0.21368291182003726	0.6384845612924863	0.0	0.26187061650834054	0.08242358528842889	0.013539612338884796	0.25337079495660497	0.0030866878213601096	8.67954187979903e-05	0.4351745204787689	0.00985389455855756	0.0	0.0021686877351492777	0.1858133093724716	0.043446404746624825	0.14044643783758887	0.01151934404758352	0.0	0.13334214752028378	0.001448140068458347	0.13109386283870014	0.12796325215713583	0.49554074044908153	0.00012162326594175418	8.902050994536824e-05	0.008458419844605016	0.42377151761421794	0.0	0.000977187854095712	0.046311557109185456	0.11193447009349447	0.02348942879229262	0.01004034607626084	0.0009499142047052055	0.05328467937453003	0.03300488347498974	0.11856317748403508	0.025415780519032937	0.0865402460235574	0.005193887753054149	0.004392741792558276	0.027213372612876173	0.0	0.0	0.028112499556264537	0.06972011917269408	0.27081106399817184	0.0003864396346812133	0.08746403701213665	0.07934802089411822	0.011964230353350359	0.0	0.0015616904540405878	0.058935846937385704	0.0007423053409060549	0.0006880510106199956	6.82017072762789e-05	0.0	0.0	0.2582026406415799	0.0020416846861420696	0.14089877808533618	0.0004377083199745593	0.5075479762483067	0.11328585404673326
Aque_19	0.0	0.0	0.0	0.0	0.0	0.0	0.0	0.0	0.0	0.0	0.0	0.0	0.0	0.0	0.0	0.0	0.0	0.0	0.0	0.0	0.0	0.0	0.0	0.0	0.0	0.0	0.0	0.0	0.028178543754256196	0.0058614719559287164	0.012430344632669815	0.0043092955952190575	0.0015115852149052064	0.009080805056845115	0.009254074794110206	0.0	0.026328278263216025	0.0003551663072416784	0.0017177894557146446	0.06435726210120933	0.0	0.0	0.0	0.0034210056892673554	0.003296707818277931	0.0009226651237917345	0.0	0.0	0.0	0.0001535379598830774	0.120589634321093	0.07745703233475584	0.06782302318076465	0.00538525617495683	0.002030417835558305	0.008313061183035122	0.0007665281299114501	0.0035184490654809877	0.0007606350530660959	0.0016083556476181424	0.00025964170727856093	0.001131341865552272	0.0021585102503736634	0.001063631736490927	0.0	0.0013828079254315988	0.003397453271456386	0.029841357429296233	0.0	0.002355949678910529	0.0012938419651581663	0.006267099375980184	0.01108966685121039	0.017882919277500315	0.0005101973061264256	0.0	0.0	0.004655806436939281	0.0	0.00010921240366922342	0.00016875572406300238	0.0001957740781055674	0.0023060886985312038	0.008415136857578009	0.00021305898241219716	0.002269687280056207	0.0	0.0	0.0	0.0	0.004528188486828962	0.00010163776404782919	0.0030087588807070982	0.003698130126425882	0.01023398030245637
Aque_2	0.0	0.0	0.0	0.0	0.0	0.0	0.0	0.0	0.0	0.0	0.0	0.0	0.0	0.0	0.0	0.0	0.0	0.0	0.0	0.0	0.0	0.0	0.0	0.0	0.0	0.0	0.0	0.3575652945954936	0.00950203532118014	0.12478242085689266	0.0	0.04612962535401885	0.0035668024756354256	0.0	0.0	0.002490136163091833	0.2781428869401215	0.2395747195003723	0.0	0.0	0.8269089336886182	0.2387861331115626	0.1295912966945401	0.10223799528816721	0.0	0.03140740055542442	0.0	0.0	0.03666544879314418	0.3845213614220995	0.00018249474958097417	0.0	0.00014857520932492644	0.3644195355159464	0.016666815283332158	0.0	0.27663260931877887	0.0	0.0005170906298283467	0.24491934743928714	0.166771676514681	0.03875379721929855	0.003537948230387418	0.0011190318352239101	0.19098265746240953	0.11125874028013465	0.03750500298539261	0.016630046450014382	0.630413096991602	0.013249211482523834	0.04140647640012194	0.0	0.0	0.0	0.05316935191889027	0.08393878072252729	0.02594402662347267	0.007691278174228768	0.1633215626301532	0.29576095815225795	0.04782339536836562	0.10279131936765204	0.08482654516123748	0.0033881700821773745	0.0005348944350868158	0.0	0.00017822298325376575	0.04944619418195455	0.0016801638963201936	0.24370686977024275	0.0014281691336719405	0.3516894315036699	0.0034396550550903583	0.06471732321078905	0.1614080525697436
Aque_20	0.0	0.0	0.0	0.0	0.0	0.0	0.0	0.0	0.0	0.0	0.0	0.0	0.0	0.0	0.0	0.0	0.0	0.0	0.0	0.0	0.0	0.0	0.0	0.0	0.0	0.0	0.0	0.0	0.27606655571243766	0.0	0.0	0.0	0.10097775145326382	0.0	0.004930176764854284	0.0	0.0006924469166060559	0.0	0.07568689788890265	0.0	0.0	0.0	0.0	0.0	0.0	0.0	0.0	0.0	0.0	0.0	0.06880615848853684	0.025729008368308205	0.0	0.0	0.0	0.21672237606202205	0.0	0.0658815791401658	0.04318180856897266	0.0	0.008755775828332962	0.0	0.01891732140125304	0.09030230773133573	0.0	0.008640916372156594	0.006367446486559046	0.0	0.0	0.0	0.023047939292348857	0.00012147795677854351	0.04622157019456935	0.16743326687505747	0.0	0.0	0.0	0.0	0.0	0.0	0.0	0.0	0.0036080009417056823	0.0	0.015984433241475728	0.21968320716166007	0.0	0.0	0.0	0.0	0.018933473259882417	0.0	0.19914508797353586	0.0	0.0
Aque_21	0.0	0.0	0.0	0.0	0.0	0.0	0.0	0.0	0.0	0.0	0.0	0.0	0.0	0.0	0.0	0.0	0.0	0.0	0.0	0.0	0.0	0.0	0.0	0.0	0.0	0.0	0.0	0.006748382226359257	0.005625087290423032	0.0506193718188621	0.0001786816932863523	0.027063349952506498	0.0020777791727374603	0.0	0.0	0.008597843487003267	0.0013431035170058502	0.01825529048818788	0.0	0.007070347163418642	0.004138574563807756	0.00028680339055731487	0.0	0.0003419891722821779	0.0	0.0	0.0012684522728407437	0.0	0.0	0.011159419584943053	0.0	0.0	0.011202886694797454	0.0326757122312254	0.008403126700199475	0.0007522998998139695	0.005667456306175076	0.0	0.0	0.009636224985327676	0.008566079081736212	5.335206716335376e-05	0.00025769051455468373	0.0	0.0040479229374713235	0.01783025412321074	0.006803207101290137	0.00024879890688156577	0.0	0.004468195814949815	0.0003660535559789224	0.0014503220518283194	0.0	0.0	0.0018288924238023432	0.0019332065766645532	0.003119159345025604	0.0	0.0006791343259024407	0.007519921520487196	0.0009366610710826462	0.0004423381714340932	0.0	0.0001751242107144357	0.0	0.0	0.0	0.0	0.0	0.007805557979838167	0.0025743165113124447	0.009939452090635936	0.0003777079564661838	0.015381060631146262	0.03856053345843877
Aque_22	0.0	0.0	0.0	0.0	0.0	0.0	0.0	0.0	0.0	0.0	0.0	0.0	0.0	0.0	0.0	0.0	0.0	0.0	0.0	0.0	0.0	0.0	0.0	0.0	0.0	0.0	0.0	0.028798593308276832	0.004437301923823489	0.011031405506134365	0.01524668621417757	0.0037463991788716324	0.0010403595033478138	0.0	0.0	0.00040167134032208777	0.0006246004909368952	0.019075792184556333	0.0	0.0	0.0028362085787728233	0.001858973472313462	0.00511374394067744	0.34310066011491724	0.00013397004630492942	0.0	0.0059345956313550845	0.0	0.0	0.011126450382774879	0.0017126726051780335	0.0002337983628983868	0.00017689300348208708	0.00111052527754443	0.0013019951908277072	0.0013967407167034447	0.025385462845767103	0.0	0.00012433016914732467	0.02513039993152154	0.0015935524275219478	0.0	0.0034569743760652625	0.0	0.003452268048029548	0.001123917803354932	0.0003123509740542473	0.0014235736303283611	0.001179653547175271	0.005844324575873596	0.0010798620083275834	0.005493625974258507	0.0015553225993882864	0.0	0.006527038909012392	0.0021135083227462477	0.0007900614056283943	0.04939590667198696	0.001785600646331327	0.0036985582447986963	0.001845118263570169	0.024858604338919586	0.0016570235487171569	0.0034529581239517693	0.0	0.0	0.0	0.0	0.0004983206981512289	0.003954109497666794	0.0015255136760305497	0.0010898097164732242	0.0	0.0008546671162789614	0.010100084778354581
Aque_23	0.0	0.0	0.0	0.0	0.0	0.0	0.0	0.0	0.0	0.0	0.0	0.0	0.0	0.0	0.0	0.0	0.0	0.0	0.0	0.0	0.0	0.0	0.0	0.0	0.0	0.0	0.0	0.01973130113242858	0.36919207287962635	9.933714956257122e-05	0.0029473015140720413	0.00024809877707359263	0.15825957927839213	0.0010574537568551418	0.022355803432094593	0.0007954572289173509	0.0006766697585387233	0.0011608038829003082	0.0580577063954665	0.01885147764019976	0.0	0.0	0.0	0.0	0.0007120374870783655	0.0	0.0024905314614806382	0.0	0.0	0.05462730846060915	0.01081311292447549	0.04597272801669439	0.002683145235240962	0.0844638825992029	0.007491101907902395	0.03855676460382731	0.000837266666473722	0.02290984892335369	0.033774914822201234	0.0027625486949955412	0.000577542282297295	0.0006359611654669494	0.0	0.008472078419021457	0.0	0.007515288125571793	0.00016200960392465777	0.0069635341721349135	0.0	0.004185394700120434	0.023094518502063337	0.011842935128014938	0.0	0.0	0.021415666775052182	0.0003036272700404294	0.0	0.0	0.0003451593425496309	0.011725560826833497	0.001978382636368463	0.0	0.0	0.0	0.0017519542367771177	0.0	0.006711750207276793	0.0	0.0	0.0011560632280887087	0.022049817444313027	0.0	0.21854191664362807	0.0006967092041248453	0.0
Aque_24	0.0	0.0	0.0	0.0	0.0	0.0	0.0	0.0	0.0	0.0	0.0	0.0	0.0	0.0	0.0	0.0	0.0	0.0	0.0	0.0	0.0	0.0	0.0	0.0	0.0	0.0	0.0	0.002195134491720003	0.0	0.0	0.0	0.004156590286466113	0.0	0.0	0.0	0.0	0.006705546855367915	0.0012519385197301979	0.0	0.0	0.11744936590029442	0.0006274519816431591	0.0	0.0005157459371368372	0.0	0.0	0.00037388997761791525	0.0	0.0	0.3431770156388565	0.0	0.0	0.0	0.01973981471825631	0.0	0.0	0.004679087266129726	0.0	0.0	0.0017077666059774298	0.0010788269086757997	0.0017472664114929488	0.0	0.0002607758438282513	0.00048130396269028516	0.00046011255078373095	0.004788816468856355	0.0	0.009764241599579124	0.0	0.0	6.166564657555665e-05	0.0	0.0	0.0	0.0	0.0	0.0	0.18408728504830527	0.017391783636153617	0.017304973450454213	0.0	0.0004699368500720301	0.0	0.00019395427973305078	0.0	0.0036462141809456713	0.0011156138534931172	0.0	0.005708873845988201	0.00011105961016668277	0.012527158933020626	0.0	0.0019445110059579406	0.011088076783181395
Aque_25	0.0	0.0	0.0	0.0	0.0	0.0	0.0	0.0	0.0	0.0	0.0	0.0	0.0	0.0	0.0	0.0	0.0	0.0	0.0	0.0	0.0	0.0	0.0	0.0	0.0	0.0	0.0	0.13532520041280832	0.026829719582943105	0.0040161859283506665	0.0	0.0022647088797839794	0.0003402697106397783	0.00012396964307515452	0.0001486583229600153	0.2534555551047312	0.00047988064818928807	0.024853488321747132	0.0	0.0	0.0	0.0004649070162710328	0.0	0.0	0.0	0.0006606995989087753	0.001918932223752273	0.000447529836029648	0.0	0.005941725833823101	0.0002040655290187281	0.0	0.0002956794989685623	0.016087388206406827	0.00030737890281625657	0.0	0.005382891410256814	0.0	0.0	0.00017004003509822916	0.0	8.691577465709364e-05	0.0	0.0	0.0	0.0	6.811211612456648e-05	0.000235802474485534	0.0	0.42352497219554275	0.0	0.0008209867863375426	0.0	0.0	0.0	0.0	0.0	0.00046906456335092184	0.0	0.018065345309850538	0.0	0.006007047919588901	0.0	0.0	9.415275515149285e-05	0.0	0.0	0.0	0.0	0.0	0.00028507423302625716	0.012708447282038788	0.0	0.013761017164840714	0.0
Aque_26	0.0	0.0	0.0	0.0	0.0	0.0	0.0	0.0	0.0	0.0	0.0	0.0	0.0	0.0	0.0	0.0	0.0	0.0	0.0	0.0	0.0	0.0	0.0	0.0	0.0	0.0	0.0	0.02362567420717333	0.044244947579357735	0.0	0.004180400416680115	0.0	0.004968400117416722	0.0006959377390321788	0.0	0.0	0.006004634920651898	0.014249020438692233	0.0	0.0016135189882002371	0.0	0.0	0.0	0.0	0.0	0.0	0.0	0.0	0.0	0.05033977158469323	0.008675273775060189	0.0015877848801174523	0.003360987329709865	0.08415095949538286	0.0031076508305431364	0.0028262812391573176	0.004357209468311866	0.0	0.0	0.007401457167510212	0.001984967430081177	0.0003865579048104584	0.005367990360313187	0.011490570954700848	0.0014059163962573738	0.02567523926970695	0.0013700286636135184	0.005851143353592459	0.0	0.0	0.0	0.005717846320248859	0.0	0.0	0.014311411499670645	0.002006286566689993	0.0	0.0	0.0	0.021406557700864765	5.6641854567996386e-05	0.0	0.0	0.0	0.0	0.0	0.001499134485890843	0.0	0.0	0.022546630195255567	0.003282748728265369	0.013972925530223676	0.011648975166701925	0.005113683623472632	0.0
Aque_3	0.0	0.0	0.0	0.0	0.0	0.0	0.0	0.0	0.0	0.0	0.0	0.0	0.0	0.0	0.0	0.0	0.0	0.0	0.0	0.0	0.0	0.0	0.0	0.0	0.0	0.0	0.0	0.007207930963657979	0.30899678082192644	0.0	0.26238409982615846	0.028334234631066012	0.13584372789512184	0.20174917462715633	0.36763756291857425	0.0	0.0687904931235191	0.0	0.03872344985341167	0.402741144697455	0.0	0.0	0.046605169011689845	0.004746097024058278	0.0	0.0	0.0035570825744202757	0.0	0.0	0.0	0.6368590434733837	0.5512967811430687	0.36884687022266927	0.04904863939422659	0.13307993594592546	0.1761029511115738	0.0	0.16423998022279063	0.20134431540986858	0.0016528077688472247	0.09594971547337144	0.0	0.07467590178614121	0.2312889825518008	0.0	0.02995618654628012	0.018301430182690714	0.1276297223745262	0.0	0.0	0.04950349966884275	0.05375822419288662	0.11306236313165999	0.4529883477391269	0.0026638017289202405	0.0	0.0	0.0	0.0	0.0	0.0	0.0	0.023628282862642267	0.0	0.04583010406778267	0.12271231464247798	0.0	0.0	0.0	7.741621190303278e-05	0.15356427279927792	0.0	0.2708574521771768	0.003927019647843619	0.0006351957843965829
Aque_4	0.0	0.0	0.0	0.0	0.0	0.0	0.0	0.0	0.0	0.0	0.0	0.0	0.0	0.0	0.0	0.0	0.0	0.0	0.0	0.0	0.0	0.0	0.0	0.0	0.0	0.0	0.0	0.003570067902349311	0.40312235312878597	0.0006546944170466912	0.17464906386923032	0.022691552983814554	0.1981353593452359	0.08038782965729488	0.14972409307671464	3.692652956709498e-05	0.0331741036788541	0.0	0.10340762905900538	0.37669537988428176	0.0	0.0	0.0	0.009438438505875068	0.0	0.0014251626539617764	0.00810874191503252	0.0	0.0	0.05154874907798653	0.2597237876664066	0.23269958427018494	0.26754276275690303	0.030670489177601956	0.13970621756647372	0.07871472614087673	0.0	0.02742469277459055	0.04737434752010364	0.013761747032230575	0.020569362653105328	0.0	0.022907255186265407	0.008956311731981215	0.0	0.007495500673182191	0.011858624817093828	0.08045636282890485	0.0	0.0	0.010033018870096562	0.03856379033565765	0.06421208447671664	0.46667794675169105	0.015456494016030869	0.0009252798906345417	0.00015627379148512854	0.0	0.0	0.0012935506359073976	0.003379266327941379	0.0005691043822738014	0.019656265507272678	0.01967299378092575	0.01735678649014895	0.22106113119559873	0.005812318074700415	0.0	0.005270713624254894	0.00035273400696735524	0.030838315799371723	0.0001965310442681807	0.061088244588765626	0.009209742798997278	0.0028080431967406967
Aque_5	0.0	0.0	0.0	0.0	0.0	0.0	0.0	0.0	0.0	0.0	0.0	0.0	0.0	0.0	0.0	0.0	0.0	0.0	0.0	0.0	0.0	0.0	0.0	0.0	0.0	0.0	0.0	0.0	0.6588539119036384	0.0	0.4025608160809552	0.0	0.33379077208069685	0.3487892610888296	0.46877366984447766	0.0	0.013434304515774025	0.0	0.304593219066386	0.4782888913447712	0.0	0.0	0.0	0.0	0.0	0.0	0.0	0.0	0.0	0.0	0.6953592431571424	0.7127354904619034	0.3363665808390197	0.0	0.0	0.7615864716171064	0.0	0.7757610509566414	0.7510745800725691	0.0	0.0200065485954792	0.0	0.4142899470009618	0.3874835202235388	0.0	0.31654163300204785	0.0	0.10465551416527823	0.0	0.0	0.11394489961742175	0.3363641423003648	0.6781007353455535	0.8044454088319515	0.0	0.0	0.0	0.0	0.0	0.0	0.0	0.0	0.00709103059985749	0.0	0.01627547885961875	0.6525893966905393	0.0	0.0	0.014764268705375302	0.0	0.2335901128039616	0.0	0.4324680491904682	0.0	0.0
Aque_6	0.0	0.0	0.0	0.0	0.0	0.0	0.0	0.0	0.0	0.0	0.0	0.0	0.0	0.0	0.0	0.0	0.0	0.0	0.0	0.0	0.0	0.0	0.0	0.0	0.0	0.0	0.0	0.007989604093976083	0.0	0.3588457900374457	0.0033772208670086656	0.06845226229514395	0.0	0.0	7.446641161039216e-05	0.0022615291409044834	0.3018814258739562	0.0054723505212942915	0.0	0.0015576277803544792	0.42231304102407774	0.0030443547763950177	0.053983147828739905	0.03681575293518945	0.0007245813394103879	0.0781611196019666	0.0133199888380616	0.0	0.06705260361388733	0.002621946692698318	0.00011499042388782318	0.0	0.0008735143059677767	0.014792204271229407	0.0	0.0	0.21973285208616994	0.0	0.0	0.11015884058094409	0.09797482181308578	0.11019325742143267	0.0	0.0	0.06631359578949028	0.15794006133834332	0.05014220388612166	0.0	0.6051479919881504	0.0	0.020682591029852815	0.0	0.0	0.0	0.032911254760685585	0.08977766678708084	0.0049314393364547305	0.0018674627857882468	0.028171419686765547	0.21026311751732277	0.008757316326502044	0.004620625165897384	0.007436469725011352	0.0	8.465892848772356e-05	0.0	0.0	0.081823212388582	0.0	0.17545208547105823	0.0	0.14558361983487414	0.0	0.0931929323942883	0.06388452777444009
Aque_7	0.0	0.0	0.0	0.0	0.0	0.0	0.0	0.0	0.0	0.0	0.0	0.0	0.0	0.0	0.0	0.0	0.0	0.0	0.0	0.0	0.0	0.0	0.0	0.0	0.0	0.0	0.0	0.6225621047855239	0.08530246628149021	0.2499710686667113	0.007552876976035743	0.0002178765512401789	0.06667599228357379	0.0001014126701470831	0.00044325569328759263	0.8756136249528265	0.05387497751862058	0.5127728154673902	0.000877323052987157	0.0021767951077217057	0.004373141173563929	0.032737445819188186	0.005872765487726697	0.0579229971369982	0.01324758545172008	0.01271746559590869	0.014423913012565926	0.0032783848282419274	0.01624587185696043	0.20854595529963435	0.0682075093535244	0.0010757725245169887	0.0015106109007975018	0.401066748838096	0.0665011291649009	0.007863379270562434	0.004146734911581974	0.00036356754765151894	0.0041558416138145066	0.02534314321807395	0.06159482424027611	0.0004544811457850558	0.003764560724605815	0.002251711284226557	0.003036541036971012	0.0074101070755996645	0.012270849612709692	0.004829748909983615	0.0009033766619549081	0.8864373773245804	0.010206055484660356	0.008376556024799989	0.0	0.002591729657440162	0.01601265505187844	0.0038041279510851907	0.0007279824983477414	0.5309015812942428	0.0012405588437670403	0.006409532030017534	0.007918033584746003	0.0508246824984819	0.061902912892088734	0.0016278270829214133	0.0004586642700985545	0.0009543847078915537	0.0006829856728749977	0.0	0.0	0.004665882553132517	0.027799657572352938	0.007756847590368675	0.0009700522990703769	0.0018349425655764858	0.03691059414488222
Aque_8	0.0	0.0	0.0	0.0	0.0	0.0	0.0	0.0	0.0	0.0	0.0	0.0	0.0	0.0	0.0	0.0	0.0	0.0	0.0	0.0	0.0	0.0	0.0	0.0	0.0	0.0	0.0	0.0011002663271174153	0.10548028367126958	0.00027968293760214985	0.008411226458592928	0.001995556858674992	0.04527308787391325	0.0017653681502885865	0.006183589344227606	0.00020512691762688558	0.0049059430819454785	0.00011607059207258241	0.015445263104643267	0.028440546813159356	0.0	0.0	0.007685646952717997	0.0	0.01596964290953395	0.00079409913226825	0.0	0.0	0.00011721304188903826	0.0	0.26306927114013984	0.08489610593869408	0.014824377787906688	0.09603137894845354	0.002600856536939378	0.16950701020732645	0.0	0.01214687404139665	0.0035523542011290667	0.0	0.0	0.0	0.004250277719181114	0.017868308598660666	0.0	0.0029207134146050162	0.0	0.006651400468280546	0.0	0.0	0.0017906223046873309	0.0026803421302653363	0.06099332874033688	0.7138309679990239	0.0	0.0	0.0	0.00972215354212173	0.0	0.0	0.0	0.0	0.04019912254861556	0.0020235651071232935	0.006254723232663231	0.05065039687370073	0.0	0.0	0.0	0.0	0.08686434821975106	0.0	0.007699991637302181	7.164209713358622e-05	0.0
Aque_9	0.0	0.0	0.0	0.0	0.0	0.0	0.0	0.0	0.0	0.0	0.0	0.0	0.0	0.0	0.0	0.0	0.0	0.0	0.0	0.0	0.0	0.0	0.0	0.0	0.0	0.0	0.0	0.38352036569634784	0.08997336979265005	0.09512800468451872	0.005350696099341551	0.00018339117660236382	0.05185246626134286	0.00014101603497631172	0.00012243955352313218	0.2036699476853439	0.02595024634933079	0.0037987649872471365	0.004359835343933608	0.00032017955999024805	0.0006932786013778962	0.006245741816853538	0.003957032317917925	0.011873979451640537	0.008062195596750601	0.0022157805201661307	0.0035181462267927406	0.0	0.005138609393324724	0.0679167415873052	0.10073179836125483	0.0011755396018533763	0.001498994464937437	0.17508460180445878	0.038752888249804454	0.2085189362357161	0.0019464779156262164	0.03210891319346751	0.015121531578421369	0.020022546024075563	0.09724084080492337	0.006024555528158113	0.02129783422468635	0.037663241775312294	0.0006101721690847833	0.01425516937101105	0.00982770517263873	0.024947734143973478	0.0009259454325618094	0.25061320092526973	0.02082694657537956	0.008651506436041144	0.004323787913934672	0.005902471892089973	0.011134940373064364	0.003281868450424677	0.0	0.08429588486665558	0.0018994347389950186	0.004202950247087734	0.0007703086967531097	0.016741330874967618	0.03108059651390676	0.0004326262576946168	0.001325598640948816	0.0034130295491198357	0.0006722118919894402	0.0	0.0	0.004391427098515667	0.2090589287938281	0.003561789176550896	0.07217431658837593	0.00033946523942465984	0.0019808672721127263
Slac_0	0.3601178000618733	0.6051581277794792	0.0012486008861666547	0.6503729536767333	0.08077756793338153	0.00214903265124924	0.00016739509462785292	0.0011066823033942413	0.001406369907542487	0.0	0.0035226574126899293	0.0	0.3575652945954936	0.0	0.006748382226359257	0.028798593308276832	0.01973130113242858	0.002195134491720003	0.13532520041280832	0.02362567420717333	0.007207930963657979	0.003570067902349311	0.0	0.007989604093976083	0.6225621047855239	0.0011002663271174153	0.38352036569634784	0.0	0.0	0.0	0.0	0.0	0.0	0.0	0.0	0.0	0.0	0.0	0.0	0.0	0.0	0.0	0.0	0.0	0.0	0.0	0.0	0.0	0.0	0.0	0.0	0.0	0.0	0.0	0.0	0.0	0.0017049536051867494	0.019874041795565296	0.028700799725351618	0.014061749784167193	0.12414107976706948	0.1170958548838374	0.02081704175842213	0.014608484977666345	0.022885511667997904	0.03994129255811692	0.01810160180329917	0.09644552561605166	0.004156913093648575	0.6485627999778171	0.6445378593659523	0.006150867414819816	0.0	0.005606824672538923	0.051318802413805466	0.0013633610101350876	0.0	0.7876988696547109	0.0	0.007723614048405292	0.04875215729315422	0.08429844777540926	0.2930161268437951	0.0	0.0001124655860200062	0.003131430523606516	0.0	0.0	0.01449315816185208	0.004475862750357244	0.18235201996015146	0.012320278903545253	0.11105649886433104	0.005057749412873074	0.42253751710554077
Slac_1	0.028882879575814806	0.005088999690277391	0.19394799491887935	0.013477838022282463	0.06604570314979036	0.4260626423144325	0.019822522196242327	0.02594370225821575	0.027329751278661968	0.011259875588437532	0.0024546823041520075	0.028178543754256196	0.00950203532118014	0.27606655571243766	0.005625087290423032	0.004437301923823489	0.36919207287962635	0.0	0.026829719582943105	0.044244947579357735	0.30899678082192644	0.40312235312878597	0.6588539119036384	0.0	0.08530246628149021	0.10548028367126958	0.08997336979265005	0.0	0.0	0.0	0.0	0.0	0.0	0.0	0.0	0.0	0.0	0.0	0.0	0.0	0.0	0.0	0.0	0.0	0.0	0.0	0.0	0.0	0.0	0.0	0.0	0.0	0.0	0.0	0.0	0.0	0.00014375782652440764	0.6314033064883319	0.6586723581342063	0.008326740754932907	0.09193944137170343	0.010396078369094435	0.2883724883532805	0.2914647486970841	0.0	0.18458974976206693	0.05055917942766356	0.03381543381791816	0.0	0.056754078554389284	0.15515830038693046	0.1033265632369172	0.3844526189899392	0.3298635903034916	0.07945795729291359	0.0016674202532356418	0.0	0.011659720877801873	0.0	0.0019051607705025716	0.04600943994692696	0.0068079398700836265	0.06891960279158713	0.007277038241788989	0.051055102822140284	0.8733748698624773	0.014404155841081212	0.0005773310925848262	0.10417632630688693	0.0	0.547480771321951	0.0014149382144389672	0.40875172885410105	0.0022180585797195443	0.01761049412112293
Slac_10	0.012490097494199532	0.6839917060871781	0.0009263157232218243	0.04903897996101889	0.007152538798864687	0.0	0.003633025426557189	0.0	0.007764633734870084	0.0	0.5350576259244804	0.0058614719559287164	0.12478242085689266	0.0	0.0506193718188621	0.011031405506134365	9.933714956257122e-05	0.0	0.0040161859283506665	0.0	0.0	0.0006546944170466912	0.0	0.3588457900374457	0.2499710686667113	0.00027968293760214985	0.09512800468451872	0.0	0.0	0.0	0.0	0.0	0.0	0.0	0.0	0.0	0.0	0.0	0.0	0.0	0.0	0.0	0.0	0.0	0.0	0.0	0.0	0.0	0.0	0.0	0.0	0.0	0.0	0.0	0.0	0.0	0.603903110462898	0.0	0.00018056716538701614	0.3946345832838282	0.6354600709679931	0.4112567299831465	0.004038898449376718	0.000279452696191002	0.8282390648590654	0.3156216090532039	0.29127481637159525	0.011283818001748559	0.5674845391803344	0.017728348000308397	0.5830516366442431	0.007160596935675109	0.0	0.0	0.02825017088797107	0.2700738371973369	0.4062276498068422	0.12806686773476403	0.10580078708840464	0.4871692415815055	0.014229707051178125	0.00925198466889553	0.02924057933520644	0.021776966526073936	0.0	0.0	0.0	0.0016208190935549788	0.0	0.687307200252435	0.0001728612477797074	0.7703960665619222	0.0	0.47872497269007735	0.46391840196376527
Slac_11	0.0002895346451168054	0.0	0.04647296234082087	0.0	0.005634286089633576	0.2246055330076569	0.003921806564882834	0.030478808883273933	0.004488087314360978	0.0002704982935162716	0.21368291182003726	0.012430344632669815	0.0	0.0	0.0001786816932863523	0.01524668621417757	0.0029473015140720413	0.0	0.0	0.004180400416680115	0.26238409982615846	0.17464906386923032	0.4025608160809552	0.0033772208670086656	0.007552876976035743	0.008411226458592928	0.005350696099341551	0.0	0.0	0.0	0.0	0.0	0.0	0.0	0.0	0.0	0.0	0.0	0.0	0.0	0.0	0.0	0.0	0.0	0.0	0.0	0.0	0.0	0.0	0.0	0.0	0.0	0.0	0.0	0.0	0.0	0.0002707215547135842	0.07547476288470224	0.007903001030540193	0.00020135516752315427	0.08483077698379438	0.3001731101914351	0.05096898359835241	0.052786798234887244	0.0002900955762667265	0.002862000817412309	0.021113070436763172	0.6975121229858738	0.002018133492095825	0.0	0.012588960453751703	0.045223179518251576	0.0005826474478701977	0.0011084584779289535	0.0008618935777196867	0.00017109228673841125	0.0	0.0	0.0	0.0	0.0018400758095079319	0.0	0.0	0.0011041730141236464	0.0006746078659350108	0.0005784537269941765	0.0002687175370342825	0.0	0.0	0.0	0.0013431719847802107	0.38738957965346976	0.017305873260791534	0.028278616312584708	0.015153757837285953
Slac_12	0.0	0.03401155876918339	0.003454621919960872	0.0	0.0012750212422184561	0.0	0.37686537692103456	0.0	0.0014099252935354909	0.02097917207271813	0.6384845612924863	0.0043092955952190575	0.04612962535401885	0.0	0.027063349952506498	0.0037463991788716324	0.00024809877707359263	0.004156590286466113	0.0022647088797839794	0.0	0.028334234631066012	0.022691552983814554	0.0	0.06845226229514395	0.0002178765512401789	0.001995556858674992	0.00018339117660236382	0.0	0.0	0.0	0.0	0.0	0.0	0.0	0.0	0.0	0.0	0.0	0.0	0.0	0.0	0.0	0.0	0.0	0.0	0.0	0.0	0.0	0.0	0.0	0.0	0.0	0.0	0.0	0.0	0.0	0.6608614053479901	0.0005009251657897121	0.0021195009057570846	0.41830700659786535	0.010917801797323351	0.034906889369602914	0.011360866750546341	0.0028294359735533702	0.05693153104938742	0.043820493292458046	0.10087400940472795	0.003856847756125595	0.08938548378110914	0.0	0.005562828270019052	0.06626470845153822	0.0	9.165901631010662e-05	0.07075104197714223	0.06629540829897082	0.26819375528459966	0.0	0.37165846409354	0.26513332582469734	0.02630398996357567	0.0	0.0	0.07664332019810728	0.008073726432888503	0.0	0.01180266228459197	0.0013758867511901032	0.0	0.11123205845457367	0.01573655366946839	0.04004285071397834	0.0008067910131735641	0.6068119400806186	0.21155477003794315
Slac_13	0.01853234316651551	0.0018524134242387425	0.08753104831326261	0.0018192679753041394	0.021553703114215443	0.1814472454168639	0.0036287808614156743	0.004980648334404722	0.0021438952724544486	0.00164134717449839	0.0	0.0015115852149052064	0.0035668024756354256	0.10097775145326382	0.0020777791727374603	0.0010403595033478138	0.15825957927839213	0.0	0.0003402697106397783	0.004968400117416722	0.13584372789512184	0.1981353593452359	0.33379077208069685	0.0	0.06667599228357379	0.04527308787391325	0.05185246626134286	0.0	0.0	0.0	0.0	0.0	0.0	0.0	0.0	0.0	0.0	0.0	0.0	0.0	0.0	0.0	0.0	0.0	0.0	0.0	0.0	0.0	0.0	0.0	0.0	0.0	0.0	0.0	0.0	0.0	0.0	0.4452279282749701	0.24148705360721667	0.00010116927089946672	0.05596352111199728	0.10863665385383289	0.04125223296836238	0.13904343877258385	0.0	0.013447025886965499	0.08265041361639211	0.6475452336786558	0.0	0.0034727495550622585	0.040248211811190156	0.0021339192551050176	0.0632241158879452	0.08189466989662758	0.004358618866586899	0.0008631412624146408	0.0	0.0011787976930303218	0.0	0.00019742622947111366	0.021263187934875662	0.0009621596832549338	0.008411402629406777	0.000315821952799668	0.010287063112106348	0.40778187536888366	0.003089032512345119	0.0	0.0005379772399472136	0.0	0.01770000046300369	0.002606230575675612	0.2134211294319627	0.0003393088411580457	0.0007293952964451514
Slac_14	0.0	0.0	0.011611400948368449	0.0	0.0	0.08354532561756922	0.004395664078218674	0.01590122967511213	0.0	0.0010110013360689742	0.26187061650834054	0.009080805056845115	0.0	0.0	0.0	0.0	0.0010574537568551418	0.0	0.00012396964307515452	0.0006959377390321788	0.20174917462715633	0.08038782965729488	0.3487892610888296	0.0	0.0001014126701470831	0.0017653681502885865	0.00014101603497631172	0.0	0.0	0.0	0.0	0.0	0.0	0.0	0.0	0.0	0.0	0.0	0.0	0.0	0.0	0.0	0.0	0.0	0.0	0.0	0.0	0.0	0.0	0.0	0.0	0.0	0.0	0.0	0.0	0.0	0.03440129905305083	0.1670113799316611	0.01124409635825411	0.0014136497341196588	0.0038247506721499082	0.0350642115189325	0.03516546000459963	0.004869473219012168	0.0	0.00037609437413852034	0.00038038434076872584	0.06054040876647101	0.006073972932567754	0.0	0.0	0.14458818794472988	0.00863728402638161	0.036529870553215535	0.00427126795554846	0.0003903980890180351	0.004234247924390247	0.0	0.00011915654880076569	9.105610747864998e-05	0.0	0.0	0.0001632862994201917	0.07169420046910653	0.00019824092443767325	0.0002324562917690619	0.0	0.0	0.0	0.0019558158607522096	0.0008650112955867374	0.01479910522915925	0.0028249664144267676	0.28301880120349576	0.018840468742075248
Slac_15	0.0	0.0	0.053018202251554625	0.0	0.0	0.3521888180851548	0.0035037519382675	0.018819848831443144	0.5856726666138662	0.0028469785293717244	0.08242358528842889	0.009254074794110206	0.0	0.004930176764854284	0.0	0.0	0.022355803432094593	0.0	0.0001486583229600153	0.0	0.36763756291857425	0.14972409307671464	0.46877366984447766	7.446641161039216e-05	0.00044325569328759263	0.006183589344227606	0.00012243955352313218	0.0	0.0	0.0	0.0	0.0	0.0	0.0	0.0	0.0	0.0	0.0	0.0	0.0	0.0	0.0	0.0	0.0	0.0	0.0	0.0	0.0	0.0	0.0	0.0	0.0	0.0	0.0	0.0	0.0	0.0037561545419144506	0.1915584150270943	0.0305725326956998	0.007280929051062725	0.0013237718868656313	0.010654186901958147	0.04360788525580715	0.008141608601357564	0.0017766890035180952	0.0015286477461397502	0.0006753305986207646	0.06494299691309002	0.0002678537922305544	0.0	0.002372975884874954	0.20861076912707865	0.19371813740613653	0.2778566008023272	0.001048052004531966	0.0006628290852709385	0.0005554089778884918	0.0	0.0	0.0018742493910395852	7.582281743191405e-05	0.0	0.00028416053062932004	0.11129082456803518	0.0004201336590089904	0.002698911227984502	0.00011189605883438608	0.0	0.0	0.0018852306650626147	0.0022293165770661235	0.000537918602022186	0.005978541835796615	0.2633657439001399	0.0005590915207377705
Slac_16	0.000364540624719768	0.005529672928598939	0.0	0.05071604069705067	0.31105552499017464	0.0	0.00021947309878256473	0.0	0.00019965607844958183	0.0	0.013539612338884796	0.0	0.002490136163091833	0.0	0.008597843487003267	0.00040167134032208777	0.0007954572289173509	0.0	0.2534555551047312	0.0	0.0	3.692652956709498e-05	0.0	0.0022615291409044834	0.8756136249528265	0.00020512691762688558	0.2036699476853439	0.0	0.0	0.0	0.0	0.0	0.0	0.0	0.0	0.0	0.0	0.0	0.0	0.0	0.0	0.0	0.0	0.0	0.0	0.0	0.0	0.0	0.0	0.0	0.0	0.0	0.0	0.0	0.0	0.0	0.07641225164355164	0.0	0.0006537809354384566	0.018031527703981903	0.013141435316738507	0.006402527926817936	0.0	0.0005530300729717037	0.0155400534548059	0.006183361370865386	0.004021817802454636	0.02691102361994855	0.012165380767570838	0.9985449721547219	0.00019265879464003762	0.0	0.0	0.0	0.002366646076093369	0.000620702579053868	0.011498872588218308	0.0028300874646534054	0.0012660478353660964	0.027632307704471927	0.002117909735399401	0.004986813006905346	0.015912092263801712	0.00015956624399763062	8.84168448185928e-05	0.0	0.0	0.0	0.0	0.013704849076083167	0.0018213040222892925	0.08438101847576991	0.0007541103161639711	0.031154547414690176	0.009372591348129202
Slac_17	0.0057730754236505755	0.08400031994089577	0.008296755198257727	0.002124052502467201	0.07845501688597659	0.0	0.009406219154989598	0.01676475982619856	0.027940056663935824	5.307853874566612e-05	0.25337079495660497	0.026328278263216025	0.2781428869401215	0.0006924469166060559	0.0013431035170058502	0.0006246004909368952	0.0006766697585387233	0.006705546855367915	0.00047988064818928807	0.006004634920651898	0.0687904931235191	0.0331741036788541	0.013434304515774025	0.3018814258739562	0.05387497751862058	0.0049059430819454785	0.02595024634933079	0.0	0.0	0.0	0.0	0.0	0.0	0.0	0.0	0.0	0.0	0.0	0.0	0.0	0.0	0.0	0.0	0.0	0.0	0.0	0.0	0.0	0.0	0.0	0.0	0.0	0.0	0.0	0.0	0.0	0.34594651777195223	0.016125950585335697	0.00259758917236513	0.035469161272126196	0.02727282627013996	0.02075181452448057	0.00021387570520787716	9.753716161733547e-05	0.04343584782915727	0.009189711213834599	0.021009406558028396	0.002986639456227106	0.08227627609939359	0.009496500031531945	0.0002651541038725155	0.004786978241047747	0.003416084332311959	0.019380035542982003	0.037741216213346696	0.002893738866019547	0.19067948702274667	0.007361703294428738	0.01394978194024834	0.2349922741370011	0.001401990154283811	0.013992068850753093	0.0007811616904018709	0.11730693344014335	0.0	6.344807066919933e-05	0.0	0.8982382357348394	0.0	0.19411694415074046	0.002257897752975971	0.14154179390508875	0.001292549304249596	0.3839246313354213	0.06111562478595863
Slac_18	0.01884833202069771	0.055164238595478185	0.0	0.4230458807990135	0.12802045298458117	0.0	0.0024951937986274616	0.0003997126633816306	0.0011824887445368382	0.0006589330409725109	0.0030866878213601096	0.0003551663072416784	0.2395747195003723	0.0	0.01825529048818788	0.019075792184556333	0.0011608038829003082	0.0012519385197301979	0.024853488321747132	0.014249020438692233	0.0	0.0	0.0	0.0054723505212942915	0.5127728154673902	0.00011607059207258241	0.0037987649872471365	0.0	0.0	0.0	0.0	0.0	0.0	0.0	0.0	0.0	0.0	0.0	0.0	0.0	0.0	0.0	0.0	0.0	0.0	0.0	0.0	0.0	0.0	0.0	0.0	0.0	0.0	0.0	0.0	0.0	0.04139410823303769	0.0	0.0001372307116874868	0.0022558510214275235	0.002679930676315591	0.008915977403068816	0.00013406431171821372	0.00019531436276150997	0.0012186053115788406	0.0009076142232350467	0.0027709595035814135	0.0017913526037196242	0.015614348918247723	0.5236760803453973	0.0	0.00014537771691942265	0.0001992233640220357	0.0009311985938094756	0.003014875638329587	0.0001101287151797933	0.0013305648255908394	0.5252573143364987	0.019085103886214608	0.018037071055448876	0.0005224559773615785	0.7985209670413073	0.02138116516991152	0.0	0.0016517630229043886	0.00034596413815201385	0.0	0.0	0.0	0.008417719360807664	0.0012322970629060437	0.010414511320196152	0.001299836258034034	0.003165683352339714	0.018597267260156612
Slac_19	0.0005417107655616505	8.819846974864138e-05	0.0640032950310206	0.0	0.013169213802654544	0.11911205689723223	8.872665397344825e-05	0.0012960035755842669	0.00039554232087895565	0.0010988607030584874	8.67954187979903e-05	0.0017177894557146446	0.0	0.07568689788890265	0.0	0.0	0.0580577063954665	0.0	0.0	0.0	0.03872344985341167	0.10340762905900538	0.304593219066386	0.0	0.000877323052987157	0.015445263104643267	0.004359835343933608	0.0	0.0	0.0	0.0	0.0	0.0	0.0	0.0	0.0	0.0	0.0	0.0	0.0	0.0	0.0	0.0	0.0	0.0	0.0	0.0	0.0	0.0	0.0	0.0	0.0	0.0	0.0	0.0	0.0	0.0	0.12376208986479498	0.1767415599524082	8.953448248193093e-05	0.0	0.0	0.01120558807814111	0.0049550486142194445	0.0	0.0006174912659259845	0.0	0.001507716939858645	0.0	0.0010027930469521293	0.00038299273902102625	0.0011730799711959538	0.1275979706835541	0.0145877830955494	0.00043813685736542876	0.0	0.0	0.00020232735923913806	0.0	0.0	0.00018831801667295992	0.00034977526256894264	0.0018457460285601051	7.477608623195423e-05	0.00038417047322004917	0.387128472885758	0.00017088012177084237	0.0	0.0009654112233591962	0.0	0.014011797041594751	0.0	0.023971782982171563	0.0	0.00025290958414307885
Slac_2	0.0	0.0	0.07898721940787198	0.0	0.003005115448373779	0.47264988517065587	0.012524240003498801	0.10434659964994966	0.0002133875946373327	0.0013070835008518582	0.4351745204787689	0.06435726210120933	0.0	0.0	0.007070347163418642	0.0	0.01885147764019976	0.0	0.0	0.0016135189882002371	0.402741144697455	0.37669537988428176	0.4782888913447712	0.0015576277803544792	0.0021767951077217057	0.028440546813159356	0.00032017955999024805	0.0	0.0	0.0	0.0	0.0	0.0	0.0	0.0	0.0	0.0	0.0	0.0	0.0	0.0	0.0	0.0	0.0	0.0	0.0	0.0	0.0	0.0	0.0	0.0	0.0	0.0	0.0	0.0	0.0	0.03600300731452834	0.11369629962377903	0.0147689351622666	0.024616045563678253	0.0322408186187958	0.013919319452451806	0.12351515358100229	0.03299577005812379	0.0021422609115967885	0.010162372396342973	0.004925433679139896	0.050431353872231396	0.006794339541321004	0.0	0.005110009512088846	0.40740461547712686	0.03510860097201515	0.11322948275495955	0.03664289525458812	0.02234476479672169	0.0	0.0	0.002058606437838035	0.006142193163267688	0.0036658181789591205	0.0	0.0	0.0020632915582345507	0.0004500006262596823	0.0	0.0008886374506192962	0.0	0.00020160252700361205	0.005671023033680566	0.03488981124537331	0.009280762540239882	0.01943538116307524	0.5242021204832314	0.010968834404035527
Slac_20	0.5851773631915883	0.5513452154700854	0.0	0.029261605795315226	0.003807511740765432	0.0	0.001425007172901575	0.0	0.0	0.001278448410622095	0.00985389455855756	0.0	0.8269089336886182	0.0	0.004138574563807756	0.0028362085787728233	0.0	0.11744936590029442	0.0	0.0	0.0	0.0	0.0	0.42231304102407774	0.004373141173563929	0.0	0.0006932786013778962	0.0	0.0	0.0	0.0	0.0	0.0	0.0	0.0	0.0	0.0	0.0	0.0	0.0	0.0	0.0	0.0	0.0	0.0	0.0	0.0	0.0	0.0	0.0	0.0	0.0	0.0	0.0	0.0	0.0	0.35751793029072354	0.0	0.00016713791142733333	0.3812634064085827	0.01785244496178887	0.008704569201894701	0.00013421196173118974	0.0	0.29167054195334385	0.02909455619726472	0.057787541640540493	0.00047319288115186577	0.16177960220999502	0.20539991760442416	0.010506335752205016	0.0003571227832136094	0.0	0.0	0.03069627009587002	0.07093893340532076	0.0	0.21962335589793422	0.16920846152842076	0.34295734226512276	0.22754967331215042	0.018407937234912474	0.17389618508063748	0.0	0.0014746962959755595	0.0	0.0	0.001973312625881581	0.0	0.05549484737926609	0.0001389784850155486	0.024265093495429407	0.0001940346220739221	0.0466011724537677	0.10643707955920037
Slac_21	0.47964975069067395	0.5591894741877709	0.0	0.7376330840912957	0.0	0.0	0.0	0.0	0.0	0.000377761740877414	0.0	0.0	0.2387861331115626	0.0	0.00028680339055731487	0.001858973472313462	0.0	0.0006274519816431591	0.0004649070162710328	0.0	0.0	0.0	0.0	0.0030443547763950177	0.032737445819188186	0.0	0.006245741816853538	0.0	0.0	0.0	0.0	0.0	0.0	0.0	0.0	0.0	0.0	0.0	0.0	0.0	0.0	0.0	0.0	0.0	0.0	0.0	0.0	0.0	0.0	0.0	0.0	0.0	0.0	0.0	0.0	0.0	0.0006420831822423416	0.00033465425975317853	0.0	0.0027251361693324387	0.013827967811861932	0.00392332094729808	0.00011805346032808849	0.0	0.008564821850004314	0.0033988033351462416	0.000512950432466948	0.0011476251142240512	0.0006109948649465697	0.561658355096424	0.02733774574682412	0.00011934439769384231	0.0	0.0	0.0046896984235866145	0.0004536214911070261	0.0	0.12114627982974531	0.0002950430645312507	0.0012012976499162172	0.0004357118400973543	0.0059480764942556105	0.06060429004668209	0.0	0.0	0.0	0.0	0.0	0.0	0.0006885672206913575	0.0016306084340070403	0.0056051626522634415	0.0007598528824472337	0.0002766900888517395	0.03989141691258115
Slac_22	0.12738494151888913	0.19236206089528185	0.006118801025670643	0.0003396042818319559	0.0002528953314416318	0.0040175792159041525	0.0011686116473428126	0.0	0.0008118229184280434	0.0	0.0021686877351492777	0.0	0.1295912966945401	0.0	0.0	0.00511374394067744	0.0	0.0	0.0	0.0	0.046605169011689845	0.0	0.0	0.053983147828739905	0.005872765487726697	0.007685646952717997	0.003957032317917925	0.0	0.0	0.0	0.0	0.0	0.0	0.0	0.0	0.0	0.0	0.0	0.0	0.0	0.0	0.0	0.0	0.0	0.0	0.0	0.0	0.0	0.0	0.0	0.0	0.0	0.0	0.0	0.0	0.0	0.028938273354352218	0.13297104199120266	0.04057605078773126	0.2710611249690451	0.056895915626645574	0.0017626434299462628	0.158108502412115	0.10303655951361246	0.05080228479835638	0.04412751067460052	0.020338106789935317	0.011529437496137867	0.006283002216723325	0.0	0.18997968925360748	0.18881368311946461	0.0	0.0	0.07713852023915618	0.0324755525114113	0.0	0.007000688944675202	0.0	0.15801939133889867	0.00052560298130117	0.0	0.006719098396986945	0.0	0.0021181272214526705	0.0032364921201975027	0.0	0.0	0.011056898022140221	0.03071853068771338	0.28562881272745655	0.024176921727986068	0.11104575915302198	0.1776940042176199	0.024623422121550657
Slac_23	0.1471035968544888	0.04877906657801516	0.0022566842394155643	0.011185295022157834	0.0016928338039169145	0.004098322916778448	0.005140055048871002	0.0015176332255374373	0.0002799473133612448	0.00022712393170043493	0.1858133093724716	0.0034210056892673554	0.10223799528816721	0.0	0.0003419891722821779	0.34310066011491724	0.0	0.0005157459371368372	0.0	0.0	0.004746097024058278	0.009438438505875068	0.0	0.03681575293518945	0.0579229971369982	0.0	0.011873979451640537	0.0	0.0	0.0	0.0	0.0	0.0	0.0	0.0	0.0	0.0	0.0	0.0	0.0	0.0	0.0	0.0	0.0	0.0	0.0	0.0	0.0	0.0	0.0	0.0	0.0	0.0	0.0	0.0	0.0	0.09980710198029347	0.005939170614933377	0.01695388280495549	0.05780204881833826	0.01184433620786144	0.0961301612613377	0.0015211875454066454	0.0034886272503830197	0.015209622888850924	0.0002542606698815067	0.009278509308101939	0.004945816312819346	0.05001858405228371	0.025281214742669717	0.00523890877300756	0.015142460750320963	0.0012997067672157526	0.0	0.011771377795236378	0.006938239536158958	0.028651422658137592	0.3061574352138641	0.009181199209507374	0.029769434130127087	0.005275092992667716	0.026462368644009786	0.013035293694868572	0.003800920574643437	0.0023355881948925353	0.0	7.89764752385884e-05	0.0012668122576859754	0.01745380613606985	0.027769432408959543	0.010367356298354165	0.0376404210424722	0.03750385534229576	0.18850381706411862	0.02767801414697659
Slac_24	0.0	0.0007440397173107242	0.0	0.0	0.2572811553939207	0.0	0.0027401355255081395	0.01857944132164593	0.10217222379353641	0.0	0.043446404746624825	0.003296707818277931	0.0	0.0	0.0	0.00013397004630492942	0.0007120374870783655	0.0	0.0	0.0	0.0	0.0	0.0	0.0007245813394103879	0.01324758545172008	0.01596964290953395	0.008062195596750601	0.0	0.0	0.0	0.0	0.0	0.0	0.0	0.0	0.0	0.0	0.0	0.0	0.0	0.0	0.0	0.0	0.0	0.0	0.0	0.0	0.0	0.0	0.0	0.0	0.0	0.0	0.0	0.0	0.0	0.03803700020389929	0.0012363132599143233	0.0003181679967895727	0.0022540808266236336	0.013958320005004654	0.02702967793531753	0.004773377958816538	0.0004990293185227481	0.00042215940194654915	0.0004905356909261347	0.003027524679109272	0.023189942066607207	0.0005531892743858243	0.0005817435523138352	0.0003343258128429168	0.020994684442534668	0.0	0.0	0.001855719543244104	0.0003663865224753758	0.013070435108796411	0.0	0.0013660953709652636	0.0039345123046209424	0.0	0.0005364664498527434	0.0	0.12135322688088943	0.0	0.0	0.0	0.0	0.0	0.00582548416153081	0.0008159881126931576	0.08896024043857129	0.0015359304702110654	0.1390413543233577	0.012342383679688311
Slac_25	0.013997273077996048	0.4816034925004228	0.00038334248880971726	0.017509250151933657	0.0006376380493622574	0.0	0.00019290342806632554	0.0	0.0003127982183558913	0.00010602468818635638	0.14044643783758887	0.0009226651237917345	0.03140740055542442	0.0	0.0	0.0	0.0	0.0	0.0006606995989087753	0.0	0.0	0.0014251626539617764	0.0	0.0781611196019666	0.01271746559590869	0.00079409913226825	0.0022157805201661307	0.0	0.0	0.0	0.0	0.0	0.0	0.0	0.0	0.0	0.0	0.0	0.0	0.0	0.0	0.0	0.0	0.0	0.0	0.0	0.0	0.0	0.0	0.0	0.0	0.0	0.0	0.0	0.0	0.0	0.10861870488458134	0.0	0.0	0.0072161962279127575	0.0	0.0002835408859604937	0.00015430192361860236	3.573720458324163e-05	0.40194338787019407	0.00044011067252263834	0.001929639126587759	6.067862098681956e-05	0.016521030727117844	0.025116183563026202	0.0006050894050621202	0.000523443306189603	0.0	0.0	0.0015423780851857257	9.979976549844311e-05	0.010978332839092816	0.00498707451614709	0.0016154474941052668	0.031284281456362965	4.373898109511325e-05	0.0005125156304517358	0.00045810491421771827	0.0	0.0	0.0	0.0	0.002221068529844829	0.0	0.0659646852407516	0.0	0.008647185152687049	0.0	0.10125380740386705	0.003582739665307466
Slac_26	0.004160913587289412	0.006592033232711539	0.0	0.01582805631551249	0.0103937495704911	0.0	0.0	0.0	0.0027149011022602155	0.0	0.01151934404758352	0.0	0.0	0.0	0.0012684522728407437	0.0059345956313550845	0.0024905314614806382	0.00037388997761791525	0.001918932223752273	0.0	0.0035570825744202757	0.00810874191503252	0.0	0.0133199888380616	0.014423913012565926	0.0	0.0035181462267927406	0.0	0.0	0.0	0.0	0.0	0.0	0.0	0.0	0.0	0.0	0.0	0.0	0.0	0.0	0.0	0.0	0.0	0.0	0.0	0.0	0.0	0.0	0.0	0.0	0.0	0.0	0.0	0.0	0.0	0.03289885402352263	0.0019220779946514152	0.0012719571240017318	0.0038095132935907225	0.0020530853833081652	0.004541943660228295	0.0	0.0013187930935150078	0.015311410651876528	0.0004310436093113332	0.0007507813795029302	0.000561192539696383	0.011153656833642561	0.03751883807442714	0.003561124266792412	0.0017701799361564553	0.0	0.00014986891969874408	0.0010607508875979303	0.00010288267178979746	0.0005745923143992263	0.0005310930877449745	0.0009061224533613258	0.005173098923801004	0.0005439854484787402	0.0003607424686460449	0.000304113814356937	0.0	0.0002189688498071078	0.0	0.0	0.0	0.00015387005254621232	0.007701518210164432	0.0011010040106246093	0.02910386516965748	0.0016960579355494963	0.09656670479908822	0.0013213432400810345
Slac_27	0.0009389075991373232	0.0	0.0	0.00128490504674004	0.21130216527500228	0.0	0.0	0.0	0.001261179995288781	0.0	0.0	0.0	0.0	0.0	0.0	0.0	0.0	0.0	0.000447529836029648	0.0	0.0	0.0	0.0	0.0	0.0032783848282419274	0.0	0.0	0.0	0.0	0.0	0.0	0.0	0.0	0.0	0.0	0.0	0.0	0.0	0.0	0.0	0.0	0.0	0.0	0.0	0.0	0.0	0.0	0.0	0.0	0.0	0.0	0.0	0.0	0.0	0.0	0.0	0.0	0.00034103589639342146	0.0006230492196593084	0.0	0.15724689843439912	0.09476269092150855	0.0025433260061466763	0.006795618233169189	0.0	0.0040532588166622445	0.048373302196255526	0.6593898145163626	0.0	0.0005580978651371111	0.005966837425144053	0.0	0.0	0.0	0.0006573446479755747	0.0	0.0	0.0	0.0	0.0	0.01963163352308956	0.0	0.00017195063174676987	0.0	0.0	0.0	0.0	0.0	0.0	0.0	0.00029794950273959376	0.12248045500932433	0.0018053112529266726	0.0	0.03106786591196205
Slac_28	0.0009436760834909654	0.049431581398440186	0.0	0.0012152771823592929	0.001624328636881453	0.0	0.0	0.0016255815665387123	0.0009163986608512252	0.0	0.13334214752028378	0.0	0.03666544879314418	0.0	0.0	0.0	0.0	0.0	0.0	0.0	0.0	0.0	0.0	0.06705260361388733	0.01624587185696043	0.00011721304188903826	0.005138609393324724	0.0	0.0	0.0	0.0	0.0	0.0	0.0	0.0	0.0	0.0	0.0	0.0	0.0	0.0	0.0	0.0	0.0	0.0	0.0	0.0	0.0	0.0	0.0	0.0	0.0	0.0	0.0	0.0	0.0	0.052568323201241794	0.0035639686150741876	0.0	0.00034946081684655524	0.4819333510990146	0.001419696157770043	0.00012586514846771738	0.0006660311697722314	0.0	0.11217854419259965	0.000385571894849858	0.001187027979431661	0.006026706348503071	0.0	0.0	0.000223252828472322	0.0	0.0	0.0039807380151994625	0.0028899917225645505	0.006463271302245828	0.0004798076692088607	0.00035968545949844764	0.00541902960997344	0.0	0.0	0.0	0.0010476126091262402	0.0	0.0	0.0	0.0	0.0	0.7086909091311474	0.0	0.006911690608094151	0.0	0.025421594690801796	0.005940527303299387
Slac_3	0.16623073518843937	0.08574565953670321	0.0	0.0018695459203514268	0.06049749272102865	0.003279950424880942	0.836059398548076	0.0	0.003134708160616748	0.5300388646209099	0.001448140068458347	0.0001535379598830774	0.3845213614220995	0.0	0.011159419584943053	0.011126450382774879	0.05462730846060915	0.3431770156388565	0.005941725833823101	0.05033977158469323	0.0	0.05154874907798653	0.0	0.002621946692698318	0.20854595529963435	0.0	0.0679167415873052	0.0	0.0	0.0	0.0	0.0	0.0	0.0	0.0	0.0	0.0	0.0	0.0	0.0	0.0	0.0	0.0	0.0	0.0	0.0	0.0	0.0	0.0	0.0	0.0	0.0	0.0	0.0	0.0	0.0	0.03323176670964943	0.020111786481104482	0.33721552727778403	0.33483120417667367	0.0644361633515542	0.05970054508829449	0.0676871660366542	0.006298122384875089	0.006076103149330227	0.07291576406790926	0.08033009213007258	0.04130296271384543	0.018550579206808672	0.04438037538771162	0.24373896363597108	0.017340321072023067	0.0	0.0	0.2111196280437734	0.00277758958886471	0.0	0.02983382665999697	0.4076448870225734	0.062103317831708006	0.2016069206358872	0.010358873161671323	0.019811903787486783	0.003630879834448546	0.35965208872585375	0.004359739256567551	0.12787929204335702	0.001413427764776369	0.010055151230732088	0.0012862945394821151	0.448239568002744	0.07677497032082106	0.19402901080808493	0.058528197344921463	0.3971974992347973
Slac_4	0.0011554498207314754	0.0	0.07962071398419387	0.0	0.1009380809587019	0.4583102813186513	0.03296600229497718	0.2267076649835134	0.03142313385226225	0.009205974134918509	0.13109386283870014	0.120589634321093	0.00018249474958097417	0.06880615848853684	0.0	0.0017126726051780335	0.01081311292447549	0.0	0.0002040655290187281	0.008675273775060189	0.6368590434733837	0.2597237876664066	0.6953592431571424	0.00011499042388782318	0.0682075093535244	0.26306927114013984	0.10073179836125483	0.0	0.0	0.0	0.0	0.0	0.0	0.0	0.0	0.0	0.0	0.0	0.0	0.0	0.0	0.0	0.0	0.0	0.0	0.0	0.0	0.0	0.0	0.0	0.0	0.0	0.0	0.0	0.0	0.0	0.0019385425359452605	0.3887083635259401	0.07222897353037336	0.0055183762472860425	0.022455808368597056	0.0733696642064858	0.165706458296689	0.10900832706036392	0.0	0.023729598474539784	0.005414342278340184	0.18998885148803332	0.0009948418651045065	0.0	0.056464424459906834	0.2949608727298905	0.12645862205378836	0.587371781242277	0.005982001435508517	0.00015737199395549092	0.0002447670893446258	0.0	0.00043799720301298373	0.00014321602752110106	0.0025381930886901024	0.0	0.000997329886987846	0.34480182591727426	0.005629437323858025	0.04543661204479993	0.0006171533824006287	0.0	0.0	0.000946663288663737	0.06375101871637646	0.001122417356834969	0.06597241968810787	0.28164170900249635	0.001899190457064472
Slac_5	0.0	0.0	0.20941050198963249	0.0	0.0019509569850992277	0.5750440737820258	0.09381538963520282	0.06324796015949077	0.0025316391086993113	0.0019645016551561216	0.12796325215713583	0.07745703233475584	0.0	0.025729008368308205	0.0	0.0002337983628983868	0.04597272801669439	0.0	0.0	0.0015877848801174523	0.5512967811430687	0.23269958427018494	0.7127354904619034	0.0	0.0010757725245169887	0.08489610593869408	0.0011755396018533763	0.0	0.0	0.0	0.0	0.0	0.0	0.0	0.0	0.0	0.0	0.0	0.0	0.0	0.0	0.0	0.0	0.0	0.0	0.0	0.0	0.0	0.0	0.0	0.0	0.0	0.0	0.0	0.0	0.0	0.0020963280987521377	0.35955282987564696	0.036821644974386634	0.019845158999184574	0.011603552434688951	0.012992749867188388	0.0688597875310986	0.058376355447459796	0.0	0.016296195454403726	0.014309338569956984	0.10725570210881401	0.0001811053973763723	0.0	0.008734659626489746	0.2806647167703977	0.1123645060735099	0.3066226441994048	0.011808922752631184	0.001689803981786444	0.0030914421017851357	0.0	0.0	0.00245008272070795	0.00015632811293370816	0.0	0.0001207198526916556	0.48495045537702675	0.0031035159777050678	0.06166687524230689	0.004287289860609813	0.0	0.00045983316604243955	0.0023605403664306076	0.08976865305215695	0.00124979697415313	0.05186081118513945	0.439346891459709	0.01200599512492909
Slac_6	0.00036441024266540997	0.0	0.013225842290795906	0.0	0.0027883317497976673	0.21342938679418227	0.017535844338902852	0.03909516951907373	0.003689284951660736	0.001127645729003548	0.49554074044908153	0.06782302318076465	0.00014857520932492644	0.0	0.011202886694797454	0.00017689300348208708	0.002683145235240962	0.0	0.0002956794989685623	0.003360987329709865	0.36884687022266927	0.26754276275690303	0.3363665808390197	0.0008735143059677767	0.0015106109007975018	0.014824377787906688	0.001498994464937437	0.0	0.0	0.0	0.0	0.0	0.0	0.0	0.0	0.0	0.0	0.0	0.0	0.0	0.0	0.0	0.0	0.0	0.0	0.0	0.0	0.0	0.0	0.0	0.0	0.0	0.0	0.0	0.0	0.0	0.09586150679312223	0.010399158109002753	0.0005314377306489017	0.03428954753678795	0.02934840758629047	0.01137802315919881	0.07677839494546618	0.003930085259780288	0.035694412028916135	0.0213372103164371	0.005159279370739181	0.018821903541667136	0.010592231111807524	0.0	0.007246828609270577	0.2866296878041676	0.005719591887260367	0.018986491229615328	0.027494358850737848	0.011432608162804656	0.07088793846944266	0.0	0.0019379016908091964	0.005944921604450704	0.0039795649391540944	0.0	0.0	0.10329518691992998	0.0	0.0	0.0016998854694505218	0.0	0.0005033457594407025	0.026136989231377618	0.011519306591411885	0.09260018867375662	0.0032358568347927294	0.5510637074123771	0.03925856819818037
Slac_7	0.2554868591142688	0.07921435670826057	0.015768452661644127	0.009927538522815863	0.42078473155541696	0.0203178284958211	0.005530664440800371	0.040577913500576414	0.026142200144462602	0.00474680249929926	0.00012162326594175418	0.00538525617495683	0.3644195355159464	0.0	0.0326757122312254	0.00111052527754443	0.0844638825992029	0.01973981471825631	0.016087388206406827	0.08415095949538286	0.04904863939422659	0.030670489177601956	0.0	0.014792204271229407	0.401066748838096	0.09603137894845354	0.17508460180445878	0.0	0.0	0.0	0.0	0.0	0.0	0.0	0.0	0.0	0.0	0.0	0.0	0.0	0.0	0.0	0.0	0.0	0.0	0.0	0.0	0.0	0.0	0.0	0.0	0.0	0.0	0.0	0.0	0.0	0.00025735318896167713	0.015499593571166028	0.053997409227026436	0.004188563848541807	0.11464484693074303	0.02311766742953298	0.00661335946185642	0.019170074007780497	0.0	0.004990424752909019	0.010190383341655349	0.1297269241509086	0.002189566836518293	0.41669225744285165	0.024151562318464305	0.0034345893637075615	0.007813653535610438	0.05059223719647073	0.025963520537097773	0.0002839913052402616	0.0	0.7908159389954188	0.0001265327331039511	0.013776506198859626	0.012705505493776099	0.3667981645475301	0.19465844544407104	0.0002139233202496546	0.0010647114951771437	0.016114851761135276	0.00013750834314811398	0.4535048298714128	0.0	0.0	0.03618748594163171	0.007107283363355814	0.24981879465004253	0.0005928379788441077	0.11202764347065435
Slac_8	0.023920724788950472	0.014979230179718403	0.0	0.0007793901379513377	0.00935690028910451	0.01633604095747785	0.47918727875391554	0.0033335129507723986	0.0006734576047513262	0.4296422464283314	8.902050994536824e-05	0.002030417835558305	0.016666815283332158	0.0	0.008403126700199475	0.0013019951908277072	0.007491101907902395	0.0	0.00030737890281625657	0.0031076508305431364	0.13307993594592546	0.13970621756647372	0.0	0.0	0.0665011291649009	0.002600856536939378	0.038752888249804454	0.0	0.0	0.0	0.0	0.0	0.0	0.0	0.0	0.0	0.0	0.0	0.0	0.0	0.0	0.0	0.0	0.0	0.0	0.0	0.0	0.0	0.0	0.0	0.0	0.0	0.0	0.0	0.0	0.0	0.00011221457900450888	0.02423163181681721	0.3985741350743139	0.05537705809401444	0.019860077152520847	0.011826328364033191	0.060141405155800666	0.03211010313385106	0.0	0.03652576289982353	0.08058680581259936	0.012043673575319908	0.00027424216653924524	0.013774556719645706	0.08417777595728573	0.003162983182231724	0.013488335922748975	0.04486229201372817	0.056619862703125	0.0001233489618426757	0.0	0.010015888569171221	0.03954460278353589	0.0022900446721653553	0.13334787256872033	0.0001749689034172623	0.015829387486072228	0.009264133530098556	0.32534055835939396	0.0	0.260594918303419	0.0007240455442715573	0.001191398939544523	0.005063219832114932	0.4559208579966	0.003682324740841893	0.26551612752508597	0.01356130319799142	0.1049636287783771
Slac_9	0.0007768287099767384	0.0	0.17898900823623487	0.00015479310742968312	0.030261709730345025	0.25103376431899665	0.0033183991722892095	0.024468779819514452	0.0019142545189977911	0.0199852642242196	0.008458419844605016	0.008313061183035122	0.0	0.21672237606202205	0.0007522998998139695	0.0013967407167034447	0.03855676460382731	0.0	0.0	0.0028262812391573176	0.1761029511115738	0.07871472614087673	0.7615864716171064	0.0	0.007863379270562434	0.16950701020732645	0.2085189362357161	0.0	0.0	0.0	0.0	0.0	0.0	0.0	0.0	0.0	0.0	0.0	0.0	0.0	0.0	0.0	0.0	0.0	0.0	0.0	0.0	0.0	0.0	0.0	0.0	0.0	0.0	0.0	0.0	0.0	0.0	0.759506165081915	0.7134149979205409	0.00013592368542609672	0.02707279610894872	0.10196818893526746	0.39553557175246634	0.5235569585181521	0.0	0.24668962375309694	0.04533874953208602	0.15693871000744114	0.0	0.003019536730780345	0.17133214825906748	0.05500404791861311	0.7884179423357356	0.8686024890697908	0.0	0.0	0.0	0.02055392674901138	0.0	0.0	0.0011921554631855254	0.0013043668842134563	0.14136656969747957	0.0	0.14069947508625466	0.8048551525445274	0.06213127047847199	0.0	0.02398227290410418	0.0	0.6528604605482242	0.0	0.7034345649553407	0.0	0.0
Scil_0	0.011275794891685124	0.2547794243338134	0.0	0.016793690279967306	0.006106773174940858	0.0	0.0035333813162006567	0.0	0.0	0.0005205845640427781	0.42377151761421794	0.0007665281299114501	0.27663260931877887	0.0	0.005667456306175076	0.025385462845767103	0.000837266666473722	0.004679087266129726	0.005382891410256814	0.004357209468311866	0.0	0.0	0.0	0.21973285208616994	0.004146734911581974	0.0	0.0019464779156262164	0.0017049536051867494	0.00014375782652440764	0.603903110462898	0.0002707215547135842	0.6608614053479901	0.0	0.03440129905305083	0.0037561545419144506	0.07641225164355164	0.34594651777195223	0.04139410823303769	0.0	0.03600300731452834	0.35751793029072354	0.0006420831822423416	0.028938273354352218	0.09980710198029347	0.03803700020389929	0.10861870488458134	0.03289885402352263	0.0	0.052568323201241794	0.03323176670964943	0.0019385425359452605	0.0020963280987521377	0.09586150679312223	0.00025735318896167713	0.00011221457900450888	0.0	0.0	0.0	0.0	0.0	0.0	0.0	0.0	0.0	0.0	0.0	0.0	0.0	0.0	0.0	0.0	0.0	0.0	0.0	0.0	0.0	0.0	0.0	0.0	0.0	0.0	0.0	0.0	0.0	0.0	0.0	0.0	0.0	0.0	0.0	0.0	0.0	0.0	0.0	0.0
Scil_1	0.0006479145926198826	0.0	0.015054484355227587	0.0	0.000504396191374116	0.206708373176096	0.0022540832604426085	0.043157061402537375	0.0005528681097357047	0.0009238025608900143	0.0	0.0035184490654809877	0.0	0.0658815791401658	0.0	0.0	0.02290984892335369	0.0	0.0	0.0	0.16423998022279063	0.02742469277459055	0.7757610509566414	0.0	0.00036356754765151894	0.01214687404139665	0.03210891319346751	0.019874041795565296	0.6314033064883319	0.0	0.07547476288470224	0.0005009251657897121	0.4452279282749701	0.1670113799316611	0.1915584150270943	0.0	0.016125950585335697	0.0	0.12376208986479498	0.11369629962377903	0.0	0.00033465425975317853	0.13297104199120266	0.005939170614933377	0.0012363132599143233	0.0	0.0019220779946514152	0.00034103589639342146	0.0035639686150741876	0.020111786481104482	0.3887083635259401	0.35955282987564696	0.010399158109002753	0.015499593571166028	0.02423163181681721	0.759506165081915	0.0	0.0	0.0	0.0	0.0	0.0	0.0	0.0	0.0	0.0	0.0	0.0	0.0	0.0	0.0	0.0	0.0	0.0	0.0	0.0	0.0	0.0	0.0	0.0	0.0	0.0	0.0	0.0	0.0	0.0	0.0	0.0	0.0	0.0	0.0	0.0	0.0	0.0	0.0
Scil_10	0.0015645236131475878	0.00010399814328830015	0.06359260385379294	0.00027696008219021116	0.00206138643814161	0.2807553102753408	0.13791780635267642	0.011977596807546679	0.0	0.0564111743085168	0.000977187854095712	0.0007606350530660959	0.0005170906298283467	0.04318180856897266	0.0	0.00012433016914732467	0.033774914822201234	0.0	0.0	0.0	0.20134431540986858	0.04737434752010364	0.7510745800725691	0.0	0.0041558416138145066	0.0035523542011290667	0.015121531578421369	0.028700799725351618	0.6586723581342063	0.00018056716538701614	0.007903001030540193	0.0021195009057570846	0.24148705360721667	0.01124409635825411	0.0305725326956998	0.0006537809354384566	0.00259758917236513	0.0001372307116874868	0.1767415599524082	0.0147689351622666	0.00016713791142733333	0.0	0.04057605078773126	0.01695388280495549	0.0003181679967895727	0.0	0.0012719571240017318	0.0006230492196593084	0.0	0.33721552727778403	0.07222897353037336	0.036821644974386634	0.0005314377306489017	0.053997409227026436	0.3985741350743139	0.7134149979205409	0.0	0.0	0.0	0.0	0.0	0.0	0.0	0.0	0.0	0.0	0.0	0.0	0.0	0.0	0.0	0.0	0.0	0.0	0.0	0.0	0.0	0.0	0.0	0.0	0.0	0.0	0.0	0.0	0.0	0.0	0.0	0.0	0.0	0.0	0.0	0.0	0.0	0.0	0.0
Scil_11	0.04605382613428084	0.36997006905197105	0.0013018155007795782	0.02493925604394388	0.000740855131694712	0.0	0.022232743208739133	0.002817479640916494	0.008782512886880318	0.0007129814591836983	0.046311557109185456	0.0016083556476181424	0.24491934743928714	0.0	0.009636224985327676	0.02513039993152154	0.0027625486949955412	0.0017077666059774298	0.00017004003509822916	0.007401457167510212	0.0016528077688472247	0.013761747032230575	0.0	0.11015884058094409	0.02534314321807395	0.0	0.020022546024075563	0.014061749784167193	0.008326740754932907	0.3946345832838282	0.00020135516752315427	0.41830700659786535	0.00010116927089946672	0.0014136497341196588	0.007280929051062725	0.018031527703981903	0.035469161272126196	0.0022558510214275235	8.953448248193093e-05	0.024616045563678253	0.3812634064085827	0.0027251361693324387	0.2710611249690451	0.05780204881833826	0.0022540808266236336	0.0072161962279127575	0.0038095132935907225	0.0	0.00034946081684655524	0.33483120417667367	0.0055183762472860425	0.019845158999184574	0.03428954753678795	0.004188563848541807	0.05537705809401444	0.00013592368542609672	0.0	0.0	0.0	0.0	0.0	0.0	0.0	0.0	0.0	0.0	0.0	0.0	0.0	0.0	0.0	0.0	0.0	0.0	0.0	0.0	0.0	0.0	0.0	0.0	0.0	0.0	0.0	0.0	0.0	0.0	0.0	0.0	0.0	0.0	0.0	0.0	0.0	0.0	0.0
Scil_12	0.03971981976349396	0.34112794076054753	0.0	0.01674188656716026	0.0029197248487584015	0.0	0.0033196504712706882	0.031701351253825186	0.0	0.0031186954973940707	0.11193447009349447	0.00025964170727856093	0.166771676514681	0.008755775828332962	0.008566079081736212	0.0015935524275219478	0.000577542282297295	0.0010788269086757997	0.0	0.001984967430081177	0.09594971547337144	0.020569362653105328	0.0200065485954792	0.09797482181308578	0.06159482424027611	0.0	0.09724084080492337	0.12414107976706948	0.09193944137170343	0.6354600709679931	0.08483077698379438	0.010917801797323351	0.05596352111199728	0.0038247506721499082	0.0013237718868656313	0.013141435316738507	0.02727282627013996	0.002679930676315591	0.0	0.0322408186187958	0.01785244496178887	0.013827967811861932	0.056895915626645574	0.01184433620786144	0.013958320005004654	0.0	0.0020530853833081652	0.15724689843439912	0.4819333510990146	0.0644361633515542	0.022455808368597056	0.011603552434688951	0.02934840758629047	0.11464484693074303	0.019860077152520847	0.02707279610894872	0.0	0.0	0.0	0.0	0.0	0.0	0.0	0.0	0.0	0.0	0.0	0.0	0.0	0.0	0.0	0.0	0.0	0.0	0.0	0.0	0.0	0.0	0.0	0.0	0.0	0.0	0.0	0.0	0.0	0.0	0.0	0.0	0.0	0.0	0.0	0.0	0.0	0.0	0.0
Scil_13	0.18360380660620773	0.4055881488514915	0.005044771618439381	0.0038213655564593475	0.002210103290937685	0.0	0.0095519054181966	0.0	0.0051562832983378685	0.04490647050757689	0.02348942879229262	0.001131341865552272	0.03875379721929855	0.0	5.335206716335376e-05	0.0	0.0006359611654669494	0.0017472664114929488	8.691577465709364e-05	0.0003865579048104584	0.0	0.0	0.0	0.11019325742143267	0.0004544811457850558	0.0	0.006024555528158113	0.1170958548838374	0.010396078369094435	0.4112567299831465	0.3001731101914351	0.034906889369602914	0.10863665385383289	0.0350642115189325	0.010654186901958147	0.006402527926817936	0.02075181452448057	0.008915977403068816	0.0	0.013919319452451806	0.008704569201894701	0.00392332094729808	0.0017626434299462628	0.0961301612613377	0.02702967793531753	0.0002835408859604937	0.004541943660228295	0.09476269092150855	0.001419696157770043	0.05970054508829449	0.0733696642064858	0.012992749867188388	0.01137802315919881	0.02311766742953298	0.011826328364033191	0.10196818893526746	0.0	0.0	0.0	0.0	0.0	0.0	0.0	0.0	0.0	0.0	0.0	0.0	0.0	0.0	0.0	0.0	0.0	0.0	0.0	0.0	0.0	0.0	0.0	0.0	0.0	0.0	0.0	0.0	0.0	0.0	0.0	0.0	0.0	0.0	0.0	0.0	0.0	0.0	0.0
Scil_14	0.00559764396629307	0.0013432565339609411	0.012946590872115402	0.0003830460244722578	0.0028318302239838224	0.06777370715904017	0.003543528385210528	0.015575270026009969	0.0017967091886549353	0.0009596950632753145	0.01004034607626084	0.0021585102503736634	0.003537948230387418	0.01891732140125304	0.00025769051455468373	0.0034569743760652625	0.0	0.0	0.0	0.005367990360313187	0.07467590178614121	0.022907255186265407	0.4142899470009618	0.0	0.003764560724605815	0.004250277719181114	0.02129783422468635	0.02081704175842213	0.2883724883532805	0.004038898449376718	0.05096898359835241	0.011360866750546341	0.04125223296836238	0.03516546000459963	0.04360788525580715	0.0	0.00021387570520787716	0.00013406431171821372	0.01120558807814111	0.12351515358100229	0.00013421196173118974	0.00011805346032808849	0.158108502412115	0.0015211875454066454	0.004773377958816538	0.00015430192361860236	0.0	0.0025433260061466763	0.00012586514846771738	0.0676871660366542	0.165706458296689	0.0688597875310986	0.07677839494546618	0.00661335946185642	0.060141405155800666	0.39553557175246634	0.0	0.0	0.0	0.0	0.0	0.0	0.0	0.0	0.0	0.0	0.0	0.0	0.0	0.0	0.0	0.0	0.0	0.0	0.0	0.0	0.0	0.0	0.0	0.0	0.0	0.0	0.0	0.0	0.0	0.0	0.0	0.0	0.0	0.0	0.0	0.0	0.0	0.0	0.0
Scil_15	0.0033708605865330164	0.0006910504339588305	0.002908633944061769	0.0005850089513554419	0.0017130513951079027	0.17434155270143464	0.0013093621646569297	0.026353837381144506	0.0011683848128666995	0.007298818852873969	0.0009499142047052055	0.001063631736490927	0.0011190318352239101	0.09030230773133573	0.0	0.0	0.008472078419021457	0.0002607758438282513	0.0	0.011490570954700848	0.2312889825518008	0.008956311731981215	0.3874835202235388	0.0	0.002251711284226557	0.017868308598660666	0.037663241775312294	0.014608484977666345	0.2914647486970841	0.000279452696191002	0.052786798234887244	0.0028294359735533702	0.13904343877258385	0.004869473219012168	0.008141608601357564	0.0005530300729717037	9.753716161733547e-05	0.00019531436276150997	0.0049550486142194445	0.03299577005812379	0.0	0.0	0.10303655951361246	0.0034886272503830197	0.0004990293185227481	3.573720458324163e-05	0.0013187930935150078	0.006795618233169189	0.0006660311697722314	0.006298122384875089	0.10900832706036392	0.058376355447459796	0.003930085259780288	0.019170074007780497	0.03211010313385106	0.5235569585181521	0.0	0.0	0.0	0.0	0.0	0.0	0.0	0.0	0.0	0.0	0.0	0.0	0.0	0.0	0.0	0.0	0.0	0.0	0.0	0.0	0.0	0.0	0.0	0.0	0.0	0.0	0.0	0.0	0.0	0.0	0.0	0.0	0.0	0.0	0.0	0.0	0.0	0.0	0.0
Scil_16	0.009015381241072302	0.415241283810062	0.0	0.00829238930586569	0.00037884908142634077	0.0	0.00025405180216858724	0.0	0.0	0.00029457556499655637	0.05328467937453003	0.0	0.19098265746240953	0.0	0.0040479229374713235	0.003452268048029548	0.0	0.00048130396269028516	0.0	0.0014059163962573738	0.0	0.0	0.0	0.06631359578949028	0.003036541036971012	0.0	0.0006101721690847833	0.022885511667997904	0.0	0.8282390648590654	0.0002900955762667265	0.05693153104938742	0.0	0.0	0.0017766890035180952	0.0155400534548059	0.04343584782915727	0.0012186053115788406	0.0	0.0021422609115967885	0.29167054195334385	0.008564821850004314	0.05080228479835638	0.015209622888850924	0.00042215940194654915	0.40194338787019407	0.015311410651876528	0.0	0.0	0.006076103149330227	0.0	0.0	0.035694412028916135	0.0	0.0	0.0	0.0	0.0	0.0	0.0	0.0	0.0	0.0	0.0	0.0	0.0	0.0	0.0	0.0	0.0	0.0	0.0	0.0	0.0	0.0	0.0	0.0	0.0	0.0	0.0	0.0	0.0	0.0	0.0	0.0	0.0	0.0	0.0	0.0	0.0	0.0	0.0	0.0	0.0	0.0
Scil_17	0.01181108889103735	0.15796543191467902	0.0021468866370648694	0.0024675635875980894	0.00014577584058830294	0.029457009605496264	0.007230716055979176	0.0031009520222793742	0.012233092173673504	0.0028705967562662055	0.03300488347498974	0.0013828079254315988	0.11125874028013465	0.008640916372156594	0.01783025412321074	0.001123917803354932	0.007515288125571793	0.00046011255078373095	0.0	0.02567523926970695	0.02995618654628012	0.007495500673182191	0.31654163300204785	0.15794006133834332	0.0074101070755996645	0.0029207134146050162	0.01425516937101105	0.03994129255811692	0.18458974976206693	0.3156216090532039	0.002862000817412309	0.043820493292458046	0.013447025886965499	0.00037609437413852034	0.0015286477461397502	0.006183361370865386	0.009189711213834599	0.0009076142232350467	0.0006174912659259845	0.010162372396342973	0.02909455619726472	0.0033988033351462416	0.04412751067460052	0.0002542606698815067	0.0004905356909261347	0.00044011067252263834	0.0004310436093113332	0.0040532588166622445	0.11217854419259965	0.07291576406790926	0.023729598474539784	0.016296195454403726	0.0213372103164371	0.004990424752909019	0.03652576289982353	0.24668962375309694	0.0	0.0	0.0	0.0	0.0	0.0	0.0	0.0	0.0	0.0	0.0	0.0	0.0	0.0	0.0	0.0	0.0	0.0	0.0	0.0	0.0	0.0	0.0	0.0	0.0	0.0	0.0	0.0	0.0	0.0	0.0	0.0	0.0	0.0	0.0	0.0	0.0	0.0	0.0
Scil_18	0.009921223025889093	0.2619817068318443	0.017366960734707705	0.0041622587398784956	0.0009491989472474446	0.0	0.02588743759207479	0.0010687595817744288	0.003041712921095538	0.03289984913309152	0.11856317748403508	0.003397453271456386	0.03750500298539261	0.006367446486559046	0.006803207101290137	0.0003123509740542473	0.00016200960392465777	0.004788816468856355	6.811211612456648e-05	0.0013700286636135184	0.018301430182690714	0.011858624817093828	0.0	0.05014220388612166	0.012270849612709692	0.0	0.00982770517263873	0.01810160180329917	0.05055917942766356	0.29127481637159525	0.021113070436763172	0.10087400940472795	0.08265041361639211	0.00038038434076872584	0.0006753305986207646	0.004021817802454636	0.021009406558028396	0.0027709595035814135	0.0	0.004925433679139896	0.057787541640540493	0.000512950432466948	0.020338106789935317	0.009278509308101939	0.003027524679109272	0.001929639126587759	0.0007507813795029302	0.048373302196255526	0.000385571894849858	0.08033009213007258	0.005414342278340184	0.014309338569956984	0.005159279370739181	0.010190383341655349	0.08058680581259936	0.04533874953208602	0.0	0.0	0.0	0.0	0.0	0.0	0.0	0.0	0.0	0.0	0.0	0.0	0.0	0.0	0.0	0.0	0.0	0.0	0.0	0.0	0.0	0.0	0.0	0.0	0.0	0.0	0.0	0.0	0.0	0.0	0.0	0.0	0.0	0.0	0.0	0.0	0.0	0.0	0.0
Scil_19	0.022383318665868634	0.0	0.047672747044704436	0.0	0.006970273411671722	0.05076379033047089	0.026557399974070334	0.010569019982817502	0.007514950645921496	0.0034586650776433185	0.025415780519032937	0.029841357429296233	0.016630046450014382	0.0	0.00024879890688156577	0.0014235736303283611	0.0069635341721349135	0.0	0.000235802474485534	0.005851143353592459	0.1276297223745262	0.08045636282890485	0.10465551416527823	0.0	0.004829748909983615	0.006651400468280546	0.024947734143973478	0.09644552561605166	0.03381543381791816	0.011283818001748559	0.6975121229858738	0.003856847756125595	0.6475452336786558	0.06054040876647101	0.06494299691309002	0.02691102361994855	0.002986639456227106	0.0017913526037196242	0.001507716939858645	0.050431353872231396	0.00047319288115186577	0.0011476251142240512	0.011529437496137867	0.004945816312819346	0.023189942066607207	6.067862098681956e-05	0.000561192539696383	0.6593898145163626	0.001187027979431661	0.04130296271384543	0.18998885148803332	0.10725570210881401	0.018821903541667136	0.1297269241509086	0.012043673575319908	0.15693871000744114	0.0	0.0	0.0	0.0	0.0	0.0	0.0	0.0	0.0	0.0	0.0	0.0	0.0	0.0	0.0	0.0	0.0	0.0	0.0	0.0	0.0	0.0	0.0	0.0	0.0	0.0	0.0	0.0	0.0	0.0	0.0	0.0	0.0	0.0	0.0	0.0	0.0	0.0	0.0
Scil_2	0.1428214594080512	0.7716384460060097	0.0	0.020363770250063064	0.0	0.0	0.0	0.0	0.0	0.0005736921912922728	0.0865402460235574	0.0	0.630413096991602	0.0	0.0	0.001179653547175271	0.0	0.009764241599579124	0.0	0.0	0.0	0.0	0.0	0.6051479919881504	0.0009033766619549081	0.0	0.0009259454325618094	0.004156913093648575	0.0	0.5674845391803344	0.002018133492095825	0.08938548378110914	0.0	0.006073972932567754	0.0002678537922305544	0.012165380767570838	0.08227627609939359	0.015614348918247723	0.0	0.006794339541321004	0.16177960220999502	0.0006109948649465697	0.006283002216723325	0.05001858405228371	0.0005531892743858243	0.016521030727117844	0.011153656833642561	0.0	0.006026706348503071	0.018550579206808672	0.0009948418651045065	0.0001811053973763723	0.010592231111807524	0.002189566836518293	0.00027424216653924524	0.0	0.0	0.0	0.0	0.0	0.0	0.0	0.0	0.0	0.0	0.0	0.0	0.0	0.0	0.0	0.0	0.0	0.0	0.0	0.0	0.0	0.0	0.0	0.0	0.0	0.0	0.0	0.0	0.0	0.0	0.0	0.0	0.0	0.0	0.0	0.0	0.0	0.0	0.0	0.0
Scil_20	0.012330105519034091	0.005322179599865702	0.0	0.5606366498480067	0.43894700729535785	0.0	0.00017037638585720607	0.0018588282789815502	0.0019067466852209745	0.00040577853065752457	0.005193887753054149	0.002355949678910529	0.013249211482523834	0.0	0.004468195814949815	0.005844324575873596	0.004185394700120434	0.0	0.42352497219554275	0.0	0.0	0.0	0.0	0.0	0.8864373773245804	0.0	0.25061320092526973	0.6485627999778171	0.056754078554389284	0.017728348000308397	0.0	0.0	0.0034727495550622585	0.0	0.0	0.9985449721547219	0.009496500031531945	0.5236760803453973	0.0010027930469521293	0.0	0.20539991760442416	0.561658355096424	0.0	0.025281214742669717	0.0005817435523138352	0.025116183563026202	0.03751883807442714	0.0005580978651371111	0.0	0.04438037538771162	0.0	0.0	0.0	0.41669225744285165	0.013774556719645706	0.003019536730780345	0.0	0.0	0.0	0.0	0.0	0.0	0.0	0.0	0.0	0.0	0.0	0.0	0.0	0.0	0.0	0.0	0.0	0.0	0.0	0.0	0.0	0.0	0.0	0.0	0.0	0.0	0.0	0.0	0.0	0.0	0.0	0.0	0.0	0.0	0.0	0.0	0.0	0.0	0.0
Scil_21	0.056783431552489196	0.14581549113930375	0.01258992490237068	0.018525110733761948	0.0023629599286932373	0.11471477508135464	0.017996714185049594	0.007268338731540039	0.0019132263507979255	0.0804105029533905	0.004392741792558276	0.0012938419651581663	0.04140647640012194	0.023047939292348857	0.0003660535559789224	0.0010798620083275834	0.023094518502063337	0.0	0.0	0.0	0.04950349966884275	0.010033018870096562	0.11394489961742175	0.020682591029852815	0.010206055484660356	0.0017906223046873309	0.02082694657537956	0.6445378593659523	0.15515830038693046	0.5830516366442431	0.012588960453751703	0.005562828270019052	0.040248211811190156	0.0	0.002372975884874954	0.00019265879464003762	0.0002651541038725155	0.0	0.00038299273902102625	0.005110009512088846	0.010506335752205016	0.02733774574682412	0.18997968925360748	0.00523890877300756	0.0003343258128429168	0.0006050894050621202	0.003561124266792412	0.005966837425144053	0.0	0.24373896363597108	0.056464424459906834	0.008734659626489746	0.007246828609270577	0.024151562318464305	0.08417777595728573	0.17133214825906748	0.0	0.0	0.0	0.0	0.0	0.0	0.0	0.0	0.0	0.0	0.0	0.0	0.0	0.0	0.0	0.0	0.0	0.0	0.0	0.0	0.0	0.0	0.0	0.0	0.0	0.0	0.0	0.0	0.0	0.0	0.0	0.0	0.0	0.0	0.0	0.0	0.0	0.0	0.0
Scil_22	0.005882860058810281	0.0014590804408388116	0.00424550804280106	0.0007182810156553004	0.0021800193672277786	0.1023969073080365	0.005869329880957086	0.018303983040892466	0.020571100863824094	0.0016528501706750721	0.027213372612876173	0.006267099375980184	0.0	0.00012147795677854351	0.0014503220518283194	0.005493625974258507	0.011842935128014938	6.166564657555665e-05	0.0008209867863375426	0.005717846320248859	0.05375822419288662	0.03856379033565765	0.3363641423003648	0.0	0.008376556024799989	0.0026803421302653363	0.008651506436041144	0.006150867414819816	0.1033265632369172	0.007160596935675109	0.045223179518251576	0.06626470845153822	0.0021339192551050176	0.14458818794472988	0.20861076912707865	0.0	0.004786978241047747	0.00014537771691942265	0.0011730799711959538	0.40740461547712686	0.0003571227832136094	0.00011934439769384231	0.18881368311946461	0.015142460750320963	0.020994684442534668	0.000523443306189603	0.0017701799361564553	0.0	0.000223252828472322	0.017340321072023067	0.2949608727298905	0.2806647167703977	0.2866296878041676	0.0034345893637075615	0.003162983182231724	0.05500404791861311	0.0	0.0	0.0	0.0	0.0	0.0	0.0	0.0	0.0	0.0	0.0	0.0	0.0	0.0	0.0	0.0	0.0	0.0	0.0	0.0	0.0	0.0	0.0	0.0	0.0	0.0	0.0	0.0	0.0	0.0	0.0	0.0	0.0	0.0	0.0	0.0	0.0	0.0	0.0
Scil_23	0.0	0.0	0.08020519966004673	0.0	0.027635911547787866	0.007327483045247633	0.007945842182821811	0.048320703587716604	0.0	0.012659343747180783	0.0	0.01108966685121039	0.0	0.04622157019456935	0.0	0.0015553225993882864	0.0	0.0	0.0	0.0	0.11306236313165999	0.06421208447671664	0.6781007353455535	0.0	0.0	0.06099332874033688	0.004323787913934672	0.0	0.3844526189899392	0.0	0.0005826474478701977	0.0	0.0632241158879452	0.00863728402638161	0.19371813740613653	0.0	0.003416084332311959	0.0001992233640220357	0.1275979706835541	0.03510860097201515	0.0	0.0	0.0	0.0012997067672157526	0.0	0.0	0.0	0.0	0.0	0.0	0.12645862205378836	0.1123645060735099	0.005719591887260367	0.007813653535610438	0.013488335922748975	0.7884179423357356	0.0	0.0	0.0	0.0	0.0	0.0	0.0	0.0	0.0	0.0	0.0	0.0	0.0	0.0	0.0	0.0	0.0	0.0	0.0	0.0	0.0	0.0	0.0	0.0	0.0	0.0	0.0	0.0	0.0	0.0	0.0	0.0	0.0	0.0	0.0	0.0	0.0	0.0	0.0
Scil_24	0.0	0.0	0.2026381034506915	0.0	0.05284744392582248	0.0698888891998655	0.0	0.2702065357797066	0.007001037380263568	0.00010189456697589968	0.0	0.017882919277500315	0.0	0.16743326687505747	0.0	0.0	0.0	0.0	0.0	0.0	0.4529883477391269	0.46667794675169105	0.8044454088319515	0.0	0.002591729657440162	0.7138309679990239	0.005902471892089973	0.005606824672538923	0.3298635903034916	0.0	0.0011084584779289535	9.165901631010662e-05	0.08189466989662758	0.036529870553215535	0.2778566008023272	0.0	0.019380035542982003	0.0009311985938094756	0.0145877830955494	0.11322948275495955	0.0	0.0	0.0	0.0	0.0	0.0	0.00014986891969874408	0.0	0.0	0.0	0.587371781242277	0.3066226441994048	0.018986491229615328	0.05059223719647073	0.04486229201372817	0.8686024890697908	0.0	0.0	0.0	0.0	0.0	0.0	0.0	0.0	0.0	0.0	0.0	0.0	0.0	0.0	0.0	0.0	0.0	0.0	0.0	0.0	0.0	0.0	0.0	0.0	0.0	0.0	0.0	0.0	0.0	0.0	0.0	0.0	0.0	0.0	0.0	0.0	0.0	0.0	0.0
Scil_25	0.04197291017602982	0.018683427876435496	0.0	0.02573427668597849	0.0003852482301510486	0.024368742870578435	0.03872016281651504	0.0	0.0001267738449852957	0.007358150447268288	0.028112499556264537	0.0005101973061264256	0.05316935191889027	0.0	0.0018288924238023432	0.006527038909012392	0.021415666775052182	0.0	0.0	0.014311411499670645	0.0026638017289202405	0.015456494016030869	0.0	0.032911254760685585	0.01601265505187844	0.0	0.011134940373064364	0.051318802413805466	0.07945795729291359	0.02825017088797107	0.0008618935777196867	0.07075104197714223	0.004358618866586899	0.00427126795554846	0.001048052004531966	0.002366646076093369	0.037741216213346696	0.003014875638329587	0.00043813685736542876	0.03664289525458812	0.03069627009587002	0.0046896984235866145	0.07713852023915618	0.011771377795236378	0.001855719543244104	0.0015423780851857257	0.0010607508875979303	0.0006573446479755747	0.0039807380151994625	0.2111196280437734	0.005982001435508517	0.011808922752631184	0.027494358850737848	0.025963520537097773	0.056619862703125	0.0	0.0	0.0	0.0	0.0	0.0	0.0	0.0	0.0	0.0	0.0	0.0	0.0	0.0	0.0	0.0	0.0	0.0	0.0	0.0	0.0	0.0	0.0	0.0	0.0	0.0	0.0	0.0	0.0	0.0	0.0	0.0	0.0	0.0	0.0	0.0	0.0	0.0	0.0	0.0
Scil_26	0.00039320184524293145	0.09597358523150744	0.0	0.0049199147330600546	8.315546072334347e-05	0.0	0.00021133496965654335	0.0	4.489190785055545e-05	0.0	0.06972011917269408	0.0	0.08393878072252729	0.0	0.0019332065766645532	0.0021135083227462477	0.0003036272700404294	0.0	0.0	0.002006286566689993	0.0	0.0009252798906345417	0.0	0.08977766678708084	0.0038041279510851907	0.0	0.003281868450424677	0.0013633610101350876	0.0016674202532356418	0.2700738371973369	0.00017109228673841125	0.06629540829897082	0.0008631412624146408	0.0003903980890180351	0.0006628290852709385	0.000620702579053868	0.002893738866019547	0.0001101287151797933	0.0	0.02234476479672169	0.07093893340532076	0.0004536214911070261	0.0324755525114113	0.006938239536158958	0.0003663865224753758	9.979976549844311e-05	0.00010288267178979746	0.0	0.0028899917225645505	0.00277758958886471	0.00015737199395549092	0.001689803981786444	0.011432608162804656	0.0002839913052402616	0.0001233489618426757	0.0	0.0	0.0	0.0	0.0	0.0	0.0	0.0	0.0	0.0	0.0	0.0	0.0	0.0	0.0	0.0	0.0	0.0	0.0	0.0	0.0	0.0	0.0	0.0	0.0	0.0	0.0	0.0	0.0	0.0	0.0	0.0	0.0	0.0	0.0	0.0	0.0	0.0	0.0	0.0
Scil_27	0.0	0.024310869585514053	0.0	0.0007426674722605608	0.00043803734215429357	0.0	0.00027085041714197255	0.0	0.0	0.0006283583626970267	0.27081106399817184	0.0	0.02594402662347267	0.0	0.003119159345025604	0.0007900614056283943	0.0	0.0	0.0	0.0	0.0	0.00015627379148512854	0.0	0.0049314393364547305	0.0007279824983477414	0.0	0.0	0.0	0.0	0.4062276498068422	0.0	0.26819375528459966	0.0	0.004234247924390247	0.0005554089778884918	0.011498872588218308	0.19067948702274667	0.0013305648255908394	0.0	0.0	0.0	0.0	0.0	0.028651422658137592	0.013070435108796411	0.010978332839092816	0.0005745923143992263	0.0	0.006463271302245828	0.0	0.0002447670893446258	0.0030914421017851357	0.07088793846944266	0.0	0.0	0.0	0.0	0.0	0.0	0.0	0.0	0.0	0.0	0.0	0.0	0.0	0.0	0.0	0.0	0.0	0.0	0.0	0.0	0.0	0.0	0.0	0.0	0.0	0.0	0.0	0.0	0.0	0.0	0.0	0.0	0.0	0.0	0.0	0.0	0.0	0.0	0.0	0.0	0.0	0.0
Scil_28	0.00034068327641923667	0.01957066725835325	0.0	0.060337453029900734	0.003793823227198448	0.0	0.0008072399859996131	0.0003560492976293247	0.0027260135114079527	0.0	0.0003864396346812133	0.004655806436939281	0.007691278174228768	0.0	0.0	0.04939590667198696	0.0	0.0	0.00046906456335092184	0.0	0.0	0.0	0.0	0.0018674627857882468	0.5309015812942428	0.00972215354212173	0.08429588486665558	0.7876988696547109	0.011659720877801873	0.12806686773476403	0.0	0.0	0.0011787976930303218	0.0	0.0	0.0028300874646534054	0.007361703294428738	0.5252573143364987	0.00020232735923913806	0.0	0.21962335589793422	0.12114627982974531	0.007000688944675202	0.3061574352138641	0.0	0.00498707451614709	0.0005310930877449745	0.0	0.0004798076692088607	0.02983382665999697	0.0	0.0	0.0	0.7908159389954188	0.010015888569171221	0.02055392674901138	0.0	0.0	0.0	0.0	0.0	0.0	0.0	0.0	0.0	0.0	0.0	0.0	0.0	0.0	0.0	0.0	0.0	0.0	0.0	0.0	0.0	0.0	0.0	0.0	0.0	0.0	0.0	0.0	0.0	0.0	0.0	0.0	0.0	0.0	0.0	0.0	0.0	0.0	0.0
Scil_29	0.0011058638899558062	0.06097964254733722	0.0	0.0009103700555402322	0.001331804151473443	0.0	0.03012757031926211	0.0	0.0	0.2417297602461279	0.08746403701213665	0.0	0.1633215626301532	0.0	0.0006791343259024407	0.001785600646331327	0.0003451593425496309	0.18408728504830527	0.0	0.0	0.0	0.0	0.0	0.028171419686765547	0.0012405588437670403	0.0	0.0018994347389950186	0.0	0.0	0.10580078708840464	0.0	0.37165846409354	0.0	0.00011915654880076569	0.0	0.0012660478353660964	0.01394978194024834	0.019085103886214608	0.0	0.002058606437838035	0.16920846152842076	0.0002950430645312507	0.0	0.009181199209507374	0.0013660953709652636	0.0016154474941052668	0.0009061224533613258	0.0	0.00035968545949844764	0.4076448870225734	0.00043799720301298373	0.0	0.0019379016908091964	0.0001265327331039511	0.03954460278353589	0.0	0.0	0.0	0.0	0.0	0.0	0.0	0.0	0.0	0.0	0.0	0.0	0.0	0.0	0.0	0.0	0.0	0.0	0.0	0.0	0.0	0.0	0.0	0.0	0.0	0.0	0.0	0.0	0.0	0.0	0.0	0.0	0.0	0.0	0.0	0.0	0.0	0.0	0.0	0.0
Scil_3	0.14695731115911528	0.5320691553344201	0.0	0.02264136372142868	0.0022301829918235424	0.00034149794444057936	0.0006702307855120196	0.0	0.0008523068172367502	0.0002892532728859098	0.07934802089411822	0.00010921240366922342	0.29576095815225795	0.0	0.007519921520487196	0.0036985582447986963	0.011725560826833497	0.017391783636153617	0.018065345309850538	0.021406557700864765	0.0	0.0012935506359073976	0.0	0.21026311751732277	0.006409532030017534	0.0	0.004202950247087734	0.007723614048405292	0.0019051607705025716	0.4871692415815055	0.0	0.26513332582469734	0.00019742622947111366	9.105610747864998e-05	0.0018742493910395852	0.027632307704471927	0.2349922741370011	0.018037071055448876	0.0	0.006142193163267688	0.34295734226512276	0.0012012976499162172	0.15801939133889867	0.029769434130127087	0.0039345123046209424	0.031284281456362965	0.005173098923801004	0.0	0.00541902960997344	0.062103317831708006	0.00014321602752110106	0.00245008272070795	0.005944921604450704	0.013776506198859626	0.0022900446721653553	0.0	0.0	0.0	0.0	0.0	0.0	0.0	0.0	0.0	0.0	0.0	0.0	0.0	0.0	0.0	0.0	0.0	0.0	0.0	0.0	0.0	0.0	0.0	0.0	0.0	0.0	0.0	0.0	0.0	0.0	0.0	0.0	0.0	0.0	0.0	0.0	0.0	0.0	0.0	0.0
Scil_30	0.007940678659263123	0.0194936565613622	0.0	0.001750460999893485	0.0023708237865026323	0.0	0.12260769223387893	0.0	0.0003748586416125848	0.02180602817119029	0.011964230353350359	0.00016875572406300238	0.04782339536836562	0.0	0.0009366610710826462	0.001845118263570169	0.001978382636368463	0.017304973450454213	0.0	5.6641854567996386e-05	0.0	0.003379266327941379	0.0	0.008757316326502044	0.007918033584746003	0.0	0.0007703086967531097	0.04875215729315422	0.04600943994692696	0.014229707051178125	0.0018400758095079319	0.02630398996357567	0.021263187934875662	0.0	7.582281743191405e-05	0.002117909735399401	0.001401990154283811	0.0005224559773615785	0.00018831801667295992	0.0036658181789591205	0.22754967331215042	0.0004357118400973543	0.00052560298130117	0.005275092992667716	0.0	4.373898109511325e-05	0.0005439854484787402	0.01963163352308956	0.0	0.2016069206358872	0.0025381930886901024	0.00015632811293370816	0.0039795649391540944	0.012705505493776099	0.13334787256872033	0.0011921554631855254	0.0	0.0	0.0	0.0	0.0	0.0	0.0	0.0	0.0	0.0	0.0	0.0	0.0	0.0	0.0	0.0	0.0	0.0	0.0	0.0	0.0	0.0	0.0	0.0	0.0	0.0	0.0	0.0	0.0	0.0	0.0	0.0	0.0	0.0	0.0	0.0	0.0	0.0	0.0
Scil_31	0.06715876882257316	0.0008125862799608719	0.0	0.14378425482208773	0.0001224703107704194	0.0	0.0	0.0	0.0	0.0	0.0	0.0001957740781055674	0.10279131936765204	0.0	0.0004423381714340932	0.024858604338919586	0.0	0.0	0.006007047919588901	0.0	0.0	0.0005691043822738014	0.0	0.004620625165897384	0.0508246824984819	0.0	0.016741330874967618	0.08429844777540926	0.0068079398700836265	0.00925198466889553	0.0	0.0	0.0009621596832549338	0.0	0.0	0.004986813006905346	0.013992068850753093	0.7985209670413073	0.00034977526256894264	0.0	0.018407937234912474	0.0059480764942556105	0.0	0.026462368644009786	0.0005364664498527434	0.0005125156304517358	0.0003607424686460449	0.0	0.0	0.010358873161671323	0.0	0.0	0.0	0.3667981645475301	0.0001749689034172623	0.0013043668842134563	0.0	0.0	0.0	0.0	0.0	0.0	0.0	0.0	0.0	0.0	0.0	0.0	0.0	0.0	0.0	0.0	0.0	0.0	0.0	0.0	0.0	0.0	0.0	0.0	0.0	0.0	0.0	0.0	0.0	0.0	0.0	0.0	0.0	0.0	0.0	0.0	0.0	0.0	0.0
Scil_32	0.08274277436938354	0.0237161545193025	0.029287594920667424	0.004245383334745381	0.004561037052975801	0.0018542437297884924	0.00027098401200340586	0.0008919260314173888	0.0	0.0	0.0015616904540405878	0.0023060886985312038	0.08482654516123748	0.0036080009417056823	0.0	0.0016570235487171569	0.0	0.0004699368500720301	0.0	0.0	0.023628282862642267	0.019656265507272678	0.00709103059985749	0.007436469725011352	0.061902912892088734	0.04019912254861556	0.03108059651390676	0.2930161268437951	0.06891960279158713	0.02924057933520644	0.0	0.0	0.008411402629406777	0.0001632862994201917	0.00028416053062932004	0.015912092263801712	0.0007811616904018709	0.02138116516991152	0.0018457460285601051	0.0	0.17389618508063748	0.06060429004668209	0.006719098396986945	0.013035293694868572	0.0	0.00045810491421771827	0.000304113814356937	0.00017195063174676987	0.0	0.019811903787486783	0.000997329886987846	0.0001207198526916556	0.0	0.19465844544407104	0.015829387486072228	0.14136656969747957	0.0	0.0	0.0	0.0	0.0	0.0	0.0	0.0	0.0	0.0	0.0	0.0	0.0	0.0	0.0	0.0	0.0	0.0	0.0	0.0	0.0	0.0	0.0	0.0	0.0	0.0	0.0	0.0	0.0	0.0	0.0	0.0	0.0	0.0	0.0	0.0	0.0	0.0	0.0
Scil_33	0.0	0.0	0.006443592204622381	0.0	0.01493478214647068	0.0	0.017416616642969996	0.0005229478516667034	0.022313765704135652	0.00021936321751213927	0.058935846937385704	0.008415136857578009	0.0033881700821773745	0.0	0.0001751242107144357	0.0034529581239517693	0.0	0.0	0.0	0.0	0.0	0.01967299378092575	0.0	0.0	0.0016278270829214133	0.0020235651071232935	0.0004326262576946168	0.0	0.007277038241788989	0.021776966526073936	0.0011041730141236464	0.07664332019810728	0.000315821952799668	0.07169420046910653	0.11129082456803518	0.00015956624399763062	0.11730693344014335	0.0	7.477608623195423e-05	0.0020632915582345507	0.0	0.0	0.0	0.003800920574643437	0.12135322688088943	0.0	0.0	0.0	0.0010476126091262402	0.003630879834448546	0.34480182591727426	0.48495045537702675	0.10329518691992998	0.0002139233202496546	0.009264133530098556	0.0	0.0	0.0	0.0	0.0	0.0	0.0	0.0	0.0	0.0	0.0	0.0	0.0	0.0	0.0	0.0	0.0	0.0	0.0	0.0	0.0	0.0	0.0	0.0	0.0	0.0	0.0	0.0	0.0	0.0	0.0	0.0	0.0	0.0	0.0	0.0	0.0	0.0	0.0	0.0
Scil_34	0.0	0.0	0.014968829163591147	5.672323981960277e-05	0.0005463918696675263	0.02743279720528342	0.039746109884499684	0.000551755936412873	0.0	0.06462557791360281	0.0007423053409060549	0.00021305898241219716	0.0005348944350868158	0.015984433241475728	0.0	0.0	0.0017519542367771177	0.00019395427973305078	9.415275515149285e-05	0.0	0.04583010406778267	0.01735678649014895	0.01627547885961875	8.465892848772356e-05	0.0004586642700985545	0.006254723232663231	0.001325598640948816	0.0001124655860200062	0.051055102822140284	0.0	0.0006746078659350108	0.008073726432888503	0.010287063112106348	0.00019824092443767325	0.0004201336590089904	8.84168448185928e-05	0.0	0.0016517630229043886	0.00038417047322004917	0.0004500006262596823	0.0014746962959755595	0.0	0.0021181272214526705	0.0023355881948925353	0.0	0.0	0.0002189688498071078	0.0	0.0	0.35965208872585375	0.005629437323858025	0.0031035159777050678	0.0	0.0010647114951771437	0.32534055835939396	0.14069947508625466	0.0	0.0	0.0	0.0	0.0	0.0	0.0	0.0	0.0	0.0	0.0	0.0	0.0	0.0	0.0	0.0	0.0	0.0	0.0	0.0	0.0	0.0	0.0	0.0	0.0	0.0	0.0	0.0	0.0	0.0	0.0	0.0	0.0	0.0	0.0	0.0	0.0	0.0	0.0
Scil_35	0.0	0.0	0.2220906329352957	0.0001992219695912618	0.0014557432076564528	0.03759335697916506	0.0014959762990303881	0.007529727562593498	0.0061271769715625654	0.0	0.0006880510106199956	0.002269687280056207	0.0	0.21968320716166007	0.0	0.0	0.0	0.0	0.0	0.0	0.12271231464247798	0.22106113119559873	0.6525893966905393	0.0	0.0009543847078915537	0.05065039687370073	0.0034130295491198357	0.003131430523606516	0.8733748698624773	0.0	0.0005784537269941765	0.0	0.40778187536888366	0.0002324562917690619	0.002698911227984502	0.0	6.344807066919933e-05	0.00034596413815201385	0.387128472885758	0.0	0.0	0.0	0.0032364921201975027	0.0	0.0	0.0	0.0	0.0	0.0	0.004359739256567551	0.04543661204479993	0.06166687524230689	0.0	0.016114851761135276	0.0	0.8048551525445274	0.0	0.0	0.0	0.0	0.0	0.0	0.0	0.0	0.0	0.0	0.0	0.0	0.0	0.0	0.0	0.0	0.0	0.0	0.0	0.0	0.0	0.0	0.0	0.0	0.0	0.0	0.0	0.0	0.0	0.0	0.0	0.0	0.0	0.0	0.0	0.0	0.0	0.0	0.0
Scil_36	8.652046728673283e-05	0.0	0.0	0.0	0.0	0.002686553401952685	0.013635444270115505	0.0	0.0	0.19322722979028786	6.82017072762789e-05	0.0	0.00017822298325376575	0.0	0.0	0.0	0.006711750207276793	0.0036462141809456713	0.0	0.001499134485890843	0.0	0.005812318074700415	0.0	0.0	0.0006829856728749977	0.0	0.0006722118919894402	0.0	0.014404155841081212	0.0	0.0002687175370342825	0.01180266228459197	0.003089032512345119	0.0	0.00011189605883438608	0.0	0.0	0.0	0.00017088012177084237	0.0008886374506192962	0.0	0.0	0.0	7.89764752385884e-05	0.0	0.0	0.0	0.0	0.0	0.12787929204335702	0.0006171533824006287	0.004287289860609813	0.0016998854694505218	0.00013750834314811398	0.260594918303419	0.06213127047847199	0.0	0.0	0.0	0.0	0.0	0.0	0.0	0.0	0.0	0.0	0.0	0.0	0.0	0.0	0.0	0.0	0.0	0.0	0.0	0.0	0.0	0.0	0.0	0.0	0.0	0.0	0.0	0.0	0.0	0.0	0.0	0.0	0.0	0.0	0.0	0.0	0.0	0.0	0.0
Scil_37	0.09848387094852767	0.04027066433868797	0.0	0.0	0.0	0.0	0.00040332573635116413	0.0	0.0	0.0	0.0	0.0	0.04944619418195455	0.0	0.0	0.0	0.0	0.0011156138534931172	0.0	0.0	0.0	0.0	0.0	0.081823212388582	0.0	0.0	0.0	0.0	0.0005773310925848262	0.0016208190935549788	0.0	0.0013758867511901032	0.0	0.0	0.0	0.0	0.8982382357348394	0.0	0.0	0.0	0.001973312625881581	0.0	0.0	0.0012668122576859754	0.0	0.002221068529844829	0.0	0.0	0.0	0.001413427764776369	0.0	0.0	0.0	0.4535048298714128	0.0007240455442715573	0.0	0.0	0.0	0.0	0.0	0.0	0.0	0.0	0.0	0.0	0.0	0.0	0.0	0.0	0.0	0.0	0.0	0.0	0.0	0.0	0.0	0.0	0.0	0.0	0.0	0.0	0.0	0.0	0.0	0.0	0.0	0.0	0.0	0.0	0.0	0.0	0.0	0.0	0.0	0.0
Scil_38	0.000818915086401263	0.0	0.004405824039085324	0.0	0.0	0.007970916622687545	0.0013378748098419476	0.0012738623235895568	0.0	0.0	0.0	0.0	0.0016801638963201936	0.0	0.0	0.0004983206981512289	0.0	0.0	0.0	0.0	0.0	0.005270713624254894	0.014764268705375302	0.0	0.0	0.0	0.0	0.01449315816185208	0.10417632630688693	0.0	0.0	0.0	0.0005379772399472136	0.0	0.0	0.0	0.0	0.0	0.0009654112233591962	0.00020160252700361205	0.0	0.0	0.011056898022140221	0.01745380613606985	0.0	0.0	0.00015387005254621232	0.0	0.0	0.010055151230732088	0.0	0.00045983316604243955	0.0005033457594407025	0.0	0.001191398939544523	0.02398227290410418	0.0	0.0	0.0	0.0	0.0	0.0	0.0	0.0	0.0	0.0	0.0	0.0	0.0	0.0	0.0	0.0	0.0	0.0	0.0	0.0	0.0	0.0	0.0	0.0	0.0	0.0	0.0	0.0	0.0	0.0	0.0	0.0	0.0	0.0	0.0	0.0	0.0	0.0	0.0
Scil_4	0.011313114916271714	0.5731359478514151	7.445091868500504e-05	0.003757174939064052	0.0005771509356344701	0.0	0.0009936720381128188	0.0	8.760085047685234e-05	0.0005893699415372875	0.2582026406415799	0.0	0.24370686977024275	0.0	0.007805557979838167	0.003954109497666794	0.0011560632280887087	0.005708873845988201	0.0	0.022546630195255567	7.741621190303278e-05	0.00035273400696735524	0.0	0.17545208547105823	0.004665882553132517	0.0	0.004391427098515667	0.004475862750357244	0.0	0.687307200252435	0.0	0.11123205845457367	0.0	0.0019558158607522096	0.0018852306650626147	0.013704849076083167	0.19411694415074046	0.008417719360807664	0.0	0.005671023033680566	0.05549484737926609	0.0006885672206913575	0.03071853068771338	0.027769432408959543	0.00582548416153081	0.0659646852407516	0.007701518210164432	0.0	0.7086909091311474	0.0012862945394821151	0.000946663288663737	0.0023605403664306076	0.026136989231377618	0.0	0.005063219832114932	0.0	0.0	0.0	0.0	0.0	0.0	0.0	0.0	0.0	0.0	0.0	0.0	0.0	0.0	0.0	0.0	0.0	0.0	0.0	0.0	0.0	0.0	0.0	0.0	0.0	0.0	0.0	0.0	0.0	0.0	0.0	0.0	0.0	0.0	0.0	0.0	0.0	0.0	0.0	0.0
Scil_5	0.014830321447585509	0.007212914903925903	0.018880116504515623	0.005324797326528205	0.0004577924461429591	0.2458171576314855	0.006093385167334106	0.012497781677006837	0.005187372285136063	0.004280711959779521	0.0020416846861420696	0.004528188486828962	0.0014281691336719405	0.018933473259882417	0.0025743165113124447	0.0015255136760305497	0.022049817444313027	0.00011105961016668277	0.00028507423302625716	0.003282748728265369	0.15356427279927792	0.030838315799371723	0.2335901128039616	0.0	0.027799657572352938	0.08686434821975106	0.2090589287938281	0.18235201996015146	0.547480771321951	0.0001728612477797074	0.0013431719847802107	0.01573655366946839	0.01770000046300369	0.0008650112955867374	0.0022293165770661235	0.0018213040222892925	0.002257897752975971	0.0012322970629060437	0.014011797041594751	0.03488981124537331	0.0001389784850155486	0.0016306084340070403	0.28562881272745655	0.010367356298354165	0.0008159881126931576	0.0	0.0011010040106246093	0.00029794950273959376	0.0	0.448239568002744	0.06375101871637646	0.08976865305215695	0.011519306591411885	0.03618748594163171	0.4559208579966	0.6528604605482242	0.0	0.0	0.0	0.0	0.0	0.0	0.0	0.0	0.0	0.0	0.0	0.0	0.0	0.0	0.0	0.0	0.0	0.0	0.0	0.0	0.0	0.0	0.0	0.0	0.0	0.0	0.0	0.0	0.0	0.0	0.0	0.0	0.0	0.0	0.0	0.0	0.0	0.0	0.0
Scil_6	0.00416002537061228	0.27703450518154915	0.0	0.008277209565217379	0.0	0.0	0.0047851280020467886	0.0	0.001456135588813852	0.01279320134228699	0.14089877808533618	0.00010163776404782919	0.3516894315036699	0.0	0.009939452090635936	0.0010898097164732242	0.0	0.012527158933020626	0.012708447282038788	0.013972925530223676	0.0	0.0001965310442681807	0.0	0.14558361983487414	0.007756847590368675	0.0	0.003561789176550896	0.012320278903545253	0.0014149382144389672	0.7703960665619222	0.38738957965346976	0.04004285071397834	0.002606230575675612	0.01479910522915925	0.000537918602022186	0.08438101847576991	0.14154179390508875	0.010414511320196152	0.0	0.009280762540239882	0.024265093495429407	0.0056051626522634415	0.024176921727986068	0.0376404210424722	0.08896024043857129	0.008647185152687049	0.02910386516965748	0.12248045500932433	0.006911690608094151	0.07677497032082106	0.001122417356834969	0.00124979697415313	0.09260018867375662	0.007107283363355814	0.003682324740841893	0.0	0.0	0.0	0.0	0.0	0.0	0.0	0.0	0.0	0.0	0.0	0.0	0.0	0.0	0.0	0.0	0.0	0.0	0.0	0.0	0.0	0.0	0.0	0.0	0.0	0.0	0.0	0.0	0.0	0.0	0.0	0.0	0.0	0.0	0.0	0.0	0.0	0.0	0.0	0.0
Scil_7	0.02098878205814276	0.013435590546837985	0.025366927264546153	0.0019340607702311014	0.00010585179945511685	0.39818476825247795	0.009917548357012777	0.0	0.0014009301851641194	0.03593180945037352	0.0004377083199745593	0.0030087588807070982	0.0034396550550903583	0.19914508797353586	0.0003777079564661838	0.0	0.21854191664362807	0.0	0.0	0.011648975166701925	0.2708574521771768	0.061088244588765626	0.4324680491904682	0.0	0.0009700522990703769	0.007699991637302181	0.07217431658837593	0.11105649886433104	0.40875172885410105	0.0	0.017305873260791534	0.0008067910131735641	0.2134211294319627	0.0028249664144267676	0.005978541835796615	0.0007541103161639711	0.001292549304249596	0.001299836258034034	0.023971782982171563	0.01943538116307524	0.0001940346220739221	0.0007598528824472337	0.11104575915302198	0.03750385534229576	0.0015359304702110654	0.0	0.0016960579355494963	0.0018053112529266726	0.0	0.19402901080808493	0.06597241968810787	0.05186081118513945	0.0032358568347927294	0.24981879465004253	0.26551612752508597	0.7034345649553407	0.0	0.0	0.0	0.0	0.0	0.0	0.0	0.0	0.0	0.0	0.0	0.0	0.0	0.0	0.0	0.0	0.0	0.0	0.0	0.0	0.0	0.0	0.0	0.0	0.0	0.0	0.0	0.0	0.0	0.0	0.0	0.0	0.0	0.0	0.0	0.0	0.0	0.0	0.0
Scil_8	0.010335898849954608	0.15612123357688454	0.00041475463053109753	0.0027291361055733912	0.0033270171272451543	0.0009655469772463394	0.027037960677657458	0.0008545751272440748	0.01518483051264087	0.0010622585314420507	0.5075479762483067	0.003698130126425882	0.06471732321078905	0.0	0.015381060631146262	0.0008546671162789614	0.0006967092041248453	0.0019445110059579406	0.013761017164840714	0.005113683623472632	0.003927019647843619	0.009209742798997278	0.0	0.0931929323942883	0.0018349425655764858	7.164209713358622e-05	0.00033946523942465984	0.005057749412873074	0.0022180585797195443	0.47872497269007735	0.028278616312584708	0.6068119400806186	0.0003393088411580457	0.28301880120349576	0.2633657439001399	0.031154547414690176	0.3839246313354213	0.003165683352339714	0.0	0.5242021204832314	0.0466011724537677	0.0002766900888517395	0.1776940042176199	0.18850381706411862	0.1390413543233577	0.10125380740386705	0.09656670479908822	0.0	0.025421594690801796	0.058528197344921463	0.28164170900249635	0.439346891459709	0.5510637074123771	0.0005928379788441077	0.01356130319799142	0.0	0.0	0.0	0.0	0.0	0.0	0.0	0.0	0.0	0.0	0.0	0.0	0.0	0.0	0.0	0.0	0.0	0.0	0.0	0.0	0.0	0.0	0.0	0.0	0.0	0.0	0.0	0.0	0.0	0.0	0.0	0.0	0.0	0.0	0.0	0.0	0.0	0.0	0.0	0.0
Scil_9	0.06002574107890727	0.5728218302268199	0.0014779200980209913	0.025496097709964693	0.00022233360486010237	0.0	0.012330244457620437	0.0	0.0	0.024210389716801138	0.11328585404673326	0.01023398030245637	0.1614080525697436	0.0	0.03856053345843877	0.010100084778354581	0.0	0.011088076783181395	0.0	0.0	0.0006351957843965829	0.0028080431967406967	0.0	0.06388452777444009	0.03691059414488222	0.0	0.0019808672721127263	0.42253751710554077	0.01761049412112293	0.46391840196376527	0.015153757837285953	0.21155477003794315	0.0007293952964451514	0.018840468742075248	0.0005590915207377705	0.009372591348129202	0.06111562478595863	0.018597267260156612	0.00025290958414307885	0.010968834404035527	0.10643707955920037	0.03989141691258115	0.024623422121550657	0.02767801414697659	0.012342383679688311	0.003582739665307466	0.0013213432400810345	0.03106786591196205	0.005940527303299387	0.3971974992347973	0.001899190457064472	0.01200599512492909	0.03925856819818037	0.11202764347065435	0.1049636287783771	0.0	0.0	0.0	0.0	0.0	0.0	0.0	0.0	0.0	0.0	0.0	0.0	0.0	0.0	0.0	0.0	0.0	0.0	0.0	0.0	0.0	0.0	0.0	0.0	0.0	0.0	0.0	0.0	0.0	0.0	0.0	0.0	0.0	0.0	0.0	0.0	0.0	0.0	0.0	0.0
