Aque_1;Scil_13	Aque_1;Scil_13_pval1	Aque_1;Scil_13_pval2	Aque_1;Scil_16	Aque_1;Scil_16_pval1	Aque_1;Scil_16_pval2	Aque_1;Scil_2	Aque_1;Scil_2_pval1	Aque_1;Scil_2_pval2	Aque_1;Scil_3	Aque_1;Scil_3_pval1	Aque_1;Scil_3_pval2	Aque_1;Scil_4	Aque_1;Scil_4_pval1	Aque_1;Scil_4_pval2	Aque_1;Scil_9	Aque_1;Scil_9_pval1	Aque_1;Scil_9_pval2	Aque_11;Scil_20	Aque_11;Scil_20_pval1	Aque_11;Scil_20_pval2	Aque_12;Scil_20	Aque_12;Scil_20_pval1	Aque_12;Scil_20_pval2	Aque_13;Scil_7	Aque_13;Scil_7_pval1	Aque_13;Scil_7_pval2	Aque_18;Scil_8	Aque_18;Scil_8_pval1	Aque_18;Scil_8_pval2	Aque_2;Scil_2	Aque_2;Scil_2_pval1	Aque_2;Scil_2_pval2	Aque_25;Scil_20	Aque_25;Scil_20_pval1	Aque_25;Scil_20_pval2	Aque_3;Scil_10	Aque_3;Scil_10_pval1	Aque_3;Scil_10_pval2	Aque_5;Scil_1	Aque_5;Scil_1_pval1	Aque_5;Scil_1_pval2	Aque_5;Scil_10	Aque_5;Scil_10_pval1	Aque_5;Scil_10_pval2	Aque_5;Scil_14	Aque_5;Scil_14_pval1	Aque_5;Scil_14_pval2	Aque_5;Scil_15	Aque_5;Scil_15_pval1	Aque_5;Scil_15_pval2	Aque_5;Scil_7	Aque_5;Scil_7_pval1	Aque_5;Scil_7_pval2	Aque_6;Scil_2	Aque_6;Scil_2_pval1	Aque_6;Scil_2_pval2	Aque_7;Scil_20	Aque_7;Scil_20_pval1	Aque_7;Scil_20_pval2	Aque_7;Scil_28	Aque_7;Scil_28_pval1	Aque_7;Scil_28_pval2	Aque_8;Scil_24	Aque_8;Scil_24_pval1	Aque_8;Scil_24_pval2
Aque_Aqu2.1.33559-001;Scil_g7993	1.5659798408390287e-55	9.1237022907603e-112				Aque_Aqu2.1.44140-001;Scil_g4190	1.8487465492662032e-83	0.0002708996576498364	Aque_Aqu2.1.44140-001;Scil_g4190	1.8487465492662032e-83	1.144193799153734e-05				Aque_Aqu2.1.31386-001;Scil_g6171	1.2521350964939077e-18	3.969788353826574e-18	Aque_Aqu2.1.39905-001;Scil_g2366	5.003477939769382e-31	9.948958101772902e-184	Aque_Aqu2.1.41248-001;Scil_g168	1.833997188568247e-77	2.470427113600158e-144	Aque_Aqu2.1.23385-001;Scil_g11542	3.5632825879681243e-13	3.468139167485649e-136				Aque_Aqu2.1.37599-001;Scil_g537	6.675190169877533e-67	3.05477312501736e-74	Aque_Aqu2.1.32636-001;Scil_g5618	5.456949644401736e-10	2.8212067228123534e-180	Aque_Aqu2.1.37079-001;Scil_g9293	1.883427367568046e-54	2.951490176649077e-162	Aque_Aqu2.1.09762-001;Scil_g3084	6.847337802628184e-60	2.6120693105835097e-195	Aque_Aqu2.1.40739-001;Scil_g2647	5.640772212415676e-65	2.9753120081427864e-165	Aque_Aqu2.1.09762-001;Scil_g3084	6.847337802628184e-60	8.399537177325028e-64	Aque_Aqu2.1.09762-001;Scil_g3084	6.847337802628184e-60	7.725851721343102e-82	Aque_Aqu2.1.30395-001;Scil_g3084	4.366519931586715e-06	2.445532027906918e-134	Aque_Aqu2.1.37599-001;Scil_g537	3.705326066074051e-66	3.05477312501736e-74	Aque_Aqu2.1.28223-001;Scil_g49	6.254528262419945e-10	2.825750548176598e-216	Aque_Aqu2.1.34429-001;Scil_g10557	4.8065667421742816e-20	1.7269930450844092e-107	Aque_Aqu2.1.34429-001;Scil_g5447	3.6935377012369854e-53	1.3508001499042785e-146
Aque_Aqu2.1.31965-001;Scil_g8416	3.313059058770841e-148	4.783676417388407e-48				Aque_Aqu2.1.33559-001;Scil_g7993	1.5659798408390287e-55	6.5400892906271005e-102	Aque_Aqu2.1.28489-001;Scil_g4190	4.7219274636790844e-05	1.144193799153734e-05				Aque_Aqu2.1.31388-001;Scil_g6171	3.885444055968841e-09	3.969788353826574e-18	Aque_Aqu2.1.44140-001;Scil_g4190	5.327619771700004e-10	1.4526739381398871e-05	Aque_Aqu2.1.34429-001;Scil_g10557	8.680466455780006e-30	7.877231881232365e-20	Aque_Aqu2.1.09762-001;Scil_g3084	1.378018074673001e-20	2.445532027906918e-134				Aque_Aqu2.1.44140-001;Scil_g4190	2.396471245842129e-22	0.0002708996576498364	Aque_Aqu2.1.42554-001;Scil_g7027	1.2865775728930818e-09	1.3530077347851668e-19	Aque_Aqu2.1.09762-001;Scil_g3084	7.171878832669825e-40	7.926059131332688e-151	Aque_Aqu2.1.33740-001;Scil_g9293	1.0980804431426508e-53	8.019716807373262e-220	Aque_Aqu2.1.37079-001;Scil_g9293	6.546838397706728e-61	2.951490176649077e-162	Aque_Aqu2.1.33740-001;Scil_g9293	1.0980804431426508e-53	1.1747218219988391e-73	Aque_Aqu2.1.23385-001;Scil_g11542	4.617687738213687e-30	2.926999617221759e-72	Aque_Aqu2.1.09762-001;Scil_g3084	6.847337802628184e-60	2.445532027906918e-134	Aque_Aqu2.1.44140-001;Scil_g4190	3.97039168613921e-19	0.0002708996576498364	Aque_Aqu2.1.41892-001;Scil_g49	4.663854846869599e-09	2.825750548176598e-216	Aque_Aqu2.1.20935-001;Scil_g13349	5.942836506313004e-07	0.00025339157745575547	Aque_Aqu2.1.09762-001;Scil_g3084	8.992604622419799e-25	1.4812881157245512e-117
Aque_Aqu2.1.10425-001;Scil_g8416	3.5461283229624624e-142	4.783676417388407e-48				Aque_Aqu2.1.28489-001;Scil_g4190	4.7219274636790844e-05	0.0002708996576498364	Aque_Aqu2.1.04817-001;Scil_g1572	1.7265754764394027e-15	8.979945461876805e-06				Aque_Aqu2.1.42574-001;Scil_g1335	9.693759254992383e-108	3.5231313123403525e-83	Aque_Aqu2.1.39671-001;Scil_g1581	3.082752114581188e-08	1.7908905131782413e-08	Aque_Aqu2.1.41892-001;Scil_g49	0.004225638536279294	2.825750548176598e-216	Aque_Aqu2.1.30395-001;Scil_g3084	0.0004460802901123445	2.445532027906918e-134				Aque_Aqu2.1.28489-001;Scil_g4190	1.198754445858972e-05	0.0002708996576498364	Aque_Aqu2.1.20356-001;Scil_g3529	1.6146546245658218e-09	2.0190343947258755e-67	Aque_Aqu2.1.33740-001;Scil_g9293	6.46411912084048e-22	2.951490176649077e-162	Aque_Aqu2.1.28647-001;Scil_g9720	1.0872990959086427e-71	5.957553511123687e-267	Aque_Aqu2.1.33740-001;Scil_g9293	1.0980804431426508e-53	2.951490176649077e-162	Aque_Aqu2.1.23385-001;Scil_g11542	4.617687738213687e-30	1.5936382233077245e-73	Aque_Aqu2.1.37079-001;Scil_g9293	6.546838397706728e-61	7.310752068739718e-87	Aque_Aqu2.1.23385-001;Scil_g11542	4.617687738213687e-30	3.468139167485649e-136	Aque_Aqu2.1.33559-001;Scil_g7993	4.4423224136139875e-12	6.5400892906271005e-102	Aque_Aqu2.1.42554-001;Scil_g7027	4.509002981485762e-08	1.3530077347851668e-19	Aque_Aqu2.1.34429-001;Scil_g1131	4.8065667421742816e-20	9.272275534947545e-14	Aque_Aqu2.1.23385-001;Scil_g11542	2.6845539772809242e-11	4.736145888689001e-145
Aque_Aqu2.1.44140-001;Scil_g4190	1.8487465492662032e-83	3.815393928831128e-10				Aque_Aqu2.1.10425-001;Scil_g8416	3.5461283229624624e-142	1.0990021965478772e-20							Aque_Aqu2.1.31965-001;Scil_g8416	3.313059058770841e-148	9.851573995106591e-48	Aque_Aqu2.1.43551-001;Scil_g6719	0.00044481558271852105	2.9062213286051093e-186	Aque_Aqu2.1.28223-001;Scil_g49	0.0004884506823151917	2.825750548176598e-216	Aque_Aqu2.1.37079-001;Scil_g9293	4.281078127361223e-33	1.848905501105324e-135				Aque_Aqu2.1.33559-001;Scil_g7993	8.729152424939692e-08	6.5400892906271005e-102	Aque_Aqu2.1.41248-001;Scil_g168	7.896260663532416e-05	2.470427113600158e-144	Aque_Aqu2.1.40739-001;Scil_g2647	1.039590396802529e-43	2.9753120081427864e-165	Aque_Aqu2.1.30395-001;Scil_g3084	4.366519931586715e-06	2.6120693105835097e-195	Aque_Aqu2.1.09762-001;Scil_g3084	6.847337802628184e-60	7.926059131332688e-151	Aque_Aqu2.1.28647-001;Scil_g9720	1.0872990959086427e-71	4.917109897313178e-87	Aque_Aqu2.1.33740-001;Scil_g9293	1.0980804431426508e-53	7.310752068739718e-87	Aque_Aqu2.1.33740-001;Scil_g9293	1.0980804431426508e-53	1.848905501105324e-135	Aque_Aqu2.1.36142-001;Scil_g11238	5.592947815776149e-16	3.226452208384378e-43	Aque_Aqu2.1.34429-001;Scil_g10557	4.8065667421742816e-20	7.877231881232365e-20	Aque_Aqu2.1.14505-001;Scil_g9294	2.063209095296014e-15	4.587162431913975e-14	Aque_Aqu2.1.23379-001;Scil_g11542	0.0001871697041864543	4.736145888689001e-145
Aque_Aqu2.1.19199-001;Scil_g8416	1.2360950369048334e-62	4.783676417388407e-48				Aque_Aqu2.1.31965-001;Scil_g8416	3.313059058770841e-148	1.0990021965478772e-20							Aque_Aqu2.1.10425-001;Scil_g8416	3.5461283229624624e-142	9.851573995106591e-48	Aque_Aqu2.1.41049-001;Scil_g13539	5.780155046985975e-72	3.2137585698642266e-123	Aque_Aqu2.1.42554-001;Scil_g7027	5.5310478069737495e-05	1.3530077347851668e-19	Aque_Aqu2.1.44138-001;Scil_g7102	8.620873617285868e-30	2.4460549544083734e-120				Aque_Aqu2.1.36142-001;Scil_g11399	1.1567291008003255e-12	1.5376864307926306e-108	Aque_Aqu2.1.37426-001;Scil_g307	0.0059342393929501195	1.0899903048270169e-41	Aque_Aqu2.1.28091-001;Scil_g3361	1.4407490794567334e-49	3.1694815546622253e-158	Aque_Aqu2.1.23385-001;Scil_g11542	4.617687738213687e-30	1.4216013686926433e-212	Aque_Aqu2.1.23385-001;Scil_g11542	4.617687738213687e-30	7.270949500975078e-169	Aque_Aqu2.1.33925-001;Scil_g8322	6.027927765517013e-60	6.078939338694174e-65	Aque_Aqu2.1.40908-001;Scil_g10622	5.5256955384119176e-61	1.0193537747219604e-64	Aque_Aqu2.1.38191-001;Scil_g1960	1.7868189428044097e-31	6.306552480614765e-130	Aque_Aqu2.1.36142-001;Scil_g11399	5.592947815776149e-16	1.5376864307926306e-108	Aque_Aqu2.1.33443-001;Scil_g49	0.0010375121140174422	2.825750548176598e-216	Aque_Aqu2.1.28223-001;Scil_g4792	6.254528262419945e-10	2.7860115620807477e-125	Aque_Aqu2.1.43341-001;Scil_g4752	1.0055487374100896e-20	4.951080527237749e-136
Aque_Aqu2.1.37599-001;Scil_g537	1.63157478762575e-69	2.67442436485276e-105				Aque_Aqu2.1.19199-001;Scil_g8416	1.2360950369048334e-62	1.0990021965478772e-20							Aque_Aqu2.1.44140-001;Scil_g4190	1.8487465492662032e-83	0.0036968285814102933	Aque_Aqu2.1.41049-001;Scil_g130	5.780155046985975e-72	3.038769567278182e-97	Aque_Aqu2.1.20356-001;Scil_g3529	4.071682733965616e-05	2.0190343947258755e-67	Aque_Aqu2.1.25682-001;Scil_g12596	5.085355273976047e-27	3.13015728695144e-135				Aque_Aqu2.1.36142-001;Scil_g11238	1.1567291008003255e-12	3.226452208384378e-43	Aque_Aqu2.1.40413-001;Scil_g7126	7.499260172011067e-08	2.191020141787556e-174	Aque_Aqu2.1.33925-001;Scil_g8322	2.4529777736828898e-55	9.667175800341685e-160	Aque_Aqu2.1.33925-001;Scil_g8322	6.027927765517013e-60	4.701934947101874e-195	Aque_Aqu2.1.24541-001;Scil_g5248	5.934327217092841e-72	2.327018957595338e-155	Aque_Aqu2.1.30395-001;Scil_g3084	4.366519931586715e-06	8.399537177325028e-64	Aque_Aqu2.1.23379-001;Scil_g11542	5.27987100999598e-13	2.926999617221759e-72	Aque_Aqu2.1.23379-001;Scil_g11542	5.27987100999598e-13	3.468139167485649e-136	Aque_Aqu2.1.37297-001;Scil_g11399	0.006397827873976981	1.5376864307926306e-108	Aque_Aqu2.1.28223-001;Scil_g6719	6.254528262419945e-10	2.9062213286051093e-186	Aque_Aqu2.1.37082-001;Scil_g9294	1.274641701062852e-24	4.587162431913975e-14	Aque_Aqu2.1.37079-001;Scil_g9293	1.2106449049857624e-19	2.4492817883719566e-122
Aque_Aqu2.1.28489-001;Scil_g4190	4.7219274636790844e-05	3.815393928831128e-10				Aque_Aqu2.1.37599-001;Scil_g537	1.63157478762575e-69	3.05477312501736e-74							Aque_Aqu2.1.19199-001;Scil_g8416	1.2360950369048334e-62	9.851573995106591e-48	Aque_Aqu2.1.42574-001;Scil_g1335	1.1351020304068534e-12	3.622368645794516e-22	Aque_Aqu2.1.42703-001;Scil_g307	1.1989501677863544e-07	1.0899903048270169e-41	Aque_Aqu2.1.42554-001;Scil_g7027	9.455809654106197e-07	7.358063080588875e-50				Aque_Aqu2.1.37297-001;Scil_g11238	0.0020815927292780877	3.226452208384378e-43	Aque_Aqu2.1.41049-001;Scil_g130	1.8915663056279136e-16	3.038769567278182e-97	Aque_Aqu2.1.22710-001;Scil_g8427	6.129360305886726e-50	1.1938737976081495e-134	Aque_Aqu2.1.37818-001;Scil_g5248	1.9445573766196906e-29	9.184157074467191e-224	Aque_Aqu2.1.44138-001;Scil_g7102	3.8562754919885587e-45	4.311525574319819e-162	Aque_Aqu2.1.37079-001;Scil_g9293	6.546838397706728e-61	1.1747218219988391e-73	Aque_Aqu2.1.28647-001;Scil_g9720	1.0872990959086427e-71	4.453700516522345e-101	Aque_Aqu2.1.40739-001;Scil_g2647	5.640772212415676e-65	1.4196895377201495e-139	Aque_Aqu2.1.37297-001;Scil_g11238	0.006397827873976981	3.226452208384378e-43	Aque_Aqu2.1.39905-001;Scil_g2366	2.8797178909130385e-72	9.948958101772902e-184	Aque_Aqu2.1.40997-001;Scil_g8299	2.5895788732488268e-61	9.695257346542339e-91	Aque_Aqu2.1.15787-001;Scil_g8438	6.917851797446876e-10	9.684420421181504e-139
Aque_Aqu2.1.04817-001;Scil_g1572	1.7265754764394027e-15	7.318279068449599e-26				Aque_Aqu2.1.04817-001;Scil_g1572	1.7265754764394027e-15	2.1762474594491185e-05							Aque_Aqu2.1.28489-001;Scil_g4190	4.7219274636790844e-05	0.0036968285814102933	Aque_Aqu2.1.21078-001;Scil_g119	3.897993245122727e-06	2.2662330447243323e-31	Aque_Aqu2.1.43276-001;Scil_g9800	3.446637853073255e-26	2.527768294461531e-33	Aque_Aqu2.1.23379-001;Scil_g11542	1.3812488084937502e-05	3.468139167485649e-136				Aque_Aqu2.1.37297-001;Scil_g11399	0.0020815927292780877	1.5376864307926306e-108	Aque_Aqu2.1.21015-001;Scil_g12721	5.2562555615845485e-06	8.54858194858048e-177	Aque_Aqu2.1.24263-001;Scil_g13234	1.5377307938598594e-50	3.7544851097034814e-139	Aque_Aqu2.1.43309-001;Scil_g2223	7.090314249955756e-76	6.0558203027828816e-179	Aque_Aqu2.1.42554-001;Scil_g7027	2.1096427148863303e-17	5.856199064788203e-62	Aque_Aqu2.1.38354-001;Scil_g2690	2.2134121108487764e-67	1.9728948142615564e-64	Aque_Aqu2.1.43309-001;Scil_g2223	7.090314249955756e-76	2.3349283062122266e-60	Aque_Aqu2.1.37079-001;Scil_g9293	6.546838397706728e-61	1.848905501105324e-135	Aque_Aqu2.1.19199-001;Scil_g8416	1.0333323846912495e-28	1.0990021965478772e-20	Aque_Aqu2.1.41892-001;Scil_g6719	4.663854846869599e-09	2.9062213286051093e-186	Aque_Aqu2.1.41892-001;Scil_g4792	4.663854846869599e-09	2.7860115620807477e-125	Aque_Aqu2.1.44118-001;Scil_g12540	1.3219197346976645e-19	8.45818804999482e-149
																		Aque_Aqu2.1.40997-001;Scil_g8299	3.347324097977092e-05	2.853727454281813e-12	Aque_Aqu2.1.21015-001;Scil_g12721	1.2326306898040926e-40	8.54858194858048e-177	Aque_Aqu2.1.28647-001;Scil_g9720	1.0641070001306679e-32	1.2868940109952086e-152				Aque_Aqu2.1.19199-001;Scil_g8416	1.7166839462159464e-24	1.0990021965478772e-20	Aque_Aqu2.1.41049-001;Scil_g13539	1.8915663056279136e-16	3.2137585698642266e-123	Aque_Aqu2.1.44138-001;Scil_g7102	2.982111446596636e-36	4.311525574319819e-162	Aque_Aqu2.1.25682-001;Scil_g12596	2.1894606762539334e-59	8.937540975185717e-204	Aque_Aqu2.1.25682-001;Scil_g12596	2.1894606762539334e-59	7.639374158264267e-168	Aque_Aqu2.1.42554-001;Scil_g7027	2.1096427148863303e-17	5.808073791866087e-19	Aque_Aqu2.1.38354-001;Scil_g2690	2.2134121108487764e-67	1.7007982058413797e-54	Aque_Aqu2.1.42554-001;Scil_g7027	2.1096427148863303e-17	7.358063080588875e-50	Aque_Aqu2.1.31965-001;Scil_g8416	1.8477728855855587e-10	1.0990021965478772e-20	Aque_Aqu2.1.33443-001;Scil_g6719	0.0010375121140174422	2.9062213286051093e-186	Aque_Aqu2.1.33443-001;Scil_g4792	0.0010375121140174422	2.7860115620807477e-125	Aque_Aqu2.1.12657-001;Scil_g9127	1.5922251146177386e-19	3.225771326129304e-148
																		Aque_Aqu2.1.41482-001;Scil_g5780	1.907355549909499e-12	8.075077859503192e-13	Aque_Aqu2.1.39919-001;Scil_g2615	4.0601287421825436e-17	1.2850429709161183e-25	Aque_Aqu2.1.40739-001;Scil_g2647	7.160530066872657e-25	1.4196895377201495e-139				Aque_Aqu2.1.31965-001;Scil_g8416	2.7918119301519336e-11	1.0990021965478772e-20	Aque_Aqu2.1.21015-001;Scil_g7598	5.2562555615845485e-06	1.0316136630632663e-56	Aque_Aqu2.1.44118-001;Scil_g12540	5.285370195828624e-55	9.886037713185308e-140	Aque_Aqu2.1.37079-001;Scil_g9293	6.546838397706728e-61	8.019716807373262e-220	Aque_Aqu2.1.33925-001;Scil_g8322	6.027927765517013e-60	9.667175800341685e-160	Aque_Aqu2.1.27559-001;Scil_g13584	1.2565950443028818e-30	2.1609373932730283e-69	Aque_Aqu2.1.30395-001;Scil_g3084	4.366519931586715e-06	7.725851721343102e-82	Aque_Aqu2.1.44138-001;Scil_g7102	3.8562754919885587e-45	2.4460549544083734e-120	Aque_Aqu2.1.10425-001;Scil_g8416	6.231529119456983e-06	1.0990021965478772e-20	Aque_Aqu2.1.39671-001;Scil_g1581	1.0833434816786865e-17	1.7908905131782413e-08	Aque_Aqu2.1.38146-001;Scil_g10508	8.853113191081923e-07	3.851059575050027e-121	Aque_Aqu2.1.38354-001;Scil_g2690	1.4197474623425531e-18	3.3994163992846197e-146
																		Aque_Aqu2.1.44280-001;Scil_g11800	2.1917401440563886e-09	5.9411453070139785e-53	Aque_Aqu2.1.28223-001;Scil_g6719	0.0004884506823151917	2.9062213286051093e-186	Aque_Aqu2.1.15787-001;Scil_g8438	7.702807312175835e-15	5.6658914097535356e-114				Aque_Aqu2.1.10425-001;Scil_g8416	3.14164597159274e-11	1.0990021965478772e-20	Aque_Aqu2.1.43674-001;Scil_g5780	0.0023742943428943317	8.075077859503192e-13	Aque_Aqu2.1.23385-001;Scil_g11542	8.68853468282305e-20	7.270949500975078e-169	Aque_Aqu2.1.40739-001;Scil_g2647	5.640772212415676e-65	2.710163348913708e-205	Aque_Aqu2.1.22254-001;Scil_g899	3.0864560071654486e-66	8.135971964112676e-147	Aque_Aqu2.1.40739-001;Scil_g2647	5.640772212415676e-65	2.4210806666174052e-63	Aque_Aqu2.1.42554-001;Scil_g7027	2.1096427148863303e-17	1.2002006349321864e-39	Aque_Aqu2.1.43341-001;Scil_g4752	1.8170121032769314e-52	1.0966029627051676e-120				Aque_Aqu2.1.40997-001;Scil_g8299	2.5895788732488268e-61	2.853727454281813e-12	Aque_Aqu2.1.39671-001;Scil_g1581	1.0833434816786865e-17	1.128910966587956e-63	Aque_Aqu2.1.33740-001;Scil_g9293	9.027022604233648e-17	2.4492817883719566e-122
																		Aque_Aqu2.1.41331-001;Scil_g480	0.0011322741348054177	0.009624626957442097	Aque_Aqu2.1.39740-001;Scil_g5976	3.151211178705549e-13	7.832955113633625e-06	Aque_Aqu2.1.33740-001;Scil_g9293	6.922520583153189e-22	1.848905501105324e-135				Aque_Aqu2.1.04817-001;Scil_g1572	0.004382113929430925	2.1762474594491185e-05	Aque_Aqu2.1.40044-001;Scil_g552	0.007519970546069811	1.202444248862245e-07	Aque_Aqu2.1.43341-001;Scil_g4752	6.79991412964261e-41	2.0673769055725418e-169	Aque_Aqu2.1.44138-001;Scil_g7102	3.8562754919885587e-45	1.717819657259668e-184	Aque_Aqu2.1.38191-001;Scil_g1960	1.7868189428044097e-31	5.229783324829319e-159	Aque_Aqu2.1.44167-001;Scil_g6323	1.1590161003968925e-62	1.2685784876928173e-74	Aque_Aqu2.1.44118-001;Scil_g12540	1.5915215552199437e-62	8.70428356632836e-63	Aque_Aqu2.1.34241-001;Scil_g8844	1.4560325607056229e-64	8.598935866062354e-137				Aque_Aqu2.1.42703-001;Scil_g307	6.06722132523195e-07	1.0899903048270169e-41	Aque_Aqu2.1.44221-001;Scil_g10508	1.4172045418007112e-59	3.851059575050027e-121	Aque_Aqu2.1.44138-001;Scil_g7102	4.2202309982207985e-16	2.4329756369163848e-139
																		Aque_Aqu2.1.30867-001;Scil_g5780	8.129903806807958e-08	8.075077859503192e-13	Aque_Aqu2.1.41892-001;Scil_g6719	0.004225638536279294	2.9062213286051093e-186	Aque_Aqu2.1.43341-001;Scil_g4752	5.639711238052994e-23	1.0966029627051676e-120										Aque_Aqu2.1.34241-001;Scil_g8844	9.082813489944822e-64	2.07757562715874e-158	Aque_Aqu2.1.24541-001;Scil_g5248	5.934327217092841e-72	9.184157074467191e-224	Aque_Aqu2.1.18283-001;Scil_g8502	2.827310778620294e-50	2.2432094135289236e-151	Aque_Aqu2.1.43309-001;Scil_g2223	7.090314249955756e-76	1.5626538048413212e-58	Aque_Aqu2.1.33925-001;Scil_g8322	6.027927765517013e-60	1.8513224425020405e-70	Aque_Aqu2.1.25682-001;Scil_g12596	2.1894606762539334e-59	3.13015728695144e-135				Aque_Aqu2.1.21015-001;Scil_g12721	4.1132400946604663e-78	8.54858194858048e-177	Aque_Aqu2.1.43995-001;Scil_g7247	0.00015576922264211554	2.0760098211877804e-44	Aque_Aqu2.1.40739-001;Scil_g2647	1.9483012125359655e-20	5.136824972057981e-127
																		Aque_Aqu2.1.34140-001;Scil_g5780	3.799990549745622e-11	8.075077859503192e-13	Aque_Aqu2.1.39905-001;Scil_g2366	3.312506515569686e-11	9.948958101772902e-184	Aque_Aqu2.1.28091-001;Scil_g3361	2.8317668034155012e-28	2.57182664165895e-128										Aque_Aqu2.1.32585-001;Scil_g3331	1.9219087936863268e-56	2.953009188539543e-156	Aque_Aqu2.1.44118-001;Scil_g12540	1.5915215552199437e-62	5.833358501089767e-182	Aque_Aqu2.1.28647-001;Scil_g9720	1.0872990959086427e-71	7.310017971205648e-163	Aque_Aqu2.1.31383-001;Scil_g5475	2.2954183694801987e-34	3.0351770064971186e-97	Aque_Aqu2.1.25682-001;Scil_g12596	2.1894606762539334e-59	1.4576986891755845e-67	Aque_Aqu2.1.28647-001;Scil_g9720	1.0872990959086427e-71	1.2868940109952086e-152				Aque_Aqu2.1.21078-001;Scil_g119	2.7500390076998657e-23	2.2662330447243323e-31	Aque_Aqu2.1.24884-001;Scil_g297	2.633148005086742e-29	9.656375381917561e-17	Aque_Aqu2.1.34241-001;Scil_g8844	3.578720923538497e-17	1.3830335720370416e-141
																		Aque_Aqu2.1.25769-001;Scil_g428	0.0053561566368496485	1.0174043620730253e-33	Aque_Aqu2.1.41049-001;Scil_g130	8.696136226444e-49	3.038769567278182e-97	Aque_Aqu2.1.41635-001;Scil_g12565	8.705447815727913e-19	2.3363662739066283e-111										Aque_Aqu2.1.18283-001;Scil_g8502	1.764588958522722e-34	2.2432094135289236e-151	Aque_Aqu2.1.43341-001;Scil_g4752	1.8170121032769314e-52	3.6062035799832598e-217	Aque_Aqu2.1.30395-001;Scil_g3084	4.366519931586715e-06	7.926059131332688e-151	Aque_Aqu2.1.15787-001;Scil_g8438	7.262197228419359e-18	1.7338273445857708e-72	Aque_Aqu2.1.34429-001;Scil_g10557	4.70494708232845e-20	5.684809804901895e-72	Aque_Aqu2.1.32585-001;Scil_g3331	2.4182922292408123e-65	7.42439933092963e-142				Aque_Aqu2.1.28489-001;Scil_g4190	2.9498179438264247e-16	1.4526739381398871e-05	Aque_Aqu2.1.24884-001;Scil_g5407	2.633148005086742e-29	4.689411822526514e-38	Aque_Aqu2.1.25378-001;Scil_g10648	3.182798592648183e-15	6.0944796742108695e-130
																		Aque_Aqu2.1.01979-001;Scil_g9833	0.00792143831352174	6.653644107680496e-07	Aque_Aqu2.1.40997-001;Scil_g8299	5.9177145376559426e-08	2.853727454281813e-12	Aque_Aqu2.1.34241-001;Scil_g8844	4.576650922881631e-26	8.598935866062354e-137										Aque_Aqu2.1.44167-001;Scil_g6323	1.857079857016074e-39	3.6475049149860968e-174	Aque_Aqu2.1.40908-001;Scil_g10622	5.5256955384119176e-61	1.7332811683782205e-197	Aque_Aqu2.1.43341-001;Scil_g4752	1.8170121032769314e-52	2.0673769055725418e-169	Aque_Aqu2.1.32585-001;Scil_g3331	2.4182922292408123e-65	6.424101432066253e-66	Aque_Aqu2.1.32585-001;Scil_g3331	2.4182922292408123e-65	5.356523349831393e-69	Aque_Aqu2.1.28091-001;Scil_g3361	5.62894813708745e-55	2.57182664165895e-128				Aque_Aqu2.1.17717-001;Scil_g6241	0.005797488385890602	3.02949917376751e-52	Aque_Aqu2.1.22423-001;Scil_g4454	0.005027827922127743	1.4238794793202459e-11	Aque_Aqu2.1.18283-001;Scil_g8502	1.6548464643822033e-14	2.190168559660769e-139
																					Aque_Aqu2.1.40413-001;Scil_g7126	1.1530905553603384e-25	2.191020141787556e-174	Aque_Aqu2.1.32585-001;Scil_g3331	2.9437606247712557e-27	7.42439933092963e-142										Aque_Aqu2.1.34429-001;Scil_g10557	6.441766976224729e-17	2.7724764604632805e-128	Aque_Aqu2.1.42789-001;Scil_g6184	1.2639182154503181e-79	3.6522866491868463e-268	Aque_Aqu2.1.34241-001;Scil_g8844	1.4560325607056229e-64	2.07757562715874e-158	Aque_Aqu2.1.26684-001;Scil_g9100	1.5638574268600387e-53	6.02162438020595e-123	Aque_Aqu2.1.34429-001;Scil_g1131	4.70494708232845e-20	8.63192508826328e-56	Aque_Aqu2.1.37974-001;Scil_g13124	6.094716138194501e-15	6.8826285325766285e-130				Aque_Aqu2.1.39919-001;Scil_g2615	7.073051772744524e-08	1.2850429709161183e-25	Aque_Aqu2.1.21078-001;Scil_g119	2.7500390076998657e-23	1.3623810224538596e-69	Aque_Aqu2.1.41892-001;Scil_g4223	7.446491649011122e-09	1.9268973967665987e-150
																					Aque_Aqu2.1.41049-001;Scil_g13539	8.696136226444e-49	3.2137585698642266e-123	Aque_Aqu2.1.22710-001;Scil_g8427	8.493887457062502e-27	6.170621570223789e-101										Aque_Aqu2.1.27559-001;Scil_g13584	1.7244547516014828e-25	6.878801991793587e-166	Aque_Aqu2.1.34429-001;Scil_g1131	4.70494708232845e-20	1.68486557964031e-213	Aque_Aqu2.1.28091-001;Scil_g3361	5.62894813708745e-55	3.1694815546622253e-158	Aque_Aqu2.1.43341-001;Scil_g4752	1.8170121032769314e-52	6.184759906117721e-80	Aque_Aqu2.1.37974-001;Scil_g13124	6.094716138194501e-15	7.064631373595451e-75	Aque_Aqu2.1.43309-001;Scil_g2223	7.090314249955756e-76	9.174614163292671e-123				Aque_Aqu2.1.37426-001;Scil_g307	0.0017652084016930656	1.0899903048270169e-41	Aque_Aqu2.1.37486-001;Scil_g4454	0.0012450052678579827	1.4238794793202459e-11	Aque_Aqu2.1.27559-001;Scil_g13584	6.765840234175136e-18	6.724353073477704e-141
																					Aque_Aqu2.1.21015-001;Scil_g7598	1.2326306898040926e-40	1.0316136630632663e-56	Aque_Aqu2.1.40908-001;Scil_g10622	5.406746214458991e-24	4.379267899854331e-127										Aque_Aqu2.1.23379-001;Scil_g11542	1.491137087709991e-11	7.270949500975078e-169	Aque_Aqu2.1.42554-001;Scil_g7027	2.1096427148863303e-17	2.2662139570649048e-57	Aque_Aqu2.1.32585-001;Scil_g3331	2.4182922292408123e-65	2.953009188539543e-156	Aque_Aqu2.1.25682-001;Scil_g12596	2.1894606762539334e-59	5.461700075422386e-69	Aque_Aqu2.1.40739-001;Scil_g2647	5.640772212415676e-65	9.019673846657847e-70	Aque_Aqu2.1.44167-001;Scil_g6323	1.1590161003968925e-62	6.615669001932877e-124				Aque_Aqu2.1.21015-001;Scil_g7598	4.1132400946604663e-78	1.0316136630632663e-56	Aque_Aqu2.1.40044-001;Scil_g552	1.6321074917043165e-17	7.374919216586129e-83	Aque_Aqu2.1.40409-001;Scil_g9552	3.88241725632678e-15	1.6549301357298804e-142
																					Aque_Aqu2.1.33928-001;Scil_g119	5.781718252816511e-10	2.2662330447243323e-31	Aque_Aqu2.1.29989-001;Scil_g1960	8.192985683235581e-29	6.306552480614765e-130										Aque_Aqu2.1.26243-001;Scil_g10351	1.7415777633555804e-15	7.08398866832892e-149	Aque_Aqu2.1.34429-001;Scil_g10557	4.70494708232845e-20	2.4252608187353288e-213	Aque_Aqu2.1.41635-001;Scil_g12565	1.2918618241681008e-43	4.447441707168477e-141	Aque_Aqu2.1.40908-001;Scil_g10622	5.5256955384119176e-61	3.322863946791369e-65	Aque_Aqu2.1.26684-001;Scil_g9100	1.5638574268600387e-53	4.5024897142541e-103	Aque_Aqu2.1.34429-001;Scil_g1131	4.70494708232845e-20	4.1597926953620487e-103				Aque_Aqu2.1.39740-001;Scil_g5976	7.407284102228224e-09	7.832955113633625e-06	Aque_Aqu2.1.39919-001;Scil_g2615	7.073051772744524e-08	1.6728929040279154e-87	Aque_Aqu2.1.41635-001;Scil_g12565	1.5816464886509988e-18	3.9076127707410365e-126
																					Aque_Aqu2.1.40044-001;Scil_g552	4.462304584094697e-06	1.202444248862245e-07	Aque_Aqu2.1.38354-001;Scil_g2690	2.0734392082751323e-23	6.280257465976477e-132										Aque_Aqu2.1.41635-001;Scil_g12565	5.40544559197383e-38	4.447441707168477e-141	Aque_Aqu2.1.38354-001;Scil_g2690	2.2134121108487764e-67	8.38465212710001e-178	Aque_Aqu2.1.40409-001;Scil_g9552	6.275386168116754e-52	3.799246804070475e-165	Aque_Aqu2.1.40409-001;Scil_g9552	6.275386168116754e-52	3.929892712684242e-74	Aque_Aqu2.1.18283-001;Scil_g8502	2.827310778620294e-50	6.574899579449861e-69	Aque_Aqu2.1.41635-001;Scil_g12565	1.2918618241681008e-43	2.3363662739066283e-111				Aque_Aqu2.1.40413-001;Scil_g7126	5.4966834591501504e-24	2.191020141787556e-174	Aque_Aqu2.1.41012-001;Scil_g10508	0.002050968053999798	3.851059575050027e-121	Aque_Aqu2.1.41892-001;Scil_g13004	7.446491649011122e-09	8.305332241445597e-151
																					Aque_Aqu2.1.21078-001;Scil_g119	3.0180283944796927e-05	2.2662330447243323e-31	Aque_Aqu2.1.33925-001;Scil_g8322	1.969861385869921e-28	7.958567284299709e-134										Aque_Aqu2.1.44014-001;Scil_g8313	8.382757510879616e-43	6.323963500206006e-147	Aque_Aqu2.1.28091-001;Scil_g3361	5.62894813708745e-55	8.789617725297002e-195	Aque_Aqu2.1.23379-001;Scil_g11542	5.27987100999598e-13	7.270949500975078e-169	Aque_Aqu2.1.37818-001;Scil_g5248	1.9445573766196906e-29	1.0532875804502493e-85	Aque_Aqu2.1.28091-001;Scil_g3361	5.62894813708745e-55	4.133807291202378e-65	Aque_Aqu2.1.44118-001;Scil_g12540	1.5915215552199437e-62	2.369068237000081e-91				Aque_Aqu2.1.39774-001;Scil_g6241	5.638791208811452e-05	3.02949917376751e-52	Aque_Aqu2.1.43989-001;Scil_g7247	0.0017420788902323485	2.0760098211877804e-44	Aque_Aqu2.1.38546-001;Scil_g13572	5.159877634485885e-23	2.8512104660799104e-135
																					Aque_Aqu2.1.44280-001;Scil_g11800	8.0578051133723e-14	5.9411453070139785e-53	Aque_Aqu2.1.38546-001;Scil_g13572	6.6439403024793785e-21	3.124360708919214e-121										Aque_Aqu2.1.12657-001;Scil_g9127	5.6217998739647424e-46	2.5506687612283145e-138	Aque_Aqu2.1.38191-001;Scil_g1960	1.7868189428044097e-31	3.8411450141462353e-180	Aque_Aqu2.1.37818-001;Scil_g5248	1.9445573766196906e-29	2.327018957595338e-155	Aque_Aqu2.1.42789-001;Scil_g6184	1.2639182154503181e-79	3.746034577714982e-136	Aque_Aqu2.1.42789-001;Scil_g6184	1.2639182154503181e-79	2.0437623425766398e-95	Aque_Aqu2.1.40409-001;Scil_g9552	6.275386168116754e-52	2.9485198006204135e-136				Aque_Aqu2.1.43674-001;Scil_g5780	1.7233666356549573e-12	8.075077859503192e-13	Aque_Aqu2.1.29077-001;Scil_g119	4.596995468254181e-06	1.3623810224538596e-69	Aque_Aqu2.1.32585-001;Scil_g3331	1.5732543266172245e-20	2.914249922030815e-142
																					Aque_Aqu2.1.31551-001;Scil_g5780	0.00024229270712042373	8.075077859503192e-13	Aque_Aqu2.1.34429-001;Scil_g1131	1.583993570630736e-07	4.1597926953620487e-103										Aque_Aqu2.1.25682-001;Scil_g12596	2.7693074373676114e-43	7.639374158264267e-168	Aque_Aqu2.1.18283-001;Scil_g8502	2.827310778620294e-50	4.329584583627883e-199	Aque_Aqu2.1.44118-001;Scil_g12540	1.5915215552199437e-62	9.886037713185308e-140	Aque_Aqu2.1.44118-001;Scil_g12540	1.5915215552199437e-62	9.388739417488661e-59	Aque_Aqu2.1.27559-001;Scil_g13584	1.2565950443028818e-30	4.1750126703165807e-60	Aque_Aqu2.1.37818-001;Scil_g5248	1.9445573766196906e-29	1.8229917120391009e-116				Aque_Aqu2.1.40044-001;Scil_g552	1.6321074917043165e-17	1.202444248862245e-07	Aque_Aqu2.1.33928-001;Scil_g119	2.9486038036420885e-10	1.3623810224538596e-69	Aque_Aqu2.1.44167-001;Scil_g6323	2.874964918639932e-21	1.6132222769508814e-137
																					Aque_Aqu2.1.43674-001;Scil_g5780	0.005674891453238858	8.075077859503192e-13	Aque_Aqu2.1.44014-001;Scil_g8313	5.576476527063101e-27	2.2157589528200856e-109										Aque_Aqu2.1.37747-001;Scil_g13124	1.7777888688014045e-47	1.440043622425943e-159	Aque_Aqu2.1.41635-001;Scil_g12565	1.2918618241681008e-43	2.096023399464424e-227	Aque_Aqu2.1.34429-001;Scil_g10557	4.70494708232845e-20	2.7724764604632805e-128	Aque_Aqu2.1.28091-001;Scil_g3361	5.62894813708745e-55	1.011357823052085e-70	Aque_Aqu2.1.24541-001;Scil_g5248	5.934327217092841e-72	2.278276307296944e-93	Aque_Aqu2.1.44014-001;Scil_g8313	8.11838618589549e-64	2.2157589528200856e-109				Aque_Aqu2.1.33928-001;Scil_g119	2.9486038036420885e-10	2.2662330447243323e-31	Aque_Aqu2.1.34140-001;Scil_g5780	7.558490843844847e-18	1.7124136431645906e-51	Aque_Aqu2.1.07543-001;Scil_g9250	5.550702556126759e-18	5.271924765515633e-138
																					Aque_Aqu2.1.29076-001;Scil_g119	3.7693708153053533e-13	2.2662330447243323e-31	Aque_Aqu2.1.40409-001;Scil_g9552	5.0992699810482975e-20	2.9485198006204135e-136										Aque_Aqu2.1.22254-001;Scil_g899	4.115687146488348e-40	8.135971964112676e-147	Aque_Aqu2.1.40409-001;Scil_g9552	6.275386168116754e-52	1.8227180675931493e-190	Aque_Aqu2.1.40908-001;Scil_g10622	5.5256955384119176e-61	6.338822533726596e-157	Aque_Aqu2.1.41635-001;Scil_g12565	1.2918618241681008e-43	7.039873469065043e-72	Aque_Aqu2.1.37747-001;Scil_g13124	2.393728600122621e-67	7.064631373595451e-75	Aque_Aqu2.1.44322-001;Scil_g8502	3.949705092162152e-06	6.847087816941289e-126				Aque_Aqu2.1.24884-001;Scil_g5407	2.633148005086742e-29	1.227686137985719e-08	Aque_Aqu2.1.30867-001;Scil_g5780	2.2178060027007063e-15	1.7124136431645906e-51	Aque_Aqu2.1.41621-001;Scil_g12515	2.3555508008215147e-21	7.1391131449806045e-152
																					Aque_Aqu2.1.24884-001;Scil_g5407	2.9470520268098417e-09	1.227686137985719e-08	Aque_Aqu2.1.44118-001;Scil_g12540	3.31345932609524e-27	2.369068237000081e-91										Aque_Aqu2.1.40409-001;Scil_g9552	3.7304464325683256e-37	3.799246804070475e-165	Aque_Aqu2.1.06465-001;Scil_g13584	4.862108642372803e-06	3.6585541820476346e-190	Aque_Aqu2.1.21796-001;Scil_g6646	3.083447922698033e-55	6.79722916540545e-161	Aque_Aqu2.1.44138-001;Scil_g7102	3.8562754919885587e-45	1.1382437728909706e-64	Aque_Aqu2.1.43341-001;Scil_g4752	1.8170121032769314e-52	4.230582796617626e-76	Aque_Aqu2.1.40908-001;Scil_g10622	5.5256955384119176e-61	4.379267899854331e-127				Aque_Aqu2.1.44280-001;Scil_g11800	2.297214256703678e-18	5.9411453070139785e-53	Aque_Aqu2.1.28510-001;Scil_g1202	2.210677947147033e-17	2.2979910994541295e-89	Aque_Aqu2.1.29989-001;Scil_g1960	2.657929798257924e-22	3.2286928073300084e-140
																					Aque_Aqu2.1.20342-001;Scil_g6013	8.009723868184616e-27	0.0005720082909392913	Aque_Aqu2.1.43309-001;Scil_g2223	9.917272198490072e-25	9.174614163292671e-123										Aque_Aqu2.1.15787-001;Scil_g8438	2.69155187562114e-12	1.033645134557843e-140	Aque_Aqu2.1.21796-001;Scil_g6646	3.083447922698033e-55	1.3993094756793536e-177	Aque_Aqu2.1.43309-001;Scil_g2223	7.090314249955756e-76	4.3204846775651536e-154	Aque_Aqu2.1.29050-001;Scil_g13035	9.99776343746566e-60	1.122946902103699e-57	Aque_Aqu2.1.12657-001;Scil_g9127	4.5771179824855065e-58	6.862518484939717e-61	Aque_Aqu2.1.18283-001;Scil_g8502	2.827310778620294e-50	6.847087816941289e-126				Aque_Aqu2.1.34344-001;Scil_g119	2.2077011597117694e-28	2.2662330447243323e-31	Aque_Aqu2.1.39774-001;Scil_g6241	5.638791208811452e-05	8.13400126756962e-59	Aque_Aqu2.1.21796-001;Scil_g6646	2.6265998682772085e-23	3.2517818702365636e-142
																					Aque_Aqu2.1.23371-001;Scil_g9815	1.4954229980737373e-05	0.0010678210337600475	Aque_Aqu2.1.18692-001;Scil_g3716	3.056424247644757e-28	2.924003797643012e-102										Aque_Aqu2.1.30395-001;Scil_g3084	0.003308530400799131	7.926059131332688e-151	Aque_Aqu2.1.44167-001;Scil_g6323	1.1590161003968925e-62	7.433823139731406e-183	Aque_Aqu2.1.34429-001;Scil_g1131	4.70494708232845e-20	7.382119610847348e-59	Aque_Aqu2.1.24541-001;Scil_g5248	5.934327217092841e-72	1.0532875804502493e-85	Aque_Aqu2.1.44167-001;Scil_g6323	1.1590161003968925e-62	1.9275694597716134e-73	Aque_Aqu2.1.33925-001;Scil_g8322	6.027927765517013e-60	7.958567284299709e-134				Aque_Aqu2.1.29076-001;Scil_g119	1.3354015920421836e-16	2.2662330447243323e-31	Aque_Aqu2.1.42204-001;Scil_g4454	0.002554280688801073	1.4238794793202459e-11	Aque_Aqu2.1.41195-001;Scil_g8806	1.1974582769296736e-21	2.2169537854916817e-147
																					Aque_Aqu2.1.29497-001;Scil_g8135	1.0107484940545462e-35	6.553039098870591e-124	Aque_Aqu2.1.28816-001;Scil_g12156	2.5199533125983826e-25	7.58545683046066e-123										Aque_Aqu2.1.40908-001;Scil_g10622	7.766441142207918e-40	6.338822533726596e-157	Aque_Aqu2.1.34241-001;Scil_g8844	1.4560325607056229e-64	2.82615707213856e-178	Aque_Aqu2.1.15787-001;Scil_g8438	7.262197228419359e-18	1.033645134557843e-140	Aque_Aqu2.1.06465-001;Scil_g13584	4.862108642372803e-06	2.1609373932730283e-69	Aque_Aqu2.1.44138-001;Scil_g7102	3.8562754919885587e-45	1.635209772088287e-57	Aque_Aqu2.1.29989-001;Scil_g1960	1.925747833113352e-52	6.306552480614765e-130				Aque_Aqu2.1.30867-001;Scil_g5780	2.2178060027007063e-15	8.075077859503192e-13	Aque_Aqu2.1.34344-001;Scil_g119	2.2077011597117694e-28	1.3623810224538596e-69	Aque_Aqu2.1.41034-001;Scil_g10109	6.951328331469252e-16	3.4829287635336846e-146
																					Aque_Aqu2.1.43276-001;Scil_g9048	3.446637853073255e-26	0.0006816163843164766	Aque_Aqu2.1.43837-001;Scil_g11217	2.7445382105068135e-22	3.0300660819734227e-109										Aque_Aqu2.1.28816-001;Scil_g12156	7.435679634743047e-51	2.863278841264775e-151	Aque_Aqu2.1.25378-001;Scil_g10648	5.911304400018136e-31	2.3400360247395093e-204	Aque_Aqu2.1.44167-001;Scil_g6323	1.1590161003968925e-62	3.6475049149860968e-174	Aque_Aqu2.1.18283-001;Scil_g8502	2.827310778620294e-50	8.198007530054436e-60	Aque_Aqu2.1.31383-001;Scil_g5475	2.2954183694801987e-34	9.475761741841123e-100	Aque_Aqu2.1.38354-001;Scil_g2690	2.2134121108487764e-67	6.280257465976477e-132				Aque_Aqu2.1.08677-001;Scil_g12359	2.4844325760382654e-06	1.3366848353291036e-17	Aque_Aqu2.1.34343-001;Scil_g119	1.5214560898974503e-16	1.3623810224538596e-69	Aque_Aqu2.1.25682-001;Scil_g12596	1.0714951267751171e-15	7.235802197841815e-133
																					Aque_Aqu2.1.29077-001;Scil_g119	0.004435325589982778	2.2662330447243323e-31	Aque_Aqu2.1.37818-001;Scil_g5248	3.9378155741887766e-08	1.8229917120391009e-116										Aque_Aqu2.1.21796-001;Scil_g6646	2.768814846554846e-35	6.79722916540545e-161	Aque_Aqu2.1.26684-001;Scil_g9100	1.5638574268600387e-53	8.119309318280844e-257	Aque_Aqu2.1.29989-001;Scil_g1960	1.925747833113352e-52	5.229783324829319e-159	Aque_Aqu2.1.23379-001;Scil_g11542	5.27987100999598e-13	1.5936382233077245e-73	Aque_Aqu2.1.41635-001;Scil_g12565	1.2918618241681008e-43	6.46552971936543e-78	Aque_Aqu2.1.38546-001;Scil_g13572	1.0671613374836573e-52	3.124360708919214e-121				Aque_Aqu2.1.08677-001;Scil_g130	2.4844325760382654e-06	3.038769567278182e-97	Aque_Aqu2.1.31551-001;Scil_g5780	3.9674415973606416e-07	1.7124136431645906e-51	Aque_Aqu2.1.28091-001;Scil_g3361	1.38010152808325e-16	1.6865584402560354e-132
																					Aque_Aqu2.1.40905-001;Scil_g8135	4.820080788969451e-15	6.553039098870591e-124	Aque_Aqu2.1.44167-001;Scil_g6323	9.161772165192705e-21	6.615669001932877e-124										Aque_Aqu2.1.28647-001;Scil_g9720	8.947102136336604e-42	7.310017971205648e-163	Aque_Aqu2.1.15787-001;Scil_g8438	7.262197228419359e-18	2.4448447222526423e-204	Aque_Aqu2.1.38354-001;Scil_g2690	2.2134121108487764e-67	1.4801592141196945e-159	Aque_Aqu2.1.34429-001;Scil_g10557	4.70494708232845e-20	1.801111280316026e-73	Aque_Aqu2.1.34241-001;Scil_g8844	1.4560325607056229e-64	6.2035480416126905e-59	Aque_Aqu2.1.22710-001;Scil_g8427	4.8151972413303454e-54	6.170621570223789e-101				Aque_Aqu2.1.31551-001;Scil_g5780	3.9674415973606416e-07	8.075077859503192e-13	Aque_Aqu2.1.38560-001;Scil_g10147	1.5341007065601886e-12	2.8155538420449976e-98	Aque_Aqu2.1.33925-001;Scil_g8322	6.638500048969877e-18	5.565533061090922e-143
																					Aque_Aqu2.1.34344-001;Scil_g119	2.0712372452480547e-05	2.2662330447243323e-31	Aque_Aqu2.1.27559-001;Scil_g13584	3.648381781651825e-17	1.2029324188583056e-129										Aque_Aqu2.1.29989-001;Scil_g1960	1.4212504089931872e-47	5.229783324829319e-159	Aque_Aqu2.1.27559-001;Scil_g13584	1.2565950443028818e-30	3.6585541820476346e-190	Aque_Aqu2.1.44014-001;Scil_g8313	8.11838618589549e-64	6.323963500206006e-147	Aque_Aqu2.1.37974-001;Scil_g13124	6.094716138194501e-15	2.510924435411201e-66	Aque_Aqu2.1.37818-001;Scil_g5248	1.9445573766196906e-29	2.278276307296944e-93	Aque_Aqu2.1.15787-001;Scil_g8438	7.262197228419359e-18	5.6658914097535356e-114				Aque_Aqu2.1.34140-001;Scil_g5780	7.558490843844847e-18	8.075077859503192e-13	Aque_Aqu2.1.17717-001;Scil_g6241	0.005797488385890602	8.13400126756962e-59	Aque_Aqu2.1.22254-001;Scil_g899	2.628452415338557e-20	1.6375404150214944e-141
																					Aque_Aqu2.1.34343-001;Scil_g119	0.00026300447511018465	2.2662330447243323e-31	Aque_Aqu2.1.41195-001;Scil_g8806	9.262557486857052e-29	5.717263390510375e-114										Aque_Aqu2.1.29050-001;Scil_g13035	5.749345290936899e-47	6.21446002587088e-150	Aque_Aqu2.1.23379-001;Scil_g11542	5.27987100999598e-13	1.4216013686926433e-212	Aque_Aqu2.1.22710-001;Scil_g8427	4.8151972413303454e-54	1.1938737976081495e-134	Aque_Aqu2.1.41034-001;Scil_g10109	8.955384651012854e-58	6.527622233798161e-62	Aque_Aqu2.1.39934-001;Scil_g898	2.394208137158836e-59	6.237728852407429e-73	Aque_Aqu2.1.06465-001;Scil_g13584	4.862108642372803e-06	1.2029324188583056e-129				Aque_Aqu2.1.23371-001;Scil_g9815	3.2265736526166875e-13	0.0010678210337600475	Aque_Aqu2.1.29081-001;Scil_g119	4.5749294862807634e-11	1.3623810224538596e-69	Aque_Aqu2.1.19270-001;Scil_g3638	3.2675262468138132e-15	1.2325688050987257e-145
																					Aque_Aqu2.1.41302-001;Scil_g480	3.801117045583477e-13	0.009624626957442097	Aque_Aqu2.1.24541-001;Scil_g5248	1.3032666902546044e-28	1.8229917120391009e-116										Aque_Aqu2.1.28570-001;Scil_g9100	1.293588810266684e-22	8.429123104358075e-154	Aque_Aqu2.1.32585-001;Scil_g3331	2.4182922292408123e-65	5.609912434533474e-176	Aque_Aqu2.1.44322-001;Scil_g8502	3.949705092162152e-06	2.2432094135289236e-151	Aque_Aqu2.1.37897-001;Scil_g10541	4.458936636758031e-53	9.454700122289907e-66	Aque_Aqu2.1.29989-001;Scil_g1960	1.925747833113352e-52	2.213824322766958e-62	Aque_Aqu2.1.34429-001;Scil_g10557	4.70494708232845e-20	6.653929537756884e-101				Aque_Aqu2.1.29081-001;Scil_g119	4.5749294862807634e-11	2.2662330447243323e-31	Aque_Aqu2.1.29076-001;Scil_g119	1.3354015920421836e-16	1.3623810224538596e-69	Aque_Aqu2.1.24884-001;Scil_g1554	0.00012115347181119577	5.442295880952414e-155
																					Aque_Aqu2.1.34140-001;Scil_g5780	0.0022753261179983162	8.075077859503192e-13	Aque_Aqu2.1.34429-001;Scil_g10557	1.583993570630736e-07	6.653929537756884e-101										Aque_Aqu2.1.37897-001;Scil_g10541	6.836648038882011e-37	3.1856999956427032e-142	Aque_Aqu2.1.31383-001;Scil_g5475	2.2954183694801987e-34	1.295333448185283e-264	Aque_Aqu2.1.29050-001;Scil_g13035	9.99776343746566e-60	6.21446002587088e-150	Aque_Aqu2.1.44014-001;Scil_g8313	8.11838618589549e-64	1.596289033325565e-57	Aque_Aqu2.1.28570-001;Scil_g9100	3.509952600729791e-18	4.5024897142541e-103	Aque_Aqu2.1.41260-001;Scil_g10372	7.46132499654788e-54	1.913213127166631e-127				Aque_Aqu2.1.34343-001;Scil_g119	1.5214560898974503e-16	2.2662330447243323e-31	Aque_Aqu2.1.25769-001;Scil_g428	3.6151782226758045e-06	4.175250432571053e-28	Aque_Aqu2.1.44014-001;Scil_g8313	1.2577838045800928e-21	6.515314154565603e-135
																					Aque_Aqu2.1.24541-001;Scil_g8569	2.8744897874440225e-07	1.00596364619945e-07	Aque_Aqu2.1.28570-001;Scil_g9100	1.7409664434173858e-10	1.0035499257504597e-104										Aque_Aqu2.1.18692-001;Scil_g3716	2.2630144689676733e-53	8.334447354496326e-136	Aque_Aqu2.1.18692-001;Scil_g3716	5.1561791060981335e-48	2.4960418642465242e-204	Aque_Aqu2.1.31383-001;Scil_g5475	2.2954183694801987e-34	2.603790570228733e-127	Aque_Aqu2.1.34241-001;Scil_g8844	1.4560325607056229e-64	2.2990625511157377e-52	Aque_Aqu2.1.44014-001;Scil_g8313	8.11838618589549e-64	1.0367214605733794e-64	Aque_Aqu2.1.26386-001;Scil_g3151	5.105467772966514e-54	1.5161923649903748e-116				Aque_Aqu2.1.41482-001;Scil_g5780	2.5275741488052103e-08	8.075077859503192e-13	Aque_Aqu2.1.41482-001;Scil_g5780	2.5275741488052103e-08	1.7124136431645906e-51	Aque_Aqu2.1.28223-001;Scil_g4223	0.0021934974242093703	1.9268973967665987e-150
																					Aque_Aqu2.1.28510-001;Scil_g1202	5.757125089948208e-11	9.758803004117972e-16	Aque_Aqu2.1.26684-001;Scil_g9100	3.2322339990656136e-32	1.0035499257504597e-104										Aque_Aqu2.1.26235-001;Scil_g10351	6.999290845661183e-08	7.08398866832892e-149	Aque_Aqu2.1.37897-001;Scil_g10541	4.458936636758031e-53	3.2513161502256504e-199	Aque_Aqu2.1.27559-001;Scil_g13584	1.2565950443028818e-30	6.878801991793587e-166	Aque_Aqu2.1.21796-001;Scil_g6646	3.083447922698033e-55	6.64871936919306e-66	Aque_Aqu2.1.41260-001;Scil_g10372	7.46132499654788e-54	3.555589534186407e-58	Aque_Aqu2.1.31383-001;Scil_g6171	2.2954183694801987e-34	1.8541642254970424e-60				Aque_Aqu2.1.08677-001;Scil_g13539	2.4844325760382654e-06	3.2137585698642266e-123	Aque_Aqu2.1.14505-001;Scil_g10145	2.063209095296014e-15	1.7089317846235402e-39	Aque_Aqu2.1.39934-001;Scil_g898	4.661805022781983e-18	6.420321187906607e-144
																					Aque_Aqu2.1.42548-001;Scil_g5592	4.078853872210837e-16	0.0008458127119799861	Aque_Aqu2.1.18283-001;Scil_g8502	6.998674804028394e-17	6.847087816941289e-126										Aque_Aqu2.1.19270-001;Scil_g3638	1.0365087396273039e-38	3.0397548594067224e-143	Aque_Aqu2.1.41892-001;Scil_g7730	1.18545554920024e-05	1.4178668315316615e-278	Aque_Aqu2.1.37747-001;Scil_g13124	2.393728600122621e-67	1.440043622425943e-159	Aque_Aqu2.1.38191-001;Scil_g1960	1.7868189428044097e-31	3.4946129930820525e-60	Aque_Aqu2.1.38191-001;Scil_g1960	1.7868189428044097e-31	2.213824322766958e-62	Aque_Aqu2.1.12657-001;Scil_g9127	4.5771179824855065e-58	3.7475180573296457e-106				Aque_Aqu2.1.25769-001;Scil_g428	3.6151782226758045e-06	1.0174043620730253e-33	Aque_Aqu2.1.21015-001;Scil_g12721	4.1132400946604663e-78	6.274956197302803e-61	Aque_Aqu2.1.41260-001;Scil_g10372	1.5268182579900567e-16	3.503884926200857e-135
																								Aque_Aqu2.1.41260-001;Scil_g10372	3.0774755127613808e-25	1.913213127166631e-127										Aque_Aqu2.1.38354-001;Scil_g2690	5.30182101963132e-50	1.4801592141196945e-159	Aque_Aqu2.1.12657-001;Scil_g9127	4.5771179824855065e-58	1.102681786919194e-186	Aque_Aqu2.1.37897-001;Scil_g10541	4.458936636758031e-53	3.1856999956427032e-142	Aque_Aqu2.1.41260-001;Scil_g10372	7.46132499654788e-54	7.006226590431303e-52	Aque_Aqu2.1.44322-001;Scil_g8502	3.949705092162152e-06	6.574899579449861e-69	Aque_Aqu2.1.18867-001;Scil_g1791	4.886870184373377e-42	4.0636074727132244e-104				Aque_Aqu2.1.29077-001;Scil_g119	4.596995468254181e-06	2.2662330447243323e-31	Aque_Aqu2.1.28775-001;Scil_g12781	0.004315953674556752	6.388261027111742e-60	Aque_Aqu2.1.24263-001;Scil_g13234	1.7114083463886176e-25	3.2167110153814714e-132
																								Aque_Aqu2.1.31156-001;Scil_g934	1.341600289203714e-21	8.752207307104809e-104										Aque_Aqu2.1.26386-001;Scil_g3151	1.261158411770333e-25	1.864551246993008e-149	Aque_Aqu2.1.39147-001;Scil_g10727	9.736183916716592e-27	5.2879013753706336e-216	Aque_Aqu2.1.12657-001;Scil_g9127	4.5771179824855065e-58	2.5506687612283145e-138	Aque_Aqu2.1.22254-001;Scil_g899	3.0864560071654486e-66	5.584797463990857e-59	Aque_Aqu2.1.41892-001;Scil_g7730	1.18545554920024e-05	1.2357435384900722e-102	Aque_Aqu2.1.24541-001;Scil_g5248	5.934327217092841e-72	1.8229917120391009e-116				Aque_Aqu2.1.40376-001;Scil_g6432	8.661719478818964e-12	1.968947387535804e-07	Aque_Aqu2.1.28301-001;Scil_g5638	0.00012217214861784363	2.34263091530167e-12	Aque_Aqu2.1.29050-001;Scil_g13035	1.0320289786943976e-21	4.615942427024598e-138
																								Aque_Aqu2.1.18867-001;Scil_g1791	4.595959217817174e-16	4.0636074727132244e-104										Aque_Aqu2.1.26684-001;Scil_g9100	6.761685812966143e-60	8.429123104358075e-154	Aque_Aqu2.1.41034-001;Scil_g10109	8.955384651012854e-58	3.418921459024882e-185	Aque_Aqu2.1.18867-001;Scil_g1791	4.886870184373377e-42	3.944993406931303e-142	Aque_Aqu2.1.28570-001;Scil_g9100	3.509952600729791e-18	6.02162438020595e-123	Aque_Aqu2.1.22254-001;Scil_g899	3.0864560071654486e-66	2.218417267502665e-62	Aque_Aqu2.1.31383-001;Scil_g5475	2.2954183694801987e-34	1.4775950835570399e-67				Aque_Aqu2.1.29497-001;Scil_g8135	1.3637209141277118e-32	6.553039098870591e-124	Aque_Aqu2.1.42203-001;Scil_g4454	0.0038854036520863866	1.4238794793202459e-11	Aque_Aqu2.1.22710-001;Scil_g8427	1.1372621346289576e-13	7.819323192875134e-140
																								Aque_Aqu2.1.26386-001;Scil_g3151	2.2686781422222973e-22	1.5161923649903748e-116										Aque_Aqu2.1.06465-001;Scil_g13584	0.0003155867594139828	6.878801991793587e-166	Aque_Aqu2.1.37747-001;Scil_g13124	2.393728600122621e-67	3.126717791224233e-203	Aque_Aqu2.1.28485-001;Scil_g3011	6.50102979450714e-63	8.301319845664231e-118	Aque_Aqu2.1.44322-001;Scil_g8502	3.949705092162152e-06	8.198007530054436e-60	Aque_Aqu2.1.29050-001;Scil_g13035	9.99776343746566e-60	8.649003164520141e-55	Aque_Aqu2.1.21796-001;Scil_g6646	3.083447922698033e-55	3.232539875223154e-115				Aque_Aqu2.1.41331-001;Scil_g480	0.0002011117202855278	0.009624626957442097	Aque_Aqu2.1.42065-001;Scil_g10015	0.0003052665780804122	5.0822851813294865e-53	Aque_Aqu2.1.40908-001;Scil_g10622	1.0059258408816032e-12	8.740363195160642e-136
																								Aque_Aqu2.1.37762-001;Scil_g10909	1.6135422294044805e-23	4.029297331216679e-108										Aque_Aqu2.1.31194-001;Scil_g2893	1.0507815572647495e-59	3.416092388596415e-141	Aque_Aqu2.1.37974-001;Scil_g13124	6.094716138194501e-15	3.126717791224233e-203	Aque_Aqu2.1.24263-001;Scil_g13234	4.701194453779921e-52	3.7544851097034814e-139	Aque_Aqu2.1.29989-001;Scil_g1960	1.925747833113352e-52	3.4946129930820525e-60	Aque_Aqu2.1.24263-001;Scil_g13234	4.701194453779921e-52	4.695137719241873e-61	Aque_Aqu2.1.26243-001;Scil_g10351	7.179247410449529e-18	1.1580364520251981e-105				Aque_Aqu2.1.40905-001;Scil_g8135	1.7701735662038075e-13	6.553039098870591e-124	Aque_Aqu2.1.37082-001;Scil_g10145	1.274641701062852e-24	1.7089317846235402e-39	Aque_Aqu2.1.33543-001;Scil_g2483	5.0976828055656535e-08	1.1710970285540393e-134
																								Aque_Aqu2.1.22254-001;Scil_g899	2.0132238671405738e-23	3.3387544520931506e-131										Aque_Aqu2.1.43309-001;Scil_g2223	6.923892576090805e-31	4.3204846775651536e-154	Aque_Aqu2.1.28570-001;Scil_g9100	3.509952600729791e-18	8.119309318280844e-257	Aque_Aqu2.1.26386-001;Scil_g3151	5.105467772966514e-54	1.864551246993008e-149	Aque_Aqu2.1.41195-001;Scil_g8806	8.728983795571548e-51	6.244210275445848e-69	Aque_Aqu2.1.18867-001;Scil_g1791	4.886870184373377e-42	7.673969684947332e-54	Aque_Aqu2.1.22254-001;Scil_g899	3.0864560071654486e-66	3.3387544520931506e-131				Aque_Aqu2.1.41049-001;Scil_g130	1.8106748592476442e-08	3.038769567278182e-97	Aque_Aqu2.1.29497-001;Scil_g8135	1.3637209141277118e-32	5.486080198597251e-106	Aque_Aqu2.1.32930-001;Scil_g9250	9.717064150508503e-14	5.271924765515633e-138
																								Aque_Aqu2.1.12657-001;Scil_g9127	1.310166419354913e-20	3.7475180573296457e-106										Aque_Aqu2.1.28485-001;Scil_g3011	1.6673653669218162e-39	8.301319845664231e-118	Aque_Aqu2.1.41260-001;Scil_g10372	7.46132499654788e-54	5.879380775897471e-174	Aque_Aqu2.1.38546-001;Scil_g13572	1.0671613374836573e-52	1.0247871213964262e-142	Aque_Aqu2.1.41892-001;Scil_g7730	1.18545554920024e-05	4.453124091986315e-106	Aque_Aqu2.1.21796-001;Scil_g6646	3.083447922698033e-55	1.027693016039049e-51	Aque_Aqu2.1.33543-001;Scil_g2483	9.214772329244842e-31	6.551856423543061e-127				Aque_Aqu2.1.41049-001;Scil_g13539	1.8106748592476442e-08	3.2137585698642266e-123	Aque_Aqu2.1.43674-001;Scil_g5780	1.7233666356549573e-12	1.7124136431645906e-51	Aque_Aqu2.1.43309-001;Scil_g2223	6.667071316992044e-24	2.6629420863270718e-117
																								Aque_Aqu2.1.35984-001;Scil_g126	2.3866037364621864e-18	3.986600781755604e-93										Aque_Aqu2.1.24541-001;Scil_g5248	2.9741559828326827e-21	2.327018957595338e-155	Aque_Aqu2.1.43837-001;Scil_g11217	1.1871307877390708e-51	4.44949211956563e-199	Aque_Aqu2.1.37762-001;Scil_g10909	3.3381192514470074e-59	7.497390912948725e-127	Aque_Aqu2.1.18867-001;Scil_g1791	4.886870184373377e-42	3.0871441974381464e-58	Aque_Aqu2.1.40224-001;Scil_g11001	2.169681369939558e-60	2.866507018775686e-65	Aque_Aqu2.1.35077-001;Scil_g1925	5.536326764560362e-71	4.2800437018847376e-107				Aque_Aqu2.1.28510-001;Scil_g1202	2.210677947147033e-17	9.758803004117972e-16	Aque_Aqu2.1.27224-001;Scil_g1638	0.00031038326859950165	8.970322427469508e-16	Aque_Aqu2.1.31156-001;Scil_g3115	2.2618357481412257e-18	2.2042847057570086e-145
																								Aque_Aqu2.1.24263-001;Scil_g13234	1.2773916395166252e-21	5.262125983873594e-122										Aque_Aqu2.1.37082-001;Scil_g9294	9.509729416128665e-35	5.590915565154804e-187	Aque_Aqu2.1.44014-001;Scil_g8313	8.11838618589549e-64	5.132110108058735e-184	Aque_Aqu2.1.06465-001;Scil_g13584	4.862108642372803e-06	6.878801991793587e-166	Aque_Aqu2.1.12657-001;Scil_g9127	4.5771179824855065e-58	8.581195583930896e-67	Aque_Aqu2.1.37897-001;Scil_g10541	4.458936636758031e-53	4.5208049764885296e-69	Aque_Aqu2.1.28816-001;Scil_g12156	6.00157947866052e-50	7.58545683046066e-123				Aque_Aqu2.1.41302-001;Scil_g480	0.001687448396136057	0.009624626957442097	Aque_Aqu2.1.40376-001;Scil_g6432	8.661719478818964e-12	4.0024488980391175e-56	Aque_Aqu2.1.34429-001;Scil_g10574	3.6935377012369854e-53	1.837169785174356e-148
																								Aque_Aqu2.1.37747-001;Scil_g13124	1.2781172149723182e-31	6.8826285325766285e-130										Aque_Aqu2.1.18867-001;Scil_g1791	4.828461646515689e-30	3.944993406931303e-142	Aque_Aqu2.1.38546-001;Scil_g13572	1.0671613374836573e-52	1.7340341221758836e-199	Aque_Aqu2.1.28816-001;Scil_g12156	6.00157947866052e-50	2.863278841264775e-151	Aque_Aqu2.1.22535-001;Scil_g10318	1.7528568593068535e-30	5.375190660101532e-131	Aque_Aqu2.1.18692-001;Scil_g3716	5.1561791060981335e-48	1.111008276494043e-72	Aque_Aqu2.1.43837-001;Scil_g11217	1.1871307877390708e-51	3.0300660819734227e-109				Aque_Aqu2.1.27224-001;Scil_g2125	0.00031038326859950165	9.671828238748487e-06	Aque_Aqu2.1.43637-001;Scil_g13000	2.7008875372878785e-25	3.39341625169788e-27	Aque_Aqu2.1.26386-001;Scil_g3151	1.3090063042851474e-16	2.091366084722021e-131
																								Aque_Aqu2.1.38191-001;Scil_g1960	0.0006027112448173675	6.306552480614765e-130										Aque_Aqu2.1.43837-001;Scil_g11217	4.5044404302408886e-54	2.946148279105504e-136	Aque_Aqu2.1.31156-001;Scil_g934	7.868425638375673e-57	1.0684139386489202e-183	Aque_Aqu2.1.39934-001;Scil_g898	2.394208137158836e-59	4.429369527428124e-142	Aque_Aqu2.1.34429-001;Scil_g1131	4.70494708232845e-20	8.15074595867345e-68	Aque_Aqu2.1.38546-001;Scil_g13572	1.0671613374836573e-52	4.8490970750146423e-73	Aque_Aqu2.1.18692-001;Scil_g3716	5.1561791060981335e-48	2.924003797643012e-102				Aque_Aqu2.1.42548-001;Scil_g5592	8.445963432225805e-08	0.0008458127119799861	Aque_Aqu2.1.27258-001;Scil_g2151	3.9503177667531095e-12	5.1627748462471725e-15	Aque_Aqu2.1.41308-001;Scil_g4911	6.849604911006848e-37	3.454109394803012e-91
																								Aque_Aqu2.1.28485-001;Scil_g3011	2.6441755297341634e-27	1.7885208264390485e-96										Aque_Aqu2.1.25378-001;Scil_g10648	9.2347369993359e-34	9.495826844820962e-127	Aque_Aqu2.1.40224-001;Scil_g11001	2.169681369939558e-60	1.2346430493149026e-216	Aque_Aqu2.1.18692-001;Scil_g3716	5.1561791060981335e-48	8.334447354496326e-136	Aque_Aqu2.1.18692-001;Scil_g3716	5.1561791060981335e-48	6.616806641247539e-60	Aque_Aqu2.1.31383-001;Scil_g6171	2.2954183694801987e-34	2.2054239690199396e-22	Aque_Aqu2.1.14207-001;Scil_g3151	9.8525005996752e-13	1.5161923649903748e-116				Aque_Aqu2.1.41653-001;Scil_g8832	0.00013887723070974377	0.005243785180414339	Aque_Aqu2.1.41049-001;Scil_g13539	1.8106748592476442e-08	4.3305419583516825e-67	Aque_Aqu2.1.38191-001;Scil_g1960	0.005113886805994292	3.2286928073300084e-140
																								Aque_Aqu2.1.35077-001;Scil_g1925	8.359400417992498e-28	4.2800437018847376e-107										Aque_Aqu2.1.14207-001;Scil_g3151	1.2718519848118789e-08	1.864551246993008e-149	Aque_Aqu2.1.24263-001;Scil_g13234	4.701194453779921e-52	1.8077842991171444e-162	Aque_Aqu2.1.31156-001;Scil_g934	7.868425638375673e-57	6.127378623792212e-138	Aque_Aqu2.1.37747-001;Scil_g13124	2.393728600122621e-67	2.510924435411201e-66	Aque_Aqu2.1.41034-001;Scil_g10109	8.955384651012854e-58	2.0184921920392736e-58	Aque_Aqu2.1.37762-001;Scil_g10909	3.3381192514470074e-59	4.029297331216679e-108							Aque_Aqu2.1.41692-001;Scil_g11208	3.4361040649818166e-05	3.3402820584865002e-40	Aque_Aqu2.1.43837-001;Scil_g11217	2.003859435506859e-17	2.2858280483352336e-116
																								Aque_Aqu2.1.39934-001;Scil_g898	8.045629783473564e-26	4.308549653003146e-109										Aque_Aqu2.1.05055-001;Scil_g6010	0.0026709139542623445	1.1519781345205258e-132	Aque_Aqu2.1.22710-001;Scil_g8427	4.8151972413303454e-54	9.197135816581088e-177	Aque_Aqu2.1.26684-001;Scil_g9100	1.5638574268600387e-53	8.429123104358075e-154	Aque_Aqu2.1.40224-001;Scil_g11001	2.169681369939558e-60	2.2238339777731827e-75	Aque_Aqu2.1.37762-001;Scil_g10909	3.3381192514470074e-59	1.6856990682172185e-88	Aque_Aqu2.1.37897-001;Scil_g10541	4.458936636758031e-53	1.1456842720104019e-125							Aque_Aqu2.1.41302-001;Scil_g480	0.001687448396136057	3.092830560358061e-15	Aque_Aqu2.1.33636-001;Scil_g4533	5.464278775288302e-19	1.3986795553969162e-141
																								Aque_Aqu2.1.18087-001;Scil_g6946	1.502084800900885e-32	1.8905985442545066e-101										Aque_Aqu2.1.31156-001;Scil_g934	8.281115185636452e-45	6.127378623792212e-138	Aque_Aqu2.1.18867-001;Scil_g1791	4.886870184373377e-42	1.533310905061664e-157	Aque_Aqu2.1.14207-001;Scil_g3151	9.8525005996752e-13	1.864551246993008e-149	Aque_Aqu2.1.26243-001;Scil_g10351	7.179247410449529e-18	4.669229553245172e-70	Aque_Aqu2.1.18813-001;Scil_g2370	1.3570687017280117e-64	1.2677505955116455e-76	Aque_Aqu2.1.41195-001;Scil_g8806	8.728983795571548e-51	5.717263390510375e-114							Aque_Aqu2.1.40905-001;Scil_g8135	1.7701735662038075e-13	5.486080198597251e-106	Aque_Aqu2.1.42490-001;Scil_g10912	5.559519384877255e-19	9.560968674137605e-135
																								Aque_Aqu2.1.31383-001;Scil_g6171	1.627448642617829e-06	1.8541642254970424e-60										Aque_Aqu2.1.34429-001;Scil_g1131	6.441766976224729e-17	7.382119610847348e-59	Aque_Aqu2.1.28816-001;Scil_g12156	6.00157947866052e-50	2.209389321751401e-174	Aque_Aqu2.1.43837-001;Scil_g11217	1.1871307877390708e-51	2.946148279105504e-136	Aque_Aqu2.1.37762-001;Scil_g10909	3.3381192514470074e-59	1.267586401434031e-78	Aque_Aqu2.1.22710-001;Scil_g8427	4.8151972413303454e-54	1.1685998167737437e-58	Aque_Aqu2.1.41892-001;Scil_g7730	1.18545554920024e-05	3.838140975296961e-93							Aque_Aqu2.1.41049-001;Scil_g130	1.8106748592476442e-08	4.0112072596266123e-53	Aque_Aqu2.1.34344-001;Scil_g7064	6.42250061611167e-28	4.2136795924214e-153
																								Aque_Aqu2.1.07543-001;Scil_g9250	2.2001428073001342e-26	5.7746026627104943e-98										Aque_Aqu2.1.31156-001;Scil_g3115	8.281115185636452e-45	7.115957034939722e-127	Aque_Aqu2.1.26243-001;Scil_g10351	7.179247410449529e-18	1.8888043250121346e-198	Aque_Aqu2.1.32930-001;Scil_g9250	1.754004206105032e-49	2.721435095952227e-130	Aque_Aqu2.1.31156-001;Scil_g934	7.868425638375673e-57	6.362527034083131e-56	Aque_Aqu2.1.26386-001;Scil_g3151	5.105467772966514e-54	4.2202114456494796e-51	Aque_Aqu2.1.31156-001;Scil_g934	7.868425638375673e-57	8.752207307104809e-104							Aque_Aqu2.1.29497-001;Scil_g208	1.3637209141277118e-32	0.0013166104720825783	Aque_Aqu2.1.40224-001;Scil_g11001	2.1661731055059765e-14	4.381078424760065e-104
																								Aque_Aqu2.1.21796-001;Scil_g6646	9.87382329476298e-19	3.232539875223154e-115										Aque_Aqu2.1.18688-001;Scil_g8353	2.5670773198039102e-50	1.490031832718346e-128	Aque_Aqu2.1.22254-001;Scil_g899	3.0864560071654486e-66	2.5252932439059766e-179	Aque_Aqu2.1.25378-001;Scil_g10648	5.911304400018136e-31	9.495826844820962e-127	Aque_Aqu2.1.39934-001;Scil_g898	2.394208137158836e-59	8.472662142344133e-71	Aque_Aqu2.1.28816-001;Scil_g12156	6.00157947866052e-50	6.671233607157058e-56	Aque_Aqu2.1.37747-001;Scil_g13124	2.393728600122621e-67	6.8826285325766285e-130							Aque_Aqu2.1.40905-001;Scil_g208	1.7701735662038075e-13	0.0013166104720825783	Aque_Aqu2.1.29076-001;Scil_g7064	4.413690094610802e-12	4.2136795924214e-153
																								Aque_Aqu2.1.40224-001;Scil_g11001	1.588348475314187e-29	6.101725766357545e-91										Aque_Aqu2.1.41034-001;Scil_g10109	1.5263510653605754e-47	1.9989566733503683e-149	Aque_Aqu2.1.39934-001;Scil_g898	2.394208137158836e-59	2.6993486284459314e-204	Aque_Aqu2.1.42789-001;Scil_g6184	1.2639182154503181e-79	1.4568704947031035e-94	Aque_Aqu2.1.23412-001;Scil_g10318	1.3508487818249637e-15	5.375190660101532e-131	Aque_Aqu2.1.41308-001;Scil_g4911	2.151919849648586e-52	6.119197547869049e-80	Aque_Aqu2.1.27559-001;Scil_g13584	1.2565950443028818e-30	1.2029324188583056e-129							Aque_Aqu2.1.08677-001;Scil_g130	2.4844325760382654e-06	4.0112072596266123e-53	Aque_Aqu2.1.37897-001;Scil_g10541	5.267552629712014e-15	1.3466769025302253e-132
																								Aque_Aqu2.1.37897-001;Scil_g10541	2.621382569344745e-18	1.1456842720104019e-125										Aque_Aqu2.1.35077-001;Scil_g1925	7.971932862918167e-47	3.7542346207751636e-142	Aque_Aqu2.1.37762-001;Scil_g10909	3.3381192514470074e-59	2.28891007541165e-230	Aque_Aqu2.1.37974-001;Scil_g13124	6.094716138194501e-15	1.440043622425943e-159	Aque_Aqu2.1.25378-001;Scil_g10648	5.911304400018136e-31	2.7368448364674213e-69	Aque_Aqu2.1.28485-001;Scil_g3011	6.50102979450714e-63	5.664199113903309e-65	Aque_Aqu2.1.39147-001;Scil_g10727	9.736183916716592e-27	4.154369703068339e-87							Aque_Aqu2.1.08677-001;Scil_g13539	2.4844325760382654e-06	4.3305419583516825e-67	Aque_Aqu2.1.35077-001;Scil_g1925	8.111721222690014e-24	3.632065566440853e-123
																								Aque_Aqu2.1.25378-001;Scil_g10648	1.4116440755895415e-18	9.95054578048598e-83										Aque_Aqu2.1.37974-001;Scil_g13124	0.0012457711150758854	1.440043622425943e-159	Aque_Aqu2.1.23412-001;Scil_g10318	1.3508487818249637e-15	2.6930087639678053e-238	Aque_Aqu2.1.33543-001;Scil_g2483	9.214772329244842e-31	4.803739012017477e-159	Aque_Aqu2.1.43837-001;Scil_g11217	1.1871307877390708e-51	4.245980281265512e-65	Aque_Aqu2.1.15787-001;Scil_g8438	7.262197228419359e-18	3.203687522845791e-74	Aque_Aqu2.1.28485-001;Scil_g3011	6.50102979450714e-63	1.7885208264390485e-96							Aque_Aqu2.1.27224-001;Scil_g2125	0.00031038326859950165	7.978194181701999e-06	Aque_Aqu2.1.31156-001;Scil_g934	2.2618357481412257e-18	3.187761231484599e-127
																								Aque_Aqu2.1.41034-001;Scil_g10109	1.7521830639439868e-23	5.363888223878153e-109										Aque_Aqu2.1.40224-001;Scil_g11001	2.631596341025549e-53	1.3399004150438272e-121	Aque_Aqu2.1.44322-001;Scil_g8502	3.949705092162152e-06	4.329584583627883e-199	Aque_Aqu2.1.07543-001;Scil_g9250	2.860189126298224e-57	2.721435095952227e-130	Aque_Aqu2.1.28485-001;Scil_g3011	6.50102979450714e-63	9.411813908431828e-75	Aque_Aqu2.1.31156-001;Scil_g934	7.868425638375673e-57	1.3550010493956119e-48	Aque_Aqu2.1.41308-001;Scil_g4911	2.151919849648586e-52	2.54633051855732e-106							Aque_Aqu2.1.41892-001;Scil_g2609	4.663854846869599e-09	2.5496084693932424e-33	Aque_Aqu2.1.26235-001;Scil_g10351	0.00255188063028496	1.0880799090236031e-127
																								Aque_Aqu2.1.29050-001;Scil_g13035	1.1009526648807342e-23	6.465733781934701e-120										Aque_Aqu2.1.39147-001;Scil_g10727	1.2368110189035155e-16	7.513425537122112e-124	Aque_Aqu2.1.31383-001;Scil_g6171	2.2954183694801987e-34	1.7399426912413675e-74	Aque_Aqu2.1.41034-001;Scil_g10109	8.955384651012854e-58	1.9989566733503683e-149	Aque_Aqu2.1.26386-001;Scil_g3151	5.105467772966514e-54	3.562871497295854e-52	Aque_Aqu2.1.25378-001;Scil_g10648	5.911304400018136e-31	1.3859039755628669e-71	Aque_Aqu2.1.40224-001;Scil_g11001	2.169681369939558e-60	6.101725766357545e-91							Aque_Aqu2.1.28223-001;Scil_g2609	6.254528262419945e-10	2.5496084693932424e-33	Aque_Aqu2.1.43964-001;Scil_g12296	3.214376513534616e-20	4.998613850484266e-127
																								Aque_Aqu2.1.31194-001;Scil_g2893	9.959623795540154e-31	1.0150715543948034e-123										Aque_Aqu2.1.37748-001;Scil_g13124	0.0004474081494303829	1.440043622425943e-159	Aque_Aqu2.1.33543-001;Scil_g2483	9.214772329244842e-31	2.4208191274464857e-204	Aque_Aqu2.1.26243-001;Scil_g10351	7.179247410449529e-18	7.08398866832892e-149	Aque_Aqu2.1.41308-001;Scil_g4911	2.151919849648586e-52	1.5341543968365e-85	Aque_Aqu2.1.41195-001;Scil_g8806	8.728983795571548e-51	2.298035610377564e-61	Aque_Aqu2.1.26684-001;Scil_g9100	1.5638574268600387e-53	1.0035499257504597e-104							Aque_Aqu2.1.35197-001;Scil_g12865	0.001397778378337451	6.315377043284139e-10	Aque_Aqu2.1.12182-001;Scil_g126	2.0519916326002823e-22	4.97121277732649e-123
																								Aque_Aqu2.1.19270-001;Scil_g3638	6.493294373421388e-22	1.5948665462031745e-111										Aque_Aqu2.1.33443-001;Scil_g7730	0.0008685524716291751	2.6050196296166155e-119	Aque_Aqu2.1.43964-001;Scil_g12296	1.2415478694227928e-47	3.383163099003035e-164	Aque_Aqu2.1.18813-001;Scil_g2370	1.3570687017280117e-64	8.301935740949479e-119	Aque_Aqu2.1.24263-001;Scil_g13234	4.701194453779921e-52	3.1734013630346153e-54	Aque_Aqu2.1.32930-001;Scil_g9250	1.754004206105032e-49	8.789130085628189e-50	Aque_Aqu2.1.28570-001;Scil_g9100	3.509952600729791e-18	1.0035499257504597e-104							Aque_Aqu2.1.41331-001;Scil_g480	0.0002011117202855278	3.092830560358061e-15	Aque_Aqu2.1.18692-001;Scil_g3716	2.8402431777823768e-14	4.657248853766761e-104
																								Aque_Aqu2.1.26235-001;Scil_g10351	0.0007411481609471346	1.1580364520251981e-105										Aque_Aqu2.1.41260-001;Scil_g10372	1.0812463531255155e-52	1.6920269179713243e-141	Aque_Aqu2.1.35077-001;Scil_g1925	5.536326764560362e-71	4.5482799357800166e-175	Aque_Aqu2.1.19270-001;Scil_g3638	2.1741224728065606e-36	3.0397548594067224e-143	Aque_Aqu2.1.38546-001;Scil_g13572	1.0671613374836573e-52	6.211280322015052e-75	Aque_Aqu2.1.43837-001;Scil_g11217	1.1871307877390708e-51	4.591856762452543e-69	Aque_Aqu2.1.18813-001;Scil_g2370	1.3570687017280117e-64	1.4642708276231891e-97							Aque_Aqu2.1.41653-001;Scil_g8832	0.00013887723070974377	1.2128200635817152e-09	Aque_Aqu2.1.18087-001;Scil_g6946	1.0950419374912689e-17	2.0874464023264398e-138
																								Aque_Aqu2.1.31156-001;Scil_g3115	1.341600289203714e-21	4.6554151080818974e-104										Aque_Aqu2.1.32930-001;Scil_g9250	2.2022963459244614e-35	2.721435095952227e-130	Aque_Aqu2.1.29989-001;Scil_g1960	1.925747833113352e-52	3.8411450141462353e-180	Aque_Aqu2.1.41308-001;Scil_g4911	2.151919849648586e-52	6.800158371790932e-149	Aque_Aqu2.1.22710-001;Scil_g8427	4.8151972413303454e-54	3.342430794526215e-51	Aque_Aqu2.1.26243-001;Scil_g10351	7.179247410449529e-18	2.353619474676264e-58	Aque_Aqu2.1.41034-001;Scil_g10109	8.955384651012854e-58	5.363888223878153e-109							Aque_Aqu2.1.33443-001;Scil_g2609	0.0010375121140174422	2.5496084693932424e-33	Aque_Aqu2.1.44221-001;Scil_g6803	1.0713511198080788e-31	1.906518826981585e-143
																								Aque_Aqu2.1.26243-001;Scil_g10351	3.136482850570384e-05	1.1580364520251981e-105										Aque_Aqu2.1.33636-001;Scil_g4533	1.959664891254364e-51	1.8106888236106536e-122	Aque_Aqu2.1.28485-001;Scil_g3011	6.50102979450714e-63	4.8249382325839446e-207	Aque_Aqu2.1.28570-001;Scil_g9100	3.509952600729791e-18	8.429123104358075e-154	Aque_Aqu2.1.33543-001;Scil_g2483	9.214772329244842e-31	3.0059104757024366e-76	Aque_Aqu2.1.40409-001;Scil_g9552	6.275386168116754e-52	1.957368299162268e-60	Aque_Aqu2.1.35984-001;Scil_g126	1.047947088471877e-49	3.986600781755604e-93							Aque_Aqu2.1.31551-001;Scil_g12129	3.9674415973606416e-07	0.009806680288221868	Aque_Aqu2.1.28647-001;Scil_g9745	7.570416926969237e-22	6.083517751300122e-149
																								Aque_Aqu2.1.12182-001;Scil_g126	1.6566869056354067e-24	3.986600781755604e-93										Aque_Aqu2.1.39934-001;Scil_g898	1.8092250137901903e-49	4.429369527428124e-142	Aque_Aqu2.1.12182-001;Scil_g126	5.4376647498412236e-55	2.8021820890389442e-177	Aque_Aqu2.1.31383-001;Scil_g6171	2.2954183694801987e-34	4.140231065806796e-34	Aque_Aqu2.1.12182-001;Scil_g126	5.4376647498412236e-55	2.507770931102155e-52	Aque_Aqu2.1.35984-001;Scil_g126	1.047947088471877e-49	4.65812558029247e-56	Aque_Aqu2.1.24263-001;Scil_g13234	4.701194453779921e-52	5.262125983873594e-122										Aque_Aqu2.1.28223-001;Scil_g13004	0.0021934974242093703	8.305332241445597e-151
																								Aque_Aqu2.1.33636-001;Scil_g4533	4.672242161200613e-30	8.389187178288326e-91										Aque_Aqu2.1.33543-001;Scil_g2483	2.363391478100009e-14	4.803739012017477e-159	Aque_Aqu2.1.41308-001;Scil_g4911	2.151919849648586e-52	2.0933715634038223e-215	Aque_Aqu2.1.35077-001;Scil_g1925	5.536326764560362e-71	3.7542346207751636e-142	Aque_Aqu2.1.14207-001;Scil_g3151	9.8525005996752e-13	3.562871497295854e-52	Aque_Aqu2.1.33543-001;Scil_g2483	9.214772329244842e-31	2.0642190378110785e-59	Aque_Aqu2.1.29050-001;Scil_g13035	9.99776343746566e-60	6.465733781934701e-120										Aque_Aqu2.1.26243-001;Scil_g10351	0.000849393967884994	1.0880799090236031e-127
																								Aque_Aqu2.1.31383-001;Scil_g5475	1.627448642617829e-06	1.4775950835570399e-67										Aque_Aqu2.1.28223-001;Scil_g7730	0.006433515386354965	2.6050196296166155e-119	Aque_Aqu2.1.26386-001;Scil_g3151	5.105467772966514e-54	5.110249195983151e-156	Aque_Aqu2.1.40224-001;Scil_g11001	2.169681369939558e-60	1.3399004150438272e-121	Aque_Aqu2.1.31383-001;Scil_g6171	2.2954183694801987e-34	4.283642587552604e-09	Aque_Aqu2.1.07543-001;Scil_g9250	2.860189126298224e-57	8.789130085628189e-50	Aque_Aqu2.1.31156-001;Scil_g3115	7.868425638375673e-57	4.6554151080818974e-104										Aque_Aqu2.1.35984-001;Scil_g126	2.892935649568198e-13	4.97121277732649e-123
																								Aque_Aqu2.1.39147-001;Scil_g10727	1.0586223918565407e-08	4.154369703068339e-87										Aque_Aqu2.1.41892-001;Scil_g7730	0.0028627560923391595	2.6050196296166155e-119	Aque_Aqu2.1.19270-001;Scil_g3638	2.1741224728065606e-36	8.055367761703355e-157	Aque_Aqu2.1.41260-001;Scil_g10372	7.46132499654788e-54	1.6920269179713243e-141	Aque_Aqu2.1.35077-001;Scil_g1925	5.536326764560362e-71	2.3870164375299376e-59	Aque_Aqu2.1.18688-001;Scil_g8353	1.0969905618540202e-65	8.765752655777127e-57	Aque_Aqu2.1.39934-001;Scil_g898	2.394208137158836e-59	4.308549653003146e-109										Aque_Aqu2.1.31194-001;Scil_g2893	1.9633711444034528e-19	4.065461872630448e-115
																								Aque_Aqu2.1.14207-001;Scil_g3151	0.0006627619481552236	1.5161923649903748e-116										Aque_Aqu2.1.07543-001;Scil_g9250	4.982396313235878e-42	2.721435095952227e-130	Aque_Aqu2.1.29050-001;Scil_g13035	9.99776343746566e-60	1.1142082493636086e-164	Aque_Aqu2.1.26235-001;Scil_g10351	2.0733447651406274e-07	7.08398866832892e-149	Aque_Aqu2.1.39147-001;Scil_g10727	9.736183916716592e-27	1.4278147545987724e-68	Aque_Aqu2.1.43964-001;Scil_g12296	1.2415478694227928e-47	5.501661048374135e-57	Aque_Aqu2.1.25378-001;Scil_g10648	5.911304400018136e-31	9.95054578048598e-83										Aque_Aqu2.1.12854-001;Scil_g6390	1.8541465423733834e-16	2.460270925587279e-110
																								Aque_Aqu2.1.41308-001;Scil_g4911	1.1644590681118583e-16	2.54633051855732e-106										Aque_Aqu2.1.18087-001;Scil_g6946	3.668345154047155e-55	4.2944620418640047e-131	Aque_Aqu2.1.31194-001;Scil_g2893	9.448622413345502e-53	5.5970310281644425e-148	Aque_Aqu2.1.35984-001;Scil_g126	1.047947088471877e-49	1.7048793861741641e-133	Aque_Aqu2.1.19270-001;Scil_g3638	2.1741224728065606e-36	5.503208260553225e-60	Aque_Aqu2.1.22535-001;Scil_g10318	1.7528568593068535e-30	6.603369413117707e-68	Aque_Aqu2.1.07543-001;Scil_g9250	2.860189126298224e-57	5.7746026627104943e-98										Aque_Aqu2.1.28816-001;Scil_g12156	2.2193661754126178e-17	3.071896165372726e-136
																								Aque_Aqu2.1.43985-001;Scil_g3594	3.449020304590895e-42	1.4988664616076513e-94										Aque_Aqu2.1.41195-001;Scil_g8806	5.941599580799636e-51	1.0830553870433625e-125	Aque_Aqu2.1.18813-001;Scil_g2370	1.3570687017280117e-64	2.182416856644336e-211	Aque_Aqu2.1.31194-001;Scil_g2893	9.448622413345502e-53	3.416092388596415e-141	Aque_Aqu2.1.43964-001;Scil_g12296	1.2415478694227928e-47	6.951151560063334e-62	Aque_Aqu2.1.26225-001;Scil_g8003	4.820062390057384e-55	2.6736094255783155e-63	Aque_Aqu2.1.18087-001;Scil_g6946	1.5399790341417328e-59	1.8905985442545066e-101										Aque_Aqu2.1.14505-001;Scil_g9294	4.397874503802033e-06	2.162840819613641e-37
																								Aque_Aqu2.1.26225-001;Scil_g8003	2.296022526979032e-27	5.796074247875878e-94										Aque_Aqu2.1.27063-001;Scil_g1476	9.912039643734545e-38	7.56516123012547e-108	Aque_Aqu2.1.22535-001;Scil_g10318	1.7528568593068535e-30	2.6930087639678053e-238	Aque_Aqu2.1.37082-001;Scil_g9294	1.0533509110722707e-14	5.590915565154804e-187	Aque_Aqu2.1.28816-001;Scil_g12156	6.00157947866052e-50	1.363835490523637e-60	Aque_Aqu2.1.19270-001;Scil_g3638	2.1741224728065606e-36	4.0797339513842514e-52	Aque_Aqu2.1.31194-001;Scil_g2893	9.448622413345502e-53	1.0150715543948034e-123										Aque_Aqu2.1.44221-001;Scil_g877	1.0713511198080788e-31	2.3885779807380786e-154
																								Aque_Aqu2.1.33543-001;Scil_g2483	5.360985757515406e-08	6.551856423543061e-127										Aque_Aqu2.1.37762-001;Scil_g10909	1.1418311509716501e-32	7.497390912948725e-127	Aque_Aqu2.1.07543-001;Scil_g9250	2.860189126298224e-57	2.6497218865618705e-173	Aque_Aqu2.1.39147-001;Scil_g10727	9.736183916716592e-27	7.513425537122112e-124	Aque_Aqu2.1.31156-001;Scil_g3115	7.868425638375673e-57	3.6067155279967717e-51	Aque_Aqu2.1.12182-001;Scil_g126	5.4376647498412236e-55	4.65812558029247e-56	Aque_Aqu2.1.19270-001;Scil_g3638	2.1741224728065606e-36	1.5948665462031745e-111										Aque_Aqu2.1.37762-001;Scil_g10909	8.578793939295277e-19	3.1461408832123198e-99
																								Aque_Aqu2.1.43964-001;Scil_g12296	2.4891448899948108e-19	2.8997712810352193e-122										Aque_Aqu2.1.37818-001;Scil_g5248	0.0022598746362907794	2.327018957595338e-155	Aque_Aqu2.1.32930-001;Scil_g9250	1.754004206105032e-49	2.6497218865618705e-173	Aque_Aqu2.1.12854-001;Scil_g6390	4.7742853973719273e-57	9.189514729481061e-98	Aque_Aqu2.1.35984-001;Scil_g126	1.047947088471877e-49	2.507770931102155e-52	Aque_Aqu2.1.35077-001;Scil_g1925	5.536326764560362e-71	1.6746270423181589e-68	Aque_Aqu2.1.43964-001;Scil_g12296	1.2415478694227928e-47	2.8997712810352193e-122										Aque_Aqu2.1.37747-001;Scil_g13124	5.9815333208834636e-36	1.0074299480610764e-46
																								Aque_Aqu2.1.32930-001;Scil_g9250	6.508511557099197e-19	5.7746026627104943e-98										Aque_Aqu2.1.38546-001;Scil_g13572	1.1893114858592303e-30	1.0247871213964262e-142	Aque_Aqu2.1.18087-001;Scil_g6946	1.5399790341417328e-59	9.680664986658487e-162	Aque_Aqu2.1.33636-001;Scil_g4533	1.9109161577714247e-61	1.8106888236106536e-122	Aque_Aqu2.1.26235-001;Scil_g10351	2.0733447651406274e-07	4.669229553245172e-70	Aque_Aqu2.1.39147-001;Scil_g10727	9.736183916716592e-27	2.943826772783682e-73	Aque_Aqu2.1.28078-001;Scil_g13124	0.002173921671476218	6.8826285325766285e-130										Aque_Aqu2.1.28485-001;Scil_g3011	6.416410900739463e-17	6.188762263557756e-98
																								Aque_Aqu2.1.22535-001;Scil_g7553	2.2495306091268923e-25	5.451985905029846e-56										Aque_Aqu2.1.18813-001;Scil_g2370	2.4519347785808216e-27	8.301935740949479e-119	Aque_Aqu2.1.33636-001;Scil_g4533	1.9109161577714247e-61	7.506118655366502e-175	Aque_Aqu2.1.31156-001;Scil_g3115	7.868425638375673e-57	7.115957034939722e-127	Aque_Aqu2.1.32930-001;Scil_g9250	1.754004206105032e-49	5.232994766301021e-44	Aque_Aqu2.1.23412-001;Scil_g10318	1.3508487818249637e-15	6.603369413117707e-68	Aque_Aqu2.1.32930-001;Scil_g9250	1.754004206105032e-49	5.7746026627104943e-98										Aque_Aqu2.1.28647-001;Scil_g9721	7.570416926969237e-22	5.11511745648546e-151
																								Aque_Aqu2.1.18813-001;Scil_g2370	1.9789013621987738e-23	1.4642708276231891e-97										Aque_Aqu2.1.22535-001;Scil_g7553	1.0766898335282412e-45	7.512430928222242e-119	Aque_Aqu2.1.31156-001;Scil_g3115	7.868425638375673e-57	4.719169399831149e-136	Aque_Aqu2.1.41892-001;Scil_g7730	1.18545554920024e-05	2.6050196296166155e-119	Aque_Aqu2.1.28078-001;Scil_g13124	0.002173921671476218	2.510924435411201e-66	Aque_Aqu2.1.33636-001;Scil_g4533	1.9109161577714247e-61	6.379846462569769e-53	Aque_Aqu2.1.33636-001;Scil_g4533	1.9109161577714247e-61	8.389187178288326e-91										Aque_Aqu2.1.36280-001;Scil_g11065	2.2025901356711323e-16	1.695876787064981e-153
																								Aque_Aqu2.1.43382-001;Scil_g12220	1.1539367304216786e-18	1.0899035348254265e-89										Aque_Aqu2.1.26225-001;Scil_g8003	7.96638143861257e-51	1.2035489001751693e-118	Aque_Aqu2.1.41195-001;Scil_g8806	8.728983795571548e-51	6.003775783168802e-181	Aque_Aqu2.1.18087-001;Scil_g6946	1.5399790341417328e-59	4.2944620418640047e-131	Aque_Aqu2.1.33636-001;Scil_g4533	1.9109161577714247e-61	3.2376569795864203e-47	Aque_Aqu2.1.28647-001;Scil_g9629	1.0872990959086427e-71	4.2780065563414095e-61	Aque_Aqu2.1.26235-001;Scil_g10351	2.0733447651406274e-07	1.1580364520251981e-105										Aque_Aqu2.1.29077-001;Scil_g7064	1.4443873223950793e-05	4.2136795924214e-153
																								Aque_Aqu2.1.22535-001;Scil_g10318	2.2495306091268923e-25	1.589611768983524e-10										Aque_Aqu2.1.35984-001;Scil_g126	5.056629220343886e-33	1.7048793861741641e-133	Aque_Aqu2.1.35984-001;Scil_g126	1.047947088471877e-49	2.8021820890389442e-177	Aque_Aqu2.1.12182-001;Scil_g126	5.4376647498412236e-55	1.7048793861741641e-133	Aque_Aqu2.1.40808-001;Scil_g272	5.905555050462949e-71	4.4208974711021544e-104	Aque_Aqu2.1.28078-001;Scil_g13124	0.002173921671476218	7.064631373595451e-75	Aque_Aqu2.1.04943-001;Scil_g6390	2.0464029333619973e-31	1.4048989510805208e-65										Aque_Aqu2.1.18867-001;Scil_g1791	7.2880183803032815e-06	1.474487753595764e-115
																								Aque_Aqu2.1.27063-001;Scil_g1476	2.7189926828166994e-20	3.544465932639498e-70										Aque_Aqu2.1.36280-001;Scil_g3164	1.7258907059501217e-46	1.3270090305959245e-142	Aque_Aqu2.1.37082-001;Scil_g9294	1.0533509110722707e-14	8.57163699705322e-199	Aque_Aqu2.1.22535-001;Scil_g10318	1.7528568593068535e-30	4.9135268996406164e-92	Aque_Aqu2.1.07543-001;Scil_g9250	2.860189126298224e-57	5.232994766301021e-44	Aque_Aqu2.1.37082-001;Scil_g9294	1.0533509110722707e-14	4.6584158780251396e-73	Aque_Aqu2.1.12182-001;Scil_g126	5.4376647498412236e-55	3.986600781755604e-93										Aque_Aqu2.1.33928-001;Scil_g7064	0.00290140792721364	4.2136795924214e-153
																								Aque_Aqu2.1.18688-001;Scil_g8353	1.6701115496708919e-28	1.0464042329153313e-85										Aque_Aqu2.1.43964-001;Scil_g12296	1.5592112980172524e-42	2.0753975258458954e-147	Aque_Aqu2.1.26235-001;Scil_g10351	2.0733447651406274e-07	1.8888043250121346e-198	Aque_Aqu2.1.41195-001;Scil_g8806	8.728983795571548e-51	1.0830553870433625e-125	Aque_Aqu2.1.18688-001;Scil_g8353	1.0969905618540202e-65	2.1038014287315383e-47	Aque_Aqu2.1.31156-001;Scil_g3115	7.868425638375673e-57	2.8437851034211706e-46	Aque_Aqu2.1.42789-001;Scil_g6184	1.2639182154503181e-79	1.5800340672675745e-17										Aque_Aqu2.1.04943-001;Scil_g6390	1.5313289705691298e-05	2.460270925587279e-110
																								Aque_Aqu2.1.28647-001;Scil_g9629	1.0641070001306679e-32	6.692380054467908e-83										Aque_Aqu2.1.12854-001;Scil_g6390	1.711145262940831e-38	9.189514729481061e-98	Aque_Aqu2.1.14207-001;Scil_g3151	9.8525005996752e-13	5.110249195983151e-156	Aque_Aqu2.1.28078-001;Scil_g13124	0.002173921671476218	1.440043622425943e-159	Aque_Aqu2.1.18087-001;Scil_g6946	1.5399790341417328e-59	7.260064560330068e-57	Aque_Aqu2.1.18087-001;Scil_g6946	1.5399790341417328e-59	1.9479627825075647e-48	Aque_Aqu2.1.37082-001;Scil_g9294	1.0533509110722707e-14	6.844399031368389e-103										Aque_Aqu2.1.39147-001;Scil_g10727	3.229620894294374e-05	1.2725363578676662e-104
																								Aque_Aqu2.1.37082-001;Scil_g9294	4.313153257072692e-07	6.844399031368389e-103										Aque_Aqu2.1.12182-001;Scil_g126	2.4983066208748465e-35	1.7048793861741641e-133	Aque_Aqu2.1.04943-001;Scil_g6390	2.0464029333619973e-31	2.0828502675948653e-109	Aque_Aqu2.1.43964-001;Scil_g12296	1.2415478694227928e-47	2.0753975258458954e-147	Aque_Aqu2.1.18813-001;Scil_g2370	1.3570687017280117e-64	2.8536787558946503e-63	Aque_Aqu2.1.14207-001;Scil_g3151	9.8525005996752e-13	4.2202114456494796e-51	Aque_Aqu2.1.05055-001;Scil_g6010	5.498413067666791e-05	1.3665159295267309e-101										Aque_Aqu2.1.27063-001;Scil_g1476	5.996736660382265e-15	2.827738935474228e-113
																								Aque_Aqu2.1.42490-001;Scil_g10912	7.78294520849244e-20	2.665401710348331e-88										Aque_Aqu2.1.43985-001;Scil_g3594	2.4059385130887483e-110	7.656339146352985e-162	Aque_Aqu2.1.18688-001;Scil_g8353	1.0969905618540202e-65	1.2025988480741169e-164	Aque_Aqu2.1.05055-001;Scil_g6010	5.498413067666791e-05	1.1519781345205258e-132	Aque_Aqu2.1.22535-001;Scil_g7553	1.7528568593068535e-30	1.6542102799396755e-117	Aque_Aqu2.1.31194-001;Scil_g2893	9.448622413345502e-53	5.862929205233186e-48	Aque_Aqu2.1.42490-001;Scil_g10912	4.4554725560786586e-45	2.665401710348331e-88										Aque_Aqu2.1.43440-001;Scil_g3804	1.3249254713624496e-13	5.610690873142577e-128
																								Aque_Aqu2.1.12854-001;Scil_g6390	1.8589310128243168e-22	1.4048989510805208e-65										Aque_Aqu2.1.22535-001;Scil_g10318	1.0766898335282412e-45	4.9135268996406164e-92	Aque_Aqu2.1.22535-001;Scil_g7553	1.7528568593068535e-30	2.4222632454790468e-242	Aque_Aqu2.1.27063-001;Scil_g1476	1.9213819800700478e-47	7.56516123012547e-108	Aque_Aqu2.1.27063-001;Scil_g1476	1.9213819800700478e-47	8.284746018658213e-55	Aque_Aqu2.1.22535-001;Scil_g7553	1.7528568593068535e-30	7.590151852661637e-95	Aque_Aqu2.1.28647-001;Scil_g9629	1.0872990959086427e-71	6.692380054467908e-83										Aque_Aqu2.1.26225-001;Scil_g8003	5.052048735848409e-16	3.430144378200772e-132
																								Aque_Aqu2.1.36280-001;Scil_g3164	1.9523407270854648e-23	3.2002980373849365e-113										Aque_Aqu2.1.41308-001;Scil_g4911	9.42968337653677e-09	6.800158371790932e-149	Aque_Aqu2.1.27063-001;Scil_g1476	1.9213819800700478e-47	2.2110279484102844e-189	Aque_Aqu2.1.18688-001;Scil_g8353	1.0969905618540202e-65	1.490031832718346e-128	Aque_Aqu2.1.31194-001;Scil_g2893	9.448622413345502e-53	4.930793974006179e-41	Aque_Aqu2.1.27307-001;Scil_g7553	5.19055534445645e-22	7.590151852661637e-95	Aque_Aqu2.1.26225-001;Scil_g8003	4.820062390057384e-55	5.796074247875878e-94										Aque_Aqu2.1.31586-001;Scil_g2493	3.730554087165964e-10	4.5424992867969845e-153
																								Aque_Aqu2.1.27013-001;Scil_g1940	1.8111860687414825e-53	2.152800843350219e-36										Aque_Aqu2.1.42490-001;Scil_g10912	1.9232973522908822e-44	3.9804693558217297e-103	Aque_Aqu2.1.31388-001;Scil_g5475	0.0029408515564412025	1.295333448185283e-264	Aque_Aqu2.1.04943-001;Scil_g6390	2.0464029333619973e-31	9.189514729481061e-98	Aque_Aqu2.1.26225-001;Scil_g8003	4.820062390057384e-55	2.680369815036154e-57	Aque_Aqu2.1.40808-001;Scil_g272	5.905555050462949e-71	1.9175770011614284e-78	Aque_Aqu2.1.27063-001;Scil_g1476	1.9213819800700478e-47	3.544465932639498e-70										Aque_Aqu2.1.37082-001;Scil_g9294	4.0095365473448426e-11	2.162840819613641e-37
																								Aque_Aqu2.1.04943-001;Scil_g6390	5.965350688595343e-09	1.4048989510805208e-65										Aque_Aqu2.1.04943-001;Scil_g6390	6.540977432003596e-23	9.189514729481061e-98	Aque_Aqu2.1.28647-001;Scil_g9629	1.0872990959086427e-71	5.503381321174393e-151	Aque_Aqu2.1.23412-001;Scil_g10318	1.3508487818249637e-15	4.9135268996406164e-92	Aque_Aqu2.1.42490-001;Scil_g10912	4.4554725560786586e-45	2.997278584874441e-38	Aque_Aqu2.1.25405-001;Scil_g8993	1.212457085131684e-07	6.5732965106086234e-59	Aque_Aqu2.1.18688-001;Scil_g8353	1.0969905618540202e-65	1.0464042329153313e-85										Aque_Aqu2.1.18688-001;Scil_g8353	1.1911386939613085e-20	2.0492440486218787e-125
																								Aque_Aqu2.1.43985-001;Scil_g7247	3.449020304590895e-42	1.8866332575949762e-54										Aque_Aqu2.1.28647-001;Scil_g9629	8.947102136336604e-42	1.2423153532549106e-97	Aque_Aqu2.1.42490-001;Scil_g10912	4.4554725560786586e-45	1.043376183157885e-145	Aque_Aqu2.1.28647-001;Scil_g9629	1.0872990959086427e-71	1.2423153532549106e-97	Aque_Aqu2.1.37082-001;Scil_g9294	1.0533509110722707e-14	6.050050220841997e-90	Aque_Aqu2.1.04943-001;Scil_g6390	2.0464029333619973e-31	5.502852482135317e-31	Aque_Aqu2.1.12854-001;Scil_g6390	4.7742853973719273e-57	1.4048989510805208e-65										Aque_Aqu2.1.28078-001;Scil_g13124	9.359782442046856e-07	1.0074299480610764e-46
																								Aque_Aqu2.1.35782-001;Scil_g4062	1.093820480230921e-21	6.987529920903288e-70										Aque_Aqu2.1.35782-001;Scil_g4062	7.056985048975905e-53	9.087134080924893e-86	Aque_Aqu2.1.05055-001;Scil_g6010	5.498413067666791e-05	5.270405734104514e-180	Aque_Aqu2.1.26225-001;Scil_g8003	4.820062390057384e-55	1.2035489001751693e-118	Aque_Aqu2.1.31388-001;Scil_g5475	0.0029408515564412025	3.0351770064971186e-97	Aque_Aqu2.1.12854-001;Scil_g6390	4.7742853973719273e-57	5.502852482135317e-31	Aque_Aqu2.1.24376-001;Scil_g1742	1.0136830119214914e-06	4.0104983750338254e-78										Aque_Aqu2.1.34343-001;Scil_g7064	7.285787956788677e-15	4.2136795924214e-153
																								Aque_Aqu2.1.29496-001;Scil_g3180	8.814178444460045e-07	1.7648005941455356e-83										Aque_Aqu2.1.20935-001;Scil_g13349	1.3729159190607367e-05	0.0005523678993799903	Aque_Aqu2.1.12854-001;Scil_g6390	4.7742853973719273e-57	2.0828502675948653e-109	Aque_Aqu2.1.39740-001;Scil_g5976	2.4754705764807406e-16	7.893469966891865e-171	Aque_Aqu2.1.33693-001;Scil_g3594	6.032629008795554e-09	5.776836817104879e-81	Aque_Aqu2.1.31388-001;Scil_g5475	0.0029408515564412025	9.475761741841123e-100	Aque_Aqu2.1.29496-001;Scil_g3180	7.316349499657287e-26	1.7648005941455356e-83										Aque_Aqu2.1.35782-001;Scil_g4062	2.0678205560147234e-17	5.070704162096851e-112
																								Aque_Aqu2.1.27010-001;Scil_g1940	2.296905997945489e-64	2.152800843350219e-36										Aque_Aqu2.1.43382-001;Scil_g12220	1.0634545667808396e-41	3.656681214073056e-105	Aque_Aqu2.1.36280-001;Scil_g3164	1.326346273318413e-49	6.264652052478109e-209	Aque_Aqu2.1.42490-001;Scil_g10912	4.4554725560786586e-45	3.9804693558217297e-103	Aque_Aqu2.1.36280-001;Scil_g3164	1.326346273318413e-49	8.265747360985518e-63	Aque_Aqu2.1.43382-001;Scil_g12220	1.9777836830169553e-47	2.3698997099583e-59	Aque_Aqu2.1.43382-001;Scil_g12220	1.9777836830169553e-47	1.0899035348254265e-89										Aque_Aqu2.1.41892-001;Scil_g4335	7.446491649011122e-09	6.900596952890363e-154
																								Aque_Aqu2.1.18818-001;Scil_g4454	1.9378640141055844e-07	4.799033429540774e-74										Aque_Aqu2.1.44141-001;Scil_g4190	7.753882625848426e-08	4.644006420430598e-33	Aque_Aqu2.1.26225-001;Scil_g8003	4.820062390057384e-55	1.0907363755000279e-169	Aque_Aqu2.1.24376-001;Scil_g1742	1.0136830119214914e-06	1.9261729532718055e-123	Aque_Aqu2.1.43382-001;Scil_g12220	1.9777836830169553e-47	7.179422098828918e-51	Aque_Aqu2.1.27063-001;Scil_g1476	1.9213819800700478e-47	2.1343276533604387e-59	Aque_Aqu2.1.31388-001;Scil_g5475	0.0029408515564412025	1.4775950835570399e-67										Aque_Aqu2.1.43382-001;Scil_g12220	5.586655209540313e-18	6.00418407125488e-100
																								Aque_Aqu2.1.27307-001;Scil_g7553	4.90772094782381e-16	5.451985905029846e-56										Aque_Aqu2.1.20356-001;Scil_g3529	1.793699743806025e-12	1.5149468916327631e-114	Aque_Aqu2.1.28078-001;Scil_g13124	0.002173921671476218	3.126717791224233e-203	Aque_Aqu2.1.33693-001;Scil_g3594	6.032629008795554e-09	7.656339146352985e-162	Aque_Aqu2.1.05055-001;Scil_g6010	5.498413067666791e-05	2.688630482738675e-51	Aque_Aqu2.1.36280-001;Scil_g3164	1.326346273318413e-49	3.1602601022099244e-80	Aque_Aqu2.1.31388-001;Scil_g6171	0.0029408515564412025	1.8541642254970424e-60										Aque_Aqu2.1.14505-001;Scil_g4929	4.397874503802033e-06	7.456424019241705e-156
																								Aque_Aqu2.1.44141-001;Scil_g4190	0.0030498897829491635	2.5109028752627364e-51										Aque_Aqu2.1.41621-001;Scil_g10236	1.7477886795598758e-31	1.6578480991107056e-115	Aque_Aqu2.1.24376-001;Scil_g1742	1.0136830119214914e-06	3.670059933201734e-227	Aque_Aqu2.1.25405-001;Scil_g8993	1.212457085131684e-07	7.252236826779822e-118	Aque_Aqu2.1.12854-001;Scil_g6390	4.7742853973719273e-57	9.148885312601965e-24	Aque_Aqu2.1.26235-001;Scil_g10351	2.0733447651406274e-07	2.353619474676264e-58	Aque_Aqu2.1.22535-001;Scil_g10318	1.7528568593068535e-30	1.589611768983524e-10										Aque_Aqu2.1.39108-001;Scil_g1492	2.1167004177108205e-24	4.875102461962703e-121
																								Aque_Aqu2.1.43995-001;Scil_g3594	0.0009579786387216393	1.4988664616076513e-94										Aque_Aqu2.1.42622-001;Scil_g6134	1.2904750523478755e-27	4.131406284365159e-79	Aque_Aqu2.1.42622-001;Scil_g6134	9.0395799524091e-58	1.9427086556719683e-162	Aque_Aqu2.1.31388-001;Scil_g5475	0.0029408515564412025	2.603790570228733e-127	Aque_Aqu2.1.27307-001;Scil_g7553	5.19055534445645e-22	1.6542102799396755e-117	Aque_Aqu2.1.05055-001;Scil_g6010	5.498413067666791e-05	7.752802226074413e-52	Aque_Aqu2.1.36280-001;Scil_g3164	1.326346273318413e-49	3.2002980373849365e-113										Aque_Aqu2.1.18813-001;Scil_g2370	2.2714402491515383e-24	4.488418388653064e-18
																								Aque_Aqu2.1.39740-001;Scil_g5976	3.128211535360613e-12	1.547708410220913e-61										Aque_Aqu2.1.25405-001;Scil_g8993	0.00016682239216151407	7.252236826779822e-118	Aque_Aqu2.1.40808-001;Scil_g272	5.905555050462949e-71	1.6698566275906178e-222	Aque_Aqu2.1.36280-001;Scil_g3164	1.326346273318413e-49	1.3270090305959245e-142	Aque_Aqu2.1.04943-001;Scil_g6390	2.0464029333619973e-31	9.148885312601965e-24	Aque_Aqu2.1.43995-001;Scil_g3594	0.00273168138428814	1.3637485298182172e-73	Aque_Aqu2.1.41621-001;Scil_g10236	7.374598182584166e-43	9.845518117194766e-97										Aque_Aqu2.1.37082-001;Scil_g4929	4.0095365473448426e-11	7.456424019241705e-156
																								Aque_Aqu2.1.41621-001;Scil_g10236	1.1414376934679409e-18	9.845518117194766e-97										Aque_Aqu2.1.28489-001;Scil_g4190	6.98127499368558e-24	4.644006420430598e-33	Aque_Aqu2.1.31388-001;Scil_g6171	0.0029408515564412025	1.7399426912413675e-74	Aque_Aqu2.1.22535-001;Scil_g7553	1.7528568593068535e-30	7.512430928222242e-119	Aque_Aqu2.1.28647-001;Scil_g9629	1.0872990959086427e-71	1.257878859583763e-40	Aque_Aqu2.1.42490-001;Scil_g10912	4.4554725560786586e-45	2.0251410369080494e-45	Aque_Aqu2.1.25405-001;Scil_g8993	1.212457085131684e-07	8.527329760814655e-97										Aque_Aqu2.1.29951-001;Scil_g9420	8.980436454373024e-18	4.731211575159038e-147
																								Aque_Aqu2.1.28301-001;Scil_g5638	3.339870950144457e-10	3.164117205647379e-77										Aque_Aqu2.1.18818-001;Scil_g4454	3.4836168480492126e-15	3.706663423434533e-89	Aque_Aqu2.1.27307-001;Scil_g7553	5.19055534445645e-22	2.4222632454790468e-242	Aque_Aqu2.1.33693-001;Scil_g7247	6.032629008795554e-09	1.94921464642178e-112	Aque_Aqu2.1.24376-001;Scil_g1742	1.0136830119214914e-06	1.1288893846802433e-81	Aque_Aqu2.1.29496-001;Scil_g3180	7.316349499657287e-26	1.0097699241664632e-35	Aque_Aqu2.1.42622-001;Scil_g6134	9.0395799524091e-58	1.5710810276564896e-44										Aque_Aqu2.1.15179-001;Scil_g9786	1.1034744286608273e-15	2.0091590186284687e-151
																								Aque_Aqu2.1.33693-001;Scil_g3594	0.005320975815141095	1.4988664616076513e-94										Aque_Aqu2.1.43440-001;Scil_g3804	2.6331408191558364e-20	4.605335114898953e-84	Aque_Aqu2.1.33693-001;Scil_g3594	6.032629008795554e-09	3.5220781732506785e-197	Aque_Aqu2.1.29496-001;Scil_g3180	7.316349499657287e-26	3.949716142243326e-124	Aque_Aqu2.1.33693-001;Scil_g7247	6.032629008795554e-09	4.688322791978525e-103	Aque_Aqu2.1.33693-001;Scil_g3594	6.032629008795554e-09	1.3637485298182172e-73	Aque_Aqu2.1.23412-001;Scil_g10318	1.3508487818249637e-15	1.589611768983524e-10										Aque_Aqu2.1.42204-001;Scil_g4454	2.4686242769302435e-17	1.9703874266385865e-126
																								Aque_Aqu2.1.43440-001;Scil_g3804	2.7613280393211932e-17	1.337084652253437e-51										Aque_Aqu2.1.23412-001;Scil_g10318	9.682623357113067e-05	4.9135268996406164e-92	Aque_Aqu2.1.43382-001;Scil_g12220	1.9777836830169553e-47	1.0338009153721792e-158	Aque_Aqu2.1.43382-001;Scil_g12220	1.9777836830169553e-47	3.656681214073056e-105	Aque_Aqu2.1.29496-001;Scil_g3180	7.316349499657287e-26	2.7817472635987233e-22	Aque_Aqu2.1.37079-001;Scil_g9493	6.546838397706728e-61	2.202169687342322e-34	Aque_Aqu2.1.22535-001;Scil_g7553	1.7528568593068535e-30	5.451985905029846e-56										Aque_Aqu2.1.25405-001;Scil_g8992	0.0002338984526119507	6.181710734412899e-151
																								Aque_Aqu2.1.42605-001;Scil_g8541	2.0830554807686315e-20	6.14985551959929e-70										Aque_Aqu2.1.29497-001;Scil_g3180	3.02293289745355e-13	3.949716142243326e-124	Aque_Aqu2.1.29496-001;Scil_g3180	7.316349499657287e-26	1.687235434450091e-76	Aque_Aqu2.1.42622-001;Scil_g6134	9.0395799524091e-58	4.131406284365159e-79	Aque_Aqu2.1.36105-001;Scil_g6454	5.076089310239436e-23	9.325476026369619e-75	Aque_Aqu2.1.39108-001;Scil_g1492	6.237416168348605e-59	2.414831228835172e-55	Aque_Aqu2.1.35782-001;Scil_g4062	1.7592389303317049e-43	6.987529920903288e-70										Aque_Aqu2.1.29989-001;Scil_g3256	2.657929798257924e-22	5.327713515480944e-142
																								Aque_Aqu2.1.42622-001;Scil_g6134	2.0222366117032485e-19	1.5710810276564896e-44										Aque_Aqu2.1.37079-001;Scil_g9503	1.883427367568046e-54	2.625874160586213e-79	Aque_Aqu2.1.25405-001;Scil_g8993	1.212457085131684e-07	6.789717221602786e-164	Aque_Aqu2.1.39108-001;Scil_g1492	6.237416168348605e-59	2.1159011052951553e-110	Aque_Aqu2.1.25405-001;Scil_g8993	1.212457085131684e-07	7.305603063121996e-53	Aque_Aqu2.1.43985-001;Scil_g3594	3.352658991706034e-15	1.3637485298182172e-73	Aque_Aqu2.1.39108-001;Scil_g1492	6.237416168348605e-59	4.52015750585495e-59										Aque_Aqu2.1.24985-001;Scil_g9168	4.5678338727056614e-07	7.513065415713719e-151
																								Aque_Aqu2.1.07543-001;Scil_g9417	2.2001428073001342e-26	6.406974381252898e-58										Aque_Aqu2.1.33761-001;Scil_g3180	2.693000186718815e-06	3.949716142243326e-124	Aque_Aqu2.1.23414-001;Scil_g10318	0.007547276391561884	2.6930087639678053e-238	Aque_Aqu2.1.24541-001;Scil_g13687	5.934327217092841e-72	2.1753177914457852e-108	Aque_Aqu2.1.23414-001;Scil_g10318	0.007547276391561884	5.375190660101532e-131	Aque_Aqu2.1.42622-001;Scil_g6134	9.0395799524091e-58	3.120421422749975e-55	Aque_Aqu2.1.33572-001;Scil_g3476	1.3271307867944713e-72	2.1488956030949202e-65										Aque_Aqu2.1.37079-001;Scil_g9493	1.2106449049857624e-19	2.27678165470496e-131
																								Aque_Aqu2.1.37095-001;Scil_g8541	1.035259280947786e-24	6.14985551959929e-70										Aque_Aqu2.1.39740-001;Scil_g5976	0.00016948356163552693	7.893469966891865e-171	Aque_Aqu2.1.35782-001;Scil_g4062	1.7592389303317049e-43	3.976628289568287e-87	Aque_Aqu2.1.35782-001;Scil_g4062	1.7592389303317049e-43	9.087134080924893e-86	Aque_Aqu2.1.43995-001;Scil_g3594	0.00273168138428814	5.776836817104879e-81	Aque_Aqu2.1.35782-001;Scil_g4062	1.7592389303317049e-43	7.644639356304848e-24	Aque_Aqu2.1.42087-001;Scil_g6454	1.2277184926530012e-11	1.6118352340212025e-58										Aque_Aqu2.1.14505-001;Scil_g1061	4.397874503802033e-06	1.3228772487989876e-154
																								Aque_Aqu2.1.18353-001;Scil_g9071	2.4523731084200457e-14	6.732635558228759e-66										Aque_Aqu2.1.43985-001;Scil_g7247	2.4059385130887483e-110	1.94921464642178e-112	Aque_Aqu2.1.39108-001;Scil_g1492	6.237416168348605e-59	7.842301685042869e-128	Aque_Aqu2.1.40808-001;Scil_g272	5.905555050462949e-71	9.052140989864065e-59	Aque_Aqu2.1.43276-001;Scil_g9800	6.700245936937359e-45	5.321707393142917e-79	Aque_Aqu2.1.31388-001;Scil_g6171	0.0029408515564412025	2.2054239690199396e-22	Aque_Aqu2.1.38191-001;Scil_g3256	1.7868189428044097e-31	1.022530426407309e-44										Aque_Aqu2.1.07543-001;Scil_g9417	5.550702556126759e-18	4.5205869634179163e-100
																								Aque_Aqu2.1.37818-001;Scil_g13687	3.9378155741887766e-08	1.5600481977929334e-74										Aque_Aqu2.1.24884-001;Scil_g297	3.246553759465017e-11	2.5409151391904647e-112	Aque_Aqu2.1.37818-001;Scil_g13687	1.9445573766196906e-29	3.122225469839726e-129	Aque_Aqu2.1.32930-001;Scil_g9417	1.754004206105032e-49	1.1070794056629593e-85	Aque_Aqu2.1.39108-001;Scil_g1492	6.237416168348605e-59	2.8406789945888525e-47	Aque_Aqu2.1.43423-001;Scil_g455	5.777870565023009e-58	1.4755182603708259e-43	Aque_Aqu2.1.27307-001;Scil_g7553	5.19055534445645e-22	5.451985905029846e-56										Aque_Aqu2.1.42554-001;Scil_g7031	1.0534970967481664e-06	3.6663725663076556e-149
																								Aque_Aqu2.1.37079-001;Scil_g9493	4.281078127361223e-33	2.96309757852025e-50										Aque_Aqu2.1.40905-001;Scil_g3180	1.2010449823658534e-08	3.949716142243326e-124	Aque_Aqu2.1.33693-001;Scil_g7247	6.032629008795554e-09	2.930503165469239e-160	Aque_Aqu2.1.23414-001;Scil_g10318	0.007547276391561884	4.9135268996406164e-92	Aque_Aqu2.1.42622-001;Scil_g6134	9.0395799524091e-58	2.1888974712826616e-45	Aque_Aqu2.1.38333-001;Scil_g2116	2.839086395979409e-23	3.580817783695766e-40	Aque_Aqu2.1.33693-001;Scil_g3594	6.032629008795554e-09	1.4988664616076513e-94										Aque_Aqu2.1.28223-001;Scil_g4335	0.0021934974242093703	6.900596952890363e-154
																								Aque_Aqu2.1.39108-001;Scil_g1492	8.923878457099192e-23	4.52015750585495e-59										Aque_Aqu2.1.39108-001;Scil_g1492	1.3181972214052288e-35	2.1159011052951553e-110	Aque_Aqu2.1.43440-001;Scil_g3804	2.811181454483191e-27	5.117983564924714e-123	Aque_Aqu2.1.35141-001;Scil_g1526	1.5821673928813966e-36	5.173687108079556e-77	Aque_Aqu2.1.38435-001;Scil_g9800	6.908541486340834e-11	5.321707393142917e-79	Aque_Aqu2.1.38435-001;Scil_g9800	6.908541486340834e-11	8.580204748756964e-49	Aque_Aqu2.1.28301-001;Scil_g5638	8.453116066766652e-18	3.164117205647379e-77										Aque_Aqu2.1.33740-001;Scil_g9493	9.027022604233648e-17	2.27678165470496e-131
																								Aque_Aqu2.1.43423-001;Scil_g455	1.4534405562176536e-24	1.1160296491421674e-52										Aque_Aqu2.1.42204-001;Scil_g4454	1.7994841918020374e-28	3.706663423434533e-89	Aque_Aqu2.1.38435-001;Scil_g9800	6.908541486340834e-11	9.48023987730771e-156	Aque_Aqu2.1.41621-001;Scil_g10236	7.374598182584166e-43	1.6578480991107056e-115	Aque_Aqu2.1.33740-001;Scil_g9493	1.0980804431426508e-53	1.2301559046943514e-47	Aque_Aqu2.1.36105-001;Scil_g6454	5.076089310239436e-23	1.2321050778477347e-65	Aque_Aqu2.1.37818-001;Scil_g13687	1.9445573766196906e-29	1.5600481977929334e-74										Aque_Aqu2.1.24541-001;Scil_g13687	6.141777645601059e-35	1.3130253835517724e-101
																								Aque_Aqu2.1.38435-001;Scil_g9800	1.0323861231723936e-05	1.5153703518870904e-27										Aque_Aqu2.1.43995-001;Scil_g3594	0.005431197667369024	7.656339146352985e-162	Aque_Aqu2.1.33572-001;Scil_g3476	1.3271307867944713e-72	6.368390744696838e-65	Aque_Aqu2.1.31388-001;Scil_g6171	0.0029408515564412025	4.140231065806796e-34	Aque_Aqu2.1.35141-001;Scil_g1526	1.5821673928813966e-36	3.513468423117649e-67	Aque_Aqu2.1.16620-001;Scil_g10793	8.482366550578907e-75	9.819250709581188e-39	Aque_Aqu2.1.07543-001;Scil_g9417	2.860189126298224e-57	6.406974381252898e-58										Aque_Aqu2.1.22423-001;Scil_g4454	0.00922832833348423	1.9703874266385865e-126
																								Aque_Aqu2.1.33740-001;Scil_g9503	6.922520583153189e-22	9.638396070064196e-67										Aque_Aqu2.1.43423-001;Scil_g455	7.66648511864863e-50	9.055194966555323e-72	Aque_Aqu2.1.36105-001;Scil_g6454	5.076089310239436e-23	2.5988487410348625e-193	Aque_Aqu2.1.27307-001;Scil_g7553	5.19055534445645e-22	7.512430928222242e-119	Aque_Aqu2.1.33572-001;Scil_g3476	1.3271307867944713e-72	3.7823666103790384e-24	Aque_Aqu2.1.37079-001;Scil_g9503	6.546838397706728e-61	7.921014333766046e-31	Aque_Aqu2.1.43440-001;Scil_g3804	2.811181454483191e-27	1.337084652253437e-51										Aque_Aqu2.1.20342-001;Scil_g6013	6.112843556868443e-23	3.743091368113425e-133
																								Aque_Aqu2.1.20356-001;Scil_g3529	0.000859801160181011	2.3986760376138778e-51										Aque_Aqu2.1.37079-001;Scil_g9493	1.883427367568046e-54	1.0966284320389135e-80	Aque_Aqu2.1.43995-001;Scil_g3594	0.00273168138428814	3.5220781732506785e-197	Aque_Aqu2.1.33572-001;Scil_g3476	1.3271307867944713e-72	4.334665868065728e-102	Aque_Aqu2.1.41621-001;Scil_g10236	7.374598182584166e-43	2.0778941588170607e-58	Aque_Aqu2.1.24541-001;Scil_g13687	5.934327217092841e-72	2.538710221221242e-55	Aque_Aqu2.1.33740-001;Scil_g9493	1.0980804431426508e-53	2.96309757852025e-50										Aque_Aqu2.1.39916-001;Scil_g2323	1.7282679277364097e-09	1.3401851875199793e-154
																								Aque_Aqu2.1.24541-001;Scil_g13687	1.3032666902546044e-28	1.5600481977929334e-74										Aque_Aqu2.1.07543-001;Scil_g9417	4.982396313235878e-42	1.1070794056629593e-85	Aque_Aqu2.1.43276-001;Scil_g9800	6.700245936937359e-45	9.48023987730771e-156	Aque_Aqu2.1.37079-001;Scil_g9493	6.546838397706728e-61	1.0966284320389135e-80	Aque_Aqu2.1.36440-001;Scil_g1526	7.632745398517146e-67	3.513468423117649e-67	Aque_Aqu2.1.41621-001;Scil_g10236	7.374598182584166e-43	3.106346624842757e-67	Aque_Aqu2.1.38333-001;Scil_g2116	2.839086395979409e-23	5.792477161716592e-65										Aque_Aqu2.1.32930-001;Scil_g9417	9.717064150508503e-14	4.5205869634179163e-100
																								Aque_Aqu2.1.43995-001;Scil_g7247	0.0009579786387216393	1.8866332575949762e-54										Aque_Aqu2.1.33740-001;Scil_g9503	6.46411912084048e-22	2.625874160586213e-79	Aque_Aqu2.1.37079-001;Scil_g9493	6.546838397706728e-61	1.1957752526203634e-109	Aque_Aqu2.1.43995-001;Scil_g3594	0.00273168138428814	7.656339146352985e-162	Aque_Aqu2.1.31388-001;Scil_g6171	0.0029408515564412025	4.283642587552604e-09	Aque_Aqu2.1.42087-001;Scil_g6454	1.2277184926530012e-11	1.2321050778477347e-65	Aque_Aqu2.1.43423-001;Scil_g455	5.777870565023009e-58	1.1160296491421674e-52										Aque_Aqu2.1.34247-001;Scil_g9420	5.08663612545237e-38	4.731211575159038e-147
																								Aque_Aqu2.1.37079-001;Scil_g9503	4.281078127361223e-33	9.638396070064196e-67										Aque_Aqu2.1.29989-001;Scil_g3256	1.4212504089931872e-47	5.452006744648249e-91	Aque_Aqu2.1.42087-001;Scil_g6454	1.2277184926530012e-11	2.5988487410348625e-193	Aque_Aqu2.1.43440-001;Scil_g3804	2.811181454483191e-27	4.605335114898953e-84	Aque_Aqu2.1.37818-001;Scil_g13687	1.9445573766196906e-29	1.2569949463208585e-43	Aque_Aqu2.1.07543-001;Scil_g9417	2.860189126298224e-57	5.399945915754303e-33	Aque_Aqu2.1.24541-001;Scil_g13687	5.934327217092841e-72	1.5600481977929334e-74										Aque_Aqu2.1.42622-001;Scil_g6134	1.4739024252985782e-18	7.493461300128092e-53
																								Aque_Aqu2.1.28194-001;Scil_g2206	4.556158483609061e-15	3.8427685016444203e-75										Aque_Aqu2.1.32930-001;Scil_g9417	2.2022963459244614e-35	1.1070794056629593e-85	Aque_Aqu2.1.35141-001;Scil_g1526	1.5821673928813966e-36	1.4880051560529757e-149	Aque_Aqu2.1.38191-001;Scil_g3256	1.7868189428044097e-31	5.452006744648249e-91	Aque_Aqu2.1.38333-001;Scil_g2116	2.839086395979409e-23	2.778298198867826e-47	Aque_Aqu2.1.33740-001;Scil_g9493	1.0980804431426508e-53	2.202169687342322e-34	Aque_Aqu2.1.37079-001;Scil_g9493	6.546838397706728e-61	2.96309757852025e-50										Aque_Aqu2.1.38191-001;Scil_g3256	0.005113886805994292	5.327713515480944e-142
																								Aque_Aqu2.1.23412-001;Scil_g10318	0.0007066746290754217	1.589611768983524e-10										Aque_Aqu2.1.42605-001;Scil_g8541	1.6106643124840013e-49	4.708310254106961e-33	Aque_Aqu2.1.41621-001;Scil_g10236	7.374598182584166e-43	1.4221876891009659e-195	Aque_Aqu2.1.36105-001;Scil_g6454	5.076089310239436e-23	1.9050573213743844e-97	Aque_Aqu2.1.35782-001;Scil_g4062	1.7592389303317049e-43	4.1897896374889285e-20	Aque_Aqu2.1.37818-001;Scil_g13687	1.9445573766196906e-29	2.538710221221242e-55	Aque_Aqu2.1.18353-001;Scil_g9071	5.049057073524169e-32	6.732635558228759e-66										Aque_Aqu2.1.33572-001;Scil_g3476	6.507426257041053e-20	5.616621565355855e-69
																								Aque_Aqu2.1.33740-001;Scil_g9493	6.922520583153189e-22	2.96309757852025e-50										Aque_Aqu2.1.28194-001;Scil_g2206	1.7871825393887762e-21	7.187792383971008e-119	Aque_Aqu2.1.24541-001;Scil_g13687	5.934327217092841e-72	3.122225469839726e-129	Aque_Aqu2.1.37079-001;Scil_g9503	6.546838397706728e-61	2.625874160586213e-79	Aque_Aqu2.1.33574-001;Scil_g5971	6.176696126619883e-12	2.8701465866932713e-37	Aque_Aqu2.1.18353-001;Scil_g9071	5.049057073524169e-32	2.9665398618259444e-43	Aque_Aqu2.1.33740-001;Scil_g9503	1.0980804431426508e-53	9.638396070064196e-67										Aque_Aqu2.1.39919-001;Scil_g2615	7.552729376511697e-10	3.0790572700661165e-15
																								Aque_Aqu2.1.34860-001;Scil_g12463	1.1759560505217626e-22	4.3460958038120623e-60										Aque_Aqu2.1.18353-001;Scil_g9071	3.1190980992846723e-27	2.2078775895030755e-110	Aque_Aqu2.1.36440-001;Scil_g1526	7.632745398517146e-67	1.4880051560529757e-149	Aque_Aqu2.1.28301-001;Scil_g5638	8.453116066766652e-18	2.6686207396112425e-128	Aque_Aqu2.1.43995-001;Scil_g7247	0.00273168138428814	4.688322791978525e-103	Aque_Aqu2.1.33740-001;Scil_g9503	1.0980804431426508e-53	7.921014333766046e-31	Aque_Aqu2.1.43276-001;Scil_g9800	6.700245936937359e-45	1.5153703518870904e-27										Aque_Aqu2.1.28301-001;Scil_g5638	7.753989566175876e-28	7.914825578157619e-30
																								Aque_Aqu2.1.37476-001;Scil_g6562	0.0012925643818361954	6.745908181975087e-60										Aque_Aqu2.1.28301-001;Scil_g5638	3.252006985181462e-07	2.6686207396112425e-128	Aque_Aqu2.1.37079-001;Scil_g9503	6.546838397706728e-61	2.220151461027726e-92	Aque_Aqu2.1.33740-001;Scil_g9493	1.0980804431426508e-53	1.0966284320389135e-80	Aque_Aqu2.1.22535-001;Scil_g12359	1.7528568593068535e-30	1.9304548292510384e-58	Aque_Aqu2.1.32930-001;Scil_g9417	1.754004206105032e-49	5.399945915754303e-33	Aque_Aqu2.1.43995-001;Scil_g3594	0.00273168138428814	1.4988664616076513e-94										Aque_Aqu2.1.43423-001;Scil_g455	2.4738155623505688e-20	8.623535028175615e-108
																								Aque_Aqu2.1.43558-001;Scil_g9800	4.304066085918366e-06	1.5153703518870904e-27										Aque_Aqu2.1.33740-001;Scil_g9493	6.46411912084048e-22	1.0966284320389135e-80	Aque_Aqu2.1.32930-001;Scil_g9417	1.754004206105032e-49	3.87407078352086e-111	Aque_Aqu2.1.37127-001;Scil_g10022	5.554452623562781e-34	2.029082982225888e-83	Aque_Aqu2.1.33740-001;Scil_g9503	1.0980804431426508e-53	7.604298156689081e-20	Aque_Aqu2.1.43995-001;Scil_g7247	0.00273168138428814	4.571753685594215e-58	Aque_Aqu2.1.42605-001;Scil_g8541	4.26182735823958e-21	6.14985551959929e-70										Aque_Aqu2.1.26684-001;Scil_g1710	1.8939325327172208e-19	7.828376516825086e-139
																								Aque_Aqu2.1.29989-001;Scil_g3256	8.192985683235581e-29	1.022530426407309e-44										Aque_Aqu2.1.34860-001;Scil_g12463	1.3519505551429266e-51	2.914446546199139e-73	Aque_Aqu2.1.33740-001;Scil_g9493	1.0980804431426508e-53	1.1957752526203634e-109	Aque_Aqu2.1.07543-001;Scil_g9417	2.860189126298224e-57	1.1070794056629593e-85	Aque_Aqu2.1.37079-001;Scil_g9493	6.546838397706728e-61	1.2301559046943514e-47	Aque_Aqu2.1.36440-001;Scil_g1526	7.632745398517146e-67	3.592781456546267e-36	Aque_Aqu2.1.33574-001;Scil_g5971	6.176696126619883e-12	7.735947322699045e-69										Aque_Aqu2.1.18813-001;Scil_g2393	2.2714402491515383e-24	1.9901801935933732e-154
																								Aque_Aqu2.1.29497-001;Scil_g3180	1.8827875549582344e-08	1.7648005941455356e-83										Aque_Aqu2.1.43995-001;Scil_g7247	0.005431197667369024	1.94921464642178e-112	Aque_Aqu2.1.38191-001;Scil_g3256	1.7868189428044097e-31	2.60698942674615e-95	Aque_Aqu2.1.38333-001;Scil_g2116	2.839086395979409e-23	7.125195643993202e-100	Aque_Aqu2.1.16620-001;Scil_g10793	8.482366550578907e-75	2.5956773394325424e-29	Aque_Aqu2.1.06465-001;Scil_g13584	4.862108642372803e-06	4.1750126703165807e-60	Aque_Aqu2.1.37079-001;Scil_g9503	6.546838397706728e-61	9.638396070064196e-67										Aque_Aqu2.1.37818-001;Scil_g13687	5.638901466918758e-17	1.3130253835517724e-101
																								Aque_Aqu2.1.40808-001;Scil_g272	3.7323374706219494e-19	4.652783760012029e-10										Aque_Aqu2.1.43558-001;Scil_g9800	2.228107503175236e-11	3.598773865081431e-54	Aque_Aqu2.1.42605-001;Scil_g8541	4.26182735823958e-21	1.146115424193619e-47	Aque_Aqu2.1.43423-001;Scil_g455	5.777870565023009e-58	9.055194966555323e-72	Aque_Aqu2.1.24541-001;Scil_g13687	5.934327217092841e-72	1.2569949463208585e-43	Aque_Aqu2.1.33572-001;Scil_g3476	1.3271307867944713e-72	7.70836388456797e-20	Aque_Aqu2.1.40808-001;Scil_g272	5.905555050462949e-71	4.652783760012029e-10										Aque_Aqu2.1.36280-001;Scil_g3164	2.2025901356711323e-16	0.00031576174076018454
																								Aque_Aqu2.1.37079-001;Scil_g176	4.281078127361223e-33	8.415208052090102e-09										Aque_Aqu2.1.37140-001;Scil_g9194	0.0014209430482943215	1.0260565580010982e-104	Aque_Aqu2.1.28301-001;Scil_g5638	8.453116066766652e-18	2.2774550213834944e-152	Aque_Aqu2.1.33740-001;Scil_g9503	1.0980804431426508e-53	2.625874160586213e-79	Aque_Aqu2.1.37079-001;Scil_g9503	6.546838397706728e-61	7.604298156689081e-20	Aque_Aqu2.1.08202-001;Scil_g5971	7.150003335044007e-10	4.706490316160253e-38	Aque_Aqu2.1.36579-001;Scil_g2206	5.931342535516323e-06	3.8427685016444203e-75										Aque_Aqu2.1.37486-001;Scil_g4454	0.004947560922679354	1.9703874266385865e-126
																								Aque_Aqu2.1.34340-001;Scil_g9951	1.3755466559987196e-30	3.4757320733833506e-59										Aque_Aqu2.1.37127-001;Scil_g10022	5.532429859989264e-19	2.029082982225888e-83	Aque_Aqu2.1.33740-001;Scil_g9503	1.0980804431426508e-53	2.220151461027726e-92	Aque_Aqu2.1.37818-001;Scil_g13687	1.9445573766196906e-29	2.1753177914457852e-108	Aque_Aqu2.1.07543-001;Scil_g9417	2.860189126298224e-57	4.952690763118984e-43	Aque_Aqu2.1.23414-001;Scil_g10318	0.007547276391561884	6.603369413117707e-68	Aque_Aqu2.1.16620-001;Scil_g10793	8.482366550578907e-75	1.3853223905306347e-38										Aque_Aqu2.1.34344-001;Scil_g119	6.42250061611167e-28	2.9204080843786854e-106
																								Aque_Aqu2.1.36105-001;Scil_g6454	1.1386448976938985e-05	1.6118352340212025e-58										Aque_Aqu2.1.43440-001;Scil_g3916	2.6331408191558364e-20	3.231079584223045e-76	Aque_Aqu2.1.43423-001;Scil_g455	5.777870565023009e-58	1.2437126824478338e-103	Aque_Aqu2.1.18353-001;Scil_g9071	5.049057073524169e-32	2.2078775895030755e-110	Aque_Aqu2.1.28301-001;Scil_g5638	8.453116066766652e-18	1.371556489431947e-68	Aque_Aqu2.1.36579-001;Scil_g2206	5.931342535516323e-06	4.2038282623182897e-32	Aque_Aqu2.1.32930-001;Scil_g9417	1.754004206105032e-49	6.406974381252898e-58										Aque_Aqu2.1.41892-001;Scil_g20	7.446491649011122e-09	5.354254602008442e-147
																								Aque_Aqu2.1.41071-001;Scil_g12539	2.590520000192769e-14	6.763034597232629e-53										Aque_Aqu2.1.34340-001;Scil_g9966	1.9580765026993305e-47	5.054498362238361e-56	Aque_Aqu2.1.07543-001;Scil_g9417	2.860189126298224e-57	3.87407078352086e-111	Aque_Aqu2.1.36440-001;Scil_g1526	7.632745398517146e-67	5.173687108079556e-77	Aque_Aqu2.1.42087-001;Scil_g6454	1.2277184926530012e-11	9.325476026369619e-75	Aque_Aqu2.1.39740-001;Scil_g5976	2.4754705764807406e-16	8.449445310381931e-08	Aque_Aqu2.1.38435-001;Scil_g9800	6.908541486340834e-11	1.5153703518870904e-27										Aque_Aqu2.1.38333-001;Scil_g2116	2.415656675496545e-11	8.034897403716601e-38
																								Aque_Aqu2.1.42204-001;Scil_g4454	0.0004819461061031474	4.799033429540774e-74										Aque_Aqu2.1.24541-001;Scil_g13687	2.9741559828326827e-21	2.1753177914457852e-108	Aque_Aqu2.1.43985-001;Scil_g3594	3.352658991706034e-15	3.5220781732506785e-197	Aque_Aqu2.1.42087-001;Scil_g6454	1.2277184926530012e-11	1.9050573213743844e-97	Aque_Aqu2.1.08202-001;Scil_g5971	7.150003335044007e-10	2.8701465866932713e-37	Aque_Aqu2.1.43440-001;Scil_g3804	2.811181454483191e-27	1.4391833133065743e-37	Aque_Aqu2.1.28194-001;Scil_g2206	4.046495813640694e-27	3.8427685016444203e-75										Aque_Aqu2.1.16620-001;Scil_g10793	1.292904193615941e-16	1.418432260572787e-130
																								Aque_Aqu2.1.43440-001;Scil_g3916	2.7613280393211932e-17	1.9648735679011954e-41										Aque_Aqu2.1.29497-001;Scil_g208	3.02293289745355e-13	1.3361083182096935e-160	Aque_Aqu2.1.18353-001;Scil_g9071	5.049057073524169e-32	8.717002298944823e-140	Aque_Aqu2.1.16620-001;Scil_g10793	8.482366550578907e-75	5.649559306126133e-65	Aque_Aqu2.1.43423-001;Scil_g455	5.777870565023009e-58	1.0108252730263236e-27	Aque_Aqu2.1.24376-001;Scil_g1742	1.0136830119214914e-06	4.777372555196243e-69	Aque_Aqu2.1.35141-001;Scil_g1526	1.5821673928813966e-36	4.0834552924289713e-10										Aque_Aqu2.1.37079-001;Scil_g9503	1.2106449049857624e-19	1.6771192045042746e-50
																								Aque_Aqu2.1.38735-001;Scil_g283	0.00015095097363572007	1.295203554751965e-48										Aque_Aqu2.1.34340-001;Scil_g9951	1.9580765026993305e-47	4.771926152343396e-66	Aque_Aqu2.1.43440-001;Scil_g3916	2.811181454483191e-27	1.701960133797263e-131	Aque_Aqu2.1.43985-001;Scil_g3594	3.352658991706034e-15	7.656339146352985e-162	Aque_Aqu2.1.43440-001;Scil_g3804	2.811181454483191e-27	9.40516582772996e-34	Aque_Aqu2.1.43985-001;Scil_g7247	3.352658991706034e-15	4.571753685594215e-58	Aque_Aqu2.1.29989-001;Scil_g3256	1.925747833113352e-52	1.022530426407309e-44										Aque_Aqu2.1.43440-001;Scil_g3916	1.3249254713624496e-13	7.018414927760375e-68
																								Aque_Aqu2.1.33693-001;Scil_g7247	0.005320975815141095	1.8866332575949762e-54										Aque_Aqu2.1.37079-001;Scil_g176	1.883427367568046e-54	1.664270103728279e-07	Aque_Aqu2.1.38333-001;Scil_g2116	2.839086395979409e-23	1.1149626058385384e-127	Aque_Aqu2.1.29496-001;Scil_g208	7.316349499657287e-26	1.3361083182096935e-160	Aque_Aqu2.1.37713-001;Scil_g9800	1.7206718670207037e-10	5.321707393142917e-79	Aque_Aqu2.1.33693-001;Scil_g7247	6.032629008795554e-09	4.571753685594215e-58	Aque_Aqu2.1.43985-001;Scil_g3594	3.352658991706034e-15	1.4988664616076513e-94										Aque_Aqu2.1.37960-001;Scil_g151	1.4473575331875615e-08	4.2479689171835866e-135
																								Aque_Aqu2.1.32930-001;Scil_g9417	6.508511557099197e-19	6.406974381252898e-58										Aque_Aqu2.1.42203-001;Scil_g4454	0.00011663880466654885	3.706663423434533e-89	Aque_Aqu2.1.43558-001;Scil_g9800	4.945923981072797e-06	9.48023987730771e-156	Aque_Aqu2.1.43276-001;Scil_g9800	6.700245936937359e-45	3.598773865081431e-54	Aque_Aqu2.1.32930-001;Scil_g9417	1.754004206105032e-49	4.952690763118984e-43	Aque_Aqu2.1.38191-001;Scil_g3256	1.7868189428044097e-31	6.5693186728515626e-21	Aque_Aqu2.1.42087-001;Scil_g4183	1.2277184926530012e-11	1.0805566578709724e-54										Aque_Aqu2.1.29076-001;Scil_g119	4.413690094610802e-12	2.9204080843786854e-106
																								Aque_Aqu2.1.33572-001;Scil_g3476	7.556077439216689e-06	2.1488956030949202e-65										Aque_Aqu2.1.44246-001;Scil_g1638	7.287848262179307e-30	5.040504522579827e-57	Aque_Aqu2.1.18818-001;Scil_g4454	0.0016409961141571777	3.8894617618898823e-78	Aque_Aqu2.1.29989-001;Scil_g3256	1.925747833113352e-52	5.452006744648249e-91	Aque_Aqu2.1.18818-001;Scil_g4454	0.0016409961141571777	1.8572301477282273e-41	Aque_Aqu2.1.29989-001;Scil_g3256	1.925747833113352e-52	6.5693186728515626e-21	Aque_Aqu2.1.42554-001;Scil_g7113	2.1096427148863303e-17	2.194046516506588e-44										Aque_Aqu2.1.39740-001;Scil_g5976	4.841569725881055e-10	3.1144764138545533e-07
																								Aque_Aqu2.1.28194-001;Scil_g10793	4.556158483609061e-15	1.3853223905306347e-38										Aque_Aqu2.1.40997-001;Scil_g8299	1.0605961545794511e-12	1.6469869134066394e-89	Aque_Aqu2.1.28194-001;Scil_g2206	4.046495813640694e-27	1.4268740080321066e-86	Aque_Aqu2.1.43440-001;Scil_g3916	2.811181454483191e-27	3.231079584223045e-76	Aque_Aqu2.1.38191-001;Scil_g3256	1.7868189428044097e-31	9.251044654563549e-36	Aque_Aqu2.1.43558-001;Scil_g9800	4.945923981072797e-06	8.580204748756964e-49	Aque_Aqu2.1.43558-001;Scil_g9800	4.945923981072797e-06	1.5153703518870904e-27										Aque_Aqu2.1.38430-001;Scil_g12599	4.128647574487943e-09	8.522445184556589e-132
																								Aque_Aqu2.1.22535-001;Scil_g12359	2.2495306091268923e-25	1.1261083506346657e-13										Aque_Aqu2.1.38735-001;Scil_g283	8.26856416607161e-13	1.1957759020888877e-67	Aque_Aqu2.1.43995-001;Scil_g7247	0.00273168138428814	2.930503165469239e-160	Aque_Aqu2.1.42554-001;Scil_g7113	2.1096427148863303e-17	3.9740026998923134e-52	Aque_Aqu2.1.18353-001;Scil_g9071	5.049057073524169e-32	1.258500157917208e-51	Aque_Aqu2.1.28301-001;Scil_g5638	8.453116066766652e-18	5.911669581360935e-48	Aque_Aqu2.1.34860-001;Scil_g12463	9.744732145493453e-38	4.3460958038120623e-60										Aque_Aqu2.1.39201-001;Scil_g5203	0.00025346398966813124	7.419203618948408e-130
																								Aque_Aqu2.1.36579-001;Scil_g2206	0.005887832063643485	3.8427685016444203e-75										Aque_Aqu2.1.41071-001;Scil_g12539	4.224235122844145e-31	1.0586157984607387e-98	Aque_Aqu2.1.16620-001;Scil_g10793	8.482366550578907e-75	1.9768741730767228e-106	Aque_Aqu2.1.33574-001;Scil_g5971	6.176696126619883e-12	3.6908416920837287e-85	Aque_Aqu2.1.43985-001;Scil_g3594	3.352658991706034e-15	5.776836817104879e-81	Aque_Aqu2.1.29497-001;Scil_g3180	1.0074028415303958e-07	1.0097699241664632e-35	Aque_Aqu2.1.37127-001;Scil_g10022	5.554452623562781e-34	7.480998405181205e-70										Aque_Aqu2.1.43636-001;Scil_g2645	5.109453498565162e-22	1.8160204526603641e-124
																								Aque_Aqu2.1.38191-001;Scil_g3256	0.0006027112448173675	1.022530426407309e-44										Aque_Aqu2.1.42546-001;Scil_g6498	9.950643928616544e-07	5.303953106691169e-98	Aque_Aqu2.1.37713-001;Scil_g9800	1.7206718670207037e-10	9.48023987730771e-156	Aque_Aqu2.1.29497-001;Scil_g3180	1.0074028415303958e-07	3.949716142243326e-124	Aque_Aqu2.1.36105-001;Scil_g4183	5.076089310239436e-23	4.1235711815286173e-48	Aque_Aqu2.1.35141-001;Scil_g1526	1.5821673928813966e-36	3.592781456546267e-36	Aque_Aqu2.1.36263-001;Scil_g354	2.6943670097304045e-37	1.5546747826160555e-30										Aque_Aqu2.1.21084-001;Scil_g9931	1.927774202645576e-05	1.1212275718423897e-108
																								Aque_Aqu2.1.42554-001;Scil_g7113	9.455809654106197e-07	2.194046516506588e-44										Aque_Aqu2.1.37476-001;Scil_g6562	5.2292252794325625e-06	3.150610825878503e-76	Aque_Aqu2.1.44059-001;Scil_g3256	9.002231695958927e-05	2.60698942674615e-95	Aque_Aqu2.1.18818-001;Scil_g4454	0.0016409961141571777	3.706663423434533e-89	Aque_Aqu2.1.42605-001;Scil_g8541	4.26182735823958e-21	2.148159297298708e-16	Aque_Aqu2.1.33574-001;Scil_g5971	6.176696126619883e-12	4.706490316160253e-38	Aque_Aqu2.1.37079-001;Scil_g176	6.546838397706728e-61	8.415208052090102e-09										Aque_Aqu2.1.28223-001;Scil_g20	0.0021934974242093703	5.354254602008442e-147
																								Aque_Aqu2.1.24985-001;Scil_g9168	1.2576336304887648e-05	2.6603166080681035e-50										Aque_Aqu2.1.34476-001;Scil_g10401	5.409178251333844e-55	2.4044236497706994e-39	Aque_Aqu2.1.36263-001;Scil_g3347	2.6943670097304045e-37	5.427141116821287e-118	Aque_Aqu2.1.41071-001;Scil_g12539	1.2605408495453003e-45	1.0586157984607387e-98	Aque_Aqu2.1.41071-001;Scil_g12539	1.2605408495453003e-45	1.05467902946831e-37	Aque_Aqu2.1.32946-001;Scil_g548	9.855469870684294e-28	4.398517727257713e-21	Aque_Aqu2.1.36105-001;Scil_g6454	5.076089310239436e-23	1.6118352340212025e-58										Aque_Aqu2.1.41892-001;Scil_g2609	7.446491649011122e-09	7.950642770247123e-141
																								Aque_Aqu2.1.16620-001;Scil_g10793	3.1961490506949677e-28	1.3853223905306347e-38										Aque_Aqu2.1.43623-001;Scil_g8784	8.0035423078785e-10	4.461475634554319e-97	Aque_Aqu2.1.41071-001;Scil_g12539	1.2605408495453003e-45	3.421131629871232e-100	Aque_Aqu2.1.43995-001;Scil_g7247	0.00273168138428814	1.94921464642178e-112	Aque_Aqu2.1.29989-001;Scil_g3256	1.925747833113352e-52	9.251044654563549e-36	Aque_Aqu2.1.28194-001;Scil_g2206	4.046495813640694e-27	4.2038282623182897e-32	Aque_Aqu2.1.36440-001;Scil_g1526	7.632745398517146e-67	4.0834552924289713e-10										Aque_Aqu2.1.40044-001;Scil_g552	0.001585805002091436	5.638858845049972e-106
																								Aque_Aqu2.1.36440-001;Scil_g1526	2.27822390648074e-24	4.0834552924289713e-10										Aque_Aqu2.1.27307-001;Scil_g7553	2.878002156680205e-05	7.512430928222242e-119	Aque_Aqu2.1.34340-001;Scil_g9951	1.4776551713302249e-54	4.014005938461441e-105	Aque_Aqu2.1.36105-001;Scil_g4183	5.076089310239436e-23	3.0006040599031106e-87	Aque_Aqu2.1.28194-001;Scil_g2206	4.046495813640694e-27	2.4905717815906032e-33	Aque_Aqu2.1.42605-001;Scil_g8541	4.26182735823958e-21	9.08174680924606e-19	Aque_Aqu2.1.33693-001;Scil_g7247	6.032629008795554e-09	1.8866332575949762e-54										Aque_Aqu2.1.41049-001;Scil_g130	4.614788979833916e-31	5.337243640263835e-130
																								Aque_Aqu2.1.36105-001;Scil_g4183	1.1386448976938985e-05	1.0805566578709724e-54										Aque_Aqu2.1.37888-001;Scil_g2206	0.006782338583348293	7.187792383971008e-119	Aque_Aqu2.1.33574-001;Scil_g5971	6.176696126619883e-12	1.6842400893503441e-96	Aque_Aqu2.1.28194-001;Scil_g2206	4.046495813640694e-27	7.187792383971008e-119	Aque_Aqu2.1.36263-001;Scil_g3347	2.6943670097304045e-37	6.964245501536812e-41	Aque_Aqu2.1.34340-001;Scil_g9951	1.4776551713302249e-54	1.4852200300009755e-29	Aque_Aqu2.1.39740-001;Scil_g5976	2.4754705764807406e-16	1.547708410220913e-61										Aque_Aqu2.1.31038-001;Scil_g9420	3.8388821290098134e-10	4.731211575159038e-147
																								Aque_Aqu2.1.38333-001;Scil_g2116	7.064748101326465e-05	5.792477161716592e-65										Aque_Aqu2.1.40905-001;Scil_g208	1.2010449823658534e-08	1.3361083182096935e-160	Aque_Aqu2.1.41892-001;Scil_g13524	1.18545554920024e-05	8.280768608284176e-33	Aque_Aqu2.1.08202-001;Scil_g5971	7.150003335044007e-10	3.6908416920837287e-85	Aque_Aqu2.1.23796-001;Scil_g9973	0.00017030633225578216	1.9593084188353255e-36	Aque_Aqu2.1.41071-001;Scil_g12539	1.2605408495453003e-45	1.729728166570559e-27	Aque_Aqu2.1.41071-001;Scil_g12539	1.2605408495453003e-45	6.763034597232629e-53										Aque_Aqu2.1.14128-001;Scil_g9420	2.0614946244980313e-05	4.731211575159038e-147
																								Aque_Aqu2.1.43276-001;Scil_g9800	1.3659511239907053e-08	1.5153703518870904e-27										Aque_Aqu2.1.27809-001;Scil_g4134	1.095830530339908e-23	8.404315379515551e-79	Aque_Aqu2.1.08202-001;Scil_g5971	7.150003335044007e-10	1.6842400893503441e-96	Aque_Aqu2.1.21251-001;Scil_g6498	0.00105827198208436	5.303953106691169e-98	Aque_Aqu2.1.43558-001;Scil_g9800	4.945923981072797e-06	5.321707393142917e-79	Aque_Aqu2.1.27307-001;Scil_g12359	5.19055534445645e-22	3.635206275936883e-25	Aque_Aqu2.1.29497-001;Scil_g3180	1.0074028415303958e-07	1.7648005941455356e-83										Aque_Aqu2.1.36440-001;Scil_g1526	4.909959108162259e-26	4.6680693423310086e-67
																								Aque_Aqu2.1.37127-001;Scil_g10022	9.041745439964599e-11	7.480998405181205e-70										Aque_Aqu2.1.28194-001;Scil_g8784	1.7871825393887762e-21	4.461475634554319e-97	Aque_Aqu2.1.38167-001;Scil_g3347	1.6017457478243085e-46	5.427141116821287e-118	Aque_Aqu2.1.42087-001;Scil_g4183	1.2277184926530012e-11	3.0006040599031106e-87	Aque_Aqu2.1.34340-001;Scil_g9951	1.4776551713302249e-54	2.82607857649318e-22	Aque_Aqu2.1.43276-001;Scil_g9800	6.700245936937359e-45	8.580204748756964e-49	Aque_Aqu2.1.38167-001;Scil_g3347	1.6017457478243085e-46	1.9931141181024513e-19										Aque_Aqu2.1.33928-001;Scil_g119	0.00290140792721364	2.9204080843786854e-106
																								Aque_Aqu2.1.21070-001;Scil_g11267	0.0016371227125955492	1.4110099946678976e-26										Aque_Aqu2.1.37095-001;Scil_g8541	4.919071099666229e-21	4.708310254106961e-33	Aque_Aqu2.1.42087-001;Scil_g4183	1.2277184926530012e-11	4.096161506216909e-118	Aque_Aqu2.1.38167-001;Scil_g3347	1.6017457478243085e-46	3.901517593480032e-67	Aque_Aqu2.1.39740-001;Scil_g5976	2.4754705764807406e-16	7.854698963969295e-09	Aque_Aqu2.1.24985-001;Scil_g9168	1.5245436744783043e-10	2.5010475186558176e-31	Aque_Aqu2.1.08202-001;Scil_g5971	7.150003335044007e-10	7.735947322699045e-69										Aque_Aqu2.1.39232-001;Scil_g11100	1.3027498279631665e-07	2.6164709492906703e-95
																								Aque_Aqu2.1.29496-001;Scil_g208	8.814178444460045e-07	3.5564015500452e-32										Aque_Aqu2.1.44246-001;Scil_g2125	7.287848262179307e-30	5.114290825457778e-62	Aque_Aqu2.1.29497-001;Scil_g3180	1.0074028415303958e-07	1.687235434450091e-76	Aque_Aqu2.1.34340-001;Scil_g9951	1.4776551713302249e-54	4.771926152343396e-66	Aque_Aqu2.1.42554-001;Scil_g7113	2.1096427148863303e-17	2.2227367128878285e-17	Aque_Aqu2.1.43440-001;Scil_g3916	2.811181454483191e-27	9.872365770531333e-42	Aque_Aqu2.1.42546-001;Scil_g6498	0.0002541272724455404	1.0832910387587856e-48										Aque_Aqu2.1.34140-001;Scil_g7883	0.00014479913577829964	6.707629974423977e-144
																								Aque_Aqu2.1.27307-001;Scil_g12359	4.90772094782381e-16	1.1261083506346657e-13										Aque_Aqu2.1.36105-001;Scil_g4183	0.0017852747520365798	3.0006040599031106e-87	Aque_Aqu2.1.34860-001;Scil_g12463	9.744732145493453e-38	1.5633003431681924e-86	Aque_Aqu2.1.44059-001;Scil_g3256	9.002231695958927e-05	5.452006744648249e-91	Aque_Aqu2.1.37476-001;Scil_g6562	1.438532213623481e-05	2.637317472979163e-31	Aque_Aqu2.1.42087-001;Scil_g4183	1.2277184926530012e-11	1.9328168299250404e-41	Aque_Aqu2.1.18818-001;Scil_g4454	0.0016409961141571777	4.799033429540774e-74										Aque_Aqu2.1.33740-001;Scil_g9503	9.027022604233648e-17	1.6771192045042746e-50
																								Aque_Aqu2.1.35141-001;Scil_g1526	2.851513254723964e-07	4.0834552924289713e-10										Aque_Aqu2.1.39784-001;Scil_g8784	1.710897411783875e-14	4.461475634554319e-97	Aque_Aqu2.1.29989-001;Scil_g3256	1.925747833113352e-52	2.60698942674615e-95	Aque_Aqu2.1.34860-001;Scil_g12463	9.744732145493453e-38	2.914446546199139e-73	Aque_Aqu2.1.39784-001;Scil_g8784	1.447428014237732e-39	5.128221086425697e-48	Aque_Aqu2.1.28194-001;Scil_g10793	4.046495813640694e-27	9.819250709581188e-39	Aque_Aqu2.1.29496-001;Scil_g208	7.316349499657287e-26	3.5564015500452e-32										Aque_Aqu2.1.42569-001;Scil_g8107	1.1939801586173905e-08	3.203608371381843e-141
																								Aque_Aqu2.1.44246-001;Scil_g1638	4.373056440147647e-18	2.7457626834945253e-42										Aque_Aqu2.1.24985-001;Scil_g9168	4.3379857186953e-10	1.6792548946744693e-66	Aque_Aqu2.1.37476-001;Scil_g6562	1.438532213623481e-05	8.041033075461903e-88	Aque_Aqu2.1.37476-001;Scil_g6562	1.438532213623481e-05	3.150610825878503e-76	Aque_Aqu2.1.34860-001;Scil_g12463	9.744732145493453e-38	1.2697181417076486e-28	Aque_Aqu2.1.37127-001;Scil_g10022	5.554452623562781e-34	1.887017548587063e-44	Aque_Aqu2.1.34340-001;Scil_g9951	1.4776551713302249e-54	3.4757320733833506e-59										Aque_Aqu2.1.28194-001;Scil_g10793	8.431065167945095e-05	1.418432260572787e-130
																								Aque_Aqu2.1.18089-001;Scil_g10793	9.303046184113376e-09	1.3853223905306347e-38										Aque_Aqu2.1.37818-001;Scil_g13687	0.0022598746362907794	2.1753177914457852e-108	Aque_Aqu2.1.29526-001;Scil_g6102	2.014600935678132e-15	1.1251823995748319e-120	Aque_Aqu2.1.37713-001;Scil_g9800	1.7206718670207037e-10	3.598773865081431e-54	Aque_Aqu2.1.24985-001;Scil_g9168	1.5245436744783043e-10	1.9091334636948203e-39	Aque_Aqu2.1.42554-001;Scil_g7113	2.1096427148863303e-17	1.7066369249356574e-15	Aque_Aqu2.1.21251-001;Scil_g6498	0.00105827198208436	1.0832910387587856e-48										Aque_Aqu2.1.41049-001;Scil_g13539	4.614788979833916e-31	5.062504603720681e-123
																								Aque_Aqu2.1.40997-001;Scil_g8299	0.002087715134179049	5.251711629967516e-68										Aque_Aqu2.1.36105-001;Scil_g6454	0.0017852747520365798	1.9050573213743844e-97	Aque_Aqu2.1.36105-001;Scil_g4183	5.076089310239436e-23	4.096161506216909e-118	Aque_Aqu2.1.38435-001;Scil_g9800	6.908541486340834e-11	3.598773865081431e-54	Aque_Aqu2.1.43985-001;Scil_g7247	3.352658991706034e-15	4.688322791978525e-103	Aque_Aqu2.1.36263-001;Scil_g354	2.6943670097304045e-37	1.5019822582561123e-22	Aque_Aqu2.1.37095-001;Scil_g8541	5.671733143313704e-28	6.14985551959929e-70										Aque_Aqu2.1.44221-001;Scil_g10508	1.0713511198080788e-31	1.8520483235171413e-137
																								Aque_Aqu2.1.37527-001;Scil_g2206	0.0007706840589804199	3.8427685016444203e-75										Aque_Aqu2.1.28194-001;Scil_g10793	1.7871825393887762e-21	5.649559306126133e-65	Aque_Aqu2.1.43985-001;Scil_g7247	3.352658991706034e-15	2.930503165469239e-160	Aque_Aqu2.1.42204-001;Scil_g4454	0.000139617206313403	3.706663423434533e-89	Aque_Aqu2.1.28194-001;Scil_g10793	4.046495813640694e-27	2.5956773394325424e-29	Aque_Aqu2.1.43623-001;Scil_g8784	2.7766499372259064e-19	4.126375244293354e-38	Aque_Aqu2.1.37713-001;Scil_g9800	1.7206718670207037e-10	1.5153703518870904e-27										Aque_Aqu2.1.18353-001;Scil_g9071	5.387637324947887e-10	3.3701899247250518e-40
																								Aque_Aqu2.1.39927-001;Scil_g1638	6.029667376924964e-13	2.7457626834945253e-42										Aque_Aqu2.1.29078-001;Scil_g119	1.1030957267853953e-07	6.331893920285254e-43	Aque_Aqu2.1.32946-001;Scil_g548	9.855469870684294e-28	2.113568264538276e-47	Aque_Aqu2.1.36263-001;Scil_g3347	2.6943670097304045e-37	3.901517593480032e-67	Aque_Aqu2.1.27307-001;Scil_g12359	5.19055534445645e-22	1.9304548292510384e-58	Aque_Aqu2.1.36105-001;Scil_g4183	5.076089310239436e-23	1.9328168299250404e-41	Aque_Aqu2.1.23414-001;Scil_g10318	0.007547276391561884	1.589611768983524e-10										Aque_Aqu2.1.40997-001;Scil_g13119	7.961887580251269e-11	8.334147224613868e-149
																								Aque_Aqu2.1.34476-001;Scil_g10401	1.0362327151940874e-30	2.718312967351277e-34										Aque_Aqu2.1.23796-001;Scil_g9973	0.0005220224124398245	3.829982180983336e-68	Aque_Aqu2.1.22535-001;Scil_g12359	1.7528568593068535e-30	2.3673971546455122e-64	Aque_Aqu2.1.16571-001;Scil_g10997	5.689681519438017e-12	7.642886454202565e-74	Aque_Aqu2.1.37127-001;Scil_g10022	5.554452623562781e-34	1.1355725646784839e-43	Aque_Aqu2.1.37095-001;Scil_g8541	5.671733143313704e-28	9.08174680924606e-19	Aque_Aqu2.1.43995-001;Scil_g7247	0.00273168138428814	1.8866332575949762e-54										Aque_Aqu2.1.41071-001;Scil_g12539	5.050515693785037e-16	2.231078204861092e-56
																								Aque_Aqu2.1.28295-001;Scil_g3385	0.003102248627933152	1.885241745545524e-11										Aque_Aqu2.1.22535-001;Scil_g12359	1.0766898335282412e-45	1.477672773774837e-13	Aque_Aqu2.1.28194-001;Scil_g10793	4.046495813640694e-27	1.9768741730767228e-106	Aque_Aqu2.1.32946-001;Scil_g548	9.855469870684294e-28	3.632592778067305e-60	Aque_Aqu2.1.32946-001;Scil_g548	9.855469870684294e-28	4.192041793171719e-14	Aque_Aqu2.1.34860-001;Scil_g12463	9.744732145493453e-38	1.737121243461643e-27	Aque_Aqu2.1.44246-001;Scil_g1638	1.0889112463762211e-47	2.7457626834945253e-42										Aque_Aqu2.1.28510-001;Scil_g1202	0.001044963771495619	4.308470266545884e-128
																								Aque_Aqu2.1.37960-001;Scil_g151	2.695008398687382e-07	6.029235748119242e-46										Aque_Aqu2.1.36579-001;Scil_g2206	0.00585854599350939	7.187792383971008e-119	Aque_Aqu2.1.37127-001;Scil_g10022	5.554452623562781e-34	1.4549168570167217e-101	Aque_Aqu2.1.36263-001;Scil_g354	2.6943670097304045e-37	8.900242949312307e-52	Aque_Aqu2.1.43440-001;Scil_g3916	2.811181454483191e-27	3.609495548258627e-47	Aque_Aqu2.1.37121-001;Scil_g2819	6.133668556255181e-08	4.152975372634832e-40	Aque_Aqu2.1.43440-001;Scil_g3916	2.811181454483191e-27	1.9648735679011954e-41										Aque_Aqu2.1.29077-001;Scil_g119	1.4443873223950793e-05	2.9204080843786854e-106
																								Aque_Aqu2.1.34340-001;Scil_g9966	1.3755466559987196e-30	3.0383095953015803e-29										Aque_Aqu2.1.23371-001;Scil_g9815	0.0014888965003803695	2.5943830107589645e-91	Aque_Aqu2.1.37095-001;Scil_g8541	5.671733143313704e-28	1.146115424193619e-47	Aque_Aqu2.1.42548-001;Scil_g5592	7.893410778815132e-14	1.7917880668904657e-175	Aque_Aqu2.1.29497-001;Scil_g3180	1.0074028415303958e-07	2.7817472635987233e-22	Aque_Aqu2.1.39784-001;Scil_g8784	1.447428014237732e-39	4.126375244293354e-38	Aque_Aqu2.1.44059-001;Scil_g3256	9.002231695958927e-05	1.022530426407309e-44										Aque_Aqu2.1.32946-001;Scil_g548	0.0004927986202987672	5.884386158365744e-131
																								Aque_Aqu2.1.42605-001;Scil_g6760	2.0830554807686315e-20	2.7299521378760657e-60										Aque_Aqu2.1.33761-001;Scil_g208	2.693000186718815e-06	1.3361083182096935e-160	Aque_Aqu2.1.36263-001;Scil_g354	2.6943670097304045e-37	3.541322827994971e-89	Aque_Aqu2.1.43985-001;Scil_g7247	3.352658991706034e-15	1.94921464642178e-112	Aque_Aqu2.1.44059-001;Scil_g3256	9.002231695958927e-05	9.251044654563549e-36	Aque_Aqu2.1.36263-001;Scil_g3347	2.6943670097304045e-37	9.082027667523117e-37	Aque_Aqu2.1.36263-001;Scil_g3347	2.6943670097304045e-37	1.9931141181024513e-19										Aque_Aqu2.1.43674-001;Scil_g5780	0.0027052676824892985	8.945729595334909e-117
																								Aque_Aqu2.1.28194-001;Scil_g8784	4.556158483609061e-15	2.1798362641679393e-34										Aque_Aqu2.1.37082-001;Scil_g10145	9.509729416128665e-35	4.5875274989097e-62	Aque_Aqu2.1.37818-001;Scil_g8569	1.9445573766196906e-29	8.912916080279021e-94	Aque_Aqu2.1.39784-001;Scil_g8784	1.447428014237732e-39	4.461475634554319e-97	Aque_Aqu2.1.41892-001;Scil_g13524	1.18545554920024e-05	8.883056061686332e-17	Aque_Aqu2.1.41892-001;Scil_g13524	1.18545554920024e-05	2.4739533020073872e-15	Aque_Aqu2.1.38605-001;Scil_g12526	6.735594146477308e-34	2.322405179454656e-52										Aque_Aqu2.1.38560-001;Scil_g10147	4.3377179521208576e-05	1.6618876574246577e-148
																								Aque_Aqu2.1.31578-001;Scil_g3074	9.342932146295109e-07	4.6166989120718154e-27										Aque_Aqu2.1.42605-001;Scil_g6760	1.6106643124840013e-49	3.0951524221344593e-58	Aque_Aqu2.1.28194-001;Scil_g8784	4.046495813640694e-27	9.908067367798732e-107	Aque_Aqu2.1.42605-001;Scil_g8541	4.26182735823958e-21	4.708310254106961e-33	Aque_Aqu2.1.36263-001;Scil_g354	2.6943670097304045e-37	1.4141057551751925e-18	Aque_Aqu2.1.29526-001;Scil_g6102	2.014600935678132e-15	9.763628768684552e-41	Aque_Aqu2.1.36105-001;Scil_g4183	5.076089310239436e-23	1.0805566578709724e-54										Aque_Aqu2.1.36105-001;Scil_g6454	6.488695374897011e-06	1.4322505555045902e-20
																								Aque_Aqu2.1.37818-001;Scil_g8569	3.9378155741887766e-08	2.8070546722766534e-38										Aque_Aqu2.1.41302-001;Scil_g480	1.5470352084645802e-06	4.6459984567484385e-146	Aque_Aqu2.1.34340-001;Scil_g9966	1.4776551713302249e-54	7.789481356829912e-75	Aque_Aqu2.1.39927-001;Scil_g1638	7.652607800673418e-30	5.040504522579827e-57	Aque_Aqu2.1.42087-001;Scil_g4183	1.2277184926530012e-11	4.1235711815286173e-48	Aque_Aqu2.1.34476-001;Scil_g10401	6.048081369910945e-70	3.687173212429622e-14	Aque_Aqu2.1.32946-001;Scil_g548	9.855469870684294e-28	2.647718755490275e-40										Aque_Aqu2.1.40376-001;Scil_g6432	0.009093211294481564	8.921844317736951e-120
																								Aque_Aqu2.1.23796-001;Scil_g9973	0.004865080428996579	9.664961693704148e-46										Aque_Aqu2.1.43558-001;Scil_g9048	2.228107503175236e-11	1.3585986370891582e-70	Aque_Aqu2.1.27307-001;Scil_g12359	5.19055534445645e-22	2.3673971546455122e-64	Aque_Aqu2.1.37121-001;Scil_g2819	6.133668556255181e-08	2.168050215038023e-121	Aque_Aqu2.1.39927-001;Scil_g1638	7.652607800673418e-30	1.9871016669203724e-14	Aque_Aqu2.1.38167-001;Scil_g3347	1.6017457478243085e-46	9.082027667523117e-37	Aque_Aqu2.1.37527-001;Scil_g2206	4.0696916484305186e-05	3.8427685016444203e-75										Aque_Aqu2.1.35102-001;Scil_g13155	6.287466625210275e-09	1.6992802469183227e-52
																								Aque_Aqu2.1.38435-001;Scil_g9048	1.0323861231723936e-05	1.2850400112213864e-38										Aque_Aqu2.1.38605-001;Scil_g12526	1.1717705450752892e-09	6.139717152559101e-53	Aque_Aqu2.1.24541-001;Scil_g8569	5.934327217092841e-72	8.912916080279021e-94	Aque_Aqu2.1.43558-001;Scil_g9800	4.945923981072797e-06	3.598773865081431e-54	Aque_Aqu2.1.37095-001;Scil_g8541	5.671733143313704e-28	2.148159297298708e-16	Aque_Aqu2.1.18089-001;Scil_g10793	0.00016928787373202112	9.819250709581188e-39	Aque_Aqu2.1.37121-001;Scil_g2819	6.133668556255181e-08	1.592816852540559e-49										Aque_Aqu2.1.34140-001;Scil_g5780	0.00014479913577829964	8.945729595334909e-117
																								Aque_Aqu2.1.41587-001;Scil_g1638	7.490773880338387e-08	2.7457626834945253e-42										Aque_Aqu2.1.27224-001;Scil_g1638	3.097392984728462e-09	5.040504522579827e-57	Aque_Aqu2.1.24985-001;Scil_g9168	1.5245436744783043e-10	7.232053495919805e-101	Aque_Aqu2.1.34340-001;Scil_g9966	1.4776551713302249e-54	5.054498362238361e-56	Aque_Aqu2.1.38167-001;Scil_g3347	1.6017457478243085e-46	6.964245501536812e-41	Aque_Aqu2.1.33737-001;Scil_g6711	0.0031739668044782152	9.126624167546279e-24	Aque_Aqu2.1.37476-001;Scil_g6562	1.438532213623481e-05	6.745908181975087e-60										Aque_Aqu2.1.42762-001;Scil_g1846	3.1536284600116296e-07	1.0729934086005267e-144
																								Aque_Aqu2.1.24541-001;Scil_g8569	1.3032666902546044e-28	2.8070546722766534e-38										Aque_Aqu2.1.39927-001;Scil_g1638	9.197017896206681e-07	5.040504522579827e-57	Aque_Aqu2.1.44246-001;Scil_g1638	1.0889112463762211e-47	2.2763576435337092e-28	Aque_Aqu2.1.28194-001;Scil_g10793	4.046495813640694e-27	5.649559306126133e-65	Aque_Aqu2.1.44246-001;Scil_g2125	1.0889112463762211e-47	9.685621364141972e-29	Aque_Aqu2.1.37713-001;Scil_g9800	1.7206718670207037e-10	8.580204748756964e-49	Aque_Aqu2.1.39927-001;Scil_g1638	7.652607800673418e-30	2.7457626834945253e-42										Aque_Aqu2.1.25862-001;Scil_g9420	9.674224664146085e-07	4.731211575159038e-147
																								Aque_Aqu2.1.37816-001;Scil_g9048	1.1939172559414265e-17	1.2850400112213864e-38										Aque_Aqu2.1.16620-001;Scil_g10793	1.536724905167069e-08	5.649559306126133e-65	Aque_Aqu2.1.37527-001;Scil_g2206	4.0696916484305186e-05	1.4268740080321066e-86	Aque_Aqu2.1.42546-001;Scil_g6498	0.0002541272724455404	5.303953106691169e-98	Aque_Aqu2.1.42204-001;Scil_g4454	0.000139617206313403	1.8572301477282273e-41	Aque_Aqu2.1.18818-001;Scil_g4454	0.0016409961141571777	4.5308016223468144e-38	Aque_Aqu2.1.27243-001;Scil_g8996	0.0022496770901308306	4.2121740498679915e-59										Aque_Aqu2.1.33693-001;Scil_g12599	0.0047488615595383124	8.522445184556589e-132
																								Aque_Aqu2.1.37713-001;Scil_g9800	0.007184034982887269	1.5153703518870904e-27										Aque_Aqu2.1.41587-001;Scil_g1638	3.837560337393217e-08	5.040504522579827e-57	Aque_Aqu2.1.42554-001;Scil_g7113	2.1096427148863303e-17	1.9405548779923433e-27	Aque_Aqu2.1.23371-001;Scil_g9815	5.576449936740054e-10	2.5943830107589645e-91	Aque_Aqu2.1.29526-001;Scil_g6102	2.014600935678132e-15	1.3394857665264986e-49	Aque_Aqu2.1.37888-001;Scil_g2206	0.00353046333833267	4.2038282623182897e-32	Aque_Aqu2.1.28194-001;Scil_g10793	4.046495813640694e-27	1.3853223905306347e-38										Aque_Aqu2.1.34340-001;Scil_g9951	6.304955830541526e-18	3.5880803546159296e-79
																								Aque_Aqu2.1.39927-001;Scil_g2125	6.029667376924964e-13	6.334665188580222e-26										Aque_Aqu2.1.38435-001;Scil_g9800	0.00013283834144312362	3.598773865081431e-54	Aque_Aqu2.1.42204-001;Scil_g4454	0.000139617206313403	3.8894617618898823e-78	Aque_Aqu2.1.36579-001;Scil_g2206	5.931342535516323e-06	7.187792383971008e-119	Aque_Aqu2.1.37527-001;Scil_g2206	4.0696916484305186e-05	2.4905717815906032e-33	Aque_Aqu2.1.44246-001;Scil_g1638	1.0889112463762211e-47	1.4272873239454315e-09	Aque_Aqu2.1.39784-001;Scil_g8784	1.447428014237732e-39	2.1798362641679393e-34										Aque_Aqu2.1.42087-001;Scil_g6454	6.91395498409665e-05	1.4322505555045902e-20
																								Aque_Aqu2.1.36263-001;Scil_g354	0.0003891969793942999	1.5546747826160555e-30										Aque_Aqu2.1.37888-001;Scil_g10793	0.006782338583348293	5.649559306126133e-65	Aque_Aqu2.1.39784-001;Scil_g8784	1.447428014237732e-39	9.908067367798732e-107	Aque_Aqu2.1.37888-001;Scil_g2206	0.00353046333833267	7.187792383971008e-119	Aque_Aqu2.1.27809-001;Scil_g4134	1.3213345596947388e-34	1.1198581450496513e-32	Aque_Aqu2.1.21202-001;Scil_g313	0.0035235368053953705	2.55877081203369e-25	Aque_Aqu2.1.34476-001;Scil_g10401	6.048081369910945e-70	2.718312967351277e-34										Aque_Aqu2.1.22535-001;Scil_g130	2.7532822995193426e-17	5.337243640263835e-130
																								Aque_Aqu2.1.38605-001;Scil_g12526	1.9506311918395852e-07	2.322405179454656e-52										Aque_Aqu2.1.34343-001;Scil_g119	2.1527088835519753e-05	6.331893920285254e-43	Aque_Aqu2.1.42605-001;Scil_g6760	4.26182735823958e-21	3.7394238592174746e-91	Aque_Aqu2.1.44246-001;Scil_g1638	1.0889112463762211e-47	5.040504522579827e-57	Aque_Aqu2.1.44246-001;Scil_g1638	1.0889112463762211e-47	1.9871016669203724e-14	Aque_Aqu2.1.22535-001;Scil_g12359	1.7528568593068535e-30	3.635206275936883e-25	Aque_Aqu2.1.41892-001;Scil_g13524	1.18545554920024e-05	1.3976075630822367e-12										Aque_Aqu2.1.27224-001;Scil_g1970	8.525132213419248e-11	1.1778824038207252e-87
																								Aque_Aqu2.1.39784-001;Scil_g8784	2.5785055050860063e-11	2.1798362641679393e-34										Aque_Aqu2.1.39201-001;Scil_g5203	4.225683948324304e-06	3.2478336231273958e-65	Aque_Aqu2.1.37121-001;Scil_g2819	6.133668556255181e-08	5.476034457251388e-111	Aque_Aqu2.1.37095-001;Scil_g8541	5.671733143313704e-28	4.708310254106961e-33	Aque_Aqu2.1.29496-001;Scil_g208	7.316349499657287e-26	2.7076673430290828e-11	Aque_Aqu2.1.28194-001;Scil_g8784	4.046495813640694e-27	4.126375244293354e-38	Aque_Aqu2.1.42204-001;Scil_g4454	0.000139617206313403	4.799033429540774e-74										Aque_Aqu2.1.34860-001;Scil_g12463	0.00011704938739482082	2.280223389198944e-49
																								Aque_Aqu2.1.27809-001;Scil_g4134	1.3188546630209891e-11	4.0409525599845864e-47										Aque_Aqu2.1.37816-001;Scil_g9048	1.1419737158962232e-31	1.3585986370891582e-70	Aque_Aqu2.1.31383-001;Scil_g6478	2.2954183694801987e-34	9.55745693875112e-137	Aque_Aqu2.1.43623-001;Scil_g8784	2.7766499372259064e-19	4.461475634554319e-97	Aque_Aqu2.1.38605-001;Scil_g12526	6.735594146477308e-34	1.460374492294266e-18	Aque_Aqu2.1.38196-001;Scil_g3312	1.101582220668514e-15	4.795598550765599e-14	Aque_Aqu2.1.29077-001;Scil_g119	2.7997094526469687e-09	5.473709932356812e-19										Aque_Aqu2.1.34476-001;Scil_g10401	4.832483636950344e-22	5.595123383603605e-80
																								Aque_Aqu2.1.27224-001;Scil_g1638	5.626979140600211e-09	2.7457626834945253e-42										Aque_Aqu2.1.34889-001;Scil_g928	7.646989395574188e-07	8.215490874984415e-83	Aque_Aqu2.1.21251-001;Scil_g6498	0.00105827198208436	9.886420699751124e-137	Aque_Aqu2.1.29526-001;Scil_g6102	2.014600935678132e-15	3.4844884442964307e-53	Aque_Aqu2.1.28194-001;Scil_g8784	4.046495813640694e-27	5.128221086425697e-48	Aque_Aqu2.1.31383-001;Scil_g6478	2.2954183694801987e-34	2.0734403965038545e-36	Aque_Aqu2.1.43985-001;Scil_g7247	3.352658991706034e-15	1.8866332575949762e-54										Aque_Aqu2.1.36774-001;Scil_g8909	0.009334097936693922	3.408935516667968e-114
																								Aque_Aqu2.1.38167-001;Scil_g3347	8.844869190735086e-05	1.9931141181024513e-19										Aque_Aqu2.1.18089-001;Scil_g10793	5.922639131799987e-05	5.649559306126133e-65	Aque_Aqu2.1.42546-001;Scil_g6498	0.0002541272724455404	9.886420699751124e-137	Aque_Aqu2.1.29134-001;Scil_g3738	2.781668808544513e-10	4.8334224394011836e-80	Aque_Aqu2.1.21251-001;Scil_g6498	0.00105827198208436	5.560617980312229e-50	Aque_Aqu2.1.34889-001;Scil_g928	5.085353113781409e-33	2.3902854205524584e-21	Aque_Aqu2.1.37888-001;Scil_g2206	0.00353046333833267	3.8427685016444203e-75										Aque_Aqu2.1.33622-001;Scil_g1846	0.00476746922253454	1.0729934086005267e-144
																								Aque_Aqu2.1.32946-001;Scil_g548	4.067161885256832e-06	2.647718755490275e-40										Aque_Aqu2.1.42125-001;Scil_g9048	2.6913526265215458e-27	1.3585986370891582e-70	Aque_Aqu2.1.34476-001;Scil_g10401	6.048081369910945e-70	1.1975395837494819e-51	Aque_Aqu2.1.34889-001;Scil_g928	5.085353113781409e-33	8.215490874984415e-83	Aque_Aqu2.1.34340-001;Scil_g9966	1.4776551713302249e-54	3.8557474729593806e-16	Aque_Aqu2.1.27243-001;Scil_g8996	0.0022496770901308306	8.31176879360281e-29	Aque_Aqu2.1.16571-001;Scil_g10997	5.689681519438017e-12	1.9178858659264772e-33										Aque_Aqu2.1.39672-001;Scil_g1846	3.348904758395788e-05	1.0729934086005267e-144
																								Aque_Aqu2.1.21084-001;Scil_g9931	7.223244209364734e-05	2.211405939096222e-29										Aque_Aqu2.1.24541-001;Scil_g8569	2.9741559828326827e-21	1.7894243764152615e-54	Aque_Aqu2.1.43623-001;Scil_g8784	2.7766499372259064e-19	9.908067367798732e-107	Aque_Aqu2.1.24985-001;Scil_g9168	1.5245436744783043e-10	1.6792548946744693e-66	Aque_Aqu2.1.31383-001;Scil_g6478	2.2954183694801987e-34	3.5660726191727276e-50	Aque_Aqu2.1.38605-001;Scil_g12526	6.735594146477308e-34	7.989832650474474e-12	Aque_Aqu2.1.41587-001;Scil_g1638	3.973733129543662e-20	2.7457626834945253e-42										Aque_Aqu2.1.28223-001;Scil_g2609	0.0021934974242093703	7.950642770247123e-141
																								Aque_Aqu2.1.43558-001;Scil_g9048	4.304066085918366e-06	1.2850400112213864e-38										Aque_Aqu2.1.25578-001;Scil_g9048	4.68391292485038e-13	1.3585986370891582e-70	Aque_Aqu2.1.36579-001;Scil_g2206	5.931342535516323e-06	1.4268740080321066e-86	Aque_Aqu2.1.35102-001;Scil_g13155	0.005195991895921594	7.167734513676803e-64	Aque_Aqu2.1.42605-001;Scil_g6760	4.26182735823958e-21	2.120759194629177e-32	Aque_Aqu2.1.42546-001;Scil_g6498	0.0002541272724455404	1.882953006819727e-44	Aque_Aqu2.1.24541-001;Scil_g8569	5.934327217092841e-72	2.8070546722766534e-38										Aque_Aqu2.1.27224-001;Scil_g2125	8.525132213419248e-11	1.030098665143005e-67
																								Aque_Aqu2.1.28194-001;Scil_g9453	4.556158483609061e-15	4.327858497939192e-26										Aque_Aqu2.1.37713-001;Scil_g9800	5.997994181509781e-05	3.598773865081431e-54	Aque_Aqu2.1.27809-001;Scil_g4134	1.3213345596947388e-34	2.754297829758692e-80	Aque_Aqu2.1.24541-001;Scil_g8569	5.934327217092841e-72	1.7894243764152615e-54	Aque_Aqu2.1.34476-001;Scil_g10401	6.048081369910945e-70	3.7500003943297306e-14	Aque_Aqu2.1.42204-001;Scil_g4454	0.000139617206313403	4.5308016223468144e-38	Aque_Aqu2.1.43623-001;Scil_g8784	2.7766499372259064e-19	2.1798362641679393e-34										Aque_Aqu2.1.34340-001;Scil_g9966	6.304955830541526e-18	2.3092561859497167e-98
																								Aque_Aqu2.1.37095-001;Scil_g6760	1.035259280947786e-24	2.7299521378760657e-60										Aque_Aqu2.1.36440-001;Scil_g1526	1.8327498813975174e-14	5.173687108079556e-77	Aque_Aqu2.1.39740-001;Scil_g5976	2.4754705764807406e-16	8.531830987772806e-19	Aque_Aqu2.1.22535-001;Scil_g12359	1.7528568593068535e-30	1.477672773774837e-13	Aque_Aqu2.1.36579-001;Scil_g2206	5.931342535516323e-06	2.4905717815906032e-33	Aque_Aqu2.1.37888-001;Scil_g10793	0.00353046333833267	9.819250709581188e-39	Aque_Aqu2.1.24985-001;Scil_g9168	1.5245436744783043e-10	2.6603166080681035e-50										Aque_Aqu2.1.42546-001;Scil_g6498	0.0024029579495052633	1.328602721239005e-22
																								Aque_Aqu2.1.34889-001;Scil_g928	1.0938165605616021e-10	2.151537326025624e-43										Aque_Aqu2.1.04179-001;Scil_g4134	0.0033079003144132367	8.404315379515551e-79	Aque_Aqu2.1.23796-001;Scil_g9973	0.00017030633225578216	6.801912918476919e-98	Aque_Aqu2.1.41587-001;Scil_g1638	3.973733129543662e-20	5.040504522579827e-57	Aque_Aqu2.1.42546-001;Scil_g6498	0.0002541272724455404	5.560617980312229e-50	Aque_Aqu2.1.34340-001;Scil_g9966	1.4776551713302249e-54	5.281706901469794e-22	Aque_Aqu2.1.27224-001;Scil_g1638	4.1626723862143085e-27	2.7457626834945253e-42										Aque_Aqu2.1.42605-001;Scil_g6036	8.598663943331059e-19	7.56075911085298e-139
																								Aque_Aqu2.1.23371-001;Scil_g9815	0.0011488489434320188	8.969639446586069e-35										Aque_Aqu2.1.43276-001;Scil_g9800	1.8211973987292722e-06	3.598773865081431e-54	Aque_Aqu2.1.34889-001;Scil_g928	5.085353113781409e-33	3.670490504814812e-95	Aque_Aqu2.1.27243-001;Scil_g8996	0.0022496770901308306	8.285041700328388e-61	Aque_Aqu2.1.37121-001;Scil_g2819	6.133668556255181e-08	2.061709432045755e-65	Aque_Aqu2.1.39927-001;Scil_g1638	7.652607800673418e-30	1.4272873239454315e-09	Aque_Aqu2.1.23796-001;Scil_g9973	0.00017030633225578216	9.664961693704148e-46										Aque_Aqu2.1.43637-001;Scil_g13000	0.00029966571535689455	1.1462792027365378e-97
																								Aque_Aqu2.1.25578-001;Scil_g9048	0.0002904804138151096	1.2850400112213864e-38										Aque_Aqu2.1.39927-001;Scil_g2125	9.197017896206681e-07	5.114290825457778e-62	Aque_Aqu2.1.31578-001;Scil_g3074	9.583621601421027e-19	2.3763888428549936e-109	Aque_Aqu2.1.28194-001;Scil_g8784	4.046495813640694e-27	4.461475634554319e-97	Aque_Aqu2.1.41587-001;Scil_g1638	3.973733129543662e-20	1.9871016669203724e-14	Aque_Aqu2.1.37476-001;Scil_g6562	1.438532213623481e-05	7.842800385142619e-38	Aque_Aqu2.1.39927-001;Scil_g2125	7.652607800673418e-30	6.334665188580222e-26										Aque_Aqu2.1.34343-001;Scil_g119	7.285787956788677e-15	2.9204080843786854e-106
																								Aque_Aqu2.1.43623-001;Scil_g8784	0.001432246230968109	2.1798362641679393e-34										Aque_Aqu2.1.37477-001;Scil_g6529	2.4783056186819672e-11	2.2057471559731688e-50	Aque_Aqu2.1.27224-001;Scil_g1638	4.1626723862143085e-27	2.2763576435337092e-28	Aque_Aqu2.1.27224-001;Scil_g1638	4.1626723862143085e-27	5.040504522579827e-57	Aque_Aqu2.1.43623-001;Scil_g8784	2.7766499372259064e-19	5.128221086425697e-48	Aque_Aqu2.1.38435-001;Scil_g9048	6.908541486340834e-11	8.137139332974278e-18	Aque_Aqu2.1.40203-001;Scil_g9896	1.3261828680178986e-13	2.0850678834719052e-23										Aque_Aqu2.1.37127-001;Scil_g10022	3.9342965202413117e-13	7.833501715435216e-15
																								Aque_Aqu2.1.43636-001;Scil_g2645	3.916654552903946e-07	6.593573815263135e-39										Aque_Aqu2.1.33352-001;Scil_g3074	1.003913108319595e-06	1.5370863427024178e-78	Aque_Aqu2.1.38605-001;Scil_g12526	6.735594146477308e-34	7.058731954574796e-50	Aque_Aqu2.1.29497-001;Scil_g208	1.0074028415303958e-07	1.3361083182096935e-160	Aque_Aqu2.1.24541-001;Scil_g8569	5.934327217092841e-72	1.741908601865482e-30	Aque_Aqu2.1.16571-001;Scil_g10997	5.689681519438017e-12	2.9982707026258755e-20	Aque_Aqu2.1.28194-001;Scil_g8784	4.046495813640694e-27	2.1798362641679393e-34										Aque_Aqu2.1.41302-001;Scil_g10741	6.857691710789496e-14	1.629936803826792e-110
																								Aque_Aqu2.1.18089-001;Scil_g9453	9.303046184113376e-09	4.327858497939192e-26										Aque_Aqu2.1.32713-001;Scil_g9048	8.350919561098064e-06	1.3585986370891582e-70	Aque_Aqu2.1.04179-001;Scil_g4134	0.00014518208888033836	2.754297829758692e-80	Aque_Aqu2.1.37527-001;Scil_g2206	4.0696916484305186e-05	7.187792383971008e-119	Aque_Aqu2.1.39927-001;Scil_g2125	7.652607800673418e-30	9.685621364141972e-29	Aque_Aqu2.1.35102-001;Scil_g13155	0.005195991895921594	5.05101632567367e-34	Aque_Aqu2.1.37818-001;Scil_g8569	1.9445573766196906e-29	2.8070546722766534e-38										Aque_Aqu2.1.31586-001;Scil_g8948	3.730554087165964e-10	7.456107016268565e-55
																								Aque_Aqu2.1.39927-001;Scil_g1970	6.029667376924964e-13	1.961925325947212e-20										Aque_Aqu2.1.29081-001;Scil_g119	0.0001664679311925663	6.331893920285254e-43	Aque_Aqu2.1.18089-001;Scil_g10793	0.00016928787373202112	1.9768741730767228e-106	Aque_Aqu2.1.29077-001;Scil_g119	2.7997094526469687e-09	6.331893920285254e-43	Aque_Aqu2.1.44246-001;Scil_g1970	1.0889112463762211e-47	2.8622448850682307e-25	Aque_Aqu2.1.37818-001;Scil_g8569	1.9445573766196906e-29	3.301636262983605e-39	Aque_Aqu2.1.18089-001;Scil_g10793	0.00016928787373202112	1.3853223905306347e-38										Aque_Aqu2.1.35141-001;Scil_g1526	1.3036143242524108e-05	4.6680693423310086e-67
																								Aque_Aqu2.1.16571-001;Scil_g10997	0.00010632767809920202	1.9178858659264772e-33										Aque_Aqu2.1.42065-001;Scil_g10015	0.00043432313295795874	5.8654985060184544e-59	Aque_Aqu2.1.37888-001;Scil_g2206	0.00353046333833267	1.4268740080321066e-86	Aque_Aqu2.1.31383-001;Scil_g6478	2.2954183694801987e-34	1.3696367226620593e-60	Aque_Aqu2.1.29076-001;Scil_g119	2.854384723439444e-13	1.9724446993643297e-13	Aque_Aqu2.1.40665-001;Scil_g3312	2.210159623556687e-19	4.795598550765599e-14	Aque_Aqu2.1.34889-001;Scil_g928	5.085353113781409e-33	2.151537326025624e-43										Aque_Aqu2.1.42703-001;Scil_g307	0.00013756317656876343	0.00016387129259706613
																								Aque_Aqu2.1.44246-001;Scil_g2125	4.373056440147647e-18	6.334665188580222e-26										Aque_Aqu2.1.38146-001;Scil_g1400	0.004015710652961584	1.8645868547930955e-68	Aque_Aqu2.1.03528-001;Scil_g2790	4.66647667941593e-05	2.2719066723895912e-88	Aque_Aqu2.1.31578-001;Scil_g3074	9.583621601421027e-19	1.5370863427024178e-78	Aque_Aqu2.1.29134-001;Scil_g3738	2.781668808544513e-10	1.8124979530077347e-46	Aque_Aqu2.1.23371-001;Scil_g9815	5.576449936740054e-10	9.582764820333371e-35	Aque_Aqu2.1.29526-001;Scil_g6102	2.014600935678132e-15	5.768009657229051e-31										Aque_Aqu2.1.44246-001;Scil_g2125	3.583706893940434e-08	1.030098665143005e-67
																								Aque_Aqu2.1.44246-001;Scil_g1970	4.373056440147647e-18	1.961925325947212e-20										Aque_Aqu2.1.28194-001;Scil_g9453	1.7871825393887762e-21	1.3091304539461676e-37	Aque_Aqu2.1.41587-001;Scil_g1638	3.973733129543662e-20	2.2763576435337092e-28	Aque_Aqu2.1.23796-001;Scil_g9973	0.00017030633225578216	3.829982180983336e-68	Aque_Aqu2.1.41587-001;Scil_g2125	3.973733129543662e-20	9.685621364141972e-29	Aque_Aqu2.1.23796-001;Scil_g9973	0.00017030633225578216	9.086865292940813e-34	Aque_Aqu2.1.22535-001;Scil_g12359	1.7528568593068535e-30	1.1261083506346657e-13										Aque_Aqu2.1.28194-001;Scil_g2206	8.431065167945095e-05	1.717522215741258e-25
																								Aque_Aqu2.1.41072-001;Scil_g9453	5.225506861083618e-07	4.327858497939192e-26										Aque_Aqu2.1.27224-001;Scil_g1970	3.097392984728462e-09	5.21243859072783e-44	Aque_Aqu2.1.37888-001;Scil_g10793	0.00353046333833267	1.9768741730767228e-106	Aque_Aqu2.1.41302-001;Scil_g480	0.0011644068621490939	4.6459984567484385e-146	Aque_Aqu2.1.16571-001;Scil_g10997	5.689681519438017e-12	6.756659742564301e-17	Aque_Aqu2.1.22535-001;Scil_g512	1.7528568593068535e-30	3.2873322724443467e-31	Aque_Aqu2.1.42605-001;Scil_g6760	4.26182735823958e-21	2.7299521378760657e-60										Aque_Aqu2.1.36263-001;Scil_g3347	1.3480337591206586e-05	1.1870739102679978e-31
																								Aque_Aqu2.1.34141-001;Scil_g6573	0.001020912907838887	7.312288946422982e-31										Aque_Aqu2.1.41892-001;Scil_g13524	0.0028627560923391595	0.0015563327988630216	Aque_Aqu2.1.35749-001;Scil_g2045	3.571800017512665e-13	2.6764103969423014e-91	Aque_Aqu2.1.27809-001;Scil_g4134	1.3213345596947388e-34	8.404315379515551e-79	Aque_Aqu2.1.37818-001;Scil_g8569	1.9445573766196906e-29	1.741908601865482e-30	Aque_Aqu2.1.27809-001;Scil_g4134	1.3213345596947388e-34	1.1973313115492884e-26	Aque_Aqu2.1.34340-001;Scil_g9966	1.4776551713302249e-54	3.0383095953015803e-29										Aque_Aqu2.1.23371-001;Scil_g9815	3.1081478285487256e-13	3.7227879223574454e-17
																								Aque_Aqu2.1.39784-001;Scil_g9453	2.5785055050860063e-11	4.327858497939192e-26										Aque_Aqu2.1.34140-001;Scil_g5780	0.006365377190595181	8.686102546000322e-44	Aque_Aqu2.1.39927-001;Scil_g1638	7.652607800673418e-30	2.2763576435337092e-28	Aque_Aqu2.1.37079-001;Scil_g176	6.546838397706728e-61	1.664270103728279e-07	Aque_Aqu2.1.39927-001;Scil_g1970	7.652607800673418e-30	2.8622448850682307e-25	Aque_Aqu2.1.44059-001;Scil_g3256	9.002231695958927e-05	6.5693186728515626e-21	Aque_Aqu2.1.44246-001;Scil_g2125	1.0889112463762211e-47	6.334665188580222e-26										Aque_Aqu2.1.35197-001;Scil_g12865	4.978925517104158e-06	1.2942850562654317e-94
																								Aque_Aqu2.1.40665-001;Scil_g3312	1.1004236678114239e-07	1.0698912107509578e-32										Aque_Aqu2.1.21070-001;Scil_g11267	6.924998335740364e-12	9.37083824206965e-74	Aque_Aqu2.1.29134-001;Scil_g3738	2.781668808544513e-10	1.9149129549620013e-131	Aque_Aqu2.1.37888-001;Scil_g10793	0.00353046333833267	5.649559306126133e-65	Aque_Aqu2.1.34889-001;Scil_g928	5.085353113781409e-33	1.0905951156399398e-41	Aque_Aqu2.1.42605-001;Scil_g6760	4.26182735823958e-21	1.3106662372267285e-26	Aque_Aqu2.1.31578-001;Scil_g3074	9.583621601421027e-19	4.6166989120718154e-27										Aque_Aqu2.1.22535-001;Scil_g13539	2.7532822995193426e-17	5.062504603720681e-123
																								Aque_Aqu2.1.37082-001;Scil_g10145	4.313153257072692e-07	1.374538399839971e-38										Aque_Aqu2.1.22535-001;Scil_g512	1.0766898335282412e-45	1.0083430968893254e-54	Aque_Aqu2.1.22535-001;Scil_g512	1.7528568593068535e-30	1.414558408333157e-88	Aque_Aqu2.1.38605-001;Scil_g12526	6.735594146477308e-34	6.139717152559101e-53	Aque_Aqu2.1.18089-001;Scil_g10793	0.00016928787373202112	2.5956773394325424e-29	Aque_Aqu2.1.24541-001;Scil_g8569	5.934327217092841e-72	3.301636262983605e-39	Aque_Aqu2.1.39784-001;Scil_g9453	1.447428014237732e-39	4.327858497939192e-26										Aque_Aqu2.1.37095-001;Scil_g6036	6.562536878667842e-13	7.56075911085298e-139
																								Aque_Aqu2.1.43276-001;Scil_g9048	1.3659511239907053e-08	1.2850400112213864e-38										Aque_Aqu2.1.27224-001;Scil_g2125	3.097392984728462e-09	5.114290825457778e-62	Aque_Aqu2.1.37816-001;Scil_g9048	3.4645027839212307e-29	2.987962565879083e-67	Aque_Aqu2.1.37818-001;Scil_g8569	1.9445573766196906e-29	1.7894243764152615e-54	Aque_Aqu2.1.37960-001;Scil_g151	4.997539117685243e-13	2.870575910966797e-19	Aque_Aqu2.1.43623-001;Scil_g9453	2.7766499372259064e-19	1.2305403272584198e-08	Aque_Aqu2.1.38435-001;Scil_g9048	6.908541486340834e-11	1.2850400112213864e-38										Aque_Aqu2.1.38435-001;Scil_g2679	1.0545894597609436e-05	3.087782107183475e-98
																								Aque_Aqu2.1.41587-001;Scil_g1970	7.490773880338387e-08	1.961925325947212e-20										Aque_Aqu2.1.44246-001;Scil_g1970	7.287848262179307e-30	5.21243859072783e-44	Aque_Aqu2.1.16571-001;Scil_g10997	5.689681519438017e-12	1.1185304826820408e-47	Aque_Aqu2.1.37960-001;Scil_g151	4.997539117685243e-13	7.207403119974544e-51	Aque_Aqu2.1.35102-001;Scil_g13155	0.005195991895921594	3.4711758175437145e-37	Aque_Aqu2.1.41587-001;Scil_g1638	3.973733129543662e-20	1.4272873239454315e-09	Aque_Aqu2.1.37960-001;Scil_g151	4.997539117685243e-13	6.029235748119242e-46										Aque_Aqu2.1.36263-001;Scil_g354	1.3480337591206586e-05	7.728858890331173e-38
																								Aque_Aqu2.1.29497-001;Scil_g208	1.8827875549582344e-08	3.5564015500452e-32										Aque_Aqu2.1.37960-001;Scil_g151	4.8391210841042485e-05	7.207403119974544e-51	Aque_Aqu2.1.40665-001;Scil_g3312	2.210159623556687e-19	1.1149430941599726e-50	Aque_Aqu2.1.04179-001;Scil_g4134	0.00014518208888033836	8.404315379515551e-79	Aque_Aqu2.1.43276-001;Scil_g9048	6.700245936937359e-45	5.556755528874442e-17	Aque_Aqu2.1.29496-001;Scil_g208	7.316349499657287e-26	4.4752345882470676e-05	Aque_Aqu2.1.04179-001;Scil_g4134	0.00014518208888033836	4.0409525599845864e-47										Aque_Aqu2.1.34348-001;Scil_g9000	0.0020867605487110722	1.8231255252859538e-06
																								Aque_Aqu2.1.22535-001;Scil_g512	2.2495306091268923e-25	5.1767101240108096e-17										Aque_Aqu2.1.42548-001;Scil_g5592	0.003429272918424444	1.7917880668904657e-175	Aque_Aqu2.1.23371-001;Scil_g9815	5.576449936740054e-10	4.391217475073731e-127	Aque_Aqu2.1.34476-001;Scil_g10401	6.048081369910945e-70	2.4044236497706994e-39	Aque_Aqu2.1.27243-001;Scil_g8996	0.0022496770901308306	2.28203675015853e-25	Aque_Aqu2.1.43636-001;Scil_g2645	4.603799985303027e-26	1.17862434128513e-07	Aque_Aqu2.1.27809-001;Scil_g4134	1.3213345596947388e-34	4.0409525599845864e-47										Aque_Aqu2.1.37713-001;Scil_g2679	6.709753851999691e-07	3.087782107183475e-98
																								Aque_Aqu2.1.41587-001;Scil_g2125	7.490773880338387e-08	6.334665188580222e-26										Aque_Aqu2.1.27258-001;Scil_g2151	0.001811970351681308	2.567257899386912e-50	Aque_Aqu2.1.37095-001;Scil_g6760	5.671733143313704e-28	3.7394238592174746e-91	Aque_Aqu2.1.41892-001;Scil_g13524	1.18545554920024e-05	0.0015563327988630216	Aque_Aqu2.1.23371-001;Scil_g9815	5.576449936740054e-10	1.2334701219321744e-40	Aque_Aqu2.1.27224-001;Scil_g1638	4.1626723862143085e-27	1.4272873239454315e-09	Aque_Aqu2.1.43276-001;Scil_g9048	6.700245936937359e-45	1.2850400112213864e-38										Aque_Aqu2.1.43623-001;Scil_g9453	2.186331483709345e-05	4.6731217585328485e-73
																								Aque_Aqu2.1.31383-001;Scil_g6478	1.627448642617829e-06	4.3297761255432755e-23										Aque_Aqu2.1.37713-001;Scil_g9048	5.997994181509781e-05	1.3585986370891582e-70	Aque_Aqu2.1.44246-001;Scil_g1970	1.0889112463762211e-47	2.432112725515365e-51	Aque_Aqu2.1.21202-001;Scil_g313	0.0035235368053953705	5.155603322391385e-78	Aque_Aqu2.1.27224-001;Scil_g1638	4.1626723862143085e-27	1.9871016669203724e-14	Aque_Aqu2.1.03528-001;Scil_g2790	4.66647667941593e-05	2.289932879899429e-36	Aque_Aqu2.1.27307-001;Scil_g12359	5.19055534445645e-22	1.1261083506346657e-13										Aque_Aqu2.1.22809-001;Scil_g9784	0.0002306395604095374	8.506651103238429e-82
																								Aque_Aqu2.1.36263-001;Scil_g3347	0.0003891969793942999	1.9931141181024513e-19										Aque_Aqu2.1.21084-001;Scil_g9931	0.0006874949144813863	3.28891511221079e-50	Aque_Aqu2.1.39201-001;Scil_g5203	1.8498226380341124e-07	4.8293228259730146e-57	Aque_Aqu2.1.44246-001;Scil_g2125	1.0889112463762211e-47	5.114290825457778e-62	Aque_Aqu2.1.29077-001;Scil_g119	2.7997094526469687e-09	1.9724446993643297e-13	Aque_Aqu2.1.44246-001;Scil_g2125	1.0889112463762211e-47	4.788288697922128e-12	Aque_Aqu2.1.35749-001;Scil_g2045	3.571800017512665e-13	1.2242659258082136e-44										Aque_Aqu2.1.44246-001;Scil_g1970	3.583706893940434e-08	1.1778824038207252e-87
																								Aque_Aqu2.1.42548-001;Scil_g5592	6.69215415550474e-13	4.347639972131248e-15										Aque_Aqu2.1.41587-001;Scil_g2125	3.837560337393217e-08	5.114290825457778e-62	Aque_Aqu2.1.44246-001;Scil_g2125	1.0889112463762211e-47	7.537571535397402e-30	Aque_Aqu2.1.44280-001;Scil_g11800	2.7800941610372972e-14	1.0210844766463247e-69	Aque_Aqu2.1.37888-001;Scil_g2206	0.00353046333833267	2.4905717815906032e-33	Aque_Aqu2.1.37095-001;Scil_g6760	5.671733143313704e-28	1.3106662372267285e-26	Aque_Aqu2.1.23371-001;Scil_g9815	5.576449936740054e-10	8.969639446586069e-35										Aque_Aqu2.1.39927-001;Scil_g2125	0.0033533910680177926	1.030098665143005e-67
																								Aque_Aqu2.1.27224-001;Scil_g2125	5.626979140600211e-09	6.334665188580222e-26										Aque_Aqu2.1.37818-001;Scil_g8569	0.0022598746362907794	1.7894243764152615e-54	Aque_Aqu2.1.33737-001;Scil_g6711	0.0031739668044782152	2.9667378866034045e-58	Aque_Aqu2.1.39927-001;Scil_g2125	7.652607800673418e-30	5.114290825457778e-62	Aque_Aqu2.1.22535-001;Scil_g512	1.7528568593068535e-30	4.7113788669892976e-55	Aque_Aqu2.1.39784-001;Scil_g9453	1.447428014237732e-39	1.2305403272584198e-08	Aque_Aqu2.1.27224-001;Scil_g2125	4.1626723862143085e-27	6.334665188580222e-26										Aque_Aqu2.1.40665-001;Scil_g3312	3.5087623984607494e-06	5.368501549027695e-83
																								Aque_Aqu2.1.37477-001;Scil_g6529	4.363333507993639e-05	9.537852670221422e-31										Aque_Aqu2.1.39927-001;Scil_g1970	9.197017896206681e-07	5.21243859072783e-44	Aque_Aqu2.1.28194-001;Scil_g9453	4.046495813640694e-27	1.041992355450003e-42	Aque_Aqu2.1.03528-001;Scil_g2790	4.66647667941593e-05	8.469490205362808e-79	Aque_Aqu2.1.33737-001;Scil_g6711	0.0031739668044782152	2.0724022293288623e-19	Aque_Aqu2.1.32713-001;Scil_g9048	6.829534151068082e-08	8.137139332974278e-18	Aque_Aqu2.1.31383-001;Scil_g6478	2.2954183694801987e-34	4.3297761255432755e-23										Aque_Aqu2.1.38605-001;Scil_g12526	1.7310662124446945e-19	1.1552499043424082e-07
																								Aque_Aqu2.1.27224-001;Scil_g1970	5.626979140600211e-09	1.961925325947212e-20										Aque_Aqu2.1.39784-001;Scil_g9453	1.710897411783875e-14	1.3091304539461676e-37	Aque_Aqu2.1.39784-001;Scil_g9453	1.447428014237732e-39	1.041992355450003e-42	Aque_Aqu2.1.18089-001;Scil_g10793	0.00016928787373202112	5.649559306126133e-65	Aque_Aqu2.1.27224-001;Scil_g2125	4.1626723862143085e-27	9.685621364141972e-29	Aque_Aqu2.1.35749-001;Scil_g2045	3.571800017512665e-13	5.884102353831392e-31	Aque_Aqu2.1.40665-001;Scil_g3312	2.210159623556687e-19	1.0698912107509578e-32										Aque_Aqu2.1.38167-001;Scil_g3347	4.061848703113488e-06	1.1870739102679978e-31
																								Aque_Aqu2.1.27307-001;Scil_g512	4.90772094782381e-16	5.1767101240108096e-17										Aque_Aqu2.1.18089-001;Scil_g9453	5.922639131799987e-05	1.3091304539461676e-37	Aque_Aqu2.1.43276-001;Scil_g9048	6.700245936937359e-45	2.987962565879083e-67	Aque_Aqu2.1.33737-001;Scil_g6711	0.0031739668044782152	2.3983875164051418e-70	Aque_Aqu2.1.27307-001;Scil_g512	5.19055534445645e-22	4.7113788669892976e-55	Aque_Aqu2.1.40203-001;Scil_g9896	1.3261828680178986e-13	4.5991886228938126e-08	Aque_Aqu2.1.03528-001;Scil_g2790	4.66647667941593e-05	5.491010559397047e-43										Aque_Aqu2.1.38191-001;Scil_g9230	0.005113886805994292	4.1571607056312035e-101
																								Aque_Aqu2.1.40203-001;Scil_g9896	0.00010165208371482917	2.0850678834719052e-23										Aque_Aqu2.1.31578-001;Scil_g3074	4.686198124476619e-08	1.5370863427024178e-78	Aque_Aqu2.1.44280-001;Scil_g11800	2.7800941610372972e-14	3.876270646078162e-46	Aque_Aqu2.1.43276-001;Scil_g9048	6.700245936937359e-45	1.3585986370891582e-70	Aque_Aqu2.1.31578-001;Scil_g3074	9.583621601421027e-19	2.6740207150749782e-52	Aque_Aqu2.1.37960-001;Scil_g151	4.997539117685243e-13	8.154484111381587e-09	Aque_Aqu2.1.38196-001;Scil_g3312	1.101582220668514e-15	1.0698912107509578e-32										Aque_Aqu2.1.37477-001;Scil_g6529	0.0002887227518274277	7.570374593366946e-44
																								Aque_Aqu2.1.43623-001;Scil_g9453	0.001432246230968109	4.327858497939192e-26										Aque_Aqu2.1.37140-001;Scil_g5853	0.0014209430482943215	9.747829557542407e-65	Aque_Aqu2.1.29496-001;Scil_g208	7.316349499657287e-26	5.2997093163648024e-06	Aque_Aqu2.1.27224-001;Scil_g2125	4.1626723862143085e-27	5.114290825457778e-62	Aque_Aqu2.1.21084-001;Scil_g9931	3.84861957397388e-08	1.6209723385421803e-32	Aque_Aqu2.1.27307-001;Scil_g512	5.19055534445645e-22	3.2873322724443467e-31	Aque_Aqu2.1.41072-001;Scil_g9453	7.383127044984995e-12	4.327858497939192e-26										Aque_Aqu2.1.34374-001;Scil_g12129	1.0518050758047798e-08	4.7943568488775107e-110
																								Aque_Aqu2.1.38117-001;Scil_g9161	1.3561639872337178e-14	0.0008615493957709248										Aque_Aqu2.1.43623-001;Scil_g9453	8.0035423078785e-10	1.3091304539461676e-37	Aque_Aqu2.1.29076-001;Scil_g119	2.854384723439444e-13	3.355025609527191e-13	Aque_Aqu2.1.27307-001;Scil_g12359	5.19055534445645e-22	1.477672773774837e-13	Aque_Aqu2.1.37082-001;Scil_g10145	1.0533509110722707e-14	2.749523763268255e-41	Aque_Aqu2.1.18089-001;Scil_g9453	0.00016928787373202112	1.2305403272584198e-08	Aque_Aqu2.1.44246-001;Scil_g1970	1.0889112463762211e-47	1.961925325947212e-20										Aque_Aqu2.1.40203-001;Scil_g9896	9.093495164373901e-05	4.2813577989825094e-47
																								Aque_Aqu2.1.34140-001;Scil_g5780	0.005194207520923321	1.5226200857918715e-21										Aque_Aqu2.1.43636-001;Scil_g2645	5.218373981536993e-16	3.112413211470775e-32	Aque_Aqu2.1.38435-001;Scil_g9048	6.908541486340834e-11	2.987962565879083e-67	Aque_Aqu2.1.39201-001;Scil_g5203	1.8498226380341124e-07	3.2478336231273958e-65	Aque_Aqu2.1.37816-001;Scil_g9048	3.4645027839212307e-29	5.556755528874442e-17	Aque_Aqu2.1.37477-001;Scil_g6529	1.1418922333015187e-18	3.8501284624212915e-11	Aque_Aqu2.1.33737-001;Scil_g6711	0.0031739668044782152	2.3341775053361774e-57										Aque_Aqu2.1.39784-001;Scil_g9453	7.685923578152764e-07	4.6731217585328485e-73
																								Aque_Aqu2.1.44141-001;Scil_g11946	0.0030498897829491635	9.740541969287524e-13										Aque_Aqu2.1.22809-001;Scil_g9784	1.4938563297799797e-10	1.6232458727815301e-37	Aque_Aqu2.1.27224-001;Scil_g1970	4.1626723862143085e-27	2.432112725515365e-51	Aque_Aqu2.1.43623-001;Scil_g9453	2.7766499372259064e-19	1.3091304539461676e-37	Aque_Aqu2.1.28194-001;Scil_g9453	4.046495813640694e-27	1.431562571666625e-10	Aque_Aqu2.1.25578-001;Scil_g9048	1.5860765555629586e-07	8.137139332974278e-18	Aque_Aqu2.1.32713-001;Scil_g9048	6.829534151068082e-08	1.2850400112213864e-38										Aque_Aqu2.1.24982-001;Scil_g13147	0.007957028773579263	6.175707572896634e-140
																								Aque_Aqu2.1.37713-001;Scil_g9048	0.007184034982887269	1.2850400112213864e-38										Aque_Aqu2.1.34374-001;Scil_g12129	1.1301136469296707e-23	3.718386325670683e-46	Aque_Aqu2.1.43623-001;Scil_g9453	2.7766499372259064e-19	1.041992355450003e-42	Aque_Aqu2.1.29076-001;Scil_g119	2.854384723439444e-13	6.331893920285254e-43	Aque_Aqu2.1.39784-001;Scil_g9453	1.447428014237732e-39	1.431562571666625e-10	Aque_Aqu2.1.37774-001;Scil_g9453	3.66548165511305e-11	1.2305403272584198e-08	Aque_Aqu2.1.37477-001;Scil_g6529	1.1418922333015187e-18	9.537852670221422e-31										Aque_Aqu2.1.27809-001;Scil_g4134	5.87589013667333e-11	5.114768111560498e-35
																								Aque_Aqu2.1.38191-001;Scil_g9230	0.0006027112448173675	3.7691661274080483e-17										Aque_Aqu2.1.34141-001;Scil_g6573	0.0036191157910878484	1.445410382086121e-35	Aque_Aqu2.1.41587-001;Scil_g2125	3.973733129543662e-20	7.537571535397402e-30	Aque_Aqu2.1.39784-001;Scil_g9453	1.447428014237732e-39	1.3091304539461676e-37	Aque_Aqu2.1.44280-001;Scil_g11800	2.7800941610372972e-14	3.1029359674411086e-09	Aque_Aqu2.1.34141-001;Scil_g6573	2.8229433165476673e-05	6.934558326940896e-16	Aque_Aqu2.1.43558-001;Scil_g9048	4.945923981072797e-06	1.2850400112213864e-38										Aque_Aqu2.1.28194-001;Scil_g9453	8.431065167945095e-05	4.6731217585328485e-73
																								Aque_Aqu2.1.38435-001;Scil_g2679	1.0323861231723936e-05	2.1785651503505698e-08										Aque_Aqu2.1.38435-001;Scil_g9048	0.00013283834144312362	1.3585986370891582e-70	Aque_Aqu2.1.41587-001;Scil_g1970	3.973733129543662e-20	2.432112725515365e-51	Aque_Aqu2.1.28194-001;Scil_g9453	4.046495813640694e-27	1.3091304539461676e-37	Aque_Aqu2.1.38196-001;Scil_g3312	1.101582220668514e-15	3.1463032297828725e-12	Aque_Aqu2.1.37082-001;Scil_g10145	1.0533509110722707e-14	4.310257482957996e-37	Aque_Aqu2.1.39927-001;Scil_g1970	7.652607800673418e-30	1.961925325947212e-20										Aque_Aqu2.1.25578-001;Scil_g2679	0.00013062972778359326	3.087782107183475e-98
																								Aque_Aqu2.1.43558-001;Scil_g2679	4.304066085918366e-06	2.1785651503505698e-08										Aque_Aqu2.1.41072-001;Scil_g9453	1.3476383844315506e-08	1.3091304539461676e-37	Aque_Aqu2.1.37960-001;Scil_g151	4.997539117685243e-13	9.667655340794264e-27	Aque_Aqu2.1.37477-001;Scil_g6529	1.1418922333015187e-18	2.2057471559731688e-50	Aque_Aqu2.1.41587-001;Scil_g1970	3.973733129543662e-20	2.8622448850682307e-25	Aque_Aqu2.1.44280-001;Scil_g11800	2.7800941610372972e-14	1.1079747803344202e-12	Aque_Aqu2.1.37816-001;Scil_g9048	3.4645027839212307e-29	1.2850400112213864e-38										Aque_Aqu2.1.37774-001;Scil_g9453	9.493379624999482e-05	4.6731217585328485e-73
																								Aque_Aqu2.1.34374-001;Scil_g12129	8.762969486047298e-10	1.3466457343984313e-08										Aque_Aqu2.1.37095-001;Scil_g6760	4.919071099666229e-21	3.0951524221344593e-58	Aque_Aqu2.1.37082-001;Scil_g10145	1.0533509110722707e-14	2.330253098099134e-104	Aque_Aqu2.1.44246-001;Scil_g1970	1.0889112463762211e-47	5.21243859072783e-44	Aque_Aqu2.1.35749-001;Scil_g2045	3.571800017512665e-13	1.9029549217106236e-35	Aque_Aqu2.1.39927-001;Scil_g1970	7.652607800673418e-30	1.0515353259515255e-10	Aque_Aqu2.1.21202-001;Scil_g313	0.0035235368053953705	6.882656499714913e-38										Aque_Aqu2.1.40911-001;Scil_g6711	0.0029460519297728146	2.617263631111518e-06
																								Aque_Aqu2.1.26118-001;Scil_g645	0.0007132999187045302	2.2208664908855235e-11										Aque_Aqu2.1.16671-001;Scil_g13745	0.0004784311640193861	1.7428135241117832e-17	Aque_Aqu2.1.39927-001;Scil_g2125	7.652607800673418e-30	7.537571535397402e-30	Aque_Aqu2.1.35749-001;Scil_g2045	3.571800017512665e-13	3.960794751751522e-62	Aque_Aqu2.1.38435-001;Scil_g9048	6.908541486340834e-11	5.556755528874442e-17	Aque_Aqu2.1.44246-001;Scil_g1970	1.0889112463762211e-47	1.0515353259515255e-10	Aque_Aqu2.1.41587-001;Scil_g2125	3.973733129543662e-20	6.334665188580222e-26										Aque_Aqu2.1.39927-001;Scil_g1970	0.0033533910680177926	1.1778824038207252e-87
																								Aque_Aqu2.1.25578-001;Scil_g2679	0.0002904804138151096	2.1785651503505698e-08										Aque_Aqu2.1.43276-001;Scil_g9048	1.8211973987292722e-06	1.3585986370891582e-70	Aque_Aqu2.1.34141-001;Scil_g6573	2.8229433165476673e-05	1.808943214236265e-56	Aque_Aqu2.1.40665-001;Scil_g3312	2.210159623556687e-19	4.4611378436888564e-38	Aque_Aqu2.1.03528-001;Scil_g2790	4.66647667941593e-05	7.000288926828309e-44	Aque_Aqu2.1.28194-001;Scil_g9453	4.046495813640694e-27	1.2305403272584198e-08	Aque_Aqu2.1.28194-001;Scil_g9453	4.046495813640694e-27	4.327858497939192e-26										Aque_Aqu2.1.29497-001;Scil_g1157	4.250903360672363e-45	1.5241661732329342e-75
																								Aque_Aqu2.1.40411-001;Scil_g9331	0.0008811466760301038	3.265606929059393e-08										Aque_Aqu2.1.27307-001;Scil_g12359	2.878002156680205e-05	1.477672773774837e-13	Aque_Aqu2.1.27243-001;Scil_g8996	0.0022496770901308306	1.0299057004386634e-64	Aque_Aqu2.1.21084-001;Scil_g9931	3.84861957397388e-08	3.28891511221079e-50	Aque_Aqu2.1.04179-001;Scil_g4134	0.00014518208888033836	1.1198581450496513e-32	Aque_Aqu2.1.39927-001;Scil_g2125	7.652607800673418e-30	4.788288697922128e-12	Aque_Aqu2.1.29076-001;Scil_g119	2.854384723439444e-13	5.473709932356812e-19										Aque_Aqu2.1.32713-001;Scil_g2679	0.0007619289100617938	3.087782107183475e-98
																								Aque_Aqu2.1.37713-001;Scil_g2679	0.007184034982887269	2.1785651503505698e-08										Aque_Aqu2.1.41587-001;Scil_g1970	3.837560337393217e-08	5.21243859072783e-44	Aque_Aqu2.1.41072-001;Scil_g9453	7.383127044984995e-12	1.041992355450003e-42	Aque_Aqu2.1.37082-001;Scil_g10145	1.0533509110722707e-14	4.5875274989097e-62	Aque_Aqu2.1.40665-001;Scil_g3312	2.210159623556687e-19	3.1463032297828725e-12	Aque_Aqu2.1.41302-001;Scil_g480	0.0011644068621490939	9.056974850974151e-17	Aque_Aqu2.1.21084-001;Scil_g9931	3.84861957397388e-08	2.211405939096222e-29										Aque_Aqu2.1.40905-001;Scil_g1157	3.0219824660119435e-35	1.5241661732329342e-75
																								Aque_Aqu2.1.44247-001;Scil_g9331	0.00041807951431617013	3.265606929059393e-08										Aque_Aqu2.1.38117-001;Scil_g9161	0.00014511386802717343	3.1027914633822187e-41	Aque_Aqu2.1.21202-001;Scil_g313	0.0035235368053953705	4.21404119971032e-56	Aque_Aqu2.1.26965-001;Scil_g268	0.00011397865308794898	3.744987794505802e-71	Aque_Aqu2.1.37477-001;Scil_g6529	1.1418922333015187e-18	3.759638830313098e-18	Aque_Aqu2.1.43558-001;Scil_g9048	4.945923981072797e-06	8.137139332974278e-18	Aque_Aqu2.1.41302-001;Scil_g480	0.0011644068621490939	2.1150613533600607e-55										Aque_Aqu2.1.43985-001;Scil_g12599	0.005936983756101213	8.522445184556589e-132
																																				Aque_Aqu2.1.27010-001;Scil_g1940	4.902249617924804e-06	1.2606880653176618e-33	Aque_Aqu2.1.38196-001;Scil_g3312	1.101582220668514e-15	1.1149430941599726e-50	Aque_Aqu2.1.41587-001;Scil_g2125	3.973733129543662e-20	5.114290825457778e-62	Aque_Aqu2.1.36774-001;Scil_g8909	0.0001738846201894611	4.994251439553302e-27	Aque_Aqu2.1.29497-001;Scil_g208	1.0074028415303958e-07	4.4752345882470676e-05	Aque_Aqu2.1.44280-001;Scil_g11800	2.7800941610372972e-14	5.497527920711258e-39										Aque_Aqu2.1.16671-001;Scil_g13745	8.896446146320125e-07	1.723531041180612e-42
																																				Aque_Aqu2.1.35197-001;Scil_g12865	0.001327628124149286	6.980775180419845e-27	Aque_Aqu2.1.27307-001;Scil_g512	5.19055534445645e-22	1.414558408333157e-88	Aque_Aqu2.1.39927-001;Scil_g1970	7.652607800673418e-30	5.21243859072783e-44	Aque_Aqu2.1.43623-001;Scil_g9453	2.7766499372259064e-19	1.431562571666625e-10	Aque_Aqu2.1.32704-001;Scil_g6424	0.008011343121603115	7.43457037289686e-13	Aque_Aqu2.1.37774-001;Scil_g9453	3.66548165511305e-11	4.327858497939192e-26										Aque_Aqu2.1.42548-001;Scil_g5592	2.629072987135206e-16	4.473436634999021e-15
																																				Aque_Aqu2.1.44141-001;Scil_g11946	7.753882625848426e-08	5.4168144025811856e-36	Aque_Aqu2.1.21084-001;Scil_g9931	3.84861957397388e-08	1.6101769017174716e-62	Aque_Aqu2.1.42605-001;Scil_g6760	4.26182735823958e-21	3.0951524221344593e-58	Aque_Aqu2.1.37888-001;Scil_g10793	0.00353046333833267	2.5956773394325424e-29	Aque_Aqu2.1.38117-001;Scil_g9161	0.004950893580376143	8.594017757754964e-28	Aque_Aqu2.1.37713-001;Scil_g9048	1.7206718670207037e-10	1.2850400112213864e-38										Aque_Aqu2.1.29496-001;Scil_g1157	1.7378509299322753e-07	1.5241661732329342e-75
																																				Aque_Aqu2.1.26118-001;Scil_g645	2.4481172056595722e-06	2.822155782214022e-29	Aque_Aqu2.1.27224-001;Scil_g2125	4.1626723862143085e-27	7.537571535397402e-30	Aque_Aqu2.1.37774-001;Scil_g9453	3.66548165511305e-11	1.3091304539461676e-37	Aque_Aqu2.1.43636-001;Scil_g2645	4.603799985303027e-26	4.394006056283039e-09	Aque_Aqu2.1.21084-001;Scil_g9931	3.84861957397388e-08	8.242772562527274e-17	Aque_Aqu2.1.37888-001;Scil_g10793	0.00353046333833267	1.3853223905306347e-38										Aque_Aqu2.1.26118-001;Scil_g645	0.00564617740766249	1.5833033814670858e-38
																																				Aque_Aqu2.1.37774-001;Scil_g9453	0.0025650680622854487	1.3091304539461676e-37	Aque_Aqu2.1.29077-001;Scil_g119	2.7997094526469687e-09	3.355025609527191e-13	Aque_Aqu2.1.25578-001;Scil_g9048	1.5860765555629586e-07	1.3585986370891582e-70	Aque_Aqu2.1.41072-001;Scil_g9453	7.383127044984995e-12	1.431562571666625e-10	Aque_Aqu2.1.41072-001;Scil_g9453	7.383127044984995e-12	1.2305403272584198e-08	Aque_Aqu2.1.36774-001;Scil_g8909	0.0001738846201894611	1.162233546563016e-28										Aque_Aqu2.1.44247-001;Scil_g9331	0.0003540148737773138	3.2500230310847e-10
																																				Aque_Aqu2.1.44247-001;Scil_g9331	0.0005367872826234065	2.63149066999594e-24	Aque_Aqu2.1.36774-001;Scil_g8909	0.0001738846201894611	1.9058091377534432e-72	Aque_Aqu2.1.27224-001;Scil_g1970	4.1626723862143085e-27	5.21243859072783e-44	Aque_Aqu2.1.27224-001;Scil_g1970	4.1626723862143085e-27	2.8622448850682307e-25	Aque_Aqu2.1.29076-001;Scil_g119	2.854384723439444e-13	2.3398107247139737e-07	Aque_Aqu2.1.43636-001;Scil_g2645	4.603799985303027e-26	6.593573815263135e-39										Aque_Aqu2.1.06256-001;Scil_g9747	0.0007353739674965826	7.099050064930933e-08
																																				Aque_Aqu2.1.28510-001;Scil_g1202	8.129603412929188e-06	3.958586181879023e-30	Aque_Aqu2.1.31388-001;Scil_g6478	0.0029408515564412025	9.55745693875112e-137	Aque_Aqu2.1.22535-001;Scil_g512	1.7528568593068535e-30	1.0083430968893254e-54	Aque_Aqu2.1.37095-001;Scil_g6760	5.671733143313704e-28	2.120759194629177e-32	Aque_Aqu2.1.31578-001;Scil_g3074	9.583621601421027e-19	4.56312524859558e-28	Aque_Aqu2.1.37082-001;Scil_g10145	1.0533509110722707e-14	1.374538399839971e-38												
																																				Aque_Aqu2.1.27307-001;Scil_g512	2.878002156680205e-05	1.0083430968893254e-54	Aque_Aqu2.1.43636-001;Scil_g2645	4.603799985303027e-26	2.0740184708313862e-21	Aque_Aqu2.1.38196-001;Scil_g3312	1.101582220668514e-15	4.4611378436888564e-38	Aque_Aqu2.1.16671-001;Scil_g13745	2.5282597729449003e-17	3.019798473966803e-11	Aque_Aqu2.1.27224-001;Scil_g2125	4.1626723862143085e-27	4.788288697922128e-12	Aque_Aqu2.1.41587-001;Scil_g1970	3.973733129543662e-20	1.961925325947212e-20												
																																				Aque_Aqu2.1.05699-001;Scil_g3214	0.0009987611624100508	0.0012887763658613511	Aque_Aqu2.1.39927-001;Scil_g1970	7.652607800673418e-30	2.432112725515365e-51	Aque_Aqu2.1.37095-001;Scil_g6760	5.671733143313704e-28	3.0951524221344593e-58	Aque_Aqu2.1.34141-001;Scil_g6573	2.8229433165476673e-05	2.7373631402460007e-18	Aque_Aqu2.1.43276-001;Scil_g9048	6.700245936937359e-45	8.137139332974278e-18	Aque_Aqu2.1.39201-001;Scil_g5203	1.8498226380341124e-07	2.6887732788314986e-23												
																																							Aque_Aqu2.1.43558-001;Scil_g9048	4.945923981072797e-06	2.987962565879083e-67	Aque_Aqu2.1.41587-001;Scil_g1970	3.973733129543662e-20	5.21243859072783e-44	Aque_Aqu2.1.39201-001;Scil_g5203	1.8498226380341124e-07	1.955941771428503e-23	Aque_Aqu2.1.37816-001;Scil_g9048	3.4645027839212307e-29	8.137139332974278e-18	Aque_Aqu2.1.29134-001;Scil_g3738	2.781668808544513e-10	6.901148057750623e-21												
																																							Aque_Aqu2.1.25578-001;Scil_g9048	1.5860765555629586e-07	2.987962565879083e-67	Aque_Aqu2.1.37713-001;Scil_g9048	1.7206718670207037e-10	1.3585986370891582e-70	Aque_Aqu2.1.32713-001;Scil_g9048	6.829534151068082e-08	5.556755528874442e-17	Aque_Aqu2.1.39201-001;Scil_g5203	1.8498226380341124e-07	1.2845719457576047e-16	Aque_Aqu2.1.27224-001;Scil_g1970	4.1626723862143085e-27	1.961925325947212e-20												
																																							Aque_Aqu2.1.37477-001;Scil_g6529	1.1418922333015187e-18	5.623223997709888e-49	Aque_Aqu2.1.40203-001;Scil_g9896	1.3261828680178986e-13	2.9407287341508366e-34	Aque_Aqu2.1.25578-001;Scil_g9048	1.5860765555629586e-07	5.556755528874442e-17	Aque_Aqu2.1.04179-001;Scil_g4134	0.00014518208888033836	1.1973313115492884e-26	Aque_Aqu2.1.43623-001;Scil_g9453	2.7766499372259064e-19	4.327858497939192e-26												
																																							Aque_Aqu2.1.26965-001;Scil_g268	0.00011397865308794898	1.9348781884931798e-69	Aque_Aqu2.1.43636-001;Scil_g2645	4.603799985303027e-26	3.112413211470775e-32	Aque_Aqu2.1.29497-001;Scil_g208	1.0074028415303958e-07	2.7076673430290828e-11	Aque_Aqu2.1.27224-001;Scil_g1970	4.1626723862143085e-27	1.0515353259515255e-10	Aque_Aqu2.1.06909-001;Scil_g5906	0.0002946709356424571	2.6875902193975e-16												
																																							Aque_Aqu2.1.37774-001;Scil_g9453	3.66548165511305e-11	1.041992355450003e-42	Aque_Aqu2.1.36774-001;Scil_g8909	0.0001738846201894611	6.566938968008148e-60	Aque_Aqu2.1.06909-001;Scil_g5906	0.0002946709356424571	1.4728466690585123e-20	Aque_Aqu2.1.21251-001;Scil_g6498	0.00105827198208436	1.882953006819727e-44	Aque_Aqu2.1.18089-001;Scil_g9453	0.00016928787373202112	4.327858497939192e-26												
																																							Aque_Aqu2.1.32713-001;Scil_g9048	6.829534151068082e-08	2.987962565879083e-67	Aque_Aqu2.1.37816-001;Scil_g9048	3.4645027839212307e-29	1.3585986370891582e-70	Aque_Aqu2.1.18089-001;Scil_g9453	0.00016928787373202112	1.431562571666625e-10	Aque_Aqu2.1.29134-001;Scil_g3738	2.781668808544513e-10	3.444650281038031e-43	Aque_Aqu2.1.26965-001;Scil_g268	0.00011397865308794898	2.21655619078862e-40												
																																							Aque_Aqu2.1.37713-001;Scil_g9048	1.7206718670207037e-10	2.987962565879083e-67	Aque_Aqu2.1.31388-001;Scil_g6478	0.0029408515564412025	1.3696367226620593e-60	Aque_Aqu2.1.37774-001;Scil_g9453	3.66548165511305e-11	1.431562571666625e-10	Aque_Aqu2.1.16671-001;Scil_g13745	2.5282597729449003e-17	0.00019398447438854572	Aque_Aqu2.1.25578-001;Scil_g9048	1.5860765555629586e-07	1.2850400112213864e-38												
																																							Aque_Aqu2.1.06909-001;Scil_g5906	0.0002946709356424571	2.893742707511789e-52	Aque_Aqu2.1.43558-001;Scil_g9048	4.945923981072797e-06	1.3585986370891582e-70	Aque_Aqu2.1.40203-001;Scil_g9896	1.3261828680178986e-13	3.356981552622062e-08	Aque_Aqu2.1.41587-001;Scil_g1970	3.973733129543662e-20	1.0515353259515255e-10	Aque_Aqu2.1.38191-001;Scil_g9230	1.7868189428044097e-31	3.7691661274080483e-17												
																																							Aque_Aqu2.1.35102-001;Scil_g13155	0.005195991895921594	5.726781495820915e-103	Aque_Aqu2.1.38435-001;Scil_g9048	6.908541486340834e-11	1.3585986370891582e-70	Aque_Aqu2.1.26965-001;Scil_g268	0.00011397865308794898	3.365742365041246e-23	Aque_Aqu2.1.31388-001;Scil_g6478	0.0029408515564412025	2.0734403965038545e-36	Aque_Aqu2.1.32704-001;Scil_g6424	0.008011343121603115	1.1523164630714105e-23												
																																							Aque_Aqu2.1.29497-001;Scil_g208	1.0074028415303958e-07	5.2997093163648024e-06	Aque_Aqu2.1.32713-001;Scil_g9048	6.829534151068082e-08	1.3585986370891582e-70	Aque_Aqu2.1.41302-001;Scil_g480	0.0011644068621490939	5.1121996807139794e-33	Aque_Aqu2.1.06909-001;Scil_g5906	0.0002946709356424571	7.108634088928132e-11	Aque_Aqu2.1.37095-001;Scil_g6760	5.671733143313704e-28	2.7299521378760657e-60												
																																							Aque_Aqu2.1.18089-001;Scil_g9453	0.00016928787373202112	1.041992355450003e-42	Aque_Aqu2.1.38191-001;Scil_g9230	1.7868189428044097e-31	7.298882244062682e-29	Aque_Aqu2.1.21202-001;Scil_g313	0.0035235368053953705	5.355708071424482e-26	Aque_Aqu2.1.29077-001;Scil_g119	2.7997094526469687e-09	2.3398107247139737e-07	Aque_Aqu2.1.29497-001;Scil_g208	1.0074028415303958e-07	3.5564015500452e-32												
																																							Aque_Aqu2.1.41302-001;Scil_g480	0.0011644068621490939	6.3755549952831205e-49	Aque_Aqu2.1.41072-001;Scil_g9453	7.383127044984995e-12	1.3091304539461676e-37	Aque_Aqu2.1.43558-001;Scil_g9048	4.945923981072797e-06	5.556755528874442e-17	Aque_Aqu2.1.26965-001;Scil_g268	0.00011397865308794898	1.5348813382608006e-25	Aque_Aqu2.1.42085-001;Scil_g645	4.81079403779047e-11	2.2208664908855235e-11												
																																							Aque_Aqu2.1.40203-001;Scil_g9896	1.3261828680178986e-13	1.5601001982437897e-19	Aque_Aqu2.1.06909-001;Scil_g5906	0.0002946709356424571	1.9981454029630132e-26	Aque_Aqu2.1.31388-001;Scil_g6478	0.0029408515564412025	3.5660726191727276e-50	Aque_Aqu2.1.22809-001;Scil_g9784	0.00015058364433765995	8.118177542155282e-11	Aque_Aqu2.1.34141-001;Scil_g6573	2.8229433165476673e-05	7.312288946422982e-31												
																																							Aque_Aqu2.1.22809-001;Scil_g9784	0.00015058364433765995	3.528961533679044e-43	Aque_Aqu2.1.22809-001;Scil_g9784	0.00015058364433765995	1.6232458727815301e-37	Aque_Aqu2.1.37713-001;Scil_g9048	1.7206718670207037e-10	5.556755528874442e-17	Aque_Aqu2.1.37713-001;Scil_g9048	1.7206718670207037e-10	8.137139332974278e-18	Aque_Aqu2.1.35102-001;Scil_g13155	0.005195991895921594	8.22348900134841e-50												
																																							Aque_Aqu2.1.38191-001;Scil_g9230	1.7868189428044097e-31	1.6329289607559043e-16	Aque_Aqu2.1.18089-001;Scil_g9453	0.00016928787373202112	1.3091304539461676e-37	Aque_Aqu2.1.26118-001;Scil_g645	1.618365710105122e-19	2.1146790181258947e-09	Aque_Aqu2.1.38191-001;Scil_g9230	1.7868189428044097e-31	1.0946832096453287e-05	Aque_Aqu2.1.16671-001;Scil_g13745	2.5282597729449003e-17	1.5191582529175584e-21												
																																							Aque_Aqu2.1.38117-001;Scil_g9161	0.004950893580376143	8.017111466171177e-76	Aque_Aqu2.1.16671-001;Scil_g13745	2.5282597729449003e-17	1.7428135241117832e-17	Aque_Aqu2.1.38191-001;Scil_g9230	1.7868189428044097e-31	9.094945773207965e-13	Aque_Aqu2.1.41587-001;Scil_g2125	3.973733129543662e-20	4.788288697922128e-12	Aque_Aqu2.1.22535-001;Scil_g512	1.7528568593068535e-30	5.1767101240108096e-17												
																																							Aque_Aqu2.1.26118-001;Scil_g645	1.618365710105122e-19	7.347434667390241e-11	Aque_Aqu2.1.34374-001;Scil_g12129	5.908545080333092e-34	3.718386325670683e-46	Aque_Aqu2.1.34374-001;Scil_g12129	5.908545080333092e-34	1.5567431334086378e-06	Aque_Aqu2.1.42548-001;Scil_g5592	7.893410778815132e-14	0.0001379794513851054	Aque_Aqu2.1.34374-001;Scil_g12129	5.908545080333092e-34	1.3466457343984313e-08												
																																							Aque_Aqu2.1.16671-001;Scil_g13745	2.5282597729449003e-17	3.7450874611346483e-19	Aque_Aqu2.1.34141-001;Scil_g6573	2.8229433165476673e-05	1.445410382086121e-35	Aque_Aqu2.1.38117-001;Scil_g9161	0.004950893580376143	1.194215787122702e-43	Aque_Aqu2.1.42085-001;Scil_g645	4.81079403779047e-11	0.0012616639110439767	Aque_Aqu2.1.42548-001;Scil_g5592	7.893410778815132e-14	4.347639972131248e-15												
																																							Aque_Aqu2.1.44059-001;Scil_g9230	9.002231695958927e-05	1.6329289607559043e-16	Aque_Aqu2.1.27307-001;Scil_g512	5.19055534445645e-22	1.0083430968893254e-54	Aque_Aqu2.1.22809-001;Scil_g9784	0.00015058364433765995	1.643207425746711e-18	Aque_Aqu2.1.37527-001;Scil_g2206	4.0696916484305186e-05	4.2038282623182897e-32	Aque_Aqu2.1.27307-001;Scil_g512	5.19055534445645e-22	5.1767101240108096e-17												
																																							Aque_Aqu2.1.32704-001;Scil_g6424	0.008011343121603115	4.49849151870249e-33	Aque_Aqu2.1.26118-001;Scil_g645	1.618365710105122e-19	2.822155782214022e-29	Aque_Aqu2.1.32704-001;Scil_g6424	0.008011343121603115	8.925107847234346e-23	Aque_Aqu2.1.36774-001;Scil_g8909	0.0001738846201894611	1.5274374588126885e-14	Aque_Aqu2.1.31388-001;Scil_g6478	0.0029408515564412025	4.3297761255432755e-23												
																																							Aque_Aqu2.1.34374-001;Scil_g12129	5.908545080333092e-34	4.4684632677048716e-13	Aque_Aqu2.1.42085-001;Scil_g645	4.81079403779047e-11	2.822155782214022e-29	Aque_Aqu2.1.42548-001;Scil_g5592	7.893410778815132e-14	4.6293803060851095e-07	Aque_Aqu2.1.44059-001;Scil_g9230	9.002231695958927e-05	1.0946832096453287e-05	Aque_Aqu2.1.26118-001;Scil_g645	1.618365710105122e-19	2.2208664908855235e-11												
																																							Aque_Aqu2.1.42085-001;Scil_g645	4.81079403779047e-11	7.347434667390241e-11	Aque_Aqu2.1.32704-001;Scil_g6424	0.008011343121603115	3.81603310638397e-57	Aque_Aqu2.1.42085-001;Scil_g645	4.81079403779047e-11	2.1146790181258947e-09	Aque_Aqu2.1.26118-001;Scil_g645	1.618365710105122e-19	0.0012616639110439767	Aque_Aqu2.1.44059-001;Scil_g9230	9.002231695958927e-05	3.7691661274080483e-17												
																																							Aque_Aqu2.1.44247-001;Scil_g9331	1.1908839722823733e-13	1.0145898625582127e-10	Aque_Aqu2.1.44059-001;Scil_g9230	9.002231695958927e-05	7.298882244062682e-29	Aque_Aqu2.1.44059-001;Scil_g9230	9.002231695958927e-05	9.094945773207965e-13	Aque_Aqu2.1.38470-001;Scil_g819	0.001552329763238226	0.0015993931002808738	Aque_Aqu2.1.22809-001;Scil_g9784	0.00015058364433765995	5.333759159696177e-20												
																																							Aque_Aqu2.1.40411-001;Scil_g9331	3.603945468115636e-08	1.0145898625582127e-10	Aque_Aqu2.1.38470-001;Scil_g819	0.001552329763238226	2.0618419711624152e-21	Aque_Aqu2.1.38470-001;Scil_g819	0.001552329763238226	4.91249347424885e-06				Aque_Aqu2.1.33502-001;Scil_g566	7.866903382448301e-05	5.706838430429105e-06												
																																							Aque_Aqu2.1.42548-001;Scil_g5592	7.893410778815132e-14	1.0250977473380449e-08	Aque_Aqu2.1.44247-001;Scil_g9331	1.1908839722823733e-13	2.63149066999594e-24	Aque_Aqu2.1.40411-001;Scil_g9331	3.603945468115636e-08	6.290009063093395e-06				Aque_Aqu2.1.43558-001;Scil_g2679	4.945923981072797e-06	2.1785651503505698e-08												
																																							Aque_Aqu2.1.33502-001;Scil_g566	7.866903382448301e-05	1.7602558178785204e-06	Aque_Aqu2.1.38117-001;Scil_g9161	0.004950893580376143	3.1027914633822187e-41	Aque_Aqu2.1.44247-001;Scil_g9331	1.1908839722823733e-13	6.290009063093395e-06				Aque_Aqu2.1.38470-001;Scil_g819	0.001552329763238226	3.086279096604942e-05												
																																							Aque_Aqu2.1.38470-001;Scil_g819	0.001552329763238226	1.3613151803892765e-19	Aque_Aqu2.1.33502-001;Scil_g566	7.866903382448301e-05	4.358299492680848e-20	Aque_Aqu2.1.33502-001;Scil_g566	7.866903382448301e-05	0.005831262394675705				Aque_Aqu2.1.44247-001;Scil_g9331	1.1908839722823733e-13	3.265606929059393e-08												
																																							Aque_Aqu2.1.05699-001;Scil_g3214	5.898866409841059e-10	0.004777022328044054	Aque_Aqu2.1.40411-001;Scil_g9331	3.603945468115636e-08	2.63149066999594e-24							Aque_Aqu2.1.38435-001;Scil_g2679	6.908541486340834e-11	2.1785651503505698e-08												
																																							Aque_Aqu2.1.06256-001;Scil_g9747	0.003044914798127633	8.82395212985901e-18	Aque_Aqu2.1.05699-001;Scil_g3214	5.898866409841059e-10	0.0012887763658613511							Aque_Aqu2.1.40411-001;Scil_g9331	3.603945468115636e-08	3.265606929059393e-08												
																																										Aque_Aqu2.1.06256-001;Scil_g9747	0.003044914798127633	3.477003545084105e-05							Aque_Aqu2.1.38117-001;Scil_g9161	0.004950893580376143	0.0008615493957709248												
																																																			Aque_Aqu2.1.32713-001;Scil_g2679	6.829534151068082e-08	2.1785651503505698e-08												
																																																			Aque_Aqu2.1.37713-001;Scil_g2679	1.7206718670207037e-10	2.1785651503505698e-08												
																																																			Aque_Aqu2.1.25578-001;Scil_g2679	1.5860765555629586e-07	2.1785651503505698e-08												
																																																			Aque_Aqu2.1.06256-001;Scil_g9747	0.003044914798127633	0.00355394656547708												
