Slac_14	Slac_14	Scil_15	Scil_15	Aque_Pinaco_1	Aque_Pinaco_1	Aque_Unk_1	Aque_Unk_1	Slac_4	Slac_4	Aque_Choanocytes_2	Aque_Choanocytes_2	Slac_25	Slac_25	Slac_10	Slac_10	Scil_28	Scil_28	Slac_17	Slac_17	Scil_25	Scil_25	Slac_0	Slac_0	Scil_32	Scil_32	Scil_24	Scil_24	Aque_Archaeo_1	Aque_Archaeo_1	Scil_1	Scil_1	Scil_5	Scil_5	Scil_21	Scil_21	Slac_18	Slac_18	Slac_8	Slac_8	Slac_5	Slac_5	Scil_0	Scil_0	Slac_21	Slac_21	Slac_7	Slac_7	Aque_Choano_to_pinaco	Aque_Choano_to_pinaco	Slac_24	Slac_24	Slac_15	Slac_15	Scil_19	Scil_19	Scil_10	Scil_10	Slac_9	Slac_9	Slac_13	Slac_13	Scil_6	Scil_6	Scil_27	Scil_27	Slac_6	Slac_6	Slac_12	Slac_12	Scil_3	Scil_3	Slac_2	Slac_2	Aque_Archaeo_2	Aque_Archaeo_2	Scil_8	Scil_8	Slac_22	Slac_22	Scil_4	Scil_4	Scil_2	Scil_2	Aque_Pinaco_2	Aque_Pinaco_2	Slac_3	Slac_3	Scil_11	Scil_11	Slac_41	Slac_41	Scil_7	Scil_7	Slac_1	Slac_1	Aque_Choanocytes_1	Aque_Choanocytes_1	Scil_16	Scil_16	Scil_13	Scil_13	Scil_9	Scil_9	Scil_17	Scil_17	Slac_32	Slac_32	Slac_26	Slac_26	Slac_11	Slac_11	Aque_Sperm	Aque_Sperm	Slac_20	Slac_20	Slac_33	Slac_33	Slac_23	Slac_23	Slac_29	Slac_29	Slac_27	Slac_27	Aque_Aspcinzin	Aque_Aspcinzin	Slac_30	Slac_30	Scil_20	Scil_20	Slac_19	Slac_19	Scil_12	Scil_12	Slac_16	Slac_16	Slac_28	Slac_28	Scil_18	Scil_18	Aque_Bactericidal	Aque_Bactericidal	Slac_31	Slac_31	Scil_23	Scil_23	Scil_22	Scil_22	Slac_35	Slac_35	Scil_14	Scil_14	Scil_30	Scil_30	Scil_29	Scil_29	Slac_40	Slac_40	Aque_Collagen	Aque_Collagen	Slac_42	Slac_42	Scil_31	Scil_31	Slac_39	Slac_39	Scil_26	Scil_26	Slac_34	Slac_34	Slac_37	Slac_37	Slac_38	Slac_38	Slac_36	Slac_36	Aque_Unk_2	Aque_Unk_2
Cluster	Alignment score	Cluster	Alignment score	Cluster	Alignment score	Cluster	Alignment score	Cluster	Alignment score	Cluster	Alignment score	Cluster	Alignment score	Cluster	Alignment score	Cluster	Alignment score	Cluster	Alignment score	Cluster	Alignment score	Cluster	Alignment score	Cluster	Alignment score	Cluster	Alignment score	Cluster	Alignment score	Cluster	Alignment score	Cluster	Alignment score	Cluster	Alignment score	Cluster	Alignment score	Cluster	Alignment score	Cluster	Alignment score	Cluster	Alignment score	Cluster	Alignment score	Cluster	Alignment score	Cluster	Alignment score	Cluster	Alignment score	Cluster	Alignment score	Cluster	Alignment score	Cluster	Alignment score	Cluster	Alignment score	Cluster	Alignment score	Cluster	Alignment score	Cluster	Alignment score	Cluster	Alignment score	Cluster	Alignment score	Cluster	Alignment score	Cluster	Alignment score	Cluster	Alignment score	Cluster	Alignment score	Cluster	Alignment score	Cluster	Alignment score	Cluster	Alignment score	Cluster	Alignment score	Cluster	Alignment score	Cluster	Alignment score	Cluster	Alignment score	Cluster	Alignment score	Cluster	Alignment score	Cluster	Alignment score	Cluster	Alignment score	Cluster	Alignment score	Cluster	Alignment score	Cluster	Alignment score	Cluster	Alignment score	Cluster	Alignment score	Cluster	Alignment score	Cluster	Alignment score	Cluster	Alignment score	Cluster	Alignment score	Cluster	Alignment score	Cluster	Alignment score	Cluster	Alignment score	Cluster	Alignment score	Cluster	Alignment score	Cluster	Alignment score	Cluster	Alignment score	Cluster	Alignment score	Cluster	Alignment score	Cluster	Alignment score	Cluster	Alignment score	Cluster	Alignment score	Cluster	Alignment score	Cluster	Alignment score	Cluster	Alignment score	Cluster	Alignment score	Cluster	Alignment score	Cluster	Alignment score	Cluster	Alignment score	Cluster	Alignment score	Cluster	Alignment score	Cluster	Alignment score	Cluster	Alignment score	Cluster	Alignment score	Cluster	Alignment score	Cluster	Alignment score	Cluster	Alignment score	Cluster	Alignment score	Cluster	Alignment score	Cluster	Alignment score
Scil_15	0.9985241699237605	Slac_14	0.9985241699237605	Slac_14	0.8742806473940317	Slac_4	0.8147352825444601	Aque_Unk_1	0.8147352825444601	Slac_25	0.8092489113701168	Aque_Choanocytes_2	0.8092489113701168	Scil_28	0.7954870241397651	Slac_10	0.7954870241397651	Scil_25	0.7910838481696916	Slac_17	0.7910838481696916	Scil_32	0.7776327621598569	Slac_0	0.7776327621598569	Aque_Archaeo_1	0.7383055517504418	Scil_24	0.7383055517504418	Aque_Choanocytes_2	0.7348549384784454	Aque_Archaeo_1	0.7290414486906912	Slac_10	0.7211899757011487	Scil_28	0.7205754337366038	Scil_21	0.7145578512140386	Aque_Archaeo_1	0.7074686811066003	Aque_Archaeo_1	0.6965258936688961	Aque_Archaeo_1	0.6785513020073646	Aque_Unk_1	0.676648234697895	Slac_24	0.6761459179046713	Aque_Choano_to_pinaco	0.6761459179046713	Aque_Choanocytes_2	0.6530075274216477	Aque_Archaeo_1	0.6435968496423036	Aque_Archaeo_1	0.642223104445212	Aque_Choanocytes_2	0.6400525692261048	Scil_21	0.6331209137388744	Slac_15	0.6322353203121256	Aque_Archaeo_1	0.6291381021869898	Aque_Archaeo_1	0.622403576377671	Aque_Unk_1	0.6182966930909334	Aque_Archaeo_1	0.6153658435603278	Aque_Archaeo_1	0.6143901393055843	Slac_0	0.6099971813899145	Aque_Archaeo_1	0.6004233799505467	Scil_21	0.5966620086529205	Aque_Archaeo_1	0.5813096594203817	Aque_Archaeo_1	0.5812649639788487	Scil_15	0.5737147712195853	Aque_Archaeo_1	0.5592732898353152	Aque_Choanocytes_2	0.5470316802601669	Scil_2	0.5458129651054963	Slac_41	0.5415795686026464	Aque_Archaeo_1	0.5409788291447748	Slac_25	0.5291626473410173	Aque_Choanocytes_2	0.4998189310584655	Aque_Choanocytes_2	0.483234487824971	Aque_Archaeo_1	0.4634716166397279	Slac_6	0.45166366602747826	Aque_Choano_to_pinaco	0.43569240457797526	Aque_Archaeo_1	0.43494082384506455	Aque_Archaeo_1	0.4198801851677693	Slac_7	0.41920666650337807	Scil_21	0.4177667371583872	Aque_Archaeo_1	0.4098422466129403	Aque_Archaeo_1	0.4089267529404528	Aque_Archaeo_1	0.4074537159407388	Aque_Archaeo_2	0.40454124840464917	Slac_8	0.39740220738547366	Scil_0	0.39421255001496214	Aque_Choanocytes_2	0.39229415010409935	Aque_Archaeo_2	0.38784107801460177	Aque_Choanocytes_2	0.3781953319870259	Aque_Pinaco_1	0.36569035927535354	Aque_Archaeo_1	0.3651261719240452	Aque_Choanocytes_2	0.32911453608233565	Slac_31	0.32268658846471837	Aque_Bactericidal	0.32268658846471837	Aque_Choanocytes_2	0.3190660160498379	Slac_4	0.30200077658782376	Scil_3	0.2955008599182739	Aque_Choanocytes_2	0.2949432203901673	Slac_24	0.2837559723379337	Aque_Choanocytes_2	0.2653113867671348	Scil_3	0.2481991170239982	Slac_1	0.2262553448458695	Aque_Archaeo_1	0.22409715169244313	Aque_Archaeo_1	0.1860817681662916	Aque_Archaeo_1	0.17798954725080518	Slac_8	0.1753292905453294	Aque_Archaeo_2	0.1407046004938321	Aque_Choanocytes_2	0.12161077997232084	Aque_Archaeo_2	0.08865354644930803	Scil_3	0.07223708047449603	Slac_8	0.032585487197561644
Aque_Pinaco_1	0.8742806473940317	Aque_Pinaco_1	0.8465954922551692	Scil_15	0.8465954922551692	Slac_7	0.676648234697895	Aque_Choanocytes_2	0.42088818329948186	Scil_1	0.7348549384784454	Aque_Choanocytes_1	0.5291626473410173	Scil_21	0.7211899757011487	Slac_18	0.7205754337366038	Scil_21	0.42947878082715085	Slac_10	0.3051077489764813	Aque_Archaeo_1	0.737378414822494	Aque_Archaeo_1	0.7349350995913189	Slac_0	0.6164257477743255	Slac_0	0.737378414822494	Aque_Choanocytes_1	0.5228997498435709	Slac_0	0.48659415232778513	Slac_8	0.7145578512140386	Scil_21	0.5336970275038003	Aque_Pinaco_1	0.5848133360549626	Aque_Archaeo_2	0.49297439746212185	Slac_0	0.4963988271146735	Scil_19	0.3969526844714515	Aque_Sperm	0.41920666650337807	Slac_15	0.617114055130957	Aque_Choanocytes_2	0.6545167655465768	Scil_6	0.6322353203121256	Slac_0	0.5931114542054318	Slac_0	0.3993182773188224	Aque_Choano_to_pinaco	0.5796846225101948	Aque_Pinaco_1	0.3943345270209771	Slac_9	0.5429452363687702	Slac_0	0.40662888834664557	Aque_Archaeo_2	0.5360340166484734	Aque_Sperm	0.37270150952106323	Aque_Choanocytes_2	0.4701013536406363	Scil_32	0.5550575641750275	Slac_6	0.5360340166484734	Slac_0	0.39746336455646025	Aque_Pinaco_1	0.5144504385127338	Slac_0	0.4264908485807166	Slac_41	0.5458129651054963	Slac_13	0.3917377465463235	Aque_Archaeo_2	0.4298317089840764	Slac_4	0.21608575241233935	Scil_7	0.5415795686026464	Aque_Choanocytes_2	0.5168333435700102	Scil_32	0.5005155472039264	Scil_1	0.5228997498435709	Slac_9	0.14119207220148502	Slac_15	0.30382589417325157	Aque_Choanocytes_2	0.4033190668666782	Slac_5	0.34348958602067214	Aque_Choanocytes_2	0.3623654711235529	Scil_32	0.22746988278251296	Scil_32	0.350317055021761	Slac_4	0.4086326994499717	Scil_28	0.3168287155548969	Aque_Archaeo_2	0.32525062553041917	Aque_Archaeo_2	0.23483824476924622	Aque_Archaeo_2	0.3088223175649237	Aque_Archaeo_1	0.319767162204064	Slac_16	0.3524260525271958	Aque_Choanocytes_2	0.3235041866126543	Aque_Archaeo_1	0.22126954271627602	Scil_5	0.3312660600512065	Aque_Archaeo_1	0.2858198918063743	Aque_Aspcinzin	0.3524260525271958	Aque_Archaeo_2	0.32883632677494823	Aque_Archaeo_1	0.14909885671728812	Scil_21	0.04512345315932049	Scil_21	0.21737962179757625	Aque_Aspcinzin	0.11636712117191436	Aque_Sperm	0.2647607067621415	Aque_Pinaco_2	0.23553501917263925	Aque_Archaeo_1	0.27205885182417483	Slac_9	0.28318884384239296	Slac_15	0.08918875129476146	Aque_Choanocytes_2	0.21569988931668913	Slac_6	0.20206227251662273	Aque_Archaeo_2	0.21813818093036152	Slac_0	0.09733948037534758	Aque_Archaeo_2	0.1562357634152278	Slac_25	0.1593929629572284	Aque_Archaeo_1	0.1176667642737651	Aque_Choano_to_pinaco	0.06056523458111209	Aque_Aspcinzin	0.07031288979028166	Aque_Archaeo_1	0.04443689395163144	Slac_10	0.025834149365260056
Aque_Pinaco_2	0.26898377252414996	Aque_Pinaco_2	0.5737147712195853	Slac_8	0.5848133360549626	Slac_12	0.6182966930909334	Aque_Sperm	0.4086326994499717	Slac_24	0.6545167655465768	Scil_0	0.32669816929892226	Aque_Pinaco_1	0.38954027295720206	Slac_20	0.3168287155548969	Aque_Pinaco_1	0.4256207372535969	Slac_13	0.23589217784204664	Scil_24	0.6164257477743255	Slac_2	0.5550575641750275	Aque_Pinaco_2	0.3265543390768442	Scil_32	0.7349350995913189	Slac_8	0.27998976362662187	Slac_7	0.34669055450807706	Slac_13	0.6331209137388744	Aque_Choanocytes_2	0.3822366378501671	Aque_Choanocytes_2	0.5125843912459387	Scil_32	0.4591627613457461	Aque_Choanocytes_2	0.4401499798303791	Aque_Archaeo_2	0.35332797868266963	Scil_5	0.34669055450807706	Slac_9	0.5796846225101948	Aque_Choanocytes_1	0.4600842980958495	Aque_Choano_to_pinaco	0.617114055130957	Slac_21	0.3969526844714515	Aque_Choanocytes_2	0.30002645226531	Scil_6	0.5429452363687702	Aque_Pinaco_2	0.3917377465463235	Aque_Choanocytes_2	0.4152537048854805	Slac_6	0.30229030203320073	Scil_32	0.4879235449508169	Aque_Archaeo_2	0.34915076434167464	Slac_0	0.41779999309186583	Aque_Archaeo_2	0.5083315290974088	Slac_2	0.5083315290974088	Aque_Choanocytes_2	0.2800581253847943	Aque_Choano_to_pinaco	0.23390684023146555	Aque_Choanocytes_2	0.3969179612716295	Aque_Choanocytes_2	0.5194643849908862	Slac_10	0.3373269390700267	Scil_32	0.4006213697347715	Slac_9	0.2131442410062236	Scil_9	0.3091905580912781	Slac_15	0.24910004800083554	Aque_Archaeo_2	0.4678183982350562	Slac_24	0.4600842980958495	Slac_15	0.12453996726779785	Slac_9	0.2151789615534257	Slac_0	0.31424832590286284	Slac_12	0.29373152262812974	Scil_6	0.3501787721810753	Aque_Archaeo_2	0.21652098524986707	Aque_Archaeo_2	0.3248445150366732	Slac_12	0.37270150952106323	Aque_Pinaco_1	0.2691161254176281	Scil_0	0.11288649189159398	Scil_3	0.20677799074246597	Scil_32	0.24158698115880478	Aque_Pinaco_1	0.19956955274760343	Slac_7	0.3446729727309107	Scil_6	0.2796418537953896	Slac_15	0.1753364132274696	Aque_Archaeo_1	0.32760994952960043	Slac_0	0.24340937624444114	Aque_Archaeo_2	0.32690564492372604	Scil_3	0.1719451604506846	Slac_4	0.149065441878058	Scil_19	0.03359010463689289	Aque_Aspcinzin	0.15763422556267317	Slac_8	0.08593334271021733	Slac_7	0.24377532109075797	Scil_1	0.19978188346911865	Slac_0	0.19201494850253514	Slac_15	0.2744738145910905	Slac_9	0.07070113800478936	Scil_7	0.17491846572804004	Slac_2	0.16626944376417185	Scil_0	0.08231913374425312	Aque_Archaeo_2	0.05567023347089399	Scil_10	0.05737249765452439	Slac_9	0.15402738240942637	Scil_0	0.10680326150716726	Aque_Archaeo_2	0.04930507788768129	Aque_Choanocytes_2	0.06386741652271988	Aque_Archaeo_2	0.036358134421714976	Scil_11	0.022430563327939114
Scil_30	0.18702778953025068	Aque_Choano_to_pinaco	0.44107795004339917	Slac_22	0.5144504385127338	Slac_19	0.29128137451602	Scil_0	0.34861902132699446	Slac_15	0.6530075274216477	Scil_21	0.1951214132808408	Aque_Choanocytes_2	0.3581373924822046	Aque_Choanocytes_2	0.19498566410936663	Aque_Choano_to_pinaco	0.37743964176039035	Slac_8	0.20264203267737396	Aque_Archaeo_2	0.6099971813899145	Slac_1	0.5005155472039264	Aque_Archaeo_2	0.321254986953285	Scil_5	0.7290414486906912	Slac_15	0.2650421835672471	Slac_2	0.3360075339621155	Slac_22	0.5966620086529205	Aque_Pinaco_1	0.28198074726658817	Aque_Choano_to_pinaco	0.42747639596646103	Scil_17	0.34348958602067214	Slac_30	0.39421255001496214	Scil_24	0.3146041259520753	Aque_Aspcinzin	0.3446729727309107	Scil_15	0.44107795004339917	Scil_30	0.2837559723379337	Scil_15	0.32412838044114023	Slac_2	0.24055341573392228	Aque_Aspcinzin	0.295421579788781	Aque_Pinaco_1	0.5085173552047688	Scil_15	0.3098544029304978	Slac_32	0.3501787721810753	Slac_2	0.300327815745176	Scil_17	0.45166366602747826	Aque_Aspcinzin	0.3400127125268996	Aque_Aspcinzin	0.32247240624453344	Scil_5	0.3360075339621155	Slac_5	0.49297439746212185	Slac_4	0.20944599983901208	Aque_Aspcinzin	0.18180372045571488	Aque_Aspcinzin	0.32191184903251696	Slac_0	0.4532729332046318	Scil_24	0.3265543390768442	Scil_27	0.2263939871526913	Aque_Archaeo_2	0.19297452366317033	Scil_14	0.18134055868366686	Slac_0	0.2337788880640605	Aque_Aspcinzin	0.3095411644802185	Slac_8	0.31897325770585183	Slac_4	0.10494830841572984	Aque_Archaeo_1	0.1915603973657296	Slac_41	0.3091905580912781	Slac_13	0.2556343371625426	Aque_Pinaco_1	0.33790166026283885	Scil_3	0.1721954390352632	Scil_3	0.27713345792551813	Scil_22	0.2647607067621415	Aque_Choanocytes_2	0.20490042738549574	Aque_Aspcinzin	0.11051043562675422	Scil_1	0.12724667667969847	Scil_27	0.13225650441069856	Scil_19	0.19035011431636256	Slac_12	0.3400127125268996	Scil_4	0.24373827720589292	Slac_0	0.15840721777255146	Aque_Unk_1	0.29128137451602	Slac_15	0.17323176051268468	Scil_21	0.18241095126207266	Aque_Aspcinzin	0.1305668303646219	Slac_25	0.1382583029719126	Slac_0	0.03358482128984196	Aque_Choanocytes_1	0.1575104141879565	Slac_15	0.07788936546950101	Slac_12	0.22330713871581365	Scil_7	0.1447589608455279	Slac_41	0.18134055868366686	Slac_8	0.257508546004485	Slac_4	0.050265960178990356	Scil_1	0.16439786330989514	Slac_5	0.06480215161056643	Scil_4	0.05667625371604916	Slac_2	0.034373497030848695	Scil_32	0.05661748627041864	Aque_Pinaco_1	0.142148986633961	Aque_Aspcinzin	0.0822551568622236	Scil_15	0.04782146230965341	Scil_5	0.06374956758267447	Scil_4	0.03444197250240817	Slac_1	0.02175117990938786
Aque_Choano_to_pinaco	0.06657298209090454	Slac_8	0.37415394740422003	Slac_9	0.5085173552047688	Slac_10	0.19973314947531803	Scil_22	0.30200077658782376	Slac_9	0.6400525692261048	Scil_1	0.16862149523181896	Aque_Pinaco_2	0.3373269390700267	Slac_13	0.1661407737803013	Aque_Choanocytes_2	0.3051286503073351	Aque_Choano_to_pinaco	0.13600447690862796	Scil_19	0.5931114542054318	Slac_6	0.4879235449508169	Slac_21	0.3146041259520753	Slac_5	0.7074686811066003	Slac_0	0.22841294657880243	Slac_12	0.3358221220140173	Slac_18	0.5336970275038003	Aque_Choanocytes_1	0.2335301477028287	Aque_Aspcinzin	0.39740220738547366	Scil_27	0.2890638788364135	Slac_4	0.34861902132699446	Scil_27	0.23797900753679363	Aque_Archaeo_2	0.3154925948376503	Slac_32	0.43569240457797526	Scil_6	0.25989255828233243	Scil_13	0.30382589417325157	Slac_5	0.2171095335608025	Aque_Archaeo_2	0.17280907795857953	Scil_21	0.5041873276268037	Scil_17	0.2556343371625426	Aque_Archaeo_1	0.3151263538690837	Slac_1	0.2994099890556725	Scil_5	0.33341072538642214	Scil_5	0.3358221220140173	Slac_35	0.2955008599182739	Scil_27	0.300327815745176	Slac_1	0.4678183982350562	Aque_Archaeo_2	0.18225543638168318	Scil_6	0.1710622502536819	Slac_30	0.24373827720589292	Aque_Archaeo_2	0.30113644886021035	Slac_14	0.26898377252414996	Aque_Aspcinzin	0.21298327362253605	Slac_15	0.17654734709547598	Scil_13	0.1558083913773855	Slac_9	0.2258356488922022	Scil_5	0.30305987219025093	Slac_10	0.28538850216031797	Slac_8	0.10229612254087572	Slac_41	0.1558083913773855	Aque_Archaeo_2	0.27167617463476235	Aque_Aspcinzin	0.21873122567789482	Scil_21	0.30095030325526384	Scil_27	0.1410658174980061	Scil_27	0.18926697555416172	Slac_19	0.17814130503710734	Aque_Choanocytes_1	0.1700900117885846	Scil_32	0.10860396148922495	Scil_5	0.0823790258755581	Aque_Aspcinzin	0.12704976615024027	Scil_24	0.18169867071019047	Scil_0	0.3362551334292377	Scil_2	0.228435420239246	Slac_9	0.11651772921703299	Aque_Aspcinzin	0.21528932332987177	Aque_Aspcinzin	0.16730768632314025	Scil_3	0.17459446373557588	Scil_10	0.10701151324429756	Aque_Aspcinzin	0.1313246708064236	Slac_37	0.028638331405546107	Aque_Choanocytes_2	0.1424723903681821	Slac_4	0.07456603756106726	Aque_Choanocytes_2	0.14845346754003208	Aque_Unk_1	0.12076241775330232	Slac_9	0.1794842187875166	Slac_17	0.24600197774265795	Aque_Archaeo_2	0.037442724207261316	Scil_6	0.1557435994524653	Slac_16	0.05745300910848346	Scil_3	0.04751453247001334	Aque_Choanocytes_2	0.027906983585587047	Scil_4	0.052359467465179756	Slac_16	0.11971764097353758	Scil_4	0.07541450830886574	Scil_21	0.046469779143466276	Aque_Archaeo_1	0.05182851850203017	Scil_15	0.03324785739853866	Slac_16	0.020528106066772432
Scil_0	0.040046601588995735	Slac_9	0.3684556969211725	Scil_21	0.505541819340982	Scil_5	0.16104819167989964	Scil_5	0.29798951728814105	Scil_11	0.5470316802601669	Scil_5	0.16709248334762328	Scil_15	0.3255166981150804	Aque_Choanocytes_1	0.1102418700041572	Scil_30	0.24600197774265795	Slac_18	0.12768469637806837	Scil_0	0.4963988271146735	Slac_5	0.4591627613457461	Slac_27	0.18169867071019047	Scil_0	0.6965258936688961	Slac_35	0.19978188346911865	Slac_6	0.33341072538642214	Aque_Pinaco_1	0.505541819340982	Aque_Pinaco_2	0.13737640807184165	Scil_15	0.37415394740422003	Scil_19	0.2171095335608025	Aque_Aspcinzin	0.3362551334292377	Aque_Pinaco_2	0.22191236465198477	Scil_0	0.252242515579322	Slac_8	0.42747639596646103	Scil_15	0.24402312632551282	Scil_3	0.2773423094409574	Aque_Archaeo_2	0.19679241032221623	Slac_4	0.15261008021403846	Scil_15	0.3684556969211725	Scil_25	0.23589217784204664	Slac_30	0.2796418537953896	Slac_5	0.2890638788364135	Scil_27	0.30229030203320073	Scil_0	0.29476869246926446	Slac_1	0.2890354900511519	Scil_19	0.24055341573392228	Slac_3	0.4298317089840764	Aque_Aspcinzin	0.17229816717451604	Aque_Archaeo_2	0.1350476188310739	Slac_15	0.22818424124209283	Slac_15	0.26614795809559	Slac_35	0.23553501917263925	Scil_19	0.18850157769272796	Slac_7	0.14486036448133827	Aque_Aspcinzin	0.12902593914962737	Aque_Archaeo_1	0.21258339409918076	Scil_27	0.2994099890556725	Slac_9	0.2837478808020498	Slac_17	0.06497918928032469	Aque_Aspcinzin	0.13988983548001363	Aque_Aspcinzin	0.19723254765784634	Slac_0	0.20652510071175967	Scil_15	0.12441655382784902	Scil_1	0.08725715682623629	Aque_Aspcinzin	0.16420538737719903	Scil_5	0.11449412567855821	Aque_Pinaco_2	0.16699065647577277	Scil_10	0.10382286691456688	Scil_4	0.08041928281333535	Scil_0	0.11303432143703199	Aque_Pinaco_2	0.13048505711807165	Scil_3	0.32247240624453344	Aque_Choanocytes_1	0.1442378019920275	Slac_4	0.09681361235659335	Scil_0	0.18589000487015755	Slac_4	0.1537992489135555	Scil_6	0.16836363690768075	Scil_0	0.1068288006884434	Slac_0	0.1144664890476245	Scil_25	0.025370580334654075	Scil_1	0.10860927349280128	Slac_9	0.07372047598736158	Slac_25	0.12964771235451408	Aque_Pinaco_1	0.08626584854927723	Aque_Choanocytes_1	0.1539456571801348	Slac_14	0.18702778953025068	Slac_25	0.03614843835761013	Scil_13	0.11636330389877284	Slac_3	0.054194429980432925	Scil_10	0.04168619980328504	Slac_1	0.026115356026605273	Scil_0	0.05017495438106084	Slac_13	0.11775991465328176	Scil_3	0.06253880394849064	Scil_0	0.04521057776355694	Scil_0	0.051291568744700686	Scil_10	0.02792586200794513	Slac_7	0.018121075356456615
Aque_Choanocytes_1	0.03066746224740441	Slac_10	0.3255166981150804	Slac_17	0.4256207372535969	Slac_35	0.12076241775330232	Aque_Aspcinzin	0.26472850507089796	Scil_2	0.5194643849908862	Scil_26	0.1593929629572284	Scil_25	0.3051077489764813	Slac_41	0.08969722745831651	Scil_15	0.18287867890056445	Aque_Choanocytes_2	0.12460656242159754	Scil_5	0.48659415232778513	Slac_3	0.4006213697347715	Slac_2	0.16343449635206247	Slac_21	0.6785513020073646	Slac_9	0.17010470733671768	Slac_19	0.3312660600512065	Slac_9	0.5041873276268037	Scil_25	0.12768469637806837	Aque_Choanocytes_1	0.31897325770585183	Scil_3	0.2107200305725579	Aque_Archaeo_2	0.33139523825833134	Scil_32	0.21161024755414742	Scil_22	0.24377532109075797	Slac_17	0.37743964176039035	Scil_1	0.09940339465065466	Scil_30	0.2744738145910905	Slac_27	0.19035011431636256	Slac_1	0.1501027924648417	Aque_Choanocytes_1	0.2837478808020498	Aque_Archaeo_2	0.22742783385226475	Slac_24	0.25989255828233243	Slac_21	0.23797900753679363	Scil_0	0.24303540603586365	Scil_17	0.29373152262812974	Slac_15	0.2773423094409574	Aque_Aspcinzin	0.2399305381593888	Slac_27	0.40454124840464917	Slac_7	0.13839364237449553	Scil_3	0.13000822283503524	Aque_Archaeo_2	0.2111235627092698	Aque_Aspcinzin	0.2286074156115748	Slac_21	0.22191236465198477	Scil_4	0.15141341987523974	Slac_12	0.12030330425864663	Scil_28	0.08969722745831651	Aque_Archaeo_2	0.2011708482167768	Scil_3	0.2890354900511519	Slac_18	0.2335301477028287	Slac_35	0.05926672586664641	Slac_0	0.13959234341124616	Slac_4	0.14912713442047787	Slac_8	0.2006623939301925	Scil_30	0.11178898184307931	Scil_10	0.0797820735298011	Scil_1	0.15963754934650146	Slac_10	0.07104983636345116	Aque_Archaeo_2	0.16696042392977217	Scil_4	0.08756930261044085	Scil_10	0.07717209462869318	Scil_10	0.10492591749879691	Scil_17	0.13000440675834457	Scil_4	0.32191184903251696	Scil_10	0.12591083761950492	Aque_Archaeo_2	0.08480071848214034	Aque_Sperm	0.17814130503710734	Slac_9	0.14512433382321052	Aque_Archaeo_1	0.16364545817331544	Scil_1	0.09824607037423008	Aque_Archaeo_2	0.10021259510918071	Scil_0	0.021388096232364234	Scil_0	0.0968259065111948	Aque_Archaeo_2	0.06109228050090272	Slac_19	0.11981392711101871	Scil_12	0.07533760310071255	Aque_Archaeo_2	0.13266729904247213	Aque_Pinaco_1	0.17255807123262928	Slac_30	0.03317396810745187	Aque_Choano_to_pinaco	0.10596674917476656	Scil_9	0.04905421607257736	Scil_17	0.02813498009865406	Aque_Aspcinzin	0.025195364486515277	Scil_3	0.04964973444882475	Aque_Choanocytes_2	0.11235845850699563	Scil_10	0.04623966925636614	Aque_Archaeo_1	0.04373668841141125	Aque_Choanocytes_1	0.042647950390766354	Scil_1	0.025358445398859297	Slac_2	0.0179298853841987
Scil_3	0.02958576433029974	Slac_15	0.32412838044114023	Slac_13	0.3943345270209771	Slac_8	0.09918969579081655	Scil_11	0.21608575241233935	Scil_7	0.5168333435700102	Scil_15	0.15774127995150683	Aque_Choanocytes_1	0.28538850216031797	Slac_15	0.040044095962704626	Aque_Pinaco_2	0.16595240438451525	Slac_20	0.0745108099929335	Scil_2	0.4532729332046318	Slac_11	0.350317055021761	Slac_6	0.15974265708974156	Scil_19	0.6435968496423036	Slac_25	0.16862149523181896	Slac_1	0.30305987219025093	Slac_17	0.42947878082715085	Scil_15	0.11683376316700181	Scil_1	0.27998976362662187	Scil_0	0.16046595673874262	Slac_25	0.32669816929892226	Scil_5	0.11076913744796427	Aque_Pinaco_1	0.1694985797083422	Slac_22	0.23390684023146555	Scil_21	0.06428901446272006	Scil_2	0.26614795809559	Slac_3	0.18850157769272796	Slac_3	0.14634833036713488	Scil_30	0.28318884384239296	Aque_Aspcinzin	0.2224840537635046	Slac_8	0.2595017625121677	Slac_3	0.2263939871526913	Aque_Aspcinzin	0.2217358181432762	Scil_22	0.22330713871581365	Slac_11	0.27713345792551813	Scil_0	0.20427612905071335	Slac_19	0.38784107801460177	Slac_12	0.11853346916855127	Aque_Choanocytes_2	0.12891152715528173	Slac_4	0.19485161391072858	Slac_30	0.228435420239246	Slac_0	0.17827909022391725	Aque_Pinaco_2	0.14918172059205553	Slac_8	0.11719394980538214	Aque_Choanocytes_2	0.08718442680017884	Slac_8	0.17751347551335278	Aque_Collagen	0.2262553448458695	Slac_15	0.21185159084992805	Slac_7	0.05795637792787657	Slac_40	0.11636330389877284	Slac_15	0.1375273954360888	Slac_2	0.13570111572153026	Scil_11	0.1053167912605684	Scil_4	0.07922822831317292	Scil_5	0.13429820792444486	Scil_6	0.05572126954571871	Aque_Aspcinzin	0.164476461712506	Scil_3	0.08584156023123433	Scil_24	0.07501352267459563	Scil_3	0.10416997635099597	Scil_3	0.1099385338220011	Slac_1	0.3095411644802185	Scil_3	0.10920379766137234	Aque_Choanocytes_1	0.07870153668592188	Scil_22	0.11981392711101871	Aque_Archaeo_2	0.1368420163789131	Scil_0	0.1543174035877622	Scil_4	0.09253244257232127	Aque_Choanocytes_1	0.08643336114918543	Scil_27	0.01771615898756222	Scil_3	0.08384236631105126	Aque_Choanocytes_1	0.0490098278964319	Aque_Archaeo_2	0.05181310812467431	Scil_11	0.07508427738120962	Slac_8	0.05666152185043586	Aque_Choano_to_pinaco	0.1214189498975176	Slac_8	0.03266520839087049	Scil_2	0.09453210520561267	Scil_10	0.04871119077411624	Scil_5	0.026397196566295994	Slac_4	0.019405562412100796	Aque_Aspcinzin	0.03887179184808562	Slac_15	0.10691374609962415	Scil_32	0.045061911974918246	Aque_Pinaco_1	0.04062087097022828	Scil_3	0.04090529650091588	Scil_0	0.023364653382701082	Scil_3	0.017702995937103613
Scil_10	0.028352992154509832	Slac_13	0.3098544029304978	Slac_10	0.38954027295720206	Slac_16	0.07419927558575476	Scil_8	0.20944599983901208	Slac_8	0.5125843912459387	Scil_2	0.143055715548589	Aque_Unk_1	0.19973314947531803	Slac_9	0.03876655269782994	Scil_7	0.13704754874010427	Aque_Choanocytes_1	0.07211362062189289	Scil_4	0.4264908485807166	Slac_29	0.24158698115880478	Slac_5	0.1087924591217326	Scil_10	0.642223104445212	Slac_40	0.16439786330989514	Aque_Archaeo_2	0.3016961697014329	Slac_20	0.4177667371583872	Scil_1	0.0774084700513296	Scil_6	0.2595017625121677	Aque_Pinaco_2	0.15131391148204143	Slac_12	0.29476869246926446	Scil_17	0.10948795017542567	Scil_11	0.14486036448133827	Scil_25	0.13600447690862796	Scil_26	0.05329929235795479	Scil_1	0.2650421835672471	Slac_6	0.17423616259162805	Slac_2	0.14331082882550097	Scil_3	0.23820605747267304	Scil_28	0.1661407737803013	Slac_0	0.23712302030048477	Slac_11	0.18926697555416172	Aque_Collagen	0.20206227251662273	Aque_Archaeo_1	0.13764821666482713	Slac_40	0.2481991170239982	Aque_Collagen	0.16626944376417185	Slac_21	0.35332797868266963	Slac_25	0.11224575112314417	Scil_1	0.1068005867109181	Slac_8	0.18246753031088736	Slac_9	0.20408781231003353	Slac_20	0.16699065647577277	Scil_10	0.14634833036713488	Aque_Aspcinzin	0.1075070599683442	Aque_Choanocytes_1	0.07629185035779548	Slac_40	0.17491846572804004	Scil_0	0.2135398699798125	Slac_4	0.20922038124545966	Slac_32	0.039707669706878924	Aque_Choanocytes_1	0.1160904695059614	Slac_9	0.11608700505851592	Slac_27	0.13000440675834457	Scil_5	0.07449721592867022	Scil_17	0.07696487349959447	Scil_4	0.11015202169891491	Scil_1	0.04446538525773695	Scil_0	0.11049186755906881	Scil_27	0.0747447345514132	Scil_0	0.0699932821936182	Scil_4	0.08917556209297621	Scil_5	0.10770329264305387	Scil_10	0.295421579788781	Scil_18	0.07906933065698152	Aque_Aspcinzin	0.07824018987268119	Scil_19	0.11877449616615199	Aque_Choanocytes_1	0.10830424196076087	Scil_5	0.15002017130620202	Scil_32	0.08201809367495595	Slac_30	0.07906933065698152	Scil_32	0.016203226628792946	Aque_Pinaco_1	0.06258346575472014	Aque_Archaeo_1	0.04622616109264952	Aque_Aspcinzin	0.04576607445895034	Scil_13	0.07415601086588078	Slac_15	0.05258316445551374	Slac_32	0.11178898184307931	Slac_7	0.028307921111533112	Scil_4	0.08414606115282208	Slac_11	0.04734887940132254	Scil_1	0.025031448040268488	Slac_6	0.01888118979039071	Scil_27	0.03742919220179916	Slac_27	0.09784450362729633	Scil_2	0.04012808517140824	Scil_30	0.03888719861687931	Scil_10	0.037071276718723095	Aque_Choanocytes_1	0.018582786860210594	Scil_0	0.017506106762518184
Scil_4	0.01874077954232014	Slac_24	0.24402312632551282	Slac_16	0.36569035927535354	Slac_6	0.056687699578625	Aque_Choanocytes_1	0.20922038124545966	Scil_16	0.4998189310584655	Scil_18	0.1382583029719126	Aque_Aspcinzin	0.18342103908444032	Slac_17	0.036031666308771124	Scil_2	0.11945361979897917	Aque_Pinaco_1	0.06377195410865735	Scil_3	0.41779999309186583	Slac_26	0.22746988278251296	Slac_19	0.10857534860584597	Scil_27	0.6291381021869898	Aque_Aspcinzin	0.16328790027696088	Slac_4	0.29798951728814105	Slac_32	0.30095030325526384	Scil_0	0.05300345743137005	Scil_30	0.257508546004485	Scil_10	0.1309911057700693	Slac_7	0.252242515579322	Scil_0	0.09057017532055553	Aque_Choanocytes_2	0.14297315616720763	Scil_30	0.1214189498975176	Scil_13	0.051713403137719015	Scil_7	0.24910004800083554	Slac_19	0.11877449616615199	Slac_6	0.13478891292054962	Aque_Aspcinzin	0.23514035370184075	Scil_3	0.1402784833912657	Slac_22	0.1710622502536819	Aque_Archaeo_2	0.14496357409003793	Scil_3	0.1853525674868897	Scil_11	0.12030330425864663	Aque_Archaeo_2	0.24486876219012768	Scil_24	0.16343449635206247	Slac_12	0.34915076434167464	Slac_15	0.10389722973150735	Scil_26	0.08861606449848908	Slac_1	0.1604142859940178	Slac_4	0.17974875615907332	Slac_17	0.16595240438451525	Scil_0	0.14500085117258257	Slac_32	0.1053167912605684	Scil_4	0.05833863662429336	Aque_Choanocytes_1	0.16352059337801936	Scil_4	0.1604142859940178	Scil_0	0.18909331677786909	Slac_40	0.03720321517098336	Slac_17	0.10794294909396837	Slac_25	0.1099068292880329	Aque_Archaeo_2	0.1262178847597908	Scil_26	0.06869181515224625	Scil_0	0.07030319230635507	Scil_0	0.09432456711270244	Scil_12	0.042525303605661154	Scil_15	0.10216911207717957	Scil_5	0.06937472576616643	Scil_19	0.06390154432142317	Scil_5	0.07889352410628284	Scil_26	0.09784450362729633	Slac_4	0.26472850507089796	Scil_8	0.07171365461981541	Slac_40	0.06471246318406129	Scil_24	0.10857534860584597	Slac_8	0.10025676747513648	Scil_26	0.11971764097353758	Aque_Pinaco_2	0.07286370519891805	Slac_8	0.07307349379070999	Slac_17	0.014120305534113486	Aque_Unk_1	0.056372683610340014	Slac_1	0.03959120660895535	Aque_Archaeo_1	0.04404193398167582	Aque_Choanocytes_2	0.07297557915997521	Slac_17	0.04801609884082436	Slac_10	0.10435911950381109	Slac_18	0.027238452410857678	Scil_12	0.07679051446483122	Slac_13	0.0444167800445977	Scil_2	0.020784366586537636	Slac_9	0.016864865489107483	Scil_5	0.014951027348703374	Slac_22	0.08861606449848908	Scil_5	0.028831723088197665	Aque_Aspcinzin	0.038466404452560526	Scil_4	0.03660494650514632	Aque_Choano_to_pinaco	0.018130690252942137	Scil_4	0.017334054437578898
Scil_26	0.015912092263801712	Slac_17	0.18287867890056445	Slac_32	0.33790166026283885	Slac_31	0.056372683610340014	Scil_3	0.19800719507144032	Scil_13	0.483234487824971	Scil_3	0.136450364237905	Scil_0	0.11656937940755474	Slac_8	0.021688098372358383	Scil_13	0.10794294909396837	Slac_9	0.03160935625054182	Scil_27	0.40662888834664557	Aque_Archaeo_2	0.2168735203536117	Slac_3	0.10768369492868682	Slac_6	0.622403576377671	Slac_11	0.15963754934650146	Aque_Choanocytes_2	0.1941487067773488	Slac_31	0.21737962179757625	Scil_2	0.05220881807653062	Scil_3	0.22506305087721712	Scil_4	0.11170842684153334	Slac_6	0.24303540603586365	Scil_3	0.07541852865339578	Scil_8	0.13839364237449553	Slac_40	0.10596674917476656	Scil_3	0.05026828526555603	Scil_4	0.22818424124209283	Aque_Pinaco_2	0.09796108168715868	Slac_5	0.1309911057700693	Scil_7	0.2258356488922022	Scil_26	0.11775991465328176	Slac_16	0.16836363690768075	Slac_26	0.1410658174980061	Scil_19	0.17423616259162805	Scil_8	0.11853346916855127	Slac_9	0.23820605747267304	Scil_3	0.16306200725624997	Scil_0	0.33139523825833134	Slac_9	0.10153590413653549	Scil_17	0.08327284081416206	Slac_9	0.16011030376384883	Aque_Choanocytes_1	0.17834295209991788	Slac_5	0.15131391148204143	Scil_3	0.1389184590402384	Slac_10	0.09796094410305395	Scil_12	0.03602824525168989	Slac_35	0.1447589608455279	Scil_10	0.1501027924648417	Scil_3	0.185189701544316	Aque_Aspcinzin	0.036916366379716944	Aque_Archaeo_2	0.10328565243104453	Slac_2	0.10980745856343155	Slac_10	0.11127408260572362	Scil_1	0.06454762315219507	Scil_5	0.05971385655989717	Scil_10	0.0932665975782842	Scil_3	0.04221659566774008	Scil_3	0.10060936578220273	Scil_17	0.03956460593429038	Scil_32	0.061537243921526485	Scil_9	0.03865344242731746	Scil_0	0.09234388304697469	Slac_2	0.2399305381593888	Scil_9	0.05781982197416278	Slac_25	0.05801047897551563	Scil_3	0.10072139878999571	Slac_40	0.07679051446483122	Scil_32	0.11549286588362151	Scil_5	0.06014832984238572	Slac_9	0.05694211654972627	Scil_26	0.012646967879897341	Scil_4	0.0460766201160008	Slac_0	0.03956689748975393	Slac_0	0.03978346842132205	Scil_4	0.06419040159355746	Slac_4	0.0466376558864053	Aque_Choanocytes_2	0.09803141909031376	Slac_10	0.02719474240358759	Scil_20	0.06471246318406129	Scil_5	0.041887375904864924	Scil_19	0.02027101610555572	Slac_27	0.015981256135771983	Scil_9	0.011700766603542287	Aque_Choanocytes_1	0.0868808565154413	Scil_17	0.025016994638860264	Aque_Unk_1	0.03132803138567946	Aque_Unk_1	0.022803249178262538	Aque_Choanocytes_2	0.01807272036014667	Scil_14	0.016526578275565078
Scil_6	0.015486932221002095	Slac_25	0.15774127995150683	Slac_18	0.28198074726658817	Slac_17	0.05414383491247939	Scil_4	0.19485161391072858	Scil_3	0.4701013536406363	Scil_6	0.13353286805422343	Scil_3	0.11354276148326874	Slac_27	0.017411928581243317	Scil_1	0.08174053867758768	Slac_31	0.026969469145330986	Scil_10	0.3993182773188224	Slac_21	0.21161024755414742	Slac_23	0.07501352267459563	Scil_3	0.6153658435603278	Slac_4	0.13944597691041694	Slac_25	0.16709248334762328	Slac_25	0.1951214132808408	Scil_30	0.042266023875276934	Scil_25	0.20264203267737396	Scil_24	0.1087924591217326	Slac_1	0.2135398699798125	Scil_4	0.06859384739012338	Aque_Archaeo_1	0.12801669764917623	Slac_10	0.09280972472842648	Scil_7	0.049697277687671196	Aque_Pinaco_1	0.2223162921726572	Slac_1	0.09374450573131579	Slac_30	0.12591083761950492	Scil_13	0.2151789615534257	Aque_Choanocytes_2	0.11740074341385517	Aque_Archaeo_2	0.16199396121259818	Aque_Pinaco_2	0.13645593146248913	Scil_24	0.15974265708974156	Scil_10	0.10200382030817368	Slac_8	0.22506305087721712	Scil_10	0.14331082882550097	Slac_28	0.32883632677494823	Slac_1	0.0938412673538473	Scil_15	0.07952221272054735	Slac_3	0.15141341987523974	Slac_25	0.143055715548589	Slac_3	0.14918172059205553	Scil_24	0.10768369492868682	Slac_25	0.08967997831691826	Scil_8	0.03217897588702035	Slac_17	0.13704754874010427	Scil_1	0.1296602687246325	Scil_2	0.17834295209991788	Aque_Choanocytes_1	0.03629600551423753	Slac_4	0.09516604890728304	Aque_Choanocytes_1	0.10441024954703496	Slac_21	0.10948795017542567	Aque_Aspcinzin	0.055760523086337666	Aque_Aspcinzin	0.035657524991027305	Scil_13	0.055696726974103494	Scil_8	0.03591171363658814	Aque_Archaeo_1	0.09897612776452519	Scil_9	0.03563155164063121	Aque_Aspcinzin	0.048753834976940635	Scil_2	0.03194443345284878	Scil_9	0.08143307234610964	Slac_9	0.23514035370184075	Scil_5	0.04359842346263099	Slac_8	0.05113940669706692	Scil_10	0.0956997061984364	Slac_35	0.07533760310071255	Aque_Choanocytes_1	0.10524634412173825	Scil_27	0.052091089472777706	Slac_15	0.04880592244574534	Scil_2	0.011562731383178822	Scil_26	0.045448213394451625	Slac_16	0.035660655397361275	Slac_16	0.038160260086379155	Scil_2	0.06013533380908639	Slac_2	0.04662779699653946	Slac_13	0.08605271288707482	Aque_Choanocytes_1	0.025434702719318185	Aque_Aspcinzin	0.05694931961971007	Scil_3	0.033843912890302294	Scil_6	0.017916577875124275	Slac_25	0.015946554158523772	Scil_2	0.008463617650547595	Slac_32	0.06869181515224625	Scil_18	0.02427207311339149	Aque_Bactericidal	0.028638331405546107	Scil_8	0.019823671785713207	Scil_28	0.01585758814362592	Slac_3	0.01643888202182829
Scil_21	0.013778172998835252	Slac_32	0.12441655382784902	Slac_20	0.2691161254176281	Scil_4	0.04926668583717809	Scil_2	0.17974875615907332	Scil_0	0.4401499798303791	Scil_4	0.12974777258420084	Scil_17	0.11127408260572362	Slac_32	0.017053766406799644	Aque_Aspcinzin	0.08071960596689877	Slac_22	0.02690683220167365	Scil_8	0.39746336455646025	Slac_16	0.11549286588362151	Slac_1	0.045438450032820474	Slac_2	0.6143901393055843	Slac_1	0.1296602687246325	Aque_Unk_1	0.16104819167989964	Slac_16	0.18241095126207266	Scil_3	0.04213492979458057	Scil_17	0.2006623939301925	Scil_5	0.09729199404474338	Slac_2	0.20427612905071335	Scil_10	0.06391581575842849	Scil_3	0.1262169871790627	Scil_21	0.07506255481657678	Scil_2	0.046081950531353146	Aque_Choanocytes_1	0.21185159084992805	Slac_23	0.06390154432142317	Slac_15	0.11879609199934975	Scil_11	0.2131442410062236	Aque_Choanocytes_1	0.11315550270906809	Slac_40	0.1557435994524653	Slac_29	0.13225650441069856	Scil_10	0.13478891292054962	Scil_4	0.0992422702231325	Slac_5	0.2107200305725579	Scil_4	0.14278554439111932	Slac_16	0.32690564492372604	Slac_2	0.09301084514336719	Scil_11	0.07520642216851989	Slac_2	0.14278554439111932	Slac_17	0.11945361979897917	Slac_18	0.13737640807184165	Scil_5	0.08366464720999052	Slac_0	0.08671132369972125	Scil_11	0.021642687401763127	Aque_Aspcinzin	0.1232309756623506	Aque_Pinaco_2	0.11134998729057163	Slac_20	0.1700900117885846	Slac_12	0.030705938158065316	Slac_8	0.08441582918484987	Slac_1	0.09576790889203635	Slac_19	0.09394957675284697	Scil_13	0.047111248797199516	Scil_13	0.03275423576757547	Scil_19	0.05090815605401681	Scil_11	0.03542824118772942	Scil_17	0.08812413171549659	Scil_2	0.02843091018210307	Scil_13	0.041873911382032926	Scil_12	0.02429055172876254	Scil_4	0.07839884570723274	Scil_2	0.2286074156115748	Scil_12	0.04252173687904874	Slac_17	0.04011832907063483	Scil_17	0.09394957675284697	Slac_7	0.06245866870899345	Scil_10	0.1014223220334245	Scil_11	0.036272561319388316	Slac_1	0.04147730838404482	Slac_9	0.010877223115201892	Scil_5	0.03838592537720055	Slac_30	0.03565713709440883	Slac_17	0.03701978351647896	Scil_16	0.05926672586664641	Slac_1	0.046433659882395416	Aque_Pinaco_2	0.0662042394278789	Slac_17	0.022448332955667415	Scil_21	0.05449221124511171	Slac_7	0.032654042256773944	Scil_8	0.011284750617672274	Slac_30	0.015257632186842743	Scil_6	0.00818382460905394	Slac_20	0.06591071275629053	Scil_27	0.023490702850489008	Scil_6	0.025755136731012186	Scil_6	0.016831075962128742	Aque_Pinaco_1	0.014394597488782935	Slac_4	0.01525482867972787
Scil_13	0.013026358577917101	Slac_18	0.11683376316700181	Slac_15	0.2223162921726572	Scil_0	0.04815736216979868	Scil_12	0.1537992489135555	Slac_4	0.42088818329948186	Scil_22	0.12964771235451408	Scil_30	0.10435911950381109	Slac_36	0.01585758814362592	Scil_3	0.08014557843887396	Aque_Bactericidal	0.025370580334654075	Scil_9	0.31424832590286284	Slac_33	0.10860396148922495	Aque_Aspcinzin	0.038615386124341795	Scil_8	0.6004233799505467	Slac_23	0.12724667667969847	Slac_16	0.15002017130620202	Slac_15	0.1575989965474965	Scil_11	0.041896418239228586	Scil_4	0.18246753031088736	Scil_1	0.08598311116616546	Aque_Choanocytes_1	0.18909331677786909	Scil_8	0.05685239217846981	Scil_4	0.12432377572654855	Slac_14	0.06657298209090454	Aque_Aspcinzin	0.044522581909006216	Scil_11	0.17654734709547598	Slac_11	0.05090815605401681	Slac_9	0.11261030516250034	Scil_2	0.20408781231003353	Aque_Archaeo_1	0.10840793908614628	Slac_25	0.13353286805422343	Slac_16	0.09429436116249934	Scil_4	0.12011350993854623	Scil_2	0.09876798346465612	Slac_23	0.20677799074246597	Scil_17	0.13570111572153026	Slac_33	0.32525062553041917	Aque_Choanocytes_1	0.08656091834051978	Aque_Pinaco_2	0.07045311671494059	Slac_25	0.12974777258420084	Slac_8	0.1169325901612388	Scil_27	0.13645593146248913	Scil_2	0.06095546639705164	Slac_17	0.0788475314904484	Scil_10	0.018233088081003285	Aque_Pinaco_1	0.09468274220780096	Scil_2	0.10971485660732024	Scil_7	0.16352059337801936	Aque_Archaeo_2	0.02991084682118452	Slac_35	0.07415601086588078	Slac_27	0.08143307234610964	Slac_20	0.08812413171549659	Scil_16	0.039707669706878924	Scil_2	0.023301065629917204	Scil_7	0.04891188059378325	Scil_16	0.027975265791341138	Scil_25	0.0745108099929335	Scil_24	0.02544557643946365	Scil_17	0.03749795784657061	Scil_6	0.023982910025434217	Scil_10	0.07438949284644161	Slac_13	0.2224840537635046	Scil_7	0.041525720757389376	Slac_5	0.0358511617665751	Scil_4	0.0904648103134343	Slac_25	0.05653799633675103	Scil_27	0.09429436116249934	Scil_2	0.03509668585978084	Slac_2	0.0387900095935472	Slac_13	0.009282474501185009	Scil_2	0.03647868023799168	Slac_7	0.03563615524425965	Aque_Choanocytes_1	0.03450284196472864	Scil_5	0.05874031506996291	Aque_Aspcinzin	0.043809804067828875	Slac_22	0.06382559964334913	Aque_Aspcinzin	0.02211349099809789	Scil_11	0.047947651218408466	Slac_10	0.03254139044466904	Aque_Aspcinzin	0.010908895100170221	Slac_32	0.015049375987270793	Scil_19	0.0065607599260079546	Slac_10	0.05682103864075331	Scil_23	0.0216518400949825	Scil_1	0.02528690062407632	Scil_32	0.016546075915774665	Aque_Aspcinzin	0.013420168856313659	Scil_10	0.013163305566563446
Scil_8	0.012766879850830507	Slac_20	0.10216911207717957	Slac_27	0.19956955274760343	Scil_8	0.043064492852706304	Scil_10	0.15261008021403846	Scil_6	0.4152537048854805	Scil_8	0.11224575112314417	Scil_11	0.09796094410305395	Aque_Archaeo_2	0.015561236685731982	Scil_11	0.0788475314904484	Slac_24	0.02154987063826767	Scil_12	0.24340937624444114	Slac_7	0.09704228027937034	Slac_20	0.033178140549604405	Scil_4	0.5813096594203817	Aque_Archaeo_2	0.1265918685665029	Slac_11	0.13429820792444486	Aque_Choano_to_pinaco	0.07506255481657678	Scil_13	0.029955508558981638	Scil_7	0.17751347551335278	Scil_2	0.07132823883364589	Slac_19	0.18589000487015755	Scil_2	0.05241989719661468	Aque_Choanocytes_1	0.12298713527481478	Slac_13	0.06443479759924968	Scil_0	0.03942488739415342	Scil_20	0.1753364132274696	Aque_Aspcinzin	0.036146454820037435	Slac_7	0.10974574928640417	Scil_14	0.1794842187875166	Scil_1	0.10332500703707818	Aque_Choanocytes_1	0.1067423796717694	Slac_33	0.0747447345514132	Scil_2	0.09283214106846054	Scil_3	0.08868113721962892	Slac_4	0.19800719507144032	Scil_9	0.10980745856343155	Slac_11	0.3248445150366732	Slac_6	0.08426474424685812	Scil_30	0.06382559964334913	Slac_7	0.12432377572654855	Slac_1	0.10971485660732024	Slac_27	0.13048505711807165	Aque_Collagen	0.054194429980432925	Slac_22	0.07520642216851989	Aque_Pinaco_1	0.015998042040270166	Slac_24	0.049697277687671196	Scil_9	0.09576790889203635	Slac_31	0.1575104141879565	Aque_Sperm	0.027975265791341138	Slac_25	0.06366369921657253	Slac_6	0.0741589055616741	Slac_22	0.08327284081416206	Scil_4	0.03787523813687073	Aque_Collagen	0.019317777227519272	Aque_Collagen	0.04734887940132254	Scil_20	0.02409501216098993	Scil_1	0.06795008442205294	Scil_6	0.024885419203589873	Scil_2	0.035187086079079784	Scil_1	0.02097459746255604	Scil_21	0.0697897326298805	Slac_6	0.2217358181432762	Scil_13	0.03950183778696438	Slac_7	0.03408449612050328	Scil_8	0.08009800696507563	Slac_12	0.05485723471085087	Scil_4	0.08939955836228317	Scil_9	0.03419046684309124	Slac_10	0.03712951507294931	Slac_21	0.009276321517399941	Aque_Archaeo_1	0.03642396787362084	Slac_2	0.03389156392408427	Slac_2	0.030990618892115757	Aque_Aspcinzin	0.03527856760761313	Slac_6	0.037742805165808316	Slac_16	0.052809912978011166	Slac_0	0.019587039474310453	Aque_Pinaco_1	0.04468207156355648	Scil_0	0.0315413764163513	Aque_Choanocytes_1	0.009068206129543751	Slac_7	0.014336084190552082	Scil_1	0.005886792769087975	Slac_24	0.05329929235795479	Scil_6	0.021498471689139386	Scil_3	0.024459031809690807	Scil_1	0.015726340088557764	Aque_Pinaco_2	0.013332750027597592	Slac_13	0.012076970348871126
Scil_1	0.012403849876866354	Slac_22	0.07952221272054735	Scil_30	0.17255807123262928	Slac_1	0.040494350465400536	Scil_9	0.14912713442047787	Scil_9	0.4033190668666782	Scil_9	0.1099068292880329	Scil_1	0.09523551824677574	Aque_Archaeo_1	0.01509487776775018	Aque_Choanocytes_1	0.06914504916438675	Slac_16	0.020561968592212536	Scil_6	0.23712302030048477	Slac_28	0.08201809367495595	Aque_Pinaco_1	0.030757531645372087	Scil_2	0.5812649639788487	Aque_Archaeo_1	0.11690314653575067	Aque_Aspcinzin	0.12326311366776732	Slac_27	0.0697897326298805	Scil_4	0.028689553613782465	Scil_26	0.1753292905453294	Aque_Collagen	0.06480215161056643	Slac_5	0.16046595673874262	Aque_Choanocytes_1	0.028540505303354214	Scil_10	0.10974574928640417	Slac_37	0.06056523458111209	Scil_20	0.0302163894240489	Scil_12	0.17323176051268468	Aque_Bactericidal	0.03359010463689289	Slac_28	0.10701151324429756	Scil_1	0.17010470733671768	Scil_0	0.09249957375021187	Aque_Aspcinzin	0.10448984354165092	Slac_7	0.0736467191768354	Scil_8	0.08426474424685812	Aque_Choanocytes_1	0.08512074807355234	Slac_6	0.1853525674868897	Scil_2	0.10286460938612965	Scil_24	0.321254986953285	Slac_19	0.08009800696507563	Scil_0	0.06193537471252484	Slac_6	0.12011350993854623	Slac_7	0.10630826852632387	Slac_1	0.11134998729057163	Scil_9	0.05127559225874638	Slac_35	0.07508427738120962	Scil_5	0.011472379565649502	Slac_11	0.04891188059378325	Scil_8	0.0938412673538473	Scil_14	0.1539456571801348	Slac_25	0.027244046954079358	Slac_1	0.06171605687835198	Slac_8	0.07391125230801879	Slac_26	0.07696487349959447	Scil_3	0.03562848513236487	Aque_Choanocytes_1	0.01831525926295687	Scil_11	0.045175351488399	Slac_16	0.023600033278707865	Scil_26	0.06591071275629053	Aque_Collagen	0.02395761415313093	Scil_27	0.028756808915597964	Scil_23	0.01954716760573893	Scil_1	0.06501330096709766	Scil_17	0.21873122567789482	Scil_23	0.03565713709440883	Slac_12	0.03226100282626217	Scil_2	0.0656027489412507	Slac_17	0.054831061713785254	Scil_1	0.08833802839941061	Scil_13	0.034083549820831185	Slac_12	0.03642810727633288	Slac_8	0.007197653511283937	Scil_13	0.03419279330694602	Slac_11	0.030781627572272218	Slac_1	0.030788419006389678	Scil_10	0.033206707423352355	Slac_30	0.03459905182203799	Slac_18	0.042266023875276934	Slac_40	0.016613067463057393	Aque_Choanocytes_1	0.0403984292575829	Slac_12	0.0290342157199781	Aque_Pinaco_2	0.008341141253585224	Aque_Choanocytes_1	0.013803794983743917	Scil_23	0.005787095232957614	Slac_31	0.045448213394451625	Aque_Unk_1	0.0175698549218588	Scil_10	0.024319991556754468	Scil_9	0.013450275665387377	Scil_6	0.013294187527232026	Slac_11	0.011940185175185846
Scil_23	0.012309034726697459	Slac_16	0.06879166808748204	Slac_7	0.1694985797083422	Slac_2	0.03808339904251594	Scil_18	0.149065441878058	Scil_4	0.3969179612716295	Scil_11	0.08967997831691826	Aque_Choano_to_pinaco	0.09280972472842648	Slac_0	0.01145341216835724	Scil_0	0.0689022299419703	Slac_15	0.013135153265830559	Scil_7	0.2337788880640605	Slac_23	0.061537243921526485	Slac_33	0.02544557643946365	Slac_3	0.5592732898353152	Slac_31	0.10860927349280128	Aque_Sperm	0.11449412567855821	Slac_24	0.06428901446272006	Scil_29	0.027238452410857678	Scil_0	0.14994884935863295	Aque_Aspcinzin	0.06341316702093923	Slac_16	0.1543174035877622	Scil_9	0.02825296509157125	Scil_2	0.10630826852632387	Slac_16	0.05314183673901009	Scil_4	0.028854611601380652	Scil_21	0.1575989965474965	Aque_Choanocytes_2	0.032549738922414355	Slac_29	0.10492591749879691	Scil_4	0.16011030376384883	Scil_30	0.08605271288707482	Slac_7	0.0960892809701032	Slac_28	0.052091089472777706	Aque_Pinaco_2	0.07567207252989486	Aque_Choanocytes_2	0.07454866868970675	Aque_Choanocytes_1	0.185189701544316	Scil_8	0.09301084514336719	Slac_7	0.3154925948376503	Slac_30	0.07171365461981541	Scil_4	0.057095807465080986	Aque_Choanocytes_1	0.11644903012580503	Slac_2	0.10286460938612965	Slac_8	0.10627705583261363	Scil_12	0.04723130574110686	Aque_Choanocytes_1	0.07402689768663188	Scil_31	0.009525775012271276	Slac_6	0.045740175577572165	Scil_19	0.09374450573131579	Slac_30	0.1442378019920275	Slac_0	0.02215088232605623	Slac_11	0.055696726974103494	Slac_16	0.06418278860248164	Slac_9	0.06619982867238831	Scil_7	0.034830104600064034	Scil_19	0.017966939542541253	Scil_2	0.04490825305970867	Scil_2	0.01981882965722408	Scil_4	0.06469515596972762	Scil_12	0.022554645611025704	Scil_20	0.023633623483093735	Scil_17	0.019130663778826433	Aque_Aspcinzin	0.05747759461335208	Slac_19	0.21528932332987177	Scil_14	0.03459905182203799	Slac_31	0.030984608946240562	Aque_Pinaco_1	0.06225823574174556	Slac_1	0.04815408957334242	Aque_Pinaco_2	0.08594882310431583	Scil_12	0.029856546203392696	Slac_17	0.035289289014768827	Scil_6	0.007119027117883259	Aque_Archaeo_2	0.03416702048375136	Slac_17	0.029999442187883363	Slac_6	0.03072412312796489	Scil_6	0.02439573571478149	Aque_Pinaco_1	0.032085710999800086	Slac_25	0.0422558330935185	Slac_12	0.014875220839283661	Scil_16	0.03720321517098336	Slac_28	0.02553913444316263	Scil_18	0.008162425212843062	Slac_16	0.011890652647717263	Scil_17	0.0051709102962216435	Aque_Archaeo_1	0.03742790766345589	Aque_Choanocytes_1	0.016389941311323247	Scil_4	0.020034802797444	Scil_7	0.012608566892490899	Scil_2	0.011391607678835767	Slac_6	0.011710931051658293
Scil_18	0.012061017158526748	Slac_37	0.04782146230965341	Scil_0	0.14309945542474525	Scil_3	0.034586876483901755	Scil_1	0.13944597691041694	Scil_20	0.39229415010409935	Scil_13	0.06366369921657253	Scil_5	0.08754097757124554	Aque_Aspcinzin	0.011260883592602194	Scil_16	0.06497918928032469	Slac_25	0.012101025652515788	Scil_1	0.22841294657880243	Slac_39	0.05661748627041864	Slac_7	0.018374954356418123	Slac_1	0.5409788291447748	Slac_22	0.1068005867109181	Slac_21	0.11076913744796427	Slac_40	0.05449221124511171	Scil_7	0.02483469337083181	Scil_11	0.11719394980538214	Scil_9	0.04468404880287675	Slac_8	0.14994884935863295	Scil_1	0.02740255299904682	Scil_32	0.09704228027937034	Scil_0	0.045482160955218225	Scil_12	0.02710571336209709	Scil_9	0.1375273954360888	Slac_20	0.03151577812291231	Slac_33	0.10382286691456688	Scil_26	0.15402738240942637	Scil_10	0.07660439742922241	Slac_4	0.08828934727470975	Slac_39	0.03742919220179916	Scil_9	0.0741589055616741	Aque_Pinaco_1	0.06721604333003485	Slac_16	0.17459446373557588	Aque_Pinaco_2	0.07101766381328144	Slac_29	0.3088223175649237	Slac_10	0.0633372885567387	Scil_5	0.051698606912463765	Slac_5	0.11170842684153334	Aque_Pinaco_1	0.10224652781095052	Scil_19	0.09796108168715868	Scil_17	0.04408391937841671	Aque_Archaeo_1	0.07099718394463937	Scil_3	0.007525459772315085	Slac_30	0.041525720757389376	Aque_Pinaco_1	0.08090676274700312	Slac_7	0.12298713527481478	Slac_1	0.019154790025866498	Slac_24	0.051713403137719015	Slac_7	0.06076243099538299	Aque_Archaeo_1	0.06501601167947159	Scil_8	0.028879690570025023	Scil_24	0.014925635063595602	Aque_Pinaco_1	0.04444145555493627	Scil_4	0.01752279734020379	Scil_10	0.05938503642620625	Scil_19	0.020901231306154816	Aque_Choanocytes_1	0.01868986805265996	Aque_Collagen	0.01839437601002084	Scil_32	0.05422114529105054	Slac_3	0.21298327362253605	Scil_29	0.03317396810745187	Slac_2	0.030641221205424146	Scil_11	0.05774295876189035	Slac_3	0.04723130574110686	Scil_2	0.07436250084636657	Scil_17	0.028420366861713703	Slac_6	0.034887980625676884	Scil_11	0.00707423111885982	Scil_18	0.03373101578601847	Slac_20	0.029036860337815013	Slac_10	0.02799019670945709	Aque_Choanocytes_1	0.022206852059902395	Slac_7	0.029982251811661458	Slac_1	0.03957737926159093	Slac_16	0.01285522694390113	Scil_10	0.034538837803897396	Slac_20	0.02517241264457651	Scil_24	0.006814074366797473	Slac_15	0.01155618379680789	Scil_12	0.005149242649870824	Aque_Archaeo_2	0.03717170590568544	Scil_8	0.016185427501290903	Scil_2	0.019648889586913448	Aque_Collagen	0.010174754395121624	Scil_7	0.009394466338666212	Slac_9	0.011451865669168318
Scil_17	0.011498872588218311	Slac_40	0.0335721093906835	Scil_26	0.142148986633961	Slac_37	0.03132803138567946	Scil_16	0.10494830841572984	Slac_18	0.3822366378501671	Scil_20	0.05801047897551563	Aque_Archaeo_2	0.07354459968139014	Slac_30	0.009241428541052239	Scil_9	0.059597188721477054	Aque_Pinaco_2	0.01082700838395281	Scil_17	0.20652510071175967	Slac_27	0.05422114529105054	Slac_12	0.018008278963183542	Scil_9	0.4634716166397279	Slac_13	0.10332500703707818	Slac_27	0.10770329264305387	Slac_37	0.046469779143466276	Scil_9	0.02440709511612028	Scil_2	0.1169325901612388	Scil_13	0.04275155393874501	Slac_3	0.14500085117258257	Scil_12	0.020838833804993597	Scil_6	0.0960892809701032	Scil_2	0.028948115890622537	Scil_14	0.02645330574470416	Scil_16	0.12453996726779785	Slac_16	0.029682360552013537	Aque_Choanocytes_1	0.1035860906364043	Scil_12	0.14512433382321052	Scil_4	0.06701930707847568	Slac_1	0.07989435441633469	Aque_Aspcinzin	0.03161778673631149	Scil_6	0.07046961530731045	Scil_6	0.06028095463272663	Slac_26	0.1721954390352632	Scil_11	0.061572152991785464	Scil_5	0.3016961697014329	Slac_21	0.05685239217846981	Aque_Choanocytes_1	0.050546205224404304	Slac_11	0.11015202169891491	Slac_12	0.09876798346465612	Slac_16	0.08594882310431583	Scil_1	0.043911792372881786	Slac_16	0.06933979740352147	Scil_0	0.007389231369628898	Slac_16	0.040256831154717995	Scil_6	0.07989435441633469	Scil_4	0.11644903012580503	Slac_22	0.01883568635404408	Slac_32	0.047111248797199516	Slac_17	0.059597188721477054	Slac_7	0.05214233505816287	Aque_Choanocytes_1	0.028726970699213917	Scil_8	0.013410142067650727	Scil_6	0.03684581655747185	Slac_35	0.01747151327392378	Scil_5	0.05120855316211544	Scil_8	0.019229393506353363	Scil_7	0.018235116724199772	Scil_8	0.018058741098357083	Scil_6	0.04659683199681332	Scil_9	0.19723254765784634	Aque_Archaeo_2	0.032789012097853856	Slac_19	0.030615828736995747	Aque_Choanocytes_1	0.056644672728930215	Slac_2	0.045942597663984334	Aque_Unk_1	0.07419927558575476	Scil_6	0.02582315595048511	Slac_31	0.03373101578601847	Scil_4	0.007057634297535471	Scil_20	0.030984608946240562	Slac_6	0.028760691705796083	Aque_Unk_1	0.024119728176504013	Scil_0	0.020080846167636137	Slac_16	0.027848650071903024	Slac_6	0.03920936685343485	Aque_Sperm	0.01212633796557439	Scil_30	0.03364742007689345	Slac_33	0.02395761415313093	Scil_9	0.006192379009906394	Slac_8	0.011070733872952347	Aque_Pinaco_2	0.004523871863439208	Aque_Pinaco_2	0.026135432294483146	Aque_Pinaco_2	0.015986204868767374	Scil_5	0.019076312299161576	Aque_Sperm	0.009553194364291388	Scil_20	0.007163555749378892	Scil_2	0.011286252551917222
Scil_2	0.009978474990559264	Slac_36	0.03324785739853866	Scil_2	0.10224652781095052	Slac_25	0.028522235097947317	Scil_20	0.09681361235659335	Scil_12	0.3781953319870259	Scil_12	0.05653799633675103	Aque_Sperm	0.07104983636345116	Slac_25	0.0075610602635060266	Aque_Archaeo_2	0.05539715483387649	Slac_14	0.008041996878490944	Scil_14	0.19201494850253514	Slac_34	0.045061911974918246	Slac_16	0.01767842621166592	Slac_26	0.43494082384506455	Slac_24	0.09940339465065466	Slac_5	0.09729199404474338	Aque_Bactericidal	0.04512345315932049	Scil_10	0.023373672390110043	Aque_Pinaco_2	0.10627705583261363	Scil_8	0.042299249276463516	Aque_Pinaco_1	0.14309945542474525	Scil_20	0.01951389737120951	Scil_27	0.0736467191768354	Scil_6	0.025575195902987697	Scil_5	0.02582296394736725	Scil_10	0.11879609199934975	Slac_28	0.020978434365766345	Slac_12	0.10200382030817368	Scil_16	0.14119207220148502	Aque_Choano_to_pinaco	0.06443479759924968	Aque_Pinaco_1	0.07805830516951362	Slac_13	0.029254665704107636	Scil_1	0.06733916983104002	Scil_9	0.0561565440844997	Slac_28	0.1719451604506846	Scil_6	0.05810275625747896	Scil_2	0.30113644886021035	Slac_16	0.05674208917655047	Scil_10	0.045823055171062374	Slac_12	0.0992422702231325	Slac_40	0.09453210520561267	Slac_6	0.07567207252989486	Scil_6	0.03495960465747171	Slac_1	0.06873412416253541	Scil_1	0.006810311634376454	Slac_1	0.039998465086964266	Scil_11	0.06873412416253541	Scil_13	0.1160904695059614	Slac_28	0.017798915718158403	Slac_10	0.045877515848744846	Slac_30	0.05781982197416278	Slac_1	0.05114039372395927	Scil_2	0.02782667997460525	Scil_20	0.012134260877146762	Scil_12	0.03373814554004303	Slac_31	0.016236056440835044	Scil_6	0.04436439160049089	Aque_Unk_1	0.019177816062006556	Scil_11	0.017736063384238197	Scil_24	0.016578106153317444	Scil_8	0.04595893351843665	Slac_10	0.18342103908444032	Scil_11	0.031170706401387572	Slac_1	0.030562645545149092	Scil_6	0.04639092482752967	Aque_Sperm	0.042525303605661154	Scil_11	0.06933979740352147	Aque_Collagen	0.02553913444316263	Slac_20	0.03300823466913559	Slac_6	0.0066527967020242025	Scil_6	0.030412297174053842	Slac_3	0.027228772734604063	Slac_31	0.023610849732559593	Aque_Sperm	0.01747151327392378	Slac_24	0.02645330574470416	Slac_37	0.03888719861687931	Aque_Unk_1	0.010830928473915303	Scil_15	0.0335721093906835	Scil_6	0.023586630742416785	Scil_12	0.00483886438802742	Aque_Pinaco_1	0.010711595312110394	Scil_8	0.003965101518163497	Slac_17	0.01898107795167247	Scil_9	0.012745433231382811	Scil_11	0.01755645584589022	Scil_27	0.00938912498564486	Scil_13	0.006468906188117714	Slac_12	0.010920774722382615
Aque_Aspcinzin	0.009892888471423462	Slac_1	0.03294584184646013	Scil_7	0.09468274220780096	Slac_0	0.02723321785786999	Scil_13	0.09516604890728304	Slac_32	0.3623654711235529	Scil_10	0.04505595875620603	Scil_10	0.06577364943240639	Slac_40	0.007209529074830417	Scil_12	0.054831061713785254	Slac_7	0.0064383411821072965	Aque_Pinaco_2	0.17827909022391725	Slac_13	0.036052349480287744	Slac_29	0.016578106153317444	Slac_11	0.4198801851677693	Slac_28	0.09824607037423008	Slac_10	0.08754097757124554	Aque_Choanocytes_2	0.02343415627205219	Aque_Aspcinzin	0.01817190750765301	Scil_16	0.10229612254087572	Scil_20	0.0358511617665751	Slac_9	0.1408699366958363	Scil_6	0.017117711433150124	Scil_12	0.06245866870899345	Scil_3	0.025231657928046693	Scil_10	0.02514122375454651	Scil_0	0.11204361478378744	Slac_33	0.020901231306154816	Slac_16	0.1014223220334245	Scil_0	0.1408699366958363	Scil_5	0.05601926099330058	Slac_6	0.07046961530731045	Slac_23	0.028756808915597964	Aque_Unk_1	0.056687699578625	Scil_12	0.05485723471085087	Slac_2	0.16306200725624997	Scil_1	0.0545782996494219	Scil_9	0.27167617463476235	Slac_8	0.05146053972430166	Aque_Archaeo_1	0.04516056089271338	Slac_28	0.09253244257232127	Slac_6	0.09283214106846054	Slac_28	0.07286370519891805	Scil_13	0.029004377977887748	Slac_2	0.061572152991785464	Scil_29	0.005621946394231676	Slac_13	0.037516508505133814	Scil_13	0.06171605687835198	Slac_13	0.11315550270906809	Aque_Pinaco_1	0.017642425522404213	Slac_5	0.04275155393874501	Slac_12	0.0561565440844997	Aque_Choanocytes_2	0.0489902704388643	Scil_14	0.023339493876300924	Scil_12	0.010839574408780433	Aque_Choanocytes_1	0.033457837798310006	Slac_20	0.016099947070659083	Scil_2	0.03821027341955026	Scil_1	0.01763434293603227	Scil_8	0.015770914107807472	Scil_13	0.016004558287826345	Scil_2	0.04566932616554975	Slac_22	0.18180372045571488	Scil_20	0.0249445152897202	Slac_6	0.03051007893729139	Aque_Choanocytes_2	0.04255118713796676	Slac_30	0.04252173687904874	Scil_15	0.06879166808748204	Scil_19	0.020978434365766345	Slac_7	0.03214089491145537	Slac_27	0.0063755202255254525	Scil_10	0.029798752252960203	Slac_12	0.025865598878757123	Slac_3	0.019665568574021856	Scil_20	0.015446020287532647	Slac_10	0.025624981282056487	Aque_Archaeo_2	0.03588037121012667	Slac_32	0.01055904408217768	Scil_0	0.018182738053420855	Scil_8	0.021591733801048372	Scil_14	0.003951962052456423	Slac_41	0.009525775012271276	Scil_13	0.0037846516185798215	Slac_7	0.017572419132409804	Scil_1	0.011746336736906147	Aque_Choanocytes_1	0.01622599152520391	Scil_12	0.009252946481196095	Scil_8	0.0057110711500536005	Slac_14	0.008616283601212353
Aque_Archaeo_2	0.009807095117859944	Aque_Choanocytes_2	0.029859976807515332	Slac_35	0.08626584854927723	Slac_11	0.026002259556252294	Scil_6	0.08828934727470975	Slac_10	0.3581373924822046	Scil_30	0.0422558330935185	Scil_2	0.06424816914095847	Slac_16	0.006434159672398574	Aque_Unk_1	0.05414383491247939	Slac_4	0.004455834247109006	Scil_20	0.15840721777255146	Slac_19	0.028084596545401325	Slac_22	0.01618848416672688	Slac_33	0.4098422466129403	Slac_10	0.09523551824677574	Slac_8	0.08666494308900544	Aque_Pinaco_2	0.019323141503155224	Scil_17	0.017706478843668792	Scil_10	0.10082116908053054	Scil_12	0.02940063368580719	Slac_10	0.11656937940755474	Scil_14	0.01535046889327367	Scil_9	0.06076243099538299	Slac_31	0.01925292293514303	Scil_11	0.02325458591518993	Scil_26	0.10691374609962415	Slac_42	0.02027101610555572	Slac_8	0.10082116908053054	Scil_20	0.11651772921703299	Scil_11	0.055655572647200835	Slac_12	0.06028095463272663	Slac_27	0.027207207709813518	Aque_Pinaco_1	0.05456116849638022	Scil_1	0.04508771285701218	Slac_13	0.1402784833912657	Scil_14	0.04662779699653946	Scil_3	0.24486876219012768	Aque_Pinaco_1	0.049265558739250204	Scil_13	0.03893142472167839	Slac_19	0.0904648103134343	Slac_16	0.07436250084636657	Slac_2	0.07101766381328144	Scil_23	0.027228772734604063	Slac_19	0.05774295876189035	Scil_17	0.004174734025964773	Slac_10	0.03681441302139897	Scil_17	0.05114039372395927	Scil_28	0.1102418700041572	Slac_31	0.01669662639143204	Slac_23	0.041873911382032926	Slac_3	0.05127559225874638	Slac_3	0.04408391937841671	Scil_12	0.019426306589498496	Scil_11	0.009678396559641268	Scil_9	0.03175667751756452	Scil_7	0.013637958380621821	Scil_11	0.03620728743271016	Scil_13	0.016432667037222484	Aque_Pinaco_2	0.015174274175227825	Scil_19	0.01565803385655719	Scil_11	0.04306845658069423	Scil_8	0.17229816717451604	Scil_1	0.019972299793126303	Slac_24	0.0302163894240489	Scil_12	0.04121976765577995	Slac_19	0.04121976765577995	Scil_9	0.06418278860248164	Scil_20	0.020386390437657415	Slac_16	0.02652220758684177	Slac_19	0.005736608642602461	Scil_11	0.02736048692340403	Slac_10	0.024878558048349802	Slac_5	0.01816542752466333	Scil_8	0.014524151780259929	Slac_27	0.024343344596359662	Slac_2	0.03586179933329671	Aque_Pinaco_1	0.010164048604091248	Scil_29	0.016613067463057393	Scil_2	0.020012733086890742	Scil_30	0.002870769170757003	Slac_19	0.009235219168848067	Scil_22	0.0035925116952731317	Slac_6	0.017564927321042742	Aque_Choanocytes_2	0.01150402484792817	Scil_17	0.014098517805989488	Scil_2	0.008466244047555947	Scil_12	0.004939167730255636	Scil_17	0.008451403097861894
Scil_7	0.009468598113522488	Aque_Choanocytes_1	0.02700007599633759	Slac_1	0.08090676274700312	Scil_2	0.025862875421111715	Scil_23	0.07456603756106726	Scil_18	0.32911453608233565	Scil_29	0.03614843835761013	Scil_8	0.0633372885567387	Slac_34	0.0060469703545678165	Scil_10	0.04961390581684133	Slac_32	0.003627793592083374	Scil_13	0.13959234341124616	Aque_Pinaco_2	0.027349525850340395	Slac_26	0.014925635063595602	Slac_23	0.4089267529404528	Slac_16	0.08833802839941061	Slac_3	0.08366464720999052	Slac_6	0.015737108944430894	Scil_8	0.013829205000112412	Scil_12	0.10025676747513648	Aque_Choanocytes_1	0.025655799424437582	Slac_29	0.11303432143703199	Scil_18	0.009959472608346889	Scil_16	0.05795637792787657	Scil_1	0.018691095130780738	Scil_25	0.02154987063826767	Scil_8	0.10389722973150735	Slac_7	0.019811302485112807	Slac_19	0.0956997061984364	Scil_9	0.11608700505851592	Scil_2	0.044711879492944334	Slac_10	0.05828967448013933	Slac_34	0.023490702850489008	Scil_7	0.045740175577572165	Scil_18	0.03642810727633288	Slac_3	0.1389184590402384	Scil_12	0.045942597663984334	Slac_23	0.23483824476924622	Slac_27	0.04595893351843665	Scil_2	0.03545402087565602	Slac_16	0.08939955836228317	Slac_5	0.07132823883364589	Slac_22	0.07045311671494059	Scil_8	0.024879152525040346	Slac_13	0.055655572647200835	Aque_Pinaco_2	0.004114571445277498	Slac_32	0.034830104600064034	Aque_Choanocytes_1	0.05097485605086245	Scil_12	0.10830424196076087	Slac_16	0.016495676130715592	Slac_16	0.04076868582086608	Aque_Collagen	0.04905421607257736	Aque_Pinaco_2	0.04297754080655192	Scil_0	0.01866579059190547	Scil_23	0.009439454359693084	Scil_23	0.030781627572272218	Slac_17	0.013391782390618367	Scil_8	0.035227499813440796	Scil_23	0.015218919296918907	Scil_12	0.014931663490530147	Aque_Choanocytes_1	0.015607124285840596	Scil_27	0.027207207709813518	Scil_12	0.16730768632314025	Scil_31	0.015257632186842743	Slac_11	0.02899321159177228	Scil_1	0.036612423217794086	Slac_6	0.039765078967984244	Aque_Choanocytes_2	0.06376091689341551	Scil_7	0.020371298827093893	Slac_19	0.02571186388840182	Slac_4	0.005713408454510687	Scil_25	0.026969469145330986	Slac_13	0.024239153272025395	Slac_9	0.015387247104122278	Scil_22	0.013555259980662367	Slac_32	0.023339493876300924	Slac_40	0.03364742007689345	Slac_1	0.009385314238339455	Scil_9	0.014744356685468038	Slac_26	0.019317777227519272	Aque_Unk_1	0.002605849203117693	Slac_14	0.00915379188352412	Scil_11	0.0034673719371796355	Slac_14	0.015912092263801712	Scil_19	0.010521892585958457	Scil_8	0.013496995044750226	Scil_11	0.008415670702972607	Scil_9	0.004018108757177664	Slac_35	0.008251153226705854
Scil_31	0.00915379188352412	Slac_7	0.015773325427251784	Scil_6	0.07805830516951362	Scil_11	0.024489422979406976	Aque_Archaeo_1	0.0740731221450423	Slac_30	0.3235041866126543	Aque_Unk_1	0.028522235097947317	Scil_4	0.06136836656412441	Slac_22	0.005561915051709832	Scil_14	0.04801609884082436	Slac_38	0.003543814206860772	Scil_18	0.1144664890476245	Slac_20	0.024655810595107977	Slac_13	0.013820067898389379	Slac_29	0.4074537159407388	Slac_26	0.08725715682623629	Slac_23	0.0823790258755581	Slac_14	0.013778172998835252	Scil_18	0.01088810355725453	Aque_Unk_1	0.09918969579081655	Scil_30	0.02237574430483631	Slac_33	0.11288649189159398	Scil_7	0.009942170955381111	Scil_1	0.053828330889353494	Slac_36	0.018130690252942137	Scil_9	0.019753354917002575	Scil_29	0.08918875129476146	Slac_26	0.017966939542541253	Slac_11	0.0932665975782842	Scil_10	0.11261030516250034	Aque_Collagen	0.0444167800445977	Slac_2	0.05810275625747896	Slac_19	0.018687181666336847	Aque_Choanocytes_1	0.043813677876889424	Scil_13	0.03360190177715201	Slac_25	0.136450364237905	Scil_13	0.039823908934237456	Slac_13	0.22742783385226475	Aque_Unk_1	0.043064492852706304	Scil_7	0.027490259562063767	Slac_29	0.08917556209297621	Slac_19	0.0656027489412507	Scil_30	0.0662042394278789	Scil_20	0.02485794379138901	Aque_Pinaco_1	0.0500187478905547	Aque_Archaeo_1	0.0019750590425582234	Slac_2	0.032583320180248294	Scil_12	0.04815408957334242	Scil_6	0.1067423796717694	Aque_Unk_1	0.016372212778335567	Slac_6	0.04017270012268219	Slac_5	0.04468404880287675	Slac_33	0.03956460593429038	Scil_28	0.017053766406799644	Scil_7	0.008808499126179094	Scil_20	0.02899321159177228	Slac_8	0.013082025757689788	Scil_24	0.033178140549604405	Aque_Pinaco_1	0.01498432923539334	Scil_9	0.010193806799842988	Aque_Unk_1	0.014974805799918778	Scil_13	0.027143041291551862	Slac_20	0.164476461712506	Scil_30	0.015142989086183892	Slac_16	0.024959038979794963	Scil_9	0.03534590773172856	Slac_16	0.03652985600211022	Aque_Collagen	0.05745300910848346	Scil_23	0.018261642764776247	Slac_34	0.02427207311339149	Slac_22	0.005673466529452344	Scil_17	0.024891129060945996	Slac_34	0.0216518400949825	Slac_11	0.014756292542660884	Scil_21	0.013415605444675007	Slac_25	0.022104028789962652	Slac_20	0.032613430402359575	Slac_24	0.009246796503912531	Scil_5	0.014089994771937776	Slac_29	0.01839437601002084	Scil_13	0.0012401612814505977	Slac_10	0.008609818840876447	Aque_Unk_1	0.003131276024255672	Slac_4	0.013975260415838655	Scil_12	0.009330560196140876	Scil_22	0.013452042307489078	Scil_23	0.006854029188124372	Scil_22	0.003945865243257525	Scil_5	0.007021339967280296
Aque_Unk_2	0.008616283601212353	Slac_4	0.01516862996417466	Scil_3	0.06974836902006369	Scil_22	0.024119728176504013	Aque_Pinaco_1	0.0657113543494148	Scil_23	0.3190660160498379	Scil_16	0.027244046954079358	Scil_6	0.05828967448013933	Slac_2	0.005132712129382791	Scil_4	0.045341497467146094	Slac_35	0.002822790361336094	Scil_31	0.09733948037534758	Slac_10	0.022279892494382777	Slac_11	0.0136108282510363	Slac_28	0.3651261719240452	Slac_5	0.08598311116616546	Slac_9	0.08005744643537678	Slac_35	0.013415605444675007	Scil_26	0.010800653203578375	Scil_5	0.08666494308900544	Scil_11	0.022168307191221853	Slac_15	0.11204361478378744	Aque_Collagen	0.009512265379285845	Scil_17	0.05214233505816287	Scil_11	0.016072528881142363	Aque_Pinaco_1	0.01865048108123315	Scil_5	0.07838440475556471	Slac_22	0.016336243979517794	Slac_26	0.0797820735298011	Scil_8	0.10153590413653549	Scil_6	0.0415248388686301	Aque_Sperm	0.05572126954571871	Slac_20	0.01849752194277063	Scil_13	0.04017270012268219	Scil_20	0.03226100282626217	Slac_22	0.13000822283503524	Scil_18	0.0387900095935472	Slac_42	0.21813818093036152	Slac_5	0.042299249276463516	Scil_25	0.02690683220167365	Slac_33	0.08756930261044085	Slac_10	0.06424816914095847	Scil_0	0.04593845134744479	Aque_Choanocytes_1	0.02409128986669277	Slac_40	0.047947651218408466	Scil_23	0.0016451639696942074	Slac_22	0.027490259562063767	Scil_14	0.046433659882395416	Slac_16	0.10524634412173825	Aque_Archaeo_1	0.01629688958816354	Slac_2	0.039823908934237456	Slac_13	0.04144985331745194	Slac_23	0.03749795784657061	Scil_31	0.015049375987270793	Scil_14	0.007214302521130704	Aque_Choanocytes_2	0.027472844525695473	Slac_0	0.012387851094839966	Scil_18	0.03300823466913559	Aque_Choanocytes_1	0.014519378628954343	Aque_Unk_1	0.007881110500683196	Aque_Pinaco_2	0.014830196470051774	Scil_12	0.025622946494575395	Slac_11	0.16420538737719903	Aque_Aspcinzin	0.009573589633224959	Slac_30	0.0249445152897202	Scil_20	0.030615828736995747	Slac_41	0.03602824525168989	Scil_8	0.05674208917655047	Scil_16	0.017798915718158403	Slac_3	0.022670866941907737	Scil_9	0.005247055250621468	Scil_22	0.023610849732559593	Slac_31	0.02020678629803856	Slac_13	0.014489582983548948	Aque_Choano_to_pinaco	0.012210724270264154	Slac_12	0.018565586169337248	Slac_4	0.024679725754648642	Slac_22	0.009226532029053908	Scil_14	0.011622075505092009	Slac_0	0.018226901224491245	Scil_7	0.0011748303350311573	Aque_Unk_1	0.008330396266820464	Aque_Choanocytes_1	0.003099631590548854	Aque_Bactericidal	0.012646967879897341	Scil_13	0.008308583573439523	Scil_26	0.009975812854279426	Aque_Pinaco_1	0.0067104590779855176	Scil_23	0.0034385087154213253	Scil_9	0.006923929762328125
Aque_Choanocytes_2	0.008319846128592288	Slac_31	0.014625119302658548	Slac_12	0.06721604333003485	Scil_12	0.023339774670004736	Scil_29	0.050265960178990356	Slac_17	0.3051286503073351	Scil_14	0.022104028789962652	Scil_26	0.05682103864075331	Slac_24	0.004726494884914166	Scil_20	0.04011832907063483	Slac_37	0.002675193311487728	Scil_11	0.08671132369972125	Slac_12	0.018528857696143767	Slac_28	0.01243503844458933	Slac_19	0.32760994952960043	Slac_17	0.08174053867758768	Slac_29	0.07889352410628284	Slac_19	0.011477634800623134	Scil_6	0.009736771072827805	Scil_23	0.08593334271021733	Scil_6	0.021802403423779728	Slac_20	0.11049186755906881	Aque_Bactericidal	0.009276321517399941	Scil_13	0.03772804186746051	Scil_9	0.01551156129887345	Scil_16	0.014270840649840636	Scil_23	0.07788936546950101	Slac_29	0.01565803385655719	Slac_23	0.07717209462869318	Scil_5	0.08005744643537678	Scil_9	0.04144985331745194	Slac_27	0.04659683199681332	Aque_Bactericidal	0.01771615898756222	Scil_12	0.039765078967984244	Scil_16	0.030705938158065316	Slac_7	0.1262169871790627	Aque_Unk_1	0.03808339904251594	Scil_32	0.2168735203536117	Aque_Sperm	0.03591171363658814	Scil_9	0.02361788246818281	Slac_40	0.08414606115282208	Slac_3	0.06095546639705164	Scil_17	0.04297754080655192	Scil_18	0.022670866941907737	Slac_11	0.045175351488399	Aque_Choano_to_pinaco	0.001377314140007199	Slac_4	0.026808830472942295	Scil_24	0.045438450032820474	Scil_9	0.10441024954703496	Slac_10	0.01611389209733709	Slac_30	0.03950183778696438	Slac_29	0.03865344242731746	Slac_16	0.03277715455842002	Scil_10	0.014338476349871208	Aque_Unk_1	0.007059355673710037	Aque_Unk_1	0.026002259556252294	Scil_29	0.01212633796557439	Scil_30	0.032613430402359575	Scil_22	0.01417689195319376	Scil_18	0.007833757528717573	Scil_18	0.012460968854548633	Scil_14	0.024343344596359662	Scil_1	0.16328790027696088	Scil_28	0.009241428541052239	Slac_3	0.02485794379138901	Scil_32	0.028084596545401325	Slac_11	0.03373814554004303	Aque_Choano_to_pinaco	0.05314183673901009	Aque_Choanocytes_1	0.014683955280824945	Slac_27	0.021977997232241576	Scil_3	0.004493337658604107	Scil_8	0.022733620111619803	Slac_29	0.01954716760573893	Aque_Collagen	0.014199198796422303	Scil_23	0.009999453152410671	Aque_Unk_2	0.016526578275565078	Slac_7	0.02376821689834884	Slac_6	0.008007255814572217	Scil_8	0.010837864609395865	Scil_11	0.014766504805640146	Scil_20	0.0011459062065980771	Slac_22	0.008224461851309286	Scil_30	0.0021804851088824103	Slac_1	0.011195103438859317	Aque_Collagen	0.007575244173868763	Scil_13	0.009331400675456961	Scil_20	0.006686720006703219	Scil_19	0.0033278747018580268	Slac_28	0.006893769910320648
Scil_25	0.008041996878490944	Slac_6	0.013392538691763916	Slac_4	0.0657113543494148	Slac_13	0.02310449428804984	Scil_14	0.0466376558864053	Scil_10	0.30002645226531	Scil_7	0.020960144244845366	Aque_Archaeo_1	0.052906690884337026	Slac_12	0.004133718672289786	Aque_Archaeo_1	0.039779831607437546	Slac_1	0.0022912301648775656	Aque_Aspcinzin	0.0847600149620018	Slac_17	0.017754719397377865	Aque_Choanocytes_1	0.007000914939122911	Slac_27	0.319767162204064	Slac_18	0.0774084700513296	Slac_15	0.07838440475556471	Aque_Archaeo_2	0.009609529255397722	Scil_12	0.00960863286660803	Scil_13	0.08441582918484987	Aque_Unk_1	0.020488291617940746	Slac_28	0.1068288006884434	Aque_Aspcinzin	0.007968367267592289	Aque_Pinaco_2	0.03619945764035333	Scil_4	0.01517200218530029	Scil_8	0.013746897499237205	Scil_14	0.05258316445551374	Slac_13	0.01511761699545695	Slac_13	0.07660439742922241	Scil_23	0.07372047598736158	Scil_7	0.037516508505133814	Slac_19	0.04639092482752967	Slac_12	0.01700295801560732	Scil_30	0.03920936685343485	Aque_Pinaco_2	0.029437732695330288	Slac_10	0.11354276148326874	Scil_30	0.03586179933329671	Slac_26	0.21652098524986707	Slac_20	0.035227499813440796	Scil_16	0.01883568635404408	Slac_23	0.08041928281333535	Slac_35	0.06013533380908639	Slac_9	0.036515021980875195	Aque_Unk_1	0.02202760816352939	Slac_27	0.04306845658069423	Scil_22	0.0009251459187131248	Slac_18	0.02483469337083181	Aque_Choanocytes_2	0.043392031545057254	Scil_10	0.1035860906364043	Slac_11	0.015423990830016698	Slac_22	0.03893142472167839	Slac_33	0.03563155164063121	Slac_28	0.028420366861713703	Scil_20	0.012616852128239217	Scil_9	0.006559671218755664	Aque_Pinaco_2	0.02481700082729728	Scil_19	0.011999510819806675	Scil_19	0.03151577812291231	Scil_11	0.012028064169392538	Scil_14	0.006917238556088457	Scil_20	0.011730047173748308	Scil_18	0.021977997232241576	Slac_31	0.15763422556267317	Scil_16	0.008581902999185211	Aque_Sperm	0.02409501216098993	Scil_18	0.02571186388840182	Slac_10	0.030595230941200223	Scil_30	0.052809912978011166	Scil_8	0.014235154323321638	Slac_13	0.01993981292850396	Slac_11	0.004402483591502448	Scil_7	0.022163396863604527	Slac_25	0.0190770081401544	Slac_33	0.01417689195319376	Aque_Archaeo_2	0.00989393837614291	Slac_21	0.01535046889327367	Slac_5	0.02237574430483631	Slac_2	0.007946833324419898	Scil_23	0.01082399237943423	Scil_22	0.014199198796422303	Scil_27	0.0005675324060097557	Slac_21	0.007471339976772061	Scil_18	0.001999373907918774	Slac_18	0.010800653203578375	Scil_24	0.00667982628179613	Scil_12	0.009092572831068816	Scil_18	0.005666233122554684	Scil_11	0.0029195296076226828	Slac_29	0.006570703707970885
Aque_Archaeo_1	0.006633469369168213	Aque_Collagen	0.009294098883423342	Scil_25	0.06377195410865735	Slac_38	0.022803249178262538	Aque_Pinaco_2	0.030934994088130406	Scil_14	0.2949432203901673	Scil_23	0.0190770081401544	Scil_13	0.045877515848744846	Slac_38	0.0036266954103190896	Scil_22	0.03701978351647896	Slac_27	0.0021987625283571076	Aque_Choanocytes_1	0.043076770332556774	Slac_38	0.016546075915774665	Slac_42	0.006814074366797473	Scil_6	0.3151263538690837	Slac_20	0.06795008442205294	Aque_Choanocytes_1	0.07631543775411243	Slac_4	0.009406716575366016	Aque_Choano_to_pinaco	0.007917386606212192	Scil_9	0.07391125230801879	Scil_22	0.01816542752466333	Slac_34	0.10680326150716726	Scil_31	0.007471339976772061	Scil_23	0.03563615524425965	Scil_8	0.014974624248360277	Scil_18	0.012832504157500733	Scil_18	0.04880592244574534	Slac_12	0.012218367378231511	Slac_27	0.07438949284644161	Scil_29	0.07070113800478936	Scil_32	0.036052349480287744	Slac_20	0.04436439160049089	Slac_10	0.01154518630658997	Scil_14	0.037742805165808316	Aque_Collagen	0.0290342157199781	Slac_27	0.1099385338220011	Aque_Choanocytes_1	0.035015106222595474	Scil_4	0.2111235627092698	Slac_17	0.03448320427053512	Scil_20	0.01857968897750475	Slac_26	0.07922822831317292	Slac_21	0.05241989719661468	Slac_7	0.03619945764035333	Scil_11	0.02154339586588732	Slac_18	0.041896418239228586	Scil_21	0.0005437820251033755	Slac_7	0.02299712554646948	Scil_18	0.04147730838404482	Scil_26	0.0868808565154413	Slac_24	0.014270840649840636	Slac_7	0.03772804186746051	Slac_19	0.03534590773172856	Slac_42	0.02813498009865406	Scil_18	0.012011736796773222	Scil_31	0.006243103492341103	Scil_8	0.023571123318984928	Scil_9	0.01025875832198336	Scil_9	0.030753153862789373	Aque_Pinaco_2	0.011809227248802252	Scil_6	0.006805909766506269	Scil_22	0.011628933009398473	Scil_7	0.01997821858662868	Scil_13	0.13988983548001363	Aque_Pinaco_1	0.008527433722390771	Slac_10	0.023836080416340895	Scil_13	0.020584154850960372	Slac_28	0.029856546203392696	Scil_13	0.04076868582086608	Aque_Unk_1	0.012904548636101043	Slac_24	0.012832504157500733	Scil_16	0.003809340509471501	Scil_23	0.02020678629803856	Slac_28	0.018261642764776247	Slac_8	0.014149042584376686	Aque_Archaeo_1	0.009417655254838415	Slac_11	0.014250677894661978	Slac_0	0.022355114144916022	Slac_27	0.007628864879889501	Scil_26	0.0075904782279725014	Slac_4	0.013548473868608715	Slac_17	0.0	Slac_5	0.007015225012682915	Aque_Choanocytes_2	0.0017926710143758816	Slac_11	0.01012732221732934	Scil_28	0.0060469703545678165	Scil_7	0.008515962421585652	Scil_13	0.005224618465726935	Scil_5	0.0028342879265930597	Scil_7	0.006512816458824207
Scil_29	0.005175613432698192	Slac_35	0.005915373268329029	Slac_31	0.06258346575472014	Slac_3	0.02202760816352939	Scil_7	0.026808830472942295	Scil_8	0.2800581253847943	Scil_31	0.015946554158523772	Scil_18	0.03712951507294931	Slac_4	0.002782498086752948	Scil_28	0.036031666308771124	Slac_6	0.002122617481772747	Scil_22	0.03978346842132205	Aque_Bactericidal	0.016203226628792946	Slac_34	0.00667982628179613	Scil_12	0.2858198918063743	Slac_6	0.06733916983104002	Slac_32	0.07449721592867022	Slac_7	0.006717836097468277	Scil_20	0.007168826382176146	Scil_18	0.07307349379070999	Scil_23	0.01666199839276391	Slac_31	0.0968259065111948	Scil_13	0.007023051844364037	Scil_20	0.03408449612050328	Scil_7	0.014843393033934397	Aque_Unk_1	0.010574851308363062	Scil_28	0.040044095962704626	Aque_Sperm	0.011999510819806675	Slac_10	0.06577364943240639	Scil_17	0.06619982867238831	Scil_8	0.03304004750696429	Slac_13	0.0415248388686301	Aque_Pinaco_1	0.01151595505432658	Scil_11	0.03669894783594383	Scil_23	0.025865598878757123	Slac_30	0.10920379766137234	Scil_31	0.034373497030848695	Scil_7	0.2011708482167768	Slac_13	0.03304004750696429	Scil_8	0.016356550225340143	Slac_27	0.07839884570723274	Slac_18	0.05220881807653062	Slac_4	0.030934994088130406	Scil_22	0.019665568574021856	Slac_6	0.03669894783594383	Scil_18	0.00015281052890580015	Slac_31	0.022163396863604527	Aque_Unk_1	0.040494350465400536	Scil_8	0.08656091834051978	Slac_13	0.012171720167558832	Slac_31	0.03419279330694602	Slac_28	0.03419046684309124	Slac_17	0.027719077160435007	Scil_29	0.01055904408217768	Aque_Pinaco_2	0.005765723405908689	Scil_16	0.015423990830016698	Slac_38	0.009553194364291388	Scil_23	0.029036860337815013	Scil_20	0.008980779706351987	Aque_Choanocytes_2	0.006625069708910911	Scil_7	0.011125499924750797	Aque_Choanocytes_2	0.017870694748690193	Scil_18	0.1313246708064236	Aque_Archaeo_1	0.006350874992476906	Slac_23	0.023633623483093735	Scil_27	0.018687181666336847	Slac_5	0.02940063368580719	Scil_7	0.040256831154717995	Scil_24	0.01243503844458933	Slac_29	0.012460968854548633	Scil_7	0.0034908160917270516	Aque_Choano_to_pinaco	0.01925292293514303	Slac_5	0.01666199839276391	Slac_35	0.013555259980662367	Aque_Unk_2	0.008251153226705854	Slac_5	0.014143218120867232	Aque_Archaeo_1	0.0221721011460615	Slac_19	0.006944552910554472	Aque_Archaeo_1	0.007351480059660444	Scil_20	0.011121789904833127	Slac_18	0.0	Slac_26	0.006243103492341103	Aque_Collagen	0.0015976004927177457	Slac_37	0.009975812854279426	Aque_Sperm	0.005719585471198489	Aque_Sperm	0.008344920078452582	Aque_Pinaco_2	0.0044455144155802154	Aque_Bactericidal	0.002803171101881176	Scil_8	0.006362598273581596
Scil_11	0.005143268017394953	Slac_27	0.004788116022616087	Slac_19	0.06225823574174556	Scil_6	0.021788682154973402	Scil_30	0.024679725754648642	Scil_29	0.2653113867671348	Aque_Choano_to_pinaco	0.013786926497861085	Scil_7	0.03681441302139897	Slac_35	0.001990795128587024	Scil_18	0.035289289014768827	Aque_Archaeo_2	0.0013493164366490903	Scil_23	0.03956689748975393	Aque_Aspcinzin	0.006971228265847366	Slac_10	0.0056312116539429065	Scil_14	0.27205885182417483	Slac_27	0.06501330096709766	Slac_33	0.06937472576616643	Slac_0	0.005594161862495686	Aque_Unk_2	0.006266393954101598	Aque_Archaeo_2	0.0693736797190823	Scil_7	0.014194370893400948	Slac_11	0.09432456711270244	Aque_Unk_1	0.002798112619371786	Aque_Collagen	0.032654042256773944	Slac_25	0.013786926497861085	Scil_29	0.009246796503912531	Aque_Pinaco_2	0.027171458274314116	Slac_34	0.010521892585958457	Slac_21	0.06391581575842849	Scil_18	0.05694211654972627	Scil_27	0.029254665704107636	Slac_11	0.03684581655747185	Slac_17	0.011497072570953362	Scil_18	0.034887980625676884	Scil_7	0.01946570155000305	Slac_29	0.10416997635099597	Scil_23	0.03389156392408427	Scil_19	0.19679241032221623	Slac_41	0.03217897588702035	Scil_19	0.016336243979517794	Slac_34	0.07541450830886574	Slac_24	0.046081950531353146	Slac_12	0.029437732695330288	Aque_Unk_2	0.01643888202182829	Slac_28	0.036272561319388316	Slac_19	0.0	Slac_25	0.020960144244845366	Scil_7	0.039998465086964266	Scil_18	0.08643336114918543	Slac_2	0.0111806843142651	Slac_28	0.034083549820831185	Aque_Pinaco_1	0.03274006703183365	Slac_34	0.025016994638860264	Scil_23	0.009092610055413479	Scil_16	0.005551683974877623	Scil_17	0.01480278443274825	Slac_13	0.009328677990948196	Scil_12	0.025318532531943865	Scil_18	0.00824398342428398	Scil_23	0.006521570256737279	Scil_11	0.010411307664939445	Scil_28	0.017411928581243317	Slac_28	0.1305668303646219	Aque_Unk_1	0.005751833324892567	Slac_28	0.020386390437657415	Aque_Pinaco_2	0.012696547842112788	Slac_13	0.028496215444396213	Scil_22	0.038160260086379155	Scil_22	0.007970969314327662	Slac_14	0.012061017158526748	Scil_15	0.0034169408945033198	Scil_30	0.01703206969812373	Slac_22	0.015607090427839134	Slac_37	0.013452042307489078	Scil_30	0.006750594744065008	Aque_Pinaco_2	0.013011922897978445	Slac_31	0.01703206969812373	Slac_13	0.006372053082215105	Scil_28	0.007209529074830417	Scil_18	0.011018104412040057	Slac_19	0.0	Slac_12	0.006011458866424202	Aque_Unk_2	0.0014823291039898928	Aque_Choano_to_pinaco	0.008362710101862483	Scil_30	0.0048530771947886756	Scil_20	0.007559245579537198	Scil_22	0.004145407521489808	Scil_17	0.0026555793101893854	Slac_18	0.006266393954101598
Scil_12	0.004046451566976831	Aque_Bactericidal	0.0034169408945033198	Scil_4	0.05677840373195575	Scil_1	0.021696330502527623	Aque_Archaeo_2	0.02131714599124644	Slac_40	0.21569988931668913	Scil_25	0.012101025652515788	Aque_Collagen	0.03254139044466904	Slac_6	0.0019859548841968	Scil_8	0.03448320427053512	Slac_33	0.00131003299362737	Aque_Bactericidal	0.03358482128984196	Slac_8	0.004155424451798677	Slac_31	0.005622840576191313	Slac_42	0.22409715169244313	Slac_32	0.06454762315219507	Slac_38	0.06374956758267447	Slac_12	0.004098842953058164	Scil_16	0.006222958045851103	Scil_14	0.05666152185043586	Scil_14	0.014143218120867232	Slac_13	0.09249957375021187	Scil_23	0.002724800521055175	Scil_18	0.03214089491145537	Slac_1	0.012782897989029245	Scil_23	0.008993276625782394	Aque_Aspcinzin	0.01846987499937456	Aque_Unk_1	0.010349104096849384	Slac_20	0.05938503642620625	Scil_28	0.03876655269782994	Scil_12	0.028496215444396213	Slac_3	0.03495960465747171	Slac_38	0.00938912498564486	Scil_22	0.03072412312796489	Scil_14	0.018565586169337248	Slac_19	0.10072139878999571	Scil_7	0.032583320180248294	Scil_11	0.19297452366317033	Slac_32	0.028879690570025023	Scil_24	0.01618848416672688	Slac_21	0.06859384739012338	Slac_27	0.04566932616554975	Scil_3	0.027822581946175484	Scil_30	0.013706278062139875	Slac_20	0.03620728743271016	Slac_18	0.0	Slac_28	0.020371298827093893	Scil_23	0.03959120660895535	Slac_12	0.08512074807355234	Aque_Choano_to_pinaco	0.008921330007591637	Slac_12	0.03360190177715201	Slac_10	0.03232453862209543	Slac_31	0.024891129060945996	Aque_Pinaco_2	0.0059862416698593535	Scil_6	0.005504698462354693	Scil_22	0.014756292542660884	Scil_13	0.009266169953865758	Aque_Collagen	0.02517241264457651	Aque_Choanocytes_2	0.005022867270718439	Scil_16	0.00649366364918445	Aque_Pinaco_1	0.009489445526618585	Scil_20	0.017035405483286113	Slac_41	0.12902593914962737	Scil_22	0.003356328787986907	Slac_21	0.01951389737120951	Scil_14	0.012588611471945085	Slac_24	0.02710571336209709	Scil_12	0.03652985600211022	Scil_14	0.007777609425897622	Slac_32	0.012011736796773222	Slac_2	0.003267174332975934	Scil_16	0.01669662639143204	Slac_33	0.015218919296918907	Slac_29	0.011628933009398473	Scil_15	0.005915373268329029	Slac_19	0.012588611471945085	Slac_30	0.015142989086183892	Slac_41	0.005621946394231676	Scil_17	0.005477564176705917	Slac_19	0.010930438875961243	Slac_14	0.0	Slac_20	0.005337170843187386	Scil_24	0.001446260805792659	Slac_40	0.0075904782279725014	Scil_31	0.004777251683468398	Scil_16	0.00709817133342745	Scil_28	0.0036266954103190896	Scil_16	0.002568067792301977	Slac_17	0.005606446031386564
Aque_Collagen	0.003458703776296932	Slac_12	0.0034032517274244856	Slac_6	0.05456116849638022	Scil_17	0.02085189647849151	Scil_31	0.019405562412100796	Slac_20	0.20490042738549574	Aque_Pinaco_1	0.009233216685541957	Scil_9	0.03232453862209543	Slac_31	0.0019709762017361544	Scil_23	0.029999442187883363	Slac_12	0.0010554693582539624	Aque_Choanocytes_2	0.02914467615696672	Aque_Choanocytes_2	0.003714436315038506	Aque_Unk_1	0.005319620176766123	Scil_20	0.22126954271627602	Slac_2	0.0545782996494219	Slac_28	0.06014832984238572	Slac_1	0.003683723508575111	Scil_14	0.00620416983098168	Aque_Archaeo_1	0.05307120694645886	Scil_18	0.011954039719651295	Slac_27	0.09234388304697469	Aque_Sperm	0.002558770449134739	Scil_14	0.029982251811661458	Slac_35	0.012210724270264154	Scil_28	0.004726494884914166	Scil_25	0.013135153265830559	Slac_31	0.008147564939974367	Slac_39	0.05737249765452439	Aque_Pinaco_2	0.036515021980875195	Scil_13	0.027218245407200505	Slac_31	0.030412297174053842	Aque_Choanocytes_2	0.008532529444904118	Scil_20	0.03051007893729139	Scil_32	0.018528857696143767	Slac_20	0.10060936578220273	Scil_22	0.030990618892115757	Scil_8	0.18225543638168318	Slac_3	0.024879152525040346	Scil_23	0.015607090427839134	Slac_13	0.06701930707847568	Slac_11	0.04490825305970867	Scil_32	0.027349525850340395	Aque_Choanocytes_2	0.011515578457658548	Aque_Sperm	0.03542824118772942	Slac_13	0.0	Slac_20	0.02005734759356135	Scil_30	0.03957737926159093	Scil_20	0.07870153668592188	Slac_6	0.008865700147551715	Slac_26	0.03275423576757547	Slac_11	0.03175667751756452	Aque_Unk_1	0.02085189647849151	Scil_22	0.004671921884209903	Scil_30	0.004275213213151793	Scil_14	0.014250677894661978	Slac_37	0.008344920078452582	Scil_32	0.024655810595107977	Scil_26	0.00488375057529909	Aque_Collagen	0.00397193916133644	Scil_14	0.008157931884818746	Scil_31	0.015981256135771983	Slac_29	0.12704976615024027	Scil_21	0.002940732861415323	Slac_22	0.01857968897750475	Scil_21	0.011477634800623134	Slac_27	0.025622946494575395	Scil_23	0.035660655397361275	Aque_Unk_2	0.006893769910320648	Slac_22	0.011998735476215248	Scil_30	0.003196373757143119	Aque_Sperm	0.016236056440835044	Slac_27	0.012417834352335802	Slac_15	0.009980691135419875	Scil_25	0.002822790361336094	Slac_40	0.011622075505092009	Slac_3	0.013706278062139875	Slac_20	0.0053726404751750275	Scil_18	0.005432791270752644	Slac_8	0.01050911387061932	Slac_13	0.0	Slac_34	0.004777251683468398	Scil_7	0.0009563913519433342	Slac_2	0.00630756584059861	Aque_Pinaco_1	0.004697112321764657	Scil_9	0.006507353890166334	Scil_17	0.0035658835401118126	Aque_Collagen	0.002549550544460775	Slac_20	0.005502693436622124
Aque_Unk_1	0.0026132040100585647	Slac_38	0.003240109361354101	Scil_11	0.0500187478905547	Slac_5	0.020488291617940746	Scil_17	0.01815619515696781	Scil_28	0.19498566410936663	Scil_28	0.0075610602635060266	Scil_12	0.030595230941200223	Slac_7	0.0017518950866561179	Scil_17	0.027719077160435007	Aque_Aspcinzin	0.001038832710512295	Aque_Unk_1	0.02723321785786999	Aque_Collagen	0.0014840036098829755	Slac_17	0.00354949426738563	Scil_7	0.21258339409918076	Slac_7	0.053828330889353494	Slac_26	0.05971385655989717	Aque_Choanocytes_1	0.0035213005953880203	Aque_Archaeo_1	0.004567564633225805	Scil_8	0.05146053972430166	Aque_Pinaco_1	0.010531915009839743	Slac_21	0.09057017532055553	Aque_Choanocytes_2	0.0024036013089745963	Scil_29	0.028307921111533112	Scil_10	0.009632529777395598	Scil_17	0.0038764207312781233	Scil_31	0.01155618379680789	Aque_Pinaco_1	0.007684729890662661	Slac_17	0.04961390581684133	Scil_25	0.03160935625054182	Scil_23	0.024239153272025395	Slac_28	0.02582315595048511	Slac_8	0.004203265440894612	Scil_23	0.028760691705796083	Scil_24	0.018008278963183542	Slac_12	0.08868113721962892	Scil_20	0.030641221205424146	Scil_10	0.17280907795857953	Slac_11	0.023571123318984928	Scil_12	0.015587041144529037	Slac_20	0.06469515596972762	Slac_13	0.044711879492944334	Slac_15	0.027171458274314116	Scil_7	0.009337577767235598	Slac_30	0.031170706401387572	Slac_12	0.0	Slac_27	0.01997821858662868	Scil_15	0.03294584184646013	Scil_5	0.07631543775411243	Slac_27	0.008689047709495117	Slac_18	0.029955508558981638	Slac_20	0.030753153862789373	Slac_29	0.019130663778826433	Aque_Archaeo_1	0.004608575691161656	Aque_Choanocytes_2	0.0036279918842141634	Scil_24	0.0136108282510363	Scil_0	0.008176521580161059	Scil_7	0.02005734759356135	Scil_7	0.004484434712858814	Scil_22	0.0038231544819151654	Scil_30	0.007076949720696726	Aque_Unk_1	0.012871190812432287	Scil_5	0.12326311366776732	Aque_Bactericidal	0.0020923028028843613	Aque_Unk_1	0.017036867414376343	Scil_7	0.01144948694668939	Slac_20	0.025318532531943865	Scil_17	0.03277715455842002	Aque_Pinaco_1	0.0058913768910121974	Slac_5	0.011954039719651295	Slac_16	0.002854304290932974	Scil_15	0.014625119302658548	Slac_14	0.012309034726697459	Slac_27	0.008603071783422098	Scil_29	0.002730562334774272	Slac_13	0.011239248128875744	Aque_Choanocytes_1	0.010303357644773019	Slac_14	0.005175613432698192	Aque_Archaeo_2	0.002731685717042087	Slac_38	0.010174754395121624	Slac_12	0.0	Slac_3	0.004569447347218257	Scil_20	0.0009463024941864368	Slac_12	0.00568787818184893	Scil_14	0.004581918582365452	Aque_Pinaco_2	0.005674475100847392	Scil_25	0.003543814206860772	Scil_18	0.002325086774149895	Scil_13	0.004942931854899161
Scil_5	0.0023924188364165453	Aque_Unk_2	0.00243580425190629	Scil_8	0.049265558739250204	Slac_33	0.019177816062006556	Aque_Unk_2	0.01525482867972787	Scil_5	0.1941487067773488	Aque_Aspcinzin	0.005772066510151787	Scil_22	0.02799019670945709	Aque_Pinaco_1	0.001713714011777517	Scil_5	0.025002161078135493	Aque_Archaeo_1	0.0008257922389724717	Scil_30	0.022355114144916022	Aque_Choano_to_pinaco	0.0	Aque_Choanocytes_2	0.0032536087301675946	Scil_13	0.1915603973657296	Slac_12	0.04508771285701218	Slac_35	0.05874031506996291	Slac_2	0.003286414453115327	Scil_5	0.003944643585503291	Scil_20	0.05113940669706692	Scil_31	0.007015225012682915	Slac_42	0.08231913374425312	Aque_Pinaco_1	0.0021838483076431314	Scil_30	0.02376821689834884	Slac_20	0.009388679974936653	Scil_22	0.003664641252903965	Scil_22	0.009980691135419875	Slac_39	0.0065607599260079546	Aque_Collagen	0.04871119077411624	Aque_Archaeo_1	0.02133459930989643	Aque_Unk_1	0.02310449428804984	Slac_37	0.025755136731012186	Aque_Choanocytes_1	0.003440425282434636	Aque_Choanocytes_2	0.026017386169145694	Scil_27	0.01700295801560732	Slac_33	0.08584156023123433	Aque_Choanocytes_2	0.02557381030124219	Slac_20	0.16696042392977217	Slac_31	0.022733620111619803	Scil_18	0.011998735476215248	Slac_35	0.06419040159355746	Slac_34	0.04012808517140824	Scil_26	0.026135432294483146	Scil_14	0.007974129519902201	Slac_31	0.02736048692340403	Slac_11	0.0	Slac_12	0.01946570155000305	Scil_22	0.030788419006389678	Slac_41	0.07629185035779548	Slac_30	0.008581902999185211	Slac_3	0.029004377977887748	Slac_21	0.02825296509157125	Slac_4	0.01815619515696781	Scil_17	0.0040572634552253194	Scil_18	0.002662153611732072	Aque_Unk_2	0.011940185175185846	Slac_6	0.007202408002071341	Scil_27	0.01849752194277063	Aque_Unk_2	0.004087407656990364	Scil_31	0.002183215183137069	Aque_Unk_2	0.006570703707970885	Scil_23	0.012417834352335802	Scil_7	0.1232309756623506	Aque_Choano_to_pinaco	0.001541725310282829	Slac_27	0.017035405483286113	Aque_Collagen	0.010930438875961243	Slac_29	0.02429055172876254	Scil_19	0.029682360552013537	Scil_18	0.005862452925607637	Aque_Unk_1	0.011364156009427077	Scil_8	0.0028391783609356324	Scil_9	0.012598222823082813	Aque_Unk_1	0.011298330216383157	Slac_28	0.007970969314327662	Scil_9	0.0023514591610792656	Slac_20	0.009765395381835363	Slac_12	0.009949270138472648	Aque_Archaeo_1	0.004513838623387579	Aque_Unk_1	0.0016423962669200177	Slac_21	0.009512265379285845	Slac_11	0.0	Slac_28	0.004254567331850763	Scil_16	0.0005157041774674295	Slac_0	0.005656073042951992	Scil_11	0.0035403528390303115	Scil_18	0.005654059549650905	Scil_15	0.003240109361354101	Scil_24	0.001620713271144989	Slac_33	0.004087407656990364
Scil_22	0.0022310076197756263	Slac_33	0.0006777649003231987	Slac_40	0.04468207156355648	Slac_34	0.0175698549218588	Scil_15	0.01516862996417466	Scil_22	0.14845346754003208	Aque_Sperm	0.0022111507705774077	Scil_29	0.02719474240358759	Slac_11	0.0015831602225873226	Scil_29	0.022448332955667415	Slac_2	0.0008155043428993769	Scil_16	0.02215088232605623	Slac_15	0.0	Slac_18	0.0024477122319507697	Scil_31	0.1860817681662916	Aque_Sperm	0.04446538525773695	Slac_13	0.05601926099330058	Slac_30	0.002940732861415323	Aque_Sperm	0.0033585654773728726	Scil_29	0.03266520839087049	Aque_Choanocytes_2	0.0035559873549201398	Slac_26	0.07030319230635507	Scil_22	0.0021694620524268116	Scil_7	0.02299712554646948	Scil_13	0.009349126665565293	Aque_Pinaco_2	0.0031042108795746584	Aque_Collagen	0.0036753761301756907	Slac_10	0.005131258377301979	Slac_34	0.04623966925636614	Scil_31	0.016864865489107483	Scil_18	0.01993981292850396	Aque_Choano_to_pinaco	0.025575195902987697	Slac_22	0.0014224483878706776	Scil_31	0.01888118979039071	Scil_29	0.014875220839283661	Slac_31	0.08384236631105126	Aque_Unk_2	0.0179298853841987	Scil_6	0.16199396121259818	Aque_Collagen	0.021591733801048372	Scil_14	0.009407744431005822	Slac_10	0.06136836656412441	Slac_20	0.03821027341955026	Slac_11	0.02481700082729728	Scil_31	0.004569447347218257	Aque_Unk_1	0.024489422979406976	Slac_10	0.0	Slac_23	0.018235116724199772	Scil_20	0.030562645545149092	Scil_11	0.07402689768663188	Slac_37	0.00709817133342745	Aque_Pinaco_1	0.028583240890437567	Slac_18	0.02440709511612028	Slac_18	0.017706478843668792	Scil_9	0.003985542044262691	Scil_22	0.0019355898201679478	Scil_26	0.01012732221732934	Slac_34	0.005719585471198489	Aque_Sperm	0.016099947070659083	Scil_14	0.0036397718604947093	Aque_Bactericidal	0.0014469176128316615	Aque_Choanocytes_2	0.006125722659765655	Aque_Choanocytes_1	0.012150321929330177	Scil_23	0.11636712117191436	Scil_26	0.0013538060987385678	Slac_13	0.015893475487394584	Scil_23	0.01066135154193903	Aque_Unk_1	0.023339774670004736	Scil_14	0.027848650071903024	Aque_Choanocytes_2	0.005836294236129344	Aque_Pinaco_1	0.011162436299671459	Slac_36	0.002803171101881176	Scil_12	0.010861917697798004	Slac_40	0.01082399237943423	Aque_Pinaco_1	0.00705466124614372	Scil_28	0.001990795128587024	Slac_22	0.009407744431005822	Slac_11	0.007989322753881348	Aque_Collagen	0.004054255060276089	Scil_31	0.0015943699025258219	Scil_15	0.009294098883423342	Slac_10	0.0	Slac_13	0.0039901037287052785	Aque_Pinaco_1	0.0004300573410781098	Slac_19	0.005487724538984282	Scil_29	0.0031864610786575725	Scil_23	0.004658397857408628	Aque_Unk_2	0.0031543319634784956	Scil_27	0.0012354626239041585	Scil_1	0.003919551442583384
Scil_16	0.002229355707946969	Slac_11	0.000659861737843827	Slac_11	0.04444145555493627	Scil_20	0.017036867414376343	Scil_26	0.013975260415838655	Slac_7	0.14297315616720763	Aque_Archaeo_1	0.0008850257240320583	Aque_Unk_2	0.025834149365260056	Slac_37	0.0015503173297304212	Scil_6	0.022330262652540935	Slac_29	0.0006638130584316753	Scil_29	0.019587039474310453	Slac_14	0.0	Slac_36	0.001620713271144989	Slac_39	0.17798954725080518	Slac_3	0.043911792372881786	Slac_22	0.051698606912463765	Aque_Archaeo_1	0.0021362213754447176	Scil_23	0.003235395408734405	Aque_Unk_2	0.032585487197561644	Scil_16	0.0030539206736512315	Slac_23	0.0699932821936182	Scil_30	0.0021616679909626825	Scil_19	0.019811302485112807	Scil_16	0.008921330007591637	Aque_Archaeo_2	0.002398644795650713	Aque_Bactericidal	0.0011102235246872678	Aque_Choanocytes_1	0.003982133247054627	Slac_22	0.045823055171062374	Aque_Unk_1	0.01680537569631304	Scil_20	0.015893475487394584	Slac_33	0.024885419203589873	Slac_36	0.0012354626239041585	Scil_26	0.017564927321042742	Scil_19	0.012218367378231511	Slac_17	0.08014557843887396	Aque_Pinaco_1	0.01253321875842971	Slac_39	0.1562357634152278	Slac_38	0.019823671785713207	Scil_29	0.009226532029053908	Slac_41	0.05833863662429336	Slac_31	0.03647868023799168	Scil_2	0.024118007205504912	Aque_Pinaco_1	0.0036062134029167512	Slac_24	0.02325458591518993	Slac_1	0.0	Aque_Pinaco_2	0.017366040662123446	Scil_31	0.026115356026605273	Scil_25	0.07211362062189289	Slac_23	0.00649366364918445	Slac_13	0.027218245407200505	Slac_22	0.02361788246818281	Aque_Choanocytes_1	0.015624399340100468	Aque_Archaeo_2	0.003797458194493381	Aque_Unk_2	0.0014973853077669512	Scil_18	0.009264125169115373	Scil_10	0.005067714759479211	Scil_13	0.015548091889329999	Scil_30	0.0026876765221823112	Aque_Unk_2	0.0014254521090220343	Scil_26	0.0031090723575665576	Scil_16	0.008689047709495117	Slac_33	0.11051043562675422	Aque_Pinaco_2	0.0008475639835129327	Slac_35	0.015446020287532647	Scil_31	0.009235219168848067	Slac_33	0.022554645611025704	Scil_18	0.02652220758684177	Scil_31	0.004254567331850763	Aque_Collagen	0.011018104412040057	Scil_10	0.002753985173173611	Aque_Pinaco_2	0.009689405540011905	Aque_Pinaco_1	0.01078971080286673	Slac_32	0.004671921884209903	Scil_18	0.0019552576656277055	Slac_29	0.008157931884818746	Aque_Aspcinzin	0.007909594053682452	Slac_37	0.0033205400671860895	Aque_Unk_2	0.0009921281999903792	Slac_27	0.008666402778514623	Slac_1	0.0	Slac_31	0.0033554769648375333	Scil_14	0.00027824863833065763	Slac_33	0.00488375057529909	Scil_20	0.002881325524608865	Scil_29	0.0033205400671860895	Aque_Choano_to_pinaco	0.0029884811157658026	Scil_30	0.001197643602917223	Scil_12	0.0038606320852451865
Scil_9	0.001322257997013456	Slac_28	0.0006548204271259242	Slac_37	0.04062087097022828	Slac_9	0.01680537569631304	Aque_Collagen	0.013548473868608715	Slac_31	0.1424723903681821	Aque_Bactericidal	0.0007214972244403633	Scil_14	0.025624981282056487	Slac_21	0.0013956679107973052	Scil_26	0.01898107795167247	Slac_11	0.0003599623501110658	Aque_Collagen	0.018226901224491245	Aque_Unk_1	0.0	Slac_39	0.001446260805792659	Slac_16	0.16364545817331544	Slac_19	0.036612423217794086	Slac_20	0.05120855316211544	Slac_33	0.0011942943669979121	Aque_Collagen	0.002816166947563297	Scil_28	0.021688098372358383	Aque_Unk_2	0.0025466184057451077	Slac_17	0.0689022299419703	Scil_11	0.0014113044931318662	Scil_24	0.018374954356418123	Scil_12	0.008861828934632459	Aque_Archaeo_1	0.0018310586534290684	Aque_Archaeo_1	0.000880207659392572	Slac_17	0.003569042012340504	Slac_25	0.04505595875620603	Scil_22	0.015387247104122278	Scil_19	0.01511761699545695	Slac_35	0.02439573571478149	Aque_Collagen	0.0011522521668055634	Scil_21	0.015737108944430894	Aque_Unk_2	0.010920774722382615	Slac_21	0.07541852865339578	Scil_16	0.0111806843142651	Scil_27	0.14496357409003793	Slac_33	0.019229393506353363	Scil_31	0.008224461851309286	Slac_22	0.057095807465080986	Slac_22	0.03545402087565602	Scil_4	0.022006797006603136	Aque_Sperm	0.0033275931416617234	Aque_Unk_2	0.022430563327939114	Slac_0	0.0	Aque_Choano_to_pinaco	0.014843393033934397	Aque_Unk_2	0.02175117990938786	Slac_17	0.06914504916438675	Slac_18	0.006222958045851103	Slac_27	0.027143041291551862	Slac_24	0.019753354917002575	Slac_11	0.01480278443274825	Scil_25	0.003627793592083374	Scil_29	0.0008816547154177125	Scil_30	0.007989322753881348	Slac_1	0.004540227346038078	Aque_Unk_1	0.015463298973019474	Scil_31	0.002276766052453429	Aque_Pinaco_1	0.0013617441624685556	Scil_31	0.0027862624452425315	Aque_Collagen	0.008666402778514623	Scil_11	0.1075070599683442	Scil_17	0.0006619384310183425	Slac_32	0.012616852128239217	Scil_29	0.006944552910554472	Aque_Pinaco_1	0.02240383692690561	Scil_20	0.024959038979794963	Scil_30	0.0025935393773496894	Slac_18	0.01088810355725453	Slac_10	0.0025003926312582437	Scil_19	0.008147564939974367	Slac_19	0.01066135154193903	Slac_38	0.004145407521489808	Scil_14	0.001496641240620192	Slac_3	0.007974129519902201	Slac_29	0.007076949720696726	Slac_34	0.0031864610786575725	Aque_Pinaco_2	0.0007721802853626859	Slac_34	0.007575244173868763	Slac_0	0.0	Aque_Pinaco_2	0.0029150336033962653	Scil_29	0.00018942292376171628	Slac_29	0.0031090723575665576	Scil_22	0.00273371593116316	Scil_25	0.002675193311487728	Scil_14	0.0025298984946419208	Scil_29	0.0010541117887133977	Scil_23	0.0036779377260714417
Scil_14	0.0005092515905396539	Slac_19	0.00015938953398969202	Scil_9	0.03274006703183365	Scil_16	0.016372212778335567	Scil_21	0.009406716575366016	Slac_22	0.12891152715528173	Aque_Pinaco_2	0.0002477758910193685	Scil_23	0.024878558048349802	Slac_19	0.001303102851284691	Scil_32	0.017754719397377865	Slac_26	8.509533103200481e-05	Aque_Pinaco_1	0.01679918942733699	Aque_Sperm	0.0	Slac_8	0.0013778424657074344	Scil_18	0.14909885671728812	Aque_Pinaco_1	0.02976596331165805	Slac_30	0.04359842346263099	Slac_29	0.0010342010552391676	Scil_24	0.0024477122319507697	Scil_22	0.014149042584376686	Scil_29	0.0008365278489224275	Slac_22	0.06193537471252484	Scil_28	0.0013956679107973052	Aque_Unk_2	0.018121075356456615	Scil_26	0.008362710101862483	Scil_31	0.001252250797747041	Aque_Unk_2	0.0	Slac_36	0.0033278747018580268	Slac_42	0.04168619980328504	Aque_Unk_2	0.011451865669168318	Scil_22	0.014489582983548948	Slac_29	0.023982910025434217	Slac_18	0.0010025423892066716	Scil_15	0.013392538691763916	Scil_30	0.009949270138472648	Slac_36	0.07223708047449603	Scil_29	0.007946833324419898	Slac_34	0.1407046004938321	Slac_29	0.018058741098357083	Aque_Unk_1	0.0079335541242362	Aque_Pinaco_1	0.05677840373195575	Slac_23	0.035187086079079784	Scil_21	0.019323141503155224	Scil_26	0.0011478278093496274	Slac_5	0.022168307191221853	Aque_Unk_2	0.0	Slac_5	0.014194370893400948	Scil_16	0.019154790025866498	Slac_19	0.056644672728930215	Slac_19	0.0060989278737529845	Slac_19	0.020584154850960372	Aque_Choano_to_pinaco	0.01551156129887345	Slac_37	0.014098517805989488	Aque_Bactericidal	0.001704835612790485	Aque_Pinaco_1	0.0003977568246787891	Aque_Bactericidal	0.004402483591502448	Scil_18	0.0042361319113632225	Scil_20	0.012237918221785707	Scil_29	0.0014617991277966612	Scil_29	0.0005421776783606986	Scil_16	0.0012839941497700756	Scil_22	0.008603071783422098	Scil_6	0.10448984354165092	Aque_Unk_2	0.0003872610453902635	Slac_20	0.012237918221785707	Scil_16	0.0060989278737529845	Slac_21	0.020838833804993597	Aque_Sperm	0.023600033278707865	Aque_Sperm	0.0015685991254567055	Slac_21	0.009959472608346889	Slac_20	0.0021034468584031395	Scil_24	0.005622840576191313	Slac_35	0.009999453152410671	Slac_36	0.003945865243257525	Aque_Collagen	0.0007108341194580582	Slac_28	0.007777609425897622	Slac_35	0.006750594744065008	Slac_11	0.002916777288860484	Aque_Sperm	0.0006198705195513565	Scil_1	0.004782033865418688	Aque_Unk_2	0.0	Slac_29	0.0027862624452425315	Aque_Sperm	0.0	Slac_34	0.002628719039127693	Scil_26	0.002628719039127693	Scil_14	0.0020466528483950733	Scil_29	0.0018880998353303937	Aque_Unk_2	0.0010064238592914503	Scil_18	0.003399215052500669
Aque_Bactericidal	0.00040167134032208777	Slac_2	0.00015522673408312716	Scil_14	0.032085710999800086	Scil_10	0.015603490815538723	Aque_Bactericidal	0.005713408454510687	Scil_25	0.12460656242159754	Aque_Unk_2	0.0	Scil_20	0.023836080416340895	Slac_33	0.0010039795419880947	Aque_Bactericidal	0.014120305534113486	Slac_36	6.970839153925193e-05	Aque_Sperm	0.012387851094839966	Aque_Unk_2	0.0	Slac_4	0.0013752921032883013	Slac_12	0.13764821666482713	Slac_21	0.02740255299904682	Aque_Collagen	0.041887375904864924	Slac_11	0.000716908785293809	Aque_Archaeo_2	0.0020584334443393614	Aque_Sperm	0.013082025757689788	Aque_Sperm	0.0007134785892910632	Slac_18	0.05300345743137005	Aque_Unk_2	0.0013889449871326049	Scil_26	0.017572419132409804	Slac_18	0.007917386606212192	Aque_Sperm	0.00033712000079491264	Aque_Unk_1	0.0	Aque_Collagen	0.00209967053768823	Slac_38	0.037071276718723095	Aque_Bactericidal	0.010877223115201892	Scil_24	0.013820067898389379	Aque_Collagen	0.023586630742416785	Aque_Unk_1	0.0009248240484169444	Aque_Unk_2	0.011710931051658293	Scil_31	0.006011458866424202	Aque_Pinaco_1	0.06974836902006369	Scil_26	0.00630756584059861	Scil_12	0.1368420163789131	Slac_22	0.016356550225340143	Aque_Bactericidal	0.005673466529452344	Slac_42	0.05667625371604916	Slac_28	0.03509668585978084	Scil_7	0.017366040662123446	Scil_16	0.0005199523531062384	Slac_41	0.021642687401763127	Aque_Unk_1	0.0	Aque_Sperm	0.013637958380621821	Aque_Choano_to_pinaco	0.012782897989029245	Slac_1	0.05097485605086245	Slac_26	0.005551683974877623	Slac_33	0.016432667037222484	Aque_Unk_1	0.015156146394195078	Aque_Pinaco_1	0.012317011220053999	Aque_Sperm	0.00022750823828546462	Aque_Bactericidal	0.0002913895384828591	Scil_29	0.002916777288860484	Slac_18	0.0033585654773728726	Scil_14	0.009765395381835363	Scil_25	0.00131003299362737	Scil_26	0.00030914599341931993	Scil_21	0.0010342010552391676	Scil_29	0.007628864879889501	Slac_0	0.0847600149620018	Aque_Sperm	0.0003555378767408593	Slac_26	0.012134260877146762	Aque_Bactericidal	0.005736608642602461	Slac_32	0.019426306589498496	Scil_25	0.020561968592212536	Scil_29	0.0012684844206501446	Slac_11	0.009264125169115373	Slac_30	0.0020923028028843613	Scil_14	0.004488673016711319	Slac_26	0.009439454359693084	Slac_23	0.0038231544819151654	Scil_31	0.0006985959364354769	Slac_26	0.007214302521130704	Slac_34	0.0048530771947886756	Slac_35	0.002730562334774272	Scil_22	0.00044501420866283894	Scil_29	0.004054255060276089	Aque_Sperm	0.0	Slac_33	0.002276766052453429	Aque_Bactericidal	0.0	Slac_30	0.0013538060987385678	Scil_7	0.0018325889968695299	Scil_28	0.0015503173297304212	Scil_31	0.0018368958990754164	Scil_21	0.0004568542716815169	Slac_0	0.003310613671162027
Scil_20	0.00035628783336548177	Aque_Archaeo_1	0.00011378392490901889	Scil_24	0.030757531645372087	Slac_20	0.015463298973019474	Scil_25	0.004455834247109006	Slac_37	0.12161077997232084	Aque_Archaeo_2	0.0	Scil_32	0.022279892494382777	Aque_Unk_2	0.0007105400223136585	Aque_Sperm	0.013391782390618367	Aque_Unk_2	0.0	Scil_28	0.01145341216835724	Aque_Choanocytes_1	0.0	Aque_Bactericidal	0.0007893340312677104	Slac_7	0.12801669764917623	Slac_36	0.025358445398859297	Slac_31	0.03838592537720055	Aque_Unk_1	0.0006269307337941988	Scil_31	0.001542019866704276	Scil_31	0.011070733872952347	Aque_Bactericidal	0.00033705697125604875	Slac_38	0.051291568744700686	Scil_26	0.0006500358629860689	Scil_15	0.015773325427251784	Scil_20	0.00701372434954624	Aque_Bactericidal	0.0	Aque_Sperm	0.0	Slac_4	0.0015578676414224803	Slac_40	0.034538837803897396	Aque_Sperm	0.0012790769013525318	Scil_16	0.012171720167558832	Slac_17	0.022330262652540935	Slac_42	0.0005675324060097557	Scil_16	0.008865700147551715	Scil_26	0.00568787818184893	Slac_34	0.06253880394849064	Scil_28	0.005132712129382791	Slac_22	0.1350476188310739	Slac_34	0.016185427501290903	Scil_28	0.005561915051709832	Slac_39	0.052359467465179756	Slac_29	0.03194443345284878	Slac_34	0.015986204868767374	Scil_29	0.00028786776730366437	Slac_3	0.02154339586588732	Aque_Sperm	0.0	Slac_38	0.012608566892490899	Scil_26	0.011195103438859317	Slac_22	0.050546205224404304	Slac_20	0.0048638400339274844	Slac_29	0.016004558287826345	Slac_40	0.014744356685468038	Slac_14	0.011498872588218311	Aque_Unk_1	0.0001825742971970638	Aque_Sperm	0.00018110167232029433	Aque_Choano_to_pinaco	0.0023874220373447286	Slac_3	0.0033275931416617234	Aque_Choano_to_pinaco	0.009388679974936653	Aque_Sperm	0.0012528210430633418	Aque_Sperm	0.00028251488984526153	Aque_Bactericidal	0.0010229144725975138	Aque_Bactericidal	0.0063755202255254525	Slac_34	0.0822551568622236	Aque_Collagen	0.0	Slac_29	0.011730047173748308	Scil_26	0.005487724538984282	Slac_22	0.015587041144529037	Aque_Unk_2	0.020528106066772432	Aque_Bactericidal	0.0008250389104201512	Slac_33	0.00824398342428398	Slac_7	0.001994871480600975	Scil_31	0.0033554769648375333	Slac_32	0.009092610055413479	Slac_24	0.003664641252903965	Scil_17	0.0006779354954564475	Slac_23	0.006917238556088457	Slac_27	0.004539118111342463	Slac_38	0.0018880998353303937	Scil_24	0.0002937924086168116	Slac_23	0.00397193916133644	Aque_Collagen	0.0	Slac_23	0.002183215183137069	Aque_Choano_to_pinaco	0.0	Slac_3	0.0011478278093496274	Aque_Unk_2	0.0017461787581922934	Scil_31	0.0007888959306768474	Scil_16	0.0015612695465437756	Aque_Unk_1	0.0002403349680032534	Slac_38	0.0031543319634784956
Scil_28	0.00027570244285327983	Aque_Archaeo_2	0.0	Scil_1	0.02976596331165805	Scil_9	0.015156146394195078	Scil_28	0.002782498086752948	Slac_13	0.11740074341385517	Aque_Collagen	0.0	Scil_16	0.01611389209733709	Slac_1	0.0006820770730538649	Scil_27	0.011497072570953362	Aque_Collagen	0.0	Scil_26	0.005656073042951992	Aque_Pinaco_1	0.0	Slac_37	0.00041190751686503307	Slac_34	0.1176667642737651	Slac_37	0.02528690062407632	Slac_34	0.028831723088197665	Slac_41	0.0005437820251033755	Scil_19	0.0015251193273705089	Aque_Collagen	0.01050911387061932	Scil_28	0.00018679834522937244	Slac_39	0.05017495438106084	Scil_16	0.00030060711915191803	Scil_31	0.014336084190552082	Scil_5	0.00585148012754887	Aque_Collagen	0.0	Aque_Archaeo_2	0.0	Slac_18	0.0015251193273705089	Slac_35	0.033206707423352355	Aque_Collagen	0.0004421863576448211	Aque_Unk_2	0.012076970348871126	Slac_5	0.021802403423779728	Slac_31	0.0004976202848777256	Scil_29	0.008007255814572217	Scil_28	0.004133718672289786	Slac_24	0.05026828526555603	Scil_21	0.003286414453115327	Scil_14	0.13266729904247213	Slac_23	0.015770914107807472	Scil_22	0.0034187967672283195	Aque_Unk_1	0.04926668583717809	Aque_Choano_to_pinaco	0.028948115890622537	Slac_23	0.015174274175227825	Scil_28	0.00016758720398065023	Slac_23	0.017736063384238197	Aque_Collagen	0.0	Slac_19	0.01144948694668939	Scil_29	0.009385314238339455	Scil_23	0.0490098278964319	Aque_Pinaco_2	0.0042887433597969	Slac_20	0.015548091889329999	Slac_38	0.013450275665387377	Aque_Unk_2	0.008451403097861894	Aque_Collagen	0.0	Scil_25	8.509533103200481e-05	Scil_31	0.0021463498886058682	Scil_14	0.002837776525018273	Aque_Unk_2	0.005502693436622124	Scil_21	0.0011942943669979121	Scil_30	0.000263493031583813	Scil_25	0.0006638130584316753	Scil_15	0.004788116022616087	Slac_17	0.08071960596689877	Slac_0	0.0	Aque_Collagen	0.011121789904833127	Scil_30	0.0020880638989868097	Slac_23	0.014931663490530147	Scil_24	0.01767842621166592	Scil_28	0.000656250491167148	Slac_42	0.008162425212843062	Slac_1	0.001985801341522009	Scil_28	0.0019709762017361544	Slac_24	0.008993276625782394	Slac_39	0.0035925116952731317	Scil_26	0.0005595530822572008	Aque_Unk_1	0.006405493820679309	Slac_26	0.004275213213151793	Aque_Choano_to_pinaco	0.0017793743036001273	Aque_Collagen	0.0	Slac_15	0.0036753761301756907	Aque_Pinaco_1	0.0	Slac_11	0.0021463498886058682	Slac_0	0.0	Aque_Unk_1	0.000701555235626736	Scil_21	0.000400210125228312	Aque_Unk_2	0.0005899773992749784	Scil_30	0.0009691249675860059	Scil_26	0.00016538455380446127	Scil_16	0.002847308938255792
Scil_27	7.10122002144665e-05	Aque_Unk_1	0.0	Scil_13	0.028583240890437567	Slac_29	0.014974805799918778	Scil_19	0.0015578676414224803	Scil_26	0.11235845850699563	Slac_19	0.0	Scil_27	0.01154518630658997	Slac_28	0.000656250491167148	Aque_Unk_2	0.005606446031386564	Slac_19	0.0	Scil_21	0.005594161862495686	Slac_18	0.0	Slac_40	0.0002937924086168116	Scil_1	0.11690314653575067	Slac_42	0.025031448040268488	Aque_Pinaco_1	0.02757376536012504	Slac_36	0.0004568542716815169	Scil_27	0.0010025423892066716	Aque_Bactericidal	0.007197653511283937	Slac_19	0.0	Aque_Unk_1	0.04815736216979868	Scil_29	0.0002538447347965187	Scil_21	0.006717836097468277	Scil_14	0.005820060254821711	Slac_19	0.0	Slac_19	0.0	Slac_8	0.0004446002994393204	Slac_31	0.029798752252960203	Aque_Archaeo_2	0.0003333323327567911	Scil_14	0.011239248128875744	Aque_Unk_1	0.021788682154973402	Slac_4	0.000339050884469114	Aque_Sperm	0.007202408002071341	Scil_21	0.004098842953058164	Slac_39	0.04964973444882475	Aque_Bactericidal	0.003267174332975934	Scil_1	0.1265918685665029	Aque_Pinaco_2	0.015076689555712291	Aque_Unk_2	0.0016493695386612197	Slac_31	0.0460766201160008	Slac_33	0.02843091018210307	Scil_8	0.015076689555712291	Scil_21	0.00010978180329560313	Slac_37	0.01755645584589022	Aque_Archaeo_2	0.0	Slac_29	0.011125499924750797	Aque_Sperm	0.004540227346038078	Slac_6	0.043813677876889424	Aque_Bactericidal	0.003809340509471501	Slac_14	0.013026358577917101	Slac_34	0.012745433231382811	Slac_40	0.005477564176705917	Slac_19	0.0	Slac_19	0.0	Scil_28	0.0015831602225873226	Slac_21	0.002558770449134739	Scil_29	0.0053726404751750275	Scil_28	0.0010039795419880947	Slac_19	0.0	Scil_29	0.000620108634938189	Scil_30	0.004539118111342463	Scil_20	0.07824018987268119	Slac_19	0.0	Aque_Pinaco_1	0.011090889291083206	Aque_Unk_2	0.0015084783271548097	Slac_31	0.010861917697798004	Scil_16	0.016495676130715592	Scil_15	0.0006548204271259242	Slac_23	0.007833757528717573	Scil_18	0.0018442303188143585	Scil_29	0.001111959721582272	Slac_38	0.006854029188124372	Slac_22	0.0034187967672283195	Scil_19	0.0001599306027833739	Slac_18	0.00620416983098168	Aque_Bactericidal	0.003196373757143119	Slac_33	0.0014617991277966612	Slac_19	0.0	Scil_4	0.0036465505232782776	Aque_Bactericidal	0.0	Slac_17	0.002003717996239128	Slac_19	0.0	Slac_21	0.0006500358629860689	Aque_Choano_to_pinaco	0.00034780426380082543	Scil_24	0.00041190751686503307	Aque_Bactericidal	0.0009562132757325014	Scil_25	6.970839153925193e-05	Slac_5	0.0025466184057451077
Slac_19	0.0	Aque_Sperm	0.0	Scil_5	0.02757376536012504	Slac_28	0.012904548636101043	Scil_24	0.0013752921032883013	Scil_30	0.09803141909031376	Slac_18	0.0	Scil_31	0.008609818840876447	Aque_Pinaco_2	0.0004340036754463477	Scil_19	0.003569042012340504	Aque_Unk_1	0.0	Aque_Unk_2	0.003310613671162027	Slac_31	0.0	Slac_35	0.00015023995083213184	Slac_13	0.10840793908614628	Aque_Unk_1	0.021696330502527623	Slac_42	0.026397196566295994	Slac_34	0.000400210125228312	Aque_Unk_1	0.0007190163999141127	Scil_27	0.004203265440894612	Slac_18	0.0	Aque_Pinaco_2	0.04593845134744479	Scil_21	0.0002450614549028633	Scil_25	0.0064383411821072965	Scil_23	0.004635929574774332	Slac_18	0.0	Slac_18	0.0	Slac_37	0.00021262284796279472	Slac_14	0.028352992154509832	Slac_18	0.0	Aque_Sperm	0.009328677990948196	Slac_34	0.021498471689139386	Slac_37	0.00024328092863968413	Aque_Bactericidal	0.0066527967020242025	Scil_15	0.0034032517274244856	Slac_42	0.04751453247001334	Aque_Sperm	0.0019924177354914336	Scil_17	0.1262178847597908	Aque_Choano_to_pinaco	0.014974624248360277	Scil_27	0.0014224483878706776	Slac_17	0.045341497467146094	Slac_32	0.02782667997460525	Slac_29	0.014830196470051774	Slac_18	0.0	Aque_Choano_to_pinaco	0.016072528881142363	Aque_Bactericidal	0.0	Slac_21	0.009942170955381111	Scil_21	0.003683723508575111	Slac_0	0.043076770332556774	Slac_5	0.0030539206736512315	Aque_Choano_to_pinaco	0.009349126665565293	Slac_31	0.012598222823082813	Slac_39	0.0051709102962216435	Slac_18	0.0	Slac_18	0.0	Aque_Sperm	0.0008740802046678141	Slac_25	0.0022111507705774077	Scil_31	0.005337170843187386	Aque_Choano_to_pinaco	0.0006826872393713828	Slac_18	0.0	Scil_28	0.00040260413798472964	Scil_25	0.0021987625283571076	Slac_38	0.07031288979028166	Slac_18	0.0	Slac_33	0.008980779706351987	Aque_Choano_to_pinaco	0.0013341971706166953	Slac_26	0.010839574408780433	Scil_29	0.01285522694390113	Scil_26	0.0003241241319113301	Aque_Pinaco_2	0.007119255053618221	Slac_32	0.001704835612790485	Aque_Collagen	0.0008303341634446623	Slac_23	0.006521570256737279	Slac_20	0.003386679585629094	Scil_24	0.00015023995083213184	Aque_Choano_to_pinaco	0.005820060254821711	Slac_42	0.002870769170757003	Slac_28	0.0012684844206501446	Slac_18	0.0	Slac_14	0.003458703776296932	Aque_Choano_to_pinaco	0.0	Slac_38	0.0018368958990754164	Slac_18	0.0	Slac_35	0.0005595530822572008	Aque_Bactericidal	0.00028706782362672813	Scil_27	0.00024328092863968413	Slac_18	0.0	Scil_14	6.14229487543065e-05	Scil_15	0.00243580425190629
Slac_17	0.0	Slac_0	0.0	Scil_10	0.02255701499858135	Slac_27	0.012871190812432287	Aque_Choano_to_pinaco	0.0004610456241494631	Slac_41	0.08718442680017884	Slac_17	0.0	Scil_24	0.0056312116539429065	Slac_29	0.00040260413798472964	Scil_24	0.00354949426738563	Aque_Sperm	0.0	Slac_19	0.0	Slac_32	0.0	Slac_14	0.0	Slac_20	0.09897612776452519	Slac_29	0.02097459746255604	Slac_24	0.02582296394736725	Aque_Aspcinzin	0.0002745795434539697	Scil_22	0.0005398612818811258	Scil_32	0.004155424451798677	Slac_17	0.0	Aque_Choano_to_pinaco	0.045482160955218225	Aque_Choano_to_pinaco	0.00015479310742968312	Aque_Choano_to_pinaco	0.004500079480013764	Slac_7	0.004500079480013764	Slac_17	0.0	Slac_17	0.0	Slac_35	0.0001599306027833739	Slac_36	0.02792586200794513	Slac_17	0.0	Aque_Bactericidal	0.009282474501185009	Slac_42	0.017916577875124275	Slac_14	7.10122002144665e-05	Aque_Choano_to_pinaco	0.004423789116455855	Scil_25	0.0010554693582539624	Aque_Sperm	0.04221659566774008	Scil_25	0.0008155043428993769	Scil_13	0.10328565243104453	Slac_35	0.014524151780259929	Aque_Sperm	0.00032438344960991427	Slac_32	0.03787523813687073	Aque_Unk_1	0.025862875421111715	Scil_11	0.013903734549450725	Slac_19	0.0	Aque_Collagen	0.014766504805640146	Slac_17	0.0	Slac_14	0.009468598113522488	Scil_25	0.0022912301648775656	Slac_38	0.042647950390766354	Aque_Unk_2	0.002847308938255792	Slac_37	0.009331400675456961	Slac_39	0.011700766603542287	Slac_41	0.004174734025964773	Slac_17	0.0	Slac_17	0.0	Scil_21	0.000716908785293809	Slac_2	0.0019924177354914336	Scil_16	0.0048638400339274844	Scil_15	0.0006777649003231987	Slac_17	0.0	Aque_Choano_to_pinaco	0.0002484716428240046	Aque_Unk_2	0.001999218965742964	Slac_5	0.06341316702093923	Slac_17	0.0	Slac_37	0.007559245579537198	Scil_28	0.001303102851284691	Slac_18	0.00960863286660803	Scil_31	0.011890652647717263	Aque_Choano_to_pinaco	0.0003012073486494573	Slac_28	0.005862452925607637	Scil_13	0.0015210098680007872	Scil_27	0.0004976202848777256	Slac_39	0.005787095232957614	Slac_30	0.003356328787986907	Slac_19	0.0	Slac_34	0.004581918582365452	Slac_33	0.0026876765221823112	Slac_31	0.001111959721582272	Slac_17	0.0	Scil_13	0.0029099629237733958	Aque_Choanocytes_2	0.0	Slac_40	0.0015943699025258219	Slac_17	0.0	Slac_28	0.0003241241319113301	Slac_17	0.0	Scil_19	0.00021262284796279472	Slac_17	0.0	Slac_19	0.0	Scil_20	0.0024249697984633817
Slac_16	0.0	Aque_Aspcinzin	0.0	Scil_12	0.02240383692690561	Scil_18	0.011364156009427077	Scil_27	0.000339050884469114	Slac_12	0.07454866868970675	Slac_16	0.0	Scil_19	0.005131258377301979	Aque_Unk_1	0.0003999882933424273	Scil_31	0.002003717996239128	Slac_0	0.0	Slac_16	0.0	Slac_25	0.0	Slac_15	0.0	Slac_4	0.0740731221450423	Slac_30	0.019972299793126303	Slac_17	0.025002161078135493	Slac_21	0.0002450614549028633	Aque_Bactericidal	0.00037291353030029966	Scil_24	0.0013778424657074344	Slac_16	0.0	Slac_37	0.04521057776355694	Slac_16	0.0	Aque_Bactericidal	0.001994871480600975	Slac_6	0.004423789116455855	Slac_16	0.0	Slac_16	0.0	Aque_Choano_to_pinaco	0.0	Slac_24	0.02514122375454651	Slac_16	0.0	Scil_29	0.006372053082215105	Slac_21	0.017117711433150124	Aque_Choano_to_pinaco	0.0	Scil_25	0.002122617481772747	Aque_Bactericidal	0.0007665290728316265	Slac_18	0.04213492979458057	Aque_Choano_to_pinaco	0.0006166189262692431	Scil_18	0.10021259510918071	Slac_28	0.014235154323321638	Aque_Collagen	0.00024241997395479673	Slac_38	0.03660494650514632	Aque_Pinaco_2	0.024118007205504912	Scil_6	0.013819665149917702	Slac_16	0.0	Aque_Pinaco_2	0.013903734549450725	Slac_16	0.0	Slac_36	0.009394466338666212	Aque_Bactericidal	0.001985801341522009	Slac_40	0.0403984292575829	Slac_36	0.002568067792301977	Aque_Sperm	0.009266169953865758	Aque_Sperm	0.01025875832198336	Slac_32	0.0040572634552253194	Slac_16	0.0	Slac_16	0.0	Scil_15	0.000659861737843827	Slac_28	0.0015685991254567055	Scil_22	0.003386679585629094	Scil_16	0.0004395819207016465	Slac_16	0.0	Slac_19	0.0	Aque_Sperm	0.000980115735160447	Slac_27	0.05747759461335208	Slac_16	0.0	Slac_18	0.007168826382176146	Scil_15	0.00015938953398969202	Slac_34	0.009330560196140876	Scil_28	0.006434159672398574	Slac_16	0.0	Slac_38	0.005666233122554684	Slac_23	0.0014469176128316615	Aque_Unk_2	0.0001904259792426392	Slac_37	0.004658397857408628	Slac_34	0.00273371593116316	Slac_16	0.0	Slac_31	0.004488673016711319	Slac_28	0.0025935393773496894	Slac_36	0.0010541117887133977	Slac_16	0.0	Slac_18	0.002816166947563297	Slac_16	0.0	Slac_18	0.001542019866704276	Slac_16	0.0	Slac_23	0.00030914599341931993	Slac_16	0.0	Slac_19	0.0	Slac_16	0.0	Slac_16	0.0	Scil_22	0.002255456562811786
Slac_15	0.0	Slac_23	0.0	Slac_24	0.01865048108123315	Scil_23	0.011298330216383157	Slac_19	0.0	Slac_35	0.07297557915997521	Slac_15	0.0	Aque_Bactericidal	0.0025003926312582437	Aque_Choano_to_pinaco	0.00031154535575324965	Aque_Collagen	0.0006871821607351757	Slac_21	0.0	Slac_15	0.0	Slac_24	0.0	Aque_Choano_to_pinaco	0.0	Scil_11	0.07099718394463937	Aque_Choano_to_pinaco	0.018691095130780738	Slac_37	0.019076312299161576	Slac_3	0.00010978180329560313	Slac_19	0.0	Scil_19	0.0004446002994393204	Slac_15	0.0	Slac_14	0.040046601588995735	Slac_19	0.0	Scil_28	0.0017518950866561179	Scil_18	0.0041382939880607985	Slac_15	0.0	Slac_15	0.0	Slac_14	0.0	Slac_37	0.024319991556754468	Slac_19	0.0	Scil_31	0.0039901037287052785	Slac_38	0.016831075962128742	Slac_15	0.0	Scil_28	0.0019859548841968	Aque_Choano_to_pinaco	0.00038755791684742054	Slac_38	0.04090529650091588	Scil_15	0.00015522673408312716	Slac_38	0.08865354644930803	Slac_18	0.013829205000112412	Slac_19	0.0	Slac_36	0.03444197250240817	Slac_26	0.023301065629917204	Scil_5	0.01346801104918931	Slac_15	0.0	Slac_33	0.012028064169392538	Slac_15	0.0	Slac_3	0.009337577767235598	Scil_28	0.0006820770730538649	Scil_16	0.03629600551423753	Slac_14	0.002229355707946969	Slac_34	0.008308583573439523	Slac_23	0.010193806799842988	Slac_24	0.0038764207312781233	Slac_15	0.0	Slac_15	0.0	Scil_25	0.0003599623501110658	Slac_9	0.0012790769013525318	Aque_Bactericidal	0.0021034468584031395	Aque_Bactericidal	0.00029690857033638296	Slac_15	0.0	Slac_15	0.0	Aque_Choano_to_pinaco	0.0007134039866817266	Slac_40	0.05694931961971007	Slac_15	0.0	Slac_36	0.007163555749378892	Slac_19	0.0	Slac_38	0.009252946481196095	Aque_Bactericidal	0.002854304290932974	Slac_19	0.0	Slac_37	0.005654059549650905	Scil_17	0.0014230538762691665	Slac_19	0.0	Aque_Choano_to_pinaco	0.004635929574774332	Aque_Choano_to_pinaco	0.0023569520704283487	Slac_15	0.0	Slac_42	0.003951962052456423	Aque_Collagen	0.002264098844905007	Slac_26	0.0008816547154177125	Slac_15	0.0	Scil_14	0.002815350650282097	Slac_15	0.0	Slac_24	0.001252250797747041	Slac_15	0.0	Slac_36	0.00016538455380446127	Slac_19	0.0	Slac_15	0.0	Slac_19	0.0	Slac_15	0.0	Slac_27	0.001999218965742964
Slac_18	0.0	Slac_21	0.0	Scil_16	0.017642425522404213	Scil_29	0.010830928473915303	Slac_18	0.0	Slac_38	0.06386741652271988	Slac_14	0.0	Slac_18	0.0	Slac_14	0.00027570244285327983	Slac_18	0.0	Slac_3	0.0	Slac_18	0.0	Slac_22	0.0	Aque_Collagen	0.0	Scil_17	0.06501601167947159	Slac_33	0.01763434293603227	Slac_39	0.014951027348703374	Aque_Unk_2	0.0	Slac_18	0.0	Slac_18	0.0	Slac_14	0.0	Slac_24	0.03942488739415342	Slac_18	0.0	Slac_18	0.0	Slac_38	0.0029884811157658026	Slac_14	0.0	Slac_14	0.0	Slac_15	0.0	Slac_18	0.023373672390110043	Slac_14	0.0	Slac_18	0.0	Slac_14	0.015486932221002095	Aque_Sperm	0.0	Slac_18	0.0	Slac_18	0.0	Slac_32	0.03562848513236487	Slac_18	0.0	Scil_20	0.08480071848214034	Slac_24	0.013746897499237205	Slac_18	0.0	Slac_24	0.028854611601380652	Slac_42	0.020784366586537636	Slac_36	0.013332750027597592	Slac_14	0.0	Slac_29	0.010411307664939445	Slac_14	0.0	Slac_26	0.008808499126179094	Slac_18	0.0	Slac_2	0.035015106222595474	Slac_38	0.0015612695465437756	Aque_Unk_1	0.007731070260446259	Aque_Unk_2	0.006923929762328125	Slac_38	0.0035658835401118126	Slac_14	0.0	Slac_14	0.0	Slac_18	0.0	Slac_33	0.0012528210430633418	Slac_18	0.0	Slac_18	0.0	Slac_14	0.0	Slac_18	0.0	Slac_18	0.0	Slac_32	0.055760523086337666	Slac_14	0.0	Aque_Choano_to_pinaco	0.00701372434954624	Slac_18	0.0	Aque_Pinaco_2	0.009247197312589935	Slac_18	0.0	Slac_18	0.0	Slac_40	0.005432791270752644	Scil_14	0.0014041272859571568	Slac_18	0.0	Aque_Unk_2	0.0036779377260714417	Aque_Unk_2	0.002255456562811786	Slac_18	0.0	Slac_33	0.0036397718604947093	Slac_39	0.0021804851088824103	Slac_5	0.0008365278489224275	Slac_14	0.0	Slac_36	0.002549550544460775	Slac_2	0.0	Aque_Unk_2	0.0009367738241364439	Slac_14	0.0	Aque_Aspcinzin	0.00011186009122724358	Slac_18	0.0	Slac_18	0.0	Slac_14	0.0	Slac_18	0.0	Scil_6	0.0019968864414078567
Slac_13	0.0	Slac_29	0.0	Slac_0	0.01679918942733699	Slac_24	0.010574851308363062	Slac_17	0.0	Slac_16	0.06376091689341551	Slac_13	0.0	Slac_17	0.0	Slac_5	0.00018679834522937244	Slac_17	0.0	Slac_28	0.0	Slac_17	0.0	Slac_30	0.0	Aque_Unk_2	0.0	Slac_8	0.05307120694645886	Slac_38	0.015726340088557764	Slac_40	0.014089994771937776	Aque_Collagen	0.0	Slac_17	0.0	Slac_17	0.0	Slac_13	0.0	Aque_Collagen	0.0315413764163513	Slac_17	0.0	Slac_17	0.0	Slac_11	0.0023874220373447286	Slac_13	0.0	Slac_13	0.0	Aque_Unk_2	0.0	Aque_Pinaco_1	0.02255701499858135	Slac_13	0.0	Slac_17	0.0	Aque_Pinaco_2	0.013819665149917702	Aque_Unk_2	0.0	Slac_17	0.0	Slac_17	0.0	Aque_Unk_1	0.034586876483901755	Slac_17	0.0	Slac_10	0.07354459968139014	Slac_37	0.013496995044750226	Slac_17	0.0	Slac_18	0.028689553613782465	Aque_Collagen	0.020012733086890742	Scil_14	0.013011922897978445	Slac_17	0.0	Slac_26	0.009678396559641268	Slac_21	0.0	Slac_37	0.008515962421585652	Slac_17	0.0	Scil_22	0.03450284196472864	Slac_29	0.0012839941497700756	Slac_21	0.007023051844364037	Slac_26	0.006559671218755664	Slac_36	0.0026555793101893854	Slac_13	0.0	Slac_13	0.0	Slac_17	0.0	Scil_23	0.0010319503018580349	Slac_17	0.0	Slac_17	0.0	Slac_13	0.0	Slac_17	0.0	Slac_17	0.0	Slac_23	0.048753834976940635	Slac_13	0.0	Slac_38	0.006686720006703219	Slac_17	0.0	Slac_37	0.009092572831068816	Slac_17	0.0	Slac_17	0.0	Aque_Sperm	0.0042361319113632225	Scil_5	0.0014030846419105488	Slac_17	0.0	Slac_36	0.0034385087154213253	Slac_14	0.0022310076197756263	Slac_17	0.0	Aque_Sperm	0.002837776525018273	Slac_21	0.0021616679909626825	Slac_29	0.000620108634938189	Slac_13	0.0	Scil_12	0.0025045133262716463	Slac_21	0.0	Aque_Choano_to_pinaco	0.0008199345931304205	Slac_13	0.0	Aque_Collagen	0.0	Slac_13	0.0	Slac_17	0.0	Slac_13	0.0	Slac_17	0.0	Slac_34	0.0017461787581922934
Slac_12	0.0	Slac_26	0.0	Slac_41	0.015998042040270166	Scil_19	0.010349104096849384	Slac_16	0.0	Scil_17	0.0489902704388643	Slac_12	0.0	Slac_16	0.0	Slac_3	0.00016758720398065023	Slac_16	0.0	Slac_23	0.0	Slac_12	0.0	Slac_35	0.0	Aque_Sperm	0.0	Slac_10	0.052906690884337026	Slac_14	0.012403849876866354	Aque_Pinaco_2	0.01346801104918931	Aque_Sperm	0.0	Slac_16	0.0	Slac_16	0.0	Slac_12	0.0	Slac_36	0.023364653382701082	Slac_12	0.0	Slac_16	0.0	Scil_22	0.0023569520704283487	Slac_12	0.0	Slac_12	0.0	Slac_25	0.0	Slac_41	0.018233088081003285	Slac_12	0.0	Slac_16	0.0	Slac_36	0.013294187527232026	Slac_25	0.0	Slac_16	0.0	Slac_16	0.0	Aque_Collagen	0.033843912890302294	Slac_16	0.0	Slac_8	0.0693736797190823	Slac_26	0.013410142067650727	Slac_16	0.0	Aque_Pinaco_2	0.022006797006603136	Aque_Sperm	0.01981882965722408	Slac_19	0.012696547842112788	Slac_12	0.0	Slac_38	0.008415670702972607	Slac_2	0.0	Aque_Unk_2	0.006512816458824207	Slac_16	0.0	Slac_11	0.033457837798310006	Aque_Collagen	0.0007393507719077009	Slac_36	0.006468906188117714	Slac_37	0.006507353890166334	Aque_Bactericidal	0.0014230538762691665	Slac_12	0.0	Slac_12	0.0	Slac_16	0.0	Slac_27	0.000980115735160447	Slac_16	0.0	Slac_16	0.0	Slac_12	0.0	Slac_16	0.0	Slac_16	0.0	Scil_22	0.04576607445895034	Slac_12	0.0	Aque_Pinaco_2	0.0030887613505021384	Slac_16	0.0	Aque_Choano_to_pinaco	0.008861828934632459	Slac_16	0.0	Slac_12	0.0	Aque_Choano_to_pinaco	0.0041382939880607985	Scil_12	0.0013800347112149862	Slac_16	0.0	Slac_18	0.003235395408734405	Slac_21	0.0021694620524268116	Slac_12	0.0	Aque_Collagen	0.002815350650282097	Slac_19	0.0020880638989868097	Slac_23	0.0005421776783606986	Slac_12	0.0	Scil_30	0.002264098844905007	Slac_20	0.0	Slac_37	0.0007888959306768474	Slac_12	0.0	Aque_Sperm	0.0	Slac_12	0.0	Slac_16	0.0	Slac_12	0.0	Slac_12	0.0	Slac_22	0.0016493695386612197
Slac_11	0.0	Slac_30	0.0	Slac_33	0.01498432923539334	Scil_31	0.008330396266820464	Slac_11	0.0	Slac_1	0.043392031545057254	Slac_11	0.0	Slac_11	0.0	Aque_Sperm	0.00014739935721939354	Slac_11	0.0	Slac_30	0.0	Slac_11	0.0	Slac_40	0.0	Slac_32	0.0	Slac_38	0.05182851850203017	Slac_34	0.011746336736906147	Slac_41	0.011472379565649502	Slac_28	0.0	Slac_11	0.0	Slac_11	0.0	Slac_11	0.0	Aque_Bactericidal	0.021388096232364234	Slac_11	0.0	Slac_11	0.0	Scil_29	0.0017793743036001273	Slac_11	0.0	Slac_11	0.0	Slac_32	0.0	Aque_Unk_1	0.015603490815538723	Slac_11	0.0	Slac_11	0.0	Slac_18	0.009736771072827805	Slac_32	0.0	Slac_11	0.0	Slac_11	0.0	Slac_14	0.02958576433029974	Slac_11	0.0	Scil_23	0.06109228050090272	Slac_14	0.012766879850830507	Slac_11	0.0	Slac_37	0.020034802797444	Slac_37	0.019648889586913448	Slac_33	0.011809227248802252	Slac_11	0.0	Aque_Bactericidal	0.00707423111885982	Slac_27	0.0	Slac_33	0.004484434712858814	Slac_11	0.0	Slac_14	0.03066746224740441	Slac_3	0.0005199523531062384	Aque_Pinaco_2	0.006436244087615878	Slac_42	0.006192379009906394	Aque_Collagen	0.0010331561196053466	Slac_11	0.0	Slac_11	0.0	Slac_11	0.0	Slac_11	0.0008740802046678141	Slac_11	0.0	Slac_11	0.0	Slac_11	0.0	Slac_11	0.0	Slac_11	0.0	Slac_24	0.044522581909006216	Slac_11	0.0	Slac_34	0.002881325524608865	Slac_11	0.0	Slac_39	0.005149242649870824	Slac_11	0.0	Slac_11	0.0	Aque_Unk_2	0.003399215052500669	Scil_22	0.0012571906753491664	Slac_11	0.0	Aque_Pinaco_2	0.003213661902486592	Aque_Pinaco_2	0.00194622788147425	Slac_11	0.0	Slac_38	0.0025298984946419208	Aque_Unk_1	0.0015516698445169734	Aque_Pinaco_2	0.0004158256090495533	Slac_11	0.0	Scil_19	0.00209967053768823	Slac_27	0.0	Slac_35	0.0006985959364354769	Slac_11	0.0	Aque_Unk_2	0.0	Slac_11	0.0	Slac_11	0.0	Slac_11	0.0	Slac_11	0.0	Slac_19	0.0015084783271548097
Slac_10	0.0	Slac_3	0.0	Slac_36	0.014394597488782935	Slac_22	0.0079335541242362	Slac_10	0.0	Slac_19	0.04255118713796676	Slac_10	0.0	Slac_10	0.0	Aque_Collagen	0.00010652683002997611	Slac_10	0.0	Slac_40	0.0	Slac_10	0.0	Slac_4	0.0	Slac_30	0.0	Scil_23	0.04622616109264952	Aque_Pinaco_2	0.011676676649155945	Aque_Unk_2	0.007021339967280296	Slac_26	0.0	Slac_10	0.0	Slac_10	0.0	Slac_10	0.0	Slac_35	0.020080846167636137	Slac_10	0.0	Slac_10	0.0	Slac_30	0.001541725310282829	Slac_10	0.0	Slac_10	0.0	Slac_30	0.0	Slac_32	0.014338476349871208	Slac_10	0.0	Slac_10	0.0	Slac_39	0.00818382460905394	Slac_30	0.0	Slac_10	0.0	Slac_10	0.0	Aque_Pinaco_2	0.027822581946175484	Slac_10	0.0	Scil_31	0.05567023347089399	Slac_42	0.011284750617672274	Slac_10	0.0	Slac_14	0.01874077954232014	Aque_Bactericidal	0.011562731383178822	Scil_1	0.011676676649155945	Slac_10	0.0	Slac_14	0.005143268017394953	Slac_28	0.0	Aque_Unk_1	0.003907275023298526	Slac_10	0.0	Slac_32	0.028726970699213917	Slac_39	0.0005157041774674295	Slac_38	0.005224618465726935	Aque_Pinaco_2	0.005594458698977585	Slac_35	0.0006779354954564475	Slac_10	0.0	Slac_10	0.0	Slac_10	0.0	Slac_5	0.0007134785892910632	Slac_10	0.0	Slac_10	0.0	Slac_10	0.0	Slac_10	0.0	Slac_10	0.0	Scil_14	0.043809804067828875	Slac_10	0.0	Aque_Unk_2	0.0024249697984633817	Slac_10	0.0	Slac_36	0.004939167730255636	Slac_10	0.0	Slac_10	0.0	Slac_26	0.002662153611732072	Slac_15	0.0011102235246872678	Slac_10	0.0	Slac_21	0.002724800521055175	Slac_26	0.0019355898201679478	Slac_10	0.0	Slac_37	0.0020466528483950733	Aque_Unk_2	0.001224963358840556	Slac_3	0.00028786776730366437	Slac_10	0.0	Slac_39	0.0015976004927177457	Slac_28	0.0	Aque_Collagen	0.0001447424080199957	Slac_10	0.0	Slac_26	0.0	Slac_10	0.0	Slac_10	0.0	Slac_10	0.0	Slac_10	0.0	Slac_26	0.0014973853077669512
Slac_1	0.0	Slac_39	0.0	Slac_2	0.01253321875842971	Slac_23	0.007881110500683196	Slac_1	0.0	Scil_19	0.032549738922414355	Slac_1	0.0	Slac_1	0.0	Aque_Bactericidal	0.0	Slac_1	0.0	Slac_34	0.0	Slac_1	0.0	Slac_36	0.0	Slac_24	0.0	Slac_22	0.04516056089271338	Slac_41	0.006810311634376454	Aque_Choano_to_pinaco	0.00585148012754887	Slac_23	0.0	Slac_1	0.0	Slac_1	0.0	Slac_1	0.0	Slac_32	0.01866579059190547	Slac_1	0.0	Slac_1	0.0	Slac_41	0.001377314140007199	Slac_1	0.0	Slac_1	0.0	Slac_24	0.0	Aque_Unk_2	0.013163305566563446	Slac_1	0.0	Slac_1	0.0	Aque_Bactericidal	0.007119027117883259	Slac_24	0.0	Slac_1	0.0	Slac_1	0.0	Aque_Choano_to_pinaco	0.025231657928046693	Slac_1	0.0	Slac_17	0.05539715483387649	Slac_40	0.010837864609395865	Slac_1	0.0	Aque_Sperm	0.01752279734020379	Slac_36	0.011391607678835767	Scil_25	0.01082700838395281	Slac_1	0.0	Slac_34	0.0035403528390303115	Slac_29	0.0	Aque_Bactericidal	0.0034908160917270516	Slac_1	0.0	Slac_21	0.028540505303354214	Slac_33	0.0004395819207016465	Aque_Unk_2	0.004942931854899161	Aque_Bactericidal	0.005247055250621468	Slac_30	0.0006619384310183425	Slac_1	0.0	Slac_1	0.0	Slac_1	0.0	Scil_30	0.0006915327150873176	Slac_1	0.0	Slac_1	0.0	Slac_1	0.0	Slac_1	0.0	Slac_1	0.0	Slac_39	0.03887179184808562	Slac_1	0.0	Slac_42	0.0011459062065980771	Slac_1	0.0	Slac_42	0.00483886438802742	Slac_1	0.0	Slac_1	0.0	Slac_36	0.002325086774149895	Slac_29	0.0010229144725975138	Slac_1	0.0	Slac_41	0.0016451639696942074	Aque_Bactericidal	0.0012571906753491664	Slac_1	0.0	Slac_35	0.001496641240620192	Slac_36	0.001197643602917223	Slac_21	0.0002538447347965187	Slac_1	0.0	Scil_32	0.0014840036098829755	Slac_29	0.0	Aque_Sperm	0.0	Slac_1	0.0	Slac_38	0.0	Slac_1	0.0	Slac_1	0.0	Slac_1	0.0	Slac_1	0.0	Slac_39	0.0014823291039898928
Slac_0	0.0	Slac_34	0.0	Scil_17	0.012317011220053999	Scil_13	0.007731070260446259	Slac_0	0.0	Scil_15	0.029859976807515332	Slac_0	0.0	Slac_0	0.0	Slac_26	0.0	Slac_0	0.0	Slac_39	0.0	Slac_0	0.0	Slac_37	0.0	Slac_25	0.0	Slac_36	0.04443689395163144	Slac_39	0.005886792769087975	Slac_18	0.003944643585503291	Slac_39	0.0	Slac_0	0.0	Slac_0	0.0	Slac_0	0.0	Slac_40	0.018182738053420855	Slac_0	0.0	Slac_0	0.0	Slac_19	0.0013341971706166953	Slac_0	0.0	Slac_0	0.0	Slac_38	0.0	Aque_Pinaco_2	0.010596125849058216	Slac_0	0.0	Slac_0	0.0	Slac_23	0.006805909766506269	Slac_35	0.0	Slac_0	0.0	Slac_0	0.0	Slac_37	0.024459031809690807	Slac_0	0.0	Scil_22	0.05181310812467431	Aque_Unk_2	0.006362598273581596	Slac_0	0.0	Aque_Unk_2	0.017334054437578898	Aque_Unk_2	0.011286252551917222	Scil_10	0.010596125849058216	Slac_0	0.0	Slac_39	0.0034673719371796355	Slac_20	0.0	Slac_34	0.0018325889968695299	Slac_0	0.0	Scil_15	0.02700007599633759	Slac_21	0.00030060711915191803	Slac_39	0.0037846516185798215	Slac_36	0.004018108757177664	Aque_Choano_to_pinaco	0.0006532903647033884	Slac_0	0.0	Slac_0	0.0	Slac_0	0.0	Slac_40	0.0006198705195513565	Slac_0	0.0	Slac_0	0.0	Slac_0	0.0	Slac_0	0.0	Slac_0	0.0	Scil_24	0.038615386124341795	Slac_2	0.0	Slac_39	0.0009463024941864368	Slac_0	0.0	Slac_14	0.004046451566976831	Slac_0	0.0	Slac_0	0.0	Slac_39	0.001999373907918774	Slac_38	0.0009562132757325014	Slac_0	0.0	Aque_Sperm	0.0010319503018580349	Slac_41	0.0009251459187131248	Slac_0	0.0	Aque_Bactericidal	0.0014041272859571568	Slac_38	0.0009691249675860059	Aque_Bactericidal	0.00022302995905778048	Slac_0	0.0	Scil_27	0.0011522521668055634	Slac_3	0.0	Aque_Bactericidal	0.0	Slac_2	0.0	Slac_39	0.0	Slac_0	0.0	Slac_0	0.0	Slac_0	0.0	Slac_0	0.0	Slac_23	0.0014254521090220343
Aque_Sperm	0.0	Slac_5	0.0	Scil_27	0.01151595505432658	Slac_26	0.007059355673710037	Slac_15	0.0	Slac_0	0.02914467615696672	Slac_23	0.0	Slac_15	0.0	Slac_23	0.0	Slac_15	0.0	Slac_5	0.0	Aque_Choano_to_pinaco	0.0	Slac_41	0.0	Slac_38	0.0	Scil_22	0.04404193398167582	Aque_Collagen	0.004782033865418688	Slac_36	0.0028342879265930597	Slac_38	0.0	Slac_15	0.0	Slac_15	0.0	Aque_Choano_to_pinaco	0.0	Aque_Unk_2	0.017506106762518184	Slac_15	0.0	Slac_15	0.0	Scil_31	0.0008199345931304205	Aque_Unk_2	0.0	Slac_23	0.0	Slac_40	0.0	Aque_Choano_to_pinaco	0.009632529777395598	Slac_15	0.0	Slac_15	0.0	Slac_26	0.005504698462354693	Slac_40	0.0	Slac_15	0.0	Slac_15	0.0	Aque_Unk_2	0.017702995937103613	Slac_15	0.0	Slac_37	0.04930507788768129	Slac_36	0.0057110711500536005	Slac_15	0.0	Aque_Choano_to_pinaco	0.01517200218530029	Slac_14	0.009978474990559264	Slac_31	0.009689405540011905	Aque_Choano_to_pinaco	0.0	Slac_36	0.0029195296076226828	Slac_23	0.0	Slac_42	0.0011748303350311573	Slac_15	0.0	Slac_5	0.025655799424437582	Slac_34	0.0	Aque_Collagen	0.0029099629237733958	Slac_32	0.003985542044262691	Aque_Sperm	5.6260254072947285e-05	Aque_Unk_2	0.0	Aque_Choano_to_pinaco	0.0	Slac_15	0.0	Slac_30	0.0003555378767408593	Slac_15	0.0	Slac_15	0.0	Aque_Choano_to_pinaco	0.0	Aque_Sperm	0.0	Slac_15	0.0	Slac_37	0.038466404452560526	Slac_23	0.0	Aque_Bactericidal	0.0005057188805146811	Slac_15	0.0	Aque_Unk_2	0.0038606320852451865	Slac_15	0.0	Slac_15	0.0	Slac_35	0.0019552576656277055	Slac_28	0.0008250389104201512	Slac_15	0.0	Aque_Collagen	0.0010233557103301529	Slac_18	0.0005398612818811258	Aque_Bactericidal	0.0	Slac_14	0.0005092515905396539	Aque_Sperm	0.0006915327150873176	Slac_39	0.00018942292376171628	Aque_Bactericidal	0.0	Scil_17	0.0010331561196053466	Slac_23	0.0	Slac_39	0.0	Slac_23	0.0	Slac_5	0.0	Slac_15	0.0	Aque_Collagen	0.0	Slac_15	0.0	Aque_Sperm	0.0	Slac_21	0.0013889449871326049
Slac_14	0.0	Slac_42	0.0	Scil_18	0.011162436299671459	Scil_14	0.006405493820679309	Slac_14	0.0	Scil_31	0.027906983585587047	Slac_2	0.0	Slac_14	0.0	Slac_39	0.0	Slac_14	0.0	Slac_42	0.0	Slac_14	0.0	Slac_42	0.0	Slac_41	0.0	Slac_37	0.04373668841141125	Aque_Unk_2	0.003919551442583384	Slac_14	0.0023924188364165453	Slac_42	0.0	Slac_14	0.0	Slac_14	0.0	Slac_2	0.0	Aque_Sperm	0.008176521580161059	Slac_14	0.0	Slac_14	0.0	Slac_27	0.0007134039866817266	Slac_2	0.0	Slac_2	0.0	Slac_41	0.0	Aque_Sperm	0.005067714759479211	Slac_2	0.0	Slac_14	0.0	Aque_Unk_2	0.0019968864414078567	Slac_41	0.0	Slac_14	0.0	Slac_14	0.0	Slac_41	0.007525459772315085	Slac_14	0.0	Scil_29	0.037442724207261316	Slac_39	0.003965101518163497	Slac_14	0.0	Aque_Bactericidal	0.007057634297535471	Slac_38	0.008466244047555947	Scil_12	0.009247197312589935	Aque_Bactericidal	0.0	Slac_21	0.0014113044931318662	Slac_24	0.0	Slac_39	0.0009563913519433342	Slac_14	0.0	Scil_29	0.025434702719318185	Slac_42	0.0	Aque_Bactericidal	0.0015210098680007872	Slac_35	0.0023514591610792656	Slac_15	0.0	Slac_2	0.0	Slac_2	0.0	Slac_14	0.0	Slac_24	0.00033712000079491264	Slac_14	0.0	Slac_14	0.0	Slac_2	0.0	Slac_14	0.0	Slac_14	0.0	Scil_16	0.036916366379716944	Slac_24	0.0	Slac_14	0.00035628783336548177	Slac_14	0.0	Aque_Collagen	0.0025045133262716463	Slac_14	0.0	Slac_14	0.0	Aque_Bactericidal	0.0018442303188143585	Scil_24	0.0007893340312677104	Slac_14	0.0	Aque_Bactericidal	0.00024158059565855655	Slac_40	0.00044501420866283894	Slac_14	0.0	Slac_39	0.00027824863833065763	Slac_23	0.000263493031583813	Aque_Unk_2	0.0	Slac_2	0.0	Scil_23	0.0010233557103301529	Slac_24	0.0	Slac_36	0.0	Slac_24	0.0	Slac_42	0.0	Slac_14	0.0	Slac_14	0.0	Slac_2	0.0	Slac_14	0.0	Scil_30	0.001224963358840556
Slac_21	0.0	Slac_41	0.0	Scil_20	0.011090889291083206	Slac_30	0.005751833324892567	Slac_13	0.0	Slac_11	0.027472844525695473	Slac_21	0.0	Slac_13	0.0	Slac_42	0.0	Slac_13	0.0	Slac_41	0.0	Slac_13	0.0	Slac_9	0.0	Slac_9	0.0	Slac_17	0.039779831607437546	Aque_Bactericidal	0.00039786037737289524	Aque_Bactericidal	0.0014030846419105488	Slac_5	0.0	Slac_13	0.0	Slac_13	0.0	Slac_21	0.0	Slac_41	0.007389231369628898	Slac_13	0.0	Slac_13	0.0	Slac_33	0.0006826872393713828	Slac_21	0.0	Slac_21	0.0	Slac_9	0.0	Aque_Bactericidal	0.002753985173173611	Slac_21	0.0	Slac_13	0.0	Slac_41	0.0	Slac_9	0.0	Slac_13	0.0	Slac_13	0.0	Aque_Bactericidal	0.004493337658604107	Slac_13	0.0	Scil_26	0.03717170590568544	Aque_Bactericidal	0.0028391783609356324	Slac_13	0.0	Aque_Collagen	0.0036465505232782776	Slac_39	0.008463617650547595	Slac_42	0.008341141253585224	Slac_13	0.0	Slac_42	0.0	Slac_25	0.0	Aque_Collagen	0.0005986876876268408	Slac_13	0.0	Slac_3	0.02409128986669277	Slac_41	0.0	Slac_42	0.0012401612814505977	Slac_14	0.001322257997013456	Slac_25	0.0	Slac_21	0.0	Slac_21	0.0	Slac_13	0.0	Slac_22	0.00032438344960991427	Slac_13	0.0	Slac_13	0.0	Slac_21	0.0	Slac_13	0.0	Slac_13	0.0	Scil_19	0.036146454820037435	Slac_21	0.0	Slac_41	0.0	Slac_13	0.0	Aque_Bactericidal	0.0013800347112149862	Slac_13	0.0	Slac_13	0.0	Slac_41	0.00015281052890580015	Slac_12	0.0007665290728316265	Slac_13	0.0	Slac_42	0.0	Slac_42	0.0	Slac_13	0.0	Slac_36	6.14229487543065e-05	Slac_41	0.0	Slac_42	0.0	Slac_21	0.0	Slac_31	0.0008303341634446623	Slac_25	0.0	Slac_42	0.0	Slac_21	0.0	Slac_41	0.0	Slac_21	0.0	Slac_13	0.0	Slac_21	0.0	Slac_13	0.0	Slac_36	0.0010064238592914503
Slac_2	0.0	Scil_0	0.0	Scil_23	0.01078971080286673	Scil_24	0.005319620176766123	Slac_12	0.0	Slac_6	0.026017386169145694	Slac_20	0.0	Slac_12	0.0	Scil_0	0.0	Slac_12	0.0	Scil_0	0.0	Slac_2	0.0	Scil_0	0.0	Scil_0	0.0	Scil_26	0.03742790766345589	Scil_0	0.0	Scil_0	0.0	Scil_0	0.0	Slac_12	0.0	Slac_12	0.0	Slac_20	0.0	Scil_0	0.0	Slac_2	0.0	Slac_12	0.0	Scil_17	0.0006532903647033884	Slac_20	0.0	Slac_20	0.0	Scil_0	0.0	Scil_0	0.0	Slac_20	0.0	Slac_12	0.0	Scil_0	0.0	Scil_0	0.0	Slac_12	0.0	Slac_12	0.0	Scil_0	0.0	Slac_12	0.0	Slac_36	0.036358134421714976	Scil_0	0.0	Slac_12	0.0	Scil_0	0.0	Scil_0	0.0	Scil_18	0.007119255053618221	Slac_2	0.0	Scil_0	0.0	Slac_22	0.0	Scil_0	0.0	Slac_12	0.0	Slac_35	0.022206852059902395	Scil_0	0.0	Scil_0	0.0	Scil_0	0.0	Scil_0	0.0	Slac_20	0.0	Slac_20	0.0	Slac_12	0.0	Slac_23	0.00028251488984526153	Slac_12	0.0	Slac_12	0.0	Slac_20	0.0	Slac_12	0.0	Slac_12	0.0	Slac_26	0.035657524991027305	Slac_20	0.0	Scil_0	0.0	Slac_12	0.0	Scil_0	0.0	Slac_12	0.0	Slac_2	0.0	Scil_0	0.0	Slac_25	0.0007214972244403633	Slac_12	0.0	Scil_0	0.0	Scil_0	0.0	Slac_2	0.0	Scil_0	0.0	Scil_0	0.0	Scil_0	0.0	Slac_20	0.0	Scil_16	0.0007393507719077009	Slac_22	0.0	Scil_0	0.0	Slac_20	0.0	Scil_0	0.0	Slac_2	0.0	Slac_12	0.0	Slac_20	0.0	Slac_2	0.0	Slac_40	0.0009921281999903792
Slac_9	0.0	Scil_1	0.0	Scil_31	0.010711595312110394	Scil_7	0.003907275023298526	Slac_9	0.0	Slac_2	0.02557381030124219	Slac_9	0.0	Slac_19	0.0	Scil_1	0.0	Slac_19	0.0	Scil_1	0.0	Slac_9	0.0	Scil_1	0.0	Scil_1	0.0	Slac_31	0.03642396787362084	Scil_1	0.0	Scil_1	0.0	Scil_1	0.0	Slac_9	0.0	Slac_19	0.0	Slac_9	0.0	Scil_1	0.0	Slac_9	0.0	Slac_19	0.0	Slac_2	0.0006166189262692431	Slac_9	0.0	Slac_9	0.0	Scil_1	0.0	Scil_1	0.0	Slac_9	0.0	Slac_19	0.0	Scil_1	0.0	Scil_1	0.0	Slac_19	0.0	Slac_19	0.0	Scil_1	0.0	Slac_19	0.0	Scil_30	0.03588037121012667	Scil_1	0.0	Slac_9	0.0	Scil_1	0.0	Scil_1	0.0	Scil_13	0.006436244087615878	Slac_9	0.0	Scil_1	0.0	Slac_9	0.0	Scil_1	0.0	Slac_19	0.0	Slac_23	0.01868986805265996	Scil_1	0.0	Scil_1	0.0	Scil_1	0.0	Scil_1	0.0	Slac_9	0.0	Slac_9	0.0	Slac_19	0.0	Slac_32	0.00022750823828546462	Slac_19	0.0	Slac_19	0.0	Slac_9	0.0	Slac_9	0.0	Slac_19	0.0	Slac_35	0.03527856760761313	Slac_9	0.0	Scil_1	0.0	Slac_9	0.0	Scil_1	0.0	Slac_19	0.0	Slac_9	0.0	Scil_1	0.0	Scil_20	0.0005057188805146811	Slac_9	0.0	Scil_1	0.0	Scil_1	0.0	Slac_9	0.0	Scil_1	0.0	Scil_1	0.0	Scil_1	0.0	Slac_9	0.0	Slac_35	0.0007108341194580582	Slac_9	0.0	Scil_1	0.0	Slac_9	0.0	Scil_1	0.0	Slac_9	0.0	Slac_9	0.0	Slac_9	0.0	Slac_9	0.0	Scil_31	0.0009367738241364439
Slac_8	0.0	Scil_10	0.0	Slac_5	0.010531915009839743	Slac_39	0.003131276024255672	Slac_8	0.0	Scil_21	0.02343415627205219	Slac_8	0.0	Slac_9	0.0	Scil_10	0.0	Slac_9	0.0	Scil_10	0.0	Slac_8	0.0	Scil_10	0.0	Scil_10	0.0	Scil_30	0.0221721011460615	Scil_10	0.0	Scil_10	0.0	Scil_10	0.0	Slac_8	0.0	Slac_9	0.0	Slac_8	0.0	Scil_10	0.0	Slac_8	0.0	Slac_9	0.0	Slac_4	0.0004610456241494631	Slac_8	0.0	Slac_8	0.0	Scil_10	0.0	Scil_10	0.0	Slac_8	0.0	Slac_9	0.0	Scil_10	0.0	Scil_10	0.0	Slac_9	0.0	Slac_9	0.0	Scil_10	0.0	Slac_9	0.0	Slac_31	0.03416702048375136	Scil_10	0.0	Slac_8	0.0	Scil_10	0.0	Scil_10	0.0	Slac_32	0.0059862416698593535	Slac_8	0.0	Scil_10	0.0	Slac_8	0.0	Scil_10	0.0	Slac_9	0.0	Slac_36	0.018582786860210594	Scil_10	0.0	Scil_10	0.0	Scil_10	0.0	Scil_10	0.0	Slac_8	0.0	Slac_8	0.0	Slac_9	0.0	Slac_26	0.00018110167232029433	Slac_9	0.0	Slac_9	0.0	Slac_8	0.0	Slac_8	0.0	Slac_9	0.0	Scil_27	0.03161778673631149	Slac_8	0.0	Scil_10	0.0	Slac_8	0.0	Scil_10	0.0	Slac_9	0.0	Slac_8	0.0	Scil_10	0.0	Slac_14	0.00040167134032208777	Slac_8	0.0	Scil_10	0.0	Scil_10	0.0	Slac_8	0.0	Scil_10	0.0	Scil_10	0.0	Scil_10	0.0	Slac_8	0.0	Slac_17	0.0006871821607351757	Slac_8	0.0	Scil_10	0.0	Slac_8	0.0	Scil_10	0.0	Slac_8	0.0	Slac_8	0.0	Slac_8	0.0	Slac_8	0.0	Scil_28	0.0007105400223136585
Slac_7	0.0	Scil_11	0.0	Scil_29	0.010164048604091248	Slac_21	0.002798112619371786	Slac_7	0.0	Slac_36	0.01807272036014667	Slac_7	0.0	Slac_7	0.0	Scil_11	0.0	Slac_7	0.0	Scil_11	0.0	Slac_7	0.0	Scil_11	0.0	Scil_11	0.0	Slac_9	0.02133459930989643	Scil_11	0.0	Scil_11	0.0	Scil_11	0.0	Slac_7	0.0	Slac_7	0.0	Slac_7	0.0	Scil_11	0.0	Slac_7	0.0	Slac_7	0.0	Slac_12	0.00038755791684742054	Slac_7	0.0	Slac_7	0.0	Scil_11	0.0	Scil_11	0.0	Slac_7	0.0	Slac_7	0.0	Scil_11	0.0	Scil_11	0.0	Slac_7	0.0	Slac_7	0.0	Scil_11	0.0	Slac_7	0.0	Slac_30	0.032789012097853856	Scil_11	0.0	Slac_7	0.0	Scil_11	0.0	Scil_11	0.0	Slac_26	0.005765723405908689	Slac_7	0.0	Scil_11	0.0	Slac_7	0.0	Scil_11	0.0	Slac_7	0.0	Slac_26	0.01831525926295687	Scil_11	0.0	Scil_11	0.0	Scil_11	0.0	Scil_11	0.0	Slac_7	0.0	Slac_7	0.0	Slac_7	0.0	Scil_28	0.00014739935721939354	Slac_7	0.0	Slac_7	0.0	Slac_7	0.0	Slac_7	0.0	Slac_7	0.0	Scil_31	0.025195364486515277	Slac_7	0.0	Scil_11	0.0	Slac_7	0.0	Scil_11	0.0	Slac_7	0.0	Slac_7	0.0	Scil_11	0.0	Scil_1	0.00039786037737289524	Slac_7	0.0	Scil_11	0.0	Scil_11	0.0	Slac_7	0.0	Scil_11	0.0	Scil_11	0.0	Scil_11	0.0	Slac_7	0.0	Scil_7	0.0005986876876268408	Slac_7	0.0	Scil_11	0.0	Slac_7	0.0	Scil_11	0.0	Slac_7	0.0	Slac_7	0.0	Slac_7	0.0	Slac_7	0.0	Slac_37	0.0005899773992749784
Slac_6	0.0	Scil_12	0.0	Slac_29	0.009489445526618585	Slac_14	0.0026132040100585647	Slac_6	0.0	Slac_27	0.017870694748690193	Slac_6	0.0	Slac_8	0.0	Scil_12	0.0	Slac_8	0.0	Scil_12	0.0	Slac_6	0.0	Scil_12	0.0	Scil_12	0.0	Scil_16	0.01629688958816354	Scil_12	0.0	Scil_12	0.0	Scil_12	0.0	Slac_6	0.0	Slac_8	0.0	Slac_6	0.0	Scil_12	0.0	Slac_6	0.0	Slac_8	0.0	Slac_34	0.00034780426380082543	Slac_6	0.0	Slac_6	0.0	Scil_12	0.0	Scil_12	0.0	Slac_6	0.0	Slac_8	0.0	Scil_12	0.0	Scil_12	0.0	Slac_8	0.0	Slac_8	0.0	Scil_12	0.0	Slac_8	0.0	Scil_16	0.02991084682118452	Scil_12	0.0	Slac_6	0.0	Scil_12	0.0	Scil_12	0.0	Slac_37	0.005674475100847392	Slac_6	0.0	Scil_12	0.0	Slac_6	0.0	Scil_12	0.0	Slac_8	0.0	Slac_34	0.016389941311323247	Scil_12	0.0	Scil_12	0.0	Scil_12	0.0	Scil_12	0.0	Slac_6	0.0	Slac_6	0.0	Slac_8	0.0	Scil_17	5.6260254072947285e-05	Slac_8	0.0	Slac_8	0.0	Slac_6	0.0	Slac_6	0.0	Slac_8	0.0	Scil_29	0.02211349099809789	Slac_6	0.0	Scil_12	0.0	Slac_6	0.0	Scil_12	0.0	Slac_8	0.0	Slac_6	0.0	Scil_12	0.0	Slac_18	0.00037291353030029966	Slac_6	0.0	Scil_12	0.0	Scil_12	0.0	Slac_6	0.0	Scil_12	0.0	Scil_12	0.0	Scil_12	0.0	Slac_6	0.0	Slac_9	0.0004421863576448211	Slac_6	0.0	Scil_12	0.0	Slac_6	0.0	Scil_12	0.0	Slac_6	0.0	Slac_6	0.0	Slac_6	0.0	Slac_6	0.0	Slac_30	0.0003872610453902635
Slac_42	0.0	Scil_13	0.0	Slac_25	0.009233216685541957	Slac_42	0.002605849203117693	Slac_42	0.0	Slac_3	0.011515578457658548	Slac_42	0.0	Slac_42	0.0	Scil_13	0.0	Slac_42	0.0	Scil_13	0.0	Slac_42	0.0	Scil_13	0.0	Scil_13	0.0	Scil_28	0.01509487776775018	Scil_13	0.0	Scil_13	0.0	Scil_13	0.0	Slac_42	0.0	Slac_42	0.0	Slac_42	0.0	Scil_13	0.0	Slac_42	0.0	Slac_42	0.0	Scil_28	0.00031154535575324965	Slac_42	0.0	Slac_42	0.0	Scil_13	0.0	Scil_13	0.0	Slac_42	0.0	Slac_42	0.0	Scil_13	0.0	Scil_13	0.0	Slac_42	0.0	Slac_42	0.0	Scil_13	0.0	Slac_42	0.0	Slac_4	0.02131714599124644	Scil_13	0.0	Slac_42	0.0	Scil_13	0.0	Scil_13	0.0	Scil_9	0.005594458698977585	Slac_42	0.0	Scil_13	0.0	Slac_42	0.0	Scil_13	0.0	Slac_42	0.0	Slac_37	0.01622599152520391	Scil_13	0.0	Scil_13	0.0	Scil_13	0.0	Scil_13	0.0	Slac_42	0.0	Slac_42	0.0	Slac_42	0.0	Aque_Unk_2	0.0	Slac_42	0.0	Slac_42	0.0	Slac_42	0.0	Slac_42	0.0	Slac_42	0.0	Slac_15	0.01846987499937456	Slac_42	0.0	Scil_13	0.0	Slac_42	0.0	Scil_13	0.0	Slac_42	0.0	Slac_42	0.0	Scil_13	0.0	Slac_5	0.00033705697125604875	Slac_42	0.0	Scil_13	0.0	Scil_13	0.0	Slac_42	0.0	Scil_13	0.0	Scil_13	0.0	Scil_13	0.0	Slac_42	0.0	Slac_22	0.00024241997395479673	Slac_42	0.0	Scil_13	0.0	Slac_42	0.0	Scil_13	0.0	Slac_42	0.0	Slac_42	0.0	Slac_42	0.0	Slac_42	0.0	Slac_31	0.0001904259792426392
Slac_5	0.0	Scil_14	0.0	Slac_30	0.008527433722390771	Slac_40	0.0016423962669200177	Slac_5	0.0	Slac_34	0.01150402484792817	Slac_5	0.0	Slac_5	0.0	Scil_14	0.0	Slac_5	0.0	Scil_14	0.0	Slac_5	0.0	Scil_14	0.0	Scil_14	0.0	Slac_35	0.009417655254838415	Scil_14	0.0	Scil_14	0.0	Scil_14	0.0	Slac_5	0.0	Slac_5	0.0	Slac_5	0.0	Scil_14	0.0	Slac_5	0.0	Slac_5	0.0	Slac_28	0.0003012073486494573	Slac_5	0.0	Slac_5	0.0	Scil_14	0.0	Scil_14	0.0	Slac_5	0.0	Slac_5	0.0	Scil_14	0.0	Scil_14	0.0	Slac_5	0.0	Slac_5	0.0	Scil_14	0.0	Slac_5	0.0	Scil_28	0.015561236685731982	Scil_14	0.0	Slac_5	0.0	Scil_14	0.0	Scil_14	0.0	Slac_39	0.004523871863439208	Slac_5	0.0	Scil_14	0.0	Slac_5	0.0	Scil_14	0.0	Slac_5	0.0	Scil_17	0.015624399340100468	Scil_14	0.0	Scil_14	0.0	Scil_14	0.0	Scil_14	0.0	Slac_5	0.0	Slac_5	0.0	Slac_5	0.0	Aque_Unk_1	0.0	Slac_5	0.0	Slac_5	0.0	Slac_5	0.0	Slac_5	0.0	Slac_5	0.0	Slac_18	0.01817190750765301	Slac_5	0.0	Scil_14	0.0	Slac_5	0.0	Scil_14	0.0	Slac_5	0.0	Slac_5	0.0	Scil_14	0.0	Slac_33	0.00029690857033638296	Slac_5	0.0	Scil_14	0.0	Scil_14	0.0	Slac_5	0.0	Scil_14	0.0	Scil_14	0.0	Scil_14	0.0	Slac_5	0.0	Scil_31	0.0001447424080199957	Slac_5	0.0	Scil_14	0.0	Slac_5	0.0	Scil_14	0.0	Slac_5	0.0	Slac_5	0.0	Slac_5	0.0	Slac_5	0.0	Aque_Choanocytes_2	0.0
Slac_41	0.0	Scil_15	0.0	Scil_19	0.007684729890662661	Scil_30	0.0015516698445169734	Slac_41	0.0	Scil_27	0.008532529444904118	Slac_41	0.0	Slac_41	0.0	Scil_15	0.0	Slac_41	0.0	Scil_15	0.0	Slac_41	0.0	Scil_15	0.0	Scil_15	0.0	Slac_40	0.007351480059660444	Scil_15	0.0	Scil_15	0.0	Scil_15	0.0	Slac_41	0.0	Slac_41	0.0	Slac_41	0.0	Scil_15	0.0	Slac_41	0.0	Slac_41	0.0	Slac_29	0.0002484716428240046	Slac_41	0.0	Slac_41	0.0	Scil_15	0.0	Scil_15	0.0	Slac_41	0.0	Slac_41	0.0	Scil_15	0.0	Scil_15	0.0	Slac_41	0.0	Slac_41	0.0	Scil_15	0.0	Slac_41	0.0	Slac_35	0.00989393837614291	Scil_15	0.0	Slac_41	0.0	Scil_15	0.0	Scil_15	0.0	Slac_38	0.0044455144155802154	Slac_41	0.0	Scil_15	0.0	Slac_41	0.0	Scil_15	0.0	Slac_41	0.0	Slac_29	0.015607124285840596	Scil_15	0.0	Scil_15	0.0	Scil_15	0.0	Scil_15	0.0	Slac_41	0.0	Slac_41	0.0	Slac_41	0.0	Aque_Collagen	0.0	Slac_41	0.0	Slac_41	0.0	Slac_41	0.0	Slac_41	0.0	Slac_41	0.0	Slac_36	0.013420168856313659	Slac_41	0.0	Scil_15	0.0	Slac_41	0.0	Scil_15	0.0	Slac_41	0.0	Slac_41	0.0	Scil_15	0.0	Slac_26	0.0002913895384828591	Slac_41	0.0	Scil_15	0.0	Scil_15	0.0	Slac_41	0.0	Scil_15	0.0	Scil_15	0.0	Scil_15	0.0	Slac_41	0.0	Scil_28	0.00010652683002997611	Slac_41	0.0	Scil_15	0.0	Slac_41	0.0	Scil_15	0.0	Slac_41	0.0	Slac_41	0.0	Slac_41	0.0	Slac_41	0.0	Aque_Unk_2	0.0
Slac_40	0.0	Scil_16	0.0	Scil_22	0.00705466124614372	Scil_27	0.0009248240484169444	Slac_40	0.0	Slac_14	0.008319846128592288	Slac_40	0.0	Slac_6	0.0	Scil_16	0.0	Slac_6	0.0	Scil_16	0.0	Slac_40	0.0	Scil_16	0.0	Scil_16	0.0	Slac_14	0.006633469369168213	Scil_16	0.0	Scil_16	0.0	Scil_16	0.0	Slac_40	0.0	Slac_6	0.0	Slac_40	0.0	Scil_16	0.0	Slac_40	0.0	Slac_6	0.0	Slac_21	0.00015479310742968312	Slac_40	0.0	Slac_40	0.0	Scil_16	0.0	Scil_16	0.0	Slac_40	0.0	Slac_6	0.0	Scil_16	0.0	Scil_16	0.0	Slac_6	0.0	Slac_6	0.0	Scil_16	0.0	Slac_6	0.0	Slac_14	0.009807095117859944	Scil_16	0.0	Slac_40	0.0	Scil_16	0.0	Scil_16	0.0	Scil_16	0.0042887433597969	Slac_40	0.0	Scil_16	0.0	Slac_40	0.0	Scil_16	0.0	Slac_6	0.0	Slac_28	0.014683955280824945	Scil_16	0.0	Scil_16	0.0	Scil_16	0.0	Scil_16	0.0	Slac_40	0.0	Slac_40	0.0	Slac_6	0.0	Aque_Pinaco_2	0.0	Slac_6	0.0	Slac_6	0.0	Slac_40	0.0	Slac_40	0.0	Slac_6	0.0	Scil_28	0.011260883592602194	Slac_40	0.0	Scil_16	0.0	Slac_40	0.0	Scil_16	0.0	Slac_6	0.0	Slac_40	0.0	Scil_16	0.0	Slac_34	0.00028706782362672813	Slac_40	0.0	Scil_16	0.0	Scil_16	0.0	Slac_40	0.0	Scil_16	0.0	Scil_16	0.0	Scil_16	0.0	Slac_40	0.0	Aque_Choanocytes_1	0.0	Slac_40	0.0	Scil_16	0.0	Slac_40	0.0	Scil_16	0.0	Slac_40	0.0	Slac_40	0.0	Slac_40	0.0	Slac_40	0.0	Aque_Pinaco_2	0.0
Slac_37	0.0	Scil_17	0.0	Slac_38	0.0067104590779855176	Slac_18	0.0007190163999141127	Slac_37	0.0	Slac_23	0.006625069708910911	Slac_37	0.0	Slac_37	0.0	Scil_17	0.0	Slac_37	0.0	Scil_17	0.0	Slac_37	0.0	Scil_17	0.0	Scil_17	0.0	Slac_30	0.006350874992476906	Scil_17	0.0	Scil_17	0.0	Scil_17	0.0	Slac_37	0.0	Slac_37	0.0	Slac_37	0.0	Scil_17	0.0	Slac_37	0.0	Slac_37	0.0	Aque_Archaeo_2	0.0	Slac_37	0.0	Slac_37	0.0	Scil_17	0.0	Scil_17	0.0	Slac_37	0.0	Slac_37	0.0	Scil_17	0.0	Scil_17	0.0	Slac_37	0.0	Slac_37	0.0	Scil_17	0.0	Slac_37	0.0	Scil_21	0.009609529255397722	Scil_17	0.0	Slac_37	0.0	Scil_17	0.0	Scil_17	0.0	Slac_41	0.004114571445277498	Slac_37	0.0	Scil_17	0.0	Slac_37	0.0	Scil_17	0.0	Slac_37	0.0	Slac_33	0.014519378628954343	Scil_17	0.0	Scil_17	0.0	Scil_17	0.0	Scil_17	0.0	Slac_37	0.0	Slac_37	0.0	Slac_37	0.0	Aque_Archaeo_2	0.0	Slac_37	0.0	Slac_37	0.0	Slac_37	0.0	Slac_37	0.0	Slac_37	0.0	Slac_42	0.010908895100170221	Slac_37	0.0	Scil_17	0.0	Slac_37	0.0	Scil_17	0.0	Slac_37	0.0	Slac_37	0.0	Scil_17	0.0	Scil_23	0.00024158059565855655	Slac_37	0.0	Scil_17	0.0	Scil_17	0.0	Slac_37	0.0	Scil_17	0.0	Scil_17	0.0	Scil_17	0.0	Slac_37	0.0	Aque_Archaeo_2	0.0	Slac_37	0.0	Scil_17	0.0	Slac_37	0.0	Scil_17	0.0	Slac_37	0.0	Slac_37	0.0	Slac_37	0.0	Slac_37	0.0	Aque_Archaeo_2	0.0
Slac_4	0.0	Scil_18	0.0	Slac_28	0.0058913768910121974	Scil_26	0.000701555235626736	Slac_4	0.0	Slac_29	0.006125722659765655	Slac_4	0.0	Slac_4	0.0	Scil_18	0.0	Slac_4	0.0	Scil_18	0.0	Slac_4	0.0	Scil_18	0.0	Scil_18	0.0	Slac_32	0.004608575691161656	Scil_18	0.0	Scil_18	0.0	Scil_18	0.0	Slac_4	0.0	Slac_4	0.0	Slac_4	0.0	Scil_18	0.0	Slac_4	0.0	Slac_4	0.0	Aque_Aspcinzin	0.0	Slac_4	0.0	Slac_4	0.0	Scil_18	0.0	Scil_18	0.0	Slac_4	0.0	Slac_4	0.0	Scil_18	0.0	Scil_18	0.0	Slac_4	0.0	Slac_4	0.0	Scil_18	0.0	Slac_4	0.0	Slac_32	0.003797458194493381	Scil_18	0.0	Slac_4	0.0	Scil_18	0.0	Scil_18	0.0	Scil_23	0.003213661902486592	Slac_4	0.0	Scil_18	0.0	Slac_4	0.0	Scil_18	0.0	Slac_4	0.0	Scil_31	0.013803794983743917	Scil_18	0.0	Scil_18	0.0	Scil_18	0.0	Scil_18	0.0	Slac_4	0.0	Slac_4	0.0	Slac_4	0.0	Aque_Aspcinzin	0.0	Slac_4	0.0	Slac_4	0.0	Slac_4	0.0	Slac_4	0.0	Slac_4	0.0	Slac_14	0.009892888471423462	Slac_4	0.0	Scil_18	0.0	Slac_4	0.0	Scil_18	0.0	Slac_4	0.0	Slac_4	0.0	Scil_18	0.0	Scil_29	0.00022302995905778048	Slac_4	0.0	Scil_18	0.0	Scil_18	0.0	Slac_4	0.0	Scil_18	0.0	Scil_18	0.0	Scil_18	0.0	Slac_4	0.0	Aque_Aspcinzin	0.0	Slac_4	0.0	Scil_18	0.0	Slac_4	0.0	Scil_18	0.0	Slac_4	0.0	Slac_4	0.0	Slac_4	0.0	Slac_4	0.0	Aque_Aspcinzin	0.0
Slac_39	0.0	Scil_19	0.0	Slac_34	0.004697112321764657	Scil_21	0.0006269307337941988	Slac_39	0.0	Slac_28	0.005836294236129344	Slac_39	0.0	Slac_39	0.0	Scil_19	0.0	Slac_39	0.0	Scil_19	0.0	Slac_39	0.0	Scil_19	0.0	Scil_19	0.0	Slac_18	0.004567564633225805	Scil_19	0.0	Scil_19	0.0	Scil_19	0.0	Slac_39	0.0	Slac_39	0.0	Slac_39	0.0	Scil_19	0.0	Slac_39	0.0	Slac_39	0.0	Aque_Bactericidal	0.0	Slac_39	0.0	Slac_39	0.0	Scil_19	0.0	Scil_19	0.0	Slac_39	0.0	Slac_39	0.0	Scil_19	0.0	Scil_19	0.0	Slac_39	0.0	Slac_39	0.0	Scil_19	0.0	Slac_39	0.0	Slac_40	0.002731685717042087	Scil_19	0.0	Slac_39	0.0	Scil_19	0.0	Scil_19	0.0	Slac_24	0.0031042108795746584	Slac_39	0.0	Scil_19	0.0	Slac_39	0.0	Scil_19	0.0	Slac_39	0.0	Slac_27	0.012150321929330177	Scil_19	0.0	Scil_19	0.0	Scil_19	0.0	Scil_19	0.0	Slac_39	0.0	Slac_39	0.0	Slac_39	0.0	Aque_Bactericidal	0.0	Slac_39	0.0	Slac_39	0.0	Slac_39	0.0	Slac_39	0.0	Slac_39	0.0	Slac_30	0.009573589633224959	Slac_39	0.0	Scil_19	0.0	Slac_39	0.0	Scil_19	0.0	Slac_39	0.0	Slac_39	0.0	Scil_19	0.0	Aque_Archaeo_2	0.0	Slac_39	0.0	Scil_19	0.0	Scil_19	0.0	Slac_39	0.0	Scil_19	0.0	Scil_19	0.0	Scil_19	0.0	Slac_39	0.0	Aque_Bactericidal	0.0	Slac_39	0.0	Scil_19	0.0	Slac_39	0.0	Scil_19	0.0	Slac_39	0.0	Slac_39	0.0	Slac_39	0.0	Slac_39	0.0	Aque_Bactericidal	0.0
Slac_38	0.0	Scil_2	0.0	Slac_3	0.0036062134029167512	Scil_28	0.0003999882933424273	Slac_38	0.0	Slac_33	0.005022867270718439	Slac_38	0.0	Slac_38	0.0	Scil_2	0.0	Slac_38	0.0	Scil_2	0.0	Slac_38	0.0	Scil_2	0.0	Scil_2	0.0	Scil_29	0.004513838623387579	Scil_2	0.0	Scil_2	0.0	Scil_2	0.0	Slac_38	0.0	Slac_38	0.0	Slac_38	0.0	Scil_2	0.0	Slac_38	0.0	Slac_38	0.0	Aque_Choano_to_pinaco	0.0	Slac_38	0.0	Slac_38	0.0	Scil_2	0.0	Scil_2	0.0	Slac_38	0.0	Slac_38	0.0	Scil_2	0.0	Scil_2	0.0	Slac_38	0.0	Slac_38	0.0	Scil_2	0.0	Slac_38	0.0	Slac_24	0.002398644795650713	Scil_2	0.0	Slac_38	0.0	Scil_2	0.0	Scil_2	0.0	Scil_20	0.0030887613505021384	Slac_38	0.0	Scil_2	0.0	Slac_38	0.0	Scil_2	0.0	Slac_38	0.0	Scil_30	0.010303357644773019	Scil_2	0.0	Scil_2	0.0	Scil_2	0.0	Scil_2	0.0	Slac_38	0.0	Slac_38	0.0	Slac_38	0.0	Aque_Choano_to_pinaco	0.0	Slac_38	0.0	Slac_38	0.0	Slac_38	0.0	Slac_38	0.0	Slac_38	0.0	Slac_21	0.007968367267592289	Slac_38	0.0	Scil_2	0.0	Slac_38	0.0	Scil_2	0.0	Slac_38	0.0	Slac_38	0.0	Scil_2	0.0	Aque_Choano_to_pinaco	0.0	Slac_38	0.0	Scil_2	0.0	Scil_2	0.0	Slac_38	0.0	Scil_2	0.0	Scil_2	0.0	Scil_2	0.0	Slac_38	0.0	Aque_Choano_to_pinaco	0.0	Slac_38	0.0	Scil_2	0.0	Slac_38	0.0	Scil_2	0.0	Slac_38	0.0	Slac_38	0.0	Slac_38	0.0	Slac_38	0.0	Aque_Choano_to_pinaco	0.0
Slac_35	0.0	Scil_20	0.0	Slac_21	0.0021838483076431314	Slac_36	0.0002403349680032534	Slac_35	0.0	Scil_32	0.003714436315038506	Slac_35	0.0	Slac_35	0.0	Scil_20	0.0	Slac_35	0.0	Scil_20	0.0	Slac_35	0.0	Scil_20	0.0	Scil_20	0.0	Scil_21	0.0021362213754447176	Scil_20	0.0	Scil_20	0.0	Scil_20	0.0	Slac_35	0.0	Slac_35	0.0	Slac_35	0.0	Scil_20	0.0	Slac_35	0.0	Slac_35	0.0	Aque_Choanocytes_1	0.0	Slac_35	0.0	Slac_35	0.0	Scil_20	0.0	Scil_20	0.0	Slac_35	0.0	Slac_35	0.0	Scil_20	0.0	Scil_20	0.0	Slac_35	0.0	Slac_35	0.0	Scil_20	0.0	Slac_35	0.0	Slac_18	0.0020584334443393614	Scil_20	0.0	Slac_35	0.0	Scil_20	0.0	Scil_20	0.0	Scil_31	0.0029150336033962653	Slac_35	0.0	Scil_20	0.0	Slac_35	0.0	Scil_20	0.0	Slac_35	0.0	Slac_42	0.009068206129543751	Scil_20	0.0	Scil_20	0.0	Scil_20	0.0	Scil_20	0.0	Slac_35	0.0	Slac_35	0.0	Slac_35	0.0	Aque_Choanocytes_1	0.0	Slac_35	0.0	Slac_35	0.0	Slac_35	0.0	Slac_35	0.0	Slac_35	0.0	Scil_30	0.007909594053682452	Slac_35	0.0	Scil_20	0.0	Slac_35	0.0	Scil_20	0.0	Slac_35	0.0	Slac_35	0.0	Scil_20	0.0	Aque_Pinaco_1	0.0	Slac_35	0.0	Scil_20	0.0	Scil_20	0.0	Slac_35	0.0	Scil_20	0.0	Scil_20	0.0	Scil_20	0.0	Slac_35	0.0	Aque_Pinaco_1	0.0	Slac_35	0.0	Scil_20	0.0	Slac_35	0.0	Scil_20	0.0	Slac_35	0.0	Slac_35	0.0	Slac_35	0.0	Slac_35	0.0	Aque_Choanocytes_1	0.0
Slac_36	0.0	Scil_21	0.0	Scil_28	0.001713714011777517	Slac_32	0.0001825742971970638	Slac_36	0.0	Slac_26	0.0036279918842141634	Slac_36	0.0	Slac_36	0.0	Scil_21	0.0	Slac_36	0.0	Scil_21	0.0	Slac_36	0.0	Scil_21	0.0	Scil_21	0.0	Slac_41	0.0019750590425582234	Scil_21	0.0	Scil_21	0.0	Scil_21	0.0	Slac_36	0.0	Slac_36	0.0	Slac_36	0.0	Scil_21	0.0	Slac_36	0.0	Slac_36	0.0	Aque_Pinaco_1	0.0	Slac_36	0.0	Slac_36	0.0	Scil_21	0.0	Scil_21	0.0	Slac_36	0.0	Slac_36	0.0	Scil_21	0.0	Scil_21	0.0	Slac_36	0.0	Slac_36	0.0	Scil_21	0.0	Slac_36	0.0	Scil_25	0.0013493164366490903	Scil_21	0.0	Slac_36	0.0	Scil_21	0.0	Scil_21	0.0	Scil_22	0.00194622788147425	Slac_36	0.0	Scil_21	0.0	Slac_36	0.0	Scil_21	0.0	Slac_36	0.0	Scil_24	0.007000914939122911	Scil_21	0.0	Scil_21	0.0	Scil_21	0.0	Scil_21	0.0	Slac_36	0.0	Slac_36	0.0	Slac_36	0.0	Aque_Choanocytes_2	0.0	Slac_36	0.0	Slac_36	0.0	Slac_36	0.0	Slac_36	0.0	Slac_36	0.0	Scil_32	0.006971228265847366	Slac_36	0.0	Scil_21	0.0	Slac_36	0.0	Scil_21	0.0	Slac_36	0.0	Slac_36	0.0	Scil_21	0.0	Aque_Aspcinzin	0.0	Slac_36	0.0	Scil_21	0.0	Scil_21	0.0	Slac_36	0.0	Scil_21	0.0	Scil_21	0.0	Scil_21	0.0	Slac_36	0.0	Aque_Choanocytes_2	0.0	Slac_36	0.0	Scil_21	0.0	Slac_36	0.0	Scil_21	0.0	Slac_36	0.0	Slac_36	0.0	Slac_36	0.0	Slac_36	0.0	Aque_Pinaco_1	0.0
Slac_34	0.0	Scil_22	0.0	Slac_23	0.0013617441624685556	Aque_Choanocytes_1	0.0	Slac_34	0.0	Slac_5	0.0035559873549201398	Slac_34	0.0	Slac_34	0.0	Scil_22	0.0	Slac_34	0.0	Scil_22	0.0	Slac_34	0.0	Scil_22	0.0	Scil_22	0.0	Slac_24	0.0018310586534290684	Scil_22	0.0	Scil_22	0.0	Scil_22	0.0	Slac_34	0.0	Slac_34	0.0	Slac_34	0.0	Scil_22	0.0	Slac_34	0.0	Slac_34	0.0	Aque_Collagen	0.0	Slac_34	0.0	Slac_34	0.0	Scil_22	0.0	Scil_22	0.0	Slac_34	0.0	Slac_34	0.0	Scil_22	0.0	Scil_22	0.0	Slac_34	0.0	Slac_34	0.0	Scil_22	0.0	Slac_34	0.0	Slac_9	0.0003333323327567911	Scil_22	0.0	Slac_34	0.0	Scil_22	0.0	Scil_22	0.0	Slac_30	0.0008475639835129327	Slac_34	0.0	Scil_22	0.0	Slac_34	0.0	Scil_22	0.0	Slac_34	0.0	Scil_19	0.003982133247054627	Scil_22	0.0	Scil_22	0.0	Scil_22	0.0	Scil_22	0.0	Slac_34	0.0	Slac_34	0.0	Slac_34	0.0	Aque_Pinaco_1	0.0	Slac_34	0.0	Slac_34	0.0	Slac_34	0.0	Slac_34	0.0	Slac_34	0.0	Slac_25	0.005772066510151787	Slac_34	0.0	Scil_22	0.0	Slac_34	0.0	Scil_22	0.0	Slac_34	0.0	Slac_34	0.0	Scil_22	0.0	Aque_Bactericidal	0.0	Slac_34	0.0	Scil_22	0.0	Scil_22	0.0	Slac_34	0.0	Scil_22	0.0	Scil_22	0.0	Scil_22	0.0	Slac_34	0.0	Aque_Collagen	0.0	Slac_34	0.0	Scil_22	0.0	Slac_34	0.0	Scil_22	0.0	Slac_34	0.0	Slac_34	0.0	Slac_34	0.0	Slac_34	0.0	Aque_Collagen	0.0
Slac_33	0.0	Scil_23	0.0	Slac_39	0.0004300573410781098	Aque_Pinaco_1	0.0	Slac_33	0.0	Scil_24	0.0032536087301675946	Slac_33	0.0	Slac_40	0.0	Scil_23	0.0	Slac_40	0.0	Scil_23	0.0	Slac_33	0.0	Scil_23	0.0	Scil_23	0.0	Slac_25	0.0008850257240320583	Scil_23	0.0	Scil_23	0.0	Scil_23	0.0	Slac_33	0.0	Slac_40	0.0	Slac_33	0.0	Scil_23	0.0	Slac_33	0.0	Slac_40	0.0	Aque_Archaeo_1	0.0	Slac_33	0.0	Slac_33	0.0	Scil_23	0.0	Scil_23	0.0	Slac_33	0.0	Slac_40	0.0	Scil_23	0.0	Scil_23	0.0	Slac_40	0.0	Slac_40	0.0	Scil_23	0.0	Slac_40	0.0	Aque_Pinaco_1	0.0	Scil_23	0.0	Slac_33	0.0	Scil_23	0.0	Scil_23	0.0	Slac_40	0.0007721802853626859	Slac_33	0.0	Scil_23	0.0	Slac_33	0.0	Scil_23	0.0	Slac_40	0.0	Scil_21	0.0035213005953880203	Scil_23	0.0	Scil_23	0.0	Scil_23	0.0	Scil_23	0.0	Slac_33	0.0	Slac_33	0.0	Slac_40	0.0	Aque_Archaeo_1	0.0	Slac_40	0.0	Slac_40	0.0	Slac_33	0.0	Slac_33	0.0	Slac_40	0.0	Scil_25	0.001038832710512295	Slac_33	0.0	Scil_23	0.0	Slac_33	0.0	Scil_23	0.0	Slac_40	0.0	Slac_33	0.0	Scil_23	0.0	Aque_Archaeo_1	0.0	Slac_33	0.0	Scil_23	0.0	Scil_23	0.0	Slac_33	0.0	Scil_23	0.0	Scil_23	0.0	Scil_23	0.0	Slac_33	0.0	Aque_Archaeo_1	0.0	Slac_33	0.0	Scil_23	0.0	Slac_33	0.0	Scil_23	0.0	Slac_33	0.0	Slac_33	0.0	Slac_33	0.0	Slac_33	0.0	Aque_Archaeo_1	0.0
Slac_26	0.0	Scil_24	0.0	Slac_26	0.0003977568246787891	Slac_15	0.0	Slac_26	0.0	Slac_21	0.0024036013089745963	Slac_26	0.0	Slac_26	0.0	Scil_24	0.0	Slac_26	0.0	Scil_24	0.0	Slac_26	0.0	Scil_24	0.0	Scil_24	0.0	Slac_15	0.000880207659392572	Scil_24	0.0	Scil_24	0.0	Scil_24	0.0	Slac_26	0.0	Slac_26	0.0	Slac_26	0.0	Scil_24	0.0	Slac_26	0.0	Slac_26	0.0	Aque_Unk_2	0.0	Slac_26	0.0	Slac_26	0.0	Scil_24	0.0	Scil_24	0.0	Slac_26	0.0	Slac_26	0.0	Scil_24	0.0	Scil_24	0.0	Slac_26	0.0	Slac_26	0.0	Scil_24	0.0	Slac_26	0.0	Slac_15	0.0	Scil_24	0.0	Slac_26	0.0	Scil_24	0.0	Scil_24	0.0	Scil_28	0.0004340036754463477	Slac_26	0.0	Scil_24	0.0	Slac_26	0.0	Scil_24	0.0	Slac_26	0.0	Scil_27	0.003440425282434636	Scil_24	0.0	Scil_24	0.0	Scil_24	0.0	Scil_24	0.0	Slac_26	0.0	Slac_26	0.0	Slac_26	0.0	Slac_14	0.0	Slac_26	0.0	Slac_26	0.0	Slac_26	0.0	Slac_26	0.0	Slac_26	0.0	Scil_21	0.0002745795434539697	Slac_26	0.0	Scil_24	0.0	Slac_26	0.0	Scil_24	0.0	Slac_26	0.0	Slac_26	0.0	Scil_24	0.0	Aque_Unk_2	0.0	Slac_26	0.0	Scil_24	0.0	Scil_24	0.0	Slac_26	0.0	Scil_24	0.0	Scil_24	0.0	Scil_24	0.0	Slac_26	0.0	Aque_Unk_2	0.0	Slac_26	0.0	Scil_24	0.0	Slac_26	0.0	Scil_24	0.0	Slac_26	0.0	Slac_26	0.0	Slac_26	0.0	Slac_26	0.0	Slac_15	0.0
Slac_32	0.0	Scil_25	0.0	Aque_Unk_2	0.0	Aque_Unk_1	0.0	Slac_32	0.0	Slac_39	0.0017926710143758816	Slac_32	0.0	Slac_32	0.0	Scil_25	0.0	Slac_32	0.0	Scil_25	0.0	Slac_32	0.0	Scil_25	0.0	Scil_25	0.0	Scil_25	0.0008257922389724717	Scil_25	0.0	Scil_25	0.0	Scil_25	0.0	Slac_32	0.0	Slac_32	0.0	Slac_32	0.0	Scil_25	0.0	Slac_32	0.0	Slac_32	0.0	Aque_Unk_1	0.0	Slac_32	0.0	Slac_32	0.0	Scil_25	0.0	Scil_25	0.0	Slac_32	0.0	Slac_32	0.0	Scil_25	0.0	Scil_25	0.0	Slac_32	0.0	Slac_32	0.0	Scil_25	0.0	Slac_32	0.0	Aque_Unk_1	0.0	Scil_25	0.0	Slac_32	0.0	Scil_25	0.0	Scil_25	0.0	Scil_29	0.0004158256090495533	Slac_32	0.0	Scil_25	0.0	Slac_32	0.0	Scil_25	0.0	Slac_32	0.0	Slac_39	0.003099631590548854	Scil_25	0.0	Scil_25	0.0	Scil_25	0.0	Scil_25	0.0	Slac_32	0.0	Slac_32	0.0	Slac_32	0.0	Slac_15	0.0	Slac_32	0.0	Slac_32	0.0	Slac_32	0.0	Slac_32	0.0	Slac_32	0.0	Scil_26	0.00011186009122724358	Slac_32	0.0	Scil_25	0.0	Slac_32	0.0	Scil_25	0.0	Slac_32	0.0	Slac_32	0.0	Scil_25	0.0	Aque_Unk_1	0.0	Slac_32	0.0	Scil_25	0.0	Scil_25	0.0	Slac_32	0.0	Scil_25	0.0	Scil_25	0.0	Scil_25	0.0	Slac_32	0.0	Aque_Unk_1	0.0	Slac_32	0.0	Scil_25	0.0	Slac_32	0.0	Scil_25	0.0	Slac_32	0.0	Slac_32	0.0	Slac_32	0.0	Slac_32	0.0	Aque_Unk_1	0.0
Slac_31	0.0	Scil_26	0.0	Aque_Sperm	0.0	Aque_Sperm	0.0	Slac_31	0.0	Aque_Unk_2	0.0	Slac_31	0.0	Slac_31	0.0	Scil_26	0.0	Slac_31	0.0	Scil_26	0.0	Slac_31	0.0	Scil_26	0.0	Scil_26	0.0	Scil_15	0.00011378392490901889	Scil_26	0.0	Scil_26	0.0	Scil_26	0.0	Slac_31	0.0	Slac_31	0.0	Slac_31	0.0	Scil_26	0.0	Slac_31	0.0	Slac_31	0.0	Aque_Sperm	0.0	Slac_31	0.0	Slac_31	0.0	Scil_26	0.0	Scil_26	0.0	Slac_31	0.0	Slac_31	0.0	Scil_26	0.0	Scil_26	0.0	Slac_31	0.0	Slac_31	0.0	Scil_26	0.0	Slac_31	0.0	Aque_Sperm	0.0	Scil_26	0.0	Slac_31	0.0	Scil_26	0.0	Scil_26	0.0	Slac_25	0.0002477758910193685	Slac_31	0.0	Scil_26	0.0	Slac_31	0.0	Scil_26	0.0	Slac_31	0.0	Aque_Unk_2	0.0	Scil_26	0.0	Scil_26	0.0	Scil_26	0.0	Scil_26	0.0	Slac_31	0.0	Slac_31	0.0	Slac_31	0.0	Aque_Sperm	0.0	Slac_31	0.0	Slac_31	0.0	Slac_31	0.0	Slac_31	0.0	Slac_31	0.0	Aque_Unk_2	0.0	Slac_31	0.0	Scil_26	0.0	Slac_31	0.0	Scil_26	0.0	Slac_31	0.0	Slac_31	0.0	Scil_26	0.0	Aque_Sperm	0.0	Slac_31	0.0	Scil_26	0.0	Scil_26	0.0	Slac_31	0.0	Scil_26	0.0	Scil_26	0.0	Scil_26	0.0	Slac_31	0.0	Aque_Sperm	0.0	Slac_31	0.0	Scil_26	0.0	Slac_31	0.0	Scil_26	0.0	Slac_31	0.0	Slac_31	0.0	Slac_31	0.0	Slac_31	0.0	Aque_Sperm	0.0
Slac_30	0.0	Scil_27	0.0	Aque_Pinaco_2	0.0	Aque_Pinaco_2	0.0	Slac_30	0.0	Aque_Pinaco_2	0.0	Slac_30	0.0	Slac_30	0.0	Scil_27	0.0	Slac_30	0.0	Scil_27	0.0	Slac_30	0.0	Scil_27	0.0	Scil_27	0.0	Aque_Unk_2	0.0	Scil_27	0.0	Scil_27	0.0	Scil_27	0.0	Slac_30	0.0	Slac_30	0.0	Slac_30	0.0	Scil_27	0.0	Slac_30	0.0	Slac_30	0.0	Aque_Pinaco_2	0.0	Slac_30	0.0	Slac_30	0.0	Scil_27	0.0	Scil_27	0.0	Slac_30	0.0	Slac_30	0.0	Scil_27	0.0	Scil_27	0.0	Slac_30	0.0	Slac_30	0.0	Scil_27	0.0	Slac_30	0.0	Aque_Pinaco_2	0.0	Scil_27	0.0	Slac_30	0.0	Scil_27	0.0	Scil_27	0.0	Aque_Unk_2	0.0	Slac_30	0.0	Scil_27	0.0	Slac_30	0.0	Scil_27	0.0	Slac_30	0.0	Aque_Pinaco_2	0.0	Scil_27	0.0	Scil_27	0.0	Scil_27	0.0	Scil_27	0.0	Slac_30	0.0	Slac_30	0.0	Slac_30	0.0	Slac_42	0.0	Slac_30	0.0	Slac_30	0.0	Slac_30	0.0	Slac_30	0.0	Slac_30	0.0	Aque_Pinaco_2	0.0	Slac_30	0.0	Scil_27	0.0	Slac_30	0.0	Scil_27	0.0	Slac_30	0.0	Slac_30	0.0	Scil_27	0.0	Aque_Pinaco_2	0.0	Slac_30	0.0	Scil_27	0.0	Scil_27	0.0	Slac_30	0.0	Scil_27	0.0	Scil_27	0.0	Scil_27	0.0	Slac_30	0.0	Aque_Pinaco_2	0.0	Slac_30	0.0	Scil_27	0.0	Slac_30	0.0	Scil_27	0.0	Slac_30	0.0	Slac_30	0.0	Slac_30	0.0	Slac_30	0.0	Slac_42	0.0
Slac_3	0.0	Scil_28	0.0	Aque_Choanocytes_1	0.0	Aque_Unk_2	0.0	Slac_3	0.0	Aque_Choanocytes_1	0.0	Slac_3	0.0	Slac_3	0.0	Scil_28	0.0	Slac_3	0.0	Scil_28	0.0	Slac_3	0.0	Scil_28	0.0	Scil_28	0.0	Aque_Choanocytes_1	0.0	Scil_28	0.0	Scil_28	0.0	Scil_28	0.0	Slac_3	0.0	Slac_3	0.0	Slac_3	0.0	Scil_28	0.0	Slac_3	0.0	Slac_3	0.0	Slac_0	0.0	Slac_3	0.0	Slac_3	0.0	Scil_28	0.0	Scil_28	0.0	Slac_3	0.0	Slac_3	0.0	Scil_28	0.0	Scil_28	0.0	Slac_3	0.0	Slac_3	0.0	Scil_28	0.0	Slac_3	0.0	Aque_Unk_2	0.0	Scil_28	0.0	Slac_3	0.0	Scil_28	0.0	Scil_28	0.0	Aque_Choanocytes_1	0.0	Slac_3	0.0	Scil_28	0.0	Slac_3	0.0	Scil_28	0.0	Slac_3	0.0	Aque_Choanocytes_1	0.0	Scil_28	0.0	Scil_28	0.0	Scil_28	0.0	Scil_28	0.0	Slac_3	0.0	Slac_3	0.0	Slac_3	0.0	Slac_29	0.0	Slac_3	0.0	Slac_3	0.0	Slac_3	0.0	Slac_3	0.0	Slac_3	0.0	Aque_Choanocytes_1	0.0	Slac_3	0.0	Scil_28	0.0	Slac_3	0.0	Scil_28	0.0	Slac_3	0.0	Slac_3	0.0	Scil_28	0.0	Aque_Choanocytes_1	0.0	Slac_3	0.0	Scil_28	0.0	Scil_28	0.0	Slac_3	0.0	Scil_28	0.0	Scil_28	0.0	Scil_28	0.0	Slac_3	0.0	Slac_25	0.0	Scil_15	0.0	Scil_28	0.0	Slac_3	0.0	Scil_28	0.0	Slac_3	0.0	Slac_3	0.0	Slac_3	0.0	Slac_3	0.0	Slac_24	0.0
Slac_29	0.0	Scil_29	0.0	Aque_Unk_1	0.0	Aque_Choanocytes_2	0.0	Slac_29	0.0	Aque_Unk_1	0.0	Slac_29	0.0	Slac_29	0.0	Scil_29	0.0	Slac_29	0.0	Scil_29	0.0	Slac_29	0.0	Scil_29	0.0	Scil_29	0.0	Aque_Unk_1	0.0	Scil_29	0.0	Scil_29	0.0	Scil_29	0.0	Slac_29	0.0	Slac_29	0.0	Slac_29	0.0	Scil_29	0.0	Slac_29	0.0	Slac_29	0.0	Aque_Choanocytes_2	0.0	Slac_29	0.0	Slac_29	0.0	Scil_29	0.0	Scil_29	0.0	Slac_29	0.0	Slac_29	0.0	Scil_29	0.0	Scil_29	0.0	Slac_29	0.0	Slac_29	0.0	Scil_29	0.0	Slac_29	0.0	Aque_Choanocytes_2	0.0	Scil_29	0.0	Slac_29	0.0	Scil_29	0.0	Scil_29	0.0	Aque_Unk_1	0.0	Slac_29	0.0	Scil_29	0.0	Scil_19	0.0	Scil_29	0.0	Slac_29	0.0	Aque_Unk_1	0.0	Scil_29	0.0	Scil_29	0.0	Scil_29	0.0	Scil_29	0.0	Slac_29	0.0	Slac_29	0.0	Slac_29	0.0	Slac_41	0.0	Slac_29	0.0	Slac_29	0.0	Slac_29	0.0	Slac_29	0.0	Slac_29	0.0	Aque_Unk_1	0.0	Slac_29	0.0	Scil_29	0.0	Slac_29	0.0	Scil_29	0.0	Slac_29	0.0	Slac_29	0.0	Scil_29	0.0	Aque_Choanocytes_2	0.0	Slac_29	0.0	Scil_29	0.0	Scil_29	0.0	Slac_29	0.0	Scil_29	0.0	Scil_29	0.0	Scil_29	0.0	Slac_29	0.0	Slac_24	0.0	Scil_11	0.0	Scil_29	0.0	Slac_29	0.0	Scil_29	0.0	Slac_29	0.0	Slac_29	0.0	Slac_29	0.0	Slac_29	0.0	Slac_41	0.0
Slac_28	0.0	Scil_3	0.0	Aque_Collagen	0.0	Aque_Collagen	0.0	Slac_28	0.0	Aque_Sperm	0.0	Slac_28	0.0	Slac_28	0.0	Scil_3	0.0	Slac_28	0.0	Scil_3	0.0	Slac_28	0.0	Scil_3	0.0	Scil_3	0.0	Aque_Sperm	0.0	Scil_3	0.0	Scil_3	0.0	Scil_3	0.0	Slac_28	0.0	Slac_28	0.0	Slac_28	0.0	Scil_3	0.0	Slac_28	0.0	Slac_28	0.0	Slac_26	0.0	Slac_28	0.0	Slac_28	0.0	Scil_3	0.0	Scil_3	0.0	Slac_28	0.0	Slac_28	0.0	Scil_3	0.0	Scil_3	0.0	Slac_28	0.0	Slac_28	0.0	Scil_3	0.0	Slac_28	0.0	Aque_Collagen	0.0	Scil_3	0.0	Slac_28	0.0	Scil_3	0.0	Scil_3	0.0	Aque_Sperm	0.0	Slac_28	0.0	Scil_3	0.0	Scil_15	0.0	Scil_3	0.0	Slac_28	0.0	Aque_Sperm	0.0	Scil_3	0.0	Scil_3	0.0	Scil_3	0.0	Scil_3	0.0	Slac_28	0.0	Slac_28	0.0	Slac_28	0.0	Slac_36	0.0	Slac_28	0.0	Slac_28	0.0	Slac_28	0.0	Slac_28	0.0	Slac_28	0.0	Aque_Sperm	0.0	Slac_28	0.0	Scil_3	0.0	Slac_28	0.0	Scil_3	0.0	Slac_28	0.0	Slac_28	0.0	Scil_3	0.0	Aque_Collagen	0.0	Slac_28	0.0	Scil_3	0.0	Scil_3	0.0	Slac_28	0.0	Scil_3	0.0	Scil_3	0.0	Scil_3	0.0	Slac_28	0.0	Slac_30	0.0	Scil_21	0.0	Scil_3	0.0	Slac_28	0.0	Scil_3	0.0	Slac_28	0.0	Slac_28	0.0	Slac_28	0.0	Slac_28	0.0	Slac_25	0.0
Slac_27	0.0	Scil_30	0.0	Aque_Archaeo_1	0.0	Aque_Archaeo_1	0.0	Slac_27	0.0	Aque_Archaeo_1	0.0	Slac_27	0.0	Slac_27	0.0	Scil_30	0.0	Slac_27	0.0	Scil_30	0.0	Slac_27	0.0	Scil_30	0.0	Scil_30	0.0	Aque_Pinaco_2	0.0	Scil_30	0.0	Scil_30	0.0	Scil_30	0.0	Slac_27	0.0	Slac_27	0.0	Slac_27	0.0	Scil_30	0.0	Slac_27	0.0	Slac_27	0.0	Slac_23	0.0	Slac_27	0.0	Slac_27	0.0	Scil_30	0.0	Scil_30	0.0	Slac_27	0.0	Slac_27	0.0	Scil_30	0.0	Scil_30	0.0	Slac_27	0.0	Slac_27	0.0	Scil_30	0.0	Slac_27	0.0	Aque_Archaeo_1	0.0	Scil_30	0.0	Slac_27	0.0	Scil_30	0.0	Scil_30	0.0	Aque_Pinaco_2	0.0	Slac_27	0.0	Scil_30	0.0	Scil_16	0.0	Scil_30	0.0	Slac_27	0.0	Aque_Archaeo_1	0.0	Scil_30	0.0	Scil_30	0.0	Scil_30	0.0	Scil_30	0.0	Slac_27	0.0	Slac_27	0.0	Slac_27	0.0	Slac_39	0.0	Slac_27	0.0	Slac_27	0.0	Slac_27	0.0	Slac_27	0.0	Slac_27	0.0	Aque_Archaeo_1	0.0	Slac_27	0.0	Scil_30	0.0	Slac_27	0.0	Scil_30	0.0	Slac_27	0.0	Slac_27	0.0	Scil_30	0.0	Slac_24	0.0	Slac_27	0.0	Scil_30	0.0	Scil_30	0.0	Slac_27	0.0	Scil_30	0.0	Scil_30	0.0	Scil_30	0.0	Slac_27	0.0	Slac_32	0.0	Scil_16	0.0	Scil_30	0.0	Slac_27	0.0	Scil_30	0.0	Slac_27	0.0	Slac_27	0.0	Slac_27	0.0	Slac_27	0.0	Slac_32	0.0
Slac_22	0.0	Scil_31	0.0	Aque_Archaeo_2	0.0	Aque_Archaeo_2	0.0	Slac_22	0.0	Aque_Archaeo_2	0.0	Slac_22	0.0	Slac_22	0.0	Scil_31	0.0	Slac_22	0.0	Scil_31	0.0	Slac_22	0.0	Scil_31	0.0	Scil_31	0.0	Aque_Archaeo_2	0.0	Scil_31	0.0	Scil_31	0.0	Scil_31	0.0	Slac_22	0.0	Slac_22	0.0	Slac_22	0.0	Scil_31	0.0	Slac_22	0.0	Slac_22	0.0	Slac_42	0.0	Slac_22	0.0	Slac_22	0.0	Scil_31	0.0	Scil_31	0.0	Slac_22	0.0	Slac_22	0.0	Scil_31	0.0	Scil_31	0.0	Slac_22	0.0	Slac_22	0.0	Scil_31	0.0	Slac_22	0.0	Aque_Archaeo_2	0.0	Scil_31	0.0	Slac_22	0.0	Scil_31	0.0	Scil_31	0.0	Aque_Archaeo_2	0.0	Slac_22	0.0	Scil_31	0.0	Scil_20	0.0	Scil_31	0.0	Slac_22	0.0	Aque_Archaeo_2	0.0	Scil_31	0.0	Scil_31	0.0	Scil_31	0.0	Scil_31	0.0	Slac_22	0.0	Slac_22	0.0	Slac_22	0.0	Scil_21	0.0	Slac_22	0.0	Slac_22	0.0	Slac_22	0.0	Slac_22	0.0	Slac_22	0.0	Aque_Archaeo_2	0.0	Slac_22	0.0	Scil_31	0.0	Slac_22	0.0	Scil_31	0.0	Slac_22	0.0	Slac_22	0.0	Scil_31	0.0	Slac_42	0.0	Slac_22	0.0	Scil_31	0.0	Scil_31	0.0	Slac_22	0.0	Scil_31	0.0	Scil_31	0.0	Scil_31	0.0	Slac_22	0.0	Slac_42	0.0	Scil_23	0.0	Scil_31	0.0	Slac_22	0.0	Scil_31	0.0	Slac_22	0.0	Slac_22	0.0	Slac_22	0.0	Slac_22	0.0	Scil_21	0.0
Slac_25	0.0	Scil_32	0.0	Aque_Aspcinzin	0.0	Aque_Aspcinzin	0.0	Slac_25	0.0	Aque_Aspcinzin	0.0	Slac_25	0.0	Slac_25	0.0	Scil_32	0.0	Slac_25	0.0	Scil_32	0.0	Slac_25	0.0	Scil_32	0.0	Scil_32	0.0	Aque_Aspcinzin	0.0	Scil_32	0.0	Scil_32	0.0	Scil_32	0.0	Slac_25	0.0	Slac_25	0.0	Slac_25	0.0	Scil_32	0.0	Slac_25	0.0	Slac_25	0.0	Slac_5	0.0	Slac_25	0.0	Slac_25	0.0	Scil_32	0.0	Scil_32	0.0	Slac_25	0.0	Slac_25	0.0	Scil_32	0.0	Scil_32	0.0	Slac_25	0.0	Slac_25	0.0	Scil_32	0.0	Slac_25	0.0	Aque_Aspcinzin	0.0	Scil_32	0.0	Slac_25	0.0	Scil_32	0.0	Scil_32	0.0	Aque_Aspcinzin	0.0	Slac_25	0.0	Scil_32	0.0	Scil_30	0.0	Scil_32	0.0	Slac_25	0.0	Aque_Aspcinzin	0.0	Scil_32	0.0	Scil_32	0.0	Scil_32	0.0	Scil_32	0.0	Slac_25	0.0	Slac_25	0.0	Slac_25	0.0	Scil_15	0.0	Slac_25	0.0	Slac_25	0.0	Slac_25	0.0	Slac_25	0.0	Slac_25	0.0	Aque_Aspcinzin	0.0	Slac_25	0.0	Scil_32	0.0	Slac_25	0.0	Scil_32	0.0	Slac_25	0.0	Slac_25	0.0	Scil_32	0.0	Slac_41	0.0	Slac_25	0.0	Scil_32	0.0	Scil_32	0.0	Slac_25	0.0	Scil_32	0.0	Scil_32	0.0	Scil_32	0.0	Slac_25	0.0	Slac_41	0.0	Scil_22	0.0	Scil_32	0.0	Slac_25	0.0	Scil_32	0.0	Slac_25	0.0	Slac_25	0.0	Slac_25	0.0	Slac_25	0.0	Scil_19	0.0
Slac_24	0.0	Scil_4	0.0	Aque_Bactericidal	0.0	Aque_Bactericidal	0.0	Slac_24	0.0	Aque_Bactericidal	0.0	Slac_24	0.0	Slac_24	0.0	Scil_4	0.0	Slac_24	0.0	Scil_4	0.0	Slac_24	0.0	Scil_4	0.0	Scil_4	0.0	Aque_Bactericidal	0.0	Scil_4	0.0	Scil_4	0.0	Scil_4	0.0	Slac_24	0.0	Slac_24	0.0	Slac_24	0.0	Scil_4	0.0	Slac_24	0.0	Slac_24	0.0	Slac_39	0.0	Slac_24	0.0	Slac_24	0.0	Scil_4	0.0	Scil_4	0.0	Slac_24	0.0	Slac_24	0.0	Scil_4	0.0	Scil_4	0.0	Slac_24	0.0	Slac_24	0.0	Scil_4	0.0	Slac_24	0.0	Aque_Bactericidal	0.0	Scil_4	0.0	Slac_24	0.0	Scil_4	0.0	Scil_4	0.0	Aque_Bactericidal	0.0	Slac_24	0.0	Scil_4	0.0	Scil_26	0.0	Scil_4	0.0	Slac_24	0.0	Aque_Bactericidal	0.0	Scil_4	0.0	Scil_4	0.0	Scil_4	0.0	Scil_4	0.0	Slac_24	0.0	Slac_24	0.0	Slac_24	0.0	Scil_26	0.0	Slac_24	0.0	Slac_24	0.0	Slac_24	0.0	Slac_24	0.0	Slac_24	0.0	Aque_Bactericidal	0.0	Scil_19	0.0	Scil_4	0.0	Slac_24	0.0	Scil_4	0.0	Slac_24	0.0	Slac_24	0.0	Scil_4	0.0	Slac_39	0.0	Slac_24	0.0	Scil_4	0.0	Scil_4	0.0	Slac_24	0.0	Scil_4	0.0	Scil_4	0.0	Scil_4	0.0	Slac_24	0.0	Slac_37	0.0	Scil_25	0.0	Scil_4	0.0	Scil_21	0.0	Scil_4	0.0	Slac_24	0.0	Slac_24	0.0	Slac_24	0.0	Slac_24	0.0	Scil_29	0.0
Slac_23	0.0	Scil_5	0.0	Aque_Choano_to_pinaco	0.0	Aque_Choano_to_pinaco	0.0	Slac_23	0.0	Aque_Choano_to_pinaco	0.0	Scil_19	0.0	Slac_23	0.0	Scil_5	0.0	Slac_23	0.0	Scil_5	0.0	Slac_23	0.0	Scil_5	0.0	Scil_5	0.0	Aque_Choano_to_pinaco	0.0	Scil_5	0.0	Scil_5	0.0	Scil_5	0.0	Slac_23	0.0	Slac_23	0.0	Slac_23	0.0	Scil_5	0.0	Slac_23	0.0	Slac_23	0.0	Slac_3	0.0	Slac_23	0.0	Scil_19	0.0	Scil_5	0.0	Scil_5	0.0	Slac_23	0.0	Slac_23	0.0	Scil_5	0.0	Scil_5	0.0	Slac_23	0.0	Slac_23	0.0	Scil_5	0.0	Slac_23	0.0	Aque_Choano_to_pinaco	0.0	Scil_5	0.0	Slac_23	0.0	Scil_5	0.0	Scil_5	0.0	Aque_Choano_to_pinaco	0.0	Slac_23	0.0	Scil_5	0.0	Scil_27	0.0	Scil_5	0.0	Slac_23	0.0	Aque_Choano_to_pinaco	0.0	Scil_5	0.0	Scil_5	0.0	Scil_5	0.0	Scil_5	0.0	Slac_23	0.0	Slac_23	0.0	Slac_23	0.0	Scil_27	0.0	Slac_23	0.0	Slac_23	0.0	Slac_23	0.0	Slac_23	0.0	Slac_23	0.0	Aque_Choano_to_pinaco	0.0	Scil_15	0.0	Scil_5	0.0	Slac_23	0.0	Scil_5	0.0	Slac_23	0.0	Slac_23	0.0	Scil_5	0.0	Slac_40	0.0	Slac_23	0.0	Scil_5	0.0	Scil_5	0.0	Slac_23	0.0	Scil_5	0.0	Scil_5	0.0	Scil_5	0.0	Slac_23	0.0	Slac_40	0.0	Scil_26	0.0	Scil_5	0.0	Scil_15	0.0	Scil_5	0.0	Slac_23	0.0	Slac_23	0.0	Slac_23	0.0	Slac_23	0.0	Scil_27	0.0
Slac_20	0.0	Scil_6	0.0	Aque_Pinaco_1	0.0	Slac_41	0.0	Slac_20	0.0	Aque_Pinaco_1	0.0	Scil_17	0.0	Slac_20	0.0	Scil_6	0.0	Slac_20	0.0	Scil_6	0.0	Slac_20	0.0	Scil_6	0.0	Scil_6	0.0	Aque_Pinaco_1	0.0	Scil_6	0.0	Scil_6	0.0	Scil_6	0.0	Slac_20	0.0	Slac_20	0.0	Scil_21	0.0	Scil_6	0.0	Slac_20	0.0	Slac_20	0.0	Scil_19	0.0	Scil_19	0.0	Scil_17	0.0	Scil_6	0.0	Scil_6	0.0	Scil_19	0.0	Slac_20	0.0	Scil_6	0.0	Scil_6	0.0	Slac_20	0.0	Slac_20	0.0	Scil_6	0.0	Slac_20	0.0	Aque_Choanocytes_1	0.0	Scil_6	0.0	Slac_20	0.0	Scil_6	0.0	Scil_6	0.0	Aque_Pinaco_1	0.0	Slac_20	0.0	Scil_6	0.0	Scil_24	0.0	Scil_6	0.0	Slac_20	0.0	Aque_Pinaco_1	0.0	Scil_6	0.0	Scil_6	0.0	Scil_6	0.0	Scil_6	0.0	Scil_19	0.0	Scil_21	0.0	Slac_20	0.0	Scil_24	0.0	Slac_20	0.0	Slac_20	0.0	Scil_21	0.0	Slac_20	0.0	Slac_20	0.0	Aque_Pinaco_1	0.0	Scil_25	0.0	Scil_6	0.0	Slac_20	0.0	Scil_6	0.0	Slac_20	0.0	Slac_20	0.0	Scil_6	0.0	Slac_35	0.0	Slac_20	0.0	Scil_6	0.0	Scil_6	0.0	Slac_20	0.0	Scil_6	0.0	Scil_6	0.0	Scil_6	0.0	Scil_19	0.0	Scil_21	0.0	Scil_28	0.0	Scil_6	0.0	Scil_28	0.0	Scil_6	0.0	Slac_20	0.0	Slac_20	0.0	Scil_21	0.0	Slac_20	0.0	Scil_24	0.0
Scil_19	0.0	Scil_7	0.0	Aque_Choanocytes_2	0.0	Scil_15	0.0	Slac_21	0.0	Aque_Choanocytes_2	0.0	Scil_27	0.0	Slac_21	0.0	Scil_7	0.0	Slac_21	0.0	Scil_7	0.0	Slac_21	0.0	Scil_7	0.0	Scil_7	0.0	Aque_Choanocytes_2	0.0	Scil_7	0.0	Scil_7	0.0	Scil_7	0.0	Slac_21	0.0	Slac_21	0.0	Scil_15	0.0	Scil_7	0.0	Slac_21	0.0	Slac_21	0.0	Scil_27	0.0	Scil_27	0.0	Scil_27	0.0	Scil_7	0.0	Scil_7	0.0	Scil_27	0.0	Slac_21	0.0	Scil_7	0.0	Scil_7	0.0	Slac_21	0.0	Slac_21	0.0	Scil_7	0.0	Slac_21	0.0	Slac_25	0.0	Scil_7	0.0	Slac_21	0.0	Scil_7	0.0	Scil_7	0.0	Aque_Choanocytes_2	0.0	Slac_21	0.0	Scil_7	0.0	Scil_25	0.0	Scil_7	0.0	Slac_21	0.0	Aque_Choanocytes_2	0.0	Scil_7	0.0	Scil_7	0.0	Scil_7	0.0	Scil_7	0.0	Scil_27	0.0	Scil_15	0.0	Slac_21	0.0	Scil_25	0.0	Slac_21	0.0	Slac_21	0.0	Scil_15	0.0	Slac_21	0.0	Slac_21	0.0	Aque_Choanocytes_2	0.0	Scil_24	0.0	Scil_7	0.0	Slac_21	0.0	Scil_7	0.0	Slac_21	0.0	Slac_21	0.0	Scil_7	0.0	Slac_3	0.0	Slac_21	0.0	Scil_7	0.0	Scil_7	0.0	Slac_21	0.0	Scil_7	0.0	Scil_7	0.0	Scil_7	0.0	Scil_27	0.0	Scil_25	0.0	Scil_29	0.0	Scil_7	0.0	Scil_26	0.0	Scil_7	0.0	Scil_16	0.0	Slac_21	0.0	Scil_19	0.0	Slac_21	0.0	Scil_25	0.0
Scil_24	0.0	Scil_8	0.0	Slac_42	0.0	Scil_25	0.0	Slac_2	0.0	Aque_Collagen	0.0	Scil_24	0.0	Slac_2	0.0	Scil_8	0.0	Slac_2	0.0	Scil_8	0.0	Scil_15	0.0	Scil_8	0.0	Scil_8	0.0	Aque_Collagen	0.0	Scil_8	0.0	Scil_8	0.0	Scil_8	0.0	Slac_2	0.0	Slac_2	0.0	Scil_25	0.0	Scil_8	0.0	Scil_15	0.0	Slac_2	0.0	Scil_24	0.0	Scil_24	0.0	Scil_24	0.0	Scil_8	0.0	Scil_8	0.0	Scil_24	0.0	Slac_2	0.0	Scil_8	0.0	Scil_8	0.0	Slac_2	0.0	Slac_2	0.0	Scil_8	0.0	Slac_2	0.0	Slac_41	0.0	Scil_8	0.0	Slac_2	0.0	Scil_8	0.0	Scil_8	0.0	Aque_Collagen	0.0	Scil_15	0.0	Scil_8	0.0	Scil_32	0.0	Scil_8	0.0	Slac_2	0.0	Aque_Collagen	0.0	Scil_8	0.0	Scil_8	0.0	Scil_8	0.0	Scil_8	0.0	Scil_24	0.0	Scil_28	0.0	Slac_2	0.0	Scil_31	0.0	Slac_2	0.0	Slac_2	0.0	Scil_28	0.0	Slac_2	0.0	Slac_2	0.0	Aque_Collagen	0.0	Scil_27	0.0	Scil_8	0.0	Slac_2	0.0	Scil_8	0.0	Slac_2	0.0	Scil_21	0.0	Scil_8	0.0	Scil_28	0.0	Slac_2	0.0	Scil_8	0.0	Scil_8	0.0	Scil_27	0.0	Scil_8	0.0	Scil_8	0.0	Scil_8	0.0	Scil_25	0.0	Scil_26	0.0	Scil_31	0.0	Scil_8	0.0	Scil_25	0.0	Scil_8	0.0	Scil_15	0.0	Slac_2	0.0	Scil_24	0.0	Scil_31	0.0	Scil_26	0.0
Scil_32	0.0	Scil_9	0.0	Scil_32	0.0	Scil_32	0.0	Scil_32	0.0	Slac_42	0.0	Scil_32	0.0	Slac_33	0.0	Scil_9	0.0	Slac_33	0.0	Scil_9	0.0	Scil_25	0.0	Scil_9	0.0	Scil_9	0.0	Aque_Archaeo_1	0.0	Scil_9	0.0	Scil_9	0.0	Scil_9	0.0	Scil_32	0.0	Slac_33	0.0	Scil_26	0.0	Scil_9	0.0	Scil_25	0.0	Slac_33	0.0	Scil_32	0.0	Scil_32	0.0	Scil_32	0.0	Scil_9	0.0	Scil_9	0.0	Scil_32	0.0	Slac_33	0.0	Scil_9	0.0	Scil_9	0.0	Slac_33	0.0	Slac_33	0.0	Scil_9	0.0	Slac_33	0.0	Scil_15	0.0	Scil_9	0.0	Scil_32	0.0	Scil_9	0.0	Scil_9	0.0	Aque_Archaeo_1	0.0	Scil_25	0.0	Scil_9	0.0	Scil_6	0.0	Scil_9	0.0	Slac_33	0.0	Scil_32	0.0	Scil_9	0.0	Scil_9	0.0	Scil_9	0.0	Scil_9	0.0	Scil_32	0.0	Scil_26	0.0	Slac_33	0.0	Scil_32	0.0	Slac_33	0.0	Slac_33	0.0	Scil_25	0.0	Scil_15	0.0	Slac_33	0.0	Scil_15	0.0	Scil_32	0.0	Scil_9	0.0	Scil_25	0.0	Scil_9	0.0	Slac_33	0.0	Scil_25	0.0	Scil_9	0.0	Scil_31	0.0	Scil_32	0.0	Scil_9	0.0	Scil_9	0.0	Scil_32	0.0	Scil_9	0.0	Scil_9	0.0	Scil_9	0.0	Scil_32	0.0	Scil_24	0.0	Scil_32	0.0	Scil_9	0.0	Scil_31	0.0	Scil_9	0.0	Scil_25	0.0	Scil_32	0.0	Scil_26	0.0	Scil_32	0.0	Scil_32	0.0
