Slac_16	Slac_16	Scil_20	Scil_20	Scil_37	Scil_37	Slac_17	Slac_17	Aque_7	Aque_7	Scil_35	Scil_35	Slac_1	Slac_1	Slac_9	Slac_9	Scil_24	Scil_24	Slac_3	Slac_3	Aque_14	Aque_14	Scil_16	Scil_16	Slac_10	Slac_10	Aque_2	Aque_2	Slac_20	Slac_20	Aque_5	Aque_5	Scil_31	Scil_31	Slac_18	Slac_18	Slac_7	Slac_7	Scil_28	Scil_28	Scil_23	Scil_23	Slac_0	Slac_0	Scil_1	Scil_1	Scil_2	Scil_2	Aque_1	Aque_1	Scil_6	Scil_6	Scil_10	Scil_10	Aque_11	Aque_11	Slac_21	Slac_21	Aque_8	Aque_8	Slac_5	Slac_5	Slac_28	Slac_28	Scil_4	Scil_4	Scil_7	Scil_7	Slac_11	Slac_11	Scil_19	Scil_19	Slac_4	Slac_4	Scil_0	Scil_0	Slac_12	Slac_12	Slac_27	Slac_27	Scil_5	Scil_5	Slac_13	Slac_13	Scil_21	Scil_21	Aque_18	Aque_18	Aque_3	Aque_3	Scil_12	Scil_12	Scil_8	Scil_8	Aque_6	Aque_6	Aque_16	Aque_16	Slac_15	Slac_15	Aque_0	Aque_0	Aque_13	Aque_13	Scil_9	Scil_9	Slac_6	Slac_6	Scil_3	Scil_3	Aque_17	Aque_17	Slac_2	Slac_2	Scil_15	Scil_15	Scil_33	Scil_33	Slac_25	Slac_25	Slac_8	Slac_8	Aque_4	Aque_4	Aque_12	Aque_12	Aque_25	Aque_25	Scil_11	Scil_11	Scil_14	Scil_14	Scil_13	Scil_13	Scil_29	Scil_29	Scil_22	Scil_22	Scil_27	Scil_27	Slac_19	Slac_19	Aque_9	Aque_9	Aque_23	Aque_23	Scil_34	Scil_34	Slac_14	Slac_14	Aque_24	Aque_24	Slac_23	Slac_23	Aque_22	Aque_22	Scil_17	Scil_17	Scil_32	Scil_32	Scil_18	Scil_18	Slac_22	Slac_22	Aque_20	Aque_20	Aque_15	Aque_15	Scil_26	Scil_26	Scil_36	Scil_36	Slac_24	Slac_24	Scil_30	Scil_30	Aque_10	Aque_10	Scil_25	Scil_25	Aque_19	Aque_19	Scil_38	Scil_38	Slac_26	Slac_26	Aque_26	Aque_26	Aque_21	Aque_21
Cluster	Alignment score	Cluster	Alignment score	Cluster	Alignment score	Cluster	Alignment score	Cluster	Alignment score	Cluster	Alignment score	Cluster	Alignment score	Cluster	Alignment score	Cluster	Alignment score	Cluster	Alignment score	Cluster	Alignment score	Cluster	Alignment score	Cluster	Alignment score	Cluster	Alignment score	Cluster	Alignment score	Cluster	Alignment score	Cluster	Alignment score	Cluster	Alignment score	Cluster	Alignment score	Cluster	Alignment score	Cluster	Alignment score	Cluster	Alignment score	Cluster	Alignment score	Cluster	Alignment score	Cluster	Alignment score	Cluster	Alignment score	Cluster	Alignment score	Cluster	Alignment score	Cluster	Alignment score	Cluster	Alignment score	Cluster	Alignment score	Cluster	Alignment score	Cluster	Alignment score	Cluster	Alignment score	Cluster	Alignment score	Cluster	Alignment score	Cluster	Alignment score	Cluster	Alignment score	Cluster	Alignment score	Cluster	Alignment score	Cluster	Alignment score	Cluster	Alignment score	Cluster	Alignment score	Cluster	Alignment score	Cluster	Alignment score	Cluster	Alignment score	Cluster	Alignment score	Cluster	Alignment score	Cluster	Alignment score	Cluster	Alignment score	Cluster	Alignment score	Cluster	Alignment score	Cluster	Alignment score	Cluster	Alignment score	Cluster	Alignment score	Cluster	Alignment score	Cluster	Alignment score	Cluster	Alignment score	Cluster	Alignment score	Cluster	Alignment score	Cluster	Alignment score	Cluster	Alignment score	Cluster	Alignment score	Cluster	Alignment score	Cluster	Alignment score	Cluster	Alignment score	Cluster	Alignment score	Cluster	Alignment score	Cluster	Alignment score	Cluster	Alignment score	Cluster	Alignment score	Cluster	Alignment score	Cluster	Alignment score	Cluster	Alignment score	Cluster	Alignment score	Cluster	Alignment score	Cluster	Alignment score	Cluster	Alignment score	Cluster	Alignment score	Cluster	Alignment score	Cluster	Alignment score	Cluster	Alignment score	Cluster	Alignment score	Cluster	Alignment score	Cluster	Alignment score	Cluster	Alignment score	Cluster	Alignment score	Cluster	Alignment score	Cluster	Alignment score	Cluster	Alignment score	Cluster	Alignment score	Cluster	Alignment score	Cluster	Alignment score	Cluster	Alignment score	Cluster	Alignment score
Scil_20	0.9985449721547219	Slac_16	0.9985449721547219	Slac_17	0.8982382357348394	Scil_37	0.8982382357348394	Scil_20	0.8864373773245804	Slac_1	0.8733748698624773	Scil_35	0.8733748698624773	Scil_24	0.8686024890697908	Slac_9	0.8686024890697908	Aque_14	0.836059398548076	Slac_3	0.836059398548076	Slac_10	0.8282390648590654	Scil_16	0.8282390648590654	Slac_20	0.8269089336886182	Aque_2	0.8269089336886182	Scil_24	0.8044454088319515	Slac_18	0.7985209670413073	Scil_31	0.7985209670413073	Scil_28	0.7908159389954188	Slac_7	0.7908159389954188	Slac_9	0.7884179423357356	Scil_28	0.7876988696547109	Aque_5	0.7757610509566414	Aque_1	0.7716384460060097	Scil_2	0.7716384460060097	Slac_10	0.7703960665619222	Aque_5	0.7510745800725691	Slac_21	0.7376330840912957	Aque_11	0.7376330840912957	Scil_24	0.7138309679990239	Aque_5	0.7127354904619034	Scil_4	0.7086909091311474	Slac_28	0.7086909091311474	Slac_9	0.7034345649553407	Scil_19	0.6975121229858738	Slac_11	0.6975121229858738	Aque_5	0.6953592431571424	Slac_12	0.6608614053479901	Scil_0	0.6608614053479901	Scil_19	0.6593898145163626	Slac_9	0.6528604605482242	Scil_19	0.6475452336786558	Slac_0	0.6445378593659523	Slac_12	0.6384845612924863	Slac_4	0.6368590434733837	Slac_10	0.6354600709679931	Slac_12	0.6068119400806186	Scil_2	0.6051479919881504	Slac_15	0.5856726666138662	Aque_16	0.5856726666138662	Slac_20	0.5851773631915883	Slac_5	0.5750440737820258	Aque_1	0.5728218302268199	Scil_8	0.5510637074123771	Aque_1	0.5320691553344201	Slac_3	0.5300388646209099	Scil_8	0.5242021204832314	Slac_9	0.5235569585181521	Slac_5	0.48495045537702675	Aque_1	0.4816034925004228	Aque_14	0.47918727875391554	Scil_24	0.46667794675169105	Scil_20	0.43894700729535785	Scil_20	0.42352497219554275	Slac_12	0.41830700659786535	Aque_5	0.4142899470009618	Slac_10	0.4112567299831465	Slac_3	0.4076448870225734	Slac_2	0.40740461547712686	Slac_10	0.4062276498068422	Scil_35	0.387128472885758	Slac_0	0.38352036569634784	Slac_1	0.36919207287962635	Slac_3	0.35965208872585375	Aque_5	0.3487892610888296	Slac_3	0.3431770156388565	Aque_22	0.34310066011491724	Slac_23	0.34310066011491724	Aque_5	0.31654163300204785	Slac_0	0.2930161268437951	Slac_10	0.29127481637159525	Scil_5	0.28562881272745655	Slac_1	0.27606655571243766	Scil_24	0.2702065357797066	Slac_10	0.2700738371973369	Slac_8	0.260594918303419	Aque_12	0.2572811553939207	Slac_20	0.22754967331215042	Scil_35	0.2220906329352957	Slac_3	0.2111196280437734	Slac_4	0.120589634321093	Slac_1	0.10417632630688693	Scil_8	0.09656670479908822	Slac_7	0.08415095949538286	Slac_10	0.0506193718188621
Aque_7	0.8756136249528265	Aque_7	0.8864373773245804	Slac_7	0.4535048298714128	Scil_8	0.3839246313354213	Slac_16	0.8756136249528265	Slac_9	0.8048551525445274	Aque_5	0.6588539119036384	Scil_35	0.8048551525445274	Aque_5	0.8044454088319515	Aque_17	0.5300388646209099	Slac_8	0.47918727875391554	Aque_1	0.415241283810062	Scil_6	0.7703960665619222	Scil_2	0.630413096991602	Aque_0	0.5851773631915883	Scil_1	0.7757610509566414	Slac_7	0.3667981645475301	Scil_28	0.5252573143364987	Scil_37	0.4535048298714128	Slac_0	0.7876988696547109	Aque_5	0.6781007353455535	Aque_11	0.6503729536767333	Slac_9	0.759506165081915	Aque_2	0.630413096991602	Slac_10	0.6839917060871781	Slac_11	0.38738957965346976	Slac_9	0.7134149979205409	Slac_0	0.6503729536767333	Scil_20	0.561658355096424	Slac_4	0.26306927114013984	Aque_13	0.5750440737820258	Scil_12	0.4819333510990146	Slac_10	0.687307200252435	Aque_5	0.4324680491904682	Aque_5	0.4025608160809552	Slac_27	0.6593898145163626	Aque_3	0.6368590434733837	Slac_10	0.603903110462898	Aque_18	0.6384845612924863	Aque_12	0.21130216527500228	Slac_1	0.547480771321951	Scil_1	0.4452279282749701	Slac_10	0.5830516366442431	Slac_10	0.5350576259244804	Slac_5	0.5512967811430687	Slac_28	0.4819333510990146	Slac_6	0.5510637074123771	Slac_20	0.42231304102407774	Slac_24	0.10217222379353641	Aque_5	0.46877366984447766	Slac_21	0.47964975069067395	Slac_2	0.47264988517065587	Slac_10	0.46391840196376527	Aque_18	0.49554074044908153	Slac_10	0.4871692415815055	Slac_8	0.4296422464283314	Aque_5	0.4782888913447712	Aque_5	0.3874835202235388	Slac_4	0.34480182591727426	Scil_16	0.40194338787019407	Scil_5	0.4559208579966	Slac_1	0.40312235312878597	Slac_7	0.42078473155541696	Slac_16	0.2534555551047312	Slac_10	0.3946345832838282	Slac_9	0.39553557175246634	Aque_1	0.4055881488514915	Slac_12	0.37165846409354	Aque_5	0.3363641423003648	Aque_18	0.27081106399817184	Aque_5	0.304593219066386	Scil_20	0.25061320092526973	Scil_7	0.21854191664362807	Slac_8	0.32534055835939396	Scil_8	0.28301880120349576	Scil_29	0.18408728504830527	Scil_28	0.3061574352138641	Scil_28	0.04939590667198696	Slac_10	0.3156216090532039	Slac_7	0.19465844544407104	Aque_1	0.2619817068318443	Scil_11	0.2710611249690451	Scil_35	0.21968320716166007	Slac_4	0.2267076649835134	Aque_1	0.09597358523150744	Aque_17	0.19322722979028786	Scil_8	0.1390413543233577	Slac_3	0.2016069206358872	Slac_5	0.20941050198963249	Slac_1	0.07945795729291359	Slac_5	0.07745703233475584	Slac_9	0.02398227290410418	Scil_20	0.03751883807442714	Slac_3	0.05033977158469323	Scil_9	0.03856053345843877
Aque_12	0.31105552499017464	Slac_0	0.6485627999778171	Aque_0	0.09848387094852767	Scil_0	0.34594651777195223	Slac_0	0.6225621047855239	Aque_5	0.6525893966905393	Scil_10	0.6586723581342063	Scil_23	0.7884179423357356	Aque_8	0.7138309679990239	Scil_5	0.448239568002744	Slac_12	0.37686537692103456	Slac_25	0.40194338787019407	Scil_4	0.687307200252435	Slac_3	0.3845213614220995	Aque_1	0.5513452154700854	Slac_9	0.7615864716171064	Aque_11	0.14378425482208773	Scil_20	0.5236760803453973	Aque_12	0.42078473155541696	Aque_7	0.5309015812942428	Slac_1	0.3844526189899392	Scil_20	0.6485627999778171	Slac_1	0.6314033064883319	Aque_6	0.6051479919881504	Slac_0	0.6051581277794792	Aque_2	0.3516894315036699	Slac_1	0.6586723581342063	Scil_20	0.5606366498480067	Aque_1	0.5591894741877709	Slac_9	0.16950701020732645	Aque_3	0.5512967811430687	Aque_18	0.13334214752028378	Aque_1	0.5731359478514151	Slac_1	0.40875172885410105	Scil_6	0.38738957965346976	Slac_13	0.6475452336786558	Scil_24	0.587371781242277	Aque_18	0.42377151761421794	Scil_8	0.6068119400806186	Scil_12	0.15724689843439912	Slac_8	0.4559208579966	Scil_35	0.40778187536888366	Slac_3	0.24373896363597108	Scil_8	0.5075479762483067	Scil_24	0.4529883477391269	Aque_1	0.34112794076054753	Slac_2	0.5242021204832314	Slac_10	0.3588457900374457	Slac_4	0.03142313385226225	Aque_3	0.36763756291857425	Slac_0	0.3601178000618733	Slac_4	0.4583102813186513	Slac_0	0.42253751710554077	Aque_3	0.36884687022266927	Slac_20	0.34295734226512276	Scil_29	0.2417297602461279	Aque_13	0.47264988517065587	Slac_1	0.2914647486970841	Slac_24	0.12135322688088943	Aque_18	0.14044643783758887	Aque_17	0.4296422464283314	Slac_2	0.37669537988428176	Slac_16	0.31105552499017464	Slac_0	0.13532520041280832	Slac_20	0.3812634064085827	Slac_1	0.2883724883532805	Slac_11	0.3001731101914351	Aque_17	0.2417297602461279	Slac_4	0.2949608727298905	Slac_12	0.26819375528459966	Scil_10	0.1767415599524082	Scil_5	0.2090589287938281	Slac_13	0.15825957927839213	Slac_9	0.14069947508625466	Aque_18	0.26187061650834054	Slac_20	0.11744936590029442	Scil_8	0.18850381706411862	Slac_0	0.028798593308276832	Slac_9	0.24668962375309694	Slac_20	0.17389618508063748	Aque_18	0.11856317748403508	Aque_1	0.19236206089528185	Slac_9	0.21672237606202205	Slac_2	0.10434659964994966	Aque_6	0.08977766678708084	Slac_3	0.12787929204335702	Scil_33	0.12135322688088943	Slac_8	0.13334787256872033	Scil_24	0.2026381034506915	Slac_22	0.07713852023915618	Slac_6	0.06782302318076465	Slac_23	0.01745380613606985	Scil_0	0.03289885402352263	Slac_1	0.044244947579357735	Slac_7	0.0326757122312254
Aque_25	0.2534555551047312	Slac_21	0.561658355096424	Aque_6	0.081823212388582	Aque_6	0.3018814258739562	Scil_28	0.5309015812942428	Slac_13	0.40778187536888366	Scil_1	0.6314033064883319	Aque_5	0.7615864716171064	Slac_4	0.587371781242277	Scil_29	0.4076448870225734	Scil_10	0.13791780635267642	Slac_20	0.29167054195334385	Aque_1	0.6839917060871781	Slac_7	0.3644195355159464	Aque_6	0.42231304102407774	Scil_10	0.7510745800725691	Aque_2	0.10279131936765204	Aque_7	0.5127728154673902	Scil_20	0.41669225744285165	Slac_18	0.5252573143364987	Slac_15	0.19371813740613653	Scil_21	0.6445378593659523	Slac_13	0.4452279282749701	Slac_10	0.5674845391803344	Scil_4	0.5731359478514151	Aque_1	0.27703450518154915	Slac_8	0.3985741350743139	Slac_18	0.4230458807990135	Aque_0	0.47964975069067395	Slac_1	0.10548028367126958	Scil_33	0.48495045537702675	Scil_17	0.11217854419259965	Aque_18	0.2582026406415799	Aque_13	0.39818476825247795	Scil_13	0.3001731101914351	Slac_4	0.18998885148803332	Aque_13	0.4583102813186513	Slac_20	0.35751793029072354	Scil_11	0.41830700659786535	Scil_6	0.12248045500932433	Slac_3	0.448239568002744	Aque_5	0.33379077208069685	Slac_22	0.18997968925360748	Slac_6	0.49554074044908153	Slac_2	0.402741144697455	Aque_2	0.166771676514681	Aque_18	0.5075479762483067	Slac_17	0.3018814258739562	Slac_17	0.027940056663935824	Aque_13	0.3521888180851548	Slac_7	0.2554868591142688	Slac_1	0.4260626423144325	Slac_3	0.3971974992347973	Aque_5	0.3363665808390197	Aque_2	0.29576095815225795	Scil_36	0.19322722979028786	Aque_18	0.4351745204787689	Aque_3	0.2312889825518008	Slac_17	0.11730693344014335	Scil_0	0.10861870488458134	Scil_10	0.3985741350743139	Slac_6	0.26754276275690303	Slac_24	0.2572811553939207	Slac_1	0.026829719582943105	Aque_1	0.36997006905197105	Slac_4	0.165706458296689	Aque_0	0.18360380660620773	Aque_24	0.18408728504830527	Slac_6	0.2866296878041676	Slac_17	0.19067948702274667	Scil_23	0.1275979706835541	Slac_9	0.2085189362357161	Slac_7	0.0844638825992029	Aque_17	0.06462557791360281	Aque_3	0.20174917462715633	Slac_7	0.01973981471825631	Aque_18	0.1858133093724716	Scil_0	0.025385462845767103	Slac_1	0.18458974976206693	Slac_9	0.14136656969747957	Slac_12	0.10087400940472795	Scil_21	0.18997968925360748	Scil_7	0.19914508797353586	Slac_5	0.06324796015949077	Aque_2	0.08393878072252729	Slac_9	0.06213127047847199	Aque_16	0.10217222379353641	Aque_14	0.12260769223387893	Slac_1	0.19394799491887935	Slac_12	0.07075104197714223	Slac_2	0.06435726210120933	Aque_5	0.014764268705375302	Scil_6	0.02910386516965748	Scil_17	0.02567523926970695	Slac_12	0.027063349952506498
Aque_9	0.2036699476853439	Aque_11	0.5606366498480067	Aque_2	0.04944619418195455	Aque_2	0.2781428869401215	Slac_18	0.5127728154673902	Slac_19	0.387128472885758	Scil_5	0.547480771321951	Scil_1	0.759506165081915	Aque_4	0.46667794675169105	Scil_9	0.3971974992347973	Scil_30	0.12260769223387893	Aque_2	0.19098265746240953	Scil_12	0.6354600709679931	Slac_0	0.3575652945954936	Scil_11	0.3812634064085827	Slac_5	0.7127354904619034	Slac_0	0.08429844777540926	Aque_11	0.4230458807990135	Aque_7	0.401066748838096	Slac_23	0.3061574352138641	Slac_19	0.1275979706835541	Aque_7	0.6225621047855239	Slac_4	0.3887083635259401	Slac_20	0.16177960220999502	Scil_9	0.5728218302268199	Aque_6	0.14558361983487414	Slac_3	0.33721552727778403	Scil_31	0.14378425482208773	Aque_2	0.2387861331115626	Slac_7	0.09603137894845354	Scil_8	0.439346891459709	Aque_6	0.06705260361388733	Aque_2	0.24370686977024275	Aque_3	0.2708574521771768	Aque_3	0.26238409982615846	Slac_9	0.15693871000744114	Scil_1	0.3887083635259401	Slac_17	0.34594651777195223	Aque_14	0.37686537692103456	Scil_13	0.09476269092150855	Slac_22	0.28562881272745655	Scil_10	0.24148705360721667	Slac_9	0.17133214825906748	Slac_2	0.4351745204787689	Slac_6	0.36884687022266927	Slac_27	0.15724689843439912	Slac_10	0.47872497269007735	Scil_0	0.21973285208616994	Slac_1	0.027329751278661968	Scil_24	0.2778566008023272	Scil_13	0.18360380660620773	Scil_7	0.39818476825247795	Slac_12	0.21155477003794315	Scil_22	0.2866296878041676	Slac_12	0.26513332582469734	Scil_21	0.0804105029533905	Scil_22	0.40740461547712686	Aque_13	0.17434155270143464	Slac_15	0.11129082456803518	Scil_8	0.10125380740386705	Scil_34	0.32534055835939396	Slac_4	0.2597237876664066	Slac_27	0.21130216527500228	Slac_18	0.024853488321747132	Slac_3	0.33483120417667367	Slac_22	0.158108502412115	Slac_0	0.1170958548838374	Slac_20	0.16920846152842076	Slac_5	0.2806647167703977	Slac_6	0.07088793846944266	Scil_1	0.12376208986479498	Slac_16	0.2036699476853439	Slac_19	0.0580577063954665	Slac_1	0.051055102822140284	Scil_1	0.1670113799316611	Scil_3	0.017391783636153617	Aque_0	0.1471035968544888	Scil_11	0.02513039993152154	Aque_1	0.15796543191467902	Aque_2	0.08482654516123748	Slac_13	0.08265041361639211	Scil_22	0.18881368311946461	Scil_24	0.16743326687505747	Scil_23	0.048320703587716604	Slac_20	0.07093893340532076	Slac_1	0.014404155841081212	Scil_6	0.08896024043857129	Slac_0	0.04875215729315422	Slac_9	0.17898900823623487	Slac_8	0.056619862703125	Scil_19	0.029841357429296233	Slac_0	0.01449315816185208	Aque_11	0.01582805631551249	Slac_0	0.02362567420717333	Slac_18	0.01825529048818788
Scil_6	0.08438101847576991	Slac_18	0.5236760803453973	Aque_1	0.04027066433868797	Aque_18	0.25337079495660497	Slac_7	0.401066748838096	Aque_10	0.2220906329352957	Aque_13	0.4260626423144325	Scil_10	0.7134149979205409	Aque_3	0.4529883477391269	Aque_2	0.3845213614220995	Slac_5	0.09381538963520282	Aque_6	0.06631359578949028	Scil_0	0.603903110462898	Scil_6	0.3516894315036699	Scil_0	0.35751793029072354	Slac_4	0.6953592431571424	Aque_0	0.06715876882257316	Aque_2	0.2395747195003723	Scil_31	0.3667981645475301	Slac_20	0.21962335589793422	Slac_4	0.12645862205378836	Aque_1	0.6051581277794792	Slac_5	0.35955282987564696	Aque_0	0.1428214594080512	Slac_21	0.5591894741877709	Slac_17	0.14154179390508875	Aque_13	0.2807553102753408	Scil_28	0.060337453029900734	Scil_28	0.12114627982974531	Scil_5	0.08686434821975106	Scil_1	0.35955282987564696	Scil_0	0.052568323201241794	Slac_17	0.19411694415074046	Slac_8	0.26551612752508597	Aque_13	0.2246055330076569	Slac_7	0.1297269241509086	Scil_33	0.34480182591727426	Aque_2	0.27663260931877887	Scil_29	0.37165846409354	Scil_18	0.048373302196255526	Aque_13	0.2458171576314855	Scil_7	0.2134211294319627	Slac_1	0.15515830038693046	Scil_0	0.42377151761421794	Slac_15	0.36763756291857425	Slac_0	0.12414107976706948	Slac_5	0.439346891459709	Scil_3	0.21026311751732277	Slac_7	0.026142200144462602	Scil_8	0.2633657439001399	Slac_3	0.16623073518843937	Slac_15	0.3521888180851548	Aque_2	0.1614080525697436	Aque_4	0.26754276275690303	Slac_17	0.2349922741370011	Scil_34	0.06462557791360281	Aque_3	0.402741144697455	Slac_13	0.13904343877258385	Slac_6	0.10329518691992998	Aque_6	0.0781611196019666	Scil_7	0.26551612752508597	Slac_5	0.23269958427018494	Slac_18	0.12802045298458117	Scil_3	0.018065345309850538	Slac_22	0.2710611249690451	Slac_2	0.12351515358100229	Aque_6	0.11019325742143267	Aque_2	0.1633215626301532	Slac_15	0.20861076912707865	Slac_23	0.028651422658137592	Aque_13	0.11911205689723223	Slac_7	0.17508460180445878	Slac_3	0.05462730846060915	Aque_3	0.04583010406778267	Scil_22	0.14458818794472988	Scil_30	0.017304973450454213	Aque_2	0.10223799528816721	Scil_31	0.024858604338919586	Aque_6	0.15794006133834332	Aque_0	0.08274277436938354	Slac_8	0.08058680581259936	Scil_8	0.1776940042176199	Slac_13	0.10097775145326382	Scil_1	0.043157061402537375	Aque_18	0.06972011917269408	Aque_14	0.013635444270115505	Aque_18	0.043446404746624825	Aque_2	0.04782339536836562	Slac_13	0.08753104831326261	Aque_2	0.05316935191889027	Slac_1	0.028178543754256196	Slac_22	0.011056898022140221	Scil_16	0.015311410651876528	Scil_4	0.022546630195255567	Scil_17	0.01783025412321074
Scil_0	0.07641225164355164	Aque_12	0.43894700729535785	Slac_25	0.002221068529844829	Scil_3	0.2349922741370011	Slac_10	0.2499710686667113	Aque_4	0.22106113119559873	Scil_7	0.40875172885410105	Scil_7	0.7034345649553407	Slac_1	0.3298635903034916	Scil_34	0.35965208872585375	Scil_34	0.039746109884499684	Slac_12	0.05693153104938742	Scil_21	0.5830516366442431	Scil_3	0.29576095815225795	Scil_3	0.34295734226512276	Scil_23	0.6781007353455535	Aque_7	0.0508246824984819	Aque_12	0.12802045298458117	Aque_2	0.3644195355159464	Slac_10	0.12806686773476403	Aque_3	0.11306236313165999	Scil_9	0.42253751710554077	Aque_13	0.206708373176096	Slac_12	0.08938548378110914	Slac_20	0.5513452154700854	Aque_18	0.14089877808533618	Slac_13	0.24148705360721667	Slac_16	0.05071604069705067	Scil_32	0.06060429004668209	Slac_5	0.08489610593869408	Scil_24	0.3066226441994048	Aque_1	0.049431581398440186	Aque_6	0.17545208547105823	Slac_7	0.24981879465004253	Aque_18	0.21368291182003726	Aque_3	0.1276297223745262	Scil_22	0.2949608727298905	Aque_1	0.2547794243338134	Scil_27	0.26819375528459966	Scil_9	0.03106786591196205	Aque_5	0.2335901128039616	Aque_4	0.1981353593452359	Aque_1	0.14581549113930375	Scil_27	0.27081106399817184	Slac_1	0.30899678082192644	Slac_7	0.11464484693074303	Slac_17	0.3839246313354213	Scil_4	0.17545208547105823	Scil_33	0.022313765704135652	Scil_22	0.20861076912707865	Slac_23	0.1471035968544888	Scil_10	0.2807553102753408	Aque_18	0.11328585404673326	Aque_13	0.21342938679418227	Aque_6	0.21026311751732277	Scil_10	0.0564111743085168	Aque_4	0.37669537988428176	Slac_4	0.10900832706036392	Slac_12	0.07664332019810728	Scil_4	0.0659646852407516	Scil_36	0.260594918303419	Scil_35	0.22106113119559873	Slac_4	0.1009380809587019	Slac_7	0.016087388206406827	Aque_2	0.24491934743928714	Slac_6	0.07677839494546618	Slac_13	0.10863665385383289	Slac_10	0.10580078708840464	Slac_22	0.18881368311946461	Aque_2	0.02594402662347267	Aque_4	0.10340762905900538	Slac_4	0.10073179836125483	Slac_5	0.04597272801669439	Aque_14	0.039746109884499684	Aque_13	0.08354532561756922	Scil_6	0.012527158933020626	Scil_0	0.09980710198029347	Slac_18	0.019075792184556333	Slac_28	0.11217854419259965	Slac_1	0.06891960279158713	Slac_3	0.08033009213007258	Scil_14	0.158108502412115	Scil_15	0.09030230773133573	Slac_7	0.040577913500576414	Slac_12	0.06629540829897082	Slac_12	0.01180266228459197	Scil_0	0.03803700020389929	Slac_1	0.04600943994692696	Scil_23	0.08020519966004673	Slac_0	0.051318802413805466	Slac_17	0.026328278263216025	Slac_3	0.010055151230732088	Aque_7	0.014423913012565926	Scil_3	0.021406557700864765	Scil_8	0.015381060631146262
Aque_11	0.05071604069705067	Aque_25	0.42352497219554275	Slac_20	0.001973312625881581	Scil_4	0.19411694415074046	Slac_3	0.20854595529963435	Aque_20	0.21968320716166007	Aque_4	0.40312235312878597	Scil_5	0.6528604605482242	Slac_5	0.3066226441994048	Aque_24	0.3431770156388565	Scil_25	0.03872016281651504	Aque_18	0.05328467937453003	Scil_2	0.5674845391803344	Slac_17	0.2781428869401215	Scil_16	0.29167054195334385	Slac_1	0.6588539119036384	Slac_23	0.026462368644009786	Aque_1	0.055164238595478185	Aque_0	0.2554868591142688	Slac_21	0.12114627982974531	Slac_5	0.1123645060735099	Aque_9	0.38352036569634784	Slac_15	0.1915584150270943	Aque_18	0.0865402460235574	Scil_3	0.5320691553344201	Slac_27	0.12248045500932433	Aque_3	0.20134431540986858	Slac_10	0.04903897996101889	Scil_9	0.03989141691258115	Scil_23	0.06099332874033688	Scil_22	0.2806647167703977	Aque_2	0.03666544879314418	Slac_12	0.11123205845457367	Aque_23	0.21854191664362807	Aque_4	0.17464906386923032	Slac_5	0.10725570210881401	Scil_8	0.28164170900249635	Aque_6	0.21973285208616994	Scil_3	0.26513332582469734	Scil_30	0.01963163352308956	Aque_9	0.2090589287938281	Aque_13	0.1814472454168639	Aque_13	0.11471477508135464	Slac_14	0.26187061650834054	Scil_7	0.2708574521771768	Aque_18	0.11193447009349447	Slac_14	0.28301880120349576	Scil_17	0.15794006133834332	Scil_22	0.020571100863824094	Scil_23	0.19371813740613653	Scil_3	0.14695731115911528	Slac_9	0.25103376431899665	Slac_7	0.11202764347065435	Scil_33	0.10329518691992998	Slac_22	0.15801939133889867	Scil_13	0.04490647050757689	Scil_14	0.12351515358100229	Slac_22	0.10303655951361246	Slac_14	0.07169420046910653	Aque_2	0.03140740055542442	Aque_4	0.13970621756647372	Slac_13	0.1981353593452359	Slac_0	0.08077756793338153	Scil_8	0.013761017164840714	Aque_6	0.11015884058094409	Aque_3	0.07467590178614121	Slac_9	0.10196818893526746	Aque_18	0.08746403701213665	Slac_14	0.14458818794472988	Aque_1	0.024310869585514053	Aque_20	0.07568689788890265	Scil_12	0.09724084080492337	Slac_9	0.03855676460382731	Aque_13	0.02743279720528342	Aque_4	0.08038782965729488	Scil_9	0.011088076783181395	Scil_13	0.0961301612613377	Slac_11	0.01524668621417757	Aque_2	0.11125874028013465	Aque_7	0.061902912892088734	Slac_20	0.057787541640540493	Scil_3	0.15801939133889867	Slac_19	0.07568689788890265	Slac_6	0.03909516951907373	Slac_22	0.0324755525114113	Aque_23	0.006711750207276793	Scil_13	0.02702967793531753	Slac_12	0.02630398996357567	Slac_4	0.07962071398419387	Aque_0	0.04197291017602982	Scil_24	0.017882919277500315	Aque_13	0.007970916622687545	Aque_6	0.0133199888380616	Scil_25	0.014311411499670645	Slac_6	0.011202886694797454
Scil_8	0.031154547414690176	Slac_7	0.41669225744285165	Slac_10	0.0016208190935549788	Scil_27	0.19067948702274667	Slac_1	0.08530246628149021	Aque_3	0.12271231464247798	Scil_23	0.3844526189899392	Scil_15	0.5235569585181521	Slac_15	0.2778566008023272	Scil_10	0.33721552727778403	Slac_4	0.03296600229497718	Slac_22	0.05080228479835638	Aque_18	0.5350576259244804	Scil_0	0.27663260931877887	Scil_30	0.22754967331215042	Scil_35	0.6525893966905393	Aque_22	0.024858604338919586	Scil_0	0.04139410823303769	Scil_7	0.24981879465004253	Aque_9	0.08429588486665558	Aque_10	0.08020519966004673	Aque_0	0.3601178000618733	Slac_14	0.1670113799316611	Slac_17	0.08227627609939359	Slac_25	0.4816034925004228	Slac_6	0.09260018867375662	Slac_19	0.1767415599524082	Slac_20	0.029261605795315226	Aque_7	0.032737445819188186	Scil_35	0.05065039687370073	Aque_4	0.23269958427018494	Scil_8	0.025421594690801796	Slac_25	0.0659646852407516	Slac_13	0.2134211294319627	Scil_12	0.08483077698379438	Aque_5	0.10465551416527823	Aque_8	0.26306927114013984	Slac_25	0.10861870488458134	Scil_9	0.21155477003794315	Scil_15	0.006795618233169189	Slac_0	0.18235201996015146	Aque_23	0.15825957927839213	Aque_5	0.11394489961742175	Scil_4	0.2582026406415799	Slac_11	0.26238409982615846	Aque_6	0.09797482181308578	Slac_4	0.28164170900249635	Scil_6	0.14558361983487414	Scil_8	0.01518483051264087	Scil_1	0.1915584150270943	Scil_2	0.1428214594080512	Scil_5	0.2458171576314855	Slac_20	0.10643707955920037	Scil_0	0.09586150679312223	Aque_0	0.14695731115911528	Scil_7	0.03593180945037352	Scil_1	0.11369629962377903	Aque_20	0.09030230773133573	Aque_18	0.058935846937385704	Scil_3	0.031284281456362965	Scil_30	0.13334787256872033	Slac_11	0.17464906386923032	Slac_17	0.07845501688597659	Scil_6	0.012708447282038788	Slac_23	0.05780204881833826	Slac_5	0.0688597875310986	Slac_23	0.0961301612613377	Aque_1	0.06097964254733722	Slac_1	0.1033265632369172	Slac_24	0.013070435108796411	Aque_10	0.0640032950310206	Slac_10	0.09512800468451872	Scil_10	0.033774914822201234	Aque_4	0.01735678649014895	Scil_33	0.07169420046910653	Scil_2	0.009764241599579124	Aque_7	0.0579229971369982	Slac_3	0.011126450382774879	Slac_3	0.07291576406790926	Slac_21	0.06060429004668209	Slac_1	0.05055917942766356	Scil_1	0.13297104199120266	Slac_4	0.06880615848853684	Scil_12	0.031701351253825186	Slac_2	0.02234476479672169	Aque_4	0.005812318074700415	Scil_19	0.023189942066607207	Aque_17	0.02180602817119029	Slac_2	0.07898721940787198	Aque_14	0.03872016281651504	Slac_11	0.012430344632669815	Aque_4	0.005270713624254894	Aque_18	0.01151934404758352	Slac_18	0.014249020438692233	Slac_3	0.011159419584943053
Scil_3	0.027632307704471927	Aque_9	0.25061320092526973	Slac_3	0.001413427764776369	Scil_6	0.14154179390508875	Slac_4	0.0682075093535244	Slac_5	0.06166687524230689	Aque_23	0.36919207287962635	Scil_14	0.39553557175246634	Aque_15	0.2702065357797066	Scil_11	0.33483120417667367	Scil_29	0.03012757031926211	Slac_17	0.04343584782915727	Scil_3	0.4871692415815055	Scil_11	0.24491934743928714	Scil_28	0.21962335589793422	Slac_2	0.4782888913447712	Slac_20	0.018407937234912474	Aque_25	0.024853488321747132	Scil_32	0.19465844544407104	Aque_11	0.060337453029900734	Aque_4	0.06421208447671664	Aque_2	0.3575652945954936	Aque_3	0.16423998022279063	Slac_23	0.05001858405228371	Scil_16	0.415241283810062	Slac_24	0.08896024043857129	Aque_14	0.13791780635267642	Scil_25	0.02573427668597849	Scil_21	0.02733774574682412	Slac_13	0.04527308787391325	Aque_10	0.20941050198963249	Aque_7	0.01624587185696043	Slac_20	0.05549484737926609	Aque_20	0.19914508797353586	Scil_1	0.07547476288470224	Slac_0	0.09644552561605166	Aque_4	0.2597237876664066	Slac_23	0.09980710198029347	Scil_4	0.11123205845457367	Scil_21	0.005966837425144053	Aque_3	0.15356427279927792	Scil_15	0.13904343877258385	Slac_8	0.08417777595728573	Slac_17	0.25337079495660497	Scil_15	0.2312889825518008	Aque_9	0.09724084080492337	Slac_15	0.2633657439001399	Scil_13	0.11019325742143267	Scil_17	0.012233092173673504	Aque_4	0.14972409307671464	Slac_22	0.12738494151888913	Slac_11	0.2246055330076569	Slac_8	0.1049636287783771	Scil_6	0.09260018867375662	Aque_18	0.07934802089411822	Scil_18	0.03289984913309152	Scil_24	0.11322948275495955	Slac_5	0.058376355447459796	Aque_16	0.022313765704135652	Scil_20	0.025116183563026202	Aque_3	0.13307993594592546	Slac_15	0.14972409307671464	Slac_1	0.06604570314979036	Scil_31	0.006007047919588901	Slac_8	0.05537705809401444	Aque_13	0.06777370715904017	Slac_27	0.09476269092150855	Slac_8	0.03954460278353589	Aque_13	0.1023969073080365	Slac_16	0.011498872588218308	Aque_23	0.0580577063954665	Slac_1	0.08997336979265005	Scil_21	0.023094518502063337	Aque_5	0.01627547885961875	Scil_19	0.06054040876647101	Slac_17	0.006705546855367915	Scil_11	0.05780204881833826	Slac_10	0.011031405506134365	Slac_22	0.04412751067460052	Aque_8	0.04019912254861556	Aque_6	0.05014220388612166	Aque_2	0.1295912966945401	Scil_1	0.0658815791401658	Slac_11	0.030478808883273933	Slac_6	0.011432608162804656	Slac_5	0.004287289860609813	Scil_22	0.020994684442534668	Slac_13	0.021263187934875662	Slac_19	0.0640032950310206	Slac_17	0.037741216213346696	Scil_23	0.01108966685121039	Aque_10	0.004405824039085324	Scil_2	0.011153656833642561	Scil_6	0.013972925530223676	Scil_6	0.009939452090635936
Scil_19	0.02691102361994855	Slac_20	0.20539991760442416	Slac_12	0.0013758867511901032	Scil_33	0.11730693344014335	Slac_13	0.06667599228357379	Aque_8	0.05065039687370073	Scil_24	0.3298635903034916	Aque_13	0.25103376431899665	Aque_10	0.2026381034506915	Scil_21	0.24373896363597108	Scil_8	0.027037960677657458	Slac_6	0.035694412028916135	Scil_8	0.47872497269007735	Scil_4	0.24370686977024275	Scil_20	0.20539991760442416	Slac_15	0.46877366984447766	Aque_9	0.016741330874967618	Scil_32	0.02138116516991152	Aque_9	0.17508460180445878	Aque_22	0.04939590667198696	Slac_13	0.0632241158879452	Scil_32	0.2930161268437951	Slac_22	0.13297104199120266	Aque_11	0.020363770250063064	Scil_13	0.4055881488514915	Slac_16	0.08438101847576991	Slac_4	0.07222897353037336	Scil_9	0.025496097709964693	Scil_12	0.013827967811861932	Scil_32	0.04019912254861556	Aque_18	0.12796325215713583	Scil_6	0.006911690608094151	Slac_22	0.03071853068771338	Slac_3	0.19402901080808493	Scil_15	0.052786798234887244	Aque_4	0.08045636282890485	Aque_15	0.2267076649835134	Slac_6	0.09586150679312223	Scil_18	0.10087400940472795	Scil_17	0.0040532588166622445	Slac_5	0.08976865305215695	Aque_3	0.13584372789512184	Aque_17	0.0804105029533905	Slac_11	0.21368291182003726	Slac_14	0.20174917462715633	Aque_3	0.09594971547337144	Slac_23	0.18850381706411862	Scil_11	0.11015884058094409	Scil_11	0.008782512886880318	Scil_33	0.11129082456803518	Scil_37	0.09848387094852767	Slac_6	0.21342938679418227	Aque_6	0.06388452777444009	Scil_14	0.07677839494546618	Slac_3	0.062103317831708006	Scil_9	0.024210389716801138	Aque_15	0.10434659964994966	Slac_11	0.052786798234887244	Slac_10	0.021776966526073936	Aque_11	0.017509250151933657	Scil_9	0.1049636287783771	Slac_8	0.13970621756647372	Slac_3	0.06049749272102865	Slac_3	0.005941725833823101	Aque_18	0.046311557109185456	Slac_3	0.0676871660366542	Slac_4	0.0733696642064858	Aque_14	0.03012757031926211	Slac_12	0.06626470845153822	Slac_25	0.010978332839092816	Aque_3	0.03872344985341167	Scil_28	0.08429588486665558	Scil_1	0.02290984892335369	Aque_20	0.015984433241475728	Scil_24	0.036529870553215535	Scil_4	0.005708873845988201	Scil_2	0.05001858405228371	Scil_9	0.010100084778354581	Slac_12	0.043820493292458046	Aque_9	0.03108059651390676	Slac_27	0.048373302196255526	Aque_0	0.12738494151888913	Scil_23	0.04622157019456935	Scil_15	0.026353837381144506	Slac_23	0.006938239536158958	Aque_24	0.0036462141809456713	Aque_15	0.01857944132164593	Slac_27	0.01963163352308956	Scil_10	0.06359260385379294	Slac_2	0.03664289525458812	Scil_9	0.01023398030245637	Aque_2	0.0016801638963201936	Aque_12	0.0103937495704911	Scil_7	0.011648975166701925	Scil_11	0.009636224985327676
Scil_11	0.018031527703981903	Slac_1	0.056754078554389284	Slac_23	0.0012668122576859754	Aque_1	0.08400031994089577	Slac_8	0.0665011291649009	Slac_4	0.04543661204479993	Aque_3	0.30899678082192644	Scil_17	0.24668962375309694	Aque_20	0.16743326687505747	Scil_25	0.2111196280437734	Scil_19	0.026557399974070334	Slac_0	0.022885511667997904	Scil_9	0.46391840196376527	Slac_18	0.2395747195003723	Scil_32	0.17389618508063748	Scil_7	0.4324680491904682	Slac_17	0.013992068850753093	Scil_29	0.019085103886214608	Scil_19	0.1297269241509086	Slac_3	0.02983382665999697	Aque_8	0.06099332874033688	Scil_5	0.18235201996015146	Slac_19	0.12376208986479498	Slac_3	0.018550579206808672	Scil_11	0.36997006905197105	Slac_3	0.07677497032082106	Aque_10	0.06359260385379294	Scil_11	0.02493925604394388	Scil_16	0.008564821850004314	Slac_2	0.028440546813159356	Scil_23	0.1123645060735099	Scil_27	0.006463271302245828	Slac_23	0.027769432408959543	Slac_0	0.11105649886433104	Scil_14	0.05096898359835241	Slac_15	0.06494299691309002	Scil_19	0.18998885148803332	Slac_16	0.07641225164355164	Scil_2	0.08938548378110914	Aque_7	0.0032783848282419274	Aque_8	0.08686434821975106	Scil_13	0.10863665385383289	Aque_0	0.056783431552489196	Slac_23	0.1858133093724716	Scil_10	0.20134431540986858	Slac_1	0.09193944137170343	Slac_22	0.1776940042176199	Scil_12	0.09797482181308578	Slac_10	0.007764633734870084	Aque_18	0.08242358528842889	Scil_32	0.08274277436938354	Scil_1	0.206708373176096	Slac_17	0.06111562478595863	Scil_27	0.07088793846944266	Slac_25	0.031284281456362965	Scil_30	0.02180602817119029	Aque_10	0.07898721940787198	Aque_9	0.037663241775312294	Aque_4	0.01967299378092575	Scil_2	0.016521030727117844	Scil_21	0.08417777595728573	Slac_19	0.10340762905900538	Scil_24	0.05284744392582248	Scil_0	0.005382891410256814	Aque_0	0.04605382613428084	Slac_8	0.060141405155800666	Slac_3	0.05970054508829449	Aque_6	0.028171419686765547	Slac_9	0.05500404791861311	Slac_28	0.006463271302245828	Scil_7	0.023971782982171563	Scil_7	0.07217431658837593	Slac_15	0.022355803432094593	Aque_10	0.014968829163591147	Scil_14	0.03516546000459963	Scil_18	0.004788816468856355	Aque_1	0.04877906657801516	Scil_25	0.006527038909012392	Slac_0	0.03994129255811692	Aque_10	0.029287594920667424	Slac_9	0.04533874953208602	Scil_7	0.11104575915302198	Scil_10	0.04318180856897266	Slac_1	0.02594370225821575	Aque_11	0.0049199147330600546	Slac_13	0.003089032512345119	Aque_8	0.01596964290953395	Aque_1	0.0194936565613622	Slac_15	0.053018202251554625	Aque_6	0.032911254760685585	Slac_15	0.009254074794110206	Aque_14	0.0013378748098419476	Aque_4	0.00810874191503252	Scil_15	0.011490570954700848	Slac_16	0.008597843487003267
Scil_32	0.015912092263801712	Slac_3	0.04438037538771162	Aque_24	0.0011156138534931172	Scil_2	0.08227627609939359	Scil_32	0.061902912892088734	Aque_13	0.03759335697916506	Scil_15	0.2914647486970841	Aque_20	0.21672237606202205	Slac_2	0.11322948275495955	Aque_7	0.20854595529963435	Scil_18	0.02588743759207479	Slac_16	0.0155400534548059	Scil_13	0.4112567299831465	Slac_21	0.2387861331115626	Scil_29	0.16920846152842076	Scil_14	0.4142899470009618	Slac_3	0.010358873161671323	Aque_22	0.019075792184556333	Scil_12	0.11464484693074303	Slac_9	0.02055392674901138	Aque_15	0.048320703587716604	Aque_25	0.13532520041280832	Slac_2	0.11369629962377903	Slac_25	0.016521030727117844	Scil_12	0.34112794076054753	Slac_12	0.04004285071397834	Aque_17	0.0564111743085168	Scil_3	0.02264136372142868	Aque_9	0.006245741816853538	Scil_15	0.017868308598660666	Scil_19	0.10725570210881401	Scil_2	0.006026706348503071	Slac_6	0.026136989231377618	Slac_22	0.11104575915302198	Aque_10	0.04647296234082087	Slac_14	0.06054040876647101	Scil_14	0.165706458296689	Slac_28	0.052568323201241794	Scil_33	0.07664332019810728	Scil_14	0.0025433260061466763	Slac_4	0.06375101871637646	Aque_20	0.10097775145326382	Slac_4	0.056464424459906834	Scil_6	0.14089877808533618	Slac_9	0.1761029511115738	Slac_11	0.08483077698379438	Aque_1	0.15612123357688454	Scil_8	0.0931929323942883	Scil_19	0.007514950645921496	Scil_19	0.06494299691309002	Scil_31	0.06715876882257316	Slac_13	0.1814472454168639	Aque_0	0.06002574107890727	Aque_19	0.06782302318076465	Slac_23	0.029769434130127087	Slac_12	0.02097917207271813	Aque_19	0.06435726210120933	Slac_2	0.03299577005812379	Aque_14	0.017416616642969996	Aque_0	0.013997273077996048	Scil_18	0.08058680581259936	Scil_19	0.08045636282890485	Slac_9	0.030261709730345025	Slac_10	0.0040161859283506665	Slac_17	0.035469161272126196	Slac_11	0.05096898359835241	Aque_17	0.04490647050757689	Slac_18	0.019085103886214608	Aque_3	0.05375822419288662	Aque_6	0.0049314393364547305	Aque_8	0.015445263104643267	Slac_3	0.0679167415873052	Scil_5	0.022049817444313027	Slac_13	0.010287063112106348	Scil_13	0.0350642115189325	Scil_0	0.004679087266129726	Scil_6	0.0376404210424722	Slac_26	0.0059345956313550845	Slac_8	0.03652576289982353	Slac_10	0.02924057933520644	Aque_2	0.03750500298539261	Scil_15	0.10303655951361246	Slac_5	0.025729008368308205	Slac_9	0.024468779819514452	Aque_7	0.0038041279510851907	Aque_13	0.002686553401952685	Scil_12	0.013958320005004654	Aque_24	0.017304973450454213	Scil_19	0.047672747044704436	Slac_20	0.03069627009587002	Slac_14	0.009080805056845115	Aque_15	0.0012738623235895568	Scil_4	0.007701518210164432	Slac_4	0.008675273775060189	Scil_12	0.008566079081736212
Scil_16	0.0155400534548059	Slac_26	0.03751883807442714	Slac_8	0.0007240455442715573	Aque_12	0.07845501688597659	Scil_12	0.06159482424027611	Slac_7	0.016114851761135276	Scil_14	0.2883724883532805	Aque_9	0.2085189362357161	Slac_13	0.08189466989662758	Scil_30	0.2016069206358872	Scil_11	0.022232743208739133	Slac_26	0.015311410651876528	Scil_27	0.4062276498068422	Scil_16	0.19098265746240953	Scil_2	0.16177960220999502	Slac_11	0.4025608160809552	Slac_10	0.00925198466889553	Aque_0	0.01884833202069771	Scil_9	0.11202764347065435	Aque_1	0.01957066725835325	Aque_20	0.04622157019456935	Scil_12	0.12414107976706948	Slac_11	0.07547476288470224	Slac_18	0.015614348918247723	Scil_6	0.27703450518154915	Slac_23	0.0376404210424722	Slac_7	0.053997409227026436	Scil_2	0.020363770250063064	Scil_31	0.0059480764942556105	Slac_24	0.01596964290953395	Aque_14	0.09381538963520282	Scil_9	0.005940527303299387	Aque_26	0.022546630195255567	Aque_9	0.07217431658837593	Scil_22	0.045223179518251576	Aque_13	0.05076379033047089	Aque_18	0.13109386283870014	Slac_18	0.04139410823303769	Scil_25	0.07075104197714223	Scil_7	0.0018053112529266726	Slac_7	0.03618748594163171	Aque_10	0.08753104831326261	Aque_3	0.04950349966884275	Slac_25	0.14044643783758887	Scil_1	0.16423998022279063	Slac_3	0.0644361633515542	Slac_24	0.1390413543233577	Scil_26	0.08977766678708084	Scil_24	0.007001037380263568	Aque_10	0.053018202251554625	Scil_9	0.06002574107890727	Scil_15	0.17434155270143464	Slac_21	0.03989141691258115	Scil_9	0.03925856819818037	Slac_16	0.027632307704471927	Slac_9	0.0199852642242196	Scil_19	0.050431353872231396	Slac_8	0.03211010313385106	Aque_12	0.01493478214647068	Aque_7	0.01271746559590869	Aque_7	0.0665011291649009	Slac_14	0.08038782965729488	Scil_23	0.027635911547787866	Slac_12	0.0022647088797839794	Slac_6	0.03428954753678795	Slac_15	0.04360788525580715	Aque_2	0.03875379721929855	Slac_17	0.01394978194024834	Slac_11	0.045223179518251576	Slac_14	0.004234247924390247	Scil_24	0.0145877830955494	Slac_13	0.05185246626134286	Scil_25	0.021415666775052182	Slac_12	0.008073726432888503	Scil_0	0.03440129905305083	Slac_12	0.004156590286466113	Scil_7	0.03750385534229576	Scil_20	0.005844324575873596	Aque_18	0.03300488347498974	Aque_1	0.0237161545193025	Aque_17	0.03289984913309152	Scil_25	0.07713852023915618	Scil_21	0.023047939292348857	Slac_15	0.018819848831443144	Aque_9	0.003281868450424677	Slac_6	0.0016998854694505218	Aque_7	0.01324758545172008	Slac_10	0.014229707051178125	Slac_11	0.04647296234082087	Slac_10	0.02825017088797107	Scil_33	0.008415136857578009	Slac_8	0.001191398939544523	Aque_1	0.006592033232711539	Scil_11	0.007401457167510212	Slac_8	0.008403126700199475
Scil_4	0.013704849076083167	Slac_23	0.025281214742669717	Slac_1	0.0005773310925848262	Aque_3	0.0687904931235191	Slac_23	0.0579229971369982	Aque_15	0.007529727562593498	Aque_20	0.27606655571243766	Aque_10	0.17898900823623487	Aque_13	0.0698888891998655	Scil_7	0.19402901080808493	Slac_1	0.019822522196242327	Slac_23	0.015209622888850924	Scil_11	0.3946345832838282	Scil_12	0.166771676514681	Aque_24	0.11744936590029442	Scil_15	0.3874835202235388	Slac_1	0.0068079398700836265	Scil_9	0.018597267260156612	Aque_8	0.09603137894845354	Slac_1	0.011659720877801873	Slac_2	0.03510860097201515	Scil_13	0.1170958548838374	Aque_20	0.0658815791401658	Slac_16	0.012165380767570838	Scil_18	0.2619817068318443	Slac_26	0.02910386516965748	Aque_4	0.04737434752010364	Scil_21	0.018525110733761948	Scil_6	0.0056051626522634415	Slac_19	0.015445263104643267	Scil_5	0.08976865305215695	Scil_3	0.00541902960997344	Slac_16	0.013704849076083167	Slac_4	0.06597241968810787	Aque_15	0.030478808883273933	Slac_2	0.050431353872231396	Scil_23	0.12645862205378836	Slac_24	0.03803700020389929	Aque_6	0.06845226229514395	Aque_11	0.00128490504674004	Slac_2	0.03488981124537331	Scil_18	0.08265041361639211	Aque_2	0.04140647640012194	Slac_28	0.13334214752028378	Scil_5	0.15356427279927792	Aque_7	0.06159482424027611	Slac_25	0.10125380740386705	Scil_37	0.081823212388582	Scil_35	0.0061271769715625654	Scil_14	0.04360788525580715	Scil_21	0.056783431552489196	Slac_19	0.11911205689723223	Slac_6	0.03925856819818037	Aque_15	0.03909516951907373	Aque_11	0.02264136372142868	Scil_6	0.01279320134228699	Scil_25	0.03664289525458812	Aque_15	0.026353837381144506	Slac_8	0.009264133530098556	Scil_27	0.010978332839092816	Scil_14	0.060141405155800666	Slac_9	0.07871472614087673	Slac_13	0.021553703114215443	Slac_26	0.001918932223752273	Aque_7	0.02534314321807395	Slac_13	0.04125223296836238	Slac_14	0.0350642115189325	Slac_23	0.009181199209507374	Aque_4	0.03856379033565765	Aque_21	0.003119159345025604	Scil_5	0.014011797041594751	Slac_8	0.038752888249804454	Slac_0	0.01973130113242858	Aque_8	0.006254723232663231	Scil_9	0.018840468742075248	Scil_36	0.0036462141809456713	Aque_6	0.03681575293518945	Scil_22	0.005493625974258507	Aque_3	0.02995618654628012	Aque_3	0.023628282862642267	Aque_14	0.02588743759207479	Scil_12	0.056895915626645574	Scil_5	0.018933473259882417	Slac_24	0.01857944132164593	Slac_17	0.002893738866019547	Aque_26	0.001499134485890843	Scil_27	0.013070435108796411	Slac_7	0.012705505493776099	Scil_32	0.029287594920667424	Aque_18	0.028112499556264537	Slac_9	0.008313061183035122	Slac_19	0.0009654112233591962	Aque_22	0.0059345956313550845	Slac_17	0.006004634920651898	Scil_4	0.007805557979838167
Aque_18	0.013539612338884796	Slac_25	0.025116183563026202	Aque_14	0.00040332573635116413	Scil_9	0.06111562478595863	Slac_17	0.05387497751862058	Aque_16	0.0061271769715625654	Aque_10	0.19394799491887935	Aque_3	0.1761029511115738	Aque_12	0.05284744392582248	Aque_0	0.16623073518843937	Scil_21	0.017996714185049594	Aque_0	0.009015381241072302	Aque_6	0.3588457900374457	Scil_29	0.1633215626301532	Scil_9	0.10643707955920037	Slac_14	0.3487892610888296	Aque_25	0.006007047919588901	Aque_21	0.01825529048818788	Aque_23	0.0844638825992029	Slac_8	0.010015888569171221	Aque_12	0.027635911547787866	Scil_7	0.11105649886433104	Aque_15	0.043157061402537375	Slac_26	0.011153656833642561	Scil_0	0.2547794243338134	Slac_20	0.024265093495429407	Aque_20	0.04318180856897266	Slac_25	0.017509250151933657	Scil_25	0.0046896984235866145	Slac_6	0.014824377787906688	Aque_8	0.08489610593869408	Aque_9	0.005138609393324724	Aque_0	0.011313114916271714	Aque_4	0.061088244588765626	Scil_8	0.028278616312584708	Aque_10	0.047672747044704436	Aque_19	0.120589634321093	Slac_2	0.03600300731452834	Scil_26	0.06629540829897082	Aque_16	0.001261179995288781	Aque_4	0.030838315799371723	Scil_24	0.08189466989662758	Slac_13	0.040248211811190156	Slac_4	0.13109386283870014	Slac_13	0.13584372789512184	Slac_22	0.056895915626645574	Slac_26	0.09656670479908822	Slac_25	0.0781611196019666	Scil_5	0.005187372285136063	Scil_10	0.0305725326956998	Scil_11	0.04605382613428084	Scil_21	0.11471477508135464	Aque_21	0.03856053345843877	Scil_16	0.035694412028916135	Aque_26	0.021406557700864765	Scil_23	0.012659343747180783	Scil_0	0.03600300731452834	Slac_7	0.019170074007780497	Aque_19	0.008415136857578009	Scil_6	0.008647185152687049	Scil_25	0.056619862703125	Scil_23	0.06421208447671664	Scil_33	0.01493478214647068	Scil_22	0.0008209867863375426	Aque_22	0.02513039993152154	Slac_14	0.03516546000459963	Slac_12	0.034906889369602914	Slac_2	0.002058606437838035	Aque_18	0.027213372612876173	Slac_5	0.0030914421017851357	Aque_12	0.013169213802654544	Scil_15	0.037663241775312294	Slac_2	0.01885147764019976	Slac_4	0.005629437323858025	Aque_15	0.01590122967511213	Slac_0	0.002195134491720003	Scil_3	0.029769434130127087	Slac_22	0.00511374394067744	Aque_13	0.029457009605496264	Slac_18	0.02138116516991152	Slac_11	0.021113070436763172	Aque_6	0.053983147828739905	Scil_14	0.01891732140125304	Scil_22	0.018303983040892466	Slac_28	0.0028899917225645505	Slac_2	0.0008886374506192962	Scil_9	0.012342383679688311	Aque_18	0.011964230353350359	Scil_7	0.025366927264546153	Slac_6	0.027494358850737848	Scil_22	0.006267099375980184	Aque_0	0.000818915086401263	Scil_3	0.005173098923801004	Scil_19	0.005851143353592459	Scil_3	0.007519921520487196
Scil_12	0.013141435316738507	Slac_10	0.017728348000308397	Aque_20	0.0	Aque_7	0.05387497751862058	Scil_31	0.0508246824984819	Slac_3	0.004359739256567551	Scil_17	0.18458974976206693	Scil_21	0.17133214825906748	Slac_7	0.05059223719647073	Scil_36	0.12787929204335702	Slac_6	0.017535844338902852	Slac_21	0.008564821850004314	Scil_17	0.3156216090532039	Scil_9	0.1614080525697436	Scil_26	0.07093893340532076	Slac_6	0.3363665808390197	Slac_21	0.0059480764942556105	Scil_3	0.018037071055448876	Aque_26	0.08415095949538286	Aque_8	0.00972215354212173	Slac_8	0.013488335922748975	Scil_19	0.09644552561605166	Aque_9	0.03210891319346751	Slac_6	0.010592231111807524	Slac_22	0.19236206089528185	Slac_22	0.024176921727986068	Slac_22	0.04057605078773126	Scil_0	0.016793690279967306	Scil_13	0.00392332094729808	Scil_1	0.01214687404139665	Aque_19	0.07745703233475584	Scil_25	0.0039807380151994625	Slac_18	0.008417719360807664	Slac_5	0.05186081118513945	Scil_18	0.021113070436763172	Slac_3	0.04130296271384543	Scil_15	0.10900832706036392	Slac_14	0.03440129905305083	Scil_22	0.06626470845153822	Aque_0	0.0009389075991373232	Aque_7	0.027799657572352938	Aque_7	0.06667599228357379	Slac_21	0.02733774574682412	Slac_5	0.12796325215713583	Slac_8	0.13307993594592546	Slac_13	0.05596352111199728	Aque_6	0.0931929323942883	Slac_12	0.06845226229514395	Scil_13	0.0051562832983378685	Aque_23	0.022355803432094593	Scil_25	0.04197291017602982	Scil_22	0.1023969073080365	Aque_7	0.03691059414488222	Scil_11	0.03428954753678795	Aque_25	0.018065345309850538	Slac_1	0.011259875588437532	Scil_23	0.03510860097201515	Aque_8	0.017868308598660666	Slac_1	0.007277038241788989	Scil_11	0.0072161962279127575	Scil_11	0.05537705809401444	Scil_7	0.061088244588765626	Slac_19	0.013169213802654544	Slac_25	0.0006606995989087753	Aque_11	0.02493925604394388	Aque_4	0.022907255186265407	Slac_24	0.02702967793531753	Slac_6	0.0019379016908091964	Slac_24	0.020994684442534668	Slac_18	0.0013305648255908394	Scil_14	0.01120558807814111	Scil_1	0.03210891319346751	Scil_22	0.011842935128014938	Slac_5	0.0031035159777050678	Scil_6	0.01479910522915925	Scil_8	0.0019445110059579406	Scil_27	0.028651422658137592	Slac_1	0.004437301923823489	Slac_20	0.02909455619726472	Slac_3	0.019811903787486783	Slac_17	0.021009406558028396	Scil_16	0.05080228479835638	Scil_34	0.015984433241475728	Slac_17	0.01676475982619856	Slac_3	0.00277758958886471	Aque_7	0.0006829856728749977	Aque_9	0.008062195596750601	Aque_6	0.008757316326502044	Scil_5	0.018880116504515623	Slac_7	0.025963520537097773	Slac_10	0.0058614719559287164	Slac_13	0.0005379772399472136	Scil_13	0.004541943660228295	Scil_22	0.005717846320248859	Slac_2	0.007070347163418642
Scil_2	0.012165380767570838	Slac_8	0.013774556719645706	Aque_19	0.0	Scil_16	0.04343584782915727	Scil_9	0.03691059414488222	Aque_9	0.0034130295491198357	Scil_21	0.15515830038693046	Aque_8	0.16950701020732645	Slac_8	0.04486229201372817	Aque_1	0.08574565953670321	Scil_33	0.017416616642969996	Aque_11	0.00829238930586569	Scil_18	0.29127481637159525	Slac_22	0.1295912966945401	Scil_18	0.057787541640540493	Scil_22	0.3363641423003648	Slac_16	0.004986813006905346	Scil_2	0.015614348918247723	Aque_1	0.07921435670826057	Aque_2	0.007691278174228768	Aque_17	0.012659343747180783	Scil_31	0.08429844777540926	Aque_4	0.02742469277459055	Aque_24	0.009764241599579124	Scil_17	0.15796543191467902	Slac_14	0.01479910522915925	Slac_5	0.036821644974386634	Scil_12	0.01674188656716026	Scil_17	0.0033988033351462416	Scil_28	0.00972215354212173	Scil_14	0.0688597875310986	Scil_1	0.0035639686150741876	Aque_21	0.007805557979838167	Slac_23	0.03750385534229576	Scil_7	0.017305873260791534	Slac_1	0.03381543381791816	Aque_12	0.1009380809587019	Slac_3	0.03323176670964943	Scil_16	0.05693153104938742	Scil_25	0.0006573446479755747	Aque_23	0.022049817444313027	Scil_23	0.0632241158879452	Slac_7	0.024151562318464305	Scil_18	0.11856317748403508	Scil_19	0.1276297223745262	Aque_0	0.03971981976349396	Aque_2	0.06471732321078905	Slac_28	0.06705260361388733	Slac_11	0.004488087314360978	Aque_15	0.018819848831443144	Scil_12	0.03971981976349396	Slac_14	0.08354532561756922	Slac_27	0.03106786591196205	Scil_12	0.02934840758629047	Slac_18	0.018037071055448876	Slac_4	0.009205974134918509	Scil_5	0.03488981124537331	Slac_0	0.014608484977666345	Aque_10	0.006443592204622381	Scil_28	0.00498707451614709	Scil_24	0.04486229201372817	Slac_3	0.05154874907798653	Slac_26	0.0103937495704911	Slac_17	0.00047988064818928807	Slac_2	0.024616045563678253	Aque_9	0.02129783422468635	Aque_18	0.02348942879229262	Aque_9	0.0018994347389950186	Aque_16	0.020571100863824094	Aque_22	0.0007900614056283943	Scil_15	0.0049550486142194445	Scil_32	0.03108059651390676	Scil_3	0.011725560826833497	Slac_23	0.0023355881948925353	Aque_10	0.011611400948368449	Scil_13	0.0017472664114929488	Scil_4	0.027769432408959543	Scil_4	0.003954109497666794	Aque_26	0.02567523926970695	Aque_4	0.019656265507272678	Slac_22	0.020338106789935317	Aque_3	0.046605169011689845	Scil_12	0.008755775828332962	Slac_14	0.01590122967511213	Aque_22	0.0021135083227462477	Aque_9	0.0006722118919894402	Scil_4	0.00582548416153081	Aque_0	0.007940678659263123	Scil_18	0.017366960734707705	Aque_11	0.02573427668597849	Slac_7	0.00538525617495683	Slac_6	0.0005033457594407025	Aque_0	0.004160913587289412	Scil_14	0.005367990360313187	Scil_18	0.006803207101290137
Scil_27	0.011498872588218308	Aque_2	0.013249211482523834	Aque_18	0.0	Scil_25	0.037741216213346696	Slac_21	0.032737445819188186	Slac_22	0.0032364921201975027	Aque_8	0.10548028367126958	Scil_19	0.15693871000744114	Slac_14	0.036529870553215535	Scil_18	0.08033009213007258	Scil_36	0.013635444270115505	Slac_3	0.006076103149330227	Scil_26	0.2700738371973369	Slac_10	0.12478242085689266	Scil_4	0.05549484737926609	Slac_13	0.33379077208069685	Aque_6	0.004620625165897384	Aque_26	0.014249020438692233	Scil_10	0.053997409227026436	Slac_17	0.007361703294428738	Aque_19	0.01108966685121039	Aque_12	0.08077756793338153	Slac_8	0.02423163181681721	Slac_2	0.006794339541321004	Scil_8	0.15612123357688454	Aque_26	0.013972925530223676	Aque_23	0.033774914822201234	Slac_26	0.01582805631551249	Aque_6	0.0030443547763950177	Slac_11	0.008411226458592928	Aque_15	0.06324796015949077	Scil_26	0.0028899917225645505	Slac_26	0.007701518210164432	Aque_17	0.03593180945037352	Aque_22	0.01524668621417757	Aque_19	0.029841357429296233	Aque_9	0.10073179836125483	Slac_26	0.03289885402352263	Aque_2	0.04612962535401885	Scil_10	0.0006230492196593084	Aque_20	0.018933473259882417	Scil_12	0.05596352111199728	Aque_23	0.023094518502063337	Scil_9	0.11328585404673326	Scil_35	0.12271231464247798	Slac_2	0.0322408186187958	Slac_3	0.058528197344921463	Scil_16	0.06631359578949028	Slac_6	0.003689284951660736	Scil_13	0.010654186901958147	Slac_1	0.028882879575814806	Scil_24	0.0698888891998655	Slac_23	0.02767801414697659	Scil_25	0.027494358850737848	Aque_24	0.017391783636153617	Scil_25	0.007358150447268288	Scil_15	0.03299577005812379	Aque_26	0.011490570954700848	Slac_23	0.003800920574643437	Scil_9	0.003582739665307466	Scil_29	0.03954460278353589	Scil_10	0.04737434752010364	Slac_8	0.00935690028910451	Scil_28	0.00046906456335092184	Aque_14	0.022232743208739133	Slac_0	0.02081704175842213	Slac_7	0.02311766742953298	Aque_22	0.001785600646331327	Aque_15	0.018303983040892466	Aque_11	0.0007426674722605608	Aque_9	0.004359835343933608	Slac_17	0.02595024634933079	Slac_4	0.01081311292447549	Slac_22	0.0021181272214526705	Scil_10	0.01124409635825411	Scil_11	0.0017077666059774298	Scil_9	0.02767801414697659	Slac_12	0.0037463991788716324	Slac_4	0.023729598474539784	Slac_16	0.015912092263801712	Aque_3	0.018301430182690714	Scil_17	0.04412751067460052	Scil_17	0.008640916372156594	Scil_14	0.015575270026009969	Aque_26	0.002006286566689993	Slac_4	0.0006171533824006287	Scil_14	0.004773377958816538	Aque_7	0.007918033584746003	Slac_7	0.015768452661644127	Aque_13	0.024368742870578435	Scil_28	0.004655806436939281	Aque_22	0.0004983206981512289	Scil_11	0.0038095132935907225	Scil_8	0.005113683623472632	Slac_0	0.006748382226359257
Scil_9	0.009372591348129202	Aque_0	0.012330105519034091	Aque_26	0.0	Scil_11	0.035469161272126196	Scil_5	0.027799657572352938	Slac_0	0.003131430523606516	Scil_38	0.10417632630688693	Scil_32	0.14136656969747957	Slac_17	0.019380035542982003	Scil_6	0.07677497032082106	Slac_2	0.012524240003498801	Aque_21	0.0040479229374713235	Aque_7	0.2499710686667113	Scil_17	0.11125874028013465	Scil_8	0.0466011724537677	Scil_17	0.31654163300204785	Slac_9	0.0013043668842134563	Scil_6	0.010414511320196152	Scil_24	0.05059223719647073	Slac_22	0.007000688944675202	Slac_14	0.00863728402638161	Scil_25	0.051318802413805466	Aque_23	0.02290984892335369	Slac_22	0.006283002216723325	Scil_21	0.14581549113930375	Aque_17	0.01279320134228699	Slac_15	0.0305725326956998	Slac_1	0.013477838022282463	Scil_11	0.0027251361693324387	Scil_7	0.007699991637302181	Scil_35	0.06166687524230689	Aque_15	0.0016255815665387123	Slac_24	0.00582548416153081	Aque_10	0.025366927264546153	Scil_9	0.015153757837285953	Slac_16	0.02691102361994855	Aque_10	0.07962071398419387	Slac_22	0.028938273354352218	Scil_17	0.043820493292458046	Scil_20	0.0005580978651371111	Aque_10	0.018880116504515623	Aque_9	0.05185246626134286	Aque_20	0.023047939292348857	Scil_12	0.11193447009349447	Scil_23	0.11306236313165999	Aque_15	0.031701351253825186	Slac_20	0.0466011724537677	Scil_9	0.06388452777444009	Slac_3	0.003134708160616748	Aque_19	0.009254074794110206	Slac_8	0.023920724788950472	Scil_14	0.06777370715904017	Aque_11	0.025496097709964693	Scil_4	0.026136989231377618	Slac_7	0.013776506198859626	Scil_15	0.007298818852873969	Scil_12	0.0322408186187958	Aque_4	0.008956311731981215	Slac_3	0.003630879834448546	Scil_37	0.002221068529844829	Aque_9	0.038752888249804454	Scil_22	0.03856379033565765	Slac_10	0.007152538798864687	Slac_21	0.0004649070162710328	Aque_9	0.020022546024075563	Aque_20	0.01891732140125304	Slac_17	0.02075181452448057	Slac_25	0.0016154474941052668	Slac_3	0.017340321072023067	Aque_7	0.0007279824983477414	Scil_32	0.0018457460285601051	Scil_19	0.024947734143973478	Scil_15	0.008472078419021457	Aque_23	0.0017519542367771177	Aque_19	0.009080805056845115	Slac_18	0.0012519385197301979	Scil_31	0.026462368644009786	Scil_3	0.0036985582447986963	Slac_6	0.0213372103164371	Slac_8	0.015829387486072228	Slac_0	0.01810160180329917	Scil_10	0.04057605078773126	Scil_18	0.006367446486559046	Scil_5	0.012497781677006837	Aque_21	0.0019332065766645532	Slac_11	0.0002687175370342825	Scil_3	0.0039345123046209424	Slac_23	0.005275092992667716	Scil_1	0.015054484355227587	Aque_23	0.021415666775052182	Scil_5	0.004528188486828962	Slac_5	0.00045983316604243955	Scil_21	0.003561124266792412	Slac_13	0.004968400117416722	Scil_0	0.005667456306175076
Aque_21	0.008597843487003267	Slac_17	0.009496500031531945	Aque_22	0.0	Aque_4	0.0331741036788541	Scil_11	0.02534314321807395	Slac_15	0.002698911227984502	Scil_22	0.1033265632369172	Scil_34	0.14069947508625466	Slac_6	0.018986491229615328	Scil_17	0.07291576406790926	Scil_9	0.012330244457620437	Aque_22	0.003452268048029548	Scil_28	0.12806686773476403	Scil_31	0.10279131936765204	Scil_25	0.03069627009587002	Slac_19	0.304593219066386	Slac_13	0.0009621596832549338	Scil_13	0.008915977403068816	Aque_3	0.04904863939422659	Slac_25	0.00498707451614709	Aque_14	0.007945842182821811	Scil_30	0.04875215729315422	Slac_3	0.020111786481104482	Slac_14	0.006073972932567754	Scil_26	0.09597358523150744	Aque_25	0.012708447282038788	Slac_0	0.028700799725351618	Slac_23	0.011185295022157834	Aque_22	0.001858973472313462	Slac_22	0.007685646952717997	Scil_15	0.058376355447459796	Aque_12	0.001624328636881453	Aque_24	0.005708873845988201	Slac_19	0.023971782982171563	Scil_21	0.012588960453751703	Aque_14	0.026557399974070334	Scil_13	0.0733696642064858	Aque_22	0.025385462845767103	Scil_6	0.04004285071397834	Aque_25	0.000447529836029648	Slac_13	0.01770000046300369	Aque_8	0.04527308787391325	Aque_9	0.02082694657537956	Scil_29	0.08746403701213665	Scil_12	0.09594971547337144	Slac_6	0.02934840758629047	Slac_16	0.031154547414690176	Slac_22	0.053983147828739905	Scil_18	0.003041712921095538	Scil_15	0.008141608601357564	Scil_19	0.022383318665868634	Scil_19	0.05076379033047089	Slac_22	0.024623422121550657	Scil_17	0.0213372103164371	Aque_23	0.011725560826833497	Slac_7	0.00474680249929926	Aque_8	0.028440546813159356	Aque_23	0.008472078419021457	Aque_22	0.0034529581239517693	Aque_9	0.0022157805201661307	Scil_17	0.03652576289982353	Slac_17	0.0331741036788541	Scil_19	0.006970273411671722	Slac_27	0.000447529836029648	Slac_5	0.019845158999184574	Aque_15	0.015575270026009969	Slac_2	0.013919319452451806	Slac_24	0.0013660953709652636	Slac_23	0.015142460750320963	Aque_17	0.0006283583626970267	Aque_19	0.0017177894557146446	Scil_14	0.02129783422468635	Scil_17	0.007515288125571793	Slac_18	0.0016517630229043886	Scil_23	0.00863728402638161	Scil_37	0.0011156138534931172	Scil_20	0.025281214742669717	Scil_14	0.0034569743760652625	Aque_21	0.01783025412321074	Slac_23	0.013035293694868572	Aque_10	0.017366960734707705	Scil_26	0.0324755525114113	Slac_15	0.004930176764854284	Scil_10	0.011977596807546679	Slac_5	0.001689803981786444	Aque_2	0.00017822298325376575	Aque_19	0.003296707818277931	Slac_6	0.0039795649391540944	Scil_34	0.014968829163591147	Aque_1	0.018683427876435496	Slac_12	0.0043092955952190575	Slac_2	0.00020160252700361205	Aque_3	0.0035570825744202757	Scil_0	0.004357209468311866	Slac_1	0.005625087290423032
Scil_13	0.006402527926817936	Aque_22	0.005844324575873596	Aque_23	0.0	Aque_16	0.027940056663935824	Slac_28	0.01624587185696043	Aque_19	0.002269687280056207	Scil_12	0.09193944137170343	Scil_13	0.10196818893526746	Aque_19	0.017882919277500315	Aque_9	0.0679167415873052	Scil_7	0.009917548357012777	Aque_7	0.003036541036971012	Aque_2	0.12478242085689266	Slac_23	0.10223799528816721	Aque_11	0.029261605795315226	Scil_5	0.2335901128039616	Aque_1	0.0008125862799608719	Scil_4	0.008417719360807664	Aque_15	0.040577913500576414	Aque_19	0.004655806436939281	Slac_7	0.007813653535610438	Scil_17	0.03994129255811692	Slac_0	0.019874041795565296	Slac_28	0.006026706348503071	Slac_3	0.08574565953670321	Aque_24	0.012527158933020626	Slac_23	0.01695388280495549	Slac_7	0.009927538522815863	Scil_5	0.0016306084340070403	Scil_19	0.006651400468280546	Scil_7	0.05186081118513945	Scil_13	0.001419696157770043	Slac_2	0.005671023033680566	Aque_0	0.02098878205814276	Aque_19	0.012430344632669815	Aque_18	0.025415780519032937	Scil_10	0.07222897353037336	Aque_11	0.016793690279967306	Scil_13	0.034906889369602914	Scil_1	0.00034103589639342146	Slac_12	0.01573655366946839	Scil_14	0.04125223296836238	Aque_6	0.020682591029852815	Scil_2	0.0865402460235574	Scil_14	0.07467590178614121	Slac_17	0.02727282627013996	Slac_11	0.028278616312584708	Scil_18	0.05014220388612166	Scil_28	0.0027260135114079527	Scil_11	0.007280929051062725	Scil_7	0.02098878205814276	Scil_35	0.03759335697916506	Aque_17	0.024210389716801138	Scil_24	0.018986491229615328	Slac_0	0.007723614048405292	Scil_5	0.004280711959779521	Scil_11	0.024616045563678253	Slac_15	0.008141608601357564	Aque_2	0.0033881700821773745	Scil_18	0.001929639126587759	Scil_15	0.03211010313385106	Scil_5	0.030838315799371723	Scil_0	0.006106773174940858	Slac_13	0.0003402697106397783	Slac_16	0.018031527703981903	Aque_10	0.012946590872115402	Slac_5	0.012992749867188388	Aque_12	0.001331804151473443	Aque_23	0.011842935128014938	Slac_26	0.0005745923143992263	Scil_19	0.001507716939858645	Scil_21	0.02082694657537956	Slac_8	0.007491101907902395	Slac_20	0.0014746962959755595	Scil_2	0.006073972932567754	Scil_12	0.0010788269086757997	Scil_38	0.01745380613606985	Scil_33	0.0034529581239517693	Slac_5	0.016296195454403726	Slac_13	0.008411402629406777	Slac_5	0.014309338569956984	Scil_4	0.03071853068771338	Scil_32	0.0036080009417056823	Scil_19	0.010569019982817502	Slac_1	0.0016674202532356418	Slac_19	0.00017088012177084237	Scil_18	0.003027524679109272	Slac_2	0.0036658181789591205	Slac_6	0.013225842290795906	Aque_7	0.01601265505187844	Scil_8	0.003698130126425882	Slac_26	0.00015387005254621232	Aque_9	0.0035181462267927406	Slac_11	0.004180400416680115	Scil_20	0.004468195814949815
Scil_17	0.006183361370865386	Aque_1	0.005322179599865702	Aque_25	0.0	Scil_12	0.02727282627013996	Scil_25	0.01601265505187844	Aque_14	0.0014959762990303881	Aque_9	0.08997336979265005	Aque_4	0.07871472614087673	Slac_19	0.0145877830955494	Scil_14	0.0676871660366542	Scil_13	0.0095519054181966	Slac_2	0.0021422609115967885	Scil_29	0.10580078708840464	Scil_32	0.08482654516123748	Scil_17	0.02909455619726472	Scil_21	0.11394489961742175	Aque_4	0.0005691043822738014	Aque_6	0.0054723505212942915	Scil_5	0.03618748594163171	Aque_12	0.003793823227198448	Aque_13	0.007327483045247633	Aque_22	0.028798593308276832	Slac_17	0.016125950585335697	Slac_0	0.004156913093648575	Slac_17	0.08400031994089577	Slac_0	0.012320278903545253	Aque_9	0.015121531578421369	Scil_16	0.00829238930586569	Scil_3	0.0012012976499162172	Scil_34	0.006254723232663231	Aque_23	0.04597272801669439	Aque_11	0.0012152771823592929	Slac_8	0.005063219832114932	Slac_2	0.01943538116307524	Aque_8	0.008411226458592928	Aque_9	0.024947734143973478	Aque_20	0.06880615848853684	Aque_0	0.011275794891685124	Aque_1	0.03401155876918339	Scil_5	0.00029794950273959376	Aque_0	0.014830321447585509	Scil_21	0.040248211811190156	Aque_11	0.018525110733761948	Slac_15	0.08242358528842889	Slac_17	0.0687904931235191	Slac_9	0.02707279610894872	Aque_14	0.027037960677657458	Slac_23	0.03681575293518945	Slac_26	0.0027149011022602155	Aque_8	0.006183589344227606	Slac_18	0.01884833202069771	Scil_17	0.029457009605496264	Slac_14	0.018840468742075248	Scil_19	0.018821903541667136	Aque_21	0.007519921520487196	Scil_19	0.0034586650776433185	Scil_26	0.02234476479672169	Aque_17	0.007298818852873969	Slac_2	0.0020632915582345507	Scil_29	0.0016154474941052668	Scil_1	0.02423163181681721	Slac_7	0.030670489177601956	Slac_11	0.005634286089633576	Slac_8	0.00030737890281625657	Slac_0	0.014061749784167193	Slac_12	0.011360866750546341	Slac_8	0.011826328364033191	Slac_16	0.0012660478353660964	Aque_9	0.008651506436041144	Slac_15	0.0005554089778884918	Aque_15	0.0012960035755842669	Scil_11	0.020022546024075563	Scil_19	0.0069635341721349135	Aque_9	0.001325598640948816	Scil_15	0.004869473219012168	Slac_21	0.0006274519816431591	Scil_10	0.01695388280495549	Scil_16	0.003452268048029548	Aque_9	0.01425516937101105	Aque_6	0.007436469725011352	Aque_7	0.012270849612709692	Scil_0	0.028938273354352218	Slac_17	0.0006924469166060559	Scil_35	0.007529727562593498	Slac_0	0.0013633610101350876	Slac_7	0.00013750834314811398	Aque_14	0.0027401355255081395	Aque_4	0.003379266327941379	Scil_14	0.012946590872115402	Aque_4	0.015456494016030869	Scil_1	0.0035184490654809877	Aque_16	0.0	Aque_16	0.0027149011022602155	Slac_6	0.003360987329709865	Slac_20	0.004138574563807756
Aque_1	0.005529672928598939	Aque_18	0.005193887753054149	Aque_21	0.0	Aque_19	0.026328278263216025	Slac_26	0.014423913012565926	Aque_12	0.0014557432076564528	Aque_7	0.08530246628149021	Scil_36	0.06213127047847199	Aque_16	0.007001037380263568	Scil_12	0.0644361633515542	Slac_17	0.009406219154989598	Slac_15	0.0017766890035180952	Aque_9	0.09512800468451872	Scil_26	0.08393878072252729	Scil_6	0.024265093495429407	Scil_19	0.10465551416527823	Slac_24	0.0005364664498527434	Aque_9	0.0037987649872471365	Aque_21	0.0326757122312254	Slac_16	0.0028300874646534054	Slac_6	0.005719591887260367	Scil_10	0.028700799725351618	Slac_7	0.015499593571166028	Slac_7	0.002189566836518293	Slac_7	0.07921435670826057	Slac_18	0.010414511320196152	Slac_2	0.0147689351622666	Scil_6	0.008277209565217379	Scil_19	0.0011476251142240512	Slac_15	0.006183589344227606	Scil_10	0.036821644974386634	Scil_19	0.001187027979431661	Aque_7	0.004665882553132517	Slac_11	0.017305873260791534	Scil_10	0.007903001030540193	Slac_24	0.023189942066607207	Aque_7	0.0682075093535244	Aque_12	0.006106773174940858	Aque_3	0.028334234631066012	Scil_32	0.00017195063174676987	Slac_19	0.014011797041594751	Aque_12	0.021553703114215443	Aque_14	0.017996714185049594	Scil_3	0.07934802089411822	Scil_22	0.05375822419288662	Slac_4	0.022455808368597056	Slac_28	0.025421594690801796	Scil_25	0.032911254760685585	Slac_5	0.0025316391086993113	Scil_7	0.005978541835796615	Slac_13	0.01853234316651551	Scil_34	0.02743279720528342	Slac_18	0.018597267260156612	Aque_14	0.017535844338902852	Aque_7	0.006409532030017534	Scil_12	0.0031186954973940707	Scil_7	0.01943538116307524	Slac_27	0.006795618233169189	Aque_8	0.0020235651071232935	Scil_25	0.0015423780851857257	Aque_0	0.023920724788950472	Scil_1	0.02742469277459055	Scil_32	0.004561037052975801	Slac_6	0.0002956794989685623	Aque_4	0.013761747032230575	Slac_19	0.01120558807814111	Slac_6	0.01137802315919881	Aque_7	0.0012405588437670403	Aque_7	0.008376556024799989	Aque_12	0.00043803734215429357	Scil_22	0.0011730799711959538	Scil_31	0.016741330874967618	Scil_36	0.006711750207276793	Slac_7	0.0010647114951771437	Aque_14	0.004395664078218674	Slac_23	0.0005157459371368372	Scil_16	0.015209622888850924	Slac_20	0.0028362085787728233	Slac_13	0.013447025886965499	Aque_5	0.00709103059985749	Aque_4	0.011858624817093828	Scil_9	0.024623422121550657	Scil_22	0.00012147795677854351	Scil_21	0.007268338731540039	Aque_4	0.0009252798906345417	Slac_15	0.00011189605883438608	Scil_11	0.0022540808266236336	Slac_4	0.0025381930886901024	Scil_21	0.01258992490237068	Aque_26	0.014311411499670645	Slac_23	0.0034210056892673554	Aque_21	0.0	Aque_23	0.0024905314614806382	Scil_5	0.003282748728265369	Scil_16	0.0040479229374713235
Scil_31	0.004986813006905346	Aque_21	0.004468195814949815	Aque_15	0.0	Aque_9	0.02595024634933079	Slac_24	0.01324758545172008	Aque_7	0.0009543847078915537	Scil_25	0.07945795729291359	Scil_22	0.05500404791861311	Aque_9	0.005902471892089973	Scil_3	0.062103317831708006	Scil_23	0.007945842182821811	Aque_26	0.0014059163962573738	Aque_21	0.0506193718188621	Scil_8	0.06471732321078905	Scil_31	0.018407937234912474	Scil_12	0.0200065485954792	Slac_25	0.0005125156304517358	Scil_8	0.003165683352339714	Aque_4	0.030670489177601956	Aque_16	0.0027260135114079527	Aque_9	0.004323787913934672	Aque_26	0.02362567420717333	Aque_10	0.015054484355227587	Slac_11	0.002018133492095825	Scil_29	0.06097964254733722	Aque_21	0.009939452090635936	Aque_15	0.011977596807546679	Scil_5	0.005324797326528205	Scil_7	0.0007598528824472337	Slac_17	0.0049059430819454785	Aque_20	0.025729008368308205	Scil_33	0.0010476126091262402	Slac_0	0.004475862750357244	Aque_1	0.013435590546837985	Aque_7	0.007552876976035743	Aque_0	0.022383318665868634	Scil_7	0.06597241968810787	Aque_21	0.005667456306175076	Aque_21	0.027063349952506498	Aque_15	0.0	Aque_15	0.012497781677006837	Scil_30	0.021263187934875662	Aque_10	0.01258992490237068	Scil_26	0.06972011917269408	Scil_21	0.04950349966884275	Aque_4	0.020569362653105328	Aque_21	0.015381060631146262	Scil_29	0.028171419686765547	Slac_13	0.0021438952724544486	Aque_20	0.004930176764854284	Scil_5	0.014830321447585509	Scil_25	0.024368742870578435	Slac_1	0.01761049412112293	Aque_8	0.014824377787906688	Slac_2	0.006142193163267688	Scil_17	0.0028705967562662055	Aque_23	0.01885147764019976	Slac_3	0.006298122384875089	Aque_7	0.0016278270829214133	Aque_4	0.0014251626539617764	Scil_12	0.019860077152520847	Scil_14	0.022907255186265407	Slac_20	0.003807511740765432	Scil_5	0.00028507423302625716	Aque_21	0.009636224985327676	Aque_18	0.01004034607626084	Slac_15	0.010654186901958147	Aque_0	0.0011058638899558062	Slac_10	0.007160596935675109	Aque_14	0.00027085041714197255	Aque_17	0.0010988607030584874	Scil_10	0.015121531578421369	Scil_20	0.004185394700120434	Aque_18	0.0007423053409060549	Scil_25	0.00427126795554846	Scil_16	0.00048130396269028516	Scil_22	0.015142460750320963	Scil_26	0.0021135083227462477	Aque_16	0.012233092173673504	Slac_22	0.006719098396986945	Slac_7	0.010190383341655349	Scil_6	0.024176921727986068	Aque_15	0.0	Slac_13	0.004980648334404722	Slac_13	0.0008631412624146408	Aque_0	8.652046728673283e-05	Scil_25	0.001855719543244104	Aque_12	0.0023708237865026323	Slac_14	0.011611400948368449	Slac_5	0.011808922752631184	Scil_18	0.003397453271456386	Aque_20	0.0	Scil_12	0.0020530853833081652	Slac_8	0.0031076508305431364	Scil_27	0.003119159345025604
Scil_18	0.004021817802454636	Aque_23	0.004185394700120434	Aque_17	0.0	Scil_18	0.021009406558028396	Slac_25	0.01271746559590869	Aque_18	0.0006880510106199956	Scil_32	0.06891960279158713	Scil_18	0.04533874953208602	Slac_0	0.005606824672538923	Aque_12	0.06049749272102865	Scil_17	0.007230716055979176	Slac_18	0.0012186053115788406	Aque_11	0.04903897996101889	Scil_25	0.05316935191889027	Scil_12	0.01785244496178887	Scil_34	0.01627547885961875	Aque_21	0.0004423381714340932	Aque_18	0.0030866878213601096	Aque_16	0.026142200144462602	Aque_6	0.0018674627857882468	Slac_17	0.003416084332311959	Scil_16	0.022885511667997904	Aque_8	0.01214687404139665	Aque_22	0.001179653547175271	Slac_18	0.055164238595478185	Slac_2	0.009280762540239882	Slac_14	0.01124409635825411	Scil_26	0.0049199147330600546	Scil_4	0.0006885672206913575	Scil_14	0.004250277719181114	Scil_11	0.019845158999184574	Aque_0	0.0009436760834909654	Aque_9	0.004391427098515667	Aque_26	0.011648975166701925	Aque_12	0.005634286089633576	Slac_6	0.018821903541667136	Scil_5	0.06375101871637646	Aque_25	0.005382891410256814	Scil_30	0.02630398996357567	Aque_14	0.0	Slac_6	0.011519306591411885	Aque_0	0.01853234316651551	Slac_11	0.012588960453751703	Scil_33	0.058935846937385704	Slac_7	0.04904863939422659	Aque_5	0.0200065485954792	Aque_16	0.01518483051264087	Scil_21	0.020682591029852815	Slac_9	0.0019142545189977911	Scil_0	0.0037561545419144506	Slac_25	0.013997273077996048	Slac_7	0.0203178284958211	Slac_11	0.015153757837285953	Aque_10	0.013225842290795906	Slac_6	0.005944921604450704	Slac_15	0.0028469785293717244	Scil_10	0.0147689351622666	Slac_19	0.0049550486142194445	Slac_11	0.0011041730141236464	Aque_19	0.0009226651237917345	Aque_2	0.016666815283332158	Slac_12	0.022691552983814554	Scil_28	0.003793823227198448	Scil_19	0.000235802474485534	Aque_16	0.008782512886880318	Slac_7	0.00661335946185642	Slac_1	0.010396078369094435	Aque_11	0.0009103700555402322	Aque_19	0.006267099375980184	Slac_4	0.0002447670893446258	Scil_20	0.0010027930469521293	Scil_17	0.01425516937101105	Slac_11	0.0029473015140720413	Slac_11	0.0006746078659350108	Scil_27	0.004234247924390247	Scil_32	0.0004699368500720301	Scil_32	0.013035293694868572	Slac_21	0.001858973472313462	Aque_0	0.01181108889103735	Aque_12	0.004561037052975801	Aque_0	0.009921223025889093	Scil_18	0.020338106789935317	Aque_1	0.0	Slac_8	0.0033335129507723986	Slac_15	0.0006628290852709385	Slac_23	7.89764752385884e-05	Scil_7	0.0015359304702110654	Slac_16	0.002117909735399401	Slac_17	0.008296755198257727	Slac_23	0.011771377795236378	Slac_24	0.003296707818277931	Aque_19	0.0	Scil_1	0.0019220779946514152	Slac_9	0.0028262812391573176	Scil_5	0.0025743165113124447
Scil_28	0.0028300874646534054	Slac_13	0.0034727495550622585	Aque_16	0.0	Scil_13	0.02075181452448057	Scil_18	0.012270849612709692	Slac_11	0.0005784537269941765	Aque_12	0.06604570314979036	Aque_23	0.03855676460382731	Aque_7	0.002591729657440162	Scil_13	0.05970054508829449	Scil_5	0.006093385167334106	Aque_9	0.0006101721690847833	Scil_32	0.02924057933520644	Scil_37	0.04944619418195455	Scil_21	0.010506335752205016	Scil_38	0.014764268705375302	Slac_26	0.0003607424686460449	Scil_25	0.003014875638329587	Scil_25	0.025963520537097773	Slac_13	0.0011787976930303218	Aque_22	0.0015553225993882864	Scil_14	0.02081704175842213	Slac_6	0.010399158109002753	Slac_4	0.0009948418651045065	Slac_28	0.049431581398440186	Slac_25	0.008647185152687049	Slac_11	0.007903001030540193	Scil_32	0.004245383334745381	Scil_0	0.0006420831822423416	Scil_10	0.0035523542011290667	Scil_17	0.016296195454403726	Aque_16	0.0009163986608512252	Aque_22	0.003954109497666794	Aque_14	0.009917548357012777	Aque_9	0.005350696099341551	Aque_2	0.016630046450014382	Scil_21	0.056464424459906834	Aque_24	0.004679087266129726	Aque_4	0.022691552983814554	Aque_18	0.0	Slac_23	0.010367356298354165	Scil_5	0.01770000046300369	Slac_20	0.010506335752205016	Scil_16	0.05328467937453003	Slac_22	0.046605169011689845	Slac_8	0.019860077152520847	Aque_25	0.013761017164840714	Slac_7	0.014792204271229407	Scil_21	0.0019132263507979255	Aque_14	0.0035037519382675	Slac_10	0.012490097494199532	Slac_8	0.01633604095747785	Slac_24	0.012342383679688311	Scil_5	0.011519306591411885	Slac_28	0.00541902960997344	Slac_5	0.0019645016551561216	Scil_13	0.013919319452451806	Slac_14	0.004869473219012168	Slac_28	0.0010476126091262402	Aque_8	0.00079409913226825	Aque_13	0.01633604095747785	Scil_12	0.020569362653105328	Scil_8	0.0033270171272451543	Slac_4	0.0002040655290187281	Slac_1	0.008326740754932907	Aque_0	0.00559764396629307	Aque_14	0.0095519054181966	Slac_26	0.0009061224533613258	Slac_0	0.006150867414819816	Aque_4	0.00015627379148512854	Scil_38	0.0009654112233591962	Slac_23	0.011873979451640537	Scil_11	0.0027625486949955412	Aque_15	0.000551755936412873	Scil_12	0.0038247506721499082	Scil_17	0.00046011255078373095	Aque_9	0.011873979451640537	Scil_30	0.001845118263570169	Slac_2	0.010162372396342973	Aque_11	0.004245383334745381	Aque_9	0.00982770517263873	Scil_19	0.011529437496137867	Aque_0	0.0	Scil_17	0.0031009520222793742	Slac_16	0.000620702579053868	Aque_18	6.82017072762789e-05	Scil_29	0.0013660953709652636	Aque_23	0.001978382636368463	Scil_33	0.006443592204622381	Aque_9	0.011134940373064364	Scil_7	0.0030087588807070982	Aque_18	0.0	Aque_25	0.001918932223752273	Scil_26	0.002006286566689993	Slac_13	0.0020777791727374603
Aque_2	0.002490136163091833	Slac_9	0.003019536730780345	Aque_13	0.0	Scil_24	0.019380035542982003	Scil_21	0.010206055484660356	Slac_18	0.00034596413815201385	Scil_20	0.056754078554389284	Aque_12	0.030261709730345025	Slac_11	0.0011084584779289535	Scil_8	0.058528197344921463	Scil_22	0.005869329880957086	Aque_24	0.00048130396269028516	Scil_25	0.02825017088797107	Scil_30	0.04782339536836562	Aque_18	0.00985389455855756	Slac_17	0.013434304515774025	Slac_19	0.00034977526256894264	Scil_18	0.0027709595035814135	Scil_21	0.024151562318464305	Aque_14	0.0008072399859996131	Slac_23	0.0012997067672157526	Scil_1	0.019874041795565296	Slac_23	0.005939170614933377	Aque_9	0.0009259454325618094	Slac_23	0.04877906657801516	Aque_11	0.008277209565217379	Aque_7	0.0041558416138145066	Scil_18	0.0041622587398784956	Aque_24	0.0006274519816431591	Scil_17	0.0029207134146050162	Scil_18	0.014309338569956984	Scil_15	0.0006660311697722314	Aque_11	0.003757174939064052	Aque_8	0.007699991637302181	Aque_16	0.004488087314360978	Slac_8	0.012043673575319908	Scil_35	0.04543661204479993	Aque_26	0.004357209468311866	Aque_17	0.02097917207271813	Aque_19	0.0	Aque_1	0.007212914903925903	Scil_17	0.013447025886965499	Aque_7	0.010206055484660356	Scil_11	0.046311557109185456	Scil_34	0.04583010406778267	Slac_20	0.01785244496178887	Slac_8	0.01356130319799142	Slac_26	0.0133199888380616	Scil_20	0.0019067466852209745	Aque_17	0.0028469785293717244	Scil_20	0.012330105519034091	Scil_38	0.007970916622687545	Aque_14	0.012330244457620437	Scil_26	0.011432608162804656	Slac_26	0.005173098923801004	Scil_22	0.0016528501706750721	Aque_14	0.012524240003498801	Slac_6	0.003930085259780288	Aque_15	0.0005229478516667034	Aque_25	0.0006606995989087753	Scil_32	0.015829387486072228	Scil_33	0.01967299378092575	Slac_2	0.003005115448373779	Scil_11	0.00017004003509822916	Aque_26	0.007401457167510212	Aque_26	0.005367990360313187	Slac_18	0.008915977403068816	Aque_21	0.0006791343259024407	Aque_0	0.005882860058810281	Aque_20	0.0	Aque_7	0.000877323052987157	Scil_25	0.011134940373064364	Slac_6	0.002683145235240962	Aque_12	0.0005463918696675263	Scil_7	0.0028249664144267676	Slac_26	0.00037388997761791525	Scil_12	0.01184433620786144	Scil_29	0.001785600646331327	Slac_17	0.009189711213834599	Aque_20	0.0036080009417056823	Slac_23	0.009278509308101939	Scil_38	0.011056898022140221	Aque_11	0.0	Scil_11	0.002817479640916494	Slac_21	0.0004536214911070261	Aque_21	0.0	Scil_1	0.0012363132599143233	Aque_22	0.001845118263570169	Slac_22	0.006118801025670643	Aque_17	0.007358150447268288	Scil_20	0.002355949678910529	Aque_11	0.0	Scil_22	0.0017701799361564553	Scil_12	0.001984967430081177	Scil_26	0.0019332065766645532
Scil_25	0.002366646076093369	Aque_19	0.002355949678910529	Aque_10	0.0	Aque_15	0.01676475982619856	Scil_22	0.008376556024799989	Slac_14	0.0002324562917690619	Scil_34	0.051055102822140284	Scil_12	0.02707279610894872	Slac_18	0.0009311985938094756	Aque_23	0.05462730846060915	Slac_7	0.005530664440800371	Slac_24	0.00042215940194654915	Scil_33	0.021776966526073936	Slac_12	0.04612962535401885	Scil_13	0.008704569201894701	Scil_32	0.00709103059985749	Aque_19	0.0001957740781055674	Scil_12	0.002679930676315591	Scil_13	0.02311766742953298	Slac_26	0.0005310930877449745	Slac_11	0.0005826474478701977	Aque_23	0.01973130113242858	Slac_28	0.0035639686150741876	Aque_7	0.0009033766619549081	Scil_37	0.04027066433868797	Aque_7	0.007756847590368675	Aque_8	0.0035523542011290667	Scil_13	0.0038213655564593475	Scil_2	0.0006109948649465697	Scil_22	0.0026803421302653363	Scil_13	0.012992749867188388	Scil_28	0.0004798076692088607	Slac_5	0.0023605403664306076	Slac_15	0.005978541835796615	Aque_26	0.004180400416680115	Slac_22	0.011529437496137867	Aque_14	0.03296600229497718	Aque_7	0.004146734911581974	Scil_5	0.01573655366946839	Aque_2	0.0	Aque_14	0.006093385167334106	Scil_34	0.010287063112106348	Aque_4	0.010033018870096562	Slac_24	0.043446404746624825	Slac_19	0.03872344985341167	Aque_11	0.01674188656716026	Aque_0	0.010335898849954608	Scil_30	0.008757316326502044	Scil_14	0.0017967091886549353	Scil_35	0.002698911227984502	Scil_17	0.01181108889103735	Scil_23	0.007327483045247633	Slac_5	0.01200599512492909	Scil_13	0.01137802315919881	Aque_9	0.004202950247087734	Slac_13	0.00164134717449839	Scil_9	0.010968834404035527	Slac_23	0.0034886272503830197	Aque_9	0.0004326262576946168	Aque_12	0.0006376380493622574	Aque_1	0.014979230179718403	Scil_32	0.019656265507272678	Scil_12	0.0029197248487584015	Slac_15	0.0001486583229600153	Slac_15	0.007280929051062725	Slac_24	0.004773377958816538	Slac_20	0.008704569201894701	Slac_4	0.00043799720301298373	Aque_14	0.005869329880957086	Aque_19	0.0	Scil_17	0.0006174912659259845	Scil_18	0.00982770517263873	Slac_26	0.0024905314614806382	Aque_2	0.0005348944350868158	Scil_4	0.0019558158607522096	Scil_15	0.0002607758438282513	Scil_25	0.011771377795236378	Slac_4	0.0017126726051780335	Aque_20	0.008640916372156594	Aque_19	0.0023060886985312038	Aque_21	0.006803207101290137	Aque_8	0.007685646952717997	Aque_12	0.0	Scil_20	0.0018588282789815502	Aque_0	0.00039320184524293145	Aque_20	0.0	Scil_5	0.0008159881126931576	Slac_11	0.0018400758095079319	Scil_13	0.005044771618439381	Aque_22	0.006527038909012392	Scil_32	0.0023060886985312038	Aque_12	0.0	Scil_7	0.0016960579355494963	Slac_2	0.0016135189882002371	Scil_25	0.0018288924238023432
Aque_6	0.0022615291409044834	Aque_16	0.0019067466852209745	Aque_12	0.0	Scil_1	0.016125950585335697	Scil_30	0.007918033584746003	Aque_11	0.0001992219695912618	Scil_18	0.05055917942766356	Aque_15	0.024468779819514452	Slac_26	0.00014986891969874408	Aque_4	0.05154874907798653	Slac_23	0.005140055048871002	Aque_12	0.00037884908142634077	Scil_20	0.017728348000308397	Scil_21	0.04140647640012194	Aque_7	0.004373141173563929	Aque_11	0.0	Slac_8	0.0001749689034172623	Aque_14	0.0024951937986274616	Aque_13	0.0203178284958211	Slac_28	0.0004798076692088607	Slac_18	0.0001992233640220357	Scil_18	0.01810160180329917	Aque_19	0.0035184490654809877	Slac_21	0.0006109948649465697	Slac_12	0.03401155876918339	Slac_7	0.007107283363355814	Slac_17	0.00259758917236513	Scil_4	0.003757174939064052	Scil_18	0.000512950432466948	Slac_8	0.002600856536939378	Scil_9	0.01200599512492909	Scil_18	0.000385571894849858	Slac_14	0.0019558158607522096	Aque_2	0.0034396550550903583	Aque_14	0.003921806564882834	Slac_10	0.011283818001748559	Aque_16	0.03142313385226225	Slac_15	0.0037561545419144506	Scil_36	0.01180266228459197	Aque_17	0.0	Aque_11	0.005324797326528205	Scil_32	0.008411402629406777	Slac_5	0.008734659626489746	Scil_17	0.03300488347498974	Scil_17	0.02995618654628012	Slac_24	0.013958320005004654	Aque_4	0.009209742798997278	Slac_0	0.007989604093976083	Scil_6	0.001456135588813852	Scil_21	0.002372975884874954	Scil_4	0.011313114916271714	Slac_23	0.004098322916778448	Aque_24	0.011088076783181395	Aque_21	0.011202886694797454	Slac_24	0.0039345123046209424	Slac_2	0.0013070835008518582	Scil_17	0.010162372396342973	Aque_0	0.0033708605865330164	Slac_13	0.000315821952799668	Scil_21	0.0006050894050621202	Scil_20	0.013774556719645706	Scil_34	0.01735678649014895	Scil_14	0.0028318302239838224	Slac_14	0.00012396964307515452	Slac_25	0.0072161962279127575	Aque_8	0.004250277719181114	Slac_16	0.006402527926817936	Slac_28	0.00035968545949844764	Aque_26	0.005717846320248859	Aque_0	0.0	Aque_0	0.0005417107655616505	Scil_22	0.008651506436041144	Scil_30	0.001978382636368463	Aque_7	0.0004586642700985545	Aque_8	0.0017653681502885865	Scil_34	0.00019395427973305078	Aque_11	0.011185295022157834	Scil_32	0.0016570235487171569	Aque_23	0.007515288125571793	Aque_13	0.0018542437297884924	Aque_20	0.006367446486559046	Scil_28	0.007000688944675202	Aque_13	0.0	Slac_28	0.0016255815665387123	Slac_14	0.0003903980890180351	Aque_19	0.0	Aque_1	0.0007440397173107242	Aque_11	0.001750460999893485	Scil_38	0.004405824039085324	Slac_4	0.005982001435508517	Scil_35	0.002269687280056207	Aque_17	0.0	Scil_9	0.0013213432400810345	Slac_5	0.0015877848801174523	Scil_22	0.0014503220518283194
Scil_30	0.002117909735399401	Aque_15	0.0018588282789815502	Aque_11	0.0	Scil_31	0.013992068850753093	Slac_9	0.007863379270562434	Slac_17	6.344807066919933e-05	Scil_30	0.04600943994692696	Scil_38	0.02398227290410418	Aque_17	0.00010189456697589968	Aque_26	0.05033977158469323	Scil_6	0.0047851280020467886	Aque_17	0.00029457556499655637	Scil_30	0.014229707051178125	Scil_13	0.03875379721929855	Aque_21	0.004138574563807756	Aque_0	0.0	Aque_12	0.0001224703107704194	Scil_11	0.0022558510214275235	Aque_24	0.01973981471825631	Aque_25	0.00046906456335092184	Aque_21	0.0	Scil_15	0.014608484977666345	Aque_14	0.0022540832604426085	Aque_17	0.0005736921912922728	Scil_27	0.024310869585514053	Slac_28	0.006911690608094151	Slac_12	0.0021195009057570846	Scil_8	0.0027291361055733912	Aque_25	0.0004649070162710328	Scil_33	0.0020235651071232935	Scil_25	0.011808922752631184	Scil_29	0.00035968545949844764	Slac_15	0.0018852306650626147	Slac_6	0.0032358568347927294	Aque_6	0.0033772208670086656	Aque_15	0.010569019982817502	Scil_17	0.023729598474539784	Aque_14	0.0035333813162006567	Scil_14	0.011360866750546341	Aque_10	0.0	Aque_16	0.005187372285136063	Aque_15	0.004980648334404722	Aque_15	0.007268338731540039	Scil_25	0.028112499556264537	Slac_12	0.028334234631066012	Slac_21	0.013827967811861932	Aque_26	0.005113683623472632	Scil_32	0.007436469725011352	Slac_12	0.0014099252935354909	Scil_5	0.0022293165770661235	Scil_0	0.011275794891685124	Slac_22	0.0040175792159041525	Slac_2	0.010968834404035527	Scil_2	0.010592231111807524	Aque_22	0.0036985582447986963	Slac_20	0.001278448410622095	Scil_6	0.009280762540239882	Aque_10	0.002908633944061769	Aque_17	0.00021936321751213927	Scil_22	0.000523443306189603	Scil_8	0.01356130319799142	Scil_25	0.015456494016030869	Slac_6	0.0027883317497976673	Scil_34	9.415275515149285e-05	Slac_4	0.0055183762472860425	Slac_10	0.004038898449376718	Aque_9	0.006024555528158113	Aque_23	0.0003451593425496309	Aque_22	0.005493625974258507	Aque_13	0.0	Scil_25	0.00043813685736542876	Slac_24	0.008062195596750601	Scil_34	0.0017519542367771177	Slac_2	0.0004500006262596823	Scil_11	0.0014136497341196588	Scil_5	0.00011105961016668277	Scil_5	0.010367356298354165	Scil_12	0.0015935524275219478	Aque_4	0.007495500673182191	Slac_19	0.0018457460285601051	Slac_4	0.005414342278340184	Scil_32	0.006719098396986945	Aque_10	0.0	Slac_23	0.0015176332255374373	Slac_24	0.0003663865224753758	Aque_10	0.0	Aque_6	0.0007245813394103879	Slac_17	0.001401990154283811	Scil_22	0.00424550804280106	Slac_21	0.0046896984235866145	Scil_14	0.0021585102503736634	Aque_1	0.0	Scil_15	0.0013187930935150078	Scil_36	0.001499134485890843	Slac_17	0.0013431035170058502
Scil_5	0.0018213040222892925	Slac_19	0.0010027930469521293	Slac_11	0.0	Scil_29	0.01394978194024834	Scil_6	0.007756847590368675	Slac_10	0.0	Aque_26	0.044244947579357735	Scil_28	0.02055392674901138	Slac_12	9.165901631010662e-05	Scil_20	0.04438037538771162	Slac_14	0.004395664078218674	Slac_11	0.0002900955762667265	Aque_0	0.012490097494199532	Scil_18	0.03750500298539261	Aque_12	0.003807511740765432	Slac_10	0.0	Slac_11	0.0	Scil_19	0.0017913526037196242	Scil_15	0.019170074007780497	Aque_18	0.0003864396346812133	Slac_10	0.0	Scil_38	0.01449315816185208	Slac_26	0.0019220779946514152	Slac_24	0.0005531892743858243	Scil_32	0.0237161545193025	Slac_21	0.0056051626522634415	Aque_12	0.00206138643814161	Scil_17	0.0024675635875980894	Scil_26	0.0004536214911070261	Slac_12	0.001995556858674992	Scil_12	0.011603552434688951	Scil_11	0.00034946081684655524	Slac_3	0.0012862945394821151	Aque_19	0.0030087588807070982	Aque_23	0.0029473015140720413	Aque_16	0.007514950645921496	Scil_12	0.022455808368597056	Slac_5	0.0020963280987521377	Scil_12	0.010917801797323351	Slac_11	0.0	Aque_19	0.004528188486828962	Aque_26	0.004968400117416722	Slac_6	0.007246828609270577	Scil_22	0.027213372612876173	Scil_32	0.023628282862642267	Slac_16	0.013141435316738507	Slac_0	0.005057749412873074	Slac_18	0.0054723505212942915	Slac_0	0.001406369907542487	Scil_4	0.0018852306650626147	Scil_8	0.010335898849954608	Slac_3	0.003279950424880942	Aque_19	0.01023398030245637	Scil_1	0.010399158109002753	Slac_5	0.00245008272070795	Slac_6	0.001127645729003548	Aque_21	0.007070347163418642	Slac_12	0.0028294359735533702	Slac_7	0.0002139233202496546	Scil_31	0.0005125156304517358	Scil_23	0.013488335922748975	Scil_11	0.013761747032230575	Scil_30	0.0023708237865026323	Scil_13	8.691577465709364e-05	Slac_7	0.004188563848541807	Aque_7	0.003764560724605815	Aque_16	0.0051562832983378685	Slac_21	0.0002950430645312507	Slac_17	0.004786978241047747	Slac_11	0.0	Aque_16	0.00039554232087895565	Slac_21	0.006245741816853538	Slac_18	0.0011608038829003082	Slac_15	0.0004201336590089904	Aque_23	0.0010574537568551418	Scil_22	6.166564657555665e-05	Aque_4	0.009438438505875068	Scil_23	0.0015553225993882864	Aque_7	0.0074101070755996645	Aque_22	0.0016570235487171569	Slac_6	0.005159279370739181	Scil_2	0.006283002216723325	Slac_11	0.0	Slac_19	0.0012960035755842669	Aque_23	0.0003036272700404294	Slac_10	0.0	Aque_23	0.0007120374870783655	Slac_9	0.0011921554631855254	Slac_12	0.003454621919960872	Slac_13	0.004358618866586899	Slac_8	0.002030417835558305	Slac_11	0.0	Scil_10	0.0012719571240017318	Scil_16	0.0014059163962573738	Slac_26	0.0012684522728407437
Scil_29	0.0012660478353660964	Slac_24	0.0005817435523138352	Slac_0	0.0	Aque_5	0.013434304515774025	Slac_11	0.007552876976035743	Aque_6	0.0	Scil_19	0.03381543381791816	Aque_17	0.0199852642242196	Aque_6	0.0	Scil_19	0.04130296271384543	Slac_11	0.003921806564882834	Aque_14	0.00025405180216858724	Scil_19	0.011283818001748559	Slac_28	0.03666544879314418	Aque_22	0.0028362085787728233	Slac_0	0.0	Aque_8	0.0	Scil_34	0.0016517630229043886	Scil_35	0.016114851761135276	Aque_15	0.0003560492976293247	Slac_0	0.0	Scil_11	0.014061749784167193	Slac_24	0.0012363132599143233	Slac_8	0.00027424216653924524	Scil_28	0.01957066725835325	Aque_14	0.0047851280020467886	Aque_0	0.0015645236131475878	Slac_17	0.002124052502467201	Scil_30	0.0004357118400973543	Scil_21	0.0017906223046873309	Scil_21	0.008734659626489746	Scil_22	0.000223252828472322	Aque_23	0.0011560632280887087	Slac_14	0.0028249664144267676	Scil_17	0.002862000817412309	Aque_12	0.006970273411671722	Aque_23	0.01081311292447549	Aque_9	0.0019464779156262164	Scil_34	0.008073726432888503	Slac_10	0.0	Aque_17	0.004280711959779521	Scil_25	0.004358618866586899	Slac_27	0.005966837425144053	Scil_19	0.025415780519032937	Scil_18	0.018301430182690714	Slac_23	0.01184433620786144	Aque_3	0.003927019647843619	Scil_27	0.0049314393364547305	Scil_7	0.0014009301851641194	Scil_3	0.0018742493910395852	Scil_18	0.009921223025889093	Scil_36	0.002686553401952685	Aque_22	0.010100084778354581	Scil_21	0.007246828609270577	Slac_8	0.0022900446721653553	Slac_19	0.0010988607030584874	Scil_2	0.006794339541321004	Aque_7	0.002251711284226557	Aque_21	0.0001751242107144357	Scil_32	0.00045810491421771827	Scil_19	0.012043673575319908	Scil_18	0.011858624817093828	Scil_21	0.0023629599286932373	Scil_18	6.811211612456648e-05	Slac_26	0.0038095132935907225	Aque_14	0.003543528385210528	Aque_10	0.005044771618439381	Slac_7	0.0001265327331039511	Aque_10	0.00424550804280106	Slac_1	0.0	Scil_34	0.00038417047322004917	Scil_13	0.006024555528158113	Scil_4	0.0011560632280887087	Slac_19	0.00038417047322004917	Aque_17	0.0010110013360689742	Slac_10	0.0	Scil_18	0.009278509308101939	Scil_5	0.0015255136760305497	Aque_14	0.007230716055979176	Aque_18	0.0015616904540405878	Slac_2	0.004925433679139896	Aque_10	0.006118801025670643	Slac_10	0.0	Scil_38	0.0012738623235895568	Slac_7	0.0002839913052402616	Slac_0	0.0	Scil_20	0.0005817435523138352	Aque_21	0.0009366610710826462	Scil_15	0.002908633944061769	Slac_14	0.00427126795554846	Slac_19	0.0017177894557146446	Slac_10	0.0	Aque_21	0.0012684522728407437	Scil_18	0.0013700286636135184	Scil_30	0.0009366610710826462
Aque_23	0.0007954572289173509	Slac_27	0.0005580978651371111	Aque_8	0.0	Scil_20	0.009496500031531945	Scil_17	0.0074101070755996645	Aque_23	0.0	Aque_0	0.028882879575814806	Aque_18	0.008458419844605016	Slac_10	0.0	Scil_0	0.03323176670964943	Slac_10	0.003633025426557189	Slac_1	0.0	Aque_22	0.011031405506134365	Slac_25	0.03140740055542442	Scil_37	0.001973312625881581	Aque_8	0.0	Aque_3	0.0	Scil_27	0.0013305648255908394	Aque_25	0.016087388206406827	Aque_0	0.00034068327641923667	Aque_7	0.0	Scil_6	0.012320278903545253	Aque_17	0.0009238025608900143	Slac_15	0.0002678537922305544	Scil_30	0.0194936565613622	Aque_0	0.00416002537061228	Slac_26	0.0012719571240017318	Scil_7	0.0019340607702311014	Aque_17	0.000377761740877414	Slac_14	0.0017653681502885865	Scil_36	0.004287289860609813	Scil_14	0.00012586514846771738	Aque_14	0.0009936720381128188	Aque_11	0.0019340607702311014	Scil_2	0.002018133492095825	Aque_23	0.0069635341721349135	Aque_17	0.009205974134918509	Slac_4	0.0019385425359452605	Scil_21	0.005562828270019052	Slac_1	0.0	Aque_26	0.003282748728265369	Aque_14	0.0036287808614156743	Slac_12	0.005562828270019052	Scil_13	0.02348942879229262	Slac_0	0.007207930963657979	Slac_5	0.011603552434688951	Aque_19	0.003698130126425882	Scil_31	0.004620625165897384	Slac_27	0.001261179995288781	Scil_16	0.0017766890035180952	Scil_16	0.009015381241072302	Slac_0	0.00214903265124924	Slac_16	0.009372591348129202	Scil_3	0.005944921604450704	Aque_12	0.0022301829918235424	Scil_8	0.0010622585314420507	Scil_3	0.006142193163267688	Aque_12	0.0017130513951079027	Slac_16	0.00015956624399763062	Scil_17	0.00044011067252263834	Scil_13	0.011826328364033191	Scil_21	0.010033018870096562	Scil_3	0.0022301829918235424	Aque_8	0.0	Aque_15	0.002817479640916494	Aque_2	0.003537948230387418	Slac_26	0.004541943660228295	Slac_14	0.00011915654880076569	Slac_7	0.0034345893637075615	Slac_0	0.0	Scil_21	0.00038299273902102625	Scil_24	0.005902471892089973	Slac_14	0.0010574537568551418	Slac_26	0.0002189688498071078	Scil_5	0.0008650112955867374	Slac_11	0.0	Scil_29	0.009181199209507374	Scil_19	0.0014235736303283611	Slac_16	0.006183361370865386	Slac_4	0.000997329886987846	Aque_24	0.004788816468856355	Aque_7	0.005872765487726697	Slac_0	0.0	Slac_0	0.0011066823033942413	Aque_14	0.00021133496965654335	Aque_6	0.0	Scil_2	0.0005531892743858243	Aque_9	0.0007703086967531097	Slac_23	0.0022566842394155643	Slac_28	0.0039807380151994625	Scil_11	0.0016083556476181424	Aque_8	0.0	Scil_5	0.0011010040106246093	Slac_14	0.0006959377390321788	Slac_9	0.0007522998998139695
Scil_7	0.0007541103161639711	Aque_17	0.00040577853065752457	Aque_9	0.0	Aque_14	0.009406219154989598	Scil_3	0.006409532030017534	Aque_22	0.0	Aque_19	0.028178543754256196	Aque_19	0.008313061183035122	Aque_22	0.0	Scil_28	0.02983382665999697	Slac_13	0.0036287808614156743	Aque_23	0.0	Scil_31	0.00925198466889553	Scil_27	0.02594402662347267	Scil_34	0.0014746962959755595	Aque_9	0.0	Aque_23	0.0	Scil_7	0.001299836258034034	Aque_10	0.015768452661644127	Slac_19	0.00020232735923913806	Aque_6	0.0	Aque_6	0.007989604093976083	Aque_0	0.0006479145926198826	Slac_5	0.0001811053973763723	Scil_25	0.018683427876435496	Slac_8	0.003682324740841893	Aque_18	0.000977187854095712	Slac_3	0.0018695459203514268	Scil_1	0.00033465425975317853	Slac_0	0.0011002663271174153	Scil_34	0.0031035159777050678	Aque_8	0.00011721304188903826	Slac_4	0.000946663288663737	Slac_27	0.0018053112529266726	Scil_30	0.0018400758095079319	Aque_8	0.006651400468280546	Aque_26	0.008675273775060189	Slac_0	0.0017049536051867494	Aque_19	0.0043092955952190575	Slac_0	0.0	Aque_21	0.0025743165113124447	Aque_2	0.0035668024756354256	Slac_23	0.00523890877300756	Slac_16	0.013539612338884796	Slac_23	0.004746097024058278	Slac_12	0.010917801797323351	Aque_12	0.0033270171272451543	Slac_11	0.0033772208670086656	Slac_18	0.0011824887445368382	Scil_17	0.0015286477461397502	Scil_30	0.007940678659263123	Scil_32	0.0018542437297884924	Slac_28	0.005940527303299387	Scil_23	0.005719591887260367	Slac_1	0.0019051607705025716	Slac_14	0.0010110013360689742	Scil_4	0.005671023033680566	Slac_26	0.0013187930935150078	Slac_19	7.477608623195423e-05	Aque_10	0.00038334248880971726	Scil_28	0.010015888569171221	Slac_23	0.009438438505875068	Scil_13	0.002210103290937685	Aque_9	0.0	Aque_23	0.0027625486949955412	Aque_22	0.0034569743760652625	Slac_21	0.00392332094729808	Slac_0	0.0	Slac_8	0.003162983182231724	Aque_9	0.0	Scil_31	0.00034977526256894264	Slac_11	0.005350696099341551	Scil_0	0.000837266666473722	Aque_19	0.00021305898241219716	Aque_26	0.0006959377390321788	Aque_9	0.0	Scil_26	0.006938239536158958	Slac_9	0.0013967407167034447	Slac_7	0.004990424752909019	Aque_15	0.0008919260314173888	Aque_11	0.0041622587398784956	Aque_22	0.00511374394067744	Aque_9	0.0	Scil_18	0.0010687595817744288	Slac_11	0.00017109228673841125	Aque_8	0.0	Scil_31	0.0005364664498527434	Slac_26	0.0005439854484787402	Scil_17	0.0021468866370648694	Slac_18	0.003014875638329587	Slac_13	0.0015115852149052064	Aque_9	0.0	Scil_25	0.0010607508875979303	Scil_13	0.0003865579048104584	Scil_29	0.0006791343259024407
Scil_10	0.0006537809354384566	Aque_14	0.00017037638585720607	Aque_7	0.0	Scil_17	0.009189711213834599	Slac_22	0.005872765487726697	Aque_25	0.0	Aque_16	0.027329751278661968	Aque_7	0.007863379270562434	Aque_25	0.0	Scil_1	0.020111786481104482	Scil_14	0.003543528385210528	Aque_25	0.0	Aque_16	0.007764633734870084	Slac_8	0.016666815283332158	Aque_14	0.001425007172901575	Aque_7	0.0	Aque_24	0.0	Aque_24	0.0012519385197301979	Scil_1	0.015499593571166028	Slac_11	0.0	Aque_25	0.0	Scil_3	0.007723614048405292	Aque_16	0.0005528681097357047	Slac_1	0.0	Slac_8	0.014979230179718403	Aque_9	0.003561789176550896	Aque_19	0.0007606350530660959	Slac_13	0.0018192679753041394	Scil_29	0.0002950430645312507	Slac_25	0.00079409913226825	Scil_27	0.0030914421017851357	Slac_11	0.0	Slac_21	0.0006885672206913575	Slac_26	0.0016960579355494963	Scil_5	0.0013431719847802107	Aque_26	0.005851143353592459	Scil_25	0.005982001435508517	Aque_23	0.000837266666473722	Aque_24	0.004156590286466113	Aque_9	0.0	Slac_17	0.002257897752975971	Scil_20	0.0034727495550622585	Slac_2	0.005110009512088846	Scil_30	0.011964230353350359	Scil_8	0.003927019647843619	Aque_20	0.008755775828332962	Slac_18	0.003165683352339714	Slac_21	0.0030443547763950177	Scil_15	0.0011683848128666995	Scil_12	0.0013237718868656313	Scil_22	0.005882860058810281	Scil_8	0.0009655469772463394	Slac_25	0.003582739665307466	Scil_18	0.005159279370739181	Slac_15	0.0018742493910395852	Scil_14	0.0009596950632753145	Scil_21	0.005110009512088846	Aque_14	0.0013093621646569297	Aque_25	0.0	Aque_16	0.0003127982183558913	Aque_12	0.00935690028910451	Scil_8	0.009209742798997278	Scil_22	0.0021800193672277786	Slac_11	0.0	Slac_21	0.0027251361693324387	Aque_12	0.0028318302239838224	Aque_11	0.0038213655564593475	Aque_26	0.0	Aque_8	0.0026803421302653363	Aque_8	0.0	Scil_9	0.00025290958414307885	Slac_28	0.005138609393324724	Slac_16	0.0007954572289173509	Slac_14	0.00019824092443767325	Scil_26	0.0003903980890180351	Aque_7	0.0	Scil_1	0.005939170614933377	Slac_8	0.0013019951908277072	Slac_27	0.0040532588166622445	Slac_17	0.0007811616904018709	Slac_16	0.004021817802454636	Aque_13	0.0040175792159041525	Aque_7	0.0	Scil_32	0.0008919260314173888	Slac_4	0.00015737199395549092	Aque_25	0.0	Scil_15	0.0004990293185227481	Slac_22	0.00052560298130117	Scil_9	0.0014779200980209913	Aque_3	0.0026638017289202405	Scil_17	0.0013828079254315988	Aque_7	0.0	Scil_29	0.0009061224533613258	Scil_30	5.6641854567996386e-05	Scil_31	0.0004423381714340932
Scil_26	0.000620702579053868	Slac_11	0.0	Aque_3	0.0	Aque_10	0.008296755198257727	Scil_19	0.004829748909983615	Aque_24	0.0	Aque_25	0.026829719582943105	Aque_14	0.0033183991722892095	Aque_24	0.0	Scil_32	0.019811903787486783	Scil_0	0.0035333813162006567	Aque_8	0.0	Scil_22	0.007160596935675109	Scil_19	0.016630046450014382	Aque_17	0.001278448410622095	Aque_6	0.0	Aque_26	0.0	Scil_5	0.0012322970629060437	Aque_6	0.014792204271229407	Aque_3	0.0	Aque_24	0.0	Aque_3	0.007207930963657979	Aque_12	0.000504396191374116	Aque_3	0.0	Scil_7	0.013435590546837985	Slac_13	0.002606230575675612	Slac_16	0.0006537809354384566	Scil_30	0.001750460999893485	Aque_21	0.00028680339055731487	Slac_10	0.00027968293760214985	Aque_16	0.0025316391086993113	Slac_10	0.0	Aque_17	0.0005893699415372875	Slac_24	0.0015359304702110654	Scil_24	0.0011084584779289535	Slac_23	0.004945816312819346	Scil_34	0.005629437323858025	Aque_19	0.0007665281299114501	Scil_19	0.003856847756125595	Aque_8	0.0	Slac_15	0.0022293165770661235	Scil_36	0.003089032512345119	Aque_18	0.004392741792558276	Slac_26	0.01151934404758352	Slac_26	0.0035570825744202757	Aque_21	0.008566079081736212	Aque_11	0.0027291361055733912	Slac_3	0.002621946692698318	Slac_28	0.0009163986608512252	Scil_25	0.001048052004531966	Slac_17	0.0057730754236505755	Scil_3	0.00034149794444057936	Aque_4	0.0028080431967406967	Scil_30	0.0039795649391540944	Aque_4	0.0012935506359073976	Scil_1	0.0009238025608900143	Scil_18	0.004925433679139896	Aque_16	0.0011683848128666995	Aque_6	0.0	Scil_13	0.0002835408859604937	Scil_33	0.009264133530098556	Scil_15	0.008956311731981215	Scil_10	0.00206138643814161	Aque_7	0.0	Slac_18	0.0022558510214275235	Slac_27	0.0025433260061466763	Aque_12	0.002210103290937685	Aque_3	0.0	Aque_12	0.0021800193672277786	Aque_26	0.0	Scil_28	0.00020232735923913806	Scil_4	0.004391427098515667	Slac_24	0.0007120374870783655	Aque_24	0.00019395427973305078	Scil_18	0.00038038434076872584	Aque_8	0.0	Scil_30	0.005275092992667716	Scil_2	0.001179653547175271	Slac_21	0.0033988033351462416	Aque_24	0.0004699368500720301	Aque_19	0.003397453271456386	Aque_9	0.003957032317917925	Aque_8	0.0	Scil_8	0.0008545751272440748	Slac_8	0.0001233489618426757	Aque_22	0.0	Scil_17	0.0004905356909261347	Slac_18	0.0005224559773615785	Scil_11	0.0013018155007795782	Slac_16	0.002366646076093369	Scil_21	0.0012938419651581663	Aque_6	0.0	Scil_18	0.0007507813795029302	Aque_7	0.0	Scil_7	0.0003777079564661838
Scil_15	0.0005530300729717037	Aque_6	0.0	Aque_4	0.0	Scil_28	0.007361703294428738	Scil_4	0.004665882553132517	Aque_26	0.0	Aque_15	0.02594370225821575	Scil_20	0.003019536730780345	Aque_23	0.0	Scil_2	0.018550579206808672	Slac_15	0.0035037519382675	Aque_4	0.0	Aque_12	0.007152538798864687	Scil_20	0.013249211482523834	Aque_9	0.0006932786013778962	Aque_4	0.0	Aque_5	0.0	Scil_16	0.0012186053115788406	Scil_3	0.013776506198859626	Aque_23	0.0	Aque_23	0.0	Aque_21	0.006748382226359257	Slac_12	0.0005009251657897121	Aque_4	0.0	Scil_5	0.007212914903925903	Aque_16	0.001456135588813852	Slac_27	0.0006230492196593084	Slac_27	0.00128490504674004	Scil_8	0.0002766900888517395	Slac_16	0.00020512691762688558	Scil_3	0.00245008272070795	Slac_1	0.0	Aque_12	0.0005771509356344701	Aque_16	0.0014009301851641194	Scil_33	0.0011041730141236464	Aque_7	0.004829748909983615	Scil_11	0.0055183762472860425	Slac_21	0.0006420831822423416	Aque_22	0.0037463991788716324	Aque_6	0.0	Aque_18	0.0020416846861420696	Scil_6	0.002606230575675612	Slac_26	0.003561124266792412	Scil_14	0.01004034607626084	Scil_25	0.0026638017289202405	Slac_14	0.0038247506721499082	Slac_1	0.0022180585797195443	Slac_16	0.0022615291409044834	Scil_3	0.0008523068172367502	Scil_18	0.0006753305986207646	Scil_14	0.00559764396629307	Aque_8	0.0	Aque_9	0.0019808672721127263	Scil_15	0.003930085259780288	Slac_21	0.0012012976499162172	Scil_11	0.0007129814591836983	Scil_30	0.0036658181789591205	Aque_2	0.0011190318352239101	Aque_24	0.0	Aque_14	0.00019290342806632554	Aque_21	0.008403126700199475	Slac_26	0.00810874191503252	Slac_5	0.0019509569850992277	Aque_4	0.0	Slac_24	0.0022540808266236336	Aque_19	0.0021585102503736634	Slac_22	0.0017626434299462628	Aque_4	0.0	Slac_13	0.0021339192551050176	Aque_3	0.0	Scil_30	0.00018831801667295992	Slac_19	0.004359835343933608	Scil_8	0.0006967092041248453	Slac_0	0.0001124655860200062	Scil_17	0.00037609437413852034	Slac_1	0.0	Scil_21	0.00523890877300756	Scil_17	0.001123917803354932	Aque_15	0.0031009520222793742	Slac_25	0.00045810491421771827	Aque_16	0.003041712921095538	Scil_35	0.0032364921201975027	Aque_6	0.0	Scil_34	0.000551755936412873	Slac_18	0.0001101287151797933	Aque_3	0.0	Scil_16	0.00042215940194654915	Slac_21	0.0004357118400973543	Slac_0	0.0012486008861666547	Slac_24	0.001855719543244104	Scil_13	0.001131341865552272	Aque_3	0.0	Scil_27	0.0005745923143992263	Aque_8	0.0	Scil_21	0.0003660535559789224
Aque_22	0.00040167134032208777	Aque_8	0.0	Aque_5	0.0	Aque_24	0.006705546855367915	Slac_20	0.004373141173563929	Aque_21	0.0	Aque_14	0.019822522196242327	Aque_26	0.0028262812391573176	Aque_21	0.0	Scil_22	0.017340321072023067	Scil_12	0.0033196504712706882	Aque_20	0.0	Aque_19	0.0058614719559287164	Slac_1	0.00950203532118014	Scil_19	0.00047319288115186577	Aque_5	0.0	Aque_20	0.0	Aque_16	0.0011824887445368382	Scil_30	0.012705505493776099	Aque_24	0.0	Aque_26	0.0	Scil_22	0.006150867414819816	Aque_7	0.00036356754765151894	Aque_5	0.0	Slac_26	0.006592033232711539	Slac_1	0.0014149382144389672	Slac_6	0.0005314377306489017	Slac_28	0.0012152771823592929	Scil_22	0.00011934439769384231	Slac_28	0.00011721304188903826	Scil_4	0.0023605403664306076	Aque_5	0.0	Aque_4	0.00035273400696735524	Slac_18	0.001299836258034034	Scil_25	0.0008618935777196867	Slac_12	0.003856847756125595	Scil_18	0.005414342278340184	Aque_17	0.0005205845640427781	Aque_10	0.003454621919960872	Aque_5	0.0	Slac_16	0.0018213040222892925	Aque_16	0.0021438952724544486	Slac_15	0.002372975884874954	Slac_20	0.00985389455855756	Scil_11	0.0016528077688472247	Aque_14	0.0033196504712706882	Aque_24	0.0019445110059579406	Scil_28	0.0018674627857882468	Slac_22	0.0008118229184280434	Scil_26	0.0006628290852709385	Slac_26	0.004160913587289412	Aque_9	0.0	Slac_4	0.001899190457064472	Aque_16	0.003689284951660736	Aque_16	0.0008523068172367502	Slac_18	0.0006589330409725109	Aque_12	0.003005115448373779	Aque_19	0.001063631736490927	Aque_23	0.0	Scil_14	0.00015430192361860236	Aque_23	0.007491101907902395	Scil_17	0.007495500673182191	Scil_15	0.0017130513951079027	Aque_5	0.0	Aque_24	0.0017077666059774298	Aque_16	0.0017967091886549353	Aque_24	0.0017472664114929488	Aque_8	0.0	Slac_26	0.0017701799361564553	Aque_5	0.0	Scil_36	0.00017088012177084237	Scil_23	0.004323787913934672	Slac_17	0.0006766697585387233	Aque_25	9.415275515149285e-05	Scil_35	0.0002324562917690619	Aque_5	0.0	Aque_14	0.005140055048871002	Slac_7	0.00111052527754443	Aque_8	0.0029207134146050162	Slac_26	0.000304113814356937	Slac_24	0.003027524679109272	Aque_18	0.0021686877351492777	Aque_5	0.0	Scil_33	0.0005229478516667034	Slac_26	0.00010288267178979746	Aque_5	0.0	Scil_26	0.0003663865224753758	Aque_16	0.0003748586416125848	Slac_10	0.0009263157232218243	Aque_21	0.0018288924238023432	Scil_15	0.001063631736490927	Aque_26	0.0	Scil_19	0.000561192539696383	Aque_9	0.0	Slac_23	0.0003419891722821779
Aque_0	0.000364540624719768	Aque_13	0.0	Slac_19	0.0	Aque_26	0.006004634920651898	Scil_10	0.0041558416138145066	Aque_0	0.0	Scil_9	0.01761049412112293	Aque_16	0.0019142545189977911	Aque_14	0.0	Aque_21	0.011159419584943053	Slac_9	0.0033183991722892095	Aque_15	0.0	Scil_14	0.004038898449376718	Scil_28	0.007691278174228768	Scil_22	0.0003571227832136094	Aque_25	0.0	Aque_14	0.0	Aque_23	0.0011608038829003082	Scil_18	0.010190383341655349	Aque_13	0.0	Aque_18	0.0	Scil_24	0.005606824672538923	Slac_27	0.00034103589639342146	Aque_14	0.0	Slac_16	0.005529672928598939	Slac_5	0.00124979697415313	Aque_2	0.0005170906298283467	Scil_29	0.0009103700555402322	Scil_14	0.00011805346032808849	Slac_18	0.00011607059207258241	Scil_0	0.0020963280987521377	Aque_25	0.0	Aque_16	8.760085047685234e-05	Slac_17	0.001292549304249596	Scil_34	0.0006746078659350108	Aque_17	0.0034586650776433185	Scil_30	0.0025381930886901024	Slac_11	0.0002707215547135842	Scil_15	0.0028294359735533702	Aque_24	0.0	Slac_21	0.0016306084340070403	Scil_22	0.0021339192551050176	Aque_12	0.0023629599286932373	Slac_9	0.008458419844605016	Scil_9	0.0006351957843965829	Aque_17	0.0031186954973940707	Aque_7	0.0018349425655764858	Slac_2	0.0015576277803544792	Slac_8	0.0006734576047513262	Scil_9	0.0005590915207377705	Scil_6	0.00416002537061228	Aque_25	0.0	Aque_10	0.0014779200980209913	Aque_26	0.003360987329709865	Aque_14	0.0006702307855120196	Scil_27	0.0006283583626970267	Aque_7	0.0021767951077217057	Aque_18	0.0009499142047052055	Aque_13	0.0	Aque_17	0.00010602468818635638	Scil_4	0.005063219832114932	Scil_36	0.005812318074700415	Slac_23	0.0016928338039169145	Aque_25	0.0	Aque_3	0.0016528077688472247	Slac_23	0.0015211875454066454	Slac_28	0.001419696157770043	Aque_25	0.0	Aque_17	0.0016528501706750721	Aque_23	0.0	Scil_11	8.953448248193093e-05	Scil_3	0.004202950247087734	Scil_13	0.0006359611654669494	Slac_16	8.84168448185928e-05	Scil_34	0.00019824092443767325	Aque_25	0.0	Scil_19	0.004945816312819346	Scil_6	0.0010898097164732242	Aque_17	0.0028705967562662055	Slac_15	0.00028416053062932004	Slac_18	0.0027709595035814135	Scil_34	0.0021181272214526705	Aque_25	0.0	Slac_18	0.0003997126633816306	Slac_25	9.979976549844311e-05	Aque_11	0.0	Scil_21	0.0003343258128429168	Slac_19	0.00018831801667295992	Scil_8	0.00041475463053109753	Slac_25	0.0015423780851857257	Slac_25	0.0009226651237917345	Aque_23	0.0	Scil_30	0.0005439854484787402	Aque_25	0.0	Slac_21	0.00028680339055731487
Aque_14	0.00021947309878256473	Aque_10	0.0	Slac_18	0.0	Aque_0	0.0057730754236505755	Scil_0	0.004146734911581974	Aque_17	0.0	Scil_36	0.014404155841081212	Aque_22	0.0013967407167034447	Aque_11	0.0	Aque_22	0.011126450382774879	Slac_24	0.0027401355255081395	Aque_16	0.0	Aque_25	0.0040161859283506665	Slac_13	0.0035668024756354256	Scil_7	0.0001940346220739221	Aque_24	0.0	Aque_13	0.0	Scil_24	0.0009311985938094756	Aque_11	0.009927538522815863	Aque_17	0.0	Aque_11	0.0	Scil_8	0.005057749412873074	Slac_21	0.00033465425975317853	Aque_13	0.0	Scil_20	0.005322179599865702	Slac_4	0.001122417356834969	Slac_24	0.0003181679967895727	Slac_8	0.0007793901379513377	Slac_11	0.0	Scil_8	7.164209713358622e-05	Aque_17	0.0019645016551561216	Aque_24	0.0	Aque_3	7.741621190303278e-05	Aque_7	0.0009700522990703769	Scil_23	0.0005826474478701977	Slac_17	0.002986639456227106	Scil_0	0.0019385425359452605	Slac_7	0.00025735318896167713	Aque_25	0.0022647088797839794	Aque_4	0.0	Aque_22	0.0015255136760305497	Aque_21	0.0020777791727374603	Aque_16	0.0019132263507979255	Scil_20	0.005193887753054149	Scil_4	7.741621190303278e-05	Aque_12	0.0029197248487584015	Aque_17	0.0010622585314420507	Slac_6	0.0008735143059677767	Scil_1	0.0005528681097357047	Scil_27	0.0005554089778884918	Scil_15	0.0033708605865330164	Aque_24	0.0	Slac_26	0.0013213432400810345	Scil_7	0.0032358568347927294	Aque_13	0.00034149794444057936	Scil_4	0.0005893699415372875	Scil_16	0.0021422609115967885	Aque_1	0.0006910504339588305	Aque_11	0.0	Scil_26	9.979976549844311e-05	Scil_6	0.003682324740841893	Scil_38	0.005270713624254894	Slac_28	0.001624328636881453	Aque_24	0.0	Aque_19	0.0016083556476181424	Aque_1	0.0013432565339609411	Aque_19	0.001131341865552272	Aque_16	0.0	Aque_1	0.0014590804408388116	Aque_24	0.0	Aque_14	8.872665397344825e-05	Slac_22	0.003957032317917925	Scil_12	0.000577542282297295	Aque_6	8.465892848772356e-05	Scil_32	0.0001632862994201917	Aque_4	0.0	Aque_3	0.004746097024058278	Scil_21	0.0010798620083275834	Slac_11	0.002862000817412309	Aque_14	0.00027098401200340586	Slac_25	0.001929639126587759	Scil_13	0.0017626434299462628	Aque_4	0.0	Scil_28	0.0003560492976293247	Aque_12	8.315546072334347e-05	Aque_12	0.0	Scil_10	0.0003181679967895727	Aque_19	0.00016875572406300238	Slac_25	0.00038334248880971726	Slac_26	0.0010607508875979303	Scil_0	0.0007665281299114501	Aque_25	0.0	Scil_28	0.0005310930877449745	Aque_24	0.0	Scil_14	0.00025769051455468373
Aque_8	0.00020512691762688558	Aque_20	0.0	Slac_16	0.0	Aque_8	0.0049059430819454785	Scil_26	0.0038041279510851907	Aque_2	0.0	Aque_11	0.013477838022282463	Scil_31	0.0013043668842134563	Aque_0	0.0	Scil_31	0.010358873161671323	Slac_18	0.0024951937986274616	Aque_13	0.0	Aque_14	0.003633025426557189	Scil_14	0.003537948230387418	Scil_10	0.00016713791142733333	Aque_3	0.0	Aque_10	0.0	Scil_17	0.0009076142232350467	Scil_23	0.007813653535610438	Aque_20	0.0	Aque_0	0.0	Scil_4	0.004475862750357244	Aque_1	0.0	Aque_12	0.0	Slac_1	0.005088999690277391	Aque_22	0.0010898097164732242	Aque_11	0.00027696008219021116	Scil_27	0.0007426674722605608	Slac_1	0.0	Aque_23	0.0	Aque_12	0.0019509569850992277	Aque_23	0.0	Aque_10	7.445091868500504e-05	Slac_12	0.0008067910131735641	Scil_35	0.0005784537269941765	Slac_18	0.0017913526037196242	Scil_9	0.001899190457064472	Slac_1	0.00014375782652440764	Scil_10	0.0021195009057570846	Aque_3	0.0	Aque_2	0.0014281691336719405	Aque_1	0.0018524134242387425	Aque_8	0.0017906223046873309	Scil_21	0.004392741792558276	Aque_23	0.0	Slac_18	0.002679930676315591	Aque_13	0.0009655469772463394	Slac_24	0.0007245813394103879	Slac_19	0.00039554232087895565	Scil_6	0.000537918602022186	Scil_10	0.0015645236131475878	Aque_23	0.0	Slac_13	0.0007293952964451514	Aque_12	0.0027883317497976673	Aque_17	0.0002892532728859098	Scil_2	0.0005736921912922728	Scil_33	0.0020632915582345507	Slac_28	0.0006660311697722314	Aque_0	0.0	Scil_19	6.067862098681956e-05	Aque_15	0.0033335129507723986	Slac_0	0.003570067902349311	Scil_35	0.0014557432076564528	Aque_23	0.0	Slac_14	0.0014136497341196588	Aque_17	0.0009596950632753145	Aque_23	0.0006359611654669494	Aque_13	0.0	Aque_21	0.0014503220518283194	Aque_25	0.0	Aque_1	8.819846974864138e-05	Slac_18	0.0037987649872471365	Scil_29	0.0003451593425496309	Aque_11	5.672323981960277e-05	Aque_9	0.00014101603497631172	Aque_3	0.0	Aque_13	0.004098322916778448	Slac_13	0.0010403595033478138	Aque_11	0.0024675635875980894	Slac_27	0.00017195063174676987	Aque_26	0.0013700286636135184	Aque_14	0.0011686116473428126	Aque_3	0.0	Aque_23	0.0	Aque_16	4.489190785055545e-05	Aque_1	0.0	Aque_22	0.00013397004630492942	Slac_5	0.00015632811293370816	Scil_4	7.445091868500504e-05	Slac_15	0.001048052004531966	Scil_10	0.0007606350530660959	Aque_24	0.0	Scil_17	0.0004310436093113332	Aque_23	0.0	Scil_19	0.00024879890688156577
Aque_16	0.00019965607844958183	Aque_24	0.0	Slac_2	0.0	Scil_22	0.004786978241047747	Scil_14	0.003764560724605815	Aque_1	0.0	Scil_28	0.011659720877801873	Scil_30	0.0011921554631855254	Aque_1	0.0	Scil_38	0.010055151230732088	Scil_1	0.0022540832604426085	Aque_10	0.0	Scil_37	0.0016208190935549788	Scil_7	0.0034396550550903583	Scil_5	0.0001389784850155486	Aque_26	0.0	Aque_15	0.0	Aque_17	0.0006589330409725109	Scil_6	0.007107283363355814	Aque_10	0.0	Aque_1	0.0	Scil_2	0.004156913093648575	Aque_18	0.0	Aque_16	0.0	Slac_13	0.0018524134242387425	Slac_15	0.000537918602022186	Slac_10	0.00018056716538701614	Scil_22	0.0007182810156553004	Slac_10	0.0	Aque_24	0.0	Scil_26	0.001689803981786444	Aque_22	0.0	Aque_13	0.0	Slac_21	0.0007598528824472337	Scil_16	0.0002900955762667265	Slac_19	0.001507716939858645	Aque_22	0.0017126726051780335	Slac_8	0.00011221457900450888	Aque_8	0.001995556858674992	Aque_26	0.0	Slac_11	0.0013431719847802107	Aque_11	0.0018192679753041394	Aque_19	0.0012938419651581663	Slac_0	0.0035226574126899293	Aque_26	0.0	Slac_26	0.0020530853833081652	Aque_22	0.0008546671162789614	Slac_4	0.00011499042388782318	Scil_30	0.0003748586416125848	Aque_7	0.00044325569328759263	Slac_4	0.0011554498207314754	Aque_26	0.0	Aque_3	0.0006351957843965829	Aque_23	0.002683145235240962	Slac_13	0.00019742622947111366	Scil_0	0.0005205845640427781	Scil_29	0.002058606437838035	Aque_11	0.0005850089513554419	Aque_1	0.0	Scil_30	4.373898109511325e-05	Scil_22	0.003162983182231724	Scil_30	0.003379266327941379	Scil_29	0.001331804151473443	Aque_26	0.0	Aque_10	0.0013018155007795782	Aque_11	0.0003830460244722578	Aque_7	0.0004544811457850558	Aque_10	0.0	Slac_19	0.0011730799711959538	Aque_10	0.0	Aque_18	8.67954187979903e-05	Scil_6	0.003561789176550896	Scil_26	0.0003036272700404294	Aque_22	0.0	Aque_25	0.00012396964307515452	Aque_26	0.0	Scil_33	0.003800920574643437	Scil_8	0.0008546671162789614	Aque_10	0.0021468866370648694	Slac_14	0.0001632862994201917	Aque_15	0.0010687595817744288	Aque_16	0.0008118229184280434	Aque_26	0.0	Aque_26	0.0	Aque_13	0.0	Aque_16	0.0	Slac_10	0.0	Slac_15	7.582281743191405e-05	Aque_23	0.0	Slac_11	0.0008618935777196867	Scil_25	0.0005101973061264256	Slac_16	0.0	Aque_24	0.00037388997761791525	Aque_26	0.0	Slac_11	0.0001786816932863523
Scil_21	0.00019265879464003762	Aque_26	0.0	Slac_22	0.0	Scil_23	0.003416084332311959	Slac_27	0.0032783848282419274	Slac_16	0.0	Aque_17	0.011259875588437532	Aque_0	0.0007768287099767384	Aque_2	0.0	Scil_15	0.006298122384875089	Scil_35	0.0014959762990303881	Aque_19	0.0	Aque_10	0.0009263157232218243	Scil_33	0.0033881700821773745	Scil_14	0.00013421196173118974	Aque_23	0.0	Aque_18	0.0	Scil_30	0.0005224559773615785	Scil_14	0.00661335946185642	Aque_26	0.0	Aque_2	0.0	Aque_4	0.003570067902349311	Aque_11	0.0	Aque_15	0.0	Scil_22	0.0014590804408388116	Aque_4	0.0001965310442681807	Slac_20	0.00016713791142733333	Scil_15	0.0005850089513554419	Aque_18	0.0	Aque_25	0.0	Aque_26	0.0015877848801174523	Aque_17	0.0	Aque_25	0.0	Slac_16	0.0007541103161639711	Aque_0	0.0002895346451168054	Aque_22	0.0014235736303283611	Aque_0	0.0011554498207314754	Aque_10	0.0	Aque_16	0.0014099252935354909	Aque_22	0.0	Slac_18	0.0012322970629060437	Aque_17	0.00164134717449839	Aque_22	0.0010798620083275834	Slac_18	0.0030866878213601096	Aque_25	0.0	Aque_26	0.001984967430081177	Aque_15	0.0008545751272440748	Scil_34	8.465892848772356e-05	Slac_25	0.0003127982183558913	Scil_34	0.0004201336590089904	Scil_29	0.0011058638899558062	Aque_6	0.0	Slac_15	0.0005590915207377705	Scil_29	0.0019379016908091964	Slac_4	0.00014321602752110106	Scil_20	0.00040577853065752457	Aque_26	0.0016135189882002371	Slac_16	0.0005530300729717037	Aque_20	0.0	Scil_15	3.573720458324163e-05	Aque_26	0.0031076508305431364	Scil_9	0.0028080431967406967	Slac_12	0.0012750212422184561	Aque_6	0.0	Aque_12	0.000740855131694712	Aque_21	0.00025769051455468373	Aque_26	0.0003865579048104584	Aque_15	0.0	Aque_25	0.0008209867863375426	Aque_15	0.0	Scil_33	7.477608623195423e-05	Slac_26	0.0035181462267927406	Slac_12	0.00024809877707359263	Aque_0	0.0	Scil_29	0.00011915654880076569	Aque_23	0.0	Scil_15	0.0034886272503830197	Scil_27	0.0007900614056283943	Slac_15	0.0015286477461397502	Slac_5	0.0001207198526916556	Aque_12	0.0009491989472474446	Scil_30	0.00052560298130117	Aque_23	0.0	Aque_25	0.0	Aque_17	0.0	Aque_15	0.0	Slac_11	0.0	Aque_26	5.6641854567996386e-05	Aque_25	0.0	Slac_27	0.0006573446479755747	Slac_18	0.0003551663072416784	Slac_18	0.0	Scil_31	0.0003607424686460449	Aque_6	0.0	Scil_33	0.0001751242107144357
Scil_33	0.00015956624399763062	Aque_3	0.0	Slac_15	0.0	Scil_19	0.002986639456227106	Scil_16	0.003036541036971012	Slac_2	0.0	Scil_13	0.010396078369094435	Aque_21	0.0007522998998139695	Aque_18	0.0	Scil_16	0.006076103149330227	Slac_20	0.001425007172901575	Aque_3	0.0	Aque_4	0.0006546944170466912	Slac_16	0.002490136163091833	Slac_11	0.0	Aque_22	0.0	Aque_17	0.0	Aque_15	0.0003997126633816306	Aque_14	0.005530664440800371	Aque_5	0.0	Aque_16	0.0	Aque_18	0.0035226574126899293	Aque_24	0.0	Aque_19	0.0	Scil_14	0.0013432565339609411	Aque_19	0.00010163776404782919	Slac_18	0.0001372307116874868	Scil_14	0.0003830460244722578	Aque_16	0.0	Aque_3	0.0	Scil_6	0.00124979697415313	Aque_19	0.0	Aque_15	0.0	Aque_18	0.0004377083199745593	Scil_0	0.0002707215547135842	Slac_28	0.001187027979431661	Scil_6	0.001122417356834969	Aque_16	0.0	Scil_37	0.0013758867511901032	Aque_23	0.0	Slac_26	0.0011010040106246093	Aque_19	0.0015115852149052064	Slac_25	0.0006050894050621202	Slac_1	0.0024546823041520075	Aque_24	0.0	Aque_22	0.0015935524275219478	Aque_23	0.0006967092041248453	Slac_15	7.446641161039216e-05	Slac_23	0.0002799473133612448	Scil_32	0.00028416053062932004	Slac_28	0.0009436760834909654	Aque_3	0.0	Slac_19	0.00025290958414307885	Scil_36	0.0016998854694505218	Aque_19	0.00010921240366922342	Slac_21	0.000377761740877414	Aque_6	0.0015576277803544792	Slac_24	0.0004990293185227481	Aque_26	0.0	Aque_15	0.0	Aque_8	0.002600856536939378	Slac_25	0.0014251626539617764	Scil_18	0.0009491989472474446	Aque_3	0.0	Aque_17	0.0007129814591836983	Slac_17	0.00021387570520787716	Slac_25	0.0002835408859604937	Aque_20	0.0	Aque_11	0.0007182810156553004	Aque_16	0.0	Aque_11	0.0	Scil_35	0.0034130295491198357	Scil_18	0.00016200960392465777	Aque_1	0.0	Aque_7	0.0001014126701470831	Aque_24	0.0	Aque_19	0.0034210056892673554	Slac_17	0.0006246004909368952	Aque_19	0.0013828079254315988	Aque_17	0.0	Slac_26	0.0007507813795029302	Aque_11	0.0003396042818319559	Aque_24	0.0	Aque_24	0.0	Aque_10	0.0	Slac_18	0.0	Aque_2	0.0	Slac_25	4.373898109511325e-05	Aque_24	0.0	Aque_19	0.0005101973061264256	Scil_12	0.00025964170727856093	Slac_17	0.0	Scil_32	0.000304113814356937	Aque_3	0.0	Scil_13	5.335206716335376e-05
Scil_34	8.84168448185928e-05	Aque_4	0.0	Slac_14	0.0	Scil_26	0.002893738866019547	Scil_24	0.002591729657440162	Slac_20	0.0	Aque_2	0.00950203532118014	Aque_11	0.00015479310742968312	Aque_26	0.0	Aque_25	0.005941725833823101	Scil_38	0.0013378748098419476	Aque_5	0.0	Aque_8	0.00027968293760214985	Scil_38	0.0016801638963201936	Aque_19	0.0	Aque_20	0.0	Aque_16	0.0	Aque_19	0.0003551663072416784	Aque_19	0.00538525617495683	Aque_4	0.0	Slac_16	0.0	Scil_35	0.003131430523606516	Aque_2	0.0	Aque_20	0.0	Scil_31	0.0008125862799608719	Aque_10	0.0	Aque_22	0.00012433016914732467	Slac_22	0.0003396042818319559	Aque_19	0.0	Aque_4	0.0	Aque_9	0.0011755396018533763	Aque_20	0.0	Aque_19	0.0	Aque_21	0.0003777079564661838	Aque_17	0.0002704982935162716	Slac_21	0.0011476251142240512	Scil_32	0.000997329886987846	Aque_15	0.0	Aque_12	0.0012750212422184561	Aque_20	0.0	Slac_14	0.0008650112955867374	Scil_28	0.0011787976930303218	Slac_19	0.00038299273902102625	Slac_22	0.0021686877351492777	Aque_4	0.0	Slac_15	0.0013237718868656313	Slac_7	0.0005928379788441077	Aque_23	0.0	Slac_2	0.0002133875946373327	Scil_2	0.0002678537922305544	Slac_27	0.0009389075991373232	Aque_4	0.0	Aque_12	0.00022233360486010237	Aque_7	0.0015106109007975018	Slac_14	9.105610747864998e-05	Scil_16	0.00029457556499655637	Aque_17	0.0013070835008518582	Slac_10	0.000279452696191002	Aque_3	0.0	Aque_13	0.0	Scil_3	0.0022900446721653553	Scil_3	0.0012935506359073976	Scil_11	0.000740855131694712	Aque_20	0.0	Slac_28	0.00034946081684655524	Slac_25	0.00015430192361860236	Aque_25	8.691577465709364e-05	Aque_19	0.0	Slac_25	0.000523443306189603	Slac_19	0.0	Aque_2	0.0	Scil_26	0.003281868450424677	Slac_10	9.933714956257122e-05	Aque_16	0.0	Scil_3	9.105610747864998e-05	Aque_6	0.0	Scil_34	0.0023355881948925353	Scil_38	0.0004983206981512289	Aque_22	0.001123917803354932	Aque_21	0.0	Slac_15	0.0006753305986207646	Aque_12	0.0002528953314416318	Aque_22	0.0	Aque_4	0.0	Aque_19	0.0	Slac_14	0.0	Aque_20	0.0	Aque_15	0.0	Aque_4	0.0	Slac_19	0.00043813685736542876	Scil_34	0.00021305898241219716	Slac_14	0.0	Scil_34	0.0002189688498071078	Aque_4	0.0	Aque_23	0.0
Aque_4	3.692652956709498e-05	Aque_5	0.0	Slac_13	0.0	Scil_10	0.00259758917236513	Scil_15	0.002251711284226557	Slac_12	0.0	Scil_11	0.008326740754932907	Scil_11	0.00013592368542609672	Slac_16	0.0	Scil_35	0.004359739256567551	Scil_15	0.0013093621646569297	Slac_19	0.0	Scil_15	0.000279452696191002	Scil_5	0.0014281691336719405	Aque_20	0.0	Aque_21	0.0	Slac_15	0.0	Scil_35	0.00034596413815201385	Scil_17	0.004990424752909019	Aque_21	0.0	Slac_12	0.0	Aque_24	0.002195134491720003	Aque_21	0.0	Aque_21	0.0	Slac_24	0.0007440397173107242	Aque_20	0.0	Aque_1	0.00010399814328830015	Scil_10	0.00027696008219021116	Aque_20	0.0	Aque_5	0.0	Aque_7	0.0010757725245169887	Aque_21	0.0	Aque_20	0.0	Slac_20	0.0001940346220739221	Scil_36	0.0002687175370342825	Slac_26	0.000561192539696383	Scil_2	0.0009948418651045065	Aque_20	0.0	Scil_7	0.0008067910131735641	Aque_21	0.0	Slac_24	0.0008159881126931576	Aque_22	0.0010403595033478138	Aque_21	0.0003660535559789224	Scil_5	0.0020416846861420696	Aque_5	0.0	Aque_24	0.0010788269086757997	Aque_10	0.00041475463053109753	Aque_26	0.0	Slac_16	0.00019965607844958183	Aque_25	0.0001486583229600153	Scil_38	0.000818915086401263	Aque_5	0.0	Aque_13	0.0	Aque_9	0.001498994464937437	Aque_20	0.0	Scil_3	0.0002892532728859098	Scil_36	0.0008886374506192962	Aque_24	0.0002607758438282513	Aque_5	0.0	Aque_21	0.0	Aque_19	0.002030417835558305	Scil_26	0.0009252798906345417	Slac_25	0.0006376380493622574	Aque_21	0.0	Slac_11	0.00020135516752315427	Slac_20	0.00013421196173118974	Aque_21	5.335206716335376e-05	Aque_5	0.0	Slac_20	0.0003571227832136094	Slac_13	0.0	Aque_21	0.0	Slac_25	0.0022157805201661307	Aque_23	0.0	Aque_21	0.0	Aque_20	0.0	Aque_21	0.0	Aque_10	0.0022566842394155643	Slac_16	0.00040167134032208777	Slac_18	0.0009076142232350467	Aque_16	0.0	Slac_21	0.000512950432466948	Aque_21	0.0	Aque_21	0.0	Aque_5	0.0	Aque_20	0.0	Slac_16	0.0	Aque_21	0.0	Aque_20	0.0	Aque_5	0.0	Aque_12	0.0003852482301510486	Scil_31	0.0001957740781055674	Slac_12	0.0	Scil_38	0.00015387005254621232	Aque_5	0.0	Aque_24	0.0
Slac_11	0.0	Slac_2	0.0	Slac_26	0.0	Scil_5	0.002257897752975971	Slac_2	0.0021767951077217057	Slac_26	0.0	Scil_33	0.007277038241788989	Slac_11	0.0	Slac_25	0.0	Scil_33	0.003630879834448546	Slac_22	0.0011686116473428126	Slac_14	0.0	Scil_10	0.00018056716538701614	Scil_15	0.0011190318352239101	Aque_13	0.0	Aque_14	0.0	Slac_2	0.0	Scil_23	0.0001992233640220357	Aque_17	0.00474680249929926	Slac_24	0.0	Slac_26	0.0	Aque_13	0.00214903265124924	Slac_10	0.0	Aque_10	0.0	Scil_15	0.0006910504339588305	Aque_8	0.0	Aque_6	0.0	Scil_35	0.0001992219695912618	Aque_10	0.0	Aque_14	0.0	Scil_38	0.00045983316604243955	Aque_13	0.0	Slac_11	0.0	Aque_12	0.00010585179945511685	Scil_11	0.00020135516752315427	Slac_20	0.00047319288115186577	Scil_4	0.000946663288663737	Aque_8	0.0	Scil_1	0.0005009251657897121	Aque_1	0.0	Aque_12	0.0004577924461429591	Scil_31	0.0009621596832549338	Slac_24	0.0003343258128429168	Scil_32	0.0015616904540405878	Aque_14	0.0	Aque_23	0.000577542282297295	Aque_9	0.00033946523942465984	Aque_14	0.0	Scil_25	0.0001267738449852957	Aque_9	0.00012243955352313218	Slac_9	0.0007768287099767384	Aque_14	0.0	Aque_8	0.0	Aque_17	0.001127645729003548	Slac_11	0.0	Slac_11	0.0002704982935162716	Scil_34	0.0004500006262596823	Slac_18	0.00019531436276150997	Slac_0	0.0	Slac_11	0.0	Aque_22	0.0013019951908277072	Slac_10	0.0006546944170466912	Scil_4	0.0005771509356344701	Aque_14	0.0	Aque_25	0.00017004003509822916	Slac_18	0.00013406431171821372	Aque_8	0.0	Slac_11	0.0	Slac_28	0.000223252828472322	Slac_2	0.0	Slac_11	0.0	Scil_9	0.0019808672721127263	Aque_14	0.0	Slac_10	0.0	Slac_11	0.0	Aque_14	0.0	Aque_12	0.0016928338039169145	Scil_18	0.0003123509740542473	Slac_19	0.0006174912659259845	Slac_11	0.0	Slac_28	0.000385571894849858	Slac_11	0.0	Aque_14	0.0	Aque_14	0.0	Aque_8	0.0	Slac_26	0.0	Aque_11	0.0	Aque_8	0.0	Aque_14	0.0	Aque_16	0.0001267738449852957	Scil_30	0.00016875572406300238	Slac_25	0.0	Scil_24	0.00014986891969874408	Aque_14	0.0	Aque_14	0.0
Slac_10	0.0	Slac_22	0.0	Slac_24	0.0	Aque_11	0.002124052502467201	Scil_8	0.0018349425655764858	Slac_25	0.0	Scil_31	0.0068079398700836265	Slac_10	0.0	Slac_24	0.0	Aque_13	0.003279950424880942	Scil_4	0.0009936720381128188	Slac_13	0.0	Scil_5	0.0001728612477797074	Scil_34	0.0005348944350868158	Slac_10	0.0	Aque_13	0.0	Slac_22	0.0	Scil_15	0.00019531436276150997	Scil_11	0.004188563848541807	Slac_2	0.0	Slac_25	0.0	Scil_0	0.0017049536051867494	Aque_6	0.0	Aque_8	0.0	Scil_10	0.00010399814328830015	Aque_23	0.0	Aque_24	0.0	Slac_9	0.00015479310742968312	Aque_14	0.0	Aque_13	0.0	Aque_22	0.0002337983628983868	Aque_10	0.0	Slac_1	0.0	Aque_6	0.0	Aque_21	0.0001786816932863523	Aque_21	0.00024879890688156577	Scil_36	0.0006171533824006287	Aque_3	0.0	Aque_23	0.00024809877707359263	Aque_13	0.0	Slac_27	0.00029794950273959376	Scil_26	0.0008631412624146408	Slac_17	0.0002651541038725155	Slac_3	0.001448140068458347	Aque_13	0.0	Aque_19	0.00025964170727856093	Slac_13	0.0003393088411580457	Aque_13	0.0	Scil_4	8.760085047685234e-05	Scil_36	0.00011189605883438608	Scil_1	0.0006479145926198826	Aque_13	0.0	Aque_23	0.0	Aque_6	0.0008735143059677767	Aque_8	0.0	Slac_23	0.00022712393170043493	Aque_9	0.00032017955999024805	Slac_17	9.753716161733547e-05	Slac_25	0.0	Slac_10	0.0	Scil_38	0.001191398939544523	Scil_31	0.0005691043822738014	Scil_34	0.0005463918696675263	Aque_13	0.0	Slac_9	0.00013592368542609672	Slac_28	0.00012586514846771738	Aque_3	0.0	Slac_1	0.0	Slac_18	0.00014537771691942265	Slac_20	0.0	Slac_10	0.0	Scil_0	0.0019464779156262164	Aque_13	0.0	Aque_26	0.0	Slac_10	0.0	Aque_20	0.0	Scil_14	0.0015211875454066454	Slac_5	0.0002337983628983868	Slac_24	0.0004905356909261347	Aque_23	0.0	Slac_14	0.00038038434076872584	Slac_10	0.0	Aque_20	0.0	Aque_13	0.0	Aque_24	0.0	Slac_25	0.0	Aque_13	0.0	Aque_25	0.0	Aque_13	0.0	Aque_8	0.0	Slac_3	0.0001535379598830774	Slac_24	0.0	Scil_26	0.00010288267178979746	Aque_13	0.0	Aque_13	0.0
Slac_1	0.0	Slac_12	0.0	Slac_21	0.0	Scil_30	0.001401990154283811	Scil_33	0.0016278270829214133	Slac_24	0.0	Aque_21	0.005625087290423032	Slac_1	0.0	Slac_23	0.0	Aque_16	0.003134708160616748	Scil_28	0.0008072399859996131	Slac_28	0.0	Aque_23	9.933714956257122e-05	Scil_10	0.0005170906298283467	Slac_1	0.0	Aque_2	0.0	Slac_12	0.0	Scil_22	0.00014537771691942265	Scil_22	0.0034345893637075615	Slac_12	0.0	Slac_24	0.0	Aque_16	0.001406369907542487	Aque_22	0.0	Aque_23	0.0	Slac_19	8.819846974864138e-05	Aque_3	0.0	Aque_25	0.0	Scil_34	5.672323981960277e-05	Aque_13	0.0	Aque_12	0.0	Scil_2	0.0001811053973763723	Aque_14	0.0	Aque_8	0.0	Slac_10	0.0	Scil_26	0.00017109228673841125	Aque_25	0.000235802474485534	Scil_29	0.00043799720301298373	Aque_4	0.0	Aque_7	0.0002178765512401789	Slac_24	0.0	Aque_25	0.00028507423302625716	Scil_9	0.0007293952964451514	Slac_16	0.00019265879464003762	Scil_10	0.000977187854095712	Aque_12	0.0	Aque_8	0.0	Slac_21	0.0002766900888517395	Aque_12	0.0	Scil_26	4.489190785055545e-05	Scil_30	7.582281743191405e-05	Slac_19	0.0005417107655616505	Aque_12	0.0	Aque_26	0.0	Scil_10	0.0005314377306489017	Aque_3	0.0	Scil_33	0.00021936321751213927	Aque_16	0.0002133875946373327	Slac_25	3.573720458324163e-05	Slac_26	0.0	Slac_1	0.0	Aque_11	0.0007793901379513377	Scil_4	0.00035273400696735524	Scil_1	0.000504396191374116	Aque_12	0.0	Slac_13	0.00010116927089946672	Slac_21	0.00011805346032808849	Aque_4	0.0	Slac_15	0.0	Aque_20	0.00012147795677854351	Slac_21	0.0	Slac_1	0.0	Scil_29	0.0018994347389950186	Aque_12	0.0	Slac_21	0.0	Slac_1	0.0	Aque_2	0.0	Aque_15	0.0015176332255374373	Slac_6	0.00017689300348208708	Aque_24	0.00046011255078373095	Aque_25	0.0	Aque_22	0.0003123509740542473	Slac_1	0.0	Aque_2	0.0	Aque_12	0.0	Aque_3	0.0	Slac_24	0.0	Slac_1	0.0	Aque_3	0.0	Aque_12	0.0	Aque_25	0.0	Scil_3	0.00010921240366922342	Slac_20	0.0	Slac_1	0.0	Aque_12	0.0	Aque_12	0.0
Slac_0	0.0	Slac_14	0.0	Slac_27	0.0	Aque_21	0.0013431035170058502	Slac_6	0.0015106109007975018	Slac_23	0.0	Aque_1	0.005088999690277391	Slac_0	0.0	Slac_22	0.0	Scil_26	0.00277758958886471	Scil_3	0.0006702307855120196	Slac_27	0.0	Slac_0	0.0	Slac_4	0.00018249474958097417	Slac_0	0.0	Aque_19	0.0	Slac_14	0.0	Scil_10	0.0001372307116874868	Scil_2	0.002189566836518293	Slac_14	0.0	Slac_22	0.0	Scil_26	0.0013633610101350876	Aque_26	0.0	Aque_25	0.0	Aque_19	0.0	Aque_5	0.0	Aque_26	0.0	Aque_19	0.0	Slac_0	0.0	Aque_11	0.0	Scil_30	0.00015632811293370816	Slac_0	0.0	Aque_5	0.0	Aque_24	0.0	Slac_10	0.0	Slac_25	6.067862098681956e-05	Scil_27	0.0002447670893446258	Aque_5	0.0	Aque_9	0.00018339117660236382	Slac_25	0.0	Slac_10	0.0001728612477797074	Scil_38	0.0005379772399472136	Aque_26	0.0	Scil_15	0.0009499142047052055	Aque_19	0.0	Aque_16	0.0	Aque_8	7.164209713358622e-05	Aque_19	0.0	Aque_12	0.0	Aque_6	7.446641161039216e-05	Scil_26	0.00039320184524293145	Aque_19	0.0	Aque_5	0.0	Scil_38	0.0005033457594407025	Aque_5	0.0	Slac_25	0.00010602468818635638	Scil_38	0.00020160252700361205	Aque_21	0.0	Slac_22	0.0	Slac_0	0.0	Scil_37	0.0007240455442715573	Scil_6	0.0001965310442681807	Scil_5	0.0004577924461429591	Aque_19	0.0	Slac_19	8.953448248193093e-05	Aque_24	0.0	Aque_5	0.0	Slac_19	0.0	Slac_21	0.00011934439769384231	Slac_22	0.0	Slac_0	0.0	Slac_6	0.001498994464937437	Aque_11	0.0	Slac_17	0.0	Slac_0	0.0	Aque_19	0.0	Scil_23	0.0012997067672157526	Slac_24	0.00013397004630492942	Slac_25	0.00044011067252263834	Aque_26	0.0	Aque_23	0.00016200960392465777	Slac_0	0.0	Aque_19	0.0	Aque_19	0.0	Aque_5	0.0	Slac_22	0.0	Slac_0	0.0	Aque_5	0.0	Aque_11	0.0	Aque_24	0.0	Scil_6	0.00010163776404782919	Slac_21	0.0	Slac_10	0.0	Aque_19	0.0	Aque_11	0.0
Aque_24	0.0	Slac_15	0.0	Slac_4	0.0	Scil_7	0.001292549304249596	Scil_29	0.0012405588437670403	Slac_21	0.0	Aque_22	0.004437301923823489	Aque_6	0.0	Slac_20	0.0	Aque_6	0.002621946692698318	Scil_37	0.00040332573635116413	Slac_4	0.0	Slac_11	0.0	Scil_36	0.00017822298325376575	Aque_8	0.0	Aque_18	0.0	Slac_4	0.0	Scil_14	0.00013406431171821372	Aque_22	0.00111052527754443	Slac_15	0.0	Slac_20	0.0	Aque_10	0.0012486008861666547	Aque_25	0.0	Aque_26	0.0	Aque_14	0.0	Aque_13	0.0	Aque_16	0.0	Aque_14	0.0	Aque_8	0.0	Aque_18	0.0	Scil_32	0.0001207198526916556	Aque_26	0.0	Slac_13	0.0	Aque_25	0.0	Slac_11	0.0	Aque_1	0.0	Aque_25	0.0002040655290187281	Aque_13	0.0	Scil_24	9.165901631010662e-05	Slac_26	0.0	Slac_20	0.0001389784850155486	Aque_25	0.0003402697106397783	Aque_25	0.0	Scil_34	0.0007423053409060549	Aque_18	0.0	Aque_10	0.0	Aque_5	0.0	Aque_18	0.0	Aque_14	0.0	Aque_24	0.0	Slac_16	0.000364540624719768	Aque_18	0.0	Aque_25	0.0	Aque_0	0.00036441024266540997	Aque_15	0.0	Scil_24	0.00010189456697589968	Slac_11	0.0	Aque_6	0.0	Slac_20	0.0	Aque_24	0.0	Aque_16	0.0006734576047513262	Scil_27	0.00015627379148512854	Scil_27	0.00043803734215429357	Aque_18	0.0	Aque_8	0.0	Aque_6	0.0	Aque_22	0.0	Slac_22	0.0	Aque_24	6.166564657555665e-05	Slac_3	0.0	Aque_6	0.0	Scil_34	0.001325598640948816	Aque_18	0.0	Slac_25	0.0	Aque_6	0.0	Aque_18	0.0	Scil_37	0.0012668122576859754	Scil_10	0.00012433016914732467	Slac_26	0.0004310436093113332	Slac_24	0.0	Aque_25	6.811211612456648e-05	Aque_25	0.0	Aque_18	0.0	Aque_18	0.0	Aque_25	0.0	Slac_20	0.0	Aque_26	0.0	Aque_13	0.0	Aque_18	0.0	Aque_15	0.0	Aque_14	0.0	Slac_15	0.0	Aque_8	0.0	Aque_18	0.0	Aque_18	0.0
Aque_26	0.0	Slac_4	0.0	Slac_28	0.0	Scil_32	0.0007811616904018709	Slac_5	0.0010757725245169887	Slac_27	0.0	Aque_18	0.0024546823041520075	Aque_24	0.0	Slac_21	0.0	Aque_11	0.0018695459203514268	Scil_32	0.00027098401200340586	Slac_5	0.0	Slac_10	0.0	Slac_6	0.00014857520932492644	Aque_3	0.0	Aque_17	0.0	Slac_28	0.0	Aque_8	0.00011607059207258241	Scil_34	0.0010647114951771437	Slac_4	0.0	Slac_21	0.0	Aque_15	0.0011066823033942413	Slac_20	0.0	Slac_19	0.0	Aque_13	0.0	Aque_12	0.0	Aque_21	0.0	Aque_13	0.0	Aque_3	0.0	Aque_17	0.0	Slac_10	0.0	Aque_3	0.0	Slac_19	0.0	Aque_15	0.0	Aque_24	0.0	Aque_24	0.0	Aque_2	0.00018249474958097417	Slac_19	0.0	Slac_11	0.0	Slac_12	0.0	Aque_24	0.00011105961016668277	Scil_8	0.0003393088411580457	Aque_24	0.0	Scil_35	0.0006880510106199956	Aque_17	0.0	Aque_25	0.0	Aque_20	0.0	Aque_17	0.0	Aque_13	0.0	Slac_10	0.0	Slac_6	0.00036441024266540997	Aque_17	0.0	Aque_16	0.0	Aque_25	0.0002956794989685623	Aque_10	0.0	Slac_17	5.307853874566612e-05	Slac_10	0.0	Aque_22	0.0	Slac_18	0.0	Aque_26	0.0	Aque_25	0.00030737890281625657	Slac_16	3.692652956709498e-05	Scil_25	0.0003852482301510486	Aque_17	0.0	Aque_5	0.0	Aque_25	0.0	Aque_13	0.0	Slac_13	0.0	Aque_2	0.0	Slac_27	0.0	Aque_24	0.0	Slac_5	0.0011755396018533763	Aque_17	0.0	Slac_24	0.0	Aque_22	0.0	Aque_17	0.0	Aque_24	0.0005157459371368372	Aque_14	0.0	Slac_14	0.00037609437413852034	Slac_2	0.0	Aque_8	0.0	Aque_26	0.0	Aque_17	0.0	Aque_17	0.0	Aque_15	0.0	Slac_21	0.0	Aque_3	0.0	Aque_10	0.0	Aque_17	0.0	Aque_10	0.0	Aque_13	0.0	Slac_4	0.0	Aque_5	0.0	Aque_17	0.0	Aque_17	0.0
Aque_3	0.0	Slac_6	0.0	Slac_6	0.0	Aque_20	0.0006924469166060559	Scil_7	0.0009700522990703769	Slac_6	0.0	Scil_8	0.0022180585797195443	Aque_25	0.0	Slac_27	0.0	Aque_18	0.001448140068458347	Scil_27	0.00027085041714197255	Slac_7	0.0	Slac_1	0.0	Aque_12	0.0	Aque_4	0.0	Aque_16	0.0	Slac_6	0.0	Scil_26	0.0001101287151797933	Scil_8	0.0005928379788441077	Slac_6	0.0	Slac_27	0.0	Aque_8	0.0011002663271174153	Slac_16	0.0	Slac_13	0.0	Aque_12	0.0	Aque_15	0.0	Slac_25	0.0	Aque_12	0.0	Aque_4	0.0	Aque_16	0.0	Slac_1	0.0	Aque_4	0.0	Slac_27	0.0	Aque_22	0.0	Aque_2	0.0	Aque_11	0.0	Scil_26	0.00015737199395549092	Slac_13	0.0	Slac_1	0.0	Slac_14	0.0	Aque_6	0.0	Scil_33	0.000315821952799668	Slac_14	0.0	Scil_7	0.0004377083199745593	Aque_16	0.0	Aque_13	0.0	Slac_19	0.0	Aque_16	0.0	Aque_16	0.0	Slac_1	0.0	Scil_28	0.00034068327641923667	Aque_16	0.0	Aque_15	0.0	Aque_22	0.00017689300348208708	Slac_19	0.0	Aque_18	0.0	Slac_1	0.0	Aque_25	0.0	Slac_21	0.0	Aque_3	0.0	Scil_2	0.00027424216653924524	Aque_12	0.0	Scil_16	0.00037884908142634077	Aque_16	0.0	Aque_13	0.0	Aque_23	0.0	Aque_15	0.0	Slac_27	0.0	Aque_6	0.0	Slac_7	0.0	Aque_22	0.0	Scil_2	0.0009259454325618094	Aque_16	0.0	Slac_27	0.0	Aque_24	0.0	Aque_16	0.0	Aque_21	0.0003419891722821779	Aque_12	0.0	Slac_23	0.0002542606698815067	Slac_12	0.0	Aque_13	0.0	Aque_4	0.0	Aque_16	0.0	Aque_16	0.0	Slac_19	0.0	Slac_17	0.0	Aque_4	0.0	Slac_24	0.0	Aque_16	0.0	Aque_20	0.0	Aque_12	0.0	Slac_27	0.0	Aque_26	0.0	Aque_16	0.0	Aque_16	0.0
Aque_5	0.0	Slac_28	0.0	Slac_5	0.0	Aque_23	0.0006766697585387233	Scil_35	0.0009543847078915537	Slac_28	0.0	Scil_3	0.0019051607705025716	Aque_2	0.0	Slac_3	0.0	Scil_37	0.001413427764776369	Scil_16	0.00025405180216858724	Slac_8	0.0	Aque_5	0.0	Aque_19	0.0	Aque_5	0.0	Aque_15	0.0	Slac_27	0.0	Slac_10	0.0	Scil_26	0.0002839913052402616	Slac_27	0.0	Slac_3	0.0	Aque_14	0.00016739509462785292	Slac_18	0.0	Slac_27	0.0	Aque_15	0.0	Slac_19	0.0	Slac_21	0.0	Aque_15	0.0	Aque_5	0.0	Aque_15	0.0	Slac_0	0.0	Slac_12	0.0	Slac_7	0.0	Slac_25	0.0	Aque_20	0.0	Aque_20	0.0	Scil_3	0.00014321602752110106	Slac_27	0.0	Slac_10	0.0	Slac_13	0.0	Slac_25	0.0	Scil_3	0.00019742622947111366	Slac_18	0.0	Scil_28	0.0003864396346812133	Aque_15	0.0	Slac_19	0.0	Slac_27	0.0	Aque_15	0.0	Aque_15	0.0	Slac_0	0.0	Slac_11	0.0002895346451168054	Aque_15	0.0	Aque_20	0.0	Aque_2	0.00014857520932492644	Slac_27	0.0	Aque_19	0.0	Slac_0	0.0	Slac_21	0.0	Slac_27	0.0	Aque_5	0.0	Scil_31	0.0001749689034172623	Aque_13	0.0	Slac_22	0.0002528953314416318	Aque_15	0.0	Aque_20	0.0	Slac_16	0.0	Aque_20	0.0	Slac_5	0.0	Slac_16	0.0	Slac_8	0.0	Aque_26	0.0	Scil_30	0.0007703086967531097	Aque_15	0.0	Slac_28	0.0	Aque_21	0.0	Aque_15	0.0	Aque_16	0.0002799473133612448	Aque_13	0.0	Aque_12	0.00014577584058830294	Slac_28	0.0	Aque_5	0.0	Aque_5	0.0	Slac_23	0.0	Aque_15	0.0	Slac_27	0.0	Slac_27	0.0	Aque_5	0.0	Slac_14	0.0	Aque_15	0.0	Aque_5	0.0	Aque_19	0.0	Slac_28	0.0	Slac_0	0.0	Aque_15	0.0	Aque_15	0.0
Aque_17	0.0	Slac_5	0.0	Slac_9	0.0	Aque_22	0.0006246004909368952	Scil_2	0.0009033766619549081	Slac_8	0.0	Scil_26	0.0016674202532356418	Aque_1	0.0	Slac_28	0.0	Scil_4	0.0012862945394821151	Slac_16	0.00021947309878256473	Slac_9	0.0	Aque_13	0.0	Aque_10	0.0	Aque_25	0.0	Aque_10	0.0	Slac_5	0.0	Aque_13	0.0	Scil_0	0.00025735318896167713	Slac_5	0.0	Slac_28	0.0	Scil_34	0.0001124655860200062	Slac_25	0.0	Slac_9	0.0	Aque_10	0.0	Slac_9	0.0	Slac_28	0.0	Aque_10	0.0	Aque_23	0.0	Aque_10	0.0	Aque_11	0.0	Slac_2	0.0	Slac_9	0.0	Slac_28	0.0	Aque_11	0.0	Aque_6	0.0	Aque_6	0.00011499042388782318	Slac_9	0.0	Aque_13	0.0	Slac_2	0.0	Slac_28	0.0	Scil_11	0.00010116927089946672	Slac_28	0.0	Slac_7	0.00012162326594175418	Aque_10	0.0	Slac_25	0.0	Slac_9	0.0	Aque_10	0.0	Aque_10	0.0	Aque_11	0.0	Scil_36	8.652046728673283e-05	Aque_10	0.0	Slac_9	0.0	Slac_11	0.0	Slac_9	0.0	Aque_10	0.0	Aque_11	0.0	Slac_20	0.0	Slac_9	0.0	Aque_22	0.0	Scil_26	0.0001233489618426757	Aque_10	0.0	Scil_9	0.00022233360486010237	Aque_10	0.0	Slac_27	0.0	Slac_26	0.0	Slac_19	0.0	Slac_9	0.0	Slac_27	0.0	Slac_9	0.0	Aque_25	0.0	Slac_20	0.0006932786013778962	Aque_10	0.0	Slac_6	0.0	Aque_11	0.0	Aque_10	0.0	Scil_17	0.0002542606698815067	Aque_10	0.0	Aque_25	0.0	Slac_6	0.0	Slac_19	0.0	Aque_23	0.0	Slac_26	0.0	Aque_10	0.0	Slac_9	0.0	Slac_28	0.0	Aque_25	0.0	Slac_28	0.0	Aque_10	0.0	Slac_9	0.0	Aque_10	0.0	Slac_7	0.0	Aque_14	0.0	Aque_10	0.0	Aque_10	0.0
Aque_15	0.0	Scil_0	0.0	Scil_0	0.0	Aque_25	0.00047988064818928807	Slac_19	0.000877323052987157	Scil_0	0.0	Scil_6	0.0014149382144389672	Slac_2	0.0	Scil_0	0.0	Aque_19	0.0001535379598830774	Scil_26	0.00021133496965654335	Scil_0	0.0	Aque_15	0.0	Aque_1	0.0	Aque_23	0.0	Aque_1	0.0	Scil_0	0.0	Aque_10	0.0	Scil_33	0.0002139233202496546	Scil_0	0.0	Scil_0	0.0	Slac_10	0.0	Scil_0	0.0	Scil_0	0.0	Aque_1	0.0	Scil_0	0.0	Scil_0	0.0	Aque_1	0.0	Aque_26	0.0	Aque_1	0.0	Aque_1	0.0	Slac_20	0.0	Scil_0	0.0	Scil_0	0.0	Aque_1	0.0	Scil_0	0.0	Slac_10	0.0	Scil_0	0.0	Aque_11	0.0	Slac_20	0.0	Scil_0	0.0	Slac_11	0.0	Scil_0	0.0	Slac_8	8.902050994536824e-05	Aque_1	0.0	Scil_0	0.0	Scil_0	0.0	Aque_1	0.0	Aque_1	0.0	Aque_12	0.0	Aque_10	0.0	Aque_1	0.0	Scil_0	0.0	Slac_10	0.0	Scil_0	0.0	Aque_1	0.0	Aque_1	0.0	Scil_0	0.0	Scil_0	0.0	Aque_23	0.0	Scil_0	0.00011221457900450888	Aque_1	0.0	Scil_17	0.00014577584058830294	Aque_1	0.0	Scil_0	0.0	Scil_0	0.0	Scil_0	0.0	Scil_0	0.0	Scil_0	0.0	Scil_0	0.0	Slac_2	0.0	Scil_36	0.0006722118919894402	Aque_1	0.0	Scil_0	0.0	Aque_12	0.0	Aque_13	0.0	Aque_17	0.00022712393170043493	Aque_1	0.0	Scil_0	0.0	Scil_0	0.0	Scil_0	0.0	Aque_24	0.0	Slac_25	0.0	Aque_1	0.0	Scil_0	0.0	Scil_0	0.0	Aque_24	0.0	Scil_0	0.0	Aque_1	0.0	Scil_0	0.0	Aque_1	0.0	Scil_0	0.0	Aque_13	0.0	Aque_1	0.0	Aque_1	0.0
Aque_13	0.0	Scil_1	0.0	Scil_1	0.0	Scil_21	0.0002651541038725155	Scil_27	0.0007279824983477414	Scil_1	0.0	Scil_37	0.0005773310925848262	Slac_14	0.0	Scil_1	0.0	Aque_15	0.0	Slac_25	0.00019290342806632554	Scil_1	0.0	Aque_17	0.0	Aque_0	0.0	Aque_26	0.0	Aque_12	0.0	Scil_1	0.0	Slac_1	0.0	Scil_36	0.00013750834314811398	Scil_1	0.0	Scil_1	0.0	Slac_1	0.0	Scil_1	0.0	Scil_1	0.0	Aque_0	0.0	Scil_1	0.0	Scil_1	0.0	Aque_0	0.0	Aque_12	0.0	Aque_0	0.0	Aque_2	0.0	Slac_14	0.0	Scil_1	0.0	Scil_1	0.0	Slac_1	0.0	Scil_1	0.0	Slac_1	0.0	Scil_1	0.0	Aque_0	0.0	Slac_21	0.0	Scil_1	0.0	Slac_1	0.0	Scil_1	0.0	Slac_19	8.67954187979903e-05	Aque_0	0.0	Scil_1	0.0	Scil_1	0.0	Aque_0	0.0	Aque_0	0.0	Aque_0	0.0	Aque_0	0.0	Aque_0	0.0	Scil_1	0.0	Slac_1	0.0	Scil_1	0.0	Aque_12	0.0	Aque_2	0.0	Scil_1	0.0	Scil_1	0.0	Aque_20	0.0	Aque_18	8.902050994536824e-05	Aque_0	0.0	Scil_31	0.0001224703107704194	Aque_0	0.0	Scil_1	0.0	Scil_1	0.0	Scil_1	0.0	Scil_1	0.0	Scil_1	0.0	Scil_1	0.0	Slac_21	0.0	Scil_16	0.0006101721690847833	Aque_0	0.0	Scil_1	0.0	Aque_0	0.0	Aque_12	0.0	Scil_36	7.89764752385884e-05	Aque_0	0.0	Scil_1	0.0	Scil_1	0.0	Scil_1	0.0	Aque_20	0.0	Slac_24	0.0	Aque_0	0.0	Scil_1	0.0	Scil_1	0.0	Aque_0	0.0	Scil_1	0.0	Aque_0	0.0	Scil_1	0.0	Aque_0	0.0	Scil_1	0.0	Aque_10	0.0	Aque_0	0.0	Aque_0	0.0
Aque_10	0.0	Scil_10	0.0	Scil_10	0.0	Scil_14	0.00021387570520787716	Scil_36	0.0006829856728749977	Scil_10	0.0	Scil_0	0.00014375782652440764	Slac_15	0.0	Scil_10	0.0	Aque_10	0.0	Scil_20	0.00017037638585720607	Scil_10	0.0	Aque_20	0.0	Aque_11	0.0	Aque_10	0.0	Slac_24	0.0	Scil_10	0.0	Slac_0	0.0	Scil_29	0.0001265327331039511	Scil_10	0.0	Scil_10	0.0	Slac_0	0.0	Scil_10	0.0	Scil_10	0.0	Aque_11	0.0	Scil_10	0.0	Scil_10	0.0	Aque_11	0.0	Aque_15	0.0	Aque_22	0.0	Aque_0	0.0	Slac_15	0.0	Scil_10	0.0	Scil_10	0.0	Slac_0	0.0	Scil_10	0.0	Slac_0	0.0	Scil_10	0.0	Slac_0	0.0	Slac_15	0.0	Scil_10	0.0	Slac_10	0.0	Scil_10	0.0	Scil_36	6.82017072762789e-05	Aque_11	0.0	Scil_10	0.0	Scil_10	0.0	Aque_11	0.0	Aque_11	0.0	Aque_1	0.0	Aque_1	0.0	Aque_11	0.0	Scil_10	0.0	Slac_0	0.0	Scil_10	0.0	Aque_11	0.0	Aque_0	0.0	Scil_10	0.0	Scil_10	0.0	Slac_2	0.0	Aque_10	0.0	Aque_11	0.0	Scil_7	0.00010585179945511685	Aque_11	0.0	Scil_10	0.0	Scil_10	0.0	Scil_10	0.0	Scil_10	0.0	Scil_10	0.0	Scil_10	0.0	Slac_20	0.0	Scil_33	0.0004326262576946168	Aque_22	0.0	Scil_10	0.0	Aque_1	0.0	Aque_11	0.0	Aque_20	0.0	Aque_11	0.0	Scil_10	0.0	Scil_10	0.0	Scil_10	0.0	Aque_15	0.0	Slac_2	0.0	Aque_11	0.0	Scil_10	0.0	Scil_10	0.0	Aque_10	0.0	Scil_10	0.0	Aque_22	0.0	Scil_10	0.0	Aque_11	0.0	Scil_10	0.0	Aque_15	0.0	Aque_11	0.0	Aque_22	0.0
Aque_19	0.0	Scil_11	0.0	Scil_11	0.0	Scil_15	9.753716161733547e-05	Scil_34	0.0004586642700985545	Scil_11	0.0	Aque_6	0.0	Slac_16	0.0	Scil_11	0.0	Aque_8	0.0	Slac_0	0.00016739509462785292	Scil_11	0.0	Aque_24	0.0	Aque_18	0.0	Aque_15	0.0	Slac_26	0.0	Scil_11	0.0	Aque_4	0.0	Aque_18	0.00012162326594175418	Scil_11	0.0	Scil_11	0.0	Aque_5	0.0	Scil_11	0.0	Scil_11	0.0	Aque_18	0.0	Scil_11	0.0	Scil_11	0.0	Aque_18	0.0	Slac_2	0.0	Aque_19	0.0	Aque_6	0.0	Slac_16	0.0	Scil_11	0.0	Scil_11	0.0	Aque_25	0.0	Scil_11	0.0	Aque_24	0.0	Scil_11	0.0	Aque_26	0.0	Slac_16	0.0	Scil_11	0.0	Aque_6	0.0	Scil_11	0.0	Aque_10	0.0	Aque_22	0.0	Scil_11	0.0	Scil_11	0.0	Aque_22	0.0	Aque_18	0.0	Aque_2	0.0	Aque_18	0.0	Aque_22	0.0	Scil_11	0.0	Aque_24	0.0	Scil_11	0.0	Aque_0	0.0	Aque_22	0.0	Scil_11	0.0	Scil_11	0.0	Slac_12	0.0	Aque_6	0.0	Aque_18	0.0	Scil_26	8.315546072334347e-05	Aque_22	0.0	Scil_11	0.0	Scil_11	0.0	Scil_11	0.0	Scil_11	0.0	Scil_11	0.0	Scil_11	0.0	Slac_12	0.0	Scil_8	0.00033946523942465984	Aque_19	0.0	Scil_11	0.0	Aque_16	0.0	Aque_0	0.0	Aque_25	0.0	Aque_18	0.0	Scil_11	0.0	Scil_11	0.0	Scil_11	0.0	Aque_17	0.0	Slac_14	0.0	Aque_22	0.0	Scil_11	0.0	Scil_11	0.0	Aque_17	0.0	Scil_11	0.0	Aque_19	0.0	Scil_11	0.0	Aque_18	0.0	Scil_11	0.0	Aque_17	0.0	Aque_22	0.0	Aque_19	0.0
Aque_20	0.0	Scil_12	0.0	Scil_12	0.0	Scil_35	6.344807066919933e-05	Scil_13	0.0004544811457850558	Scil_12	0.0	Aque_24	0.0	Slac_20	0.0	Scil_12	0.0	Aque_5	0.0	Slac_19	8.872665397344825e-05	Scil_12	0.0	Aque_26	0.0	Aque_17	0.0	Aque_16	0.0	Slac_25	0.0	Scil_12	0.0	Aque_3	0.0	Aque_20	0.0	Scil_12	0.0	Scil_12	0.0	Aque_17	0.0	Scil_12	0.0	Scil_12	0.0	Aque_17	0.0	Scil_12	0.0	Scil_12	0.0	Aque_17	0.0	Slac_20	0.0	Aque_2	0.0	Aque_24	0.0	Slac_17	0.0	Scil_12	0.0	Scil_12	0.0	Slac_13	0.0	Scil_12	0.0	Aque_1	0.0	Scil_12	0.0	Aque_5	0.0	Slac_17	0.0	Scil_12	0.0	Aque_24	0.0	Scil_12	0.0	Aque_1	0.0	Aque_2	0.0	Scil_12	0.0	Scil_12	0.0	Aque_2	0.0	Aque_17	0.0	Aque_22	0.0	Aque_17	0.0	Aque_2	0.0	Scil_12	0.0	Aque_1	0.0	Scil_12	0.0	Aque_17	0.0	Aque_25	0.0	Scil_12	0.0	Scil_12	0.0	Slac_13	0.0	Aque_5	0.0	Aque_17	0.0	Aque_10	0.0	Aque_2	0.0	Scil_12	0.0	Scil_12	0.0	Scil_12	0.0	Scil_12	0.0	Scil_12	0.0	Scil_12	0.0	Slac_13	0.0	Slac_2	0.00032017955999024805	Aque_2	0.0	Scil_12	0.0	Aque_2	0.0	Aque_1	0.0	Aque_23	0.0	Aque_17	0.0	Scil_12	0.0	Scil_12	0.0	Scil_12	0.0	Aque_19	0.0	Slac_12	0.0	Aque_2	0.0	Scil_12	0.0	Scil_12	0.0	Slac_13	0.0	Scil_12	0.0	Aque_2	0.0	Scil_12	0.0	Aque_17	0.0	Scil_12	0.0	Aque_19	0.0	Aque_2	0.0	Aque_2	0.0
Slac_14	0.0	Scil_13	0.0	Scil_13	0.0	Aque_17	5.307853874566612e-05	Slac_15	0.00044325569328759263	Scil_13	0.0	Slac_1	0.0	Slac_12	0.0	Scil_13	0.0	Aque_3	0.0	Aque_0	0.0	Scil_13	0.0	Aque_3	0.0	Aque_16	0.0	Slac_12	0.0	Slac_16	0.0	Scil_13	0.0	Aque_5	0.0	Aque_5	0.0	Scil_13	0.0	Scil_13	0.0	Aque_19	0.0	Scil_13	0.0	Scil_13	0.0	Aque_16	0.0	Scil_13	0.0	Scil_13	0.0	Aque_16	0.0	Slac_12	0.0	Aque_20	0.0	Aque_25	0.0	Slac_18	0.0	Scil_13	0.0	Scil_13	0.0	Slac_2	0.0	Scil_13	0.0	Aque_11	0.0	Scil_13	0.0	Aque_15	0.0	Slac_18	0.0	Scil_13	0.0	Aque_18	0.0	Scil_13	0.0	Aque_0	0.0	Aque_20	0.0	Scil_13	0.0	Scil_13	0.0	Aque_20	0.0	Aque_20	0.0	Aque_26	0.0	Aque_16	0.0	Aque_20	0.0	Scil_13	0.0	Aque_11	0.0	Scil_13	0.0	Aque_16	0.0	Aque_24	0.0	Scil_13	0.0	Scil_13	0.0	Slac_14	0.0	Aque_24	0.0	Aque_16	0.0	Aque_0	0.0	Slac_2	0.0	Scil_13	0.0	Scil_13	0.0	Scil_13	0.0	Scil_13	0.0	Scil_13	0.0	Scil_13	0.0	Slac_14	0.0	Slac_12	0.00018339117660236382	Aque_20	0.0	Scil_13	0.0	Slac_2	0.0	Aque_22	0.0	Aque_26	0.0	Aque_16	0.0	Scil_13	0.0	Scil_13	0.0	Scil_13	0.0	Slac_2	0.0	Slac_16	0.0	Aque_20	0.0	Scil_13	0.0	Scil_13	0.0	Slac_2	0.0	Scil_13	0.0	Aque_20	0.0	Scil_13	0.0	Aque_16	0.0	Scil_13	0.0	Aque_2	0.0	Aque_20	0.0	Aque_20	0.0
Slac_12	0.0	Scil_14	0.0	Scil_14	0.0	Aque_13	0.0	Scil_1	0.00036356754765151894	Scil_14	0.0	Slac_0	0.0	Slac_13	0.0	Scil_14	0.0	Aque_20	0.0	Aque_1	0.0	Scil_14	0.0	Slac_12	0.0	Aque_15	0.0	Slac_13	0.0	Slac_12	0.0	Scil_14	0.0	Aque_20	0.0	Slac_0	0.0	Scil_14	0.0	Scil_14	0.0	Aque_20	0.0	Scil_14	0.0	Scil_14	0.0	Aque_21	0.0	Scil_14	0.0	Scil_14	0.0	Aque_21	0.0	Slac_13	0.0	Aque_21	0.0	Aque_21	0.0	Slac_13	0.0	Scil_14	0.0	Scil_14	0.0	Slac_12	0.0	Scil_14	0.0	Aque_21	0.0	Scil_14	0.0	Aque_20	0.0	Slac_19	0.0	Scil_14	0.0	Slac_0	0.0	Scil_14	0.0	Aque_15	0.0	Aque_21	0.0	Scil_14	0.0	Scil_14	0.0	Aque_21	0.0	Aque_21	0.0	Aque_21	0.0	Aque_15	0.0	Aque_21	0.0	Scil_14	0.0	Aque_20	0.0	Scil_14	0.0	Aque_15	0.0	Aque_20	0.0	Scil_14	0.0	Scil_14	0.0	Slac_15	0.0	Aque_20	0.0	Aque_15	0.0	Aque_1	0.0	Slac_24	0.0	Scil_14	0.0	Scil_14	0.0	Scil_14	0.0	Scil_14	0.0	Scil_14	0.0	Scil_14	0.0	Slac_15	0.0	Slac_14	0.00014101603497631172	Aque_21	0.0	Scil_14	0.0	Slac_12	0.0	Slac_16	0.0	Aque_5	0.0	Aque_15	0.0	Scil_14	0.0	Scil_14	0.0	Scil_14	0.0	Slac_12	0.0	Slac_18	0.0	Aque_21	0.0	Scil_14	0.0	Scil_14	0.0	Slac_12	0.0	Scil_14	0.0	Aque_21	0.0	Scil_14	0.0	Aque_15	0.0	Scil_14	0.0	Aque_20	0.0	Aque_21	0.0	Aque_21	0.0
Scil_14	0.0	Scil_15	0.0	Scil_15	0.0	Slac_11	0.0	Slac_12	0.0002178765512401789	Scil_15	0.0	Slac_11	0.0	Scil_0	0.0	Scil_15	0.0	Slac_11	0.0	Aque_6	0.0	Scil_15	0.0	Slac_9	0.0	Slac_11	0.0	Slac_9	0.0	Scil_13	0.0	Scil_15	0.0	Slac_11	0.0	Slac_11	0.0	Scil_15	0.0	Scil_15	0.0	Slac_11	0.0	Scil_15	0.0	Scil_15	0.0	Slac_11	0.0	Scil_15	0.0	Scil_15	0.0	Slac_11	0.0	Slac_9	0.0	Aque_6	0.0	Slac_11	0.0	Slac_9	0.0	Scil_15	0.0	Scil_15	0.0	Slac_9	0.0	Scil_15	0.0	Slac_11	0.0	Scil_15	0.0	Slac_9	0.0	Scil_11	0.0	Scil_15	0.0	Scil_0	0.0	Scil_15	0.0	Aque_6	0.0	Slac_10	0.0	Scil_15	0.0	Scil_15	0.0	Slac_1	0.0	Aque_6	0.0	Slac_11	0.0	Aque_6	0.0	Slac_10	0.0	Scil_15	0.0	Slac_9	0.0	Scil_15	0.0	Slac_10	0.0	Slac_9	0.0	Scil_15	0.0	Scil_15	0.0	Scil_12	0.0	Slac_11	0.0	Aque_6	0.0	Aque_6	0.0	Scil_14	0.0	Scil_15	0.0	Scil_15	0.0	Scil_15	0.0	Scil_15	0.0	Scil_15	0.0	Scil_15	0.0	Scil_13	0.0	Slac_15	0.00012243955352313218	Aque_6	0.0	Scil_15	0.0	Slac_9	0.0	Scil_14	0.0	Slac_11	0.0	Aque_6	0.0	Scil_15	0.0	Scil_15	0.0	Scil_15	0.0	Slac_9	0.0	Scil_13	0.0	Slac_10	0.0	Scil_15	0.0	Scil_15	0.0	Slac_9	0.0	Scil_15	0.0	Aque_6	0.0	Scil_15	0.0	Slac_0	0.0	Scil_15	0.0	Slac_11	0.0	Slac_10	0.0	Aque_6	0.0
Scil_1	0.0	Scil_16	0.0	Scil_16	0.0	Slac_10	0.0	Slac_14	0.0001014126701470831	Scil_16	0.0	Slac_10	0.0	Slac_9	0.0	Scil_16	0.0	Slac_10	0.0	Aque_7	0.0	Scil_16	0.0	Scil_1	0.0	Aque_7	0.0	Scil_1	0.0	Scil_11	0.0	Scil_16	0.0	Scil_1	0.0	Slac_10	0.0	Scil_16	0.0	Scil_16	0.0	Slac_9	0.0	Scil_16	0.0	Scil_16	0.0	Aque_7	0.0	Scil_16	0.0	Scil_16	0.0	Aque_7	0.0	Scil_10	0.0	Aque_7	0.0	Slac_9	0.0	Scil_10	0.0	Scil_16	0.0	Scil_16	0.0	Slac_28	0.0	Scil_16	0.0	Slac_9	0.0	Scil_16	0.0	Slac_28	0.0	Slac_9	0.0	Scil_16	0.0	Slac_9	0.0	Scil_16	0.0	Aque_7	0.0	Aque_7	0.0	Scil_16	0.0	Scil_16	0.0	Aque_7	0.0	Aque_7	0.0	Slac_9	0.0	Aque_7	0.0	Aque_7	0.0	Scil_16	0.0	Slac_28	0.0	Scil_16	0.0	Slac_0	0.0	Slac_28	0.0	Scil_16	0.0	Scil_16	0.0	Slac_9	0.0	Slac_10	0.0	Aque_7	0.0	Aque_7	0.0	Scil_12	0.0	Scil_16	0.0	Scil_16	0.0	Scil_16	0.0	Scil_16	0.0	Scil_16	0.0	Scil_16	0.0	Scil_12	0.0	Aque_6	0.0	Aque_7	0.0	Scil_16	0.0	Slac_28	0.0	Slac_9	0.0	Slac_10	0.0	Aque_7	0.0	Scil_16	0.0	Scil_16	0.0	Scil_16	0.0	Slac_28	0.0	Scil_11	0.0	Aque_7	0.0	Scil_16	0.0	Scil_16	0.0	Slac_28	0.0	Scil_16	0.0	Aque_7	0.0	Scil_16	0.0	Aque_7	0.0	Scil_16	0.0	Slac_9	0.0	Scil_1	0.0	Aque_7	0.0
Slac_9	0.0	Scil_17	0.0	Scil_17	0.0	Slac_1	0.0	Aque_8	0.0	Scil_17	0.0	Slac_9	0.0	Slac_3	0.0	Scil_17	0.0	Slac_1	0.0	Aque_8	0.0	Scil_17	0.0	Slac_3	0.0	Aque_8	0.0	Slac_3	0.0	Scil_0	0.0	Scil_17	0.0	Slac_9	0.0	Slac_1	0.0	Scil_17	0.0	Scil_17	0.0	Slac_3	0.0	Scil_17	0.0	Scil_17	0.0	Aque_8	0.0	Scil_17	0.0	Scil_17	0.0	Aque_8	0.0	Slac_3	0.0	Aque_8	0.0	Slac_3	0.0	Slac_3	0.0	Scil_17	0.0	Scil_17	0.0	Slac_3	0.0	Scil_17	0.0	Slac_3	0.0	Scil_17	0.0	Slac_3	0.0	Scil_0	0.0	Scil_17	0.0	Slac_3	0.0	Scil_17	0.0	Aque_8	0.0	Aque_8	0.0	Scil_17	0.0	Scil_17	0.0	Aque_8	0.0	Aque_8	0.0	Slac_3	0.0	Aque_8	0.0	Scil_11	0.0	Scil_17	0.0	Slac_3	0.0	Scil_17	0.0	Aque_8	0.0	Slac_3	0.0	Scil_17	0.0	Scil_17	0.0	Scil_1	0.0	Slac_1	0.0	Aque_8	0.0	Aque_8	0.0	Scil_1	0.0	Scil_17	0.0	Scil_17	0.0	Scil_17	0.0	Scil_17	0.0	Scil_17	0.0	Scil_17	0.0	Scil_0	0.0	Aque_8	0.0	Aque_8	0.0	Scil_17	0.0	Slac_3	0.0	Scil_1	0.0	Slac_1	0.0	Aque_8	0.0	Scil_17	0.0	Scil_17	0.0	Scil_17	0.0	Slac_3	0.0	Scil_0	0.0	Aque_8	0.0	Scil_17	0.0	Scil_17	0.0	Slac_3	0.0	Scil_17	0.0	Aque_8	0.0	Scil_17	0.0	Aque_8	0.0	Scil_17	0.0	Scil_14	0.0	Slac_27	0.0	Aque_8	0.0
Slac_4	0.0	Scil_18	0.0	Scil_18	0.0	Slac_0	0.0	Aque_7	0.0	Scil_18	0.0	Slac_4	0.0	Slac_4	0.0	Scil_18	0.0	Slac_0	0.0	Aque_9	0.0	Scil_18	0.0	Slac_4	0.0	Aque_9	0.0	Slac_4	0.0	Slac_27	0.0	Scil_18	0.0	Slac_4	0.0	Slac_9	0.0	Scil_18	0.0	Scil_18	0.0	Slac_4	0.0	Scil_18	0.0	Scil_18	0.0	Aque_9	0.0	Scil_18	0.0	Scil_18	0.0	Aque_9	0.0	Slac_4	0.0	Aque_9	0.0	Slac_4	0.0	Slac_4	0.0	Scil_18	0.0	Scil_18	0.0	Slac_4	0.0	Scil_18	0.0	Slac_4	0.0	Scil_18	0.0	Slac_4	0.0	Slac_4	0.0	Scil_18	0.0	Slac_4	0.0	Scil_18	0.0	Aque_9	0.0	Aque_9	0.0	Scil_18	0.0	Scil_18	0.0	Aque_9	0.0	Aque_9	0.0	Slac_4	0.0	Aque_9	0.0	Scil_12	0.0	Scil_18	0.0	Slac_4	0.0	Scil_18	0.0	Aque_9	0.0	Slac_4	0.0	Scil_18	0.0	Scil_18	0.0	Scil_10	0.0	Slac_0	0.0	Aque_9	0.0	Aque_9	0.0	Scil_10	0.0	Scil_18	0.0	Scil_18	0.0	Scil_18	0.0	Scil_18	0.0	Scil_18	0.0	Scil_18	0.0	Slac_9	0.0	Aque_7	0.0	Aque_9	0.0	Scil_18	0.0	Slac_4	0.0	Scil_10	0.0	Slac_0	0.0	Aque_9	0.0	Scil_18	0.0	Scil_18	0.0	Scil_18	0.0	Slac_4	0.0	Slac_27	0.0	Aque_9	0.0	Scil_18	0.0	Scil_18	0.0	Slac_4	0.0	Scil_18	0.0	Aque_9	0.0	Scil_18	0.0	Aque_9	0.0	Scil_18	0.0	Slac_4	0.0	Scil_10	0.0	Aque_9	0.0
Slac_5	0.0	Scil_19	0.0	Scil_19	0.0	Slac_9	0.0	Aque_6	0.0	Scil_19	0.0	Slac_5	0.0	Slac_5	0.0	Scil_19	0.0	Slac_9	0.0	Aque_26	0.0	Scil_19	0.0	Slac_5	0.0	Aque_6	0.0	Slac_5	0.0	Slac_3	0.0	Scil_19	0.0	Slac_5	0.0	Slac_5	0.0	Scil_19	0.0	Scil_19	0.0	Slac_5	0.0	Scil_19	0.0	Scil_19	0.0	Aque_6	0.0	Scil_19	0.0	Scil_19	0.0	Aque_6	0.0	Slac_5	0.0	Aque_26	0.0	Slac_5	0.0	Slac_5	0.0	Scil_19	0.0	Scil_19	0.0	Slac_5	0.0	Scil_19	0.0	Slac_5	0.0	Scil_19	0.0	Slac_5	0.0	Slac_5	0.0	Scil_19	0.0	Slac_5	0.0	Scil_19	0.0	Aque_26	0.0	Aque_6	0.0	Scil_19	0.0	Scil_19	0.0	Aque_6	0.0	Aque_26	0.0	Slac_5	0.0	Aque_26	0.0	Slac_27	0.0	Scil_19	0.0	Slac_5	0.0	Scil_19	0.0	Aque_7	0.0	Slac_5	0.0	Scil_19	0.0	Scil_19	0.0	Slac_5	0.0	Slac_9	0.0	Aque_26	0.0	Aque_26	0.0	Slac_9	0.0	Scil_19	0.0	Scil_19	0.0	Scil_19	0.0	Scil_19	0.0	Scil_19	0.0	Scil_19	0.0	Slac_5	0.0	Aque_26	0.0	Aque_26	0.0	Scil_19	0.0	Slac_5	0.0	Slac_4	0.0	Aque_8	0.0	Aque_26	0.0	Scil_19	0.0	Scil_19	0.0	Scil_19	0.0	Slac_5	0.0	Slac_3	0.0	Aque_6	0.0	Scil_19	0.0	Scil_19	0.0	Slac_5	0.0	Scil_19	0.0	Aque_26	0.0	Scil_19	0.0	Aque_6	0.0	Scil_19	0.0	Slac_5	0.0	Slac_23	0.0	Aque_26	0.0
Slac_6	0.0	Scil_2	0.0	Scil_2	0.0	Slac_6	0.0	Aque_3	0.0	Scil_2	0.0	Slac_6	0.0	Slac_6	0.0	Scil_2	0.0	Slac_6	0.0	Aque_3	0.0	Scil_2	0.0	Slac_6	0.0	Aque_3	0.0	Slac_6	0.0	Slac_28	0.0	Scil_2	0.0	Slac_6	0.0	Slac_6	0.0	Scil_2	0.0	Scil_2	0.0	Slac_6	0.0	Scil_2	0.0	Scil_2	0.0	Aque_3	0.0	Scil_2	0.0	Scil_2	0.0	Aque_3	0.0	Slac_6	0.0	Scil_12	0.0	Slac_6	0.0	Slac_6	0.0	Scil_2	0.0	Scil_2	0.0	Slac_6	0.0	Scil_2	0.0	Slac_6	0.0	Scil_2	0.0	Slac_6	0.0	Slac_6	0.0	Scil_2	0.0	Slac_6	0.0	Scil_2	0.0	Aque_3	0.0	Aque_3	0.0	Scil_2	0.0	Scil_2	0.0	Aque_3	0.0	Aque_3	0.0	Slac_6	0.0	Aque_3	0.0	Slac_28	0.0	Scil_2	0.0	Slac_6	0.0	Scil_2	0.0	Aque_6	0.0	Slac_6	0.0	Scil_2	0.0	Scil_2	0.0	Slac_6	0.0	Slac_6	0.0	Aque_3	0.0	Aque_3	0.0	Slac_5	0.0	Scil_2	0.0	Scil_2	0.0	Scil_2	0.0	Scil_2	0.0	Scil_2	0.0	Scil_2	0.0	Slac_6	0.0	Aque_3	0.0	Aque_3	0.0	Scil_2	0.0	Slac_6	0.0	Slac_5	0.0	Slac_9	0.0	Aque_3	0.0	Scil_2	0.0	Scil_2	0.0	Scil_2	0.0	Slac_6	0.0	Slac_6	0.0	Aque_3	0.0	Scil_2	0.0	Scil_2	0.0	Slac_6	0.0	Scil_2	0.0	Aque_3	0.0	Scil_2	0.0	Aque_3	0.0	Scil_2	0.0	Slac_6	0.0	Slac_15	0.0	Aque_3	0.0
Slac_7	0.0	Scil_20	0.0	Scil_20	0.0	Slac_7	0.0	Aque_4	0.0	Scil_20	0.0	Slac_7	0.0	Slac_7	0.0	Scil_20	0.0	Slac_7	0.0	Aque_4	0.0	Scil_20	0.0	Slac_7	0.0	Aque_4	0.0	Slac_7	0.0	Slac_7	0.0	Scil_20	0.0	Slac_7	0.0	Slac_7	0.0	Scil_20	0.0	Scil_20	0.0	Slac_7	0.0	Scil_20	0.0	Scil_20	0.0	Aque_4	0.0	Scil_20	0.0	Scil_20	0.0	Aque_4	0.0	Slac_7	0.0	Scil_13	0.0	Slac_7	0.0	Slac_7	0.0	Scil_20	0.0	Scil_20	0.0	Slac_7	0.0	Scil_20	0.0	Slac_7	0.0	Scil_20	0.0	Slac_7	0.0	Slac_7	0.0	Scil_20	0.0	Slac_7	0.0	Scil_20	0.0	Aque_4	0.0	Slac_27	0.0	Scil_20	0.0	Scil_20	0.0	Aque_4	0.0	Aque_4	0.0	Slac_7	0.0	Aque_4	0.0	Slac_25	0.0	Scil_20	0.0	Slac_7	0.0	Scil_20	0.0	Aque_4	0.0	Slac_7	0.0	Scil_20	0.0	Scil_20	0.0	Slac_7	0.0	Slac_7	0.0	Aque_4	0.0	Aque_4	0.0	Slac_28	0.0	Scil_20	0.0	Scil_20	0.0	Scil_20	0.0	Scil_20	0.0	Scil_20	0.0	Scil_20	0.0	Slac_7	0.0	Aque_4	0.0	Aque_4	0.0	Scil_20	0.0	Slac_7	0.0	Slac_6	0.0	Slac_7	0.0	Aque_4	0.0	Scil_20	0.0	Scil_20	0.0	Scil_20	0.0	Slac_7	0.0	Slac_7	0.0	Slac_3	0.0	Scil_20	0.0	Scil_20	0.0	Slac_7	0.0	Scil_20	0.0	Slac_27	0.0	Scil_20	0.0	Aque_4	0.0	Scil_20	0.0	Slac_7	0.0	Slac_16	0.0	Aque_4	0.0
Slac_8	0.0	Scil_21	0.0	Scil_21	0.0	Slac_8	0.0	Aque_5	0.0	Scil_21	0.0	Slac_8	0.0	Slac_8	0.0	Scil_21	0.0	Slac_8	0.0	Aque_5	0.0	Scil_21	0.0	Slac_8	0.0	Aque_5	0.0	Slac_8	0.0	Slac_8	0.0	Scil_21	0.0	Slac_8	0.0	Slac_8	0.0	Scil_21	0.0	Scil_21	0.0	Slac_8	0.0	Scil_21	0.0	Scil_21	0.0	Aque_5	0.0	Scil_21	0.0	Scil_21	0.0	Aque_5	0.0	Slac_8	0.0	Slac_26	0.0	Slac_8	0.0	Slac_8	0.0	Scil_21	0.0	Scil_21	0.0	Slac_8	0.0	Scil_21	0.0	Slac_8	0.0	Scil_21	0.0	Slac_8	0.0	Slac_8	0.0	Scil_21	0.0	Slac_8	0.0	Scil_21	0.0	Aque_5	0.0	Scil_0	0.0	Scil_21	0.0	Scil_21	0.0	Aque_5	0.0	Aque_5	0.0	Slac_8	0.0	Aque_5	0.0	Scil_0	0.0	Scil_21	0.0	Slac_8	0.0	Scil_21	0.0	Aque_5	0.0	Slac_8	0.0	Scil_21	0.0	Scil_21	0.0	Slac_8	0.0	Slac_8	0.0	Aque_5	0.0	Aque_5	0.0	Slac_23	0.0	Scil_21	0.0	Scil_21	0.0	Scil_21	0.0	Scil_21	0.0	Scil_21	0.0	Scil_21	0.0	Slac_8	0.0	Aque_5	0.0	Aque_5	0.0	Scil_21	0.0	Slac_8	0.0	Slac_8	0.0	Slac_8	0.0	Aque_5	0.0	Scil_21	0.0	Scil_21	0.0	Scil_21	0.0	Slac_8	0.0	Slac_8	0.0	Scil_0	0.0	Scil_21	0.0	Scil_21	0.0	Slac_8	0.0	Scil_21	0.0	Slac_8	0.0	Scil_21	0.0	Aque_5	0.0	Scil_21	0.0	Slac_8	0.0	Slac_28	0.0	Aque_5	0.0
Slac_28	0.0	Scil_22	0.0	Scil_22	0.0	Slac_27	0.0	Aque_25	0.0	Scil_22	0.0	Slac_27	0.0	Slac_28	0.0	Scil_22	0.0	Slac_27	0.0	Aque_25	0.0	Scil_22	0.0	Slac_28	0.0	Aque_25	0.0	Slac_28	0.0	Slac_18	0.0	Scil_22	0.0	Slac_28	0.0	Slac_27	0.0	Scil_22	0.0	Scil_22	0.0	Slac_27	0.0	Scil_22	0.0	Scil_22	0.0	Aque_25	0.0	Scil_22	0.0	Scil_22	0.0	Aque_25	0.0	Slac_28	0.0	Slac_21	0.0	Slac_27	0.0	Slac_28	0.0	Scil_22	0.0	Scil_22	0.0	Slac_27	0.0	Scil_22	0.0	Slac_27	0.0	Scil_22	0.0	Slac_27	0.0	Slac_28	0.0	Scil_22	0.0	Slac_28	0.0	Scil_22	0.0	Aque_25	0.0	Slac_21	0.0	Scil_22	0.0	Scil_22	0.0	Aque_25	0.0	Aque_25	0.0	Slac_27	0.0	Aque_25	0.0	Slac_18	0.0	Scil_22	0.0	Slac_27	0.0	Scil_22	0.0	Aque_25	0.0	Slac_27	0.0	Scil_22	0.0	Scil_22	0.0	Slac_4	0.0	Slac_27	0.0	Aque_25	0.0	Aque_25	0.0	Slac_22	0.0	Scil_22	0.0	Scil_22	0.0	Scil_22	0.0	Scil_22	0.0	Scil_22	0.0	Scil_22	0.0	Slac_4	0.0	Aque_25	0.0	Aque_25	0.0	Scil_22	0.0	Slac_27	0.0	Slac_27	0.0	Slac_27	0.0	Aque_25	0.0	Scil_22	0.0	Scil_22	0.0	Scil_22	0.0	Slac_27	0.0	Slac_28	0.0	Slac_16	0.0	Scil_22	0.0	Scil_22	0.0	Slac_27	0.0	Scil_22	0.0	Slac_21	0.0	Scil_22	0.0	Aque_25	0.0	Scil_22	0.0	Slac_28	0.0	Slac_19	0.0	Aque_25	0.0
Slac_3	0.0	Scil_23	0.0	Scil_23	0.0	Slac_28	0.0	Aque_24	0.0	Scil_23	0.0	Slac_28	0.0	Slac_27	0.0	Scil_23	0.0	Slac_28	0.0	Aque_24	0.0	Scil_23	0.0	Slac_27	0.0	Aque_24	0.0	Slac_27	0.0	Slac_20	0.0	Scil_23	0.0	Slac_27	0.0	Slac_28	0.0	Scil_23	0.0	Scil_23	0.0	Slac_28	0.0	Scil_23	0.0	Scil_23	0.0	Aque_24	0.0	Scil_23	0.0	Scil_23	0.0	Aque_24	0.0	Slac_27	0.0	Slac_20	0.0	Slac_28	0.0	Slac_27	0.0	Scil_23	0.0	Scil_23	0.0	Slac_20	0.0	Scil_23	0.0	Slac_28	0.0	Scil_23	0.0	Slac_20	0.0	Slac_3	0.0	Scil_23	0.0	Slac_27	0.0	Scil_23	0.0	Aque_24	0.0	Slac_16	0.0	Scil_23	0.0	Scil_23	0.0	Aque_24	0.0	Aque_24	0.0	Slac_28	0.0	Aque_24	0.0	Slac_17	0.0	Scil_23	0.0	Slac_20	0.0	Scil_23	0.0	Aque_24	0.0	Slac_20	0.0	Scil_23	0.0	Scil_23	0.0	Slac_3	0.0	Slac_28	0.0	Aque_24	0.0	Aque_24	0.0	Slac_20	0.0	Scil_23	0.0	Scil_23	0.0	Scil_23	0.0	Scil_23	0.0	Scil_23	0.0	Scil_23	0.0	Slac_3	0.0	Aque_24	0.0	Aque_24	0.0	Scil_23	0.0	Slac_20	0.0	Slac_28	0.0	Slac_28	0.0	Aque_24	0.0	Scil_23	0.0	Scil_23	0.0	Scil_23	0.0	Slac_20	0.0	Slac_20	0.0	Slac_12	0.0	Scil_23	0.0	Scil_23	0.0	Slac_20	0.0	Scil_23	0.0	Slac_20	0.0	Scil_23	0.0	Aque_24	0.0	Scil_23	0.0	Slac_27	0.0	Slac_20	0.0	Slac_22	0.0
Slac_27	0.0	Scil_24	0.0	Scil_24	0.0	Slac_3	0.0	Aque_23	0.0	Scil_24	0.0	Slac_3	0.0	Slac_21	0.0	Scil_24	0.0	Slac_3	0.0	Aque_23	0.0	Scil_24	0.0	Slac_21	0.0	Aque_23	0.0	Slac_21	0.0	Slac_21	0.0	Scil_24	0.0	Slac_3	0.0	Slac_3	0.0	Scil_24	0.0	Scil_24	0.0	Slac_21	0.0	Scil_24	0.0	Scil_24	0.0	Aque_23	0.0	Scil_24	0.0	Scil_24	0.0	Aque_23	0.0	Slac_21	0.0	Scil_11	0.0	Slac_21	0.0	Slac_21	0.0	Scil_24	0.0	Scil_24	0.0	Slac_21	0.0	Scil_24	0.0	Slac_21	0.0	Scil_24	0.0	Slac_21	0.0	Slac_27	0.0	Scil_24	0.0	Slac_21	0.0	Scil_24	0.0	Aque_23	0.0	Slac_18	0.0	Scil_24	0.0	Scil_24	0.0	Slac_13	0.0	Aque_23	0.0	Slac_21	0.0	Aque_23	0.0	Slac_16	0.0	Scil_24	0.0	Slac_21	0.0	Scil_24	0.0	Aque_3	0.0	Slac_21	0.0	Scil_24	0.0	Scil_24	0.0	Slac_28	0.0	Slac_3	0.0	Aque_23	0.0	Aque_23	0.0	Slac_19	0.0	Scil_24	0.0	Scil_24	0.0	Scil_24	0.0	Scil_24	0.0	Scil_24	0.0	Scil_24	0.0	Slac_28	0.0	Aque_23	0.0	Slac_27	0.0	Scil_24	0.0	Slac_21	0.0	Slac_14	0.0	Slac_3	0.0	Aque_23	0.0	Scil_24	0.0	Scil_24	0.0	Scil_24	0.0	Slac_21	0.0	Slac_21	0.0	Slac_20	0.0	Scil_24	0.0	Scil_24	0.0	Slac_21	0.0	Scil_24	0.0	Slac_18	0.0	Scil_24	0.0	Aque_23	0.0	Scil_24	0.0	Slac_3	0.0	Slac_21	0.0	Slac_14	0.0
Slac_22	0.0	Scil_25	0.0	Scil_25	0.0	Slac_4	0.0	Aque_9	0.0	Scil_25	0.0	Slac_22	0.0	Slac_22	0.0	Scil_25	0.0	Slac_4	0.0	Aque_22	0.0	Scil_25	0.0	Slac_22	0.0	Aque_26	0.0	Slac_22	0.0	Slac_22	0.0	Scil_25	0.0	Slac_22	0.0	Slac_4	0.0	Scil_25	0.0	Scil_25	0.0	Slac_22	0.0	Scil_25	0.0	Scil_25	0.0	Aque_26	0.0	Scil_25	0.0	Scil_25	0.0	Aque_26	0.0	Slac_22	0.0	Scil_0	0.0	Slac_22	0.0	Slac_22	0.0	Scil_25	0.0	Scil_25	0.0	Slac_22	0.0	Scil_25	0.0	Slac_22	0.0	Scil_25	0.0	Slac_22	0.0	Slac_22	0.0	Scil_25	0.0	Slac_22	0.0	Scil_25	0.0	Aque_22	0.0	Slac_28	0.0	Scil_25	0.0	Scil_25	0.0	Slac_19	0.0	Aque_22	0.0	Slac_22	0.0	Aque_22	0.0	Slac_20	0.0	Scil_25	0.0	Slac_22	0.0	Scil_25	0.0	Aque_26	0.0	Slac_22	0.0	Scil_25	0.0	Scil_25	0.0	Slac_27	0.0	Slac_4	0.0	Aque_22	0.0	Aque_22	0.0	Scil_2	0.0	Scil_25	0.0	Scil_25	0.0	Scil_25	0.0	Scil_25	0.0	Scil_25	0.0	Scil_25	0.0	Slac_27	0.0	Aque_9	0.0	Slac_20	0.0	Scil_25	0.0	Slac_22	0.0	Slac_15	0.0	Slac_4	0.0	Aque_22	0.0	Scil_25	0.0	Scil_25	0.0	Scil_25	0.0	Slac_22	0.0	Slac_22	0.0	Slac_27	0.0	Scil_25	0.0	Scil_25	0.0	Slac_22	0.0	Scil_25	0.0	Slac_16	0.0	Scil_25	0.0	Aque_26	0.0	Scil_25	0.0	Slac_22	0.0	Slac_22	0.0	Slac_15	0.0
Slac_23	0.0	Scil_26	0.0	Scil_26	0.0	Slac_5	0.0	Aque_26	0.0	Scil_26	0.0	Slac_23	0.0	Slac_23	0.0	Scil_26	0.0	Slac_5	0.0	Aque_19	0.0	Scil_26	0.0	Slac_23	0.0	Aque_22	0.0	Slac_23	0.0	Slac_23	0.0	Scil_26	0.0	Slac_23	0.0	Slac_23	0.0	Scil_26	0.0	Scil_26	0.0	Slac_23	0.0	Scil_26	0.0	Scil_26	0.0	Aque_22	0.0	Scil_26	0.0	Scil_26	0.0	Aque_22	0.0	Slac_23	0.0	Slac_3	0.0	Slac_23	0.0	Slac_23	0.0	Scil_26	0.0	Scil_26	0.0	Slac_23	0.0	Scil_26	0.0	Slac_23	0.0	Scil_26	0.0	Slac_23	0.0	Slac_23	0.0	Scil_26	0.0	Slac_23	0.0	Scil_26	0.0	Aque_19	0.0	Slac_3	0.0	Scil_26	0.0	Scil_26	0.0	Slac_5	0.0	Aque_19	0.0	Slac_23	0.0	Aque_19	0.0	Slac_21	0.0	Scil_26	0.0	Slac_23	0.0	Scil_26	0.0	Aque_23	0.0	Slac_23	0.0	Scil_26	0.0	Scil_26	0.0	Slac_23	0.0	Slac_5	0.0	Aque_19	0.0	Aque_19	0.0	Scil_21	0.0	Scil_26	0.0	Scil_26	0.0	Scil_26	0.0	Scil_26	0.0	Scil_26	0.0	Scil_26	0.0	Slac_23	0.0	Aque_19	0.0	Slac_22	0.0	Scil_26	0.0	Slac_23	0.0	Slac_22	0.0	Slac_5	0.0	Aque_19	0.0	Scil_26	0.0	Scil_26	0.0	Scil_26	0.0	Slac_23	0.0	Scil_20	0.0	Slac_22	0.0	Scil_26	0.0	Scil_26	0.0	Slac_23	0.0	Scil_26	0.0	Slac_3	0.0	Scil_26	0.0	Aque_22	0.0	Scil_26	0.0	Slac_23	0.0	Slac_25	0.0	Slac_19	0.0
Slac_24	0.0	Scil_27	0.0	Scil_27	0.0	Slac_24	0.0	Aque_2	0.0	Scil_27	0.0	Slac_24	0.0	Slac_24	0.0	Scil_27	0.0	Slac_24	0.0	Aque_2	0.0	Scil_27	0.0	Slac_24	0.0	Aque_2	0.0	Slac_24	0.0	Scil_2	0.0	Scil_27	0.0	Slac_24	0.0	Slac_24	0.0	Scil_27	0.0	Scil_27	0.0	Slac_24	0.0	Scil_27	0.0	Scil_27	0.0	Aque_2	0.0	Scil_27	0.0	Scil_27	0.0	Aque_2	0.0	Slac_24	0.0	Slac_27	0.0	Slac_24	0.0	Slac_24	0.0	Scil_27	0.0	Scil_27	0.0	Slac_24	0.0	Scil_27	0.0	Slac_24	0.0	Scil_27	0.0	Slac_24	0.0	Scil_22	0.0	Scil_27	0.0	Slac_24	0.0	Scil_27	0.0	Aque_2	0.0	Slac_20	0.0	Scil_27	0.0	Scil_27	0.0	Slac_27	0.0	Aque_2	0.0	Slac_24	0.0	Aque_2	0.0	Slac_24	0.0	Scil_27	0.0	Slac_24	0.0	Scil_27	0.0	Aque_22	0.0	Slac_24	0.0	Scil_27	0.0	Scil_27	0.0	Slac_24	0.0	Slac_24	0.0	Aque_2	0.0	Aque_2	0.0	Scil_16	0.0	Scil_27	0.0	Scil_27	0.0	Scil_27	0.0	Scil_27	0.0	Scil_27	0.0	Scil_27	0.0	Slac_24	0.0	Aque_2	0.0	Slac_21	0.0	Scil_27	0.0	Slac_24	0.0	Slac_2	0.0	Slac_6	0.0	Aque_2	0.0	Scil_27	0.0	Scil_27	0.0	Scil_27	0.0	Slac_24	0.0	Scil_2	0.0	Slac_21	0.0	Scil_27	0.0	Scil_27	0.0	Slac_24	0.0	Scil_27	0.0	Slac_28	0.0	Scil_27	0.0	Aque_2	0.0	Scil_27	0.0	Slac_24	0.0	Slac_24	0.0	Slac_28	0.0
Slac_25	0.0	Scil_28	0.0	Scil_28	0.0	Slac_25	0.0	Aque_20	0.0	Scil_28	0.0	Slac_25	0.0	Slac_25	0.0	Scil_28	0.0	Slac_25	0.0	Aque_20	0.0	Scil_28	0.0	Slac_25	0.0	Aque_20	0.0	Slac_25	0.0	Scil_20	0.0	Scil_28	0.0	Slac_25	0.0	Slac_25	0.0	Scil_28	0.0	Scil_28	0.0	Slac_25	0.0	Scil_28	0.0	Scil_28	0.0	Aque_20	0.0	Scil_28	0.0	Scil_28	0.0	Aque_20	0.0	Slac_25	0.0	Slac_23	0.0	Slac_25	0.0	Slac_25	0.0	Scil_28	0.0	Scil_28	0.0	Slac_25	0.0	Scil_28	0.0	Slac_25	0.0	Scil_28	0.0	Slac_25	0.0	Scil_2	0.0	Scil_28	0.0	Slac_25	0.0	Scil_28	0.0	Aque_20	0.0	Slac_24	0.0	Scil_28	0.0	Scil_28	0.0	Slac_8	0.0	Slac_21	0.0	Slac_25	0.0	Aque_20	0.0	Slac_26	0.0	Scil_28	0.0	Slac_25	0.0	Scil_28	0.0	Aque_20	0.0	Slac_25	0.0	Scil_28	0.0	Scil_28	0.0	Slac_25	0.0	Slac_25	0.0	Aque_20	0.0	Aque_20	0.0	Scil_17	0.0	Scil_28	0.0	Scil_28	0.0	Scil_28	0.0	Scil_28	0.0	Scil_28	0.0	Scil_28	0.0	Slac_25	0.0	Aque_20	0.0	Slac_23	0.0	Scil_28	0.0	Slac_25	0.0	Slac_24	0.0	Slac_25	0.0	Aque_20	0.0	Scil_28	0.0	Scil_28	0.0	Scil_28	0.0	Slac_25	0.0	Scil_19	0.0	Slac_25	0.0	Scil_28	0.0	Scil_28	0.0	Slac_25	0.0	Scil_28	0.0	Slac_24	0.0	Scil_28	0.0	Aque_20	0.0	Scil_28	0.0	Slac_25	0.0	Slac_26	0.0	Slac_24	0.0
Slac_26	0.0	Scil_29	0.0	Scil_29	0.0	Slac_26	0.0	Aque_21	0.0	Scil_29	0.0	Slac_26	0.0	Slac_26	0.0	Scil_29	0.0	Slac_26	0.0	Aque_21	0.0	Scil_29	0.0	Slac_26	0.0	Aque_21	0.0	Slac_26	0.0	Scil_18	0.0	Scil_29	0.0	Slac_26	0.0	Slac_26	0.0	Scil_29	0.0	Scil_29	0.0	Slac_26	0.0	Scil_29	0.0	Scil_29	0.0	Slac_15	0.0	Scil_29	0.0	Scil_29	0.0	Slac_15	0.0	Slac_26	0.0	Scil_20	0.0	Slac_26	0.0	Slac_26	0.0	Scil_29	0.0	Scil_29	0.0	Slac_26	0.0	Scil_29	0.0	Slac_26	0.0	Scil_29	0.0	Slac_26	0.0	Scil_16	0.0	Scil_29	0.0	Slac_26	0.0	Scil_29	0.0	Aque_21	0.0	Slac_25	0.0	Scil_29	0.0	Scil_29	0.0	Slac_14	0.0	Slac_14	0.0	Slac_26	0.0	Aque_21	0.0	Slac_12	0.0	Scil_29	0.0	Slac_26	0.0	Scil_29	0.0	Aque_21	0.0	Slac_26	0.0	Scil_29	0.0	Scil_29	0.0	Slac_26	0.0	Slac_26	0.0	Aque_21	0.0	Aque_21	0.0	Scil_15	0.0	Scil_29	0.0	Scil_29	0.0	Scil_29	0.0	Scil_29	0.0	Scil_29	0.0	Scil_29	0.0	Slac_26	0.0	Aque_21	0.0	Slac_25	0.0	Scil_29	0.0	Slac_26	0.0	Slac_25	0.0	Slac_26	0.0	Aque_21	0.0	Scil_29	0.0	Scil_29	0.0	Scil_29	0.0	Slac_26	0.0	Scil_16	0.0	Slac_26	0.0	Scil_29	0.0	Scil_29	0.0	Slac_26	0.0	Scil_29	0.0	Slac_26	0.0	Scil_29	0.0	Aque_21	0.0	Scil_29	0.0	Slac_26	0.0	Slac_12	0.0	Slac_25	0.0
Slac_19	0.0	Scil_3	0.0	Scil_3	0.0	Slac_19	0.0	Aque_14	0.0	Scil_3	0.0	Slac_19	0.0	Slac_19	0.0	Scil_3	0.0	Slac_19	0.0	Aque_14	0.0	Scil_3	0.0	Slac_19	0.0	Aque_14	0.0	Slac_19	0.0	Scil_29	0.0	Scil_3	0.0	Slac_19	0.0	Slac_19	0.0	Scil_3	0.0	Scil_3	0.0	Slac_19	0.0	Scil_3	0.0	Scil_3	0.0	Slac_9	0.0	Scil_3	0.0	Scil_3	0.0	Scil_1	0.0	Slac_19	0.0	Scil_29	0.0	Slac_19	0.0	Slac_19	0.0	Scil_3	0.0	Scil_3	0.0	Slac_19	0.0	Scil_3	0.0	Slac_19	0.0	Scil_3	0.0	Slac_19	0.0	Scil_29	0.0	Scil_3	0.0	Slac_19	0.0	Scil_3	0.0	Aque_14	0.0	Scil_13	0.0	Scil_3	0.0	Scil_3	0.0	Scil_14	0.0	Scil_12	0.0	Slac_19	0.0	Aque_14	0.0	Scil_13	0.0	Scil_3	0.0	Slac_19	0.0	Scil_3	0.0	Aque_14	0.0	Slac_19	0.0	Scil_3	0.0	Scil_3	0.0	Slac_19	0.0	Slac_19	0.0	Aque_14	0.0	Aque_14	0.0	Scil_29	0.0	Scil_3	0.0	Scil_3	0.0	Scil_3	0.0	Scil_3	0.0	Scil_3	0.0	Scil_3	0.0	Slac_19	0.0	Aque_14	0.0	Scil_14	0.0	Scil_3	0.0	Slac_19	0.0	Slac_13	0.0	Slac_19	0.0	Scil_13	0.0	Scil_3	0.0	Scil_3	0.0	Scil_3	0.0	Slac_19	0.0	Scil_29	0.0	Scil_13	0.0	Scil_3	0.0	Scil_3	0.0	Slac_19	0.0	Scil_3	0.0	Scil_12	0.0	Scil_3	0.0	Slac_27	0.0	Scil_3	0.0	Slac_19	0.0	Scil_29	0.0	Scil_1	0.0
Slac_18	0.0	Scil_30	0.0	Scil_30	0.0	Slac_18	0.0	Aque_13	0.0	Scil_30	0.0	Slac_18	0.0	Slac_18	0.0	Scil_30	0.0	Slac_18	0.0	Aque_13	0.0	Scil_30	0.0	Slac_18	0.0	Aque_13	0.0	Slac_18	0.0	Scil_28	0.0	Scil_30	0.0	Slac_18	0.0	Slac_18	0.0	Scil_30	0.0	Scil_30	0.0	Slac_18	0.0	Scil_30	0.0	Scil_30	0.0	Scil_1	0.0	Scil_30	0.0	Scil_30	0.0	Slac_4	0.0	Slac_18	0.0	Scil_27	0.0	Slac_18	0.0	Scil_23	0.0	Scil_30	0.0	Scil_30	0.0	Slac_18	0.0	Scil_30	0.0	Slac_18	0.0	Scil_30	0.0	Slac_18	0.0	Scil_28	0.0	Scil_30	0.0	Slac_18	0.0	Scil_30	0.0	Aque_13	0.0	Scil_29	0.0	Scil_30	0.0	Scil_30	0.0	Slac_9	0.0	Scil_10	0.0	Slac_18	0.0	Aque_13	0.0	Scil_28	0.0	Scil_30	0.0	Slac_18	0.0	Scil_30	0.0	Aque_13	0.0	Slac_18	0.0	Scil_30	0.0	Scil_30	0.0	Slac_18	0.0	Slac_18	0.0	Scil_13	0.0	Aque_13	0.0	Scil_27	0.0	Scil_30	0.0	Scil_30	0.0	Scil_30	0.0	Scil_30	0.0	Scil_30	0.0	Scil_30	0.0	Slac_18	0.0	Aque_13	0.0	Slac_28	0.0	Scil_30	0.0	Slac_18	0.0	Slac_19	0.0	Slac_18	0.0	Scil_1	0.0	Scil_30	0.0	Scil_30	0.0	Scil_30	0.0	Slac_18	0.0	Scil_28	0.0	Scil_27	0.0	Scil_30	0.0	Scil_30	0.0	Slac_18	0.0	Scil_30	0.0	Scil_0	0.0	Scil_30	0.0	Slac_28	0.0	Scil_30	0.0	Slac_18	0.0	Scil_28	0.0	Scil_10	0.0
Slac_17	0.0	Scil_31	0.0	Scil_31	0.0	Slac_17	0.0	Aque_12	0.0	Scil_31	0.0	Slac_17	0.0	Slac_17	0.0	Scil_31	0.0	Slac_17	0.0	Aque_12	0.0	Scil_31	0.0	Slac_17	0.0	Slac_9	0.0	Slac_17	0.0	Scil_27	0.0	Scil_31	0.0	Slac_17	0.0	Slac_17	0.0	Scil_31	0.0	Scil_31	0.0	Slac_17	0.0	Scil_31	0.0	Scil_31	0.0	Slac_6	0.0	Scil_31	0.0	Scil_31	0.0	Slac_6	0.0	Slac_17	0.0	Scil_26	0.0	Slac_17	0.0	Scil_20	0.0	Scil_31	0.0	Scil_31	0.0	Slac_17	0.0	Scil_31	0.0	Slac_17	0.0	Scil_31	0.0	Slac_17	0.0	Scil_27	0.0	Scil_31	0.0	Slac_17	0.0	Scil_31	0.0	Aque_12	0.0	Scil_27	0.0	Scil_31	0.0	Scil_31	0.0	Scil_1	0.0	Scil_0	0.0	Slac_17	0.0	Aque_12	0.0	Scil_27	0.0	Scil_31	0.0	Slac_17	0.0	Scil_31	0.0	Aque_2	0.0	Slac_17	0.0	Scil_31	0.0	Scil_31	0.0	Slac_17	0.0	Slac_17	0.0	Slac_27	0.0	Aque_12	0.0	Scil_26	0.0	Scil_31	0.0	Scil_31	0.0	Scil_31	0.0	Scil_31	0.0	Scil_31	0.0	Scil_31	0.0	Slac_17	0.0	Aque_12	0.0	Scil_28	0.0	Scil_31	0.0	Slac_17	0.0	Scil_28	0.0	Slac_17	0.0	Slac_27	0.0	Scil_31	0.0	Scil_31	0.0	Scil_31	0.0	Slac_17	0.0	Scil_27	0.0	Scil_29	0.0	Scil_31	0.0	Scil_31	0.0	Slac_17	0.0	Scil_31	0.0	Scil_27	0.0	Scil_31	0.0	Slac_20	0.0	Scil_31	0.0	Slac_17	0.0	Scil_27	0.0	Slac_27	0.0
Slac_16	0.0	Scil_32	0.0	Scil_32	0.0	Slac_16	0.0	Aque_11	0.0	Scil_32	0.0	Slac_16	0.0	Scil_27	0.0	Scil_32	0.0	Slac_16	0.0	Aque_11	0.0	Scil_32	0.0	Slac_16	0.0	Scil_1	0.0	Slac_16	0.0	Scil_26	0.0	Scil_32	0.0	Slac_16	0.0	Slac_16	0.0	Scil_32	0.0	Scil_32	0.0	Slac_16	0.0	Scil_32	0.0	Scil_32	0.0	Slac_5	0.0	Scil_32	0.0	Scil_32	0.0	Slac_5	0.0	Slac_16	0.0	Scil_25	0.0	Slac_16	0.0	Scil_21	0.0	Scil_32	0.0	Scil_32	0.0	Slac_16	0.0	Scil_32	0.0	Slac_16	0.0	Scil_32	0.0	Slac_16	0.0	Scil_26	0.0	Scil_32	0.0	Slac_16	0.0	Scil_32	0.0	Aque_11	0.0	Scil_28	0.0	Scil_32	0.0	Scil_32	0.0	Scil_10	0.0	Slac_20	0.0	Slac_16	0.0	Aque_11	0.0	Scil_26	0.0	Scil_32	0.0	Slac_16	0.0	Scil_32	0.0	Slac_28	0.0	Slac_16	0.0	Scil_32	0.0	Scil_32	0.0	Slac_16	0.0	Slac_16	0.0	Slac_28	0.0	Aque_11	0.0	Scil_25	0.0	Scil_32	0.0	Scil_32	0.0	Scil_32	0.0	Scil_32	0.0	Scil_32	0.0	Scil_32	0.0	Slac_16	0.0	Aque_11	0.0	Scil_27	0.0	Scil_32	0.0	Slac_16	0.0	Scil_25	0.0	Slac_16	0.0	Slac_28	0.0	Scil_32	0.0	Scil_32	0.0	Scil_32	0.0	Slac_16	0.0	Scil_26	0.0	Scil_25	0.0	Scil_32	0.0	Scil_32	0.0	Slac_16	0.0	Scil_32	0.0	Scil_26	0.0	Scil_32	0.0	Slac_16	0.0	Scil_32	0.0	Slac_16	0.0	Scil_24	0.0	Slac_5	0.0
Slac_15	0.0	Scil_33	0.0	Scil_33	0.0	Slac_15	0.0	Aque_18	0.0	Scil_33	0.0	Slac_15	0.0	Scil_16	0.0	Scil_33	0.0	Slac_15	0.0	Aque_18	0.0	Scil_33	0.0	Slac_15	0.0	Slac_19	0.0	Slac_15	0.0	Scil_25	0.0	Scil_33	0.0	Slac_15	0.0	Slac_15	0.0	Scil_33	0.0	Scil_33	0.0	Slac_15	0.0	Scil_33	0.0	Scil_33	0.0	Slac_4	0.0	Scil_33	0.0	Scil_33	0.0	Slac_19	0.0	Slac_15	0.0	Scil_18	0.0	Slac_15	0.0	Scil_16	0.0	Scil_33	0.0	Scil_33	0.0	Slac_15	0.0	Scil_33	0.0	Slac_15	0.0	Scil_33	0.0	Slac_15	0.0	Scil_24	0.0	Scil_33	0.0	Slac_15	0.0	Scil_33	0.0	Aque_18	0.0	Scil_2	0.0	Scil_33	0.0	Scil_33	0.0	Scil_19	0.0	Scil_16	0.0	Slac_15	0.0	Slac_14	0.0	Scil_18	0.0	Scil_33	0.0	Slac_15	0.0	Scil_33	0.0	Slac_16	0.0	Slac_15	0.0	Scil_33	0.0	Scil_33	0.0	Slac_22	0.0	Slac_15	0.0	Slac_22	0.0	Aque_18	0.0	Scil_23	0.0	Scil_33	0.0	Scil_33	0.0	Scil_33	0.0	Scil_33	0.0	Scil_33	0.0	Scil_33	0.0	Slac_22	0.0	Aque_18	0.0	Scil_16	0.0	Scil_33	0.0	Slac_15	0.0	Scil_23	0.0	Slac_15	0.0	Slac_19	0.0	Scil_33	0.0	Scil_33	0.0	Scil_33	0.0	Slac_15	0.0	Scil_25	0.0	Scil_16	0.0	Scil_33	0.0	Scil_33	0.0	Slac_15	0.0	Scil_33	0.0	Scil_25	0.0	Scil_33	0.0	Slac_22	0.0	Scil_33	0.0	Slac_15	0.0	Scil_23	0.0	Slac_4	0.0
Slac_21	0.0	Scil_34	0.0	Scil_34	0.0	Slac_14	0.0	Aque_17	0.0	Scil_34	0.0	Slac_14	0.0	Scil_2	0.0	Scil_34	0.0	Slac_14	0.0	Aque_17	0.0	Scil_34	0.0	Slac_14	0.0	Slac_2	0.0	Slac_14	0.0	Scil_16	0.0	Scil_34	0.0	Slac_14	0.0	Slac_14	0.0	Scil_34	0.0	Scil_34	0.0	Slac_14	0.0	Scil_34	0.0	Scil_34	0.0	Slac_27	0.0	Scil_34	0.0	Scil_34	0.0	Slac_12	0.0	Slac_14	0.0	Scil_16	0.0	Slac_14	0.0	Scil_24	0.0	Scil_34	0.0	Scil_34	0.0	Slac_14	0.0	Scil_34	0.0	Slac_14	0.0	Scil_34	0.0	Slac_14	0.0	Scil_23	0.0	Scil_34	0.0	Slac_14	0.0	Scil_34	0.0	Aque_17	0.0	Scil_16	0.0	Scil_34	0.0	Scil_34	0.0	Scil_15	0.0	Scil_27	0.0	Slac_14	0.0	Slac_24	0.0	Scil_16	0.0	Scil_34	0.0	Slac_14	0.0	Scil_34	0.0	Slac_22	0.0	Slac_14	0.0	Scil_34	0.0	Scil_34	0.0	Slac_21	0.0	Slac_14	0.0	Slac_21	0.0	Aque_17	0.0	Scil_24	0.0	Scil_34	0.0	Scil_34	0.0	Scil_34	0.0	Scil_34	0.0	Scil_34	0.0	Scil_34	0.0	Scil_16	0.0	Aque_17	0.0	Scil_2	0.0	Scil_34	0.0	Slac_14	0.0	Scil_24	0.0	Slac_14	0.0	Slac_15	0.0	Scil_34	0.0	Scil_34	0.0	Scil_34	0.0	Slac_14	0.0	Scil_30	0.0	Scil_2	0.0	Scil_34	0.0	Scil_34	0.0	Slac_14	0.0	Scil_34	0.0	Scil_16	0.0	Scil_34	0.0	Slac_21	0.0	Scil_34	0.0	Slac_14	0.0	Scil_2	0.0	Scil_15	0.0
Slac_20	0.0	Scil_35	0.0	Scil_35	0.0	Slac_13	0.0	Aque_16	0.0	Scil_35	0.0	Slac_13	0.0	Scil_26	0.0	Scil_35	0.0	Slac_13	0.0	Aque_16	0.0	Scil_35	0.0	Slac_20	0.0	Slac_24	0.0	Slac_20	0.0	Scil_31	0.0	Scil_35	0.0	Slac_20	0.0	Slac_13	0.0	Scil_35	0.0	Scil_35	0.0	Slac_13	0.0	Scil_35	0.0	Scil_35	0.0	Slac_14	0.0	Scil_35	0.0	Scil_35	0.0	Slac_2	0.0	Scil_23	0.0	Scil_2	0.0	Slac_13	0.0	Scil_31	0.0	Scil_35	0.0	Scil_35	0.0	Scil_27	0.0	Scil_35	0.0	Slac_13	0.0	Scil_35	0.0	Slac_13	0.0	Scil_3	0.0	Scil_35	0.0	Slac_20	0.0	Scil_35	0.0	Aque_16	0.0	Scil_20	0.0	Scil_35	0.0	Scil_35	0.0	Scil_24	0.0	Scil_23	0.0	Slac_13	0.0	Slac_2	0.0	Scil_2	0.0	Scil_35	0.0	Slac_13	0.0	Scil_35	0.0	Slac_24	0.0	Slac_13	0.0	Scil_35	0.0	Scil_35	0.0	Slac_20	0.0	Slac_13	0.0	Slac_20	0.0	Aque_16	0.0	Scil_32	0.0	Scil_35	0.0	Scil_35	0.0	Scil_35	0.0	Scil_35	0.0	Scil_35	0.0	Scil_35	0.0	Scil_18	0.0	Aque_16	0.0	Scil_23	0.0	Scil_35	0.0	Slac_13	0.0	Scil_20	0.0	Slac_13	0.0	Slac_2	0.0	Scil_35	0.0	Scil_35	0.0	Scil_35	0.0	Slac_13	0.0	Scil_31	0.0	Scil_26	0.0	Scil_35	0.0	Scil_35	0.0	Scil_23	0.0	Scil_35	0.0	Scil_2	0.0	Scil_35	0.0	Slac_26	0.0	Scil_35	0.0	Slac_20	0.0	Scil_20	0.0	Scil_23	0.0
Slac_2	0.0	Scil_36	0.0	Scil_36	0.0	Slac_2	0.0	Aque_15	0.0	Scil_36	0.0	Slac_2	0.0	Scil_25	0.0	Scil_36	0.0	Slac_2	0.0	Aque_15	0.0	Scil_36	0.0	Slac_2	0.0	Slac_26	0.0	Slac_2	0.0	Scil_3	0.0	Scil_36	0.0	Slac_2	0.0	Slac_2	0.0	Scil_36	0.0	Scil_36	0.0	Slac_2	0.0	Scil_36	0.0	Scil_36	0.0	Slac_2	0.0	Scil_36	0.0	Scil_36	0.0	Slac_24	0.0	Scil_15	0.0	Scil_31	0.0	Slac_2	0.0	Scil_30	0.0	Scil_36	0.0	Scil_36	0.0	Scil_20	0.0	Scil_36	0.0	Slac_2	0.0	Scil_36	0.0	Slac_2	0.0	Scil_31	0.0	Scil_36	0.0	Slac_2	0.0	Scil_36	0.0	Slac_21	0.0	Scil_26	0.0	Scil_36	0.0	Scil_36	0.0	Scil_20	0.0	Scil_2	0.0	Slac_2	0.0	Slac_15	0.0	Scil_20	0.0	Scil_36	0.0	Slac_2	0.0	Scil_36	0.0	Slac_26	0.0	Slac_2	0.0	Scil_36	0.0	Scil_36	0.0	Scil_24	0.0	Slac_2	0.0	Slac_24	0.0	Aque_15	0.0	Scil_30	0.0	Scil_36	0.0	Scil_36	0.0	Scil_36	0.0	Scil_36	0.0	Scil_36	0.0	Scil_36	0.0	Scil_2	0.0	Aque_15	0.0	Scil_24	0.0	Scil_36	0.0	Scil_21	0.0	Scil_21	0.0	Slac_2	0.0	Slac_25	0.0	Scil_36	0.0	Scil_36	0.0	Scil_36	0.0	Scil_20	0.0	Scil_3	0.0	Scil_31	0.0	Scil_36	0.0	Scil_36	0.0	Scil_24	0.0	Scil_36	0.0	Scil_20	0.0	Scil_36	0.0	Scil_16	0.0	Scil_36	0.0	Slac_2	0.0	Scil_21	0.0	Scil_2	0.0
Slac_13	0.0	Scil_37	0.0	Scil_37	0.0	Slac_12	0.0	Aque_10	0.0	Scil_37	0.0	Slac_12	0.0	Scil_29	0.0	Scil_37	0.0	Slac_12	0.0	Aque_10	0.0	Scil_37	0.0	Slac_13	0.0	Slac_14	0.0	Scil_27	0.0	Scil_36	0.0	Scil_37	0.0	Slac_13	0.0	Slac_12	0.0	Scil_37	0.0	Scil_37	0.0	Slac_12	0.0	Scil_37	0.0	Scil_37	0.0	Scil_23	0.0	Scil_37	0.0	Scil_37	0.0	Slac_14	0.0	Scil_27	0.0	Scil_36	0.0	Slac_12	0.0	Scil_36	0.0	Scil_37	0.0	Scil_37	0.0	Scil_29	0.0	Scil_37	0.0	Slac_12	0.0	Scil_37	0.0	Slac_12	0.0	Scil_36	0.0	Scil_37	0.0	Slac_13	0.0	Scil_37	0.0	Scil_1	0.0	Scil_36	0.0	Scil_37	0.0	Scil_37	0.0	Scil_23	0.0	Scil_29	0.0	Slac_12	0.0	Slac_5	0.0	Scil_29	0.0	Scil_37	0.0	Slac_12	0.0	Scil_37	0.0	Slac_27	0.0	Slac_12	0.0	Scil_37	0.0	Scil_37	0.0	Scil_23	0.0	Slac_12	0.0	Slac_18	0.0	Slac_14	0.0	Scil_36	0.0	Scil_37	0.0	Scil_37	0.0	Scil_37	0.0	Scil_37	0.0	Scil_37	0.0	Scil_37	0.0	Scil_29	0.0	Aque_10	0.0	Scil_35	0.0	Scil_37	0.0	Scil_28	0.0	Scil_19	0.0	Slac_12	0.0	Slac_14	0.0	Scil_37	0.0	Scil_37	0.0	Scil_37	0.0	Scil_29	0.0	Scil_36	0.0	Scil_36	0.0	Scil_37	0.0	Scil_37	0.0	Scil_28	0.0	Scil_37	0.0	Scil_29	0.0	Scil_37	0.0	Scil_29	0.0	Scil_37	0.0	Slac_13	0.0	Scil_35	0.0	Scil_28	0.0
Scil_23	0.0	Scil_38	0.0	Scil_38	0.0	Slac_20	0.0	Aque_1	0.0	Scil_38	0.0	Slac_20	0.0	Scil_3	0.0	Scil_38	0.0	Slac_20	0.0	Slac_28	0.0	Scil_38	0.0	Scil_24	0.0	Slac_15	0.0	Scil_24	0.0	Scil_33	0.0	Scil_38	0.0	Slac_12	0.0	Slac_20	0.0	Scil_38	0.0	Scil_38	0.0	Slac_20	0.0	Scil_38	0.0	Scil_38	0.0	Scil_24	0.0	Scil_38	0.0	Scil_38	0.0	Scil_23	0.0	Scil_24	0.0	Scil_3	0.0	Slac_20	0.0	Scil_35	0.0	Scil_38	0.0	Scil_38	0.0	Scil_28	0.0	Scil_38	0.0	Slac_20	0.0	Scil_38	0.0	Scil_28	0.0	Scil_35	0.0	Scil_38	0.0	Slac_12	0.0	Scil_38	0.0	Slac_27	0.0	Scil_33	0.0	Scil_38	0.0	Scil_38	0.0	Scil_22	0.0	Scil_34	0.0	Slac_20	0.0	Slac_12	0.0	Scil_33	0.0	Scil_38	0.0	Scil_20	0.0	Scil_38	0.0	Scil_26	0.0	Scil_28	0.0	Scil_38	0.0	Scil_38	0.0	Scil_35	0.0	Slac_20	0.0	Scil_0	0.0	Slac_15	0.0	Scil_35	0.0	Scil_38	0.0	Scil_38	0.0	Scil_38	0.0	Scil_38	0.0	Scil_38	0.0	Scil_38	0.0	Scil_27	0.0	Aque_1	0.0	Scil_33	0.0	Scil_38	0.0	Scil_16	0.0	Scil_27	0.0	Slac_20	0.0	Scil_15	0.0	Scil_38	0.0	Scil_38	0.0	Scil_38	0.0	Scil_27	0.0	Scil_33	0.0	Scil_3	0.0	Scil_38	0.0	Scil_38	0.0	Scil_36	0.0	Scil_38	0.0	Scil_28	0.0	Scil_38	0.0	Scil_27	0.0	Scil_38	0.0	Slac_12	0.0	Scil_34	0.0	Scil_24	0.0
Scil_24	0.0	Scil_4	0.0	Scil_4	0.0	Slac_21	0.0	Aque_0	0.0	Scil_4	0.0	Slac_21	0.0	Scil_33	0.0	Scil_4	0.0	Slac_21	0.0	Slac_21	0.0	Scil_4	0.0	Scil_23	0.0	Slac_27	0.0	Scil_23	0.0	Scil_30	0.0	Scil_4	0.0	Slac_21	0.0	Slac_21	0.0	Scil_4	0.0	Scil_4	0.0	Scil_23	0.0	Scil_4	0.0	Scil_4	0.0	Scil_19	0.0	Scil_4	0.0	Scil_4	0.0	Scil_19	0.0	Scil_34	0.0	Scil_30	0.0	Scil_16	0.0	Scil_34	0.0	Scil_4	0.0	Scil_4	0.0	Scil_32	0.0	Scil_4	0.0	Scil_16	0.0	Scil_4	0.0	Scil_20	0.0	Scil_34	0.0	Scil_4	0.0	Scil_16	0.0	Scil_4	0.0	Slac_13	0.0	Scil_30	0.0	Scil_4	0.0	Scil_4	0.0	Scil_33	0.0	Scil_31	0.0	Scil_20	0.0	Scil_23	0.0	Scil_30	0.0	Scil_4	0.0	Scil_28	0.0	Scil_4	0.0	Scil_28	0.0	Scil_20	0.0	Scil_4	0.0	Scil_4	0.0	Scil_34	0.0	Slac_21	0.0	Scil_29	0.0	Slac_21	0.0	Scil_33	0.0	Scil_4	0.0	Scil_4	0.0	Scil_4	0.0	Scil_4	0.0	Scil_4	0.0	Scil_4	0.0	Scil_26	0.0	Aque_0	0.0	Scil_31	0.0	Scil_4	0.0	Scil_20	0.0	Scil_26	0.0	Slac_21	0.0	Scil_24	0.0	Scil_4	0.0	Scil_4	0.0	Scil_4	0.0	Scil_23	0.0	Scil_38	0.0	Scil_30	0.0	Scil_4	0.0	Scil_4	0.0	Scil_34	0.0	Scil_4	0.0	Scil_30	0.0	Scil_4	0.0	Scil_26	0.0	Scil_4	0.0	Slac_21	0.0	Scil_33	0.0	Scil_34	0.0
Scil_22	0.0	Scil_5	0.0	Scil_5	0.0	Slac_22	0.0	Aque_22	0.0	Scil_5	0.0	Scil_2	0.0	Scil_37	0.0	Scil_5	0.0	Slac_22	0.0	Slac_26	0.0	Scil_5	0.0	Scil_34	0.0	Slac_5	0.0	Scil_15	0.0	Scil_37	0.0	Scil_5	0.0	Scil_21	0.0	Slac_22	0.0	Scil_5	0.0	Scil_5	0.0	Scil_27	0.0	Scil_5	0.0	Scil_5	0.0	Scil_33	0.0	Scil_5	0.0	Scil_5	0.0	Scil_24	0.0	Scil_33	0.0	Scil_37	0.0	Scil_20	0.0	Scil_32	0.0	Scil_5	0.0	Scil_5	0.0	Scil_3	0.0	Scil_5	0.0	Scil_20	0.0	Scil_5	0.0	Scil_23	0.0	Scil_33	0.0	Scil_5	0.0	Scil_2	0.0	Scil_5	0.0	Scil_24	0.0	Scil_31	0.0	Scil_5	0.0	Scil_5	0.0	Scil_35	0.0	Scil_32	0.0	Scil_28	0.0	Scil_24	0.0	Scil_31	0.0	Scil_5	0.0	Scil_32	0.0	Scil_5	0.0	Scil_31	0.0	Scil_27	0.0	Scil_5	0.0	Scil_5	0.0	Scil_33	0.0	Slac_22	0.0	Scil_20	0.0	Scil_2	0.0	Scil_37	0.0	Scil_5	0.0	Scil_5	0.0	Scil_5	0.0	Scil_5	0.0	Scil_5	0.0	Scil_5	0.0	Scil_3	0.0	Aque_22	0.0	Scil_32	0.0	Scil_5	0.0	Scil_30	0.0	Scil_31	0.0	Slac_22	0.0	Scil_34	0.0	Scil_5	0.0	Scil_5	0.0	Scil_5	0.0	Scil_24	0.0	Scil_37	0.0	Scil_37	0.0	Scil_5	0.0	Scil_5	0.0	Scil_32	0.0	Scil_5	0.0	Scil_31	0.0	Scil_5	0.0	Scil_2	0.0	Scil_5	0.0	Scil_23	0.0	Scil_32	0.0	Scil_32	0.0
Scil_36	0.0	Scil_6	0.0	Scil_6	0.0	Slac_23	0.0	Aque_19	0.0	Scil_6	0.0	Scil_29	0.0	Scil_4	0.0	Scil_6	0.0	Slac_23	0.0	Slac_27	0.0	Scil_6	0.0	Scil_36	0.0	Scil_23	0.0	Scil_36	0.0	Scil_4	0.0	Scil_6	0.0	Scil_36	0.0	Scil_27	0.0	Scil_6	0.0	Scil_6	0.0	Scil_29	0.0	Scil_6	0.0	Scil_6	0.0	Scil_36	0.0	Scil_6	0.0	Scil_6	0.0	Scil_36	0.0	Scil_36	0.0	Scil_4	0.0	Scil_29	0.0	Scil_5	0.0	Scil_6	0.0	Scil_6	0.0	Scil_31	0.0	Scil_6	0.0	Scil_28	0.0	Scil_6	0.0	Scil_35	0.0	Scil_4	0.0	Scil_6	0.0	Scil_29	0.0	Scil_6	0.0	Scil_23	0.0	Scil_3	0.0	Scil_6	0.0	Scil_6	0.0	Scil_36	0.0	Scil_36	0.0	Scil_29	0.0	Scil_27	0.0	Scil_4	0.0	Scil_6	0.0	Scil_35	0.0	Scil_6	0.0	Scil_35	0.0	Scil_35	0.0	Scil_6	0.0	Scil_6	0.0	Scil_36	0.0	Slac_23	0.0	Scil_16	0.0	Scil_36	0.0	Scil_4	0.0	Scil_6	0.0	Scil_6	0.0	Scil_6	0.0	Scil_6	0.0	Scil_6	0.0	Scil_6	0.0	Scil_4	0.0	Slac_27	0.0	Scil_37	0.0	Scil_6	0.0	Scil_36	0.0	Scil_35	0.0	Slac_23	0.0	Scil_36	0.0	Scil_6	0.0	Scil_6	0.0	Scil_6	0.0	Scil_36	0.0	Scil_4	0.0	Scil_4	0.0	Scil_6	0.0	Scil_6	0.0	Scil_30	0.0	Scil_6	0.0	Scil_36	0.0	Scil_6	0.0	Scil_36	0.0	Scil_6	0.0	Scil_36	0.0	Scil_31	0.0	Scil_36	0.0
Scil_35	0.0	Scil_7	0.0	Scil_7	0.0	Scil_34	0.0	Scil_23	0.0	Scil_7	0.0	Scil_27	0.0	Scil_6	0.0	Scil_7	0.0	Scil_27	0.0	Scil_2	0.0	Scil_7	0.0	Scil_35	0.0	Scil_22	0.0	Scil_35	0.0	Scil_6	0.0	Scil_7	0.0	Scil_33	0.0	Scil_16	0.0	Scil_7	0.0	Scil_7	0.0	Scil_33	0.0	Scil_7	0.0	Scil_7	0.0	Scil_35	0.0	Scil_7	0.0	Scil_7	0.0	Scil_33	0.0	Scil_35	0.0	Scil_38	0.0	Scil_28	0.0	Scil_38	0.0	Scil_7	0.0	Scil_7	0.0	Scil_4	0.0	Scil_7	0.0	Scil_31	0.0	Scil_7	0.0	Scil_32	0.0	Scil_38	0.0	Scil_7	0.0	Scil_27	0.0	Scil_7	0.0	Scil_31	0.0	Scil_38	0.0	Scil_7	0.0	Scil_7	0.0	Scil_38	0.0	Scil_38	0.0	Scil_31	0.0	Scil_35	0.0	Scil_37	0.0	Scil_7	0.0	Scil_34	0.0	Scil_7	0.0	Scil_32	0.0	Scil_32	0.0	Scil_7	0.0	Scil_7	0.0	Scil_38	0.0	Scil_16	0.0	Scil_28	0.0	Scil_38	0.0	Scil_38	0.0	Scil_7	0.0	Scil_7	0.0	Scil_7	0.0	Scil_7	0.0	Scil_7	0.0	Scil_7	0.0	Scil_37	0.0	Scil_27	0.0	Scil_38	0.0	Scil_7	0.0	Scil_31	0.0	Scil_33	0.0	Slac_24	0.0	Scil_35	0.0	Scil_7	0.0	Scil_7	0.0	Scil_7	0.0	Scil_33	0.0	Scil_6	0.0	Scil_6	0.0	Scil_7	0.0	Scil_7	0.0	Scil_35	0.0	Scil_7	0.0	Scil_3	0.0	Scil_7	0.0	Scil_4	0.0	Scil_7	0.0	Scil_35	0.0	Scil_38	0.0	Scil_35	0.0
Scil_37	0.0	Scil_8	0.0	Scil_8	0.0	Scil_36	0.0	Scil_37	0.0	Scil_8	0.0	Scil_16	0.0	Scil_8	0.0	Scil_8	0.0	Scil_23	0.0	Scil_24	0.0	Scil_8	0.0	Scil_38	0.0	Scil_24	0.0	Scil_33	0.0	Scil_8	0.0	Scil_8	0.0	Scil_37	0.0	Scil_4	0.0	Scil_8	0.0	Scil_8	0.0	Scil_36	0.0	Scil_8	0.0	Scil_8	0.0	Scil_34	0.0	Scil_8	0.0	Scil_8	0.0	Scil_37	0.0	Scil_37	0.0	Scil_6	0.0	Scil_31	0.0	Scil_37	0.0	Scil_8	0.0	Scil_8	0.0	Scil_37	0.0	Scil_8	0.0	Scil_37	0.0	Scil_8	0.0	Scil_31	0.0	Scil_37	0.0	Scil_8	0.0	Scil_4	0.0	Scil_8	0.0	Scil_37	0.0	Scil_37	0.0	Scil_8	0.0	Scil_8	0.0	Scil_5	0.0	Scil_37	0.0	Scil_37	0.0	Scil_33	0.0	Scil_6	0.0	Scil_8	0.0	Scil_31	0.0	Scil_8	0.0	Scil_37	0.0	Scil_31	0.0	Scil_8	0.0	Scil_8	0.0	Scil_5	0.0	Scil_27	0.0	Scil_2	0.0	Scil_37	0.0	Scil_7	0.0	Scil_8	0.0	Scil_8	0.0	Scil_8	0.0	Scil_8	0.0	Scil_8	0.0	Scil_8	0.0	Scil_6	0.0	Scil_37	0.0	Scil_6	0.0	Scil_8	0.0	Scil_37	0.0	Scil_38	0.0	Scil_24	0.0	Scil_37	0.0	Scil_8	0.0	Scil_8	0.0	Scil_8	0.0	Scil_31	0.0	Scil_8	0.0	Scil_7	0.0	Scil_8	0.0	Scil_8	0.0	Scil_37	0.0	Scil_8	0.0	Scil_37	0.0	Scil_8	0.0	Scil_37	0.0	Scil_8	0.0	Scil_33	0.0	Scil_37	0.0	Scil_37	0.0
Scil_38	0.0	Scil_9	0.0	Scil_9	0.0	Scil_38	0.0	Scil_38	0.0	Scil_9	0.0	Scil_4	0.0	Scil_9	0.0	Scil_9	0.0	Scil_24	0.0	Scil_31	0.0	Scil_9	0.0	Scil_7	0.0	Scil_35	0.0	Scil_38	0.0	Scil_9	0.0	Scil_9	0.0	Scil_38	0.0	Scil_38	0.0	Scil_9	0.0	Scil_9	0.0	Scil_37	0.0	Scil_9	0.0	Scil_9	0.0	Scil_38	0.0	Scil_9	0.0	Scil_9	0.0	Scil_38	0.0	Scil_38	0.0	Scil_9	0.0	Scil_37	0.0	Scil_7	0.0	Scil_9	0.0	Scil_9	0.0	Scil_38	0.0	Scil_9	0.0	Scil_38	0.0	Scil_9	0.0	Scil_38	0.0	Scil_8	0.0	Scil_9	0.0	Scil_37	0.0	Scil_9	0.0	Scil_38	0.0	Scil_6	0.0	Scil_9	0.0	Scil_9	0.0	Scil_7	0.0	Scil_9	0.0	Scil_38	0.0	Scil_34	0.0	Scil_9	0.0	Scil_9	0.0	Scil_37	0.0	Scil_9	0.0	Scil_38	0.0	Scil_37	0.0	Scil_9	0.0	Scil_9	0.0	Scil_7	0.0	Scil_35	0.0	Scil_37	0.0	Scil_6	0.0	Scil_9	0.0	Scil_9	0.0	Scil_9	0.0	Scil_9	0.0	Scil_9	0.0	Scil_9	0.0	Scil_9	0.0	Scil_8	0.0	Scil_38	0.0	Scil_9	0.0	Scil_9	0.0	Scil_38	0.0	Scil_7	0.0	Scil_35	0.0	Scil_7	0.0	Scil_9	0.0	Scil_9	0.0	Scil_9	0.0	Scil_37	0.0	Scil_9	0.0	Scil_9	0.0	Scil_9	0.0	Scil_9	0.0	Scil_38	0.0	Scil_9	0.0	Scil_6	0.0	Scil_9	0.0	Scil_38	0.0	Scil_9	0.0	Scil_37	0.0	Scil_9	0.0	Scil_38	0.0
