Aque_Archaeo_1;Scil_0	Aque_Archaeo_1;Scil_0_pval1	Aque_Archaeo_1;Scil_0_pval2	Aque_Archaeo_1;Scil_10	Aque_Archaeo_1;Scil_10_pval1	Aque_Archaeo_1;Scil_10_pval2	Aque_Archaeo_1;Scil_2	Aque_Archaeo_1;Scil_2_pval1	Aque_Archaeo_1;Scil_2_pval2	Aque_Archaeo_1;Scil_3	Aque_Archaeo_1;Scil_3_pval1	Aque_Archaeo_1;Scil_3_pval2	Aque_Archaeo_1;Scil_32	Aque_Archaeo_1;Scil_32_pval1	Aque_Archaeo_1;Scil_32_pval2	Aque_Archaeo_1;Scil_4	Aque_Archaeo_1;Scil_4_pval1	Aque_Archaeo_1;Scil_4_pval2	Aque_Archaeo_1;Scil_5	Aque_Archaeo_1;Scil_5_pval1	Aque_Archaeo_1;Scil_5_pval2	Aque_Archaeo_1;Scil_8	Aque_Archaeo_1;Scil_8_pval1	Aque_Archaeo_1;Scil_8_pval2	Aque_Archaeo_1;Scil_9	Aque_Archaeo_1;Scil_9_pval1	Aque_Archaeo_1;Scil_9_pval2	Aque_Choano_to_pinaco;Scil_15	Aque_Choano_to_pinaco;Scil_15_pval1	Aque_Choano_to_pinaco;Scil_15_pval2	Aque_Choanocytes_1;Scil_1	Aque_Choanocytes_1;Scil_1_pval1	Aque_Choanocytes_1;Scil_1_pval2	Aque_Choanocytes_2;Scil_0	Aque_Choanocytes_2;Scil_0_pval1	Aque_Choanocytes_2;Scil_0_pval2	Aque_Choanocytes_2;Scil_1	Aque_Choanocytes_2;Scil_1_pval1	Aque_Choanocytes_2;Scil_1_pval2	Aque_Choanocytes_2;Scil_11	Aque_Choanocytes_2;Scil_11_pval1	Aque_Choanocytes_2;Scil_11_pval2	Aque_Choanocytes_2;Scil_13	Aque_Choanocytes_2;Scil_13_pval1	Aque_Choanocytes_2;Scil_13_pval2	Aque_Choanocytes_2;Scil_16	Aque_Choanocytes_2;Scil_16_pval1	Aque_Choanocytes_2;Scil_16_pval2	Aque_Choanocytes_2;Scil_2	Aque_Choanocytes_2;Scil_2_pval1	Aque_Choanocytes_2;Scil_2_pval2	Aque_Choanocytes_2;Scil_20	Aque_Choanocytes_2;Scil_20_pval1	Aque_Choanocytes_2;Scil_20_pval2	Aque_Choanocytes_2;Scil_3	Aque_Choanocytes_2;Scil_3_pval1	Aque_Choanocytes_2;Scil_3_pval2	Aque_Choanocytes_2;Scil_6	Aque_Choanocytes_2;Scil_6_pval1	Aque_Choanocytes_2;Scil_6_pval2	Aque_Choanocytes_2;Scil_7	Aque_Choanocytes_2;Scil_7_pval1	Aque_Choanocytes_2;Scil_7_pval2	Aque_Pinaco_1;Scil_15	Aque_Pinaco_1;Scil_15_pval1	Aque_Pinaco_1;Scil_15_pval2	Aque_Pinaco_1;Scil_21	Aque_Pinaco_1;Scil_21_pval1	Aque_Pinaco_1;Scil_21_pval2	Aque_Pinaco_2;Scil_15	Aque_Pinaco_2;Scil_15_pval1	Aque_Pinaco_2;Scil_15_pval2
Aque_Aqu2.1.09762-001;Scil_g3084	2.728546897831895e-124	8.613399630843172e-08	Aque_Aqu2.1.23385-001;Scil_g11542	1.9931173808228414e-49	1.506806940604678e-07	Aque_Aqu2.1.42554-001;Scil_g7027	1.8699626977627877e-30	5.3535399237929684e-05	Aque_Aqu2.1.22535-001;Scil_g7553	7.166399470023436e-67	9.669343562528572e-07	Aque_Aqu2.1.23379-001;Scil_g11542	5.755589128320401e-26	9.048617806278154e-34	Aque_Aqu2.1.09762-001;Scil_g3084	2.728546897831895e-124	8.488743128598577e-22	Aque_Aqu2.1.09762-001;Scil_g3084	2.728546897831895e-124	2.1164977796425206e-71	Aque_Aqu2.1.09762-001;Scil_g3084	2.728546897831895e-124	1.6680726027748166e-14	Aque_Aqu2.1.28647-001;Scil_g9720	1.7976193812861958e-143	1.1983466869899071e-05	Aque_Aqu2.1.39905-001;Scil_g2366	2.6940656038742403e-30	1.7299228423533633e-176	Aque_Aqu2.1.44140-001;Scil_g4190	1.646659288707431e-78	1.747451935930376e-16	Aque_Aqu2.1.31386-001;Scil_g6171	1.9939436211890793e-10	1.0056964963507036e-19	Aque_Aqu2.1.44140-001;Scil_g4190	3.48170003993214e-101	1.747451935930376e-16	Aque_Aqu2.1.31386-001;Scil_g6171	1.9939436211890793e-10	3.414303279797964e-27	Aque_Aqu2.1.44140-001;Scil_g4190	3.48170003993214e-101	0.0007256594354911057	Aque_Aqu2.1.31386-001;Scil_g6171	1.9939436211890793e-10	3.5760048483348027e-12	Aque_Aqu2.1.31388-001;Scil_g6171	0.009425638668166618	0.0001969678383639993	Aque_Aqu2.1.44140-001;Scil_g4190	3.48170003993214e-101	0.002892026978861563	Aque_Aqu2.1.27307-001;Scil_g7553	1.9463641251616724e-12	9.669343562528572e-07	Aque_Aqu2.1.31386-001;Scil_g6171	1.9939436211890793e-10	2.4314907110224978e-20	Aque_Aqu2.1.44140-001;Scil_g4190	3.48170003993214e-101	4.08487956467953e-15	Aque_Aqu2.1.28223-001;Scil_g49	1.3844036382592803e-13	4.143112174747816e-191	Aque_Aqu2.1.34429-001;Scil_g10557	1.1816821128964614e-53	4.274304976553866e-107	Aque_Aqu2.1.42554-001;Scil_g7027	3.840681526736188e-28	3.048418473498984e-19
Aque_Aqu2.1.34429-001;Scil_g1131	7.854915848010625e-74	1.1327367313214687e-167	Aque_Aqu2.1.09762-001;Scil_g3084	2.728546897831895e-124	0.0015932217832790715	Aque_Aqu2.1.28647-001;Scil_g9720	1.7976193812861958e-143	0.00022214843175045722	Aque_Aqu2.1.27307-001;Scil_g7553	5.4316044416240484e-21	9.669343562528572e-07	Aque_Aqu2.1.24541-001;Scil_g5248	2.344168441479099e-143	6.945787077049318e-31	Aque_Aqu2.1.33740-001;Scil_g9293	1.0543340401031923e-102	3.596945899188211e-28	Aque_Aqu2.1.33740-001;Scil_g9293	1.0543340401031923e-102	4.527283219803815e-81	Aque_Aqu2.1.33740-001;Scil_g9293	1.0543340401031923e-102	9.858524612877466e-18	Aque_Aqu2.1.24541-001;Scil_g5248	2.344168441479099e-143	3.303744377122232e-10	Aque_Aqu2.1.39671-001;Scil_g1581	4.793950567183939e-08	3.690890937832459e-10	Aque_Aqu2.1.37599-001;Scil_g537	1.1252913100245482e-175	7.247804808704448e-176	Aque_Aqu2.1.31388-001;Scil_g5475	0.009425638668166618	8.67769501557812e-118	Aque_Aqu2.1.33559-001;Scil_g7993	4.711929758987128e-54	4.148241164101908e-198	Aque_Aqu2.1.31388-001;Scil_g6171	0.009425638668166618	3.414303279797964e-27	Aque_Aqu2.1.28489-001;Scil_g4190	4.787491920802856e-09	0.0007256594354911057	Aque_Aqu2.1.42574-001;Scil_g1335	2.1922039600546434e-108	9.6376394827521e-49	Aque_Aqu2.1.31386-001;Scil_g6171	1.9939436211890793e-10	0.0001969678383639993	Aque_Aqu2.1.33559-001;Scil_g7993	4.711929758987128e-54	2.3270235935664417e-11	Aque_Aqu2.1.33559-001;Scil_g7993	4.711929758987128e-54	9.855663219097565e-23	Aque_Aqu2.1.31388-001;Scil_g6171	0.009425638668166618	2.4314907110224978e-20	Aque_Aqu2.1.28489-001;Scil_g4190	4.787491920802856e-09	4.08487956467953e-15	Aque_Aqu2.1.42554-001;Scil_g7027	8.872578751386659e-17	3.048418473498984e-19	Aque_Aqu2.1.20935-001;Scil_g13349	3.0542012146660946e-19	9.650136350047642e-07	Aque_Aqu2.1.34429-001;Scil_g10557	4.114553893179646e-74	5.981302157001797e-14
Aque_Aqu2.1.33740-001;Scil_g9293	1.0543340401031923e-102	2.994790881698525e-10	Aque_Aqu2.1.37079-001;Scil_g9293	6.987535709667499e-114	2.0327085962972233e-06	Aque_Aqu2.1.26684-001;Scil_g9100	5.16651150424784e-114	1.6023523160337718e-14	Aque_Aqu2.1.22535-001;Scil_g512	7.166399470023436e-67	0.004585823521383508	Aque_Aqu2.1.33740-001;Scil_g9293	1.0543340401031923e-102	1.9689172488968712e-29	Aque_Aqu2.1.28647-001;Scil_g9720	1.7976193812861958e-143	4.066775141441044e-46	Aque_Aqu2.1.42554-001;Scil_g7027	1.8699626977627877e-30	1.4560165118980953e-31	Aque_Aqu2.1.37079-001;Scil_g9293	6.987535709667499e-114	9.858524612877466e-18	Aque_Aqu2.1.37818-001;Scil_g5248	1.1042169105070999e-65	3.303744377122232e-10	Aque_Aqu2.1.44140-001;Scil_g4190	8.885562534779468e-10	2.899251819478398e-05	Aque_Aqu2.1.33559-001;Scil_g7993	8.571368772036795e-50	4.148241164101908e-198	Aque_Aqu2.1.31388-001;Scil_g6171	0.009425638668166618	1.0056964963507036e-19	Aque_Aqu2.1.28489-001;Scil_g4190	4.787491920802856e-09	1.747451935930376e-16	Aque_Aqu2.1.31965-001;Scil_g8416	8.676398325265147e-133	5.485112243567353e-44	Aque_Aqu2.1.33559-001;Scil_g7993	4.711929758987128e-54	0.0003626372378897042	Aque_Aqu2.1.31388-001;Scil_g6171	0.009425638668166618	3.5760048483348027e-12	Aque_Aqu2.1.31388-001;Scil_g5475	0.009425638668166618	1.5012911483680183e-08	Aque_Aqu2.1.28489-001;Scil_g4190	4.787491920802856e-09	0.002892026978861563	Aque_Aqu2.1.27307-001;Scil_g512	1.9463641251616724e-12	0.004585823521383508	Aque_Aqu2.1.44140-001;Scil_g4190	3.48170003993214e-101	0.006700570719412081	Aque_Aqu2.1.33559-001;Scil_g7993	4.711929758987128e-54	0.0001544882307408425	Aque_Aqu2.1.41892-001;Scil_g49	5.2142493076430264e-14	4.143112174747816e-191	Aque_Aqu2.1.34429-001;Scil_g1131	1.1816821128964614e-53	2.859045437336428e-17	Aque_Aqu2.1.41248-001;Scil_g168	1.7758796050423134e-70	1.6332715625246172e-155
Aque_Aqu2.1.28647-001;Scil_g9720	1.7976193812861958e-143	3.6322791017014053e-40	Aque_Aqu2.1.40739-001;Scil_g2647	1.6754096759265384e-122	2.8404688120166507e-05	Aque_Aqu2.1.31383-001;Scil_g5475	9.523828346058124e-51	1.5012911483680183e-08	Aque_Aqu2.1.27307-001;Scil_g512	5.4316044416240484e-21	0.004585823521383508	Aque_Aqu2.1.12657-001;Scil_g9127	2.9043498226616313e-98	1.2498917498109795e-31	Aque_Aqu2.1.33925-001;Scil_g8322	4.33182089821621e-115	2.130969061808333e-20	Aque_Aqu2.1.23385-001;Scil_g11542	1.9931173808228414e-49	3.8677566988318815e-89	Aque_Aqu2.1.23385-001;Scil_g11542	1.9931173808228414e-49	2.2916690810336528e-14	Aque_Aqu2.1.31383-001;Scil_g5475	9.523828346058124e-51	9.733826605182648e-13	Aque_Aqu2.1.41049-001;Scil_g13539	1.7843460525969402e-71	9.049282398468563e-116	Aque_Aqu2.1.33558-001;Scil_g7993	7.66292357396136e-06	4.148241164101908e-198	Aque_Aqu2.1.27307-001;Scil_g7553	1.9463641251616724e-12	9.133444795757553e-80	Aque_Aqu2.1.37599-001;Scil_g537	4.0684665683260758e-143	7.247804808704448e-176	Aque_Aqu2.1.44140-001;Scil_g4190	3.48170003993214e-101	2.641206431320204e-10	Aque_Aqu2.1.36142-001;Scil_g11399	4.0505981920120795e-12	0.002690086203710056	Aque_Aqu2.1.31965-001;Scil_g8416	8.676398325265147e-133	1.0927396024211622e-42	Aque_Aqu2.1.44140-001;Scil_g4190	3.48170003993214e-101	0.004623551817919833	Aque_Aqu2.1.36142-001;Scil_g11399	4.0505981920120795e-12	6.663999859790667e-06				Aque_Aqu2.1.27307-001;Scil_g7553	1.9463641251616724e-12	0.002413224741641516	Aque_Aqu2.1.36142-001;Scil_g11238	4.0505981920120795e-12	5.636016498434139e-19	Aque_Aqu2.1.34429-001;Scil_g10557	1.1816821128964614e-53	5.981302157001797e-14	Aque_Aqu2.1.41892-001;Scil_g4792	5.2142493076430264e-14	2.7116418518025155e-120	Aque_Aqu2.1.28223-001;Scil_g49	0.0001247782164728605	4.143112174747816e-191
Aque_Aqu2.1.37079-001;Scil_g9293	6.987535709667499e-114	2.994790881698525e-10	Aque_Aqu2.1.25682-001;Scil_g12596	1.2153315557323154e-117	2.1531978088550084e-07	Aque_Aqu2.1.42789-001;Scil_g6184	5.664896642085612e-163	1.9002527119876296e-28				Aque_Aqu2.1.27559-001;Scil_g13584	3.744327577318277e-75	1.317978231665591e-32	Aque_Aqu2.1.37079-001;Scil_g9293	6.987535709667499e-114	3.596945899188211e-28	Aque_Aqu2.1.28647-001;Scil_g9720	1.7976193812861958e-143	3.2500005883871665e-80	Aque_Aqu2.1.15787-001;Scil_g8438	7.592400004336438e-49	2.820227672992253e-17	Aque_Aqu2.1.34429-001;Scil_g1131	7.854915848010625e-74	1.1116103555945793e-11	Aque_Aqu2.1.41049-001;Scil_g130	1.7843460525969402e-71	6.028113154288905e-97	Aque_Aqu2.1.36142-001;Scil_g11399	4.114280874411444e-54	2.894138951045003e-212	Aque_Aqu2.1.27307-001;Scil_g12359	1.9463641251616724e-12	3.252766774038796e-25	Aque_Aqu2.1.10425-001;Scil_g8416	4.63879348899057e-125	2.19091511370846e-58	Aque_Aqu2.1.42574-001;Scil_g1335	2.1922039600546434e-108	2.441753790448205e-65	Aque_Aqu2.1.37297-001;Scil_g11399	0.0038503850914560953	0.002690086203710056	Aque_Aqu2.1.44140-001;Scil_g4190	3.48170003993214e-101	1.0746376997004295e-07	Aque_Aqu2.1.27307-001;Scil_g7553	1.9463641251616724e-12	2.1075774114314473e-16	Aque_Aqu2.1.37297-001;Scil_g11238	0.0038503850914560953	4.659083286567402e-06				Aque_Aqu2.1.28489-001;Scil_g4190	4.787491920802856e-09	0.006700570719412081	Aque_Aqu2.1.36142-001;Scil_g11399	4.0505981920120795e-12	3.2374574464357077e-19	Aque_Aqu2.1.33443-001;Scil_g49	4.986367745258103e-05	4.143112174747816e-191	Aque_Aqu2.1.40997-001;Scil_g8299	3.831716522362373e-96	5.716139425277669e-91	Aque_Aqu2.1.20356-001;Scil_g3529	3.2873756922537983e-45	2.0052521073704953e-62
Aque_Aqu2.1.40739-001;Scil_g2647	1.6754096759265384e-122	5.11267528625326e-07	Aque_Aqu2.1.43341-001;Scil_g4752	5.594181239016693e-111	4.26187740825989e-06	Aque_Aqu2.1.41892-001;Scil_g7730	8.326661223111995e-07	2.012373021293519e-12				Aque_Aqu2.1.23385-001;Scil_g11542	1.9931173808228414e-49	9.048617806278154e-34	Aque_Aqu2.1.23385-001;Scil_g11542	1.9931173808228414e-49	8.184790961571908e-28	Aque_Aqu2.1.40739-001;Scil_g2647	1.6754096759265384e-122	4.4997904434986604e-86	Aque_Aqu2.1.18283-001;Scil_g8502	8.281858889981098e-97	3.900938968952003e-14	Aque_Aqu2.1.26684-001;Scil_g9100	5.16651150424784e-114	3.309555973941859e-08	Aque_Aqu2.1.43551-001;Scil_g6719	0.0005635633996396587	4.667795661516825e-163	Aque_Aqu2.1.36142-001;Scil_g11238	4.114280874411444e-54	1.9394489459032613e-89	Aque_Aqu2.1.27307-001;Scil_g512	1.9463641251616724e-12	9.045393593074876e-46	Aque_Aqu2.1.31965-001;Scil_g8416	8.676398325265147e-133	2.19091511370846e-58	Aque_Aqu2.1.10425-001;Scil_g8416	4.63879348899057e-125	5.485112243567353e-44				Aque_Aqu2.1.10425-001;Scil_g8416	4.63879348899057e-125	1.0927396024211622e-42	Aque_Aqu2.1.28489-001;Scil_g4190	4.787491920802856e-09	0.004623551817919833	Aque_Aqu2.1.37297-001;Scil_g11399	0.0038503850914560953	6.663999859790667e-06				Aque_Aqu2.1.27307-001;Scil_g12359	1.9463641251616724e-12	5.515179856479624e-10	Aque_Aqu2.1.37297-001;Scil_g11238	0.0038503850914560953	5.636016498434139e-19	Aque_Aqu2.1.39905-001;Scil_g2366	1.4006866036488385e-125	1.7299228423533633e-176	Aque_Aqu2.1.28223-001;Scil_g4792	1.3844036382592803e-13	2.7116418518025155e-120	Aque_Aqu2.1.43276-001;Scil_g9800	1.2417305666889384e-72	1.5307012038912084e-30
Aque_Aqu2.1.34429-001;Scil_g10557	7.854915848010625e-74	1.0540628639714142e-38	Aque_Aqu2.1.34429-001;Scil_g10557	7.854915848010625e-74	5.239645872190315e-06	Aque_Aqu2.1.28570-001;Scil_g9100	6.837768357397875e-22	1.6023523160337718e-14				Aque_Aqu2.1.25682-001;Scil_g12596	1.2153315557323154e-117	1.091899954061848e-29	Aque_Aqu2.1.37818-001;Scil_g5248	1.1042169105070999e-65	4.1374492819070456e-42	Aque_Aqu2.1.25682-001;Scil_g12596	1.2153315557323154e-117	1.732496458595204e-84	Aque_Aqu2.1.28647-001;Scil_g9720	1.7976193812861958e-143	4.83772709568078e-31	Aque_Aqu2.1.41892-001;Scil_g7730	8.326661223111995e-07	4.879729328153165e-13	Aque_Aqu2.1.42574-001;Scil_g1335	3.41041782586475e-12	9.334077000617351e-19	Aque_Aqu2.1.27322-001;Scil_g7993	2.337178416522055e-06	4.148241164101908e-198	Aque_Aqu2.1.31388-001;Scil_g6478	0.009425638668166618	3.3570174565474045e-45	Aque_Aqu2.1.19199-001;Scil_g8416	2.3543543443084444e-88	2.19091511370846e-58	Aque_Aqu2.1.28489-001;Scil_g4190	4.787491920802856e-09	2.641206431320204e-10				Aque_Aqu2.1.19199-001;Scil_g8416	2.3543543443084444e-88	1.0927396024211622e-42	Aque_Aqu2.1.27307-001;Scil_g12359	1.9463641251616724e-12	2.144445648866892e-09	Aque_Aqu2.1.36142-001;Scil_g11238	4.0505981920120795e-12	4.659083286567402e-06							Aque_Aqu2.1.37297-001;Scil_g11399	0.0038503850914560953	3.2374574464357077e-19	Aque_Aqu2.1.41892-001;Scil_g6719	5.2142493076430264e-14	4.667795661516825e-163	Aque_Aqu2.1.14505-001;Scil_g9294	4.1608280773534837e-17	6.872848653790563e-14	Aque_Aqu2.1.42703-001;Scil_g307	1.5499114342658717e-08	5.240464452601041e-35
Aque_Aqu2.1.18283-001;Scil_g8502	8.281858889981098e-97	0.0001125842595486595	Aque_Aqu2.1.34429-001;Scil_g1131	7.854915848010625e-74	1.4833213940135408e-07	Aque_Aqu2.1.31383-001;Scil_g6171	9.523828346058124e-51	0.0001969678383639993				Aque_Aqu2.1.34429-001;Scil_g5447	7.854915848010625e-74	4.1444850591191857e-35	Aque_Aqu2.1.40739-001;Scil_g2647	1.6754096759265384e-122	4.187849062456835e-24	Aque_Aqu2.1.43309-001;Scil_g2223	1.4807065078763136e-142	1.493607232972802e-74	Aque_Aqu2.1.40739-001;Scil_g2647	1.6754096759265384e-122	1.3628695456863562e-18	Aque_Aqu2.1.41635-001;Scil_g12565	1.35534995308407e-94	0.0025143107571829297	Aque_Aqu2.1.44280-001;Scil_g11800	3.113278684368793e-07	4.294439928570776e-56	Aque_Aqu2.1.37297-001;Scil_g11238	1.461101636464387e-07	1.9394489459032613e-89				Aque_Aqu2.1.36142-001;Scil_g11399	4.0505981920120795e-12	2.894138951045003e-212	Aque_Aqu2.1.19199-001;Scil_g8416	2.3543543443084444e-88	5.485112243567353e-44				Aque_Aqu2.1.28489-001;Scil_g4190	4.787491920802856e-09	1.0746376997004295e-07	Aque_Aqu2.1.36142-001;Scil_g11238	4.0505981920120795e-12	0.0008881357174513891	Aque_Aqu2.1.37599-001;Scil_g537	4.0684665683260758e-143	0.0003227670011408377							Aque_Aqu2.1.04817-001;Scil_g1572	2.5806510890960834e-15	2.202975058363325e-13	Aque_Aqu2.1.28223-001;Scil_g6719	1.3844036382592803e-13	4.667795661516825e-163	Aque_Aqu2.1.33443-001;Scil_g4792	4.986367745258103e-05	2.7116418518025155e-120	Aque_Aqu2.1.39919-001;Scil_g2615	8.838572398383237e-31	2.131626370260261e-24
Aque_Aqu2.1.24541-001;Scil_g5248	2.344168441479099e-143	8.405721108634551e-46	Aque_Aqu2.1.23379-001;Scil_g11542	5.755589128320401e-26	1.506806940604678e-07	Aque_Aqu2.1.23412-001;Scil_g10318	1.0708553104955673e-10	9.273405062181472e-07				Aque_Aqu2.1.38191-001;Scil_g1960	5.740348681209968e-44	4.195846293458743e-28	Aque_Aqu2.1.23379-001;Scil_g11542	5.755589128320401e-26	8.184790961571908e-28	Aque_Aqu2.1.37079-001;Scil_g9293	6.987535709667499e-114	4.527283219803815e-81	Aque_Aqu2.1.23379-001;Scil_g11542	5.755589128320401e-26	2.2916690810336528e-14	Aque_Aqu2.1.37762-001;Scil_g10909	1.6015037883301053e-113	6.232732040339726e-06	Aque_Aqu2.1.40997-001;Scil_g8299	3.056879980995244e-05	1.469427077049009e-12	Aque_Aqu2.1.19199-001;Scil_g8416	1.4936963311969493e-103	2.19091511370846e-58				Aque_Aqu2.1.36142-001;Scil_g11238	4.0505981920120795e-12	1.9394489459032613e-89	Aque_Aqu2.1.04817-001;Scil_g1572	2.5806510890960834e-15	6.942133508358538e-10							Aque_Aqu2.1.27307-001;Scil_g512	1.9463641251616724e-12	9.263761439545393e-05													Aque_Aqu2.1.40997-001;Scil_g8299	3.831716522362373e-96	1.469427077049009e-12	Aque_Aqu2.1.37082-001;Scil_g9294	1.421056760183191e-45	6.872848653790563e-14	Aque_Aqu2.1.28223-001;Scil_g6719	0.0001247782164728605	4.667795661516825e-163
Aque_Aqu2.1.23385-001;Scil_g11542	1.9931173808228414e-49	3.3880829309015886e-09	Aque_Aqu2.1.33740-001;Scil_g9293	1.0543340401031923e-102	2.0327085962972233e-06	Aque_Aqu2.1.22535-001;Scil_g10318	7.166399470023436e-67	9.273405062181472e-07				Aque_Aqu2.1.44118-001;Scil_g12540	1.4817066870190888e-117	3.463639262302927e-29	Aque_Aqu2.1.44138-001;Scil_g7102	8.430793710552281e-94	8.619838140574781e-27	Aque_Aqu2.1.43341-001;Scil_g4752	5.594181239016693e-111	3.7700902563568666e-87	Aque_Aqu2.1.34429-001;Scil_g1131	7.854915848010625e-74	5.951152287863651e-39	Aque_Aqu2.1.42789-001;Scil_g6184	5.664896642085612e-163	8.849958966415947e-13	Aque_Aqu2.1.41482-001;Scil_g5780	2.2364060071655327e-10	4.438340479347271e-14	Aque_Aqu2.1.10425-001;Scil_g8416	1.7884504694520865e-31	2.19091511370846e-58				Aque_Aqu2.1.37297-001;Scil_g11238	0.0038503850914560953	1.9394489459032613e-89										Aque_Aqu2.1.37297-001;Scil_g11238	0.0038503850914560953	0.0008881357174513891													Aque_Aqu2.1.33443-001;Scil_g6719	4.986367745258103e-05	4.667795661516825e-163	Aque_Aqu2.1.43995-001;Scil_g7247	1.2817282397478916e-13	1.0299157039374261e-43	Aque_Aqu2.1.39740-001;Scil_g5976	2.860462552437996e-15	8.416891860372864e-07
Aque_Aqu2.1.23379-001;Scil_g11542	5.755589128320401e-26	3.3880829309015886e-09	Aque_Aqu2.1.28647-001;Scil_g9720	1.7976193812861958e-143	6.137569233927377e-16	Aque_Aqu2.1.33693-001;Scil_g3594	2.272650030560976e-17	0.0012435836311851885				Aque_Aqu2.1.09762-001;Scil_g3084	2.728546897831895e-124	3.243320324773127e-24	Aque_Aqu2.1.15787-001;Scil_g8438	7.592400004336438e-49	3.3000588504902226e-27	Aque_Aqu2.1.23379-001;Scil_g11542	5.755589128320401e-26	3.8677566988318815e-89	Aque_Aqu2.1.42554-001;Scil_g7027	1.8699626977627877e-30	1.5807883100323112e-17	Aque_Aqu2.1.28570-001;Scil_g9100	6.837768357397875e-22	3.309555973941859e-08	Aque_Aqu2.1.21078-001;Scil_g119	1.2081164684569569e-05	8.183093804898087e-34	Aque_Aqu2.1.31965-001;Scil_g8416	5.978261534384289e-50	2.19091511370846e-58				Aque_Aqu2.1.37297-001;Scil_g11399	0.0038503850914560953	2.894138951045003e-212										Aque_Aqu2.1.31388-001;Scil_g6478	0.009425638668166618	2.0713961228819185e-07													Aque_Aqu2.1.39671-001;Scil_g1581	5.6277730716785066e-24	3.690890937832459e-10	Aque_Aqu2.1.39671-001;Scil_g1581	5.6277730716785066e-24	3.9616243298317514e-63	Aque_Aqu2.1.40413-001;Scil_g7126	1.0846582125047793e-30	3.229961612740437e-165
Aque_Aqu2.1.15787-001;Scil_g8438	7.592400004336438e-49	1.482202537003268e-12	Aque_Aqu2.1.30395-001;Scil_g3084	6.234964103978512e-06	0.0015932217832790715	Aque_Aqu2.1.22535-001;Scil_g7553	7.166399470023436e-67	2.1075774114314473e-16				Aque_Aqu2.1.44167-001;Scil_g6323	2.4503567949267662e-116	8.43118350918693e-31	Aque_Aqu2.1.27559-001;Scil_g13584	3.744327577318277e-75	1.0189556894392329e-25	Aque_Aqu2.1.32585-001;Scil_g3331	3.4239698025737356e-115	2.4001510602405676e-73	Aque_Aqu2.1.32585-001;Scil_g3331	3.4239698025737356e-115	2.909172164830507e-10	Aque_Aqu2.1.40224-001;Scil_g11001	3.315866519983422e-112	0.0074227933324055384	Aque_Aqu2.1.30867-001;Scil_g5780	8.811394793769746e-08	4.438340479347271e-14	Aque_Aqu2.1.37297-001;Scil_g11399	1.461101636464387e-07	2.894138951045003e-212				Aque_Aqu2.1.04817-001;Scil_g1572	2.5806510890960834e-15	1.2927991012931955e-28																									Aque_Aqu2.1.42703-001;Scil_g307	1.4754696956545303e-15	5.240464452601041e-35	Aque_Aqu2.1.44221-001;Scil_g10508	5.994069235373014e-92	1.172101711968211e-118	Aque_Aqu2.1.39905-001;Scil_g2366	3.4174332022971364e-10	1.7299228423533633e-176
Aque_Aqu2.1.31383-001;Scil_g5475	9.523828346058124e-51	8.67769501557812e-118	Aque_Aqu2.1.40908-001;Scil_g10622	4.597924904219899e-109	5.672028373892852e-07	Aque_Aqu2.1.23414-001;Scil_g10318	3.5770669737469e-05	9.273405062181472e-07				Aque_Aqu2.1.43309-001;Scil_g2223	1.4807065078763136e-142	2.608332291432828e-29	Aque_Aqu2.1.43341-001;Scil_g4752	5.594181239016693e-111	1.181668131650734e-32	Aque_Aqu2.1.33925-001;Scil_g8322	4.33182089821621e-115	5.123580890032053e-73	Aque_Aqu2.1.44167-001;Scil_g6323	2.4503567949267662e-116	1.2096124156419075e-15	Aque_Aqu2.1.18813-001;Scil_g2370	1.5941414811933208e-143	0.00841059917050751	Aque_Aqu2.1.41331-001;Scil_g480	0.0009888667913006417	0.007645490721541615	Aque_Aqu2.1.04817-001;Scil_g1572	0.0008862807273552347	1.2927991012931955e-28																															Aque_Aqu2.1.21078-001;Scil_g119	5.590581436452151e-38	8.183093804898087e-34	Aque_Aqu2.1.38146-001;Scil_g10508	6.387586082111135e-11	1.172101711968211e-118	Aque_Aqu2.1.43551-001;Scil_g6719	1.766587923083886e-08	4.667795661516825e-163
Aque_Aqu2.1.38191-001;Scil_g1960	5.740348681209968e-44	0.0007104193877687919	Aque_Aqu2.1.38191-001;Scil_g1960	5.740348681209968e-44	0.00042476366221591203	Aque_Aqu2.1.31388-001;Scil_g6171	0.0006755546556821743	0.0001969678383639993				Aque_Aqu2.1.37818-001;Scil_g5248	1.1042169105070999e-65	6.945787077049318e-31	Aque_Aqu2.1.34429-001;Scil_g1131	7.854915848010625e-74	2.324348127723197e-37	Aque_Aqu2.1.18283-001;Scil_g8502	8.281858889981098e-97	6.285446890746963e-69	Aque_Aqu2.1.33925-001;Scil_g8322	4.33182089821621e-115	2.3608033328001996e-09	Aque_Aqu2.1.41308-001;Scil_g4911	4.0631799851115316e-122	0.006805172847172677	Aque_Aqu2.1.34140-001;Scil_g5780	1.662739836406084e-09	4.438340479347271e-14																																		Aque_Aqu2.1.28489-001;Scil_g4190	1.2639077541595553e-28	2.899251819478398e-05	Aque_Aqu2.1.40044-001;Scil_g552	2.8322222814374473e-28	2.962245414170761e-82	Aque_Aqu2.1.21015-001;Scil_g12721	1.2898436236055814e-74	9.348156071914599e-158
Aque_Aqu2.1.44138-001;Scil_g7102	8.430793710552281e-94	1.0148093577067543e-05	Aque_Aqu2.1.33925-001;Scil_g8322	4.33182089821621e-115	0.00014773262290603944	Aque_Aqu2.1.31388-001;Scil_g5475	0.0006755546556821743	1.5012911483680183e-08				Aque_Aqu2.1.44138-001;Scil_g7102	8.430793710552281e-94	4.651753624006918e-30	Aque_Aqu2.1.18283-001;Scil_g8502	8.281858889981098e-97	6.826417300204483e-22	Aque_Aqu2.1.34241-001;Scil_g8844	7.816229863606503e-118	3.829968426034676e-75	Aque_Aqu2.1.25682-001;Scil_g12596	1.2153315557323154e-117	2.0362937777414225e-21	Aque_Aqu2.1.31383-001;Scil_g6171	9.523828346058124e-51	0.0012044811407773768	Aque_Aqu2.1.29497-001;Scil_g8135	0.009540321936991298	6.9932110111897075e-112																																		Aque_Aqu2.1.37426-001;Scil_g307	0.006785239769564729	5.240464452601041e-35	Aque_Aqu2.1.24884-001;Scil_g5407	2.088362072783549e-50	2.7298323162782964e-40	Aque_Aqu2.1.40997-001;Scil_g8299	1.1246864081167407e-15	1.469427077049009e-12
Aque_Aqu2.1.30395-001;Scil_g3084	6.234964103978512e-06	8.613399630843172e-08	Aque_Aqu2.1.44138-001;Scil_g7102	8.430793710552281e-94	0.004028317548400838	Aque_Aqu2.1.40808-001;Scil_g272	9.744230663720027e-132	5.536658986676173e-17				Aque_Aqu2.1.15787-001;Scil_g8438	7.592400004336438e-49	2.0007253157515325e-26	Aque_Aqu2.1.44118-001;Scil_g12540	1.4817066870190888e-117	2.610646052282262e-23	Aque_Aqu2.1.37747-001;Scil_g13124	1.520304058493942e-143	3.1083459192893426e-80	Aque_Aqu2.1.40409-001;Scil_g9552	2.5626223762526347e-95	7.633575180359256e-15	Aque_Aqu2.1.28485-001;Scil_g3011	1.600190302654529e-116	0.0013854718124747874	Aque_Aqu2.1.01979-001;Scil_g9833	0.007012591066954428	2.8314472469919925e-05																																		Aque_Aqu2.1.21015-001;Scil_g12721	4.488784099627258e-96	9.348156071914599e-158	Aque_Aqu2.1.24884-001;Scil_g297	2.088362072783549e-50	4.2380793147424527e-17	Aque_Aqu2.1.21015-001;Scil_g7598	1.2898436236055814e-74	4.5429894096136425e-47
Aque_Aqu2.1.33925-001;Scil_g8322	4.33182089821621e-115	8.873586631028495e-07	Aque_Aqu2.1.40409-001;Scil_g9552	2.5626223762526347e-95	4.575061119744404e-06	Aque_Aqu2.1.27307-001;Scil_g7553	5.4316044416240484e-21	2.1075774114314473e-16				Aque_Aqu2.1.33925-001;Scil_g8322	4.33182089821621e-115	3.7275967652203305e-32	Aque_Aqu2.1.31383-001;Scil_g5475	9.523828346058124e-51	3.022557317504227e-65	Aque_Aqu2.1.38354-001;Scil_g2690	1.1143806868995651e-101	3.0566631888684267e-85	Aque_Aqu2.1.26684-001;Scil_g9100	5.16651150424784e-114	4.5460056120501133e-64	Aque_Aqu2.1.41195-001;Scil_g8806	1.6646534696328347e-107	0.0083096944466759																																					Aque_Aqu2.1.40413-001;Scil_g7126	4.5608643156530816e-45	3.229961612740437e-165	Aque_Aqu2.1.43989-001;Scil_g7247	4.110904363096128e-06	1.0299157039374261e-43	Aque_Aqu2.1.39774-001;Scil_g6241	0.0019888630209188496	5.020432700134245e-47
Aque_Aqu2.1.43341-001;Scil_g4752	5.594181239016693e-111	9.582896611247217e-16	Aque_Aqu2.1.27559-001;Scil_g13584	3.744327577318277e-75	0.00011375793423539497	Aque_Aqu2.1.24376-001;Scil_g1742	3.214491794611835e-10	0.005393802207780202				Aque_Aqu2.1.06465-001;Scil_g13584	1.1423349568697603e-06	1.317978231665591e-32	Aque_Aqu2.1.44014-001;Scil_g8313	1.3224867554283511e-120	1.2251538909253376e-19	Aque_Aqu2.1.15787-001;Scil_g8438	7.592400004336438e-49	9.070271730461371e-61	Aque_Aqu2.1.41635-001;Scil_g12565	1.35534995308407e-94	2.3052423958412966e-22	Aque_Aqu2.1.22535-001;Scil_g10318	7.166399470023436e-67	0.0035069053847588943																																					Aque_Aqu2.1.08677-001;Scil_g12359	7.208488648075431e-16	1.9269850757515327e-15	Aque_Aqu2.1.43987-001;Scil_g7247	3.283156008267793e-06	1.0299157039374261e-43	Aque_Aqu2.1.33928-001;Scil_g119	1.7070164772059762e-09	8.183093804898087e-34
Aque_Aqu2.1.27559-001;Scil_g13584	3.744327577318277e-75	1.7273177650110448e-06	Aque_Aqu2.1.32585-001;Scil_g3331	3.4239698025737356e-115	0.00012084889939314865	Aque_Aqu2.1.33693-001;Scil_g7247	2.272650030560976e-17	6.567192429264145e-13				Aque_Aqu2.1.28091-001;Scil_g3361	2.7724493515918748e-102	3.461138050828157e-32	Aque_Aqu2.1.25682-001;Scil_g12596	1.2153315557323154e-117	2.6816152083312404e-25	Aque_Aqu2.1.27559-001;Scil_g13584	3.744327577318277e-75	8.830297466815829e-86	Aque_Aqu2.1.38354-001;Scil_g2690	1.1143806868995651e-101	2.8408259251504557e-10	Aque_Aqu2.1.24376-001;Scil_g1742	3.214491794611835e-10	1.5548599677586515e-14																																					Aque_Aqu2.1.39774-001;Scil_g6241	4.144077243426737e-05	5.020432700134245e-47	Aque_Aqu2.1.21078-001;Scil_g119	5.590581436452151e-38	8.483531066992057e-68	Aque_Aqu2.1.41049-001;Scil_g13539	3.1349616642062083e-119	9.049282398468563e-116
Aque_Aqu2.1.32585-001;Scil_g3331	3.4239698025737356e-115	9.107162206902228e-06	Aque_Aqu2.1.22254-001;Scil_g899	1.7812566036149077e-133	1.395448887392109e-05	Aque_Aqu2.1.43995-001;Scil_g3594	0.0011706263356069905	0.0012435836311851885				Aque_Aqu2.1.40739-001;Scil_g2647	1.6754096759265384e-122	2.9388523517484767e-27	Aque_Aqu2.1.34429-001;Scil_g10557	7.854915848010625e-74	9.099962988648261e-33	Aque_Aqu2.1.44138-001;Scil_g7102	8.430793710552281e-94	9.397369712138223e-81	Aque_Aqu2.1.40908-001;Scil_g10622	4.597924904219899e-109	6.394302271345599e-14	Aque_Aqu2.1.23412-001;Scil_g10318	1.0708553104955673e-10	0.0035069053847588943																																					Aque_Aqu2.1.39740-001;Scil_g5976	4.782629770823607e-08	8.416891860372864e-07	Aque_Aqu2.1.41012-001;Scil_g10508	0.00027018571509218245	1.172101711968211e-118	Aque_Aqu2.1.41049-001;Scil_g130	3.1349616642062083e-119	6.028113154288905e-97
Aque_Aqu2.1.44118-001;Scil_g12540	1.4817066870190888e-117	4.248522115768835e-13	Aque_Aqu2.1.34241-001;Scil_g8844	7.816229863606503e-118	5.4750347445063384e-05	Aque_Aqu2.1.41621-001;Scil_g10236	1.7335877317951547e-90	1.5668309604931468e-05				Aque_Aqu2.1.18283-001;Scil_g8502	8.281858889981098e-97	1.1482600547361892e-30	Aque_Aqu2.1.40908-001;Scil_g10622	4.597924904219899e-109	1.569646804739529e-25	Aque_Aqu2.1.37818-001;Scil_g5248	1.1042169105070999e-65	4.345424569978321e-87	Aque_Aqu2.1.34241-001;Scil_g8844	7.816229863606503e-118	3.8394228733058374e-12	Aque_Aqu2.1.22535-001;Scil_g7553	7.166399470023436e-67	1.3737629032164896e-08																																					Aque_Aqu2.1.24884-001;Scil_g5407	2.088362072783549e-50	3.021409703719255e-10	Aque_Aqu2.1.39919-001;Scil_g2615	2.486254135103664e-07	1.973424452152695e-87	Aque_Aqu2.1.44280-001;Scil_g11800	5.0051213357440856e-27	4.294439928570776e-56
Aque_Aqu2.1.40908-001;Scil_g10622	4.597924904219899e-109	1.3844453011819185e-09	Aque_Aqu2.1.41635-001;Scil_g12565	1.35534995308407e-94	4.306305207087842e-10	Aque_Aqu2.1.43985-001;Scil_g3594	5.989059835682736e-35	0.0012435836311851885				Aque_Aqu2.1.43341-001;Scil_g4752	5.594181239016693e-111	4.8644742181977365e-28	Aque_Aqu2.1.32585-001;Scil_g3331	3.4239698025737356e-115	3.618313525048105e-22	Aque_Aqu2.1.40908-001;Scil_g10622	4.597924904219899e-109	1.4648544704681704e-72	Aque_Aqu2.1.24541-001;Scil_g5248	2.344168441479099e-143	1.2679982680699118e-32	Aque_Aqu2.1.33693-001;Scil_g3594	2.272650030560976e-17	3.6199120186658103e-07																																					Aque_Aqu2.1.39919-001;Scil_g2615	2.486254135103664e-07	2.131626370260261e-24	Aque_Aqu2.1.28510-001;Scil_g1202	5.959189221181413e-33	2.137944644674663e-87	Aque_Aqu2.1.41621-001;Scil_g12515	3.759877614692764e-06	1.9388060911648285e-155
Aque_Aqu2.1.34241-001;Scil_g8844	7.816229863606503e-118	0.0010532049486188582	Aque_Aqu2.1.31383-001;Scil_g5475	9.523828346058124e-51	1.1315464773577559e-16	Aque_Aqu2.1.43995-001;Scil_g7247	0.0011706263356069905	6.567192429264145e-13				Aque_Aqu2.1.44322-001;Scil_g8502	8.465724691870346e-08	1.1482600547361892e-30	Aque_Aqu2.1.38354-001;Scil_g2690	1.1143806868995651e-101	1.0600290631026377e-22	Aque_Aqu2.1.34429-001;Scil_g10557	7.854915848010625e-74	9.079271581830076e-59	Aque_Aqu2.1.27559-001;Scil_g13584	3.744327577318277e-75	6.073181293138957e-14	Aque_Aqu2.1.37082-001;Scil_g9294	2.1405282321111328e-32	0.00039430439003192673																																					Aque_Aqu2.1.21015-001;Scil_g7598	4.488784099627258e-96	4.5429894096136425e-47	Aque_Aqu2.1.22423-001;Scil_g4454	0.003331405344316412	1.1103886230729967e-11	Aque_Aqu2.1.43674-001;Scil_g5780	4.400615814884635e-07	4.438340479347271e-14
Aque_Aqu2.1.29989-001;Scil_g1960	4.122966021694138e-114	0.0007104193877687919	Aque_Aqu2.1.21796-001;Scil_g6646	1.2188109824148507e-117	5.254428441302325e-05	Aque_Aqu2.1.22535-001;Scil_g12359	7.166399470023436e-67	2.144445648866892e-09				Aque_Aqu2.1.29989-001;Scil_g1960	4.122966021694138e-114	4.195846293458743e-28	Aque_Aqu2.1.37747-001;Scil_g13124	1.520304058493942e-143	5.025262881940858e-26	Aque_Aqu2.1.38191-001;Scil_g1960	5.740348681209968e-44	2.9246517722970066e-84	Aque_Aqu2.1.34429-001;Scil_g10557	7.854915848010625e-74	4.662754350747435e-22	Aque_Aqu2.1.31388-001;Scil_g5475	0.0006755546556821743	9.733826605182648e-13																																					Aque_Aqu2.1.08677-001;Scil_g130	7.208488648075431e-16	6.028113154288905e-97	Aque_Aqu2.1.42203-001;Scil_g4454	0.00045457418849529025	1.1103886230729967e-11	Aque_Aqu2.1.29076-001;Scil_g119	3.633124956792878e-18	8.183093804898087e-34
Aque_Aqu2.1.38354-001;Scil_g2690	1.1143806868995651e-101	0.0017266903651612794	Aque_Aqu2.1.18283-001;Scil_g8502	8.281858889981098e-97	5.469440974067932e-06	Aque_Aqu2.1.43985-001;Scil_g7247	5.989059835682736e-35	6.567192429264145e-13				Aque_Aqu2.1.41034-001;Scil_g10109	4.797725684898183e-118	1.2547793376441356e-32	Aque_Aqu2.1.38191-001;Scil_g1960	5.740348681209968e-44	1.1896021272034631e-19	Aque_Aqu2.1.24541-001;Scil_g5248	2.344168441479099e-143	4.345424569978321e-87	Aque_Aqu2.1.43309-001;Scil_g2223	1.4807065078763136e-142	6.216989607853477e-09	Aque_Aqu2.1.36280-001;Scil_g3164	3.288773730928107e-103	0.004251619687423816																																					Aque_Aqu2.1.40044-001;Scil_g552	2.8322222814374473e-28	3.2317786450872298e-09	Aque_Aqu2.1.37486-001;Scil_g4454	5.791765336917085e-10	1.1103886230729967e-11	Aque_Aqu2.1.31551-001;Scil_g5780	5.480233371944621e-11	4.438340479347271e-14
Aque_Aqu2.1.43309-001;Scil_g2223	1.4807065078763136e-142	0.00475699505779813	Aque_Aqu2.1.12657-001;Scil_g9127	2.9043498226616313e-98	0.00040417929364072773	Aque_Aqu2.1.41892-001;Scil_g13524	8.326661223111995e-07	7.148681397065469e-09				Aque_Aqu2.1.37079-001;Scil_g9293	6.987535709667499e-114	1.9689172488968712e-29	Aque_Aqu2.1.42554-001;Scil_g7027	1.8699626977627877e-30	2.678256897699413e-07	Aque_Aqu2.1.41635-001;Scil_g12565	1.35534995308407e-94	2.2895188199208253e-60	Aque_Aqu2.1.22710-001;Scil_g8427	1.3243501395407459e-103	9.216859774033707e-10	Aque_Aqu2.1.27307-001;Scil_g7553	5.4316044416240484e-21	1.3737629032164896e-08																																					Aque_Aqu2.1.33928-001;Scil_g119	8.346851545633894e-09	8.183093804898087e-34	Aque_Aqu2.1.29076-001;Scil_g119	8.254780582515275e-21	8.483531066992057e-68	Aque_Aqu2.1.29497-001;Scil_g8135	1.2112662309644303e-77	6.9932110111897075e-112
Aque_Aqu2.1.41034-001;Scil_g10109	4.797725684898183e-118	1.770538732218707e-08	Aque_Aqu2.1.44167-001;Scil_g6323	2.4503567949267662e-116	0.0001630156474362856	Aque_Aqu2.1.20356-001;Scil_g3529	6.823879787147695e-08	2.093688421356121e-06				Aque_Aqu2.1.26243-001;Scil_g10351	1.5830287265807447e-24	4.705000651757418e-29	Aque_Aqu2.1.24541-001;Scil_g5248	2.344168441479099e-143	4.1374492819070456e-42	Aque_Aqu2.1.31383-001;Scil_g5475	9.523828346058124e-51	1.0194968753723972e-60	Aque_Aqu2.1.44138-001;Scil_g7102	8.430793710552281e-94	4.783630652335782e-12	Aque_Aqu2.1.29496-001;Scil_g3180	1.2768054689113486e-36	0.0068237415641267205																																					Aque_Aqu2.1.08677-001;Scil_g13539	7.208488648075431e-16	9.049282398468563e-116	Aque_Aqu2.1.29077-001;Scil_g119	1.3133214504172145e-07	8.483531066992057e-68	Aque_Aqu2.1.24884-001;Scil_g5407	1.3533160291778027e-08	3.021409703719255e-10
Aque_Aqu2.1.25682-001;Scil_g12596	1.2153315557323154e-117	1.1242994341967465e-07	Aque_Aqu2.1.28091-001;Scil_g3361	2.7724493515918748e-102	1.2031245930314625e-06	Aque_Aqu2.1.21070-001;Scil_g11267	3.312065753504341e-07	1.1341174139769212e-10				Aque_Aqu2.1.41635-001;Scil_g12565	1.35534995308407e-94	3.4330489231634714e-27	Aque_Aqu2.1.29989-001;Scil_g1960	4.122966021694138e-114	1.1896021272034631e-19	Aque_Aqu2.1.44118-001;Scil_g12540	1.4817066870190888e-117	1.882206204865044e-69	Aque_Aqu2.1.38191-001;Scil_g1960	5.740348681209968e-44	9.938346147083772e-14	Aque_Aqu2.1.36105-001;Scil_g6454	8.927728054109878e-36	1.778726365220206e-07																																					Aque_Aqu2.1.31064-001;Scil_g11800	0.00019272678791150202	4.294439928570776e-56	Aque_Aqu2.1.39774-001;Scil_g6241	4.144077243426737e-05	4.013876324151638e-60	Aque_Aqu2.1.40044-001;Scil_g552	2.9840605065936037e-06	3.2317786450872298e-09
Aque_Aqu2.1.37897-001;Scil_g10541	3.596150988906412e-108	3.267211057540293e-17	Aque_Aqu2.1.18867-001;Scil_g1791	2.2639624801972363e-67	0.0010565579073081835	Aque_Aqu2.1.40997-001;Scil_g8299	2.3806102975701186e-10	0.008618618800409443				Aque_Aqu2.1.38354-001;Scil_g2690	1.1143806868995651e-101	2.6163407344790857e-30	Aque_Aqu2.1.40409-001;Scil_g9552	2.5626223762526347e-95	3.3557377367950697e-28	Aque_Aqu2.1.29050-001;Scil_g13035	2.867105090061806e-114	1.1063005991738399e-72	Aque_Aqu2.1.43341-001;Scil_g4752	5.594181239016693e-111	1.6467605959324167e-18	Aque_Aqu2.1.43382-001;Scil_g12220	1.0768824237806037e-94	0.0009659005016648402																																					Aque_Aqu2.1.44280-001;Scil_g11800	1.013546532817293e-30	4.294439928570776e-56	Aque_Aqu2.1.42204-001;Scil_g4454	1.4452367274558129e-06	1.1103886230729967e-11	Aque_Aqu2.1.20342-001;Scil_g6013	6.019578265264503e-43	5.349844587091893e-06
Aque_Aqu2.1.41892-001;Scil_g7730	8.326661223111995e-07	1.5799935728484158e-135	Aque_Aqu2.1.15787-001;Scil_g8438	7.592400004336438e-49	0.00010719752979213449	Aque_Aqu2.1.24541-001;Scil_g8569	2.344168441479099e-143	0.002318487703504653				Aque_Aqu2.1.32585-001;Scil_g3331	3.4239698025737356e-115	2.965484125253934e-27	Aque_Aqu2.1.44167-001;Scil_g6323	2.4503567949267662e-116	1.4640053109577592e-27	Aque_Aqu2.1.44167-001;Scil_g6323	2.4503567949267662e-116	3.149403095929297e-103	Aque_Aqu2.1.31383-001;Scil_g5475	9.523828346058124e-51	7.0699733600357465e-34	Aque_Aqu2.1.40808-001;Scil_g272	9.744230663720027e-132	6.109596287158863e-08																																					Aque_Aqu2.1.29076-001;Scil_g119	8.254780582515275e-21	8.183093804898087e-34	Aque_Aqu2.1.29081-001;Scil_g119	7.183480367196946e-22	8.483531066992057e-68	Aque_Aqu2.1.34344-001;Scil_g119	2.149882173753952e-14	8.183093804898087e-34
Aque_Aqu2.1.37818-001;Scil_g5248	1.1042169105070999e-65	8.405721108634551e-46	Aque_Aqu2.1.42789-001;Scil_g6184	5.664896642085612e-163	9.705668444366824e-30	Aque_Aqu2.1.29526-001;Scil_g6102	4.1378039240497674e-50	7.373943173121945e-05				Aque_Aqu2.1.24263-001;Scil_g13234	6.882511556510769e-115	1.4676283807936775e-33	Aque_Aqu2.1.30395-001;Scil_g3084	6.234964103978512e-06	8.488743128598577e-22	Aque_Aqu2.1.30395-001;Scil_g3084	6.234964103978512e-06	2.1164977796425206e-71	Aque_Aqu2.1.30395-001;Scil_g3084	6.234964103978512e-06	1.6680726027748166e-14	Aque_Aqu2.1.31388-001;Scil_g6171	0.0006755546556821743	0.0012044811407773768																																					Aque_Aqu2.1.34344-001;Scil_g119	8.471951911253183e-28	8.183093804898087e-34	Aque_Aqu2.1.34343-001;Scil_g119	1.192967813648859e-24	8.483531066992057e-68	Aque_Aqu2.1.43276-001;Scil_g9048	1.2417305666889384e-72	0.0006806523861305761
Aque_Aqu2.1.12657-001;Scil_g9127	2.9043498226616313e-98	4.969314305993928e-07	Aque_Aqu2.1.28485-001;Scil_g3011	1.600190302654529e-116	4.0838048259716775e-11	Aque_Aqu2.1.37818-001;Scil_g8569	1.1042169105070999e-65	0.002318487703504653				Aque_Aqu2.1.44014-001;Scil_g8313	1.3224867554283511e-120	1.0078988750317435e-28	Aque_Aqu2.1.06465-001;Scil_g13584	1.1423349568697603e-06	1.0189556894392329e-25	Aque_Aqu2.1.12657-001;Scil_g9127	2.9043498226616313e-98	9.909821004720199e-64	Aque_Aqu2.1.31156-001;Scil_g934	2.318635514291666e-106	1.4101587976561175e-16	Aque_Aqu2.1.33693-001;Scil_g7247	2.272650030560976e-17	1.835919467419676e-06																																					Aque_Aqu2.1.29081-001;Scil_g119	7.183480367196946e-22	8.183093804898087e-34	Aque_Aqu2.1.38560-001;Scil_g10147	1.0497286366750963e-20	2.0455780024077852e-97	Aque_Aqu2.1.29077-001;Scil_g119	0.004321048201029846	8.183093804898087e-34
Aque_Aqu2.1.37747-001;Scil_g13124	1.520304058493942e-143	5.0473100795997714e-11	Aque_Aqu2.1.33543-001;Scil_g2483	2.8949349109542336e-49	8.212857265746832e-07	Aque_Aqu2.1.27307-001;Scil_g12359	5.4316044416240484e-21	2.144445648866892e-09				Aque_Aqu2.1.21796-001;Scil_g6646	1.2188109824148507e-117	4.6370158205746026e-33	Aque_Aqu2.1.26684-001;Scil_g9100	5.16651150424784e-114	9.381175816560873e-82	Aque_Aqu2.1.40409-001;Scil_g9552	2.5626223762526347e-95	2.538977004733728e-80	Aque_Aqu2.1.37747-001;Scil_g13124	1.520304058493942e-143	4.7010770451932086e-21	Aque_Aqu2.1.42622-001;Scil_g6134	3.3255266621818837e-110	9.044867898856546e-06																																					Aque_Aqu2.1.23371-001;Scil_g9815	2.814354895128478e-35	1.2687676408392314e-05	Aque_Aqu2.1.34140-001;Scil_g5780	1.0121820050408576e-29	9.523472070261023e-52	Aque_Aqu2.1.23371-001;Scil_g9815	8.590115473506136e-09	1.2687676408392314e-05
Aque_Aqu2.1.40409-001;Scil_g9552	2.5626223762526347e-95	3.304486623886278e-08	Aque_Aqu2.1.44014-001;Scil_g8313	1.3224867554283511e-120	0.0005586320044965266	Aque_Aqu2.1.42605-001;Scil_g6760	9.509180868415106e-59	0.0003968510940255742				Aque_Aqu2.1.40908-001;Scil_g10622	4.597924904219899e-109	3.5743978695368e-30	Aque_Aqu2.1.28091-001;Scil_g3361	2.7724493515918748e-102	3.2233197243884162e-27	Aque_Aqu2.1.38546-001;Scil_g13572	5.0069341824032954e-104	1.0065906908588268e-64	Aque_Aqu2.1.28091-001;Scil_g3361	2.7724493515918748e-102	1.0206107096113408e-16	Aque_Aqu2.1.43985-001;Scil_g3594	5.989059835682736e-35	3.6199120186658103e-07																																					Aque_Aqu2.1.41482-001;Scil_g5780	2.257130122823816e-08	4.438340479347271e-14	Aque_Aqu2.1.29979-001;Scil_g3316	0.005096289705461217	2.3045368986684485e-55	Aque_Aqu2.1.40905-001;Scil_g8135	1.6276630887661414e-22	6.9932110111897075e-112
Aque_Aqu2.1.22254-001;Scil_g899	1.7812566036149077e-133	3.0829669064953717e-09	Aque_Aqu2.1.37747-001;Scil_g13124	1.520304058493942e-143	2.827258149001122e-07	Aque_Aqu2.1.29134-001;Scil_g3738	2.8373595677325286e-12	1.1136050750241444e-06				Aque_Aqu2.1.41260-001;Scil_g10372	1.638108573287336e-99	1.0828662679986097e-28	Aque_Aqu2.1.37897-001;Scil_g10541	3.596150988906412e-108	1.7646705941473414e-23	Aque_Aqu2.1.21796-001;Scil_g6646	1.2188109824148507e-117	4.215278083872324e-82	Aque_Aqu2.1.39934-001;Scil_g898	4.277056854050607e-115	2.0367847367110465e-19	Aque_Aqu2.1.37818-001;Scil_g13687	1.1042169105070999e-65	0.0004820655630868981																																					Aque_Aqu2.1.29497-001;Scil_g8135	6.077919633614359e-57	6.9932110111897075e-112	Aque_Aqu2.1.14505-001;Scil_g10145	4.1608280773534837e-17	1.20737102316251e-40	Aque_Aqu2.1.34140-001;Scil_g5780	1.2311513054768545e-08	4.438340479347271e-14
Aque_Aqu2.1.21796-001;Scil_g6646	1.2188109824148507e-117	1.167359356443979e-08	Aque_Aqu2.1.29989-001;Scil_g1960	4.122966021694138e-114	0.00042476366221591203	Aque_Aqu2.1.37095-001;Scil_g6760	1.7138617390298075e-107	0.0003968510940255742				Aque_Aqu2.1.29050-001;Scil_g13035	2.867105090061806e-114	1.2365579924609172e-31	Aque_Aqu2.1.34241-001;Scil_g8844	7.816229863606503e-118	1.2698640868690275e-19	Aque_Aqu2.1.34429-001;Scil_g1131	7.854915848010625e-74	4.750734964399833e-20	Aque_Aqu2.1.31383-001;Scil_g6171	9.523828346058124e-51	9.056319468329115e-16	Aque_Aqu2.1.42087-001;Scil_g6454	4.453201835818651e-25	1.778726365220206e-07																																					Aque_Aqu2.1.30867-001;Scil_g5780	1.3309245062395783e-20	4.438340479347271e-14	Aque_Aqu2.1.34344-001;Scil_g119	8.471951911253183e-28	8.483531066992057e-68	Aque_Aqu2.1.34343-001;Scil_g119	1.074270232820891e-06	8.183093804898087e-34
Aque_Aqu2.1.41635-001;Scil_g12565	1.35534995308407e-94	6.86277603737645e-20	Aque_Aqu2.1.41034-001;Scil_g10109	4.797725684898183e-118	5.917216911066135e-06	Aque_Aqu2.1.31383-001;Scil_g6478	9.523828346058124e-51	2.0713961228819185e-07				Aque_Aqu2.1.28816-001;Scil_g12156	1.0840523851845123e-95	2.378756955538921e-30	Aque_Aqu2.1.41635-001;Scil_g12565	1.35534995308407e-94	7.11103053070413e-31	Aque_Aqu2.1.28091-001;Scil_g3361	2.7724493515918748e-102	1.9094199635254498e-86	Aque_Aqu2.1.18692-001;Scil_g3716	1.8143969612667923e-88	4.8851071887128e-16	Aque_Aqu2.1.23414-001;Scil_g10318	3.5770669737469e-05	0.0035069053847588943																																					Aque_Aqu2.1.43674-001;Scil_g5780	4.20083387372124e-06	4.438340479347271e-14	Aque_Aqu2.1.08677-001;Scil_g130	7.208488648075431e-16	2.5764296468008397e-54	Aque_Aqu2.1.41302-001;Scil_g480	1.593114344057822e-11	0.007645490721541615
Aque_Aqu2.1.44167-001;Scil_g6323	2.4503567949267662e-116	5.615542609817356e-06	Aque_Aqu2.1.29050-001;Scil_g13035	2.867105090061806e-114	0.005667957035805792	Aque_Aqu2.1.22535-001;Scil_g512	7.166399470023436e-67	9.263761439545393e-05				Aque_Aqu2.1.31156-001;Scil_g934	2.318635514291666e-106	2.1761146726921674e-24	Aque_Aqu2.1.37762-001;Scil_g10909	1.6015037883301053e-113	1.138964769375012e-35	Aque_Aqu2.1.29989-001;Scil_g1960	4.122966021694138e-114	2.9246517722970066e-84	Aque_Aqu2.1.21796-001;Scil_g6646	1.2188109824148507e-117	2.159471284552303e-13	Aque_Aqu2.1.24541-001;Scil_g13687	2.344168441479099e-143	0.0004820655630868981																																					Aque_Aqu2.1.29077-001;Scil_g119	1.3133214504172145e-07	8.183093804898087e-34	Aque_Aqu2.1.30867-001;Scil_g5780	1.3309245062395783e-20	9.523472070261023e-52	Aque_Aqu2.1.37079-001;Scil_g176	3.790274397321719e-05	5.692674651683935e-38
Aque_Aqu2.1.38546-001;Scil_g13572	5.0069341824032954e-104	3.2432473517928744e-12	Aque_Aqu2.1.37974-001;Scil_g13124	2.4185485011480635e-14	2.827258149001122e-07	Aque_Aqu2.1.35749-001;Scil_g2045	1.2546820677197086e-26	0.001353728084665654				Aque_Aqu2.1.40409-001;Scil_g9552	2.5626223762526347e-95	5.5833672175142426e-30	Aque_Aqu2.1.22254-001;Scil_g899	1.7812566036149077e-133	3.437973076284372e-18	Aque_Aqu2.1.44014-001;Scil_g8313	1.3224867554283511e-120	2.7096579109553722e-73	Aque_Aqu2.1.28485-001;Scil_g3011	1.600190302654529e-116	9.289221153050297e-21	Aque_Aqu2.1.28301-001;Scil_g5638	1.7962661367019432e-48	0.002720125866926419																																					Aque_Aqu2.1.25769-001;Scil_g428	3.2643039449818794e-11	7.352420249980202e-34	Aque_Aqu2.1.37082-001;Scil_g10145	1.421056760183191e-45	1.20737102316251e-40	Aque_Aqu2.1.39198-001;Scil_g10207	0.004815534639638943	7.005310318631569e-09
Aque_Aqu2.1.26684-001;Scil_g9100	5.16651150424784e-114	9.492093129603579e-74	Aque_Aqu2.1.24263-001;Scil_g13234	6.882511556510769e-115	0.004613674064868128	Aque_Aqu2.1.27307-001;Scil_g512	5.4316044416240484e-21	9.263761439545393e-05				Aque_Aqu2.1.34241-001;Scil_g8844	7.816229863606503e-118	8.270417529990675e-30	Aque_Aqu2.1.41034-001;Scil_g10109	4.797725684898183e-118	2.892317313510048e-24	Aque_Aqu2.1.41034-001;Scil_g10109	4.797725684898183e-118	5.099758942267646e-76	Aque_Aqu2.1.37897-001;Scil_g10541	3.596150988906412e-108	6.57063542698551e-18	Aque_Aqu2.1.43995-001;Scil_g3594	0.0011706263356069905	3.6199120186658103e-07																																					Aque_Aqu2.1.34343-001;Scil_g119	1.192967813648859e-24	8.183093804898087e-34	Aque_Aqu2.1.33928-001;Scil_g119	8.346851545633894e-09	8.483531066992057e-68	Aque_Aqu2.1.24541-001;Scil_g8569	2.8194141356318613e-14	6.137663104161381e-07
Aque_Aqu2.1.40224-001;Scil_g11001	3.315866519983422e-112	4.673516307589749e-27	Aque_Aqu2.1.22710-001;Scil_g8427	1.3243501395407459e-103	0.0012806071428835017	Aque_Aqu2.1.37082-001;Scil_g10145	2.1405282321111328e-32	0.001829901374241206				Aque_Aqu2.1.19270-001;Scil_g3638	3.5649902187242884e-79	3.3779325928262674e-33	Aque_Aqu2.1.43309-001;Scil_g2223	1.4807065078763136e-142	1.1824749386326192e-15	Aque_Aqu2.1.26684-001;Scil_g9100	5.16651150424784e-114	4.431133014279975e-85	Aque_Aqu2.1.44118-001;Scil_g12540	1.4817066870190888e-117	3.8385471861854374e-17	Aque_Aqu2.1.36440-001;Scil_g1526	3.740727356250706e-136	0.0003162530224919177																																					Aque_Aqu2.1.34140-001;Scil_g5780	1.0121820050408576e-29	4.438340479347271e-14	Aque_Aqu2.1.31551-001;Scil_g5780	0.0004550419940629617	9.523472070261023e-52	Aque_Aqu2.1.28510-001;Scil_g1202	4.1221548809449937e-10	3.3821603506346413e-16
Aque_Aqu2.1.26386-001;Scil_g3151	1.5137191822064672e-111	0.00515175187978701	Aque_Aqu2.1.40224-001;Scil_g11001	3.315866519983422e-112	3.415393142310733e-11	Aque_Aqu2.1.38120-001;Scil_g9161	5.5719593329706205e-11	5.467814952247853e-06				Aque_Aqu2.1.43837-001;Scil_g11217	1.1210704729117143e-102	4.0471262773751485e-31	Aque_Aqu2.1.21796-001;Scil_g6646	1.2188109824148507e-117	8.81279017960577e-25	Aque_Aqu2.1.26386-001;Scil_g3151	1.5137191822064672e-111	1.4093258886650166e-79	Aque_Aqu2.1.41034-001;Scil_g10109	4.797725684898183e-118	2.1514221431293514e-13	Aque_Aqu2.1.41621-001;Scil_g10236	1.7335877317951547e-90	0.00026139808404389384																																					Aque_Aqu2.1.27224-001;Scil_g2125	5.542768429070787e-13	3.1285544590709315e-07	Aque_Aqu2.1.25769-001;Scil_g428	3.2643039449818794e-11	4.882256298355068e-30	Aque_Aqu2.1.37818-001;Scil_g8569	4.366072114981543e-05	6.137663104161381e-07
Aque_Aqu2.1.44014-001;Scil_g8313	1.3224867554283511e-120	5.792693122681881e-09	Aque_Aqu2.1.35077-001;Scil_g1925	1.9812419822161078e-144	9.863584516166805e-05	Aque_Aqu2.1.31388-001;Scil_g6478	0.0006755546556821743	2.0713961228819185e-07				Aque_Aqu2.1.28647-001;Scil_g9721	1.7976193812861958e-143	7.577881201524598e-35	Aque_Aqu2.1.18692-001;Scil_g3716	1.8143969612667923e-88	1.7968179199774513e-21	Aque_Aqu2.1.43837-001;Scil_g11217	1.1210704729117143e-102	5.818232190310775e-63	Aque_Aqu2.1.29050-001;Scil_g13035	2.867105090061806e-114	1.8988012706578457e-12	Aque_Aqu2.1.43276-001;Scil_g9800	1.0182416073641277e-129	1.638671556825415e-05																																					Aque_Aqu2.1.31551-001;Scil_g5780	0.0004550419940629617	4.438340479347271e-14	Aque_Aqu2.1.28301-001;Scil_g5638	2.4420291072502505e-07	1.6400795514834958e-11	Aque_Aqu2.1.27224-001;Scil_g2125	0.00698422672407088	3.1285544590709315e-07
Aque_Aqu2.1.31383-001;Scil_g6171	9.523828346058124e-51	1.0056964963507036e-19	Aque_Aqu2.1.44118-001;Scil_g12540	1.4817066870190888e-117	0.006755473607174291	Aque_Aqu2.1.38117-001;Scil_g9161	3.0791084021370375e-13	5.467814952247853e-06				Aque_Aqu2.1.39934-001;Scil_g898	4.277056854050607e-115	4.791095145702529e-28	Aque_Aqu2.1.35077-001;Scil_g1925	1.9812419822161078e-144	5.381376058846554e-26	Aque_Aqu2.1.22254-001;Scil_g899	1.7812566036149077e-133	1.5069532943305937e-73	Aque_Aqu2.1.12657-001;Scil_g9127	2.9043498226616313e-98	2.1452234959374112e-15	Aque_Aqu2.1.35141-001;Scil_g1526	6.369627006647753e-61	0.0003162530224919177																																					Aque_Aqu2.1.13384-001;Scil_g9815	0.008071454308217863	1.2687676408392314e-05	Aque_Aqu2.1.21015-001;Scil_g12721	4.488784099627258e-96	3.730096607435771e-60	Aque_Aqu2.1.36440-001;Scil_g1526	0.0004778198145944702	2.8422847635952194e-22
Aque_Aqu2.1.18692-001;Scil_g3716	1.8143969612667923e-88	7.505370824467688e-17	Aque_Aqu2.1.37762-001;Scil_g10909	1.6015037883301053e-113	2.2241019785670017e-09							Aque_Aqu2.1.42554-001;Scil_g7031	1.8699626977627877e-30	7.134089148464098e-36	Aque_Aqu2.1.29050-001;Scil_g13035	2.867105090061806e-114	7.890264326015334e-17	Aque_Aqu2.1.22710-001;Scil_g8427	1.3243501395407459e-103	2.7270190093475373e-62	Aque_Aqu2.1.41892-001;Scil_g7730	8.326661223111995e-07	4.4688508201363783e-54	Aque_Aqu2.1.33574-001;Scil_g5971	1.1841602777534483e-14	0.0016656789088993393																																					Aque_Aqu2.1.36440-001;Scil_g1526	0.0004578582749838875	2.8422847635952194e-22	Aque_Aqu2.1.40376-001;Scil_g6432	5.626029519789693e-17	1.874406088735017e-55	Aque_Aqu2.1.32713-001;Scil_g9048	0.0018930843638392614	0.0006806523861305761
Aque_Aqu2.1.22535-001;Scil_g10318	7.166399470023436e-67	1.9050675754389048e-121	Aque_Aqu2.1.12182-001;Scil_g126	8.042327751520662e-114	1.0557160727415847e-05							Aque_Aqu2.1.28647-001;Scil_g9745	1.7976193812861958e-143	7.526772075700955e-35	Aque_Aqu2.1.38546-001;Scil_g13572	5.0069341824032954e-104	3.259373550428103e-34	Aque_Aqu2.1.18692-001;Scil_g3716	1.8143969612667923e-88	4.345326670657666e-56	Aque_Aqu2.1.29989-001;Scil_g1960	4.122966021694138e-114	9.938346147083772e-14	Aque_Aqu2.1.20356-001;Scil_g3529	6.823879787147695e-08	1.3749199681716434e-05																																					Aque_Aqu2.1.41331-001;Scil_g480	0.00283942250833063	0.007645490721541615	Aque_Aqu2.1.41482-001;Scil_g5780	2.257130122823816e-08	9.523472070261023e-52	Aque_Aqu2.1.25578-001;Scil_g9048	0.005312301831445139	0.0006806523861305761
Aque_Aqu2.1.28091-001;Scil_g3361	2.7724493515918748e-102	4.4204741936856534e-07	Aque_Aqu2.1.44322-001;Scil_g8502	8.465724691870346e-08	5.469440974067932e-06							Aque_Aqu2.1.37974-001;Scil_g13124	2.4185485011480635e-14	1.5503120334201774e-32	Aque_Aqu2.1.22535-001;Scil_g10318	7.166399470023436e-67	3.553319866193591e-117	Aque_Aqu2.1.33543-001;Scil_g2483	2.8949349109542336e-49	2.3631279581350617e-81	Aque_Aqu2.1.39147-001;Scil_g10727	2.5070991514612063e-37	2.0204331007295328e-18	Aque_Aqu2.1.36105-001;Scil_g4183	8.927728054109878e-36	2.1544109305533706e-05																																					Aque_Aqu2.1.41302-001;Scil_g480	8.674583355148573e-05	0.007645490721541615	Aque_Aqu2.1.29497-001;Scil_g8135	6.077919633614359e-57	7.268874910053745e-105	Aque_Aqu2.1.32713-001;Scil_g2679	0.0018930843638392614	1.679427428550206e-24
Aque_Aqu2.1.22710-001;Scil_g8427	1.3243501395407459e-103	0.0001180137873160895	Aque_Aqu2.1.19270-001;Scil_g3638	3.5649902187242884e-79	2.4149305346393523e-06							Aque_Aqu2.1.07543-001;Scil_g9250	5.249550863120593e-114	4.9213180426735996e-29	Aque_Aqu2.1.22710-001;Scil_g8427	1.3243501395407459e-103	8.815721219916792e-20	Aque_Aqu2.1.06465-001;Scil_g13584	1.1423349568697603e-06	8.830297466815829e-86	Aque_Aqu2.1.35077-001;Scil_g1925	1.9812419822161078e-144	1.647458782128891e-13	Aque_Aqu2.1.28194-001;Scil_g2206	1.444625855187625e-59	0.008491320247283619																																					Aque_Aqu2.1.40905-001;Scil_g8135	2.293128987599471e-12	6.9932110111897075e-112	Aque_Aqu2.1.42065-001;Scil_g10015	5.305955151225863e-07	1.6357140778066739e-52	Aque_Aqu2.1.37816-001;Scil_g9048	0.00680584638096658	0.0006806523861305761
Aque_Aqu2.1.28570-001;Scil_g9100	6.837768357397875e-22	9.492093129603579e-74	Aque_Aqu2.1.31156-001;Scil_g934	2.318635514291666e-106	0.00011035524533462285							Aque_Aqu2.1.40224-001;Scil_g11001	3.315866519983422e-112	6.48020227092106e-28	Aque_Aqu2.1.28570-001;Scil_g9100	6.837768357397875e-22	9.381175816560873e-82	Aque_Aqu2.1.28816-001;Scil_g12156	1.0840523851845123e-95	5.558996386598562e-88	Aque_Aqu2.1.31156-001;Scil_g3115	2.318635514291666e-106	3.296071510775639e-13	Aque_Aqu2.1.08202-001;Scil_g5971	1.1705734604072884e-09	0.0016656789088993393																																					Aque_Aqu2.1.28510-001;Scil_g1202	5.959189221181413e-33	3.3821603506346413e-16	Aque_Aqu2.1.40905-001;Scil_g8135	2.293128987599471e-12	7.268874910053745e-105	Aque_Aqu2.1.42548-001;Scil_g5592	7.448014540555121e-28	0.0009687842369938387
Aque_Aqu2.1.28816-001;Scil_g12156	1.0840523851845123e-95	5.956140136346139e-07	Aque_Aqu2.1.18692-001;Scil_g3716	1.8143969612667923e-88	4.8817581392999204e-05							Aque_Aqu2.1.41621-001;Scil_g12515	1.7335877317951547e-90	5.346446460598241e-35	Aque_Aqu2.1.42789-001;Scil_g6184	5.664896642085612e-163	2.166570838916711e-125	Aque_Aqu2.1.18867-001;Scil_g1791	2.2639624801972363e-67	4.3266666180884725e-67	Aque_Aqu2.1.38546-001;Scil_g13572	5.0069341824032954e-104	3.597585664632302e-19	Aque_Aqu2.1.38435-001;Scil_g9800	3.2496804617101288e-21	1.638671556825415e-05																																					Aque_Aqu2.1.29496-001;Scil_g8135	0.0005693519180481434	6.9932110111897075e-112	Aque_Aqu2.1.36440-001;Scil_g1526	0.0004578582749838875	3.712075563814436e-13	Aque_Aqu2.1.25578-001;Scil_g2679	0.005312301831445139	1.679427428550206e-24
Aque_Aqu2.1.25378-001;Scil_g10648	3.4926863395162285e-66	7.830285387808455e-21	Aque_Aqu2.1.41892-001;Scil_g7730	8.326661223111995e-07	5.537552632789637e-30							Aque_Aqu2.1.22710-001;Scil_g8427	1.3243501395407459e-103	4.117636580294802e-30	Aque_Aqu2.1.43837-001;Scil_g11217	1.1210704729117143e-102	2.793755724915361e-29	Aque_Aqu2.1.39934-001;Scil_g898	4.277056854050607e-115	6.800368420259299e-69	Aque_Aqu2.1.37818-001;Scil_g5248	1.1042169105070999e-65	1.2679982680699118e-32	Aque_Aqu2.1.37713-001;Scil_g9800	1.7092280498504553e-19	1.638671556825415e-05																																					Aque_Aqu2.1.40376-001;Scil_g6432	5.626029519789693e-17	4.606732307814675e-08	Aque_Aqu2.1.27224-001;Scil_g1638	5.542768429070787e-13	6.255681168728642e-18			
Aque_Aqu2.1.31156-001;Scil_g934	2.318635514291666e-106	5.363881456203511e-06	Aque_Aqu2.1.39934-001;Scil_g898	4.277056854050607e-115	1.3785825510333721e-07							Aque_Aqu2.1.38191-001;Scil_g3256	5.740348681209968e-44	2.5683729046325867e-34	Aque_Aqu2.1.24263-001;Scil_g13234	6.882511556510769e-115	1.740719392769678e-21	Aque_Aqu2.1.37897-001;Scil_g10541	3.596150988906412e-108	1.0179536710946066e-65	Aque_Aqu2.1.28816-001;Scil_g12156	1.0840523851845123e-95	2.9924851253454205e-16	Aque_Aqu2.1.43985-001;Scil_g7247	5.989059835682736e-35	1.835919467419676e-06																																					Aque_Aqu2.1.41049-001;Scil_g13539	0.007200126607303983	9.049282398468563e-116	Aque_Aqu2.1.29496-001;Scil_g8135	0.0005693519180481434	7.268874910053745e-105			
Aque_Aqu2.1.28485-001;Scil_g3011	1.600190302654529e-116	1.9707375325841484e-19	Aque_Aqu2.1.31156-001;Scil_g3115	2.318635514291666e-106	9.949628338311761e-05							Aque_Aqu2.1.22254-001;Scil_g899	1.7812566036149077e-133	4.870713547806121e-28	Aque_Aqu2.1.28816-001;Scil_g12156	1.0840523851845123e-95	8.733593707245316e-25	Aque_Aqu2.1.25378-001;Scil_g10648	3.4926863395162285e-66	2.822246599512697e-48	Aque_Aqu2.1.43837-001;Scil_g11217	1.1210704729117143e-102	1.2564413622721723e-15	Aque_Aqu2.1.29497-001;Scil_g3180	1.613969228591092e-36	0.0068237415641267205																																					Aque_Aqu2.1.41049-001;Scil_g130	0.007200126607303983	6.028113154288905e-97	Aque_Aqu2.1.27258-001;Scil_g2151	4.614981215518772e-18	2.1306324542531485e-14			
Aque_Aqu2.1.33543-001;Scil_g2483	2.8949349109542336e-49	3.9347779853216416e-11	Aque_Aqu2.1.37897-001;Scil_g10541	3.596150988906412e-108	1.9274690689107347e-06							Aque_Aqu2.1.38546-001;Scil_g13572	5.0069341824032954e-104	5.698177658595809e-32	Aque_Aqu2.1.31156-001;Scil_g934	2.318635514291666e-106	2.2813058804717203e-19	Aque_Aqu2.1.43964-001;Scil_g12296	2.812363658409223e-98	1.7326413365624258e-76	Aque_Aqu2.1.18867-001;Scil_g1791	2.2639624801972363e-67	4.982921453594645e-16	Aque_Aqu2.1.37127-001;Scil_g10022	3.4100710983951623e-73	8.501328074660269e-05																																					Aque_Aqu2.1.41653-001;Scil_g8832	5.400992414490759e-06	0.0018353239855180515	Aque_Aqu2.1.08677-001;Scil_g13539	7.208488648075431e-16	1.6160642433650672e-60			
Aque_Aqu2.1.39934-001;Scil_g898	4.277056854050607e-115	8.456582637408564e-14	Aque_Aqu2.1.28570-001;Scil_g9100	6.837768357397875e-22	3.4139365581545695e-13							Aque_Aqu2.1.37747-001;Scil_g13124	1.520304058493942e-143	1.5503120334201774e-32	Aque_Aqu2.1.33543-001;Scil_g2483	2.8949349109542336e-49	7.265350651882608e-30	Aque_Aqu2.1.41892-001;Scil_g7730	8.326661223111995e-07	1.848853293888105e-48	Aque_Aqu2.1.18813-001;Scil_g2370	1.5941414811933208e-143	9.864930640486917e-23	Aque_Aqu2.1.42087-001;Scil_g4183	4.453201835818651e-25	2.1544109305533706e-05																																					Aque_Aqu2.1.42548-001;Scil_g5592	1.627868894535477e-08	0.0009687842369938387	Aque_Aqu2.1.43637-001;Scil_g13000	8.152574204947499e-32	1.952236994263986e-27			
Aque_Aqu2.1.37762-001;Scil_g10909	1.6015037883301053e-113	8.791641658390305e-28	Aque_Aqu2.1.25378-001;Scil_g10648	3.4926863395162285e-66	1.3616407310954638e-07							Aque_Aqu2.1.37762-001;Scil_g10909	1.6015037883301053e-113	4.8090343206501666e-26	Aque_Aqu2.1.26386-001;Scil_g3151	1.5137191822064672e-111	3.337269753797986e-14	Aque_Aqu2.1.28570-001;Scil_g9100	6.837768357397875e-22	4.431133014279975e-85	Aque_Aqu2.1.26386-001;Scil_g3151	1.5137191822064672e-111	1.0859840233832854e-07	Aque_Aqu2.1.43558-001;Scil_g9800	3.1472571512040617e-06	1.638671556825415e-05																																								Aque_Aqu2.1.29497-001;Scil_g208	6.077919633614359e-57	0.0007807904053612592			
Aque_Aqu2.1.29050-001;Scil_g13035	2.867105090061806e-114	0.0034772885719664866	Aque_Aqu2.1.38546-001;Scil_g13572	5.0069341824032954e-104	3.2187760499076835e-05							Aque_Aqu2.1.37897-001;Scil_g10541	3.596150988906412e-108	2.214021363887168e-28	Aque_Aqu2.1.28485-001;Scil_g3011	1.600190302654529e-116	7.432108138464828e-35	Aque_Aqu2.1.37974-001;Scil_g13124	2.4185485011480635e-14	3.1083459192893426e-80	Aque_Aqu2.1.19270-001;Scil_g3638	3.5649902187242884e-79	2.95230448538281e-11	Aque_Aqu2.1.16620-001;Scil_g10793	3.397334660599216e-165	0.0038274748429859853																																								Aque_Aqu2.1.40905-001;Scil_g208	2.293128987599471e-12	0.0007807904053612592			
Aque_Aqu2.1.42789-001;Scil_g6184	5.664896642085612e-163	2.6364575164338604e-129	Aque_Aqu2.1.06465-001;Scil_g13584	1.1423349568697603e-06	0.00011375793423539497							Aque_Aqu2.1.12182-001;Scil_g126	8.042327751520662e-114	6.353586959225678e-28	Aque_Aqu2.1.41892-001;Scil_g7730	8.326661223111995e-07	6.527140180093046e-75	Aque_Aqu2.1.31156-001;Scil_g934	2.318635514291666e-106	9.841352137562082e-61	Aque_Aqu2.1.42789-001;Scil_g6184	5.664896642085612e-163	1.6518109528589368e-43	Aque_Aqu2.1.18818-001;Scil_g4454	0.0006048601476495157	0.0058539690226123535																																								Aque_Aqu2.1.41302-001;Scil_g480	8.674583355148573e-05	4.9500489656182e-14			
Aque_Aqu2.1.37974-001;Scil_g13124	2.4185485011480635e-14	5.0473100795997714e-11	Aque_Aqu2.1.43837-001;Scil_g11217	1.1210704729117143e-102	3.2661032254693935e-09							Aque_Aqu2.1.18087-001;Scil_g6946	5.622543966129217e-113	4.805608760781418e-33	Aque_Aqu2.1.40224-001;Scil_g11001	3.315866519983422e-112	6.197040524160817e-34	Aque_Aqu2.1.07543-001;Scil_g9250	5.249550863120593e-114	8.608756882245051e-59	Aque_Aqu2.1.37762-001;Scil_g10909	1.6015037883301053e-113	1.4920277812909865e-25	Aque_Aqu2.1.40905-001;Scil_g3180	9.527533673684782e-19	0.0068237415641267205																																								Aque_Aqu2.1.41892-001;Scil_g2609	5.2142493076430264e-14	4.899467216959548e-35			
Aque_Aqu2.1.06465-001;Scil_g13584	1.1423349568697603e-06	1.7273177650110448e-06	Aque_Aqu2.1.18813-001;Scil_g2370	1.5941414811933208e-143	1.002222768105565e-10							Aque_Aqu2.1.25378-001;Scil_g10648	3.4926863395162285e-66	1.7091277535270563e-29	Aque_Aqu2.1.19270-001;Scil_g3638	3.5649902187242884e-79	6.323510666914789e-25	Aque_Aqu2.1.40224-001;Scil_g11001	3.315866519983422e-112	2.2211286544007835e-54	Aque_Aqu2.1.44014-001;Scil_g8313	1.3224867554283511e-120	7.487766455253768e-14	Aque_Aqu2.1.43995-001;Scil_g7247	0.0011706263356069905	1.835919467419676e-06																																								Aque_Aqu2.1.27224-001;Scil_g2125	5.542768429070787e-13	8.586817729591137e-06			
Aque_Aqu2.1.44322-001;Scil_g8502	8.465724691870346e-08	0.0001125842595486595	Aque_Aqu2.1.28816-001;Scil_g12156	1.0840523851845123e-95	0.0003336632426161369							Aque_Aqu2.1.18867-001;Scil_g1791	2.2639624801972363e-67	1.2393264487057163e-24	Aque_Aqu2.1.37974-001;Scil_g13124	2.4185485011480635e-14	5.025262881940858e-26	Aque_Aqu2.1.37762-001;Scil_g10909	1.6015037883301053e-113	1.4332134140768212e-55	Aque_Aqu2.1.44322-001;Scil_g8502	8.465724691870346e-08	3.900938968952003e-14	Aque_Aqu2.1.36579-001;Scil_g2206	1.3401575227138799e-05	0.008491320247283619																																								Aque_Aqu2.1.29496-001;Scil_g208	0.0005693519180481434	0.0007807904053612592			
Aque_Aqu2.1.41260-001;Scil_g10372	1.638108573287336e-99	4.182197422728708e-06	Aque_Aqu2.1.32930-001;Scil_g9250	7.663138857997222e-90	3.990057683318061e-07							Aque_Aqu2.1.31156-001;Scil_g3115	2.318635514291666e-106	1.9052396997285373e-25	Aque_Aqu2.1.26243-001;Scil_g10351	1.5830287265807447e-24	8.419839001558344e-31	Aque_Aqu2.1.41195-001;Scil_g8806	1.6646534696328347e-107	9.512399600537748e-60	Aque_Aqu2.1.37974-001;Scil_g13124	2.4185485011480635e-14	4.7010770451932086e-21	Aque_Aqu2.1.43440-001;Scil_g3916	2.966613490803621e-57	0.005369350349491335																																								Aque_Aqu2.1.28223-001;Scil_g2609	1.3844036382592803e-13	4.899467216959548e-35			
Aque_Aqu2.1.43837-001;Scil_g11217	1.1210704729117143e-102	7.031620451575667e-11	Aque_Aqu2.1.28078-001;Scil_g13124	6.696460884889418e-10	2.827258149001122e-07							Aque_Aqu2.1.31383-001;Scil_g5475	9.523828346058124e-51	6.830955559382154e-13	Aque_Aqu2.1.25378-001;Scil_g10648	3.4926863395162285e-66	2.731164709689598e-28	Aque_Aqu2.1.41260-001;Scil_g10372	1.638108573287336e-99	2.215038609504181e-65	Aque_Aqu2.1.22254-001;Scil_g899	1.7812566036149077e-133	3.5051377776433094e-12	Aque_Aqu2.1.39784-001;Scil_g8784	1.5219993781510476e-58	0.0002651182373152537																																								Aque_Aqu2.1.35197-001;Scil_g12865	1.2879642783987652e-05	1.7423819084919963e-10			
Aque_Aqu2.1.26243-001;Scil_g10351	1.5830287265807447e-24	1.0750028497526998e-11	Aque_Aqu2.1.26243-001;Scil_g10351	1.5830287265807447e-24	1.0434172648269722e-06							Aque_Aqu2.1.33543-001;Scil_g2483	2.8949349109542336e-49	6.549457678977496e-31	Aque_Aqu2.1.44322-001;Scil_g8502	8.465724691870346e-08	6.826417300204483e-22	Aque_Aqu2.1.44322-001;Scil_g8502	8.465724691870346e-08	6.285446890746963e-69	Aque_Aqu2.1.26243-001;Scil_g10351	1.5830287265807447e-24	1.085398765841042e-14	Aque_Aqu2.1.28194-001;Scil_g8784	1.444625855187625e-59	0.0002651182373152537																																								Aque_Aqu2.1.41692-001;Scil_g11208	0.0001319903308633703	3.6264886828622354e-38			
Aque_Aqu2.1.18813-001;Scil_g2370	1.5941414811933208e-143	6.0645879119682976e-21	Aque_Aqu2.1.07543-001;Scil_g9250	5.249550863120593e-114	3.990057683318061e-07							Aque_Aqu2.1.26235-001;Scil_g10351	2.948099927086428e-09	4.705000651757418e-29	Aque_Aqu2.1.07543-001;Scil_g9250	5.249550863120593e-114	4.1373330780167935e-17	Aque_Aqu2.1.28485-001;Scil_g3011	1.600190302654529e-116	3.0681923564616005e-45	Aque_Aqu2.1.25378-001;Scil_g10648	3.4926863395162285e-66	1.4447379148200845e-22	Aque_Aqu2.1.42204-001;Scil_g4454	1.3945913874113773e-13	0.0058539690226123535																																								Aque_Aqu2.1.41049-001;Scil_g13539	0.007200126607303983	1.6160642433650672e-60			
Aque_Aqu2.1.43964-001;Scil_g12296	2.812363658409223e-98	0.0014786282723364549	Aque_Aqu2.1.41195-001;Scil_g8806	1.6646534696328347e-107	0.0034962194896498316							Aque_Aqu2.1.26386-001;Scil_g3151	1.5137191822064672e-111	2.329752217838099e-27	Aque_Aqu2.1.35984-001;Scil_g126	5.373579406054885e-86	1.3788308138597304e-18	Aque_Aqu2.1.24263-001;Scil_g13234	6.882511556510769e-115	1.130488708969864e-66	Aque_Aqu2.1.41195-001;Scil_g8806	1.6646534696328347e-107	2.133035859959718e-17	Aque_Aqu2.1.42546-001;Scil_g6498	3.5093384982538397e-07	7.920116868350879e-06																																								Aque_Aqu2.1.33443-001;Scil_g2609	4.986367745258103e-05	4.899467216959548e-35			
Aque_Aqu2.1.35077-001;Scil_g1925	1.9812419822161078e-144	2.712662381125601e-08	Aque_Aqu2.1.41308-001;Scil_g4911	4.0631799851115316e-122	1.3917087498778264e-09							Aque_Aqu2.1.32930-001;Scil_g9250	7.663138857997222e-90	4.9213180426735996e-29	Aque_Aqu2.1.39934-001;Scil_g898	4.277056854050607e-115	3.1181823353106053e-31	Aque_Aqu2.1.31383-001;Scil_g6171	9.523828346058124e-51	7.224585969744619e-17	Aque_Aqu2.1.41308-001;Scil_g4911	4.0631799851115316e-122	8.020356386861775e-28	Aque_Aqu2.1.40997-001;Scil_g8299	2.3806102975701186e-10	1.5517683950655508e-05																																								Aque_Aqu2.1.41653-001;Scil_g8832	5.400992414490759e-06	6.810477483205047e-09			
Aque_Aqu2.1.24263-001;Scil_g13234	6.882511556510769e-115	3.5532478333336825e-05	Aque_Aqu2.1.26684-001;Scil_g9100	5.16651150424784e-114	3.4139365581545695e-13							Aque_Aqu2.1.41195-001;Scil_g8806	1.6646534696328347e-107	3.532694777869304e-32	Aque_Aqu2.1.31383-001;Scil_g6171	9.523828346058124e-51	1.8799084512343173e-07	Aque_Aqu2.1.12182-001;Scil_g126	8.042327751520662e-114	3.6306081640342108e-62	Aque_Aqu2.1.06465-001;Scil_g13584	1.1423349568697603e-06	6.073181293138957e-14	Aque_Aqu2.1.34889-001;Scil_g928	5.140233485381033e-67	4.6778555603329e-06																																								Aque_Aqu2.1.41049-001;Scil_g130	0.007200126607303983	2.5764296468008397e-54			
Aque_Aqu2.1.19270-001;Scil_g3638	3.5649902187242884e-79	0.00031590728095961336	Aque_Aqu2.1.35984-001;Scil_g126	5.373579406054885e-86	1.0557160727415847e-05							Aque_Aqu2.1.21251-001;Scil_g6498	4.624562609038775e-08	1.4914290361385531e-33	Aque_Aqu2.1.18867-001;Scil_g1791	2.2639624801972363e-67	6.21750578193695e-20	Aque_Aqu2.1.19270-001;Scil_g3638	3.5649902187242884e-79	3.126620641303029e-66	Aque_Aqu2.1.12182-001;Scil_g126	8.042327751520662e-114	1.0973840682262227e-15	Aque_Aqu2.1.24985-001;Scil_g9168	2.648227574502731e-19	0.00547239122845304																																								Aque_Aqu2.1.43674-001;Scil_g5780	4.20083387372124e-06	9.523472070261023e-52			
Aque_Aqu2.1.39147-001;Scil_g10727	2.5070991514612063e-37	7.997099558511204e-15	Aque_Aqu2.1.43964-001;Scil_g12296	2.812363658409223e-98	0.006504362151927693							Aque_Aqu2.1.28078-001;Scil_g13124	6.696460884889418e-10	1.5503120334201774e-32	Aque_Aqu2.1.14207-001;Scil_g3151	4.846865897652857e-15	3.337269753797986e-14	Aque_Aqu2.1.26243-001;Scil_g10351	1.5830287265807447e-24	1.801680273604697e-70	Aque_Aqu2.1.24263-001;Scil_g13234	6.882511556510769e-115	2.156350327239463e-08	Aque_Aqu2.1.24541-001;Scil_g8569	2.344168441479099e-143	4.028550266669323e-08																																								Aque_Aqu2.1.41331-001;Scil_g480	0.00283942250833063	4.9500489656182e-14			
Aque_Aqu2.1.33636-001;Scil_g4533	1.2164548748428428e-123	4.804774652979508e-09	Aque_Aqu2.1.18688-001;Scil_g8353	1.5079384116635895e-120	1.887827910038745e-08							Aque_Aqu2.1.14207-001;Scil_g3151	4.846865897652857e-15	2.329752217838099e-27	Aque_Aqu2.1.39147-001;Scil_g10727	2.5070991514612063e-37	1.4935894335352493e-27	Aque_Aqu2.1.42789-001;Scil_g6184	5.664896642085612e-163	3.370548361046537e-49	Aque_Aqu2.1.41260-001;Scil_g10372	1.638108573287336e-99	1.2882547760750843e-10	Aque_Aqu2.1.21070-001;Scil_g11267	3.312065753504341e-07	2.3540169995218933e-11																																													
Aque_Aqu2.1.28078-001;Scil_g13124	6.696460884889418e-10	5.0473100795997714e-11	Aque_Aqu2.1.33636-001;Scil_g4533	1.2164548748428428e-123	2.6282221011498477e-07							Aque_Aqu2.1.33636-001;Scil_g4533	1.2164548748428428e-123	1.9195602170903987e-28	Aque_Aqu2.1.12657-001;Scil_g9127	2.9043498226616313e-98	1.9180281398608468e-25	Aque_Aqu2.1.32930-001;Scil_g9250	7.663138857997222e-90	8.608756882245051e-59	Aque_Aqu2.1.40224-001;Scil_g11001	3.315866519983422e-112	2.642671527300501e-25	Aque_Aqu2.1.37888-001;Scil_g2206	1.1074993725506151e-05	0.008491320247283619																																													
Aque_Aqu2.1.32930-001;Scil_g9250	7.663138857997222e-90	9.225972791626216e-05	Aque_Aqu2.1.04943-001;Scil_g6390	1.7992188705826774e-46	0.0004426183608297867							Aque_Aqu2.1.35077-001;Scil_g1925	1.9812419822161078e-144	1.1931758511331472e-30	Aque_Aqu2.1.41195-001;Scil_g8806	1.6646534696328347e-107	1.497982654793258e-28	Aque_Aqu2.1.31194-001;Scil_g2893	9.479286352586293e-109	4.1790469793471275e-67	Aque_Aqu2.1.31194-001;Scil_g2893	9.479286352586293e-109	6.604752979739573e-05	Aque_Aqu2.1.28194-001;Scil_g10793	1.444625855187625e-59	0.0038274748429859853																																													
Aque_Aqu2.1.07543-001;Scil_g9250	5.249550863120593e-114	9.225972791626216e-05	Aque_Aqu2.1.22535-001;Scil_g10318	7.166399470023436e-67	9.464405989639034e-20							Aque_Aqu2.1.31194-001;Scil_g2893	9.479286352586293e-109	2.7336384862294577e-28	Aque_Aqu2.1.41308-001;Scil_g4911	4.0631799851115316e-122	1.186165049932623e-35	Aque_Aqu2.1.22535-001;Scil_g10318	7.166399470023436e-67	7.821326770216505e-50	Aque_Aqu2.1.28570-001;Scil_g9100	6.837768357397875e-22	4.5460056120501133e-64	Aque_Aqu2.1.37818-001;Scil_g8569	1.1042169105070999e-65	4.028550266669323e-08																																													
Aque_Aqu2.1.18867-001;Scil_g1791	2.2639624801972363e-67	1.0991542737376063e-10	Aque_Aqu2.1.26225-001;Scil_g8003	1.4585812166144586e-112	0.003900190863728813							Aque_Aqu2.1.43964-001;Scil_g12296	2.812363658409223e-98	2.023509819452198e-30	Aque_Aqu2.1.18813-001;Scil_g2370	1.5941414811933208e-143	1.482034420039412e-28	Aque_Aqu2.1.28647-001;Scil_g9629	1.7976193812861958e-143	1.044665942443564e-42	Aque_Aqu2.1.33543-001;Scil_g2483	2.8949349109542336e-49	2.4743737086392722e-17	Aque_Aqu2.1.37121-001;Scil_g2819	2.3401256518012982e-05	0.0012092077076257333																																													
Aque_Aqu2.1.12182-001;Scil_g126	8.042327751520662e-114	3.2501189209134817e-07	Aque_Aqu2.1.18087-001;Scil_g6946	5.622543966129217e-113	9.548750729128278e-05							Aque_Aqu2.1.36280-001;Scil_g11065	3.288773730928107e-103	2.189092483020785e-34	Aque_Aqu2.1.41260-001;Scil_g10372	1.638108573287336e-99	1.588417199705642e-13	Aque_Aqu2.1.33636-001;Scil_g4533	1.2164548748428428e-123	7.797763909075695e-53	Aque_Aqu2.1.07543-001;Scil_g9250	5.249550863120593e-114	4.679867173450839e-10	Aque_Aqu2.1.37527-001;Scil_g2206	3.012591765827895e-10	0.008491320247283619																																													
Aque_Aqu2.1.41195-001;Scil_g8806	1.6646534696328347e-107	1.620013444434782e-09	Aque_Aqu2.1.37082-001;Scil_g9294	2.1405282321111328e-32	0.0005604984985741648							Aque_Aqu2.1.18692-001;Scil_g3716	1.8143969612667923e-88	8.940732873518671e-24	Aque_Aqu2.1.31194-001;Scil_g2893	9.479286352586293e-109	4.64292107913646e-13	Aque_Aqu2.1.41308-001;Scil_g4911	4.0631799851115316e-122	1.5477669986671432e-64	Aque_Aqu2.1.32930-001;Scil_g9250	7.663138857997222e-90	4.679867173450839e-10	Aque_Aqu2.1.42605-001;Scil_g6760	9.509180868415106e-59	6.689046699577236e-06																																													
Aque_Aqu2.1.26235-001;Scil_g10351	2.948099927086428e-09	1.0750028497526998e-11	Aque_Aqu2.1.26235-001;Scil_g10351	2.948099927086428e-09	1.0434172648269722e-06							Aque_Aqu2.1.12854-001;Scil_g6390	8.308052623456065e-109	1.0199996880480351e-25	Aque_Aqu2.1.23412-001;Scil_g10318	1.0708553104955673e-10	3.553319866193591e-117	Aque_Aqu2.1.35077-001;Scil_g1925	1.9812419822161078e-144	6.0278276567541066e-71	Aque_Aqu2.1.22535-001;Scil_g10318	7.166399470023436e-67	1.0643507007288056e-31	Aque_Aqu2.1.21251-001;Scil_g6498	4.624562609038775e-08	7.920116868350879e-06																																													
Aque_Aqu2.1.41308-001;Scil_g4911	4.0631799851115316e-122	4.079618096962501e-15	Aque_Aqu2.1.28647-001;Scil_g9629	1.7976193812861958e-143	5.20777561014077e-06							Aque_Aqu2.1.28485-001;Scil_g3011	1.600190302654529e-116	2.3206749395402484e-24	Aque_Aqu2.1.32930-001;Scil_g9250	7.663138857997222e-90	4.1373330780167935e-17	Aque_Aqu2.1.31156-001;Scil_g3115	2.318635514291666e-106	1.6986442456646085e-63	Aque_Aqu2.1.35984-001;Scil_g126	5.373579406054885e-86	1.0973840682262227e-15	Aque_Aqu2.1.29526-001;Scil_g6102	4.1378039240497674e-50	1.4384318509827973e-08																																													
Aque_Aqu2.1.35984-001;Scil_g126	5.373579406054885e-86	3.2501189209134817e-07	Aque_Aqu2.1.39147-001;Scil_g10727	2.5070991514612063e-37	4.4024662440568134e-10							Aque_Aqu2.1.13985-001;Scil_g10648	0.007557710813279713	1.7091277535270563e-29	Aque_Aqu2.1.12182-001;Scil_g126	8.042327751520662e-114	1.3788308138597304e-18	Aque_Aqu2.1.39147-001;Scil_g10727	2.5070991514612063e-37	8.874507497459804e-51	Aque_Aqu2.1.18087-001;Scil_g6946	5.622543966129217e-113	1.9443880064660386e-12	Aque_Aqu2.1.35102-001;Scil_g13155	1.0235518336439858e-13	0.00108610380115498																																													
Aque_Aqu2.1.18087-001;Scil_g6946	5.622543966129217e-113	5.859780357073901e-06	Aque_Aqu2.1.31388-001;Scil_g5475	0.0006755546556821743	1.1315464773577559e-16							Aque_Aqu2.1.42490-001;Scil_g10912	3.576635191646024e-93	2.5603986800769806e-31	Aque_Aqu2.1.18087-001;Scil_g6946	5.622543966129217e-113	4.194659854269045e-23	Aque_Aqu2.1.18813-001;Scil_g2370	1.5941414811933208e-143	8.039283064270192e-46	Aque_Aqu2.1.37082-001;Scil_g9294	2.1405282321111328e-32	2.1168801538703186e-30	Aque_Aqu2.1.43276-001;Scil_g9048	1.0182416073641277e-129	3.542389512272324e-05																																													
Aque_Aqu2.1.31156-001;Scil_g3115	2.318635514291666e-106	0.0010319331161782648	Aque_Aqu2.1.36280-001;Scil_g3164	3.288773730928107e-103	3.395884945542444e-11							Aque_Aqu2.1.04943-001;Scil_g6390	1.7992188705826774e-46	1.0199996880480351e-25	Aque_Aqu2.1.31156-001;Scil_g3115	2.318635514291666e-106	1.9874244980301546e-15	Aque_Aqu2.1.33693-001;Scil_g3594	2.272650030560976e-17	1.5503061382583601e-105	Aque_Aqu2.1.26235-001;Scil_g10351	2.948099927086428e-09	1.085398765841042e-14	Aque_Aqu2.1.43623-001;Scil_g8784	2.967833146368427e-22	0.0002651182373152537																																													
Aque_Aqu2.1.28647-001;Scil_g9629	1.7976193812861958e-143	1.1892682469653484e-09	Aque_Aqu2.1.05055-001;Scil_g6010	3.25953972638231e-05	2.3418321173038007e-07							Aque_Aqu2.1.35984-001;Scil_g126	5.373579406054885e-86	6.353586959225678e-28	Aque_Aqu2.1.33636-001;Scil_g4533	1.2164548748428428e-123	4.647802748272642e-20	Aque_Aqu2.1.14207-001;Scil_g3151	4.846865897652857e-15	1.4093258886650166e-79	Aque_Aqu2.1.43964-001;Scil_g12296	2.812363658409223e-98	3.445921597730826e-08	Aque_Aqu2.1.31578-001;Scil_g3074	8.586407622992138e-19	1.346508945983536e-07																																													
Aque_Aqu2.1.14207-001;Scil_g3151	4.846865897652857e-15	0.00515175187978701	Aque_Aqu2.1.42490-001;Scil_g10912	3.576635191646024e-93	5.276356383236125e-06							Aque_Aqu2.1.18813-001;Scil_g2370	1.5941414811933208e-143	2.3016984929402203e-16	Aque_Aqu2.1.43964-001;Scil_g12296	2.812363658409223e-98	3.346497122749445e-21	Aque_Aqu2.1.04943-001;Scil_g6390	1.7992188705826774e-46	7.02771997417453e-39	Aque_Aqu2.1.28078-001;Scil_g13124	6.696460884889418e-10	4.7010770451932086e-21	Aque_Aqu2.1.29134-001;Scil_g3738	2.8373595677325286e-12	0.00016005913854869318																																													
Aque_Aqu2.1.22535-001;Scil_g7553	7.166399470023436e-67	9.133444795757553e-80	Aque_Aqu2.1.12854-001;Scil_g6390	8.308052623456065e-109	0.0004426183608297867							Aque_Aqu2.1.39147-001;Scil_g10727	2.5070991514612063e-37	5.3790944061414885e-31	Aque_Aqu2.1.42490-001;Scil_g10912	3.576635191646024e-93	2.1681651407318145e-16	Aque_Aqu2.1.37082-001;Scil_g9294	2.1405282321111328e-32	1.3628430822872695e-110	Aque_Aqu2.1.14207-001;Scil_g3151	4.846865897652857e-15	1.0859840233832854e-07	Aque_Aqu2.1.35749-001;Scil_g2045	1.2546820677197086e-26	3.006903699878e-06																																													
Aque_Aqu2.1.37082-001;Scil_g9294	2.1405282321111328e-32	7.398452149228935e-27	Aque_Aqu2.1.23412-001;Scil_g10318	1.0708553104955673e-10	9.464405989639034e-20							Aque_Aqu2.1.36579-001;Scil_g2206	1.3401575227138799e-05	1.789730753399385e-35	Aque_Aqu2.1.28647-001;Scil_g9629	1.7976193812861958e-143	1.665705154764232e-18	Aque_Aqu2.1.28078-001;Scil_g13124	6.696460884889418e-10	3.1083459192893426e-80	Aque_Aqu2.1.33636-001;Scil_g4533	1.2164548748428428e-123	1.8708960727415162e-13	Aque_Aqu2.1.18089-001;Scil_g10793	2.3222255630625573e-12	0.0038274748429859853																																													
Aque_Aqu2.1.37748-001;Scil_g13124	0.006868279958800548	5.0473100795997714e-11	Aque_Aqu2.1.22535-001;Scil_g7553	7.166399470023436e-67	4.986251481251046e-12							Aque_Aqu2.1.26225-001;Scil_g8003	1.4585812166144586e-112	3.1244419571910374e-33	Aque_Aqu2.1.26235-001;Scil_g10351	2.948099927086428e-09	8.419839001558344e-31	Aque_Aqu2.1.26235-001;Scil_g10351	2.948099927086428e-09	1.801680273604697e-70	Aque_Aqu2.1.27063-001;Scil_g1476	3.201242607069932e-92	4.640606366961899e-21	Aque_Aqu2.1.31383-001;Scil_g6478	9.523828346058124e-51	2.8224428709090352e-08																																													
Aque_Aqu2.1.23412-001;Scil_g10318	1.0708553104955673e-10	1.9050675754389048e-121	Aque_Aqu2.1.25405-001;Scil_g8993	2.7610085691748473e-15	0.0004803308010437986							Aque_Aqu2.1.37527-001;Scil_g2206	3.012591765827895e-10	1.789730753399385e-35	Aque_Aqu2.1.28078-001;Scil_g13124	6.696460884889418e-10	5.025262881940858e-26	Aque_Aqu2.1.27063-001;Scil_g1476	3.201242607069932e-92	1.536142534863774e-40	Aque_Aqu2.1.28647-001;Scil_g9629	1.7976193812861958e-143	1.0437985872802362e-12	Aque_Aqu2.1.03528-001;Scil_g2790	2.524224078298844e-07	5.8011316007930236e-05																																													
Aque_Aqu2.1.42490-001;Scil_g10912	3.576635191646024e-93	6.190445712745466e-05	Aque_Aqu2.1.33693-001;Scil_g3594	2.272650030560976e-17	1.0220743222184018e-12							Aque_Aqu2.1.39108-001;Scil_g1492	1.5603924607670408e-114	6.717614844397946e-34	Aque_Aqu2.1.26225-001;Scil_g8003	1.4585812166144586e-112	1.944877142584509e-23	Aque_Aqu2.1.37748-001;Scil_g13124	0.006868279958800548	3.1083459192893426e-80	Aque_Aqu2.1.22535-001;Scil_g7553	7.166399470023436e-67	8.211209747719209e-32	Aque_Aqu2.1.38735-001;Scil_g283	3.575419685973744e-06	1.646819472511749e-08																																													
Aque_Aqu2.1.26225-001;Scil_g8003	1.4585812166144586e-112	1.3408848379056449e-05	Aque_Aqu2.1.13985-001;Scil_g10648	0.007557710813279713	1.3616407310954638e-07							Aque_Aqu2.1.28194-001;Scil_g2206	1.444625855187625e-59	1.789730753399385e-35	Aque_Aqu2.1.27063-001;Scil_g1476	3.201242607069932e-92	5.80260888617779e-25	Aque_Aqu2.1.12854-001;Scil_g6390	8.308052623456065e-109	7.02771997417453e-39	Aque_Aqu2.1.26225-001;Scil_g8003	1.4585812166144586e-112	2.700078951419934e-12	Aque_Aqu2.1.37095-001;Scil_g6760	1.7138617390298075e-107	6.689046699577236e-06																																													
Aque_Aqu2.1.27063-001;Scil_g1476	3.201242607069932e-92	1.1397925882342014e-20	Aque_Aqu2.1.37748-001;Scil_g13124	0.006868279958800548	2.827258149001122e-07							Aque_Aqu2.1.26684-001;Scil_g1710	5.16651150424784e-114	1.5967687352963646e-35	Aque_Aqu2.1.37748-001;Scil_g13124	0.006868279958800548	5.025262881940858e-26	Aque_Aqu2.1.26225-001;Scil_g8003	1.4585812166144586e-112	1.2299980963726166e-56	Aque_Aqu2.1.31388-001;Scil_g5475	0.0006755546556821743	7.0699733600357465e-34	Aque_Aqu2.1.37888-001;Scil_g10793	1.1074993725506151e-05	0.0038274748429859853																																													
Aque_Aqu2.1.18688-001;Scil_g8353	1.5079384116635895e-120	5.0900683689193115e-11	Aque_Aqu2.1.27063-001;Scil_g1476	3.201242607069932e-92	3.975678425832362e-09							Aque_Aqu2.1.29989-001;Scil_g3256	4.122966021694138e-114	2.5683729046325867e-34	Aque_Aqu2.1.12854-001;Scil_g6390	8.308052623456065e-109	8.166174865366622e-08	Aque_Aqu2.1.18087-001;Scil_g6946	5.622543966129217e-113	2.8112824585617733e-57	Aque_Aqu2.1.33693-001;Scil_g3594	2.272650030560976e-17	1.852306813508915e-26	Aque_Aqu2.1.29892-001;Scil_g2790	0.00882540214751287	5.8011316007930236e-05																																													
Aque_Aqu2.1.31388-001;Scil_g5475	0.0006755546556821743	8.67769501557812e-118	Aque_Aqu2.1.40808-001;Scil_g272	9.744230663720027e-132	3.876758372998896e-15							Aque_Aqu2.1.33572-001;Scil_g3476	5.668642400668365e-139	2.3462958050422503e-31	Aque_Aqu2.1.18688-001;Scil_g8353	1.5079384116635895e-120	1.9697118969794207e-21	Aque_Aqu2.1.35984-001;Scil_g126	5.373579406054885e-86	3.6306081640342108e-62	Aque_Aqu2.1.23412-001;Scil_g10318	1.0708553104955673e-10	1.0643507007288056e-31	Aque_Aqu2.1.25578-001;Scil_g9048	9.46692299568766e-12	3.542389512272324e-05																																													
Aque_Aqu2.1.36280-001;Scil_g3164	3.288773730928107e-103	4.468974446400314e-19	Aque_Aqu2.1.43382-001;Scil_g12220	1.0768824237806037e-94	0.0037509000960482485							Aque_Aqu2.1.37748-001;Scil_g13124	0.006868279958800548	1.5503120334201774e-32	Aque_Aqu2.1.22535-001;Scil_g7553	7.166399470023436e-67	1.142533993289119e-103	Aque_Aqu2.1.22535-001;Scil_g7553	7.166399470023436e-67	3.9000065202844444e-81	Aque_Aqu2.1.42490-001;Scil_g10912	3.576635191646024e-93	3.027494792933702e-08	Aque_Aqu2.1.37082-001;Scil_g10145	2.1405282321111328e-32	2.6687045971967865e-06																																													
Aque_Aqu2.1.25405-001;Scil_g8993	2.7610085691748473e-15	3.8600440103845044e-07	Aque_Aqu2.1.35782-001;Scil_g4062	1.2434888697369219e-92	0.00015022146181166757							Aque_Aqu2.1.25405-001;Scil_g8992	2.7610085691748473e-15	1.6140588694961073e-35	Aque_Aqu2.1.23414-001;Scil_g10318	3.5770669737469e-05	3.553319866193591e-117	Aque_Aqu2.1.42490-001;Scil_g10912	3.576635191646024e-93	1.3930967477476663e-48	Aque_Aqu2.1.24376-001;Scil_g1742	3.214491794611835e-10	1.7399107672698704e-32	Aque_Aqu2.1.27307-001;Scil_g512	5.4316044416240484e-21	0.0003229516061169106																																													
Aque_Aqu2.1.24376-001;Scil_g1742	3.214491794611835e-10	5.742714797810918e-105	Aque_Aqu2.1.23414-001;Scil_g10318	3.5770669737469e-05	9.464405989639034e-20							Aque_Aqu2.1.32946-001;Scil_g548	3.198548394219795e-57	8.335110313075582e-34	Aque_Aqu2.1.37082-001;Scil_g9294	2.1405282321111328e-32	5.752364472955719e-43	Aque_Aqu2.1.18688-001;Scil_g8353	1.5079384116635895e-120	6.814121848247154e-55	Aque_Aqu2.1.37748-001;Scil_g13124	0.006868279958800548	4.7010770451932086e-21	Aque_Aqu2.1.37713-001;Scil_g9048	1.7092280498504553e-19	3.542389512272324e-05																																													
Aque_Aqu2.1.05055-001;Scil_g6010	3.25953972638231e-05	1.934325667384347e-11	Aque_Aqu2.1.27307-001;Scil_g7553	5.4316044416240484e-21	4.986251481251046e-12							Aque_Aqu2.1.16671-001;Scil_g13745	1.7538076482175143e-30	1.2093799727705831e-34	Aque_Aqu2.1.36280-001;Scil_g3164	3.288773730928107e-103	6.7171240881020505e-34	Aque_Aqu2.1.24376-001;Scil_g1742	3.214491794611835e-10	1.209777945682604e-66	Aque_Aqu2.1.42622-001;Scil_g6134	3.3255266621818837e-110	3.8167556660186065e-21	Aque_Aqu2.1.22535-001;Scil_g512	7.166399470023436e-67	0.0003229516061169106																																													
Aque_Aqu2.1.27307-001;Scil_g7553	5.4316044416240484e-21	9.133444795757553e-80	Aque_Aqu2.1.24376-001;Scil_g1742	3.214491794611835e-10	4.6502131570027235e-14							Aque_Aqu2.1.18098-001;Scil_g2206	0.0002927017614354168	1.789730753399385e-35	Aque_Aqu2.1.25405-001;Scil_g8993	2.7610085691748473e-15	4.196542217804253e-32	Aque_Aqu2.1.25405-001;Scil_g8993	2.7610085691748473e-15	1.187321578382684e-62	Aque_Aqu2.1.12854-001;Scil_g6390	8.308052623456065e-109	0.00046241963609446973	Aque_Aqu2.1.32713-001;Scil_g9048	2.6072070909321647e-14	3.542389512272324e-05																																													
Aque_Aqu2.1.33693-001;Scil_g3594	2.272650030560976e-17	5.1549510329823026e-36	Aque_Aqu2.1.41621-001;Scil_g10236	1.7335877317951547e-90	5.874430142742955e-18							Aque_Aqu2.1.42622-001;Scil_g6134	3.3255266621818837e-110	3.730608296861734e-12	Aque_Aqu2.1.33693-001;Scil_g3594	2.272650030560976e-17	4.111636767843774e-53	Aque_Aqu2.1.36280-001;Scil_g3164	3.288773730928107e-103	8.116188678820029e-60	Aque_Aqu2.1.36280-001;Scil_g3164	3.288773730928107e-103	1.4877839035363433e-15	Aque_Aqu2.1.26965-001;Scil_g268	4.721244968823187e-08	0.00931906611258912																																													
Aque_Aqu2.1.40808-001;Scil_g272	9.744230663720027e-132	4.264185324080984e-110	Aque_Aqu2.1.43985-001;Scil_g3594	5.989059835682736e-35	1.0220743222184018e-12							Aque_Aqu2.1.29076-001;Scil_g7064	1.6735204441251737e-27	1.1844196312040948e-34	Aque_Aqu2.1.40808-001;Scil_g272	9.744230663720027e-132	2.815134524601e-92	Aque_Aqu2.1.05055-001;Scil_g6010	3.25953972638231e-05	1.0848801213442016e-58	Aque_Aqu2.1.18688-001;Scil_g8353	1.5079384116635895e-120	1.9086001179634493e-15	Aque_Aqu2.1.43558-001;Scil_g9048	3.1472571512040617e-06	3.542389512272324e-05																																													
Aque_Aqu2.1.13985-001;Scil_g10648	0.007557710813279713	7.830285387808455e-21	Aque_Aqu2.1.43440-001;Scil_g3804	2.966613490803621e-57	0.0003485410918405876							Aque_Aqu2.1.18688-001;Scil_g8353	1.5079384116635895e-120	2.5085130474117498e-28	Aque_Aqu2.1.31388-001;Scil_g5475	0.0006755546556821743	3.022557317504227e-65	Aque_Aqu2.1.23412-001;Scil_g10318	1.0708553104955673e-10	7.821326770216505e-50	Aque_Aqu2.1.29496-001;Scil_g3180	1.2768054689113486e-36	3.0722108798763826e-16	Aque_Aqu2.1.37816-001;Scil_g9048	5.351220243248752e-65	3.542389512272324e-05																																													
Aque_Aqu2.1.23414-001;Scil_g10318	3.5770669737469e-05	1.9050675754389048e-121	Aque_Aqu2.1.24541-001;Scil_g13687	2.344168441479099e-143	0.0015259880177600094							Aque_Aqu2.1.42087-001;Scil_g6454	4.453201835818651e-25	4.0440999607879435e-21	Aque_Aqu2.1.05055-001;Scil_g6010	3.25953972638231e-05	7.975862819391036e-18	Aque_Aqu2.1.31388-001;Scil_g5475	0.0006755546556821743	1.0194968753723972e-60	Aque_Aqu2.1.43382-001;Scil_g12220	1.0768824237806037e-94	2.2987173798399092e-11	Aque_Aqu2.1.38435-001;Scil_g9048	3.2496804617101288e-21	3.542389512272324e-05																																													
Aque_Aqu2.1.43382-001;Scil_g12220	1.0768824237806037e-94	8.029355898556806e-09	Aque_Aqu2.1.38333-001;Scil_g2116	9.872349633291249e-53	8.884371502775856e-05							Aque_Aqu2.1.35782-001;Scil_g4062	1.2434888697369219e-92	6.832831278353048e-29	Aque_Aqu2.1.27307-001;Scil_g7553	5.4316044416240484e-21	1.142533993289119e-103	Aque_Aqu2.1.43382-001;Scil_g12220	1.0768824237806037e-94	6.457213666731297e-42	Aque_Aqu2.1.13985-001;Scil_g10648	0.007557710813279713	1.4447379148200845e-22	Aque_Aqu2.1.18098-001;Scil_g2206	0.0002927017614354168	0.008491320247283619																																													
Aque_Aqu2.1.29496-001;Scil_g3180	1.2768054689113486e-36	1.1988748833804548e-13	Aque_Aqu2.1.33740-001;Scil_g9503	1.0543340401031923e-102	1.8454859264224383e-06							Aque_Aqu2.1.44059-001;Scil_g3256	3.328730512336417e-05	2.5683729046325867e-34	Aque_Aqu2.1.04943-001;Scil_g6390	1.7992188705826774e-46	8.166174865366622e-08	Aque_Aqu2.1.33693-001;Scil_g7247	2.272650030560976e-17	6.766886631251571e-75	Aque_Aqu2.1.25405-001;Scil_g8993	2.7610085691748473e-15	2.279608448657733e-15	Aque_Aqu2.1.41302-001;Scil_g480	3.049277438668542e-10	0.006007564816306884																																													
Aque_Aqu2.1.43276-001;Scil_g9800	1.0182416073641277e-129	1.3016474922738273e-74	Aque_Aqu2.1.42622-001;Scil_g6134	3.3255266621818837e-110	8.96428828724528e-12							Aque_Aqu2.1.36263-001;Scil_g3347	1.778679896019185e-56	3.1796163779076337e-32	Aque_Aqu2.1.35782-001;Scil_g4062	1.2434888697369219e-92	9.449533825092681e-07	Aque_Aqu2.1.31388-001;Scil_g6171	0.0006755546556821743	7.224585969744619e-17	Aque_Aqu2.1.40808-001;Scil_g272	9.744230663720027e-132	4.376372356258531e-40	Aque_Aqu2.1.31388-001;Scil_g6478	0.0006755546556821743	2.8224428709090352e-08																																													
Aque_Aqu2.1.31388-001;Scil_g6171	0.0006755546556821743	1.0056964963507036e-19	Aque_Aqu2.1.42087-001;Scil_g6454	4.453201835818651e-25	2.9220860307881547e-16							Aque_Aqu2.1.29077-001;Scil_g7064	3.031435493306638e-15	1.1844196312040948e-34	Aque_Aqu2.1.24376-001;Scil_g1742	3.214491794611835e-10	7.016054750658809e-48	Aque_Aqu2.1.29496-001;Scil_g3180	1.2768054689113486e-36	1.0615762047400508e-97	Aque_Aqu2.1.04943-001;Scil_g6390	1.7992188705826774e-46	0.00046241963609446973	Aque_Aqu2.1.39232-001;Scil_g11100	0.0008790342511167446	4.469795210651858e-08																																													
Aque_Aqu2.1.33740-001;Scil_g9493	1.0543340401031923e-102	0.0076042224012588654	Aque_Aqu2.1.37079-001;Scil_g9493	6.987535709667499e-114	0.005689050092697842							Aque_Aqu2.1.37888-001;Scil_g2206	1.1074993725506151e-05	1.789730753399385e-35	Aque_Aqu2.1.13985-001;Scil_g10648	0.007557710813279713	2.731164709689598e-28	Aque_Aqu2.1.39740-001;Scil_g5976	3.486960784146766e-51	8.529487621172143e-158	Aque_Aqu2.1.05055-001;Scil_g6010	3.25953972638231e-05	8.863519544956516e-15	Aque_Aqu2.1.28488-001;Scil_g11946	4.308080784192572e-08	0.0005521404935448471																																													
Aque_Aqu2.1.42622-001;Scil_g6134	3.3255266621818837e-110	7.665058928491021e-29	Aque_Aqu2.1.07543-001;Scil_g9417	5.249550863120593e-114	2.3601978042133155e-06							Aque_Aqu2.1.41308-001;Scil_g4911	4.0631799851115316e-122	3.041902186213348e-22	Aque_Aqu2.1.42622-001;Scil_g6134	3.3255266621818837e-110	2.5729896763608154e-20	Aque_Aqu2.1.39108-001;Scil_g1492	1.5603924607670408e-114	2.648219501093693e-53	Aque_Aqu2.1.35782-001;Scil_g4062	1.2434888697369219e-92	0.00026524190533316406																																																
Aque_Aqu2.1.28301-001;Scil_g5638	1.7962661367019432e-48	1.5445160416419628e-28	Aque_Aqu2.1.36105-001;Scil_g6454	8.927728054109878e-36	2.9220860307881547e-16							Aque_Aqu2.1.38167-001;Scil_g3347	2.0325287556649088e-66	3.1796163779076337e-32	Aque_Aqu2.1.33693-001;Scil_g7247	2.272650030560976e-17	3.979683029894043e-78	Aque_Aqu2.1.20356-001;Scil_g3529	6.823879787147695e-08	6.342720728265148e-59	Aque_Aqu2.1.39108-001;Scil_g1492	1.5603924607670408e-114	6.092772197046129e-20																																																
Aque_Aqu2.1.33693-001;Scil_g7247	2.272650030560976e-17	6.239173589664101e-57	Aque_Aqu2.1.33693-001;Scil_g7247	2.272650030560976e-17	2.947908139394103e-11							Aque_Aqu2.1.37082-001;Scil_g9294	2.1405282321111328e-32	3.6465195131119144e-30	Aque_Aqu2.1.31388-001;Scil_g6171	0.0006755546556821743	1.8799084512343173e-07	Aque_Aqu2.1.42622-001;Scil_g6134	3.3255266621818837e-110	9.778478511112932e-28	Aque_Aqu2.1.23414-001;Scil_g10318	3.5770669737469e-05	1.0643507007288056e-31																																																
Aque_Aqu2.1.43985-001;Scil_g3594	5.989059835682736e-35	5.1549510329823026e-36	Aque_Aqu2.1.38191-001;Scil_g3256	5.740348681209968e-44	0.0036765848217135523							Aque_Aqu2.1.28570-001;Scil_g1710	6.837768357397875e-22	1.5967687352963646e-35	Aque_Aqu2.1.43382-001;Scil_g12220	1.0768824237806037e-94	1.6875820114952672e-25	Aque_Aqu2.1.27307-001;Scil_g7553	5.4316044416240484e-21	3.9000065202844444e-81	Aque_Aqu2.1.24541-001;Scil_g13687	2.344168441479099e-143	4.317595088006342e-48																																																
Aque_Aqu2.1.38333-001;Scil_g2116	9.872349633291249e-53	1.6516295717189015e-15	Aque_Aqu2.1.32930-001;Scil_g9417	7.663138857997222e-90	2.3601978042133155e-06							Aque_Aqu2.1.28301-001;Scil_g5638	1.7962661367019432e-48	1.074287358893401e-31	Aque_Aqu2.1.29496-001;Scil_g3180	1.2768054689113486e-36	4.470880885214867e-11	Aque_Aqu2.1.33572-001;Scil_g3476	5.668642400668365e-139	3.917862891975341e-65	Aque_Aqu2.1.31388-001;Scil_g6171	0.0006755546556821743	9.056319468329115e-16																																																
Aque_Aqu2.1.32930-001;Scil_g9417	7.663138857997222e-90	7.370947400481498e-05	Aque_Aqu2.1.43440-001;Scil_g3916	2.966613490803621e-57	1.637490469451256e-13							Aque_Aqu2.1.07543-001;Scil_g9417	5.249550863120593e-114	1.4836703726228442e-32	Aque_Aqu2.1.43985-001;Scil_g3594	5.989059835682736e-35	4.111636767843774e-53	Aque_Aqu2.1.43440-001;Scil_g3804	2.966613490803621e-57	2.890224706248995e-39	Aque_Aqu2.1.33693-001;Scil_g7247	2.272650030560976e-17	5.744356174773947e-20																																																
Aque_Aqu2.1.33740-001;Scil_g9503	1.0543340401031923e-102	1.7862737089667931e-06	Aque_Aqu2.1.37818-001;Scil_g13687	1.1042169105070999e-65	0.0015259880177600094							Aque_Aqu2.1.27063-001;Scil_g1476	3.201242607069932e-92	1.3293565458248202e-24	Aque_Aqu2.1.33740-001;Scil_g9493	1.0543340401031923e-102	4.70368620128158e-24	Aque_Aqu2.1.23414-001;Scil_g10318	3.5770669737469e-05	7.821326770216505e-50	Aque_Aqu2.1.27307-001;Scil_g7553	5.4316044416240484e-21	8.211209747719209e-32																																																
Aque_Aqu2.1.36105-001;Scil_g6454	8.927728054109878e-36	9.435339575139566e-36	Aque_Aqu2.1.37079-001;Scil_g9503	6.987535709667499e-114	1.8454859264224383e-06							Aque_Aqu2.1.32930-001;Scil_g9417	7.663138857997222e-90	1.4836703726228442e-32	Aque_Aqu2.1.38191-001;Scil_g3256	5.740348681209968e-44	1.1449812952683337e-15	Aque_Aqu2.1.35782-001;Scil_g4062	1.2434888697369219e-92	2.4316008912684474e-36	Aque_Aqu2.1.41621-001;Scil_g10236	1.7335877317951547e-90	1.2877074038321393e-26																																																
Aque_Aqu2.1.35141-001;Scil_g1526	6.369627006647753e-61	8.432805031854721e-47	Aque_Aqu2.1.43423-001;Scil_g455	7.445917862680743e-110	0.005236397634869674							Aque_Aqu2.1.15179-001;Scil_g9786	3.908744777047258e-23	1.1527099746681066e-32	Aque_Aqu2.1.24541-001;Scil_g13687	2.344168441479099e-143	7.471366361920747e-18	Aque_Aqu2.1.41621-001;Scil_g10236	1.7335877317951547e-90	8.87245979754869e-52	Aque_Aqu2.1.38333-001;Scil_g2116	9.872349633291249e-53	1.9644273433060179e-22																																																
Aque_Aqu2.1.37818-001;Scil_g13687	1.1042169105070999e-65	2.510583355430655e-19	Aque_Aqu2.1.33740-001;Scil_g9493	1.0543340401031923e-102	0.005689050092697842							Aque_Aqu2.1.31388-001;Scil_g5475	0.0006755546556821743	6.830955559382154e-13	Aque_Aqu2.1.28301-001;Scil_g5638	1.7962661367019432e-48	6.355210950111357e-30	Aque_Aqu2.1.13985-001;Scil_g10648	0.007557710813279713	2.822246599512697e-48	Aque_Aqu2.1.43985-001;Scil_g3594	5.989059835682736e-35	1.852306813508915e-26																																																
Aque_Aqu2.1.42087-001;Scil_g6454	4.453201835818651e-25	9.435339575139566e-36	Aque_Aqu2.1.38435-001;Scil_g9800	3.2496804617101288e-21	4.855877563870554e-07							Aque_Aqu2.1.05055-001;Scil_g6010	3.25953972638231e-05	3.319278402005585e-27	Aque_Aqu2.1.38333-001;Scil_g2116	9.872349633291249e-53	4.328817954473518e-23	Aque_Aqu2.1.43985-001;Scil_g3594	5.989059835682736e-35	1.5503061382583601e-105	Aque_Aqu2.1.33740-001;Scil_g9493	1.0543340401031923e-102	1.8114732482372175e-09																																																
Aque_Aqu2.1.37713-001;Scil_g9800	1.7092280498504553e-19	1.3016474922738273e-74	Aque_Aqu2.1.43985-001;Scil_g7247	5.989059835682736e-35	2.947908139394103e-11							Aque_Aqu2.1.43382-001;Scil_g12220	1.0768824237806037e-94	4.101234208796754e-30	Aque_Aqu2.1.37818-001;Scil_g13687	1.1042169105070999e-65	7.471366361920747e-18	Aque_Aqu2.1.38333-001;Scil_g2116	9.872349633291249e-53	3.8488485394872086e-50	Aque_Aqu2.1.37818-001;Scil_g13687	1.1042169105070999e-65	4.317595088006342e-48																																																
Aque_Aqu2.1.39108-001;Scil_g1492	1.5603924607670408e-114	3.800028070102745e-12	Aque_Aqu2.1.43995-001;Scil_g3594	0.0011706263356069905	1.0220743222184018e-12							Aque_Aqu2.1.37079-001;Scil_g9493	6.987535709667499e-114	7.053279979408567e-27	Aque_Aqu2.1.33572-001;Scil_g3476	5.668642400668365e-139	1.4215916816970868e-10	Aque_Aqu2.1.28301-001;Scil_g5638	1.7962661367019432e-48	1.2374995886266619e-65	Aque_Aqu2.1.43440-001;Scil_g3804	2.966613490803621e-57	1.361342163287662e-11																																																
Aque_Aqu2.1.43440-001;Scil_g3804	2.966613490803621e-57	1.2287369154568224e-05	Aque_Aqu2.1.36440-001;Scil_g1526	3.740727356250706e-136	3.940519673059785e-06							Aque_Aqu2.1.34860-001;Scil_g12463	1.2852695968093314e-58	5.634076380628945e-35	Aque_Aqu2.1.42087-001;Scil_g6454	4.453201835818651e-25	1.0400492394594775e-38	Aque_Aqu2.1.29989-001;Scil_g3256	4.122966021694138e-114	1.712175131185977e-54	Aque_Aqu2.1.42087-001;Scil_g6454	4.453201835818651e-25	4.989241803818245e-30																																																
Aque_Aqu2.1.41621-001;Scil_g10236	1.7335877317951547e-90	3.455058568172844e-26	Aque_Aqu2.1.18353-001;Scil_g9071	2.4837792641188912e-56	2.2525698292076748e-05							Aque_Aqu2.1.41892-001;Scil_g4223	8.326661223111995e-07	1.1529385703050456e-32	Aque_Aqu2.1.36105-001;Scil_g6454	8.927728054109878e-36	1.0400492394594775e-38	Aque_Aqu2.1.39820-001;Scil_g5976	0.00030930266620041397	8.529487621172143e-158	Aque_Aqu2.1.36105-001;Scil_g6454	8.927728054109878e-36	4.989241803818245e-30																																																
Aque_Aqu2.1.36440-001;Scil_g1526	3.740727356250706e-136	8.432805031854721e-47	Aque_Aqu2.1.35141-001;Scil_g1526	6.369627006647753e-61	3.940519673059785e-06							Aque_Aqu2.1.31038-001;Scil_g9420	1.0272479399297856e-48	2.125820616792006e-34	Aque_Aqu2.1.43440-001;Scil_g3804	2.966613490803621e-57	4.0154535688480227e-11	Aque_Aqu2.1.36105-001;Scil_g6454	8.927728054109878e-36	2.7600346230662833e-36	Aque_Aqu2.1.18353-001;Scil_g9071	2.4837792641188912e-56	5.620841087259519e-16																																																
Aque_Aqu2.1.18353-001;Scil_g9071	2.4837792641188912e-56	6.093537870107988e-11	Aque_Aqu2.1.08202-001;Scil_g5971	1.1705734604072884e-09	0.007369551453336262							Aque_Aqu2.1.29496-001;Scil_g208	1.2768054689113486e-36	1.0581074648714269e-30	Aque_Aqu2.1.37079-001;Scil_g9503	6.987535709667499e-114	8.21472553619718e-09	Aque_Aqu2.1.43423-001;Scil_g455	7.445917862680743e-110	6.060493256082687e-29	Aque_Aqu2.1.39740-001;Scil_g5976	3.486960784146766e-51	1.2628463784206243e-05																																																
Aque_Aqu2.1.43995-001;Scil_g3594	0.0011706263356069905	5.1549510329823026e-36	Aque_Aqu2.1.36105-001;Scil_g4183	8.927728054109878e-36	8.913735957910693e-06							Aque_Aqu2.1.33740-001;Scil_g9493	1.0543340401031923e-102	7.053279979408567e-27	Aque_Aqu2.1.37079-001;Scil_g9493	6.987535709667499e-114	4.70368620128158e-24	Aque_Aqu2.1.35141-001;Scil_g1526	6.369627006647753e-61	4.207230267962641e-31	Aque_Aqu2.1.38435-001;Scil_g9800	3.2496804617101288e-21	3.0673358893648494e-34																																																
Aque_Aqu2.1.24541-001;Scil_g13687	2.344168441479099e-143	2.510583355430655e-19	Aque_Aqu2.1.43276-001;Scil_g9800	1.0182416073641277e-129	4.855877563870554e-07							Aque_Aqu2.1.30395-001;Scil_g3084	6.234964103978512e-06	3.243320324773127e-24	Aque_Aqu2.1.29989-001;Scil_g3256	4.122966021694138e-114	1.1449812952683337e-15	Aque_Aqu2.1.38191-001;Scil_g3256	5.740348681209968e-44	1.712175131185977e-54	Aque_Aqu2.1.33740-001;Scil_g9503	1.0543340401031923e-102	2.3870686626230415e-05																																																
Aque_Aqu2.1.38435-001;Scil_g9800	3.2496804617101288e-21	1.3016474922738273e-74	Aque_Aqu2.1.34340-001;Scil_g9951	3.6337540168507325e-117	0.00097603310845423							Aque_Aqu2.1.16620-001;Scil_g10793	3.397334660599216e-165	2.7237528233516897e-30	Aque_Aqu2.1.20356-001;Scil_g3529	6.823879787147695e-08	3.379859503494039e-14	Aque_Aqu2.1.42087-001;Scil_g6454	4.453201835818651e-25	2.7600346230662833e-36	Aque_Aqu2.1.35141-001;Scil_g1526	6.369627006647753e-61	1.1428871739987654e-14																																																
Aque_Aqu2.1.37079-001;Scil_g9503	6.987535709667499e-114	1.7862737089667931e-06	Aque_Aqu2.1.29989-001;Scil_g3256	4.122966021694138e-114	0.0036765848217135523							Aque_Aqu2.1.18353-001;Scil_g9071	2.4837792641188912e-56	5.5423816595712935e-31	Aque_Aqu2.1.41621-001;Scil_g10236	1.7335877317951547e-90	5.883545561960615e-39	Aque_Aqu2.1.40808-001;Scil_g272	9.744230663720027e-132	4.732315228393487e-30	Aque_Aqu2.1.32930-001;Scil_g9417	7.663138857997222e-90	1.542495619742631e-10																																																
Aque_Aqu2.1.37079-001;Scil_g9493	6.987535709667499e-114	0.0076042224012588654	Aque_Aqu2.1.16620-001;Scil_g10793	3.397334660599216e-165	6.759984385843855e-06							Aque_Aqu2.1.43440-001;Scil_g3804	2.966613490803621e-57	1.9344597697018245e-29	Aque_Aqu2.1.36440-001;Scil_g1526	3.740727356250706e-136	4.08406668245449e-32	Aque_Aqu2.1.24541-001;Scil_g13687	2.344168441479099e-143	1.1491303369181858e-47	Aque_Aqu2.1.28301-001;Scil_g5638	1.7962661367019432e-48	3.588812933919248e-23																																																
Aque_Aqu2.1.29989-001;Scil_g3256	4.122966021694138e-114	0.008525686068177827	Aque_Aqu2.1.28194-001;Scil_g10793	1.444625855187625e-59	6.759984385843855e-06							Aque_Aqu2.1.36263-001;Scil_g354	1.778679896019185e-56	4.63696323920881e-31	Aque_Aqu2.1.38435-001;Scil_g9800	3.2496804617101288e-21	1.3775837916420375e-52	Aque_Aqu2.1.07543-001;Scil_g9417	5.249550863120593e-114	1.3756483808611743e-31	Aque_Aqu2.1.38191-001;Scil_g3256	5.740348681209968e-44	1.682278259455934e-06																																																
Aque_Aqu2.1.38191-001;Scil_g3256	5.740348681209968e-44	0.008525686068177827	Aque_Aqu2.1.33574-001;Scil_g5971	1.1841602777534483e-14	0.007369551453336262							Aque_Aqu2.1.34247-001;Scil_g9420	5.995179413289e-67	2.125820616792006e-34	Aque_Aqu2.1.37713-001;Scil_g9800	1.7092280498504553e-19	1.3775837916420375e-52	Aque_Aqu2.1.36440-001;Scil_g1526	3.740727356250706e-136	4.207230267962641e-31	Aque_Aqu2.1.43995-001;Scil_g3594	0.0011706263356069905	1.852306813508915e-26																																																
Aque_Aqu2.1.43558-001;Scil_g9800	3.1472571512040617e-06	1.3016474922738273e-74	Aque_Aqu2.1.34889-001;Scil_g928	5.140233485381033e-67	2.960401971384054e-05							Aque_Aqu2.1.44247-001;Scil_g9331	3.554518331741283e-29	7.45742043027554e-34	Aque_Aqu2.1.16620-001;Scil_g10793	3.397334660599216e-165	6.645196967260229e-16	Aque_Aqu2.1.37079-001;Scil_g9503	6.987535709667499e-114	8.415576290614868e-29	Aque_Aqu2.1.37079-001;Scil_g9493	6.987535709667499e-114	1.8114732482372175e-09																																																
Aque_Aqu2.1.43423-001;Scil_g455	7.445917862680743e-110	9.396993292958273e-08	Aque_Aqu2.1.43995-001;Scil_g7247	0.0011706263356069905	2.947908139394103e-11							Aque_Aqu2.1.44246-001;Scil_g1638	7.348281244918552e-80	1.837014482864839e-32	Aque_Aqu2.1.43995-001;Scil_g3594	0.0011706263356069905	4.111636767843774e-53	Aque_Aqu2.1.33740-001;Scil_g9493	1.0543340401031923e-102	3.3268431874295156e-33	Aque_Aqu2.1.20356-001;Scil_g3529	6.823879787147695e-08	1.3721589652683676e-10																																																
Aque_Aqu2.1.41892-001;Scil_g13524	8.326661223111995e-07	1.8188968489152448e-65	Aque_Aqu2.1.27307-001;Scil_g12359	5.4316044416240484e-21	4.038438919727113e-05							Aque_Aqu2.1.33740-001;Scil_g9503	1.0543340401031923e-102	1.0590171517316566e-23	Aque_Aqu2.1.43423-001;Scil_g455	7.445917862680743e-110	1.0277796239792492e-10	Aque_Aqu2.1.37818-001;Scil_g13687	1.1042169105070999e-65	1.1491303369181858e-47	Aque_Aqu2.1.43276-001;Scil_g9800	1.0182416073641277e-129	3.0673358893648494e-34																																																
Aque_Aqu2.1.29497-001;Scil_g3180	1.613969228591092e-36	1.1988748833804548e-13	Aque_Aqu2.1.21251-001;Scil_g6498	4.624562609038775e-08	0.00012188830853630272							Aque_Aqu2.1.37476-001;Scil_g6562	4.0966762402966214e-10	7.401600223379026e-29	Aque_Aqu2.1.37095-001;Scil_g8541	1.7138617390298075e-107	2.906253393556813e-07	Aque_Aqu2.1.29497-001;Scil_g3180	1.613969228591092e-36	1.0615762047400508e-97	Aque_Aqu2.1.36105-001;Scil_g4183	8.927728054109878e-36	1.3135074585424018e-15																																																
Aque_Aqu2.1.16620-001;Scil_g10793	3.397334660599216e-165	2.2837138394226676e-13	Aque_Aqu2.1.38167-001;Scil_g3347	2.0325287556649088e-66	7.5318816672977595e-06							Aque_Aqu2.1.44059-001;Scil_g9230	3.328730512336417e-05	6.371022110622214e-34	Aque_Aqu2.1.43985-001;Scil_g7247	5.989059835682736e-35	3.979683029894043e-78	Aque_Aqu2.1.43440-001;Scil_g3916	2.966613490803621e-57	2.7020235700258913e-36	Aque_Aqu2.1.29497-001;Scil_g3180	1.613969228591092e-36	3.0722108798763826e-16																																																
Aque_Aqu2.1.40905-001;Scil_g3180	9.527533673684782e-19	1.1988748833804548e-13	Aque_Aqu2.1.36263-001;Scil_g3347	1.778679896019185e-56	7.5318816672977595e-06							Aque_Aqu2.1.40203-001;Scil_g9896	7.76548669049712e-21	1.844708983146837e-33	Aque_Aqu2.1.43276-001;Scil_g9800	1.0182416073641277e-129	1.3775837916420375e-52	Aque_Aqu2.1.43995-001;Scil_g3594	0.0011706263356069905	1.5503061382583601e-105	Aque_Aqu2.1.34340-001;Scil_g9951	3.6337540168507325e-117	1.4347872183508346e-07																																																
Aque_Aqu2.1.43995-001;Scil_g7247	0.0011706263356069905	6.239173589664101e-57	Aque_Aqu2.1.44059-001;Scil_g3256	3.328730512336417e-05	0.0036765848217135523							Aque_Aqu2.1.27224-001;Scil_g2125	6.85573730359377e-63	5.455020930454748e-28	Aque_Aqu2.1.39108-001;Scil_g1492	1.5603924607670408e-114	2.793671475349082e-18	Aque_Aqu2.1.33740-001;Scil_g9503	1.0543340401031923e-102	8.415576290614868e-29	Aque_Aqu2.1.43423-001;Scil_g455	7.445917862680743e-110	5.473614837183058e-09																																																
Aque_Aqu2.1.37127-001;Scil_g10022	3.4100710983951623e-73	1.0075429033609598e-14	Aque_Aqu2.1.39784-001;Scil_g8784	1.5219993781510476e-58	1.0144641270168688e-08							Aque_Aqu2.1.43440-001;Scil_g3916	2.966613490803621e-57	1.182900107104467e-19	Aque_Aqu2.1.22535-001;Scil_g12359	7.166399470023436e-67	4.212706457974336e-51	Aque_Aqu2.1.37079-001;Scil_g9493	6.987535709667499e-114	3.3268431874295156e-33	Aque_Aqu2.1.37079-001;Scil_g9503	6.987535709667499e-114	2.3870686626230415e-05																																																
Aque_Aqu2.1.18818-001;Scil_g4454	0.0006048601476495157	1.721226310024692e-06	Aque_Aqu2.1.42087-001;Scil_g4183	4.453201835818651e-25	8.913735957910693e-06							Aque_Aqu2.1.38191-001;Scil_g9230	5.740348681209968e-44	6.371022110622214e-34	Aque_Aqu2.1.07543-001;Scil_g9417	5.249550863120593e-114	1.8100283853254682e-19	Aque_Aqu2.1.32930-001;Scil_g9417	7.663138857997222e-90	1.3756483808611743e-31	Aque_Aqu2.1.29989-001;Scil_g3256	4.122966021694138e-114	1.682278259455934e-06																																																
Aque_Aqu2.1.34340-001;Scil_g9951	3.6337540168507325e-117	1.6169446842036653e-05	Aque_Aqu2.1.24541-001;Scil_g8569	2.344168441479099e-143	0.00026615007751964163							Aque_Aqu2.1.37774-001;Scil_g9453	7.700554024937936e-21	4.690281247167611e-32	Aque_Aqu2.1.32930-001;Scil_g9417	7.663138857997222e-90	1.8100283853254682e-19	Aque_Aqu2.1.42554-001;Scil_g7113	1.8699626977627877e-30	3.4467678236772623e-38	Aque_Aqu2.1.07543-001;Scil_g9417	5.249550863120593e-114	1.542495619742631e-10																																																
Aque_Aqu2.1.07543-001;Scil_g9417	5.249550863120593e-114	7.370947400481498e-05	Aque_Aqu2.1.37713-001;Scil_g9800	1.7092280498504553e-19	4.855877563870554e-07							Aque_Aqu2.1.34344-001;Scil_g7064	4.469710923167695e-16	1.1844196312040948e-34	Aque_Aqu2.1.18353-001;Scil_g9071	2.4837792641188912e-56	1.364238928896407e-21	Aque_Aqu2.1.43276-001;Scil_g9800	1.0182416073641277e-129	4.24875692724004e-21	Aque_Aqu2.1.37713-001;Scil_g9800	1.7092280498504553e-19	3.0673358893648494e-34																																																
Aque_Aqu2.1.28194-001;Scil_g2206	1.444625855187625e-59	0.0012785850026047498	Aque_Aqu2.1.34476-001;Scil_g10401	1.1365096649262665e-143	0.0014345388130332457							Aque_Aqu2.1.27224-001;Scil_g1970	6.85573730359377e-63	1.3775775441589094e-31	Aque_Aqu2.1.35141-001;Scil_g1526	6.369627006647753e-61	4.08406668245449e-32	Aque_Aqu2.1.37476-001;Scil_g6562	4.0966762402966214e-10	1.732338874505837e-34	Aque_Aqu2.1.43558-001;Scil_g9800	3.1472571512040617e-06	3.0673358893648494e-34																																																
Aque_Aqu2.1.43440-001;Scil_g3916	2.966613490803621e-57	1.3706861628551152e-14	Aque_Aqu2.1.43558-001;Scil_g9800	3.1472571512040617e-06	4.855877563870554e-07							Aque_Aqu2.1.24985-001;Scil_g9168	2.648227574502731e-19	2.954189471522829e-33	Aque_Aqu2.1.33740-001;Scil_g9503	1.0543340401031923e-102	8.21472553619718e-09	Aque_Aqu2.1.28194-001;Scil_g2206	1.444625855187625e-59	1.0658926288461982e-67	Aque_Aqu2.1.28194-001;Scil_g2206	1.444625855187625e-59	1.1405812498951537e-13																																																
Aque_Aqu2.1.43985-001;Scil_g7247	5.989059835682736e-35	6.239173589664101e-57	Aque_Aqu2.1.31383-001;Scil_g6478	9.523828346058124e-51	2.5957130015869884e-17							Aque_Aqu2.1.14128-001;Scil_g9420	2.4522134152092073e-15	2.125820616792006e-34	Aque_Aqu2.1.28194-001;Scil_g2206	1.444625855187625e-59	4.3554329439382163e-13	Aque_Aqu2.1.37095-001;Scil_g8541	1.7138617390298075e-107	5.330083933996528e-13	Aque_Aqu2.1.08202-001;Scil_g5971	1.1705734604072884e-09	4.3699528556890383e-08																																																
Aque_Aqu2.1.28194-001;Scil_g10793	1.444625855187625e-59	2.2837138394226676e-13	Aque_Aqu2.1.22535-001;Scil_g12359	7.166399470023436e-67	4.038438919727113e-05							Aque_Aqu2.1.37095-001;Scil_g8541	1.7138617390298075e-107	1.802478250123522e-21	Aque_Aqu2.1.36105-001;Scil_g4183	8.927728054109878e-36	8.670553996881242e-27	Aque_Aqu2.1.18353-001;Scil_g9071	2.4837792641188912e-56	4.878264389932895e-63	Aque_Aqu2.1.21251-001;Scil_g6498	4.624562609038775e-08	1.5161851348057642e-21																																																
Aque_Aqu2.1.41071-001;Scil_g12539	6.710109806428675e-67	1.3354500167381402e-11	Aque_Aqu2.1.29526-001;Scil_g6102	4.1378039240497674e-50	0.002076102720732028							Aque_Aqu2.1.36280-001;Scil_g3164	3.288773730928107e-103	0.0014477274211304428	Aque_Aqu2.1.42605-001;Scil_g8541	9.509180868415106e-59	2.906253393556813e-07	Aque_Aqu2.1.43985-001;Scil_g7247	5.989059835682736e-35	6.766886631251571e-75	Aque_Aqu2.1.40905-001;Scil_g3180	9.527533673684782e-19	3.0722108798763826e-16																																																
Aque_Aqu2.1.34860-001;Scil_g12463	1.2852695968093314e-58	0.0017393400837364458	Aque_Aqu2.1.43623-001;Scil_g8784	2.967833146368427e-22	1.0144641270168688e-08							Aque_Aqu2.1.34429-001;Scil_g10574	7.854915848010625e-74	1.2133853709276222e-31	Aque_Aqu2.1.42087-001;Scil_g4183	4.453201835818651e-25	8.670553996881242e-27	Aque_Aqu2.1.29496-001;Scil_g208	1.2768054689113486e-36	1.8779606520682025e-172	Aque_Aqu2.1.42087-001;Scil_g4183	4.453201835818651e-25	1.3135074585424018e-15																																																
Aque_Aqu2.1.29526-001;Scil_g6102	4.1378039240497674e-50	3.717192720942662e-47	Aque_Aqu2.1.24985-001;Scil_g9168	2.648227574502731e-19	0.007496774864814891							Aque_Aqu2.1.08202-001;Scil_g5971	1.1705734604072884e-09	7.236276660345001e-34	Aque_Aqu2.1.43995-001;Scil_g7247	0.0011706263356069905	3.979683029894043e-78	Aque_Aqu2.1.36105-001;Scil_g4183	8.927728054109878e-36	3.0682428210392324e-44	Aque_Aqu2.1.43985-001;Scil_g7247	5.989059835682736e-35	5.744356174773947e-20																																																
Aque_Aqu2.1.42087-001;Scil_g4183	4.453201835818651e-25	8.514744622078217e-10	Aque_Aqu2.1.18089-001;Scil_g10793	2.3222255630625573e-12	6.759984385843855e-06							Aque_Aqu2.1.16571-001;Scil_g10997	1.4059944144213117e-22	1.5676342325993575e-27	Aque_Aqu2.1.28194-001;Scil_g10793	1.444625855187625e-59	6.645196967260229e-16	Aque_Aqu2.1.42605-001;Scil_g8541	9.509180868415106e-59	5.330083933996528e-13	Aque_Aqu2.1.34860-001;Scil_g12463	1.2852695968093314e-58	2.4847722256013527e-11																																																
Aque_Aqu2.1.22535-001;Scil_g12359	7.166399470023436e-67	3.252766774038796e-25	Aque_Aqu2.1.34340-001;Scil_g9966	3.6337540168507325e-117	0.002053551269373851							Aque_Aqu2.1.33574-001;Scil_g5971	1.1841602777534483e-14	7.236276660345001e-34	Aque_Aqu2.1.37476-001;Scil_g6562	4.0966762402966214e-10	2.3510380558947073e-12	Aque_Aqu2.1.33574-001;Scil_g5971	1.1841602777534483e-14	1.5762333232303157e-38	Aque_Aqu2.1.32946-001;Scil_g548	3.198548394219795e-57	8.067413746237008e-05																																																
Aque_Aqu2.1.42204-001;Scil_g4454	1.3945913874113773e-13	1.721226310024692e-06	Aque_Aqu2.1.29134-001;Scil_g3738	2.8373595677325286e-12	5.919815185964589e-06							Aque_Aqu2.1.41587-001;Scil_g1638	6.284211007424334e-22	1.837014482864839e-32	Aque_Aqu2.1.41071-001;Scil_g12539	6.710109806428675e-67	7.189642255115132e-15	Aque_Aqu2.1.16620-001;Scil_g10793	3.397334660599216e-165	4.0502953322031525e-25	Aque_Aqu2.1.37127-001;Scil_g10022	3.4100710983951623e-73	9.815018422012894e-20																																																
Aque_Aqu2.1.38167-001;Scil_g3347	2.0325287556649088e-66	4.487577421583205e-18	Aque_Aqu2.1.37818-001;Scil_g8569	1.1042169105070999e-65	0.00026615007751964163							Aque_Aqu2.1.43423-001;Scil_g455	7.445917862680743e-110	1.542932436277139e-26	Aque_Aqu2.1.34860-001;Scil_g12463	1.2852695968093314e-58	8.288899623280446e-11	Aque_Aqu2.1.42204-001;Scil_g4454	1.3945913874113773e-13	8.004538311739755e-43	Aque_Aqu2.1.41892-001;Scil_g13524	8.326661223111995e-07	1.1470368508958494e-25																																																
Aque_Aqu2.1.36105-001;Scil_g4183	8.927728054109878e-36	8.514744622078217e-10	Aque_Aqu2.1.42546-001;Scil_g6498	3.5093384982538397e-07	0.00012188830853630272							Aque_Aqu2.1.27224-001;Scil_g1638	6.85573730359377e-63	1.837014482864839e-32	Aque_Aqu2.1.29497-001;Scil_g3180	1.613969228591092e-36	4.470880885214867e-11	Aque_Aqu2.1.37127-001;Scil_g10022	3.4100710983951623e-73	2.3913060886852242e-35	Aque_Aqu2.1.16620-001;Scil_g10793	3.397334660599216e-165	3.993452082805753e-14																																																
Aque_Aqu2.1.21070-001;Scil_g11267	3.312065753504341e-07	3.187564268768036e-110	Aque_Aqu2.1.21070-001;Scil_g11267	3.312065753504341e-07	1.6743128598536037e-16							Aque_Aqu2.1.26118-001;Scil_g645	1.1077058835232494e-24	2.688169026352351e-35	Aque_Aqu2.1.18818-001;Scil_g4454	0.0006048601476495157	2.9871153741888096e-11	Aque_Aqu2.1.08202-001;Scil_g5971	1.1705734604072884e-09	1.5762333232303157e-38	Aque_Aqu2.1.39820-001;Scil_g5976	0.00030930266620041397	1.2628463784206243e-05																																																
Aque_Aqu2.1.33574-001;Scil_g5971	1.1841602777534483e-14	2.0008740570289594e-05	Aque_Aqu2.1.28194-001;Scil_g8784	1.444625855187625e-59	1.0144641270168688e-08							Aque_Aqu2.1.44221-001;Scil_g877	2.4142643864291954e-16	1.055149430790136e-33	Aque_Aqu2.1.08202-001;Scil_g5971	1.1705734604072884e-09	3.811118664244899e-20	Aque_Aqu2.1.34340-001;Scil_g9951	3.6337540168507325e-117	1.226062407804185e-29	Aque_Aqu2.1.36263-001;Scil_g3347	1.778679896019185e-56	4.14045344525421e-21																																																
Aque_Aqu2.1.36263-001;Scil_g3347	1.778679896019185e-56	4.487577421583205e-18	Aque_Aqu2.1.37095-001;Scil_g6760	1.7138617390298075e-107	5.862355000800069e-09							Aque_Aqu2.1.29076-001;Scil_g119	1.6735204441251737e-27	4.1210061798740633e-33	Aque_Aqu2.1.28194-001;Scil_g8784	1.444625855187625e-59	2.9417762170673565e-25	Aque_Aqu2.1.34860-001;Scil_g12463	1.2852695968093314e-58	1.9659225991209965e-41	Aque_Aqu2.1.43440-001;Scil_g3916	2.966613490803621e-57	9.454667289623244e-17																																																
Aque_Aqu2.1.24541-001;Scil_g8569	2.344168441479099e-143	1.2474775480511476e-17	Aque_Aqu2.1.33737-001;Scil_g6711	0.00010266078310955623	0.0010938477890792043							Aque_Aqu2.1.39927-001;Scil_g2125	2.100681945699731e-42	5.455020930454748e-28	Aque_Aqu2.1.43440-001;Scil_g3916	2.966613490803621e-57	9.416651305178493e-22	Aque_Aqu2.1.18818-001;Scil_g4454	0.0006048601476495157	8.004538311739755e-43	Aque_Aqu2.1.36440-001;Scil_g1526	3.740727356250706e-136	1.1428871739987654e-14																																																
Aque_Aqu2.1.39784-001;Scil_g8784	1.5219993781510476e-58	8.377143649397441e-13	Aque_Aqu2.1.23371-001;Scil_g9815	4.669598436086237e-22	2.329156455403795e-05							Aque_Aqu2.1.39927-001;Scil_g1970	2.100681945699731e-42	1.3775775441589094e-31	Aque_Aqu2.1.34340-001;Scil_g9951	3.6337540168507325e-117	3.4349566995035435e-11	Aque_Aqu2.1.43995-001;Scil_g7247	0.0011706263356069905	6.766886631251571e-75	Aque_Aqu2.1.33574-001;Scil_g5971	1.1841602777534483e-14	4.3699528556890383e-08																																																
Aque_Aqu2.1.44246-001;Scil_g1638	7.348281244918552e-80	0.0004271960310924804	Aque_Aqu2.1.37888-001;Scil_g10793	1.1074993725506151e-05	6.759984385843855e-06							Aque_Aqu2.1.28194-001;Scil_g10793	1.444625855187625e-59	2.7237528233516897e-30	Aque_Aqu2.1.27307-001;Scil_g12359	5.4316044416240484e-21	4.212706457974336e-51	Aque_Aqu2.1.42548-001;Scil_g5592	5.420837544320485e-66	1.5808577847040133e-185	Aque_Aqu2.1.29526-001;Scil_g6102	4.1378039240497674e-50	3.089770872641368e-18																																																
Aque_Aqu2.1.35102-001;Scil_g13155	1.0235518336439858e-13	1.617289683245193e-18	Aque_Aqu2.1.42605-001;Scil_g6760	9.509180868415106e-59	5.862355000800069e-09							Aque_Aqu2.1.37121-001;Scil_g2819	2.3401256518012982e-05	2.866607644162555e-29	Aque_Aqu2.1.38167-001;Scil_g3347	2.0325287556649088e-66	4.461914906446044e-22	Aque_Aqu2.1.41071-001;Scil_g12539	6.710109806428675e-67	6.464810954605005e-54	Aque_Aqu2.1.37527-001;Scil_g2206	3.012591765827895e-10	1.1405812498951537e-13																																																
Aque_Aqu2.1.24985-001;Scil_g9168	2.648227574502731e-19	0.00017850715892394448	Aque_Aqu2.1.40665-001;Scil_g3312	8.115709961538107e-35	0.009594523221880747							Aque_Aqu2.1.34343-001;Scil_g7064	1.748816289030163e-11	1.1844196312040948e-34	Aque_Aqu2.1.33574-001;Scil_g5971	1.1841602777534483e-14	3.811118664244899e-20	Aque_Aqu2.1.44059-001;Scil_g3256	3.328730512336417e-05	1.712175131185977e-54	Aque_Aqu2.1.43995-001;Scil_g7247	0.0011706263356069905	5.744356174773947e-20																																																
Aque_Aqu2.1.37818-001;Scil_g8569	1.1042169105070999e-65	1.2474775480511476e-17	Aque_Aqu2.1.35749-001;Scil_g2045	1.2546820677197086e-26	5.03250532297013e-05							Aque_Aqu2.1.39740-001;Scil_g5976	3.486960784146766e-51	1.4542002781969836e-14	Aque_Aqu2.1.32946-001;Scil_g548	3.198548394219795e-57	1.2244598008693334e-05	Aque_Aqu2.1.38435-001;Scil_g9800	3.2496804617101288e-21	4.24875692724004e-21	Aque_Aqu2.1.36263-001;Scil_g354	1.778679896019185e-56	2.67818919036361e-08																																																
Aque_Aqu2.1.08202-001;Scil_g5971	1.1705734604072884e-09	2.0008740570289594e-05	Aque_Aqu2.1.38196-001;Scil_g3312	2.7056507229478046e-24	0.009594523221880747							Aque_Aqu2.1.18089-001;Scil_g10793	2.3222255630625573e-12	2.7237528233516897e-30	Aque_Aqu2.1.37527-001;Scil_g2206	3.012591765827895e-10	4.3554329439382163e-13	Aque_Aqu2.1.37527-001;Scil_g2206	3.012591765827895e-10	1.0658926288461982e-67	Aque_Aqu2.1.42546-001;Scil_g6498	3.5093384982538397e-07	1.5161851348057642e-21																																																
Aque_Aqu2.1.36263-001;Scil_g354	1.778679896019185e-56	4.0311188328060684e-07	Aque_Aqu2.1.31388-001;Scil_g6478	0.0006755546556821743	2.5957130015869884e-17							Aque_Aqu2.1.33737-001;Scil_g6711	0.00010266078310955623	6.759073674201966e-26	Aque_Aqu2.1.42554-001;Scil_g7113	1.8699626977627877e-30	4.6053504415745324e-11	Aque_Aqu2.1.40905-001;Scil_g3180	9.527533673684782e-19	1.0615762047400508e-97	Aque_Aqu2.1.18818-001;Scil_g4454	0.0006048601476495157	9.730516574303913e-16																																																
Aque_Aqu2.1.44059-001;Scil_g3256	3.328730512336417e-05	0.008525686068177827	Aque_Aqu2.1.22535-001;Scil_g512	7.166399470023436e-67	8.680068253283476e-05							Aque_Aqu2.1.36440-001;Scil_g1526	3.740727356250706e-136	4.158170796581489e-15	Aque_Aqu2.1.41892-001;Scil_g13524	8.326661223111995e-07	2.9555540269923984e-14	Aque_Aqu2.1.40997-001;Scil_g8299	2.3806102975701186e-10	2.8439285898586355e-55	Aque_Aqu2.1.24985-001;Scil_g9168	2.648227574502731e-19	3.801290374610249e-13																																																
Aque_Aqu2.1.23371-001;Scil_g9815	4.669598436086237e-22	2.630576838188565e-17	Aque_Aqu2.1.22415-001;Scil_g848	0.0010952786295129143	0.0032327734344434612							Aque_Aqu2.1.37079-001;Scil_g9503	6.987535709667499e-114	1.0590171517316566e-23	Aque_Aqu2.1.21070-001;Scil_g11267	3.312065753504341e-07	2.2689010838387122e-77	Aque_Aqu2.1.28194-001;Scil_g10793	1.444625855187625e-59	4.0502953322031525e-25	Aque_Aqu2.1.38167-001;Scil_g3347	2.0325287556649088e-66	4.14045344525421e-21																																																
Aque_Aqu2.1.39927-001;Scil_g1638	2.100681945699731e-42	0.0004271960310924804	Aque_Aqu2.1.37082-001;Scil_g10145	2.1405282321111328e-32	2.1585133470274472e-06							Aque_Aqu2.1.41892-001;Scil_g13004	8.326661223111995e-07	9.43743601159489e-33	Aque_Aqu2.1.39784-001;Scil_g8784	1.5219993781510476e-58	2.9417762170673565e-25	Aque_Aqu2.1.37713-001;Scil_g9800	1.7092280498504553e-19	4.24875692724004e-21	Aque_Aqu2.1.37476-001;Scil_g6562	4.0966762402966214e-10	1.80374594001211e-06																																																
Aque_Aqu2.1.37121-001;Scil_g2819	2.3401256518012982e-05	4.401303773319304e-25	Aque_Aqu2.1.31578-001;Scil_g3074	8.586407622992138e-19	0.001257448508283906							Aque_Aqu2.1.44246-001;Scil_g2125	7.348281244918552e-80	5.455020930454748e-28	Aque_Aqu2.1.42204-001;Scil_g4454	1.3945913874113773e-13	2.9871153741888096e-11	Aque_Aqu2.1.21251-001;Scil_g6498	4.624562609038775e-08	1.03276942278003e-56	Aque_Aqu2.1.42204-001;Scil_g4454	1.3945913874113773e-13	9.730516574303913e-16																																																
Aque_Aqu2.1.40997-001;Scil_g8299	2.3806102975701186e-10	1.2383922037752179e-29	Aque_Aqu2.1.40911-001;Scil_g6711	0.000617485205402454	0.0010938477890792043							Aque_Aqu2.1.42546-001;Scil_g6498	3.5093384982538397e-07	1.4914290361385531e-33	Aque_Aqu2.1.29526-001;Scil_g6102	4.1378039240497674e-50	1.6394825503828734e-34	Aque_Aqu2.1.42546-001;Scil_g6498	3.5093384982538397e-07	1.03276942278003e-56	Aque_Aqu2.1.41071-001;Scil_g12539	6.710109806428675e-67	1.2038765561129974e-14																																																
Aque_Aqu2.1.27307-001;Scil_g12359	5.4316044416240484e-21	3.252766774038796e-25	Aque_Aqu2.1.26965-001;Scil_g268	4.721244968823187e-08	6.786197916659578e-05							Aque_Aqu2.1.44246-001;Scil_g1970	7.348281244918552e-80	1.3775775441589094e-31	Aque_Aqu2.1.37127-001;Scil_g10022	3.4100710983951623e-73	2.6984479924429166e-17	Aque_Aqu2.1.28194-001;Scil_g8784	1.444625855187625e-59	9.497038272762346e-47	Aque_Aqu2.1.42554-001;Scil_g7113	1.8699626977627877e-30	5.6699574793953736e-14																																																
Aque_Aqu2.1.21251-001;Scil_g6498	4.624562609038775e-08	2.080699871635012e-18	Aque_Aqu2.1.41302-001;Scil_g480	3.049277438668542e-10	3.200809768007951e-06							Aque_Aqu2.1.42085-001;Scil_g645	7.58547165552506e-19	2.688169026352351e-35	Aque_Aqu2.1.43623-001;Scil_g8784	2.967833146368427e-22	2.9417762170673565e-25	Aque_Aqu2.1.34889-001;Scil_g928	5.140233485381033e-67	1.7626001654650145e-45	Aque_Aqu2.1.34340-001;Scil_g9966	3.6337540168507325e-117	1.7913111854024232e-06																																																
Aque_Aqu2.1.28194-001;Scil_g8784	1.444625855187625e-59	8.377143649397441e-13	Aque_Aqu2.1.27307-001;Scil_g512	5.4316044416240484e-21	8.680068253283476e-05							Aque_Aqu2.1.40665-001;Scil_g3312	8.115709961538107e-35	2.890649901324934e-30	Aque_Aqu2.1.27243-001;Scil_g8996	5.067889401094206e-09	1.164705197773172e-09	Aque_Aqu2.1.44246-001;Scil_g1638	7.348281244918552e-80	3.181656618590957e-45	Aque_Aqu2.1.35102-001;Scil_g13155	1.0235518336439858e-13	1.073681226640222e-33																																																
Aque_Aqu2.1.34889-001;Scil_g928	5.140233485381033e-67	9.465737628460254e-18										Aque_Aqu2.1.38333-001;Scil_g2116	9.872349633291249e-53	7.829535366850482e-11	Aque_Aqu2.1.24541-001;Scil_g8569	2.344168441479099e-143	2.851381014143294e-14	Aque_Aqu2.1.22535-001;Scil_g12359	7.166399470023436e-67	4.0275293583812036e-05	Aque_Aqu2.1.28194-001;Scil_g10793	1.444625855187625e-59	3.993452082805753e-14																																																
Aque_Aqu2.1.31383-001;Scil_g6478	9.523828346058124e-51	3.3570174565474045e-45										Aque_Aqu2.1.42548-001;Scil_g5592	5.420837544320485e-66	1.6385964240100476e-31	Aque_Aqu2.1.21251-001;Scil_g6498	4.624562609038775e-08	6.562952370439655e-19	Aque_Aqu2.1.43558-001;Scil_g9800	3.1472571512040617e-06	4.24875692724004e-21	Aque_Aqu2.1.23796-001;Scil_g9973	4.4899166284703606e-08	1.798141077435388e-13																																																
Aque_Aqu2.1.37527-001;Scil_g2206	3.012591765827895e-10	0.0012785850026047498										Aque_Aqu2.1.42087-001;Scil_g4183	4.453201835818651e-25	4.357293561579818e-10	Aque_Aqu2.1.36263-001;Scil_g354	1.778679896019185e-56	3.099468506393396e-12	Aque_Aqu2.1.29526-001;Scil_g6102	4.1378039240497674e-50	1.2568048081656232e-38	Aque_Aqu2.1.27243-001;Scil_g8996	5.067889401094206e-09	2.4926064461135244e-07																																																
Aque_Aqu2.1.18089-001;Scil_g10793	2.3222255630625573e-12	2.2837138394226676e-13										Aque_Aqu2.1.41587-001;Scil_g1970	6.284211007424334e-22	1.3775775441589094e-31	Aque_Aqu2.1.40905-001;Scil_g3180	9.527533673684782e-19	4.470880885214867e-11	Aque_Aqu2.1.42087-001;Scil_g4183	4.453201835818651e-25	3.0682428210392324e-44	Aque_Aqu2.1.44059-001;Scil_g3256	3.328730512336417e-05	1.682278259455934e-06																																																
Aque_Aqu2.1.34340-001;Scil_g9966	3.6337540168507325e-117	0.0008785369237971262										Aque_Aqu2.1.25862-001;Scil_g9420	1.4164840831138878e-69	2.125820616792006e-34	Aque_Aqu2.1.36263-001;Scil_g3347	1.778679896019185e-56	4.461914906446044e-22	Aque_Aqu2.1.38167-001;Scil_g3347	2.0325287556649088e-66	4.604286123432527e-34	Aque_Aqu2.1.34889-001;Scil_g928	5.140233485381033e-67	1.4386902975812864e-17																																																
Aque_Aqu2.1.36579-001;Scil_g2206	1.3401575227138799e-05	0.0012785850026047498										Aque_Aqu2.1.37127-001;Scil_g10022	3.4100710983951623e-73	1.7091337849726375e-22	Aque_Aqu2.1.36579-001;Scil_g2206	1.3401575227138799e-05	4.3554329439382163e-13	Aque_Aqu2.1.36263-001;Scil_g3347	1.778679896019185e-56	4.604286123432527e-34	Aque_Aqu2.1.39927-001;Scil_g1638	2.100681945699731e-42	3.0178571557050588e-05																																																
Aque_Aqu2.1.27224-001;Scil_g1638	6.85573730359377e-63	0.0004271960310924804										Aque_Aqu2.1.23796-001;Scil_g9973	4.4899166284703606e-08	5.447180636263979e-21	Aque_Aqu2.1.34889-001;Scil_g928	5.140233485381033e-67	6.414252918174505e-21	Aque_Aqu2.1.37079-001;Scil_g176	6.987535709667499e-114	0.0002785837921453434	Aque_Aqu2.1.23371-001;Scil_g9815	4.669598436086237e-22	1.1934306633437498e-13																																																
Aque_Aqu2.1.23796-001;Scil_g9973	4.4899166284703606e-08	0.0002908069200599772										Aque_Aqu2.1.37818-001;Scil_g13687	1.1042169105070999e-65	1.9469606386252242e-05	Aque_Aqu2.1.31383-001;Scil_g6478	9.523828346058124e-51	7.657793619912689e-41	Aque_Aqu2.1.32946-001;Scil_g548	3.198548394219795e-57	4.213936930958032e-23	Aque_Aqu2.1.42605-001;Scil_g6760	9.509180868415106e-59	6.038487703980014e-20																																																
Aque_Aqu2.1.42546-001;Scil_g6498	3.5093384982538397e-07	2.080699871635012e-18										Aque_Aqu2.1.27243-001;Scil_g8996	5.067889401094206e-09	6.099162474381795e-16	Aque_Aqu2.1.23371-001;Scil_g9815	4.669598436086237e-22	7.350012897739928e-17	Aque_Aqu2.1.36263-001;Scil_g354	1.778679896019185e-56	8.132572916778306e-32	Aque_Aqu2.1.24541-001;Scil_g8569	2.344168441479099e-143	3.2171001510938283e-22																																																
Aque_Aqu2.1.44246-001;Scil_g1970	7.348281244918552e-80	4.6578762203136525e-11										Aque_Aqu2.1.34344-001;Scil_g119	4.469710923167695e-16	4.1210061798740633e-33	Aque_Aqu2.1.24985-001;Scil_g9168	2.648227574502731e-19	4.2906318054194623e-13	Aque_Aqu2.1.27243-001;Scil_g8996	5.067889401094206e-09	8.87452004390187e-30	Aque_Aqu2.1.37818-001;Scil_g8569	1.1042169105070999e-65	3.2171001510938283e-22																																																
Aque_Aqu2.1.41587-001;Scil_g1638	6.284211007424334e-22	0.0004271960310924804										Aque_Aqu2.1.34374-001;Scil_g12129	1.4390603500282076e-48	8.462894372974247e-32	Aque_Aqu2.1.29496-001;Scil_g208	1.2768054689113486e-36	5.112190305276968e-06	Aque_Aqu2.1.39784-001;Scil_g8784	1.5219993781510476e-58	9.497038272762346e-47	Aque_Aqu2.1.40997-001;Scil_g8299	2.3806102975701186e-10	8.388113313311651e-23																																																
Aque_Aqu2.1.43623-001;Scil_g8784	2.967833146368427e-22	8.377143649397441e-13										Aque_Aqu2.1.39927-001;Scil_g1638	2.100681945699731e-42	1.837014482864839e-32	Aque_Aqu2.1.27224-001;Scil_g1638	6.85573730359377e-63	1.0623634106631545e-07	Aque_Aqu2.1.24985-001;Scil_g9168	2.648227574502731e-19	3.3311898473371216e-29	Aque_Aqu2.1.18089-001;Scil_g10793	2.3222255630625573e-12	3.993452082805753e-14																																																
Aque_Aqu2.1.37888-001;Scil_g2206	1.1074993725506151e-05	0.0012785850026047498										Aque_Aqu2.1.39784-001;Scil_g9453	1.5219993781510476e-58	4.690281247167611e-32	Aque_Aqu2.1.18089-001;Scil_g10793	2.3222255630625573e-12	6.645196967260229e-16	Aque_Aqu2.1.31383-001;Scil_g6478	9.523828346058124e-51	1.7899229321763695e-31	Aque_Aqu2.1.31383-001;Scil_g6478	9.523828346058124e-51	3.839955965161174e-17																																																
Aque_Aqu2.1.31578-001;Scil_g3074	8.586407622992138e-19	2.6044948957731563e-40										Aque_Aqu2.1.43276-001;Scil_g9800	1.0182416073641277e-129	1.0864233259201773e-14	Aque_Aqu2.1.44059-001;Scil_g3256	3.328730512336417e-05	1.1449812952683337e-15	Aque_Aqu2.1.23371-001;Scil_g9815	4.669598436086237e-22	3.640038565441318e-41	Aque_Aqu2.1.44246-001;Scil_g1638	7.348281244918552e-80	3.0178571557050588e-05																																																
Aque_Aqu2.1.37095-001;Scil_g6760	1.7138617390298075e-107	1.2927418751955122e-24										Aque_Aqu2.1.34476-001;Scil_g10401	1.1365096649262665e-143	2.0518147652732517e-25	Aque_Aqu2.1.40997-001;Scil_g8299	2.3806102975701186e-10	3.011579951366906e-08	Aque_Aqu2.1.24541-001;Scil_g8569	2.344168441479099e-143	1.8132812085419042e-29	Aque_Aqu2.1.37095-001;Scil_g6760	1.7138617390298075e-107	6.038487703980014e-20																																																
Aque_Aqu2.1.27809-001;Scil_g4134	2.3643424405959376e-49	6.473012715760132e-06										Aque_Aqu2.1.39784-001;Scil_g8784	1.5219993781510476e-58	3.498773764016909e-26	Aque_Aqu2.1.23796-001;Scil_g9973	4.4899166284703606e-08	9.287429578648774e-16	Aque_Aqu2.1.37121-001;Scil_g2819	2.3401256518012982e-05	8.293371098541622e-94	Aque_Aqu2.1.38605-001;Scil_g12526	1.0933182551060714e-65	1.7882791370799585e-05																																																
Aque_Aqu2.1.42605-001;Scil_g6760	9.509180868415106e-59	1.2927418751955122e-24										Aque_Aqu2.1.31586-001;Scil_g2493	6.035842798121547e-07	5.463978470337604e-32	Aque_Aqu2.1.44246-001;Scil_g1638	7.348281244918552e-80	1.0623634106631545e-07	Aque_Aqu2.1.29497-001;Scil_g208	1.613969228591092e-36	1.8779606520682025e-172	Aque_Aqu2.1.37121-001;Scil_g2819	2.3401256518012982e-05	5.616944485933881e-21																																																
Aque_Aqu2.1.03528-001;Scil_g2790	2.524224078298844e-07	4.083664010204374e-12										Aque_Aqu2.1.36105-001;Scil_g6454	8.927728054109878e-36	4.0440999607879435e-21	Aque_Aqu2.1.43558-001;Scil_g9800	3.1472571512040617e-06	1.3775837916420375e-52	Aque_Aqu2.1.29134-001;Scil_g3738	2.8373595677325286e-12	9.853640597342069e-44	Aque_Aqu2.1.39784-001;Scil_g8784	1.5219993781510476e-58	3.909906215008522e-15																																																
Aque_Aqu2.1.38735-001;Scil_g283	3.575419685973744e-06	1.0755237906388229e-14										Aque_Aqu2.1.35141-001;Scil_g1526	6.369627006647753e-61	4.158170796581489e-15	Aque_Aqu2.1.16571-001;Scil_g10997	1.4059944144213117e-22	1.057361968941377e-12	Aque_Aqu2.1.16571-001;Scil_g10997	1.4059944144213117e-22	3.223833683114554e-43	Aque_Aqu2.1.29496-001;Scil_g208	1.2768054689113486e-36	1.7566940893103617e-05																																																
Aque_Aqu2.1.22535-001;Scil_g512	7.166399470023436e-67	9.045393593074876e-46										Aque_Aqu2.1.18813-001;Scil_g2393	1.5941414811933208e-143	3.5421110097458034e-31	Aque_Aqu2.1.37818-001;Scil_g8569	1.1042169105070999e-65	2.851381014143294e-14	Aque_Aqu2.1.18098-001;Scil_g2206	0.0002927017614354168	1.0658926288461982e-67	Aque_Aqu2.1.36579-001;Scil_g2206	1.3401575227138799e-05	1.1405812498951537e-13																																																
Aque_Aqu2.1.44280-001;Scil_g11800	2.5416558571866295e-31	1.6894970150119473e-07										Aque_Aqu2.1.28194-001;Scil_g8784	1.444625855187625e-59	3.498773764016909e-26	Aque_Aqu2.1.39927-001;Scil_g1638	2.100681945699731e-42	1.0623634106631545e-07	Aque_Aqu2.1.27809-001;Scil_g4134	2.3643424405959376e-49	2.479877608432003e-35	Aque_Aqu2.1.28194-001;Scil_g8784	1.444625855187625e-59	3.909906215008522e-15																																																
Aque_Aqu2.1.27307-001;Scil_g512	5.4316044416240484e-21	9.045393593074876e-46										Aque_Aqu2.1.28194-001;Scil_g9453	1.444625855187625e-59	4.690281247167611e-32	Aque_Aqu2.1.37121-001;Scil_g2819	2.3401256518012982e-05	4.904152544389536e-39	Aque_Aqu2.1.34340-001;Scil_g9966	3.6337540168507325e-117	1.1605418751792439e-14	Aque_Aqu2.1.37888-001;Scil_g2206	1.1074993725506151e-05	1.1405812498951537e-13																																																
Aque_Aqu2.1.35749-001;Scil_g2045	1.2546820677197086e-26	1.7355587086330896e-15										Aque_Aqu2.1.37888-001;Scil_g10793	1.1074993725506151e-05	2.7237528233516897e-30	Aque_Aqu2.1.37888-001;Scil_g2206	1.1074993725506151e-05	4.3554329439382163e-13	Aque_Aqu2.1.38735-001;Scil_g283	3.575419685973744e-06	4.6117524101800895e-28	Aque_Aqu2.1.38735-001;Scil_g283	3.575419685973744e-06	1.0286440667326681e-17																																																
Aque_Aqu2.1.37082-001;Scil_g10145	2.1405282321111328e-32	4.2975807816568975e-31										Aque_Aqu2.1.21084-001;Scil_g9931	5.175422506174251e-16	1.8937545532321064e-31	Aque_Aqu2.1.35102-001;Scil_g13155	1.0235518336439858e-13	3.087385800055749e-17	Aque_Aqu2.1.29077-001;Scil_g119	3.031435493306638e-15	8.347908495673798e-36	Aque_Aqu2.1.37816-001;Scil_g9048	5.351220243248752e-65	4.048815639560096e-15																																																
Aque_Aqu2.1.38435-001;Scil_g9048	3.2496804617101288e-21	8.528631185506482e-17										Aque_Aqu2.1.34140-001;Scil_g5780	8.624609785310953e-08	4.621149887453691e-35	Aque_Aqu2.1.42546-001;Scil_g6498	3.5093384982538397e-07	6.562952370439655e-19	Aque_Aqu2.1.37888-001;Scil_g2206	1.1074993725506151e-05	1.0658926288461982e-67	Aque_Aqu2.1.38435-001;Scil_g9048	3.2496804617101288e-21	4.048815639560096e-15																																																
Aque_Aqu2.1.43276-001;Scil_g9048	1.0182416073641277e-129	8.528631185506482e-17										Aque_Aqu2.1.29077-001;Scil_g119	3.031435493306638e-15	4.1210061798740633e-33	Aque_Aqu2.1.37095-001;Scil_g6760	1.7138617390298075e-107	3.823161925933004e-20	Aque_Aqu2.1.29076-001;Scil_g119	1.6735204441251737e-27	8.347908495673798e-36	Aque_Aqu2.1.31578-001;Scil_g3074	8.586407622992138e-19	5.0999119829770476e-23																																																
Aque_Aqu2.1.37888-001;Scil_g10793	1.1074993725506151e-05	2.2837138394226676e-13										Aque_Aqu2.1.34340-001;Scil_g9951	3.6337540168507325e-117	5.911270700215866e-25	Aque_Aqu2.1.18098-001;Scil_g2206	0.0002927017614354168	4.3554329439382163e-13	Aque_Aqu2.1.43623-001;Scil_g8784	2.967833146368427e-22	9.497038272762346e-47	Aque_Aqu2.1.34476-001;Scil_g10401	1.1365096649262665e-143	7.378509740096536e-05																																																
Aque_Aqu2.1.32713-001;Scil_g9048	2.6072070909321647e-14	8.528631185506482e-17										Aque_Aqu2.1.38196-001;Scil_g3312	2.7056507229478046e-24	2.890649901324934e-30	Aque_Aqu2.1.39201-001;Scil_g5203	7.815203465075636e-11	1.104629470405453e-08	Aque_Aqu2.1.42605-001;Scil_g6760	9.509180868415106e-59	1.5440487202060859e-35	Aque_Aqu2.1.44280-001;Scil_g11800	2.5416558571866295e-31	4.751465864677058e-12																																																
Aque_Aqu2.1.40665-001;Scil_g3312	8.115709961538107e-35	0.0010380959633686673										Aque_Aqu2.1.43623-001;Scil_g8784	2.967833146368427e-22	3.498773764016909e-26	Aque_Aqu2.1.03528-001;Scil_g2790	2.524224078298844e-07	1.9682995802801132e-26	Aque_Aqu2.1.44246-001;Scil_g2125	7.348281244918552e-80	1.4181657206334714e-43	Aque_Aqu2.1.27224-001;Scil_g1638	6.85573730359377e-63	3.0178571557050588e-05																																																
Aque_Aqu2.1.37713-001;Scil_g9048	1.7092280498504553e-19	8.528631185506482e-17										Aque_Aqu2.1.43623-001;Scil_g9453	2.967833146368427e-22	4.690281247167611e-32	Aque_Aqu2.1.29134-001;Scil_g3738	2.8373595677325286e-12	2.2882190806772358e-33	Aque_Aqu2.1.39927-001;Scil_g2125	2.100681945699731e-42	1.4181657206334714e-43	Aque_Aqu2.1.21070-001;Scil_g11267	3.312065753504341e-07	1.8719427909843677e-46																																																
Aque_Aqu2.1.39201-001;Scil_g5203	7.815203465075636e-11	0.0009096274884998317										Aque_Aqu2.1.41302-001;Scil_g863	3.049277438668542e-10	1.0837152298551706e-35	Aque_Aqu2.1.34340-001;Scil_g9966	3.6337540168507325e-117	6.701180139415504e-09	Aque_Aqu2.1.35102-001;Scil_g13155	1.0235518336439858e-13	5.1245545682135905e-36	Aque_Aqu2.1.43276-001;Scil_g9048	1.0182416073641277e-129	4.048815639560096e-15																																																
Aque_Aqu2.1.37816-001;Scil_g9048	5.351220243248752e-65	8.528631185506482e-17										Aque_Aqu2.1.40411-001;Scil_g9331	2.2516488763377489e-07	7.45742043027554e-34	Aque_Aqu2.1.37888-001;Scil_g10793	1.1074993725506151e-05	6.645196967260229e-16	Aque_Aqu2.1.18089-001;Scil_g10793	2.3222255630625573e-12	4.0502953322031525e-25	Aque_Aqu2.1.16571-001;Scil_g10997	1.4059944144213117e-22	0.00031747401633958836																																																
Aque_Aqu2.1.39927-001;Scil_g1970	2.100681945699731e-42	4.6578762203136525e-11										Aque_Aqu2.1.41071-001;Scil_g12539	6.710109806428675e-67	8.241430487581229e-25	Aque_Aqu2.1.29076-001;Scil_g119	1.6735204441251737e-27	2.5611110356484367e-07	Aque_Aqu2.1.31578-001;Scil_g3074	8.586407622992138e-19	7.070029607238678e-32	Aque_Aqu2.1.29076-001;Scil_g119	1.6735204441251737e-27	0.001901008978818068																																																
Aque_Aqu2.1.21084-001;Scil_g9931	5.175422506174251e-16	0.00032366251243630016										Aque_Aqu2.1.27834-001;Scil_g1929	3.1136744770147465e-05	4.624880337967493e-25	Aque_Aqu2.1.27809-001;Scil_g4134	2.3643424405959376e-49	3.6108610440492884e-18	Aque_Aqu2.1.37818-001;Scil_g8569	1.1042169105070999e-65	1.8132812085419042e-29	Aque_Aqu2.1.40911-001;Scil_g6711	0.000617485205402454	2.035576337596752e-07																																																
Aque_Aqu2.1.25578-001;Scil_g9048	9.46692299568766e-12	8.528631185506482e-17										Aque_Aqu2.1.33502-001;Scil_g566	4.333324090497173e-06	1.0031011403911618e-30	Aque_Aqu2.1.34476-001;Scil_g10401	1.1365096649262665e-143	6.491135224355462e-06	Aque_Aqu2.1.44280-001;Scil_g11800	2.5416558571866295e-31	4.373948226814867e-50	Aque_Aqu2.1.39201-001;Scil_g5203	7.815203465075636e-11	1.9802402934204575e-06																																																
Aque_Aqu2.1.36774-001;Scil_g8909	2.2229382265985464e-06	6.545484085017603e-07										Aque_Aqu2.1.38470-001;Scil_g819	0.004861230740791713	5.1695111509787126e-33	Aque_Aqu2.1.21202-001;Scil_g313	0.003244680351007417	1.1137685812544885e-11	Aque_Aqu2.1.37095-001;Scil_g6760	1.7138617390298075e-107	1.5440487202060859e-35	Aque_Aqu2.1.21084-001;Scil_g9931	5.175422506174251e-16	1.2999232381711882e-06																																																
Aque_Aqu2.1.38196-001;Scil_g3312	2.7056507229478046e-24	0.0010380959633686673										Aque_Aqu2.1.37960-001;Scil_g151	8.706435525501074e-27	8.836239759152058e-24	Aque_Aqu2.1.31578-001;Scil_g3074	8.586407622992138e-19	7.189525877623362e-27	Aque_Aqu2.1.21070-001;Scil_g11267	3.312065753504341e-07	3.808039539930843e-38	Aque_Aqu2.1.03528-001;Scil_g2790	2.524224078298844e-07	1.889867594568557e-18																																																
Aque_Aqu2.1.29134-001;Scil_g3738	2.8373595677325286e-12	2.8648540503107372e-43										Aque_Aqu2.1.34889-001;Scil_g928	5.140233485381033e-67	1.1474797430792178e-27	Aque_Aqu2.1.38735-001;Scil_g283	3.575419685973744e-06	2.436182997483594e-16	Aque_Aqu2.1.39927-001;Scil_g1638	2.100681945699731e-42	3.181656618590957e-45	Aque_Aqu2.1.18098-001;Scil_g2206	0.0002927017614354168	1.1405812498951537e-13																																																
Aque_Aqu2.1.27224-001;Scil_g1970	6.85573730359377e-63	4.6578762203136525e-11										Aque_Aqu2.1.42605-001;Scil_g8541	9.509180868415106e-59	1.802478250123522e-21	Aque_Aqu2.1.22415-001;Scil_g848	0.0010952786295129143	1.9643441875080133e-11	Aque_Aqu2.1.27224-001;Scil_g1638	6.85573730359377e-63	3.181656618590957e-45	Aque_Aqu2.1.43558-001;Scil_g9048	3.1472571512040617e-06	4.048815639560096e-15																																																
Aque_Aqu2.1.18098-001;Scil_g2206	0.0002927017614354168	0.0012785850026047498										Aque_Aqu2.1.38605-001;Scil_g12526	1.0933182551060714e-65	6.818993652907717e-28	Aque_Aqu2.1.35749-001;Scil_g2045	1.2546820677197086e-26	4.0043417345198534e-17	Aque_Aqu2.1.36579-001;Scil_g2206	1.3401575227138799e-05	1.0658926288461982e-67	Aque_Aqu2.1.43623-001;Scil_g8784	2.967833146368427e-22	3.909906215008522e-15																																																
Aque_Aqu2.1.28488-001;Scil_g11946	4.308080784192572e-08	2.0010521638227242e-45										Aque_Aqu2.1.18089-001;Scil_g9453	2.3222255630625573e-12	4.690281247167611e-32	Aque_Aqu2.1.38605-001;Scil_g12526	1.0933182551060714e-65	1.0451613863993925e-05	Aque_Aqu2.1.21084-001;Scil_g9931	5.175422506174251e-16	5.901519707974864e-24	Aque_Aqu2.1.29077-001;Scil_g119	3.031435493306638e-15	0.001901008978818068																																																
Aque_Aqu2.1.43558-001;Scil_g9048	3.1472571512040617e-06	8.528631185506482e-17										Aque_Aqu2.1.41072-001;Scil_g9453	1.4923901171103289e-15	4.690281247167611e-32	Aque_Aqu2.1.33737-001;Scil_g6711	0.00010266078310955623	3.2654213040076745e-07	Aque_Aqu2.1.28194-001;Scil_g9453	1.444625855187625e-59	2.6775014578570193e-17	Aque_Aqu2.1.27809-001;Scil_g4134	2.3643424405959376e-49	4.696830817807609e-13																																																
Aque_Aqu2.1.37477-001;Scil_g6529	2.374194499162537e-23	0.007799661776281007										Aque_Aqu2.1.21202-001;Scil_g313	0.003244680351007417	2.092062401703015e-27	Aque_Aqu2.1.42605-001;Scil_g6760	9.509180868415106e-59	3.823161925933004e-20	Aque_Aqu2.1.27224-001;Scil_g2125	6.85573730359377e-63	1.4181657206334714e-43	Aque_Aqu2.1.27224-001;Scil_g1970	6.85573730359377e-63	8.756924050780502e-10																																																
Aque_Aqu2.1.38120-001;Scil_g9161	5.5719593329706205e-11	8.40279199608201e-30										Aque_Aqu2.1.29892-001;Scil_g2790	0.00882540214751287	8.296769419708846e-28	Aque_Aqu2.1.38196-001;Scil_g3312	2.7056507229478046e-24	0.0010546566978719245	Aque_Aqu2.1.21202-001;Scil_g313	0.003244680351007417	1.3882020871878823e-42	Aque_Aqu2.1.33737-001;Scil_g6711	0.00010266078310955623	2.035576337596752e-07																																																
Aque_Aqu2.1.38117-001;Scil_g9161	3.0791084021370375e-13	8.40279199608201e-30										Aque_Aqu2.1.27809-001;Scil_g4134	2.3643424405959376e-49	2.923786661678301e-19	Aque_Aqu2.1.44246-001;Scil_g2125	7.348281244918552e-80	1.7332790933588523e-10	Aque_Aqu2.1.23796-001;Scil_g9973	4.4899166284703606e-08	4.2235186717529214e-24	Aque_Aqu2.1.38196-001;Scil_g3312	2.7056507229478046e-24	0.0005934801235224153																																																
Aque_Aqu2.1.34141-001;Scil_g6573	5.817801590754243e-06	4.309647501655551e-09										Aque_Aqu2.1.43558-001;Scil_g9800	3.1472571512040617e-06	1.0864233259201773e-14	Aque_Aqu2.1.22535-001;Scil_g512	7.166399470023436e-67	1.9072856015215395e-45	Aque_Aqu2.1.41587-001;Scil_g1638	6.284211007424334e-22	3.181656618590957e-45	Aque_Aqu2.1.39927-001;Scil_g1970	2.100681945699731e-42	8.756924050780502e-10																																																
Aque_Aqu2.1.26965-001;Scil_g268	4.721244968823187e-08	5.192168227852604e-09										Aque_Aqu2.1.41587-001;Scil_g2125	6.284211007424334e-22	5.455020930454748e-28	Aque_Aqu2.1.40665-001;Scil_g3312	8.115709961538107e-35	0.0010546566978719245	Aque_Aqu2.1.33737-001;Scil_g6711	0.00010266078310955623	2.1122623823286628e-39	Aque_Aqu2.1.37960-001;Scil_g151	8.706435525501074e-27	8.798529320398064e-06																																																
Aque_Aqu2.1.06909-001;Scil_g5906	0.0010587694104038895	2.594905596609482e-07										Aque_Aqu2.1.23371-001;Scil_g9815	4.669598436086237e-22	3.459435801711999e-26	Aque_Aqu2.1.39927-001;Scil_g2125	2.100681945699731e-42	1.7332790933588523e-10	Aque_Aqu2.1.39784-001;Scil_g9453	1.5219993781510476e-58	2.6775014578570193e-17	Aque_Aqu2.1.21202-001;Scil_g313	0.003244680351007417	4.822239291499991e-06																																																
Aque_Aqu2.1.31388-001;Scil_g6478	0.0006755546556821743	3.3570174565474045e-45										Aque_Aqu2.1.06909-001;Scil_g5906	0.0010587694104038895	4.781739742758265e-21	Aque_Aqu2.1.28194-001;Scil_g9453	1.444625855187625e-59	0.007461381306454181	Aque_Aqu2.1.44246-001;Scil_g1970	7.348281244918552e-80	4.3616741817884815e-27	Aque_Aqu2.1.44246-001;Scil_g2125	7.348281244918552e-80	0.0006283442350134985																																																
Aque_Aqu2.1.41302-001;Scil_g480	3.049277438668542e-10	1.0921696921019744e-05										Aque_Aqu2.1.37477-001;Scil_g6529	2.374194499162537e-23	2.762764982341353e-29	Aque_Aqu2.1.21084-001;Scil_g9931	5.175422506174251e-16	3.030123272373399e-14	Aque_Aqu2.1.27307-001;Scil_g12359	5.4316044416240484e-21	4.0275293583812036e-05	Aque_Aqu2.1.44246-001;Scil_g1970	7.348281244918552e-80	8.756924050780502e-10																																																
Aque_Aqu2.1.04179-001;Scil_g4134	0.003868760252328018	6.473012715760132e-06										Aque_Aqu2.1.24376-001;Scil_g2266	3.214491794611835e-10	1.5624149917777457e-35	Aque_Aqu2.1.37816-001;Scil_g9048	5.351220243248752e-65	7.555197114680055e-11	Aque_Aqu2.1.37477-001;Scil_g6529	2.374194499162537e-23	7.555105195243802e-32	Aque_Aqu2.1.32713-001;Scil_g9048	2.6072070909321647e-14	4.048815639560096e-15																																																
Aque_Aqu2.1.29892-001;Scil_g2790	0.00882540214751287	4.083664010204374e-12										Aque_Aqu2.1.29482-001;Scil_g9453	0.006815611909410816	4.690281247167611e-32	Aque_Aqu2.1.43623-001;Scil_g9453	2.967833146368427e-22	0.007461381306454181	Aque_Aqu2.1.43276-001;Scil_g9048	1.0182416073641277e-129	9.414026616664429e-37	Aque_Aqu2.1.35749-001;Scil_g2045	1.2546820677197086e-26	2.8872576137663887e-12																																																
Aque_Aqu2.1.41587-001;Scil_g1970	6.284211007424334e-22	4.6578762203136525e-11										Aque_Aqu2.1.34140-001;Scil_g7883	8.624609785310953e-08	2.0178790380173826e-33	Aque_Aqu2.1.29077-001;Scil_g119	3.031435493306638e-15	2.5611110356484367e-07	Aque_Aqu2.1.39927-001;Scil_g1970	2.100681945699731e-42	4.3616741817884815e-27	Aque_Aqu2.1.41587-001;Scil_g1638	6.284211007424334e-22	3.0178571557050588e-05																																																
Aque_Aqu2.1.35197-001;Scil_g12865	2.5740157898972076e-06	0.0011807066850151409										Aque_Aqu2.1.24541-001;Scil_g13687	2.344168441479099e-143	1.9469606386252242e-05	Aque_Aqu2.1.37713-001;Scil_g9048	1.7092280498504553e-19	7.555197114680055e-11	Aque_Aqu2.1.34476-001;Scil_g10401	1.1365096649262665e-143	7.928140541623874e-17	Aque_Aqu2.1.27224-001;Scil_g2125	6.85573730359377e-63	0.0006283442350134985																																																
Aque_Aqu2.1.06256-001;Scil_g9747	3.217067992013976e-06	0.004495547438943787										Aque_Aqu2.1.36774-001;Scil_g8909	2.2229382265985464e-06	1.1480397466073116e-30	Aque_Aqu2.1.37082-001;Scil_g10145	2.1405282321111328e-32	3.5340165051278064e-21	Aque_Aqu2.1.37774-001;Scil_g9453	7.700554024937936e-21	2.6775014578570193e-17	Aque_Aqu2.1.37713-001;Scil_g9048	1.7092280498504553e-19	4.048815639560096e-15																																																
												Aque_Aqu2.1.41302-001;Scil_g10741	3.049277438668542e-10	4.241614317621571e-34	Aque_Aqu2.1.41587-001;Scil_g2125	6.284211007424334e-22	1.7332790933588523e-10	Aque_Aqu2.1.43623-001;Scil_g9453	2.967833146368427e-22	2.6775014578570193e-17	Aque_Aqu2.1.28194-001;Scil_g9453	1.444625855187625e-59	1.8298412915637729e-06																																																
												Aque_Aqu2.1.40744-001;Scil_g9836	0.00520906155360265	3.759760267021943e-24	Aque_Aqu2.1.39927-001;Scil_g1970	2.100681945699731e-42	1.0143060835660755e-07	Aque_Aqu2.1.40905-001;Scil_g208	9.527533673684782e-19	1.8779606520682025e-172	Aque_Aqu2.1.37082-001;Scil_g10145	2.1405282321111328e-32	3.772387291277274e-17																																																
												Aque_Aqu2.1.22415-001;Scil_g848	0.0010952786295129143	1.2282658796709681e-20	Aque_Aqu2.1.29892-001;Scil_g2790	0.00882540214751287	1.9682995802801132e-26	Aque_Aqu2.1.03528-001;Scil_g2790	2.524224078298844e-07	9.636821142033741e-41	Aque_Aqu2.1.37888-001;Scil_g10793	1.1074993725506151e-05	3.993452082805753e-14																																																
												Aque_Aqu2.1.29496-001;Scil_g1157	1.2768054689113486e-36	2.702915143964185e-33	Aque_Aqu2.1.41587-001;Scil_g1638	6.284211007424334e-22	1.0623634106631545e-07	Aque_Aqu2.1.37960-001;Scil_g151	8.706435525501074e-27	3.18668889517453e-28	Aque_Aqu2.1.25578-001;Scil_g9048	9.46692299568766e-12	4.048815639560096e-15																																																
												Aque_Aqu2.1.39201-001;Scil_g5203	7.815203465075636e-11	2.664060121574658e-26	Aque_Aqu2.1.44246-001;Scil_g1970	7.348281244918552e-80	1.0143060835660755e-07	Aque_Aqu2.1.26965-001;Scil_g268	4.721244968823187e-08	1.1737615551501929e-43	Aque_Aqu2.1.22415-001;Scil_g848	0.0010952786295129143	2.9643575033124056e-07																																																
												Aque_Aqu2.1.36105-001;Scil_g4183	8.927728054109878e-36	4.357293561579818e-10	Aque_Aqu2.1.43276-001;Scil_g9048	1.0182416073641277e-129	7.555197114680055e-11	Aque_Aqu2.1.39201-001;Scil_g5203	7.815203465075636e-11	4.117817758352169e-33	Aque_Aqu2.1.29497-001;Scil_g208	1.613969228591092e-36	1.7566940893103617e-05																																																
												Aque_Aqu2.1.29951-001;Scil_g9420	0.00022028134504872317	2.125820616792006e-34	Aque_Aqu2.1.27224-001;Scil_g1970	6.85573730359377e-63	1.0143060835660755e-07	Aque_Aqu2.1.41587-001;Scil_g2125	6.284211007424334e-22	1.4181657206334714e-43	Aque_Aqu2.1.39232-001;Scil_g11100	0.0008790342511167446	1.308660990792948e-05																																																
												Aque_Aqu2.1.37713-001;Scil_g9800	1.7092280498504553e-19	1.0864233259201773e-14	Aque_Aqu2.1.44280-001;Scil_g11800	2.5416558571866295e-31	0.0008226702689257949	Aque_Aqu2.1.43636-001;Scil_g2645	2.3857194879026892e-54	2.823138641352945e-20	Aque_Aqu2.1.34141-001;Scil_g6573	5.817801590754243e-06	2.5311140381552704e-09																																																
												Aque_Aqu2.1.35102-001;Scil_g13155	1.0235518336439858e-13	3.207217753351068e-11	Aque_Aqu2.1.39784-001;Scil_g9453	1.5219993781510476e-58	0.007461381306454181	Aque_Aqu2.1.40911-001;Scil_g6711	0.000617485205402454	2.1122623823286628e-39	Aque_Aqu2.1.39784-001;Scil_g9453	1.5219993781510476e-58	1.8298412915637729e-06																																																
												Aque_Aqu2.1.26965-001;Scil_g268	4.721244968823187e-08	4.233036037467172e-17	Aque_Aqu2.1.37477-001;Scil_g6529	2.374194499162537e-23	9.66845421070493e-08	Aque_Aqu2.1.35749-001;Scil_g2045	1.2546820677197086e-26	3.2842291010061303e-34	Aque_Aqu2.1.34140-001;Scil_g5780	8.624609785310953e-08	1.1791956678311671e-05																																																
												Aque_Aqu2.1.34343-001;Scil_g119	1.748816289030163e-11	4.1210061798740633e-33	Aque_Aqu2.1.40911-001;Scil_g6711	0.000617485205402454	3.2654213040076745e-07	Aque_Aqu2.1.22415-001;Scil_g848	0.0010952786295129143	7.062709833126368e-23	Aque_Aqu2.1.36774-001;Scil_g8909	2.2229382265985464e-06	1.4742427184163215e-15																																																
												Aque_Aqu2.1.35749-001;Scil_g2045	1.2546820677197086e-26	5.307861211852472e-14	Aque_Aqu2.1.27224-001;Scil_g2125	6.85573730359377e-63	1.7332790933588523e-10	Aque_Aqu2.1.40665-001;Scil_g3312	8.115709961538107e-35	4.205710714819865e-16	Aque_Aqu2.1.40905-001;Scil_g208	9.527533673684782e-19	1.7566940893103617e-05																																																
												Aque_Aqu2.1.22809-001;Scil_g9784	2.735312110712329e-10	3.205387726116441e-32	Aque_Aqu2.1.37960-001;Scil_g151	8.706435525501074e-27	2.3961511097876396e-05	Aque_Aqu2.1.38196-001;Scil_g3312	2.7056507229478046e-24	4.205710714819865e-16	Aque_Aqu2.1.22535-001;Scil_g512	7.166399470023436e-67	4.679069829470126e-12																																																
												Aque_Aqu2.1.28488-001;Scil_g11946	4.308080784192572e-08	2.3349722643416568e-20	Aque_Aqu2.1.26965-001;Scil_g268	4.721244968823187e-08	7.783882130402147e-13	Aque_Aqu2.1.41072-001;Scil_g9453	1.4923901171103289e-15	2.6775014578570193e-17	Aque_Aqu2.1.39927-001;Scil_g2125	2.100681945699731e-42	0.0006283442350134985																																																
												Aque_Aqu2.1.29497-001;Scil_g208	1.613969228591092e-36	1.0581074648714269e-30	Aque_Aqu2.1.31388-001;Scil_g6478	0.0006755546556821743	7.657793619912689e-41	Aque_Aqu2.1.37082-001;Scil_g10145	2.1405282321111328e-32	1.9917824516600978e-26	Aque_Aqu2.1.29892-001;Scil_g2790	0.00882540214751287	1.889867594568557e-18																																																
												Aque_Aqu2.1.42204-001;Scil_g4454	1.3945913874113773e-13	3.8829178094729264e-25	Aque_Aqu2.1.27307-001;Scil_g512	5.4316044416240484e-21	1.9072856015215395e-45	Aque_Aqu2.1.41302-001;Scil_g480	3.049277438668542e-10	1.2421612735634292e-136	Aque_Aqu2.1.34344-001;Scil_g119	4.469710923167695e-16	0.001901008978818068																																																
												Aque_Aqu2.1.43636-001;Scil_g2645	2.3857194879026892e-54	1.2245689785835405e-18	Aque_Aqu2.1.36774-001;Scil_g8909	2.2229382265985464e-06	1.357996266075408e-16	Aque_Aqu2.1.29892-001;Scil_g2790	0.00882540214751287	9.636821142033741e-41	Aque_Aqu2.1.42548-001;Scil_g5592	5.420837544320485e-66	0.001261256865343962																																																
												Aque_Aqu2.1.29892-001;Scil_g2894	0.00882540214751287	4.5238254945308026e-32	Aque_Aqu2.1.04179-001;Scil_g4134	0.003868760252328018	3.6108610440492884e-18	Aque_Aqu2.1.38605-001;Scil_g12526	1.0933182551060714e-65	1.1479532570747257e-28	Aque_Aqu2.1.04179-001;Scil_g4134	0.003868760252328018	4.696830817807609e-13																																																
												Aque_Aqu2.1.31586-001;Scil_g8948	6.035842798121547e-07	2.305826713345391e-26	Aque_Aqu2.1.42548-001;Scil_g5592	5.420837544320485e-66	2.0072729627077198e-05	Aque_Aqu2.1.37713-001;Scil_g9048	1.7092280498504553e-19	9.414026616664429e-37	Aque_Aqu2.1.31388-001;Scil_g6478	0.0006755546556821743	3.839955965161174e-17																																																
												Aque_Aqu2.1.34340-001;Scil_g9966	3.6337540168507325e-117	7.679702767010177e-23	Aque_Aqu2.1.37774-001;Scil_g9453	7.700554024937936e-21	0.007461381306454181	Aque_Aqu2.1.38435-001;Scil_g9048	3.2496804617101288e-21	9.414026616664429e-37	Aque_Aqu2.1.18089-001;Scil_g9453	2.3222255630625573e-12	1.8298412915637729e-06																																																
												Aque_Aqu2.1.41892-001;Scil_g4335	8.326661223111995e-07	9.67459099311687e-33	Aque_Aqu2.1.06909-001;Scil_g5906	0.0010587694104038895	5.557381366463725e-09	Aque_Aqu2.1.37816-001;Scil_g9048	5.351220243248752e-65	9.414026616664429e-37	Aque_Aqu2.1.26965-001;Scil_g268	4.721244968823187e-08	9.978625304165999e-17																																																
												Aque_Aqu2.1.03528-001;Scil_g2790	2.524224078298844e-07	8.296769419708846e-28	Aque_Aqu2.1.34141-001;Scil_g6573	5.817801590754243e-06	1.316750423088208e-06	Aque_Aqu2.1.34344-001;Scil_g119	4.469710923167695e-16	8.347908495673798e-36	Aque_Aqu2.1.43623-001;Scil_g9453	2.967833146368427e-22	1.8298412915637729e-06																																																
												Aque_Aqu2.1.38435-001;Scil_g9800	3.2496804617101288e-21	1.0864233259201773e-14	Aque_Aqu2.1.22809-001;Scil_g9784	2.735312110712329e-10	1.4015562362020339e-08	Aque_Aqu2.1.40203-001;Scil_g9896	7.76548669049712e-21	5.953312127252632e-18	Aque_Aqu2.1.29134-001;Scil_g3738	2.8373595677325286e-12	4.559486942521769e-22																																																
												Aque_Aqu2.1.29134-001;Scil_g3738	2.8373595677325286e-12	5.777805838259641e-13	Aque_Aqu2.1.41072-001;Scil_g9453	1.4923901171103289e-15	0.007461381306454181	Aque_Aqu2.1.27224-001;Scil_g1970	6.85573730359377e-63	4.3616741817884815e-27	Aque_Aqu2.1.40665-001;Scil_g3312	8.115709961538107e-35	0.0005934801235224153																																																
												Aque_Aqu2.1.44221-001;Scil_g6803	2.4142643864291954e-16	2.2943207053266923e-11	Aque_Aqu2.1.38435-001;Scil_g9048	3.2496804617101288e-21	7.555197114680055e-11	Aque_Aqu2.1.37888-001;Scil_g10793	1.1074993725506151e-05	4.0502953322031525e-25	Aque_Aqu2.1.38117-001;Scil_g9161	3.0791084021370375e-13	2.320077784289968e-11																																																
												Aque_Aqu2.1.37095-001;Scil_g6036	1.7138617390298075e-107	4.686311669006834e-21	Aque_Aqu2.1.25578-001;Scil_g9048	9.46692299568766e-12	7.555197114680055e-11	Aque_Aqu2.1.31388-001;Scil_g6478	0.0006755546556821743	1.7899229321763695e-31	Aque_Aqu2.1.27307-001;Scil_g512	5.4316044416240484e-21	4.679069829470126e-12																																																
												Aque_Aqu2.1.43478-001;Scil_g852	2.6663380306377767e-06	5.880762648072581e-26	Aque_Aqu2.1.38191-001;Scil_g9230	5.740348681209968e-44	0.0011474590572511253	Aque_Aqu2.1.22535-001;Scil_g512	7.166399470023436e-67	5.521400451196483e-41	Aque_Aqu2.1.37477-001;Scil_g6529	2.374194499162537e-23	3.23608834205455e-05																																																
												Aque_Aqu2.1.37818-001;Scil_g8569	1.1042169105070999e-65	0.0018855076804693196	Aque_Aqu2.1.29497-001;Scil_g208	1.613969228591092e-36	5.112190305276968e-06	Aque_Aqu2.1.22809-001;Scil_g9784	2.735312110712329e-10	1.746279560196851e-16	Aque_Aqu2.1.43636-001;Scil_g2645	2.3857194879026892e-54	9.045364724338039e-05																																																
												Aque_Aqu2.1.22535-001;Scil_g13539	7.166399470023436e-67	1.386961914997097e-29	Aque_Aqu2.1.41587-001;Scil_g1970	6.284211007424334e-22	1.0143060835660755e-07	Aque_Aqu2.1.04179-001;Scil_g4134	0.003868760252328018	2.479877608432003e-35	Aque_Aqu2.1.28488-001;Scil_g11946	4.308080784192572e-08	1.4120023583071112e-16																																																
												Aque_Aqu2.1.24541-001;Scil_g8569	2.344168441479099e-143	0.0018855076804693196	Aque_Aqu2.1.18089-001;Scil_g9453	2.3222255630625573e-12	0.007461381306454181	Aque_Aqu2.1.32713-001;Scil_g9048	2.6072070909321647e-14	9.414026616664429e-37	Aque_Aqu2.1.41302-001;Scil_g480	3.049277438668542e-10	5.461946662124233e-20																																																
												Aque_Aqu2.1.35197-001;Scil_g12865	2.5740157898972076e-06	8.657919303424732e-31	Aque_Aqu2.1.40905-001;Scil_g208	9.527533673684782e-19	5.112190305276968e-06	Aque_Aqu2.1.18089-001;Scil_g9453	2.3222255630625573e-12	2.6775014578570193e-17	Aque_Aqu2.1.37774-001;Scil_g9453	7.700554024937936e-21	1.8298412915637729e-06																																																
												Aque_Aqu2.1.40905-001;Scil_g208	9.527533673684782e-19	1.0581074648714269e-30	Aque_Aqu2.1.41302-001;Scil_g480	3.049277438668542e-10	1.5185384481949087e-24	Aque_Aqu2.1.34140-001;Scil_g5780	8.624609785310953e-08	4.785930679375792e-24	Aque_Aqu2.1.35197-001;Scil_g12865	2.5740157898972076e-06	0.000725033714335632																																																
												Aque_Aqu2.1.37816-001;Scil_g9048	5.351220243248752e-65	8.852021770146673e-08	Aque_Aqu2.1.34344-001;Scil_g119	4.469710923167695e-16	2.5611110356484367e-07	Aque_Aqu2.1.27307-001;Scil_g512	5.4316044416240484e-21	5.521400451196483e-41	Aque_Aqu2.1.41587-001;Scil_g1970	6.284211007424334e-22	8.756924050780502e-10																																																
												Aque_Aqu2.1.04179-001;Scil_g4134	0.003868760252328018	2.923786661678301e-19	Aque_Aqu2.1.32713-001;Scil_g9048	2.6072070909321647e-14	7.555197114680055e-11	Aque_Aqu2.1.36774-001;Scil_g8909	2.2229382265985464e-06	2.3526229480496976e-34	Aque_Aqu2.1.38191-001;Scil_g9230	5.740348681209968e-44	0.0001367300148274159																																																
												Aque_Aqu2.1.39820-001;Scil_g5976	0.00030930266620041397	1.4542002781969836e-14	Aque_Aqu2.1.34343-001;Scil_g119	1.748816289030163e-11	2.5611110356484367e-07	Aque_Aqu2.1.43558-001;Scil_g9048	3.1472571512040617e-06	9.414026616664429e-37	Aque_Aqu2.1.34343-001;Scil_g119	1.748816289030163e-11	0.001901008978818068																																																
												Aque_Aqu2.1.35741-001;Scil_g2323	0.00040754156009998287	5.197415690471772e-33	Aque_Aqu2.1.16671-001;Scil_g13745	1.7538076482175143e-30	0.0027621151266571187	Aque_Aqu2.1.34343-001;Scil_g119	1.748816289030163e-11	8.347908495673798e-36	Aque_Aqu2.1.06909-001;Scil_g5906	0.0010587694104038895	2.244454958960911e-05																																																
												Aque_Aqu2.1.41892-001;Scil_g20	8.326661223111995e-07	9.657776764087294e-34	Aque_Aqu2.1.38117-001;Scil_g9161	3.0791084021370375e-13	2.8174365314340217e-35	Aque_Aqu2.1.41587-001;Scil_g1970	6.284211007424334e-22	4.3616741817884815e-27	Aque_Aqu2.1.41072-001;Scil_g9453	1.4923901171103289e-15	1.8298412915637729e-06																																																
												Aque_Aqu2.1.22535-001;Scil_g130	7.166399470023436e-67	4.104378829120708e-09	Aque_Aqu2.1.28488-001;Scil_g11946	4.308080784192572e-08	3.4309149092966474e-29	Aque_Aqu2.1.42085-001;Scil_g645	7.58547165552506e-19	3.194646100138674e-16	Aque_Aqu2.1.40203-001;Scil_g9896	7.76548669049712e-21	0.008247223987372742																																																
												Aque_Aqu2.1.39232-001;Scil_g11100	0.0008790342511167446	1.6282805892916576e-14	Aque_Aqu2.1.29482-001;Scil_g9453	0.006815611909410816	0.007461381306454181	Aque_Aqu2.1.25578-001;Scil_g9048	9.46692299568766e-12	9.414026616664429e-37	Aque_Aqu2.1.41587-001;Scil_g2125	6.284211007424334e-22	0.0006283442350134985																																																
												Aque_Aqu2.1.38735-001;Scil_g283	3.575419685973744e-06	8.714695188300005e-10	Aque_Aqu2.1.35197-001;Scil_g12865	2.5740157898972076e-06	0.006544778753972387	Aque_Aqu2.1.39232-001;Scil_g11100	0.0008790342511167446	6.066511400052593e-20	Aque_Aqu2.1.22809-001;Scil_g9784	2.735312110712329e-10	8.002928059843602e-06																																																
												Aque_Aqu2.1.03528-001;Scil_g2894	2.524224078298844e-07	4.5238254945308026e-32	Aque_Aqu2.1.26118-001;Scil_g645	1.1077058835232494e-24	0.0050237978290228755	Aque_Aqu2.1.38191-001;Scil_g9230	5.740348681209968e-44	5.5429975678977e-15	Aque_Aqu2.1.27834-001;Scil_g1929	3.1136744770147465e-05	0.007801005113381938																																																
												Aque_Aqu2.1.38560-001;Scil_g10147	0.0005664191760605996	1.3189350683433734e-29	Aque_Aqu2.1.43558-001;Scil_g9048	3.1472571512040617e-06	7.555197114680055e-11	Aque_Aqu2.1.06909-001;Scil_g5906	0.0010587694104038895	1.8211523094943527e-08	Aque_Aqu2.1.29482-001;Scil_g9453	0.006815611909410816	1.8298412915637729e-06																																																
												Aque_Aqu2.1.29497-001;Scil_g1157	1.613969228591092e-36	2.702915143964185e-33	Aque_Aqu2.1.44059-001;Scil_g9230	3.328730512336417e-05	0.0011474590572511253	Aque_Aqu2.1.26118-001;Scil_g645	1.1077058835232494e-24	3.194646100138674e-16	Aque_Aqu2.1.38120-001;Scil_g9161	5.5719593329706205e-11	2.320077784289968e-11																																																
												Aque_Aqu2.1.40911-001;Scil_g6711	0.000617485205402454	6.759073674201966e-26	Aque_Aqu2.1.38120-001;Scil_g9161	5.5719593329706205e-11	2.8174365314340217e-35	Aque_Aqu2.1.38117-001;Scil_g9161	3.0791084021370375e-13	8.03143630097101e-26	Aque_Aqu2.1.40744-001;Scil_g9836	0.00520906155360265	0.002787442707624289																																																
												Aque_Aqu2.1.42605-001;Scil_g6036	9.509180868415106e-59	4.686311669006834e-21	Aque_Aqu2.1.34374-001;Scil_g12129	1.4390603500282076e-48	0.002137118507063026	Aque_Aqu2.1.34141-001;Scil_g6573	5.817801590754243e-06	1.3589358290787807e-13	Aque_Aqu2.1.44059-001;Scil_g9230	3.328730512336417e-05	0.0001367300148274159																																																
												Aque_Aqu2.1.37713-001;Scil_g9048	1.7092280498504553e-19	8.852021770146673e-08	Aque_Aqu2.1.31586-001;Scil_g8948	6.035842798121547e-07	0.0013432437429273033	Aque_Aqu2.1.29482-001;Scil_g9453	0.006815611909410816	2.6775014578570193e-17																																																			
												Aque_Aqu2.1.41892-001;Scil_g2609	8.326661223111995e-07	2.1925304465665868e-29	Aque_Aqu2.1.42085-001;Scil_g645	7.58547165552506e-19	0.0050237978290228755	Aque_Aqu2.1.34374-001;Scil_g12129	1.4390603500282076e-48	7.112957215727081e-37																																																			
												Aque_Aqu2.1.43276-001;Scil_g9048	1.0182416073641277e-129	8.852021770146673e-08	Aque_Aqu2.1.40744-001;Scil_g9836	0.00520906155360265	0.00018669266236622618	Aque_Aqu2.1.43637-001;Scil_g13000	0.0001321362764028887	8.07445828347589e-16																																																			
												Aque_Aqu2.1.32713-001;Scil_g9048	2.6072070909321647e-14	8.852021770146673e-08				Aque_Aqu2.1.28488-001;Scil_g11946	4.308080784192572e-08	7.475709598174042e-22																																																			
												Aque_Aqu2.1.18818-001;Scil_g4454	0.0006048601476495157	3.8829178094729264e-25				Aque_Aqu2.1.27834-001;Scil_g1929	3.1136744770147465e-05	1.5688852458393246e-06																																																			
												Aque_Aqu2.1.40905-001;Scil_g1157	9.527533673684782e-19	2.702915143964185e-33				Aque_Aqu2.1.35197-001;Scil_g12865	2.5740157898972076e-06	3.907939494660811e-15																																																			
												Aque_Aqu2.1.32713-001;Scil_g2679	2.6072070909321647e-14	1.4015753279223728e-10				Aque_Aqu2.1.44059-001;Scil_g9230	3.328730512336417e-05	5.5429975678977e-15																																																			
												Aque_Aqu2.1.34141-001;Scil_g6573	5.817801590754243e-06	5.773174483241201e-23				Aque_Aqu2.1.16671-001;Scil_g13745	1.7538076482175143e-30	2.023930621899291e-09																																																			
												Aque_Aqu2.1.43558-001;Scil_g9048	3.1472571512040617e-06	8.852021770146673e-08				Aque_Aqu2.1.38120-001;Scil_g9161	5.5719593329706205e-11	8.03143630097101e-26																																																			
												Aque_Aqu2.1.40997-001;Scil_g13119	2.3806102975701186e-10	1.7946615018539917e-26				Aque_Aqu2.1.40744-001;Scil_g9836	0.00520906155360265	1.1872494539366757e-20																																																			
												Aque_Aqu2.1.38435-001;Scil_g9048	3.2496804617101288e-21	8.852021770146673e-08				Aque_Aqu2.1.44247-001;Scil_g9331	3.554518331741283e-29	8.542531171892636e-17																																																			
												Aque_Aqu2.1.25578-001;Scil_g9048	9.46692299568766e-12	8.852021770146673e-08				Aque_Aqu2.1.31586-001;Scil_g8948	6.035842798121547e-07	3.0431122297876003e-05																																																			
												Aque_Aqu2.1.43637-001;Scil_g13000	0.0001321362764028887	9.287526176723457e-28				Aque_Aqu2.1.40411-001;Scil_g9331	2.2516488763377489e-07	8.542531171892636e-17																																																			
												Aque_Aqu2.1.37082-001;Scil_g4929	2.1405282321111328e-32	6.512757682670477e-27				Aque_Aqu2.1.33502-001;Scil_g566	4.333324090497173e-06	1.1388469226854852e-08																																																			
												Aque_Aqu2.1.43558-001;Scil_g2679	3.1472571512040617e-06	1.4015753279223728e-10				Aque_Aqu2.1.38470-001;Scil_g819	0.004861230740791713	6.563343894681615e-13																																																			
												Aque_Aqu2.1.25578-001;Scil_g2679	9.46692299568766e-12	1.4015753279223728e-10				Aque_Aqu2.1.43558-001;Scil_g2679	3.1472571512040617e-06	0.005087207711518586																																																			
												Aque_Aqu2.1.38435-001;Scil_g2679	3.2496804617101288e-21	1.4015753279223728e-10				Aque_Aqu2.1.32713-001;Scil_g2679	2.6072070909321647e-14	0.005087207711518586																																																			
												Aque_Aqu2.1.37713-001;Scil_g2679	1.7092280498504553e-19	1.4015753279223728e-10				Aque_Aqu2.1.37713-001;Scil_g2679	1.7092280498504553e-19	0.005087207711518586																																																			
												Aque_Aqu2.1.44221-001;Scil_g10508	2.4142643864291954e-16	1.8526698448407265e-11				Aque_Aqu2.1.05699-001;Scil_g3214	5.1167073957077065e-06	0.001996481190193677																																																			
												Aque_Aqu2.1.20342-001;Scil_g6013	0.00010916520259784427	8.511670555750079e-05				Aque_Aqu2.1.06256-001;Scil_g9747	3.217067992013976e-06	0.0001650320966478548																																																			
												Aque_Aqu2.1.05699-001;Scil_g3214	5.1167073957077065e-06	1.81839260463129e-13																																																									
												Aque_Aqu2.1.05699-001;Scil_g3212	5.1167073957077065e-06	0.000858976219455035																																																									
												Aque_Aqu2.1.06256-001;Scil_g9747	3.217067992013976e-06	0.0004602972472818564																																																									
