Aque_Archaeo_1;Slac_0	Aque_Archaeo_1;Slac_0_pval1	Aque_Archaeo_1;Slac_0_pval2	Aque_Archaeo_1;Slac_1	Aque_Archaeo_1;Slac_1_pval1	Aque_Archaeo_1;Slac_1_pval2	Aque_Archaeo_1;Slac_11	Aque_Archaeo_1;Slac_11_pval1	Aque_Archaeo_1;Slac_11_pval2	Aque_Archaeo_1;Slac_2	Aque_Archaeo_1;Slac_2_pval1	Aque_Archaeo_1;Slac_2_pval2	Aque_Archaeo_1;Slac_21	Aque_Archaeo_1;Slac_21_pval1	Aque_Archaeo_1;Slac_21_pval2	Aque_Archaeo_1;Slac_23	Aque_Archaeo_1;Slac_23_pval1	Aque_Archaeo_1;Slac_23_pval2	Aque_Archaeo_1;Slac_26	Aque_Archaeo_1;Slac_26_pval1	Aque_Archaeo_1;Slac_26_pval2	Aque_Archaeo_1;Slac_29	Aque_Archaeo_1;Slac_29_pval1	Aque_Archaeo_1;Slac_29_pval2	Aque_Archaeo_1;Slac_3	Aque_Archaeo_1;Slac_3_pval1	Aque_Archaeo_1;Slac_3_pval2	Aque_Archaeo_1;Slac_33	Aque_Archaeo_1;Slac_33_pval1	Aque_Archaeo_1;Slac_33_pval2	Aque_Archaeo_1;Slac_5	Aque_Archaeo_1;Slac_5_pval1	Aque_Archaeo_1;Slac_5_pval2	Aque_Archaeo_1;Slac_6	Aque_Archaeo_1;Slac_6_pval1	Aque_Archaeo_1;Slac_6_pval2	Aque_Archaeo_2;Slac_0	Aque_Archaeo_2;Slac_0_pval1	Aque_Archaeo_2;Slac_0_pval2	Aque_Archaeo_2;Slac_1	Aque_Archaeo_2;Slac_1_pval1	Aque_Archaeo_2;Slac_1_pval2	Aque_Archaeo_2;Slac_2	Aque_Archaeo_2;Slac_2_pval1	Aque_Archaeo_2;Slac_2_pval2	Aque_Archaeo_2;Slac_5	Aque_Archaeo_2;Slac_5_pval1	Aque_Archaeo_2;Slac_5_pval2	Aque_Archaeo_2;Slac_6	Aque_Archaeo_2;Slac_6_pval1	Aque_Archaeo_2;Slac_6_pval2	Aque_Aspcinzin;Slac_12	Aque_Aspcinzin;Slac_12_pval1	Aque_Aspcinzin;Slac_12_pval2	Aque_Aspcinzin;Slac_7	Aque_Aspcinzin;Slac_7_pval1	Aque_Aspcinzin;Slac_7_pval2	Aque_Bactericidal;Slac_31	Aque_Bactericidal;Slac_31_pval1	Aque_Bactericidal;Slac_31_pval2	Aque_Choano_to_pinaco;Slac_15	Aque_Choano_to_pinaco;Slac_15_pval1	Aque_Choano_to_pinaco;Slac_15_pval2	Aque_Choano_to_pinaco;Slac_24	Aque_Choano_to_pinaco;Slac_24_pval1	Aque_Choano_to_pinaco;Slac_24_pval2	Aque_Choano_to_pinaco;Slac_32	Aque_Choano_to_pinaco;Slac_32_pval1	Aque_Choano_to_pinaco;Slac_32_pval2	Aque_Choano_to_pinaco;Slac_8	Aque_Choano_to_pinaco;Slac_8_pval1	Aque_Choano_to_pinaco;Slac_8_pval2	Aque_Choano_to_pinaco;Slac_9	Aque_Choano_to_pinaco;Slac_9_pval1	Aque_Choano_to_pinaco;Slac_9_pval2	Aque_Choanocytes_1;Slac_25	Aque_Choanocytes_1;Slac_25_pval1	Aque_Choanocytes_1;Slac_25_pval2	Aque_Choanocytes_2;Slac_15	Aque_Choanocytes_2;Slac_15_pval1	Aque_Choanocytes_2;Slac_15_pval2	Aque_Choanocytes_2;Slac_18	Aque_Choanocytes_2;Slac_18_pval1	Aque_Choanocytes_2;Slac_18_pval2	Aque_Choanocytes_2;Slac_24	Aque_Choanocytes_2;Slac_24_pval1	Aque_Choanocytes_2;Slac_24_pval2	Aque_Choanocytes_2;Slac_25	Aque_Choanocytes_2;Slac_25_pval1	Aque_Choanocytes_2;Slac_25_pval2	Aque_Choanocytes_2;Slac_8	Aque_Choanocytes_2;Slac_8_pval1	Aque_Choanocytes_2;Slac_8_pval2	Aque_Choanocytes_2;Slac_9	Aque_Choanocytes_2;Slac_9_pval1	Aque_Choanocytes_2;Slac_9_pval2	Aque_Pinaco_1;Slac_13	Aque_Pinaco_1;Slac_13_pval1	Aque_Pinaco_1;Slac_13_pval2	Aque_Pinaco_1;Slac_14	Aque_Pinaco_1;Slac_14_pval1	Aque_Pinaco_1;Slac_14_pval2	Aque_Pinaco_1;Slac_17	Aque_Pinaco_1;Slac_17_pval1	Aque_Pinaco_1;Slac_17_pval2	Aque_Pinaco_1;Slac_22	Aque_Pinaco_1;Slac_22_pval1	Aque_Pinaco_1;Slac_22_pval2	Aque_Pinaco_1;Slac_8	Aque_Pinaco_1;Slac_8_pval1	Aque_Pinaco_1;Slac_8_pval2	Aque_Pinaco_1;Slac_9	Aque_Pinaco_1;Slac_9_pval1	Aque_Pinaco_1;Slac_9_pval2	Aque_Pinaco_2;Slac_13	Aque_Pinaco_2;Slac_13_pval1	Aque_Pinaco_2;Slac_13_pval2	Aque_Sperm;Slac_4	Aque_Sperm;Slac_4_pval1	Aque_Sperm;Slac_4_pval2	Aque_Sperm;Slac_7	Aque_Sperm;Slac_7_pval1	Aque_Sperm;Slac_7_pval2	Aque_Unk_1;Slac_12	Aque_Unk_1;Slac_12_pval1	Aque_Unk_1;Slac_12_pval2	Aque_Unk_1;Slac_4	Aque_Unk_1;Slac_4_pval1	Aque_Unk_1;Slac_4_pval2	Aque_Unk_1;Slac_7	Aque_Unk_1;Slac_7_pval1	Aque_Unk_1;Slac_7_pval2
Aque_Aqu2.1.33572-001;Slac_ENSLPGG00000024781	5.668642400668365e-139	1.5184076603803592e-37	Aque_Aqu2.1.16620-001;Slac_ENSLPGG00000005401	3.397334660599216e-165	4.653768747135923e-110	Aque_Aqu2.1.16620-001;Slac_ENSLPGG00000008927	3.397334660599216e-165	7.784903500869747e-07	Aque_Aqu2.1.33572-001;Slac_ENSLPGG00000024781	5.668642400668365e-139	3.2259678400364713e-09	Aque_Aqu2.1.34449-001;Slac_ENSLPGG00000011929	1.3827931758702237e-110	1.0156868344425442e-93	Aque_Aqu2.1.33572-001;Slac_ENSLPGG00000024781	5.668642400668365e-139	0.0012787253111907607	Aque_Aqu2.1.33572-001;Slac_ENSLPGG00000024781	5.668642400668365e-139	1.4693216115396457e-12	Aque_Aqu2.1.16620-001;Slac_ENSLPGG00000007363	3.397334660599216e-165	3.192683674867302e-05	Aque_Aqu2.1.16620-001;Slac_ENSLPGG00000007363	3.397334660599216e-165	7.4723889631911e-42	Aque_Aqu2.1.16620-001;Slac_ENSLPGG00000005401	3.397334660599216e-165	6.489481687386777e-08	Aque_Aqu2.1.16620-001;Slac_ENSLPGG00000007363	3.397334660599216e-165	2.824389442390339e-51	Aque_Aqu2.1.07543-001;Slac_ENSLPGG00000028683	5.249550863120593e-114	8.14420947381738e-223	Aque_Aqu2.1.28816-001;Slac_ENSLPGG00000010719	1.0556612831787429e-115	0.0	Aque_Aqu2.1.34860-001;Slac_ENSLPGG00000010851	3.002345046527817e-93	2.014765090758186e-87	Aque_Aqu2.1.42605-001;Slac_ENSLPGG00000011766	9.323559791297775e-115	6.943095950675596e-54	Aque_Aqu2.1.07543-001;Slac_ENSLPGG00000028683	2.2375104375717277e-93	0.0	Aque_Aqu2.1.43440-001;Slac_ENSLPGG00000008240	4.761540128317663e-56	1.5987856170834255e-125	Aque_Aqu2.1.28944-001;Slac_ENSLPGG00000014432	0.0017753561877929295	4.3585777601005963e-08	Aque_Aqu2.1.36289-001;Slac_ENSLPGG00000021186	0.004824955964998751	2.0578412786032245e-08	Aque_Aqu2.1.44155-001;Slac_ENSLPGG00000013635	1.4465465959207945e-23	1.4068208789999373e-40	Aque_Aqu2.1.43480-001;Slac_ENSLPGG00000022080	2.724952229124618e-25	4.9859575034671734e-24	Aque_Aqu2.1.29479-001;Slac_ENSLPGG00000021520	1.027025061779397e-11	1.1192892414117911e-44	Aque_Aqu2.1.43480-001;Slac_ENSLPGG00000022080	2.724952229124618e-25	0.00048494656273843115	Aque_Aqu2.1.41049-001;Slac_ENSLPGG00000015888	1.7843460525969402e-71	3.8687716420603493e-174	Aque_Aqu2.1.41049-001;Slac_ENSLPGG00000015888	1.7843460525969402e-71	0.0	Aque_Aqu2.1.27088-001;Slac_ENSLPGG00000022185	3.4655755261222265e-76	0.001315537537864379	Aque_Aqu2.1.43733-001;Slac_ENSLPGG00000015888	4.248328240934453e-206	0.0	Aque_Aqu2.1.02226-001;Slac_ENSLPGG00000010155	0.001649668534493347	9.284955422691974e-182	Aque_Aqu2.1.44197-001;Slac_ENSLPGG00000021520	1.6113923010411783e-24	1.1192892414117911e-44	Aque_Aqu2.1.43616-001;Slac_ENSLPGG00000011962	1.0827936749885055e-126	3.211008789355102e-10	Aque_Aqu2.1.43733-001;Slac_ENSLPGG00000015888	4.248328240934453e-206	3.8687716420603493e-174	Aque_Aqu2.1.43733-001;Slac_ENSLPGG00000015888	4.248328240934453e-206	0.0	Aque_Aqu2.1.23247-001;Slac_ENSLPGG00000013844	8.210853499627593e-119	4.003684786092344e-93	Aque_Aqu2.1.39906-001;Slac_ENSLPGG00000026079	5.695135212169059e-155	9.031003272821954e-99	Aque_Aqu2.1.28495-001;Slac_ENSLPGG00000023963	4.458325986516477e-24	1.9303084155892143e-88	Aque_Aqu2.1.23247-001;Slac_ENSLPGG00000013844	8.210853499627593e-119	3.286329682633253e-39	Aque_Aqu2.1.23247-001;Slac_ENSLPGG00000013844	8.210853499627593e-119	5.095808825073912e-72	Aque_Aqu2.1.23247-001;Slac_ENSLPGG00000013844	8.210853499627593e-119	9.178588959256085e-176	Aque_Aqu2.1.23637-001;Slac_ENSLPGG00000018605	3.398184952768536e-69	3.671261169276429e-129	Aque_Aqu2.1.39160-001;Slac_ENSLPGG00000010310	3.595877896775303e-08	2.3954450010440036e-45	Aque_Aqu2.1.39160-001;Slac_ENSLPGG00000010310	3.595877896775303e-08	2.3387668156553986e-103	Aque_Aqu2.1.33761-001;Slac_ENSLPGG00000011374	6.68557162412341e-45	3.4857116393050736e-27	Aque_Aqu2.1.33761-001;Slac_ENSLPGG00000014308	6.68557162412341e-45	0.0	Aque_Aqu2.1.33761-001;Slac_ENSLPGG00000014308	6.68557162412341e-45	2.2586592778386768e-69
Aque_Aqu2.1.34449-001;Slac_ENSLPGG00000011929	1.3827931758702237e-110	1.2875693417934236e-267	Aque_Aqu2.1.16620-001;Slac_ENSLPGG00000008927	3.397334660599216e-165	4.196537548175195e-39	Aque_Aqu2.1.16620-001;Slac_ENSLPGG00000005401	3.397334660599216e-165	1.3347266488514198e-10	Aque_Aqu2.1.16620-001;Slac_ENSLPGG00000005401	3.397334660599216e-165	8.223884250027323e-36	Aque_Aqu2.1.33572-001;Slac_ENSLPGG00000024781	5.668642400668365e-139	1.9256965339999054e-12	Aque_Aqu2.1.41064-001;Slac_ENSLPGG00000022135	3.157095835580321e-40	1.0121389692929145e-10	Aque_Aqu2.1.07543-001;Slac_ENSLPGG00000028683	5.249550863120593e-114	8.448513235988279e-58	Aque_Aqu2.1.16620-001;Slac_ENSLPGG00000005401	3.397334660599216e-165	8.689718173311741e-12	Aque_Aqu2.1.33572-001;Slac_ENSLPGG00000024781	5.668642400668365e-139	6.434947730635945e-19	Aque_Aqu2.1.33572-001;Slac_ENSLPGG00000024781	5.668642400668365e-139	0.005026338598701495	Aque_Aqu2.1.33572-001;Slac_ENSLPGG00000024781	5.668642400668365e-139	4.085997452647564e-51	Aque_Aqu2.1.33572-001;Slac_ENSLPGG00000024781	5.668642400668365e-139	2.9930775822479715e-20	Aque_Aqu2.1.18087-001;Slac_ENSLPGG00000024429	1.6382224011880443e-130	3.251273390160915e-290	Aque_Aqu2.1.41031-001;Slac_ENSLPGG00000009534	2.3093169778093483e-162	2.9245203388427635e-50	Aque_Aqu2.1.18087-001;Slac_ENSLPGG00000024429	1.6382224011880443e-130	3.3699353386362246e-94	Aque_Aqu2.1.32930-001;Slac_ENSLPGG00000028683	9.619890798086396e-71	0.0	Aque_Aqu2.1.07543-001;Slac_ENSLPGG00000028683	2.2375104375717277e-93	8.14420947381738e-223	Aque_Aqu2.1.41622-001;Slac_ENSLPGG00000020387	0.0059944433682221285	0.0001068876796931474	Aque_Aqu2.1.28944-001;Slac_ENSLPGG00000014432	0.0017753561877929295	0.005651546212673799	Aque_Aqu2.1.16942-001;Slac_ENSLPGG00000016233	0.0003597486957610446	1.6372687329723484e-06	Aque_Aqu2.1.41049-001;Slac_ENSLPGG00000015888	1.7843460525969402e-71	0.0	Aque_Aqu2.1.26998-001;Slac_ENSLPGG00000021520	3.197778486344573e-06	1.1192892414117911e-44	Aque_Aqu2.1.41049-001;Slac_ENSLPGG00000015888	1.7843460525969402e-71	9.16330091270066e-55	Aque_Aqu2.1.28944-001;Slac_ENSLPGG00000014432	3.6090163242932247e-32	1.5001187026438926e-26	Aque_Aqu2.1.43480-001;Slac_ENSLPGG00000022080	2.724952229124618e-25	1.3764679304517367e-18	Aque_Aqu2.1.29887-001;Slac_ENSLPGG00000009790	4.837503841806646e-54	5.8232090697647964e-08	Aque_Aqu2.1.39162-001;Slac_ENSLPGG00000015888	1.1576352078665665e-55	0.0	Aque_Aqu2.1.22936-001;Slac_ENSLPGG00000020343	2.5159748080869034e-32	1.394075905156344e-194	Aque_Aqu2.1.43733-001;Slac_ENSLPGG00000015888	4.248328240934453e-206	1.414267117274712e-109	Aque_Aqu2.1.43617-001;Slac_ENSLPGG00000011962	3.8762240081940136e-207	3.211008789355102e-10	Aque_Aqu2.1.39162-001;Slac_ENSLPGG00000015888	1.1576352078665665e-55	3.8687716420603493e-174	Aque_Aqu2.1.39162-001;Slac_ENSLPGG00000015888	1.1576352078665665e-55	0.0	Aque_Aqu2.1.23245-001;Slac_ENSLPGG00000013844	2.527911622459719e-106	4.003684786092344e-93	Aque_Aqu2.1.39906-001;Slac_ENSLPGG00000026970	5.695135212169059e-155	6.757154788096515e-72	Aque_Aqu2.1.21015-001;Slac_ENSLPGG00000026540	4.488784099627258e-96	5.082599674901194e-269	Aque_Aqu2.1.23245-001;Slac_ENSLPGG00000013844	2.527911622459719e-106	3.286329682633253e-39	Aque_Aqu2.1.23245-001;Slac_ENSLPGG00000013844	2.527911622459719e-106	5.095808825073912e-72	Aque_Aqu2.1.23245-001;Slac_ENSLPGG00000013844	2.527911622459719e-106	9.178588959256085e-176	Aque_Aqu2.1.21015-001;Slac_ENSLPGG00000026540	1.2898436236055814e-74	5.773803871383313e-249	Aque_Aqu2.1.33761-001;Slac_ENSLPGG00000014308	1.7677837593587218e-35	0.0	Aque_Aqu2.1.20539-001;Slac_ENSLPGG00000010310	8.283002901269206e-10	2.3387668156553986e-103	Aque_Aqu2.1.33761-001;Slac_ENSLPGG00000009166	6.68557162412341e-45	1.2347924047628497e-34	Aque_Aqu2.1.33761-001;Slac_ENSLPGG00000009166	6.68557162412341e-45	6.764553656032244e-94	Aque_Aqu2.1.37439-001;Slac_ENSLPGG00000002427	5.453493506227869e-36	1.5369968494789054e-17
Aque_Aqu2.1.33740-001;Slac_ENSLPGG00000014397	1.0543340401031923e-102	0.0	Aque_Aqu2.1.40808-001;Slac_ENSLPGG00000011745	9.744230663720027e-132	9.835387862883718e-24	Aque_Aqu2.1.16620-001;Slac_ENSLPGG00000007363	3.397334660599216e-165	2.5366175369782438e-05	Aque_Aqu2.1.16620-001;Slac_ENSLPGG00000008927	3.397334660599216e-165	1.7271089191993203e-12	Aque_Aqu2.1.12854-001;Slac_ENSLPGG00000000928	8.308052623456065e-109	1.2481151285348214e-98	Aque_Aqu2.1.38191-001;Slac_ENSLPGG00000001288	5.740348681209968e-44	4.718751954988497e-08	Aque_Aqu2.1.32930-001;Slac_ENSLPGG00000028683	7.663138857997222e-90	8.448513235988279e-58	Aque_Aqu2.1.33572-001;Slac_ENSLPGG00000024781	5.668642400668365e-139	0.0012941130651835326	Aque_Aqu2.1.16620-001;Slac_ENSLPGG00000005401	3.397334660599216e-165	8.12420814480801e-72	Aque_Aqu2.1.34860-001;Slac_ENSLPGG00000010851	1.2852695968093314e-58	5.435401850585913e-10	Aque_Aqu2.1.32963-001;Slac_ENSLPGG00000006527	4.7320394813194234e-185	7.039833413978473e-42	Aque_Aqu2.1.32930-001;Slac_ENSLPGG00000028683	7.663138857997222e-90	8.14420947381738e-223	Aque_Aqu2.1.34449-001;Slac_ENSLPGG00000011929	5.6592111326517584e-86	1.2875693417934236e-267	Aque_Aqu2.1.26684-001;Slac_ENSLPGG00000017185	3.0985943890265298e-164	2.154470322241375e-44	Aque_Aqu2.1.43423-001;Slac_ENSLPGG00000008236	3.021348392175779e-116	1.952327525409802e-66	Aque_Aqu2.1.43440-001;Slac_ENSLPGG00000008240	4.761540128317663e-56	5.664561914368785e-134	Aque_Aqu2.1.32930-001;Slac_ENSLPGG00000028683	9.619890798086396e-71	8.14420947381738e-223				Aque_Aqu2.1.41622-001;Slac_ENSLPGG00000008927	0.0059944433682221285	1.8993806004951186e-21	Aque_Aqu2.1.40994-001;Slac_ENSLPGG00000019726	1.0675747038851589e-17	1.4439776605455897e-21	Aque_Aqu2.1.43482-001;Slac_ENSLPGG00000022080	1.9502722948097634e-26	4.9859575034671734e-24	Aque_Aqu2.1.43480-001;Slac_ENSLPGG00000022080	2.724952229124618e-25	3.545993743594123e-18	Aque_Aqu2.1.28495-001;Slac_ENSLPGG00000009453	3.050594406121623e-25	7.139115142722667e-47	Aque_Aqu2.1.28942-001;Slac_ENSLPGG00000014432	1.2138942124859158e-06	1.5001187026438926e-26	Aque_Aqu2.1.43482-001;Slac_ENSLPGG00000022080	1.9502722948097634e-26	1.3764679304517367e-18	Aque_Aqu2.1.23244-001;Slac_ENSLPGG00000012828	5.2814784068730136e-39	1.4139028717394017e-99	Aque_Aqu2.1.38788-001;Slac_ENSLPGG00000012298	4.618568239997628e-145	4.422465928606411e-88	Aque_Aqu2.1.43410-001;Slac_ENSLPGG00000019209	7.886694869862674e-10	0.0	Aque_Aqu2.1.36448-001;Slac_ENSLPGG00000016741	7.601563556113623e-49	1.2797476707190913e-30	Aque_Aqu2.1.23244-001;Slac_ENSLPGG00000012828	1.0885934844745446e-29	1.4139028717394017e-99	Aque_Aqu2.1.23389-001;Slac_ENSLPGG00000015888	1.181117757917774e-23	3.8687716420603493e-174	Aque_Aqu2.1.38788-001;Slac_ENSLPGG00000012298	4.618568239997628e-145	4.22929953874264e-85	Aque_Aqu2.1.21015-001;Slac_ENSLPGG00000026540	4.488784099627258e-96	5.773803871383313e-249	Aque_Aqu2.1.32110-001;Slac_ENSLPGG00000017549	3.5145414330315455e-44	0.0	Aque_Aqu2.1.21015-001;Slac_ENSLPGG00000018326	4.488784099627258e-96	1.1462170793757774e-39	Aque_Aqu2.1.23247-001;Slac_ENSLPGG00000014386	8.210853499627593e-119	2.553000921593135e-10	Aque_Aqu2.1.31381-001;Slac_ENSLPGG00000022008	4.790282318976761e-30	2.2847279941433917e-49	Aque_Aqu2.1.31381-001;Slac_ENSLPGG00000022008	4.790282318976761e-30	1.2662397728282719e-93	Aque_Aqu2.1.43276-001;Slac_ENSLPGG00000005083	1.2417305666889384e-72	2.0624369383474585e-61	Aque_Aqu2.1.20539-001;Slac_ENSLPGG00000010310	8.283002901269206e-10	2.3954450010440036e-45	Aque_Aqu2.1.33761-001;Slac_ENSLPGG00000014308	1.7677837593587218e-35	2.2586592778386768e-69	Aque_Aqu2.1.33761-001;Slac_ENSLPGG00000014308	6.68557162412341e-45	3.654215430236123e-62	Aque_Aqu2.1.43963-001;Slac_ENSLPGG00000024879	1.5716607462282255e-08	0.0	Aque_Aqu2.1.31582-001;Slac_ENSLPGG00000004808	1.6825316580517566e-56	5.259755088069806e-175
Aque_Aqu2.1.26386-001;Slac_ENSLPGG00000010983	1.5137191822064672e-111	3.83141568105036e-162	Aque_Aqu2.1.16620-001;Slac_ENSLPGG00000007363	3.397334660599216e-165	1.0730688891472475e-22	Aque_Aqu2.1.32946-001;Slac_ENSLPGG00000010832	3.198548394219795e-57	1.8306528582823127e-06	Aque_Aqu2.1.40808-001;Slac_ENSLPGG00000011745	9.744230663720027e-132	9.863258163264857e-05	Aque_Aqu2.1.07543-001;Slac_ENSLPGG00000028683	5.249550863120593e-114	4.6676065439242157e-67	Aque_Aqu2.1.28816-001;Slac_ENSLPGG00000010719	1.0840523851845123e-95	1.3080000012127994e-63	Aque_Aqu2.1.16620-001;Slac_ENSLPGG00000007363	3.397334660599216e-165	8.377929929563119e-06	Aque_Aqu2.1.32946-001;Slac_ENSLPGG00000010832	3.198548394219795e-57	2.1815539672385306e-05	Aque_Aqu2.1.32946-001;Slac_ENSLPGG00000010832	3.198548394219795e-57	5.068057217568435e-28	Aque_Aqu2.1.32946-001;Slac_ENSLPGG00000010832	3.198548394219795e-57	0.002010893450378694	Aque_Aqu2.1.07543-001;Slac_ENSLPGG00000028683	5.249550863120593e-114	0.0	Aque_Aqu2.1.43440-001;Slac_ENSLPGG00000008240	2.966613490803621e-57	1.5987856170834255e-125	Aque_Aqu2.1.18692-001;Slac_ENSLPGG00000021862	1.7270552829087441e-116	0.0	Aque_Aqu2.1.41195-001;Slac_ENSLPGG00000011674	1.2364613934837511e-115	7.453241332688346e-83	Aque_Aqu2.1.34860-001;Slac_ENSLPGG00000010851	3.002345046527817e-93	3.972044957335087e-24	Aque_Aqu2.1.34860-001;Slac_ENSLPGG00000010851	3.002345046527817e-93	5.271009206434796e-96	Aque_Aqu2.1.22710-001;Slac_ENSLPGG00000017323	1.501281252136304e-107	1.0263723844392628e-164				Aque_Aqu2.1.41622-001;Slac_ENSLPGG00000020387	0.0059944433682221285	1.380858859181771e-09	Aque_Aqu2.1.44155-001;Slac_ENSLPGG00000014432	1.4465465959207945e-23	0.0015960290534054453	Aque_Aqu2.1.29479-001;Slac_ENSLPGG00000021520	1.027025061779397e-11	2.3251872846171974e-12	Aque_Aqu2.1.43482-001;Slac_ENSLPGG00000022080	1.9502722948097634e-26	3.545993743594123e-18	Aque_Aqu2.1.37137-001;Slac_ENSLPGG00000002171	1.643277675461539e-16	2.5730742542634384e-20	Aque_Aqu2.1.24981-001;Slac_ENSLPGG00000009456	2.561124602315965e-06	7.55873624614051e-61	Aque_Aqu2.1.28944-001;Slac_ENSLPGG00000014432	3.6090163242932247e-32	9.370548603606719e-91	Aque_Aqu2.1.21248-001;Slac_ENSLPGG00000004213	5.582838869151021e-65	2.1937056385199948e-26	Aque_Aqu2.1.23389-001;Slac_ENSLPGG00000015888	1.181117757917774e-23	0.0	Aque_Aqu2.1.02226-001;Slac_ENSLPGG00000008757	0.001649668534493347	2.162501207633528e-55	Aque_Aqu2.1.39162-001;Slac_ENSLPGG00000015888	1.1576352078665665e-55	1.414267117274712e-109	Aque_Aqu2.1.21248-001;Slac_ENSLPGG00000004213	2.1316785119627852e-35	2.1937056385199948e-26	Aque_Aqu2.1.38788-001;Slac_ENSLPGG00000012298	4.618568239997628e-145	3.7491254999196257e-20	Aque_Aqu2.1.23389-001;Slac_ENSLPGG00000015888	1.181117757917774e-23	0.0	Aque_Aqu2.1.23247-001;Slac_ENSLPGG00000014386	8.210853499627593e-119	4.9054352985516604e-15	Aque_Aqu2.1.42602-001;Slac_ENSLPGG00000003728	4.096912355239655e-35	2.4199863712403416e-262	Aque_Aqu2.1.23247-001;Slac_ENSLPGG00000013844	8.210853499627593e-119	4.511852272328979e-80	Aque_Aqu2.1.23245-001;Slac_ENSLPGG00000014386	2.527911622459719e-106	2.553000921593135e-10	Aque_Aqu2.1.23247-001;Slac_ENSLPGG00000014386	8.210853499627593e-119	1.493154584726633e-20	Aque_Aqu2.1.31379-001;Slac_ENSLPGG00000022008	3.461111847443033e-18	1.2662397728282719e-93	Aque_Aqu2.1.23247-001;Slac_ENSLPGG00000013844	9.444866831159643e-49	4.003684786092344e-93	Aque_Aqu2.1.33761-001;Slac_ENSLPGG00000009166	1.7677837593587218e-35	6.764553656032244e-94	Aque_Aqu2.1.35500-001;Slac_ENSLPGG00000009116	3.736183748746556e-16	7.142638321645091e-57	Aque_Aqu2.1.31582-001;Slac_ENSLPGG00000004808	1.6825316580517566e-56	1.2983122283992954e-100	Aque_Aqu2.1.41036-001;Slac_ENSLPGG00000009033	9.486629863621956e-12	5.114636344699137e-166	Aque_Aqu2.1.41036-001;Slac_ENSLPGG00000009033	9.486629863621956e-12	6.123503183182715e-60
Aque_Aqu2.1.28816-001;Slac_ENSLPGG00000010719	1.0840523851845123e-95	0.0	Aque_Aqu2.1.16620-001;Slac_ENSLPGG00000022242	3.397334660599216e-165	7.582033670849832e-18	Aque_Aqu2.1.34860-001;Slac_ENSLPGG00000010851	1.2852695968093314e-58	1.7662294196206583e-25	Aque_Aqu2.1.43309-001;Slac_ENSLPGG00000007673	1.4807065078763136e-142	4.935378689790075e-46	Aque_Aqu2.1.33740-001;Slac_ENSLPGG00000014397	1.0543340401031923e-102	1.1242676194211744e-127	Aque_Aqu2.1.34449-001;Slac_ENSLPGG00000011929	1.3827931758702237e-110	3.0842093245395506e-27	Aque_Aqu2.1.38191-001;Slac_ENSLPGG00000001288	5.740348681209968e-44	1.586686035006995e-12	Aque_Aqu2.1.41064-001;Slac_ENSLPGG00000022135	3.157095835580321e-40	1.6674820388674122e-05	Aque_Aqu2.1.16620-001;Slac_ENSLPGG00000008927	3.397334660599216e-165	8.998981698858766e-15	Aque_Aqu2.1.41064-001;Slac_ENSLPGG00000022135	3.157095835580321e-40	0.0004190179584301725	Aque_Aqu2.1.32930-001;Slac_ENSLPGG00000028683	7.663138857997222e-90	0.0	Aque_Aqu2.1.18813-001;Slac_ENSLPGG00000028380	1.5941414811933208e-143	2.89248915066677e-208	Aque_Aqu2.1.43837-001;Slac_ENSLPGG00000030026	3.633913239667285e-111	0.0	Aque_Aqu2.1.27076-001;Slac_ENSLPGG00000027461	7.484321294766935e-162	0.001999702559251324	Aque_Aqu2.1.43964-001;Slac_ENSLPGG00000027192	5.5993745342701726e-92	3.387256402871171e-33	Aque_Aqu2.1.22710-001;Slac_ENSLPGG00000017323	1.501281252136304e-107	2.1995406651852497e-252	Aque_Aqu2.1.42605-001;Slac_ENSLPGG00000011766	9.323559791297775e-115	3.067324330221318e-62				Aque_Aqu2.1.41622-001;Slac_ENSLPGG00000009756	0.0059944433682221285	0.001339721120768217	Aque_Aqu2.1.37083-001;Slac_ENSLPGG00000007322	0.008633805380085605	2.140041993311982e-13	Aque_Aqu2.1.34848-001;Slac_ENSLPGG00000007243	6.8715691931382365e-31	2.635089124210055e-31	Aque_Aqu2.1.21047-001;Slac_ENSLPGG00000021268	2.0042391223224744e-08	1.2014044555458935e-39	Aque_Aqu2.1.29479-001;Slac_ENSLPGG00000007158	1.027025061779397e-11	4.969353227696443e-20	Aque_Aqu2.1.43788-001;Slac_ENSLPGG00000014205	1.2849197808890718e-08	1.1536648230263885e-25	Aque_Aqu2.1.34848-001;Slac_ENSLPGG00000007243	6.8715691931382365e-31	3.0422181760762074e-14	Aque_Aqu2.1.28076-001;Slac_ENSLPGG00000007945	1.8881257883275112e-48	0.0052285844651336595	Aque_Aqu2.1.31386-001;Slac_ENSLPGG00000009899	1.9939436211890793e-10	2.1084427922628346e-60	Aque_Aqu2.1.26967-001;Slac_ENSLPGG00000019209	3.937705712854924e-06	0.0	Aque_Aqu2.1.17816-001;Slac_ENSLPGG00000021520	1.1230267612856121e-05	1.1192892414117911e-44	Aque_Aqu2.1.25858-001;Slac_ENSLPGG00000026194	5.683206485678387e-42	6.674291937003132e-10	Aque_Aqu2.1.41583-001;Slac_ENSLPGG00000003499	1.075194399407091e-28	2.1509525367986333e-65	Aque_Aqu2.1.35499-001;Slac_ENSLPGG00000009453	1.2692762160706003e-88	2.999904205182712e-54	Aque_Aqu2.1.23245-001;Slac_ENSLPGG00000014386	2.527911622459719e-106	4.9054352985516604e-15	Aque_Aqu2.1.40413-001;Slac_ENSLPGG00000002625	4.5608643156530816e-45	1.372699587625209e-296	Aque_Aqu2.1.23245-001;Slac_ENSLPGG00000013844	2.527911622459719e-106	4.511852272328979e-80	Aque_Aqu2.1.31381-001;Slac_ENSLPGG00000021402	4.790282318976761e-30	2.454971510320962e-13	Aque_Aqu2.1.24981-001;Slac_ENSLPGG00000009456	2.7217252995401606e-14	7.55873624614051e-61	Aque_Aqu2.1.24981-001;Slac_ENSLPGG00000009456	2.7217252995401606e-14	4.433676883475361e-93	Aque_Aqu2.1.38430-001;Slac_ENSLPGG00000002394	2.785624219748749e-32	6.648735159614982e-26	Aque_Aqu2.1.35500-001;Slac_ENSLPGG00000009116	3.736183748746556e-16	1.938637425975692e-130	Aque_Aqu2.1.33761-001;Slac_ENSLPGG00000009166	1.7677837593587218e-35	4.204746683901007e-11	Aque_Aqu2.1.37439-001;Slac_ENSLPGG00000002427	5.453493506227869e-36	3.2702870248371027e-09	Aque_Aqu2.1.31582-001;Slac_ENSLPGG00000004808	1.6825316580517566e-56	0.0	Aque_Aqu2.1.20539-001;Slac_ENSLPGG00000010310	0.0026536525850424835	2.3387668156553986e-103
Aque_Aqu2.1.15787-001;Slac_ENSLPGG00000026812	7.592400004336438e-49	0.0	Aque_Aqu2.1.31038-001;Slac_ENSLPGG00000018181	1.0272479399297856e-48	2.6290781450963708e-140	Aque_Aqu2.1.36105-001;Slac_ENSLPGG00000022449	8.927728054109878e-36	7.823230914753302e-19	Aque_Aqu2.1.26386-001;Slac_ENSLPGG00000010983	1.5137191822064672e-111	1.2639473249977928e-27	Aque_Aqu2.1.32930-001;Slac_ENSLPGG00000028683	7.663138857997222e-90	4.6676065439242157e-67	Aque_Aqu2.1.33740-001;Slac_ENSLPGG00000014397	1.0543340401031923e-102	3.916160585424856e-67	Aque_Aqu2.1.32963-001;Slac_ENSLPGG00000006527	4.7320394813194234e-185	1.5747057540887145e-05	Aque_Aqu2.1.44246-001;Slac_ENSLPGG00000026851	7.348281244918552e-80	0.005766341009365526	Aque_Aqu2.1.34860-001;Slac_ENSLPGG00000010851	1.2852695968093314e-58	6.183679345929905e-121	Aque_Aqu2.1.35077-001;Slac_ENSLPGG00000017593	1.9812419822161078e-144	1.9651585232135634e-15	Aque_Aqu2.1.43440-001;Slac_ENSLPGG00000008240	2.966613490803621e-57	5.664561914368785e-134	Aque_Aqu2.1.12854-001;Slac_ENSLPGG00000000928	8.308052623456065e-109	9.10320839181306e-204	Aque_Aqu2.1.41260-001;Slac_ENSLPGG00000008330	2.904703574652158e-114	9.076562438298935e-170	Aque_Aqu2.1.42605-001;Slac_ENSLPGG00000011766	9.323559791297775e-115	9.830051101160761e-32	Aque_Aqu2.1.26225-001;Slac_ENSLPGG00000004270	1.096369540214057e-115	4.9624809805194025e-139	Aque_Aqu2.1.39147-001;Slac_ENSLPGG00000029327	1.672944990239813e-27	1.0480708940969998e-185	Aque_Aqu2.1.12854-001;Slac_ENSLPGG00000000928	5.013764288192056e-82	9.10320839181306e-204				Aque_Aqu2.1.41622-001;Slac_ENSLPGG00000016003	0.0059944433682221285	6.560394600008866e-05	Aque_Aqu2.1.23245-001;Slac_ENSLPGG00000014386	1.0721586968651149e-13	2.359655314035277e-08	Aque_Aqu2.1.43788-001;Slac_ENSLPGG00000023276	1.2849197808890718e-08	2.5606162884543817e-13	Aque_Aqu2.1.43482-001;Slac_ENSLPGG00000017003	1.9502722948097634e-26	4.297900760302106e-09	Aque_Aqu2.1.28944-001;Slac_ENSLPGG00000014432	3.6090163242932247e-32	3.695427495255932e-26	Aque_Aqu2.1.29479-001;Slac_ENSLPGG00000007158	1.027025061779397e-11	1.3921670430557845e-07	Aque_Aqu2.1.37883-001;Slac_ENSLPGG00000019578	3.408056060331404e-43	0.0048945557979933815	Aque_Aqu2.1.40987-001;Slac_ENSLPGG00000023350	1.7343655135966122e-64	0.0009776894267064676	Aque_Aqu2.1.35499-001;Slac_ENSLPGG00000009453	1.2692762160706003e-88	6.590504302001542e-85	Aque_Aqu2.1.38788-001;Slac_ENSLPGG00000011644	4.618568239997628e-145	6.1229019721127105e-53	Aque_Aqu2.1.38788-001;Slac_ENSLPGG00000012298	4.618568239997628e-145	1.2348239520594183e-35	Aque_Aqu2.1.42031-001;Slac_ENSLPGG00000007479	1.4112285612521125e-30	0.00035814504713363167	Aque_Aqu2.1.35119-001;Slac_ENSLPGG00000015631	1.8070548054903732e-84	4.787190414733341e-18	Aque_Aqu2.1.31386-001;Slac_ENSLPGG00000022008	1.9939436211890793e-10	1.2662397728282719e-93	Aque_Aqu2.1.21015-001;Slac_ENSLPGG00000018326	4.488784099627258e-96	1.3611225677718924e-05	Aque_Aqu2.1.35277-001;Slac_ENSLPGG00000026970	1.2977733922935712e-23	6.757154788096515e-72	Aque_Aqu2.1.23247-001;Slac_ENSLPGG00000014386	8.210853499627593e-119	3.1119892541270805e-37	Aque_Aqu2.1.43995-001;Slac_ENSLPGG00000002394	1.2817282397478916e-13	3.132385281564667e-40	Aque_Aqu2.1.08677-001;Slac_ENSLPGG00000015888	7.208488648075431e-16	3.8687716420603493e-174	Aque_Aqu2.1.08677-001;Slac_ENSLPGG00000015888	7.208488648075431e-16	0.0	Aque_Aqu2.1.21174-001;Slac_ENSLPGG00000012140	3.5983844010444904e-79	5.167083695634183e-15	Aque_Aqu2.1.31245-001;Slac_ENSLPGG00000030313	5.1330330161765e-10	4.801048661156323e-14	Aque_Aqu2.1.41302-001;Slac_ENSLPGG00000010615	1.7129236125123054e-28	1.5486845993753445e-53	Aque_Aqu2.1.32861-001;Slac_ENSLPGG00000011506	1.1714485705240073e-22	0.004245101338126575	Aque_Aqu2.1.33761-001;Slac_ENSLPGG00000015198	6.68557162412341e-45	4.591205690629712e-20	Aque_Aqu2.1.33761-001;Slac_ENSLPGG00000009166	6.68557162412341e-45	4.204746683901007e-11
Aque_Aqu2.1.33740-001;Slac_ENSLPGG00000011571	1.0543340401031923e-102	1.152196916578078e-230	Aque_Aqu2.1.08202-001;Slac_ENSLPGG00000021720	1.1705734604072884e-09	2.694208031556454e-41	Aque_Aqu2.1.41195-001;Slac_ENSLPGG00000011674	1.6646534696328347e-107	2.131189684626722e-26	Aque_Aqu2.1.16620-001;Slac_ENSLPGG00000007363	3.397334660599216e-165	3.4576240635341516e-06	Aque_Aqu2.1.18692-001;Slac_ENSLPGG00000021862	1.8143969612667923e-88	3.8478475931374615e-122	Aque_Aqu2.1.21796-001;Slac_ENSLPGG00000020424	1.2188109824148507e-117	8.372598879709238e-56	Aque_Aqu2.1.12854-001;Slac_ENSLPGG00000000928	8.308052623456065e-109	1.0738816584613968e-52	Aque_Aqu2.1.43964-001;Slac_ENSLPGG00000027192	2.812363658409223e-98	2.0765127872009946e-07	Aque_Aqu2.1.40808-001;Slac_ENSLPGG00000011745	9.744230663720027e-132	2.2296427958089918e-07	Aque_Aqu2.1.44167-001;Slac_ENSLPGG00000002326	2.4503567949267662e-116	9.040464789597137e-15	Aque_Aqu2.1.22710-001;Slac_ENSLPGG00000017323	1.3243501395407459e-103	2.1995406651852497e-252	Aque_Aqu2.1.16620-001;Slac_ENSLPGG00000005401	3.397334660599216e-165	5.984830996195444e-31	Aque_Aqu2.1.37079-001;Slac_ENSLPGG00000014397	1.2666589382809771e-121	0.0	Aque_Aqu2.1.14128-001;Slac_ENSLPGG00000018181	3.060442523617383e-19	2.6290781450963708e-140	Aque_Aqu2.1.25378-001;Slac_ENSLPGG00000020432	1.7178376170265628e-64	1.057492730615344e-59	Aque_Aqu2.1.42605-001;Slac_ENSLPGG00000011766	9.323559791297775e-115	3.9965383187050887e-87	Aque_Aqu2.1.12657-001;Slac_ENSLPGG00000004375	4.1751534788856684e-103	1.9984962877189502e-115							Aque_Aqu2.1.28488-001;Slac_ENSLPGG00000008750	2.222403657510612e-06	1.1861703663486179e-08	Aque_Aqu2.1.26998-001;Slac_ENSLPGG00000021520	3.197778486344573e-06	2.3251872846171974e-12	Aque_Aqu2.1.41482-001;Slac_ENSLPGG00000021520	2.2364060071655327e-10	1.1192892414117911e-44	Aque_Aqu2.1.43482-001;Slac_ENSLPGG00000022080	1.9502722948097634e-26	0.00048494656273843115	Aque_Aqu2.1.29479-001;Slac_ENSLPGG00000001139	1.027025061779397e-11	4.345251405310324e-05	Aque_Aqu2.1.28942-001;Slac_ENSLPGG00000014432	1.2138942124859158e-06	9.370548603606719e-91	Aque_Aqu2.1.35571-001;Slac_ENSLPGG00000010608	1.320076733890646e-45	1.4294544322162747e-07	Aque_Aqu2.1.31386-001;Slac_ENSLPGG00000022008	1.9939436211890793e-10	2.0774272697276016e-77	Aque_Aqu2.1.27335-001;Slac_ENSLPGG00000012140	5.250698117229157e-60	3.083781473194777e-35	Aque_Aqu2.1.42687-001;Slac_ENSLPGG00000001971	6.214032193858466e-257	0.0009435786324523421	Aque_Aqu2.1.27088-001;Slac_ENSLPGG00000022185	1.4101993139662687e-24	0.001315537537864379	Aque_Aqu2.1.35499-001;Slac_ENSLPGG00000009116	1.2692762160706003e-88	2.486235618856327e-14	Aque_Aqu2.1.24511-001;Slac_ENSLPGG00000009456	4.874707324206489e-25	4.433676883475361e-93	Aque_Aqu2.1.43995-001;Slac_ENSLPGG00000002394	1.2817282397478916e-13	6.648735159614982e-26	Aque_Aqu2.1.23818-001;Slac_ENSLPGG00000019389	5.459313371962679e-87	8.064460759704122e-90	Aque_Aqu2.1.33604-001;Slac_ENSLPGG00000022231	0.00018672684408454628	1.486829244349914e-24	Aque_Aqu2.1.44221-001;Slac_ENSLPGG00000012949	5.994069235373014e-92	1.0083071826795984e-138	Aque_Aqu2.1.23245-001;Slac_ENSLPGG00000014386	2.527911622459719e-106	1.493154584726633e-20	Aque_Aqu2.1.41648-001;Slac_ENSLPGG00000020706	4.4179070679146695e-83	0.00012637943545231424	Aque_Aqu2.1.23247-001;Slac_ENSLPGG00000014386	9.444866831159643e-49	4.9054352985516604e-15	Aque_Aqu2.1.39901-001;Slac_ENSLPGG00000024879	0.00010473551507641958	0.0	Aque_Aqu2.1.40905-001;Slac_ENSLPGG00000014308	3.920453627010159e-23	2.2586592778386768e-69	Aque_Aqu2.1.41036-001;Slac_ENSLPGG00000009033	9.486629863621956e-12	2.6457354531861216e-26	Aque_Aqu2.1.41302-001;Slac_ENSLPGG00000010615	7.995429630397048e-28	6.835112163503473e-257	Aque_Aqu2.1.41302-001;Slac_ENSLPGG00000010615	7.995429630397048e-28	1.5486845993753445e-53
Aque_Aqu2.1.18087-001;Slac_ENSLPGG00000024429	5.622543966129217e-113	3.251273390160915e-290	Aque_Aqu2.1.33574-001;Slac_ENSLPGG00000021720	1.1841602777534483e-14	2.694208031556454e-41	Aque_Aqu2.1.34476-001;Slac_ENSLPGG00000009693	1.1365096649262665e-143	1.3703399915938418e-56	Aque_Aqu2.1.34476-001;Slac_ENSLPGG00000009693	1.1365096649262665e-143	2.211542092140465e-136	Aque_Aqu2.1.41064-001;Slac_ENSLPGG00000022135	3.157095835580321e-40	7.885328724796863e-32	Aque_Aqu2.1.33740-001;Slac_ENSLPGG00000011571	1.0543340401031923e-102	1.1821517958832654e-28	Aque_Aqu2.1.04943-001;Slac_ENSLPGG00000000928	1.7992188705826774e-46	1.0738816584613968e-52	Aque_Aqu2.1.41195-001;Slac_ENSLPGG00000011674	1.6646534696328347e-107	6.658957302128254e-11	Aque_Aqu2.1.32963-001;Slac_ENSLPGG00000006527	4.7320394813194234e-185	4.869959806013824e-11	Aque_Aqu2.1.36105-001;Slac_ENSLPGG00000022449	8.927728054109878e-36	3.485847307642193e-05	Aque_Aqu2.1.18813-001;Slac_ENSLPGG00000028380	1.5941414811933208e-143	6.536389750916492e-246	Aque_Aqu2.1.22710-001;Slac_ENSLPGG00000017323	1.3243501395407459e-103	1.0263723844392628e-164	Aque_Aqu2.1.22710-001;Slac_ENSLPGG00000017323	1.501281252136304e-107	2.6260173313222563e-236	Aque_Aqu2.1.25862-001;Slac_ENSLPGG00000018181	1.7601901330525903e-103	2.6290781450963708e-140	Aque_Aqu2.1.41195-001;Slac_ENSLPGG00000011674	1.2364613934837511e-115	3.615983368723635e-43	Aque_Aqu2.1.12854-001;Slac_ENSLPGG00000000928	5.013764288192056e-82	2.5124961031891197e-263	Aque_Aqu2.1.39147-001;Slac_ENSLPGG00000029327	1.672944990239813e-27	4.884112571310883e-133							Aque_Aqu2.1.37083-001;Slac_ENSLPGG00000014205	0.008633805380085605	0.0011929813151707969	Aque_Aqu2.1.37883-001;Slac_ENSLPGG00000019578	3.408056060331404e-43	0.0005401379704453665	Aque_Aqu2.1.43480-001;Slac_ENSLPGG00000025032	2.724952229124618e-25	2.2405791819609652e-08	Aque_Aqu2.1.43788-001;Slac_ENSLPGG00000023276	1.2849197808890718e-08	0.0023187143386704493	Aque_Aqu2.1.39702-001;Slac_ENSLPGG00000029003	3.839636538726795e-05	4.01548920977372e-29	Aque_Aqu2.1.28495-001;Slac_ENSLPGG00000009453	3.050594406121623e-25	2.999904205182712e-54	Aque_Aqu2.1.33503-001;Slac_ENSLPGG00000028142	7.66852101105505e-139	3.7139133484272695e-30	Aque_Aqu2.1.37599-001;Slac_ENSLPGG00000022320	4.0684665683260758e-143	9.333787942764978e-10	Aque_Aqu2.1.35499-001;Slac_ENSLPGG00000008750	1.2692762160706003e-88	1.1333697489390906e-08	Aque_Aqu2.1.42577-001;Slac_ENSLPGG00000000077	1.197088910208358e-165	3.0721784034350434e-06	Aque_Aqu2.1.43984-001;Slac_ENSLPGG00000003719	5.614857868454323e-142	2.9232553204569993e-05	Aque_Aqu2.1.31386-001;Slac_ENSLPGG00000022008	1.9939436211890793e-10	2.2847279941433917e-49	Aque_Aqu2.1.31386-001;Slac_ENSLPGG00000009899	1.9939436211890793e-10	3.9284303996595296e-27	Aque_Aqu2.1.28223-001;Slac_ENSLPGG00000018987	1.3844036382592803e-13	6.881427880502258e-55	Aque_Aqu2.1.31166-001;Slac_ENSLPGG00000021950	2.4677337861874384e-27	1.4391600060050444e-222	Aque_Aqu2.1.28497-001;Slac_ENSLPGG00000023963	6.265744639493593e-06	1.9303084155892143e-88	Aque_Aqu2.1.31381-001;Slac_ENSLPGG00000022008	4.790282318976761e-30	5.8169367704063345e-09	Aque_Aqu2.1.31379-001;Slac_ENSLPGG00000022008	3.461111847443033e-18	2.2847279941433917e-49	Aque_Aqu2.1.31381-001;Slac_ENSLPGG00000021402	4.790282318976761e-30	3.140876910125486e-98	Aque_Aqu2.1.21015-001;Slac_ENSLPGG00000018326	1.2898436236055814e-74	1.3611225677718924e-05	Aque_Aqu2.1.18498-001;Slac_ENSLPGG00000003107	4.634718277164381e-14	4.2394431458955775e-16	Aque_Aqu2.1.39901-001;Slac_ENSLPGG00000024879	0.00010473551507641958	8.785581495592809e-38	Aque_Aqu2.1.20539-001;Slac_ENSLPGG00000010310	0.0026536525850424835	6.4075226295593926e-40	Aque_Aqu2.1.43539-001;Slac_ENSLPGG00000020221	1.4534280963588581e-13	9.223249579944277e-53	Aque_Aqu2.1.43539-001;Slac_ENSLPGG00000020221	1.4534280963588581e-13	2.724670997622476e-14
Aque_Aqu2.1.21796-001;Slac_ENSLPGG00000020424	1.2188109824148507e-117	0.0	Aque_Aqu2.1.33572-001;Slac_ENSLPGG00000024781	5.668642400668365e-139	2.0934226994576584e-08	Aque_Aqu2.1.35077-001;Slac_ENSLPGG00000017593	1.9812419822161078e-144	5.3521468999357445e-49	Aque_Aqu2.1.16620-001;Slac_ENSLPGG00000022242	3.397334660599216e-165	0.00015899456075697585	Aque_Aqu2.1.33636-001;Slac_ENSLPGG00000022969	1.2164548748428428e-123	3.793639182545986e-99	Aque_Aqu2.1.18813-001;Slac_ENSLPGG00000028380	1.5941414811933208e-143	6.475440764252974e-32	Aque_Aqu2.1.22710-001;Slac_ENSLPGG00000017323	1.3243501395407459e-103	2.648413615147727e-39	Aque_Aqu2.1.08202-001;Slac_ENSLPGG00000021720	1.1705734604072884e-09	0.0013517932766969978	Aque_Aqu2.1.41064-001;Slac_ENSLPGG00000022135	3.157095835580321e-40	2.3149782412803644e-40	Aque_Aqu2.1.26386-001;Slac_ENSLPGG00000010983	1.5137191822064672e-111	0.00014913663472727718	Aque_Aqu2.1.12854-001;Slac_ENSLPGG00000000928	8.308052623456065e-109	2.5124961031891197e-263	Aque_Aqu2.1.04943-001;Slac_ENSLPGG00000000928	1.7992188705826774e-46	9.10320839181306e-204	Aque_Aqu2.1.31194-001;Slac_ENSLPGG00000008469	1.2800872678568997e-122	0.0	Aque_Aqu2.1.28570-001;Slac_ENSLPGG00000017185	1.3478437671175875e-40	2.154470322241375e-44	Aque_Aqu2.1.19270-001;Slac_ENSLPGG00000014669	7.529568096550412e-91	7.894331968489789e-23	Aque_Aqu2.1.04943-001;Slac_ENSLPGG00000000928	1.8183168977220488e-34	2.5124961031891197e-263	Aque_Aqu2.1.27063-001;Slac_ENSLPGG00000023230	6.861052758461508e-93	6.624979144563978e-157							Aque_Aqu2.1.24004-001;Slac_ENSLPGG00000020178	0.00015476934393270195	0.008497928600987774	Aque_Aqu2.1.28495-001;Slac_ENSLPGG00000009453	3.050594406121623e-25	6.590504302001542e-85	Aque_Aqu2.1.41049-001;Slac_ENSLPGG00000015888	1.7843460525969402e-71	1.414267117274712e-109	Aque_Aqu2.1.43480-001;Slac_ENSLPGG00000027461	2.724952229124618e-25	0.0007961822132458968	Aque_Aqu2.1.28495-001;Slac_ENSLPGG00000009453	3.050594406121623e-25	1.297346950394959e-07	Aque_Aqu2.1.29479-001;Slac_ENSLPGG00000001139	1.027025061779397e-11	4.69500827060743e-21	Aque_Aqu2.1.23244-001;Slac_ENSLPGG00000017421	5.2814784068730136e-39	1.497288984054605e-08	Aque_Aqu2.1.31385-001;Slac_ENSLPGG00000009899	5.85436007345541e-05	2.1084427922628346e-60	Aque_Aqu2.1.16111-001;Slac_ENSLPGG00000025644	3.9029964201898894e-08	2.6852183416667272e-11	Aque_Aqu2.1.14221-001;Slac_ENSLPGG00000015421	1.4043050483582324e-14	1.6640067240340393e-10	Aque_Aqu2.1.34861-001;Slac_ENSLPGG00000010067	1.5697310538016786e-20	2.4406389139278163e-21	Aque_Aqu2.1.24511-001;Slac_ENSLPGG00000009456	4.874707324206489e-25	7.55873624614051e-61	Aque_Aqu2.1.41583-001;Slac_ENSLPGG00000003499	1.075194399407091e-28	5.716635146386202e-99	Aque_Aqu2.1.41892-001;Slac_ENSLPGG00000018987	5.2142493076430264e-14	6.881427880502258e-55	Aque_Aqu2.1.22332-001;Slac_ENSLPGG00000013772	9.838828213524885e-12	1.2252823654104125e-130	Aque_Aqu2.1.28495-001;Slac_ENSLPGG00000008750	4.458325986516477e-24	8.530991638627806e-36	Aque_Aqu2.1.24981-001;Slac_ENSLPGG00000009456	2.7217252995401606e-14	1.023988469791351e-09	Aque_Aqu2.1.31381-001;Slac_ENSLPGG00000021402	4.790282318976761e-30	2.2504082942667657e-43	Aque_Aqu2.1.31381-001;Slac_ENSLPGG00000009899	4.790282318976761e-30	3.9284303996595296e-27	Aque_Aqu2.1.20342-001;Slac_ENSLPGG00000000463	6.019578265264503e-43	0.001022463282570671	Aque_Aqu2.1.33761-001;Slac_ENSLPGG00000015198	1.7677837593587218e-35	4.591205690629712e-20	Aque_Aqu2.1.31913-001;Slac_ENSLPGG00000009291	2.0639524756100243e-07	5.831708778797786e-05	Aque_Aqu2.1.43963-001;Slac_ENSLPGG00000024879	1.5716607462282255e-08	4.512509092155093e-22	Aque_Aqu2.1.33761-001;Slac_ENSLPGG00000011374	6.68557162412341e-45	7.246167802767974e-21	Aque_Aqu2.1.43963-001;Slac_ENSLPGG00000024879	1.5716607462282255e-08	8.785581495592809e-38
Aque_Aqu2.1.41064-001;Slac_ENSLPGG00000022135	3.157095835580321e-40	9.957479700073277e-78	Aque_Aqu2.1.32946-001;Slac_ENSLPGG00000010832	3.198548394219795e-57	3.8243439373048e-19	Aque_Aqu2.1.26386-001;Slac_ENSLPGG00000010983	1.5137191822064672e-111	1.2067513870744993e-10	Aque_Aqu2.1.18087-001;Slac_ENSLPGG00000024429	5.622543966129217e-113	3.3699353386362246e-94	Aque_Aqu2.1.21796-001;Slac_ENSLPGG00000020424	1.2188109824148507e-117	3.7212886296907746e-117	Aque_Aqu2.1.22710-001;Slac_ENSLPGG00000017323	1.3243501395407459e-103	2.992968478008645e-29	Aque_Aqu2.1.18813-001;Slac_ENSLPGG00000028380	1.5941414811933208e-143	1.4446246474401256e-42	Aque_Aqu2.1.31038-001;Slac_ENSLPGG00000018181	1.0272479399297856e-48	3.416617015582869e-08	Aque_Aqu2.1.34476-001;Slac_ENSLPGG00000009693	1.1365096649262665e-143	6.907897829345426e-204	Aque_Aqu2.1.41195-001;Slac_ENSLPGG00000011674	1.6646534696328347e-107	3.9546243920226707e-11	Aque_Aqu2.1.38191-001;Slac_ENSLPGG00000001288	5.740348681209968e-44	2.96892106482705e-44	Aque_Aqu2.1.39147-001;Slac_ENSLPGG00000029327	2.5070991514612063e-37	4.884112571310883e-133	Aque_Aqu2.1.15787-001;Slac_ENSLPGG00000026812	8.792525776505922e-39	0.0	Aque_Aqu2.1.31582-001;Slac_ENSLPGG00000004808	8.349528766570313e-143	1.4672573330533557e-29	Aque_Aqu2.1.34476-001;Slac_ENSLPGG00000009693	4.321419943186122e-118	2.211542092140465e-136	Aque_Aqu2.1.27063-001;Slac_ENSLPGG00000023230	6.861052758461508e-93	2.1930023983566287e-197	Aque_Aqu2.1.04943-001;Slac_ENSLPGG00000000928	1.8183168977220488e-34	9.10320839181306e-204							Aque_Aqu2.1.41520-001;Slac_ENSLPGG00000020178	2.1890053557825215e-07	0.008497928600987774	Aque_Aqu2.1.29479-001;Slac_ENSLPGG00000001139	1.027025061779397e-11	1.4494333720685917e-24	Aque_Aqu2.1.37137-001;Slac_ENSLPGG00000016891	1.643277675461539e-16	1.1066745948069943e-10	Aque_Aqu2.1.28942-001;Slac_ENSLPGG00000014432	1.2138942124859158e-06	3.695427495255932e-26	Aque_Aqu2.1.37112-001;Slac_ENSLPGG00000014949	7.988764884310961e-19	1.6205240859255104e-51	Aque_Aqu2.1.29479-001;Slac_ENSLPGG00000007158	1.027025061779397e-11	1.965018913530473e-21	Aque_Aqu2.1.17701-001;Slac_ENSLPGG00000007479	1.7147648641153927e-21	0.00035814504713363167	Aque_Aqu2.1.31388-001;Slac_ENSLPGG00000009899	0.009425638668166618	2.1084427922628346e-60	Aque_Aqu2.1.28492-001;Slac_ENSLPGG00000008750	1.2990573900827222e-105	1.1333697489390906e-08	Aque_Aqu2.1.35499-001;Slac_ENSLPGG00000009453	1.2692762160706003e-88	1.4756910295882177e-48	Aque_Aqu2.1.43615-001;Slac_ENSLPGG00000011962	3.565907780541023e-09	3.211008789355102e-10	Aque_Aqu2.1.35499-001;Slac_ENSLPGG00000009453	1.2692762160706003e-88	1.297346950394959e-07	Aque_Aqu2.1.37599-001;Slac_ENSLPGG00000022320	4.0684665683260758e-143	5.147312153721958e-06	Aque_Aqu2.1.44221-001;Slac_ENSLPGG00000012949	5.994069235373014e-92	6.10254986351763e-57	Aque_Aqu2.1.39626-001;Slac_ENSLPGG00000014289	3.934806432082639e-12	1.063593045223818e-144	Aque_Aqu2.1.23245-001;Slac_ENSLPGG00000014386	2.527911622459719e-106	3.1119892541270805e-37	Aque_Aqu2.1.38146-001;Slac_ENSLPGG00000012949	6.387586082111135e-11	1.0083071826795984e-138	Aque_Aqu2.1.41648-001;Slac_ENSLPGG00000020706	4.4179070679146695e-83	0.00019249484478877987	Aque_Aqu2.1.31379-001;Slac_ENSLPGG00000021402	3.461111847443033e-18	3.140876910125486e-98	Aque_Aqu2.1.29951-001;Slac_ENSLPGG00000005266	1.9260650568679767e-29	1.677547381097699e-09	Aque_Aqu2.1.41302-001;Slac_ENSLPGG00000010615	1.7129236125123054e-28	6.835112163503473e-257	Aque_Aqu2.1.43963-001;Slac_ENSLPGG00000024879	9.261924481854956e-06	8.785581495592809e-38	Aque_Aqu2.1.41302-001;Slac_ENSLPGG00000010615	7.995429630397048e-28	2.9609513516935996e-12	Aque_Aqu2.1.23244-001;Slac_ENSLPGG00000012828	0.0006147344884710201	0.0	Aque_Aqu2.1.27076-001;Slac_ENSLPGG00000027461	1.4507245811088527e-38	5.698905676741827e-05
Aque_Aqu2.1.18813-001;Slac_ENSLPGG00000028380	1.5941414811933208e-143	2.161155439330363e-245	Aque_Aqu2.1.43309-001;Slac_ENSLPGG00000007673	1.4807065078763136e-142	5.472712324912966e-43	Aque_Aqu2.1.41064-001;Slac_ENSLPGG00000022135	3.157095835580321e-40	5.8252296364056696e-06	Aque_Aqu2.1.34449-001;Slac_ENSLPGG00000011929	1.3827931758702237e-110	2.4027705918975987e-47	Aque_Aqu2.1.04943-001;Slac_ENSLPGG00000000928	1.7992188705826774e-46	1.2481151285348214e-98	Aque_Aqu2.1.12854-001;Slac_ENSLPGG00000000928	8.308052623456065e-109	7.2943681410864e-39	Aque_Aqu2.1.43440-001;Slac_ENSLPGG00000008240	2.966613490803621e-57	2.868454335468553e-25	Aque_Aqu2.1.39927-001;Slac_ENSLPGG00000026851	2.100681945699731e-42	0.005766341009365526	Aque_Aqu2.1.31038-001;Slac_ENSLPGG00000018181	1.0272479399297856e-48	8.363124698016115e-89	Aque_Aqu2.1.43309-001;Slac_ENSLPGG00000007673	1.4807065078763136e-142	0.009539523577250703	Aque_Aqu2.1.39147-001;Slac_ENSLPGG00000029327	2.5070991514612063e-37	1.0480708940969998e-185	Aque_Aqu2.1.27063-001;Slac_ENSLPGG00000023230	3.201242607069932e-92	6.624979144563978e-157	Aque_Aqu2.1.12657-001;Slac_ENSLPGG00000004375	4.1751534788856684e-103	1.6563954483441163e-231	Aque_Aqu2.1.43423-001;Slac_ENSLPGG00000008236	3.021348392175779e-116	1.6153748683568355e-62	Aque_Aqu2.1.35077-001;Slac_ENSLPGG00000017593	1.7045642842567605e-116	2.8668362506369645e-98	Aque_Aqu2.1.41635-001;Slac_ENSLPGG00000019527	1.8860006019834307e-85	1.3092089829278838e-171	Aque_Aqu2.1.34860-001;Slac_ENSLPGG00000010851	3.002345046527817e-93	7.772049783955039e-28							Aque_Aqu2.1.24004-001;Slac_ENSLPGG00000018774	0.00015476934393270195	0.007970824387419017	Aque_Aqu2.1.29479-001;Slac_ENSLPGG00000007158	1.027025061779397e-11	1.2305328596950784e-25	Aque_Aqu2.1.41929-001;Slac_ENSLPGG00000029146	0.00020834678141172307	1.5191170790595681e-05	Aque_Aqu2.1.29479-001;Slac_ENSLPGG00000001139	1.027025061779397e-11	1.0794946248240394e-08	Aque_Aqu2.1.41049-001;Slac_ENSLPGG00000012055	1.7843460525969402e-71	0.000889129280263582	Aque_Aqu2.1.24981-001;Slac_ENSLPGG00000009456	2.561124602315965e-06	4.433676883475361e-93	Aque_Aqu2.1.28283-001;Slac_ENSLPGG00000005072	8.56665288335661e-23	6.293393060430815e-06	Aque_Aqu2.1.41583-001;Slac_ENSLPGG00000001761	1.075194399407091e-28	1.3462692566009719e-65	Aque_Aqu2.1.35499-001;Slac_ENSLPGG00000009116	1.2692762160706003e-88	1.2402889402997416e-10	Aque_Aqu2.1.44676-001;Slac_ENSLPGG00000018987	0.0015947909906532027	2.6386254863590804e-208	Aque_Aqu2.1.29887-001;Slac_ENSLPGG00000009790	6.92630964062219e-18	5.8232090697647964e-08	Aque_Aqu2.1.19922-001;Slac_ENSLPGG00000015888	1.1973175788444056e-06	3.8687716420603493e-174	Aque_Aqu2.1.31385-001;Slac_ENSLPGG00000022008	5.85436007345541e-05	1.2662397728282719e-93	Aque_Aqu2.1.43252-001;Slac_ENSLPGG00000023417	1.118841022757129e-86	0.00040524561728669717	Aque_Aqu2.1.36501-001;Slac_ENSLPGG00000012340	4.0103739281320257e-07	0.0	Aque_Aqu2.1.28223-001;Slac_ENSLPGG00000018987	1.3844036382592803e-13	3.791882775025262e-229	Aque_Aqu2.1.31379-001;Slac_ENSLPGG00000021402	3.461111847443033e-18	2.454971510320962e-13	Aque_Aqu2.1.15643-001;Slac_ENSLPGG00000020706	1.378157857410754e-124	0.00019249484478877987	Aque_Aqu2.1.31379-001;Slac_ENSLPGG00000009899	3.461111847443033e-18	3.9284303996595296e-27	Aque_Aqu2.1.34863-001;Slac_ENSLPGG00000012140	3.260819368721017e-23	5.167083695634183e-15	Aque_Aqu2.1.43963-001;Slac_ENSLPGG00000024879	9.261924481854956e-06	0.0	Aque_Aqu2.1.31479-001;Slac_ENSLPGG00000017231	0.0003067347607332758	0.0004029713179561277	Aque_Aqu2.1.40905-001;Slac_ENSLPGG00000011374	1.5343978603673963e-12	3.4857116393050736e-27	Aque_Aqu2.1.32861-001;Slac_ENSLPGG00000011506	1.1714485705240073e-22	5.633988894633641e-06	Aque_Aqu2.1.43539-001;Slac_ENSLPGG00000017231	1.4534280963588581e-13	0.0004029713179561277
Aque_Aqu2.1.37079-001;Slac_ENSLPGG00000014397	6.987535709667499e-114	0.0	Aque_Aqu2.1.34860-001;Slac_ENSLPGG00000010851	1.2852695968093314e-58	2.014765090758186e-87	Aque_Aqu2.1.31038-001;Slac_ENSLPGG00000018181	1.0272479399297856e-48	6.625776344049934e-19	Aque_Aqu2.1.44167-001;Slac_ENSLPGG00000002326	2.4503567949267662e-116	8.482436389484453e-119	Aque_Aqu2.1.37079-001;Slac_ENSLPGG00000014397	6.987535709667499e-114	1.1242676194211744e-127	Aque_Aqu2.1.18087-001;Slac_ENSLPGG00000024429	5.622543966129217e-113	4.6678259609511466e-35	Aque_Aqu2.1.39147-001;Slac_ENSLPGG00000029327	2.5070991514612063e-37	7.655651888703833e-32	Aque_Aqu2.1.36105-001;Slac_ENSLPGG00000022449	8.927728054109878e-36	5.125565025972906e-05	Aque_Aqu2.1.43309-001;Slac_ENSLPGG00000007673	1.4807065078763136e-142	6.150800880157484e-37	Aque_Aqu2.1.31038-001;Slac_ENSLPGG00000018181	1.0272479399297856e-48	6.617949916273581e-06	Aque_Aqu2.1.04943-001;Slac_ENSLPGG00000000928	1.7992188705826774e-46	2.5124961031891197e-263	Aque_Aqu2.1.12657-001;Slac_ENSLPGG00000004375	2.9043498226616313e-98	1.9984962877189502e-115	Aque_Aqu2.1.39934-001;Slac_ENSLPGG00000026505	1.5771892143125586e-122	0.0	Aque_Aqu2.1.34247-001;Slac_ENSLPGG00000018181	2.2779810691546104e-47	2.6290781450963708e-140	Aque_Aqu2.1.38354-001;Slac_ENSLPGG00000028953	7.318492576694701e-116	1.0786595805322939e-100	Aque_Aqu2.1.12657-001;Slac_ENSLPGG00000004375	4.1751534788856684e-103	6.635377060633703e-125	Aque_Aqu2.1.19270-001;Slac_ENSLPGG00000014669	7.529568096550412e-91	8.202656842058226e-40							Aque_Aqu2.1.33545-001;Slac_ENSLPGG00000018774	0.0027538459266635462	0.007970824387419017	Aque_Aqu2.1.28944-001;Slac_ENSLPGG00000014432	3.6090163242932247e-32	2.763045349494756e-39	Aque_Aqu2.1.37137-001;Slac_ENSLPGG00000002171	1.643277675461539e-16	2.0039843010385572e-48	Aque_Aqu2.1.43788-001;Slac_ENSLPGG00000015099	1.2849197808890718e-08	5.637710037603953e-09	Aque_Aqu2.1.23245-001;Slac_ENSLPGG00000013844	6.412219767578961e-13	5.095808825073912e-72	Aque_Aqu2.1.43480-001;Slac_ENSLPGG00000027461	2.724952229124618e-25	0.0009589227281603336	Aque_Aqu2.1.32241-001;Slac_ENSLPGG00000023350	1.5716518072592125e-35	0.0009776894267064676	Aque_Aqu2.1.36448-001;Slac_ENSLPGG00000016741	7.601563556113623e-49	4.831173792436381e-23	Aque_Aqu2.1.25581-001;Slac_ENSLPGG00000026540	1.7059997107918852e-06	6.482581306320177e-265	Aque_Aqu2.1.38752-001;Slac_ENSLPGG00000013069	1.5804020643111057e-187	2.228833167443332e-21	Aque_Aqu2.1.33047-001;Slac_ENSLPGG00000026194	1.344591319154037e-14	6.674291937003132e-10	Aque_Aqu2.1.31385-001;Slac_ENSLPGG00000022008	5.85436007345541e-05	2.2847279941433917e-49	Aque_Aqu2.1.19922-001;Slac_ENSLPGG00000015888	1.1973175788444056e-06	0.0	Aque_Aqu2.1.43555-001;Slac_ENSLPGG00000007730	9.172629855478385e-23	1.8063698951164836e-133	Aque_Aqu2.1.23247-001;Slac_ENSLPGG00000013844	8.210853499627593e-119	4.751279793435816e-194	Aque_Aqu2.1.14505-001;Slac_ENSLPGG00000002251	4.1608280773534837e-17	1.0703518826219367e-12	Aque_Aqu2.1.40997-001;Slac_ENSLPGG00000019726	3.831716522362373e-96	1.5454624451643245e-81	Aque_Aqu2.1.29513-001;Slac_ENSLPGG00000017789	4.936567704134594e-26	1.9094305321591624e-24	Aque_Aqu2.1.43482-001;Slac_ENSLPGG00000022080	7.648655415159219e-16	1.3764679304517367e-18	Aque_Aqu2.1.14505-001;Slac_ENSLPGG00000014205	7.790561052606891e-22	2.581633367821644e-13	Aque_Aqu2.1.33761-001;Slac_ENSLPGG00000011374	1.7677837593587218e-35	7.246167802767974e-21	Aque_Aqu2.1.40333-001;Slac_ENSLPGG00000015465	4.2780196620254543e-10	2.910673067209402e-05	Aque_Aqu2.1.40905-001;Slac_ENSLPGG00000009166	1.5343978603673963e-12	1.2347924047628497e-34	Aque_Aqu2.1.43278-001;Slac_ENSLPGG00000007292	0.00047616621592022325	1.3493236933206378e-19	Aque_Aqu2.1.43366-001;Slac_ENSLPGG00000020618	0.0009760641292467516	3.8447101282008275e-33
Aque_Aqu2.1.12657-001;Slac_ENSLPGG00000004375	2.9043498226616313e-98	1.6563954483441163e-231	Aque_Aqu2.1.32963-001;Slac_ENSLPGG00000006527	4.7320394813194234e-185	4.073195508639476e-09	Aque_Aqu2.1.42087-001;Slac_ENSLPGG00000022449	4.453201835818651e-25	7.823230914753302e-19	Aque_Aqu2.1.35077-001;Slac_ENSLPGG00000017593	1.9812419822161078e-144	2.8668362506369645e-98	Aque_Aqu2.1.42549-001;Slac_ENSLPGG00000030160	4.864952737528873e-51	4.829352076372421e-05	Aque_Aqu2.1.18867-001;Slac_ENSLPGG00000006262	2.2639624801972363e-67	3.1730187180646987e-37	Aque_Aqu2.1.41034-001;Slac_ENSLPGG00000016457	4.797725684898183e-118	2.092243548925095e-25	Aque_Aqu2.1.43309-001;Slac_ENSLPGG00000007673	1.4807065078763136e-142	0.0005986844691808458	Aque_Aqu2.1.29989-001;Slac_ENSLPGG00000002916	4.122966021694138e-114	4.3918337799036116e-63	Aque_Aqu2.1.29989-001;Slac_ENSLPGG00000002916	4.122966021694138e-114	4.815916077315782e-07	Aque_Aqu2.1.16620-001;Slac_ENSLPGG00000005401	3.397334660599216e-165	2.3421129342282908e-26	Aque_Aqu2.1.09762-001;Slac_ENSLPGG00000011626	2.728546897831895e-124	2.868640041180972e-124	Aque_Aqu2.1.36280-001;Slac_ENSLPGG00000026756	6.856052357675539e-112	0.0	Aque_Aqu2.1.18353-001;Slac_ENSLPGG00000017904	6.178257458042465e-65	8.790584444479262e-22	Aque_Aqu2.1.39934-001;Slac_ENSLPGG00000026505	1.5771892143125586e-122	5.303253961031819e-136	Aque_Aqu2.1.33636-001;Slac_ENSLPGG00000022969	1.0316424122760916e-111	6.156071274885126e-165	Aque_Aqu2.1.18692-001;Slac_ENSLPGG00000021862	1.7270552829087441e-116	1.589418180725739e-99							Aque_Aqu2.1.42203-001;Slac_ENSLPGG00000008996	3.150184887500491e-07	0.008928344700331103	Aque_Aqu2.1.43482-001;Slac_ENSLPGG00000017003	1.9502722948097634e-26	0.0010648454651062261	Aque_Aqu2.1.01979-001;Slac_ENSLPGG00000021520	0.007012591066954428	1.1192892414117911e-44	Aque_Aqu2.1.26998-001;Slac_ENSLPGG00000007158	3.197778486344573e-06	4.969353227696443e-20	Aque_Aqu2.1.31388-001;Slac_ENSLPGG00000022008	0.009403421798818682	2.2847279941433917e-49	Aque_Aqu2.1.43788-001;Slac_ENSLPGG00000023276	1.2849197808890718e-08	5.006232055107248e-07	Aque_Aqu2.1.39731-001;Slac_ENSLPGG00000009412	9.5044838879983e-52	9.536674912769787e-17	Aque_Aqu2.1.24511-001;Slac_ENSLPGG00000009456	4.874707324206489e-25	2.044657316403011e-71	Aque_Aqu2.1.43549-001;Slac_ENSLPGG00000001343	0.00012458074746189162	7.780841646108711e-18	Aque_Aqu2.1.42686-001;Slac_ENSLPGG00000001971	1.8986749547921507e-211	0.0009435786324523421	Aque_Aqu2.1.23244-001;Slac_ENSLPGG00000014386	1.0885934844745446e-29	1.1292813631157257e-56	Aque_Aqu2.1.22320-001;Slac_ENSLPGG00000015631	3.5353442002483155e-36	4.787190414733341e-18	Aque_Aqu2.1.31386-001;Slac_ENSLPGG00000021402	1.9939436211890793e-10	3.140876910125486e-98	Aque_Aqu2.1.28223-001;Slac_ENSLPGG00000007730	1.3844036382592803e-13	1.8063698951164836e-133	Aque_Aqu2.1.23245-001;Slac_ENSLPGG00000013844	2.527911622459719e-106	4.751279793435816e-194	Aque_Aqu2.1.41892-001;Slac_ENSLPGG00000018987	5.2142493076430264e-14	3.791882775025262e-229	Aque_Aqu2.1.08677-001;Slac_ENSLPGG00000015888	7.208488648075431e-16	6.368500805089567e-26	Aque_Aqu2.1.31379-001;Slac_ENSLPGG00000021402	3.461111847443033e-18	2.2504082942667657e-43	Aque_Aqu2.1.39906-001;Slac_ENSLPGG00000026132	5.695135212169059e-155	0.005441714082505935	Aque_Aqu2.1.44221-001;Slac_ENSLPGG00000012949	1.0164839656097992e-72	6.10254986351763e-57	Aque_Aqu2.1.40905-001;Slac_ENSLPGG00000014308	3.920453627010159e-23	0.0	Aque_Aqu2.1.41036-001;Slac_ENSLPGG00000009033	2.3789109976164377e-05	6.123503183182715e-60	Aque_Aqu2.1.40905-001;Slac_ENSLPGG00000014308	1.5343978603673963e-12	3.654215430236123e-62	Aque_Aqu2.1.41583-001;Slac_ENSLPGG00000000967	3.1649988563463466e-09	3.7385571220871463e-84	Aque_Aqu2.1.40608-001;Slac_ENSLPGG00000005021	1.1256965272887042e-07	2.338781435318573e-22
Aque_Aqu2.1.41260-001;Slac_ENSLPGG00000008330	1.638108573287336e-99	9.076562438298935e-170	Aque_Aqu2.1.36105-001;Slac_ENSLPGG00000022449	8.927728054109878e-36	4.232134737239487e-36	Aque_Aqu2.1.26684-001;Slac_ENSLPGG00000017185	5.16651150424784e-114	1.0621440024198682e-13	Aque_Aqu2.1.25378-001;Slac_ENSLPGG00000020432	3.4926863395162285e-66	1.057492730615344e-59	Aque_Aqu2.1.15787-001;Slac_ENSLPGG00000026812	7.592400004336438e-49	1.7254620203569683e-109	Aque_Aqu2.1.04943-001;Slac_ENSLPGG00000000928	1.7992188705826774e-46	7.2943681410864e-39	Aque_Aqu2.1.09762-001;Slac_ENSLPGG00000011626	2.728546897831895e-124	2.591289267732569e-25	Aque_Aqu2.1.33574-001;Slac_ENSLPGG00000021720	1.1841602777534483e-14	0.0013517932766969978	Aque_Aqu2.1.41195-001;Slac_ENSLPGG00000011674	1.6646534696328347e-107	3.3170087566869173e-112	Aque_Aqu2.1.43423-001;Slac_ENSLPGG00000008236	7.445917862680743e-110	6.68195319985548e-08	Aque_Aqu2.1.34860-001;Slac_ENSLPGG00000010851	1.2852695968093314e-58	5.271009206434796e-96	Aque_Aqu2.1.16620-001;Slac_ENSLPGG00000007363	3.397334660599216e-165	1.098458816519539e-06	Aque_Aqu2.1.33740-001;Slac_ENSLPGG00000014397	3.050336161000028e-63	0.0	Aque_Aqu2.1.26225-001;Slac_ENSLPGG00000004270	1.096369540214057e-115	6.626708387399565e-137	Aque_Aqu2.1.41260-001;Slac_ENSLPGG00000008330	2.904703574652158e-114	1.5063108505288581e-25	Aque_Aqu2.1.34241-001;Slac_ENSLPGG00000020856	2.761214722739441e-121	3.5850655606520314e-110	Aque_Aqu2.1.41635-001;Slac_ENSLPGG00000019527	1.8860006019834307e-85	5.013059666832366e-114							Aque_Aqu2.1.38560-001;Slac_ENSLPGG00000006923	0.0025123364260394966	0.0018005305476047728	Aque_Aqu2.1.28495-001;Slac_ENSLPGG00000011327	3.050594406121623e-25	0.0016877695055628826	Aque_Aqu2.1.30867-001;Slac_ENSLPGG00000021520	8.811394793769746e-08	1.1192892414117911e-44	Aque_Aqu2.1.35513-001;Slac_ENSLPGG00000014037	8.033421574211273e-25	1.7369126307804394e-11	Aque_Aqu2.1.37137-001;Slac_ENSLPGG00000022031	1.643277675461539e-16	0.009696082349253645	Aque_Aqu2.1.23245-001;Slac_ENSLPGG00000013844	6.412219767578961e-13	9.178588959256085e-176	Aque_Aqu2.1.19904-001;Slac_ENSLPGG00000028142	1.872445524020759e-55	3.7139133484272695e-30	Aque_Aqu2.1.19922-001;Slac_ENSLPGG00000015888	1.1973175788444056e-06	0.0	Aque_Aqu2.1.28492-001;Slac_ENSLPGG00000009116	1.2990573900827222e-105	1.2402889402997416e-10	Aque_Aqu2.1.38750-001;Slac_ENSLPGG00000013069	4.160461261776937e-93	2.228833167443332e-21	Aque_Aqu2.1.23244-001;Slac_ENSLPGG00000017421	1.0885934844745446e-29	1.497288984054605e-08	Aque_Aqu2.1.23690-001;Slac_ENSLPGG00000015631	2.8167288445973896e-25	4.787190414733341e-18	Aque_Aqu2.1.28492-001;Slac_ENSLPGG00000009453	1.2990573900827222e-105	2.999904205182712e-54	Aque_Aqu2.1.14505-001;Slac_ENSLPGG00000014205	4.1608280773534837e-17	2.581633367821644e-13	Aque_Aqu2.1.40413-001;Slac_ENSLPGG00000026137	4.5608643156530816e-45	1.6047255062722863e-30	Aque_Aqu2.1.38554-001;Slac_ENSLPGG00000009625	3.744897044029404e-35	1.2756775077314428e-25	Aque_Aqu2.1.31379-001;Slac_ENSLPGG00000022008	3.461111847443033e-18	5.8169367704063345e-09	Aque_Aqu2.1.43555-001;Slac_ENSLPGG00000007730	9.172629855478385e-23	0.0	Aque_Aqu2.1.23247-001;Slac_ENSLPGG00000014386	8.210853499627593e-119	5.849415967300882e-13	Aque_Aqu2.1.32713-001;Slac_ENSLPGG00000005083	0.0018930843638392614	2.0624369383474585e-61	Aque_Aqu2.1.40905-001;Slac_ENSLPGG00000009166	3.920453627010159e-23	6.764553656032244e-94	Aque_Aqu2.1.40905-001;Slac_ENSLPGG00000009166	3.920453627010159e-23	4.204746683901007e-11	Aque_Aqu2.1.43366-001;Slac_ENSLPGG00000020618	0.0009760641292467516	4.2615808028780763e-16	Aque_Aqu2.1.30498-001;Slac_ENSLPGG00000020554	0.003435781341412423	4.981204210162085e-06	Aque_Aqu2.1.43278-001;Slac_ENSLPGG00000007292	0.00047616621592022325	0.00012954223567553764
Aque_Aqu2.1.22710-001;Slac_ENSLPGG00000017323	1.3243501395407459e-103	2.6260173313222563e-236	Aque_Aqu2.1.41195-001;Slac_ENSLPGG00000011674	1.6646534696328347e-107	7.453241332688346e-83	Aque_Aqu2.1.43423-001;Slac_ENSLPGG00000008236	7.445917862680743e-110	3.0592359155011353e-17	Aque_Aqu2.1.43423-001;Slac_ENSLPGG00000008236	7.445917862680743e-110	1.952327525409802e-66	Aque_Aqu2.1.28816-001;Slac_ENSLPGG00000010719	1.0840523851845123e-95	3.880271787998556e-92	Aque_Aqu2.1.37079-001;Slac_ENSLPGG00000014397	6.987535709667499e-114	3.916160585424856e-67	Aque_Aqu2.1.27063-001;Slac_ENSLPGG00000023230	3.201242607069932e-92	6.455799336438236e-34	Aque_Aqu2.1.44014-001;Slac_ENSLPGG00000009021	1.3224867554283511e-120	1.0551613989512432e-05	Aque_Aqu2.1.26386-001;Slac_ENSLPGG00000010983	1.5137191822064672e-111	1.9300062372845804e-39	Aque_Aqu2.1.18813-001;Slac_ENSLPGG00000028380	1.5941414811933208e-143	1.4156207058918888e-05	Aque_Aqu2.1.33636-001;Slac_ENSLPGG00000022969	1.2164548748428428e-123	6.156071274885126e-165	Aque_Aqu2.1.41635-001;Slac_ENSLPGG00000019527	1.35534995308407e-94	5.013059666832366e-114	Aque_Aqu2.1.27076-001;Slac_ENSLPGG00000027461	7.484321294766935e-162	5.668657897950773e-08	Aque_Aqu2.1.43964-001;Slac_ENSLPGG00000027192	5.5993745342701726e-92	6.005484139138008e-31	Aque_Aqu2.1.44167-001;Slac_ENSLPGG00000002326	6.614961432548569e-98	8.482436389484453e-119	Aque_Aqu2.1.18692-001;Slac_ENSLPGG00000021862	1.7270552829087441e-116	3.157985375566818e-151	Aque_Aqu2.1.34241-001;Slac_ENSLPGG00000020856	2.761214722739441e-121	6.562813934435781e-68							Aque_Aqu2.1.38146-001;Slac_ENSLPGG00000012949	0.001071762000244394	1.1790089777244284e-26	Aque_Aqu2.1.40890-001;Slac_ENSLPGG00000029707	0.0037159633453467686	6.961323817075091e-10	Aque_Aqu2.1.29479-001;Slac_ENSLPGG00000006271	1.027025061779397e-11	6.725810871771657e-11	Aque_Aqu2.1.37137-001;Slac_ENSLPGG00000022031	1.643277675461539e-16	0.0026640309671868865	Aque_Aqu2.1.39702-001;Slac_ENSLPGG00000018940	3.839636538726795e-05	0.0005694876980098697	Aque_Aqu2.1.28495-001;Slac_ENSLPGG00000011327	3.050594406121623e-25	0.002660359306382542	Aque_Aqu2.1.27832-001;Slac_ENSLPGG00000026194	5.939276265577746e-23	6.674291937003132e-10	Aque_Aqu2.1.31385-001;Slac_ENSLPGG00000022008	5.85436007345541e-05	2.0774272697276016e-77	Aque_Aqu2.1.28493-001;Slac_ENSLPGG00000008750	4.321453769502233e-21	1.1333697489390906e-08	Aque_Aqu2.1.23389-001;Slac_ENSLPGG00000015888	1.181117757917774e-23	1.414267117274712e-109	Aque_Aqu2.1.35781-001;Slac_ENSLPGG00000007429	2.9643336706072914e-07	4.418161961231622e-53	Aque_Aqu2.1.31386-001;Slac_ENSLPGG00000021402	1.9939436211890793e-10	2.2504082942667657e-43	Aque_Aqu2.1.31388-001;Slac_ENSLPGG00000022008	0.009425638668166618	1.2662397728282719e-93	Aque_Aqu2.1.34863-001;Slac_ENSLPGG00000012140	7.856949568546215e-16	5.167083695634183e-15	Aque_Aqu2.1.41989-001;Slac_ENSLPGG00000004351	7.953537235757875e-32	4.011396952539068e-120	Aque_Aqu2.1.31381-001;Slac_ENSLPGG00000021402	4.790282318976761e-30	1.6974236185946167e-34	Aque_Aqu2.1.43637-001;Slac_ENSLPGG00000029928	8.152574204947499e-32	5.511586306487166e-15	Aque_Aqu2.1.29497-001;Slac_ENSLPGG00000014782	6.077919633614359e-57	1.0227457240849187e-58	Aque_Aqu2.1.38390-001;Slac_ENSLPGG00000009625	3.283777108141531e-31	2.99246567559158e-33	Aque_Aqu2.1.29497-001;Slac_ENSLPGG00000014782	1.2112662309644303e-77	4.710820823420134e-11	Aque_Aqu2.1.36053-001;Slac_ENSLPGG00000019524	1.670169548789497e-10	0.000532370108241916	Aque_Aqu2.1.33028-001;Slac_ENSLPGG00000025187	2.0324506456093878e-12	0.001448797302281256	Aque_Aqu2.1.42605-001;Slac_ENSLPGG00000003655	5.921947850828125e-16	4.141023082726608e-08	Aque_Aqu2.1.40608-001;Slac_ENSLPGG00000005021	1.1256965272887042e-07	2.512602881253616e-96	Aque_Aqu2.1.40905-001;Slac_ENSLPGG00000014308	1.5343978603673963e-12	2.2586592778386768e-69
Aque_Aqu2.1.33636-001;Slac_ENSLPGG00000022969	1.2164548748428428e-123	1.7582904385899225e-265	Aque_Aqu2.1.41064-001;Slac_ENSLPGG00000022135	3.157095835580321e-40	5.568028483822714e-24	Aque_Aqu2.1.43309-001;Slac_ENSLPGG00000007673	1.4807065078763136e-142	0.0007559537840417768	Aque_Aqu2.1.43964-001;Slac_ENSLPGG00000027192	2.812363658409223e-98	3.387256402871171e-33	Aque_Aqu2.1.22710-001;Slac_ENSLPGG00000017323	1.3243501395407459e-103	3.8446497482787126e-66	Aque_Aqu2.1.41260-001;Slac_ENSLPGG00000008330	1.638108573287336e-99	4.3639694253171425e-18	Aque_Aqu2.1.33740-001;Slac_ENSLPGG00000011571	1.0543340401031923e-102	2.734806285110815e-16	Aque_Aqu2.1.34476-001;Slac_ENSLPGG00000009693	1.1365096649262665e-143	3.3339928618358695e-13	Aque_Aqu2.1.33574-001;Slac_ENSLPGG00000021720	1.1841602777534483e-14	1.900339797270852e-26	Aque_Aqu2.1.43964-001;Slac_ENSLPGG00000027192	2.812363658409223e-98	0.0016143520469306392	Aque_Aqu2.1.27063-001;Slac_ENSLPGG00000023230	3.201242607069932e-92	2.1930023983566287e-197	Aque_Aqu2.1.28647-001;Slac_ENSLPGG00000010538	1.7976193812861958e-143	3.2439041792665873e-119	Aque_Aqu2.1.37079-001;Slac_ENSLPGG00000011571	1.2666589382809771e-121	1.152196916578078e-230	Aque_Aqu2.1.29989-001;Slac_ENSLPGG00000002916	1.3626311020990895e-111	4.6702259707366504e-32	Aque_Aqu2.1.34449-001;Slac_ENSLPGG00000011929	5.6592111326517584e-86	2.4027705918975987e-47	Aque_Aqu2.1.41034-001;Slac_ENSLPGG00000016457	1.4237478019981393e-104	1.6521162740116638e-108	Aque_Aqu2.1.18813-001;Slac_ENSLPGG00000028380	1.3448663550898067e-72	2.89248915066677e-208							Aque_Aqu2.1.40044-001;Slac_ENSLPGG00000010574	0.0040871664303165365	1.2198885770587198e-09	Aque_Aqu2.1.37137-001;Slac_ENSLPGG00000002171	1.643277675461539e-16	4.811942582704965e-16	Aque_Aqu2.1.34140-001;Slac_ENSLPGG00000021520	1.662739836406084e-09	1.1192892414117911e-44	Aque_Aqu2.1.23245-001;Slac_ENSLPGG00000013844	6.412219767578961e-13	8.041911962726058e-49	Aque_Aqu2.1.26998-001;Slac_ENSLPGG00000007158	3.197778486344573e-06	1.3921670430557845e-07	Aque_Aqu2.1.21208-001;Slac_ENSLPGG00000017522	0.009823782723145305	1.2463812902526559e-09	Aque_Aqu2.1.35781-001;Slac_ENSLPGG00000007429	5.1906912218938814e-08	4.418161961231622e-53	Aque_Aqu2.1.31388-001;Slac_ENSLPGG00000022008	0.009425638668166618	2.0774272697276016e-77	Aque_Aqu2.1.44676-001;Slac_ENSLPGG00000018987	0.0015947909906532027	3.0882825093222114e-93	Aque_Aqu2.1.37599-001;Slac_ENSLPGG00000026665	4.0684665683260758e-143	0.00044511866582961653	Aque_Aqu2.1.38750-001;Slac_ENSLPGG00000013069	4.160461261776937e-93	1.8352583169197938e-25	Aque_Aqu2.1.28492-001;Slac_ENSLPGG00000009116	1.2990573900827222e-105	2.486235618856327e-14	Aque_Aqu2.1.35499-001;Slac_ENSLPGG00000009116	1.2692762160706003e-88	1.187914787539918e-27	Aque_Aqu2.1.29497-001;Slac_ENSLPGG00000014782	6.077919633614359e-57	4.710820823420134e-11	Aque_Aqu2.1.28940-001;Slac_ENSLPGG00000014078	0.0008919440334010753	1.1718410859204122e-156	Aque_Aqu2.1.14505-001;Slac_ENSLPGG00000007322	4.1608280773534837e-17	1.8319456033269103e-86	Aque_Aqu2.1.40044-001;Slac_ENSLPGG00000010574	2.8322222814374473e-28	7.993687709690774e-20	Aque_Aqu2.1.38390-001;Slac_ENSLPGG00000009625	3.283777108141531e-31	9.452983638178345e-18	Aque_Aqu2.1.23245-001;Slac_ENSLPGG00000014386	2.527911622459719e-106	5.849415967300882e-13	Aque_Aqu2.1.33701-001;Slac_ENSLPGG00000010366	0.007272811480493352	0.0018794864000494385	Aque_Aqu2.1.28533-001;Slac_ENSLPGG00000015186	0.001954189613458916	1.9400219912856085e-23	Aque_Aqu2.1.28533-001;Slac_ENSLPGG00000015186	0.001954189613458916	6.285131083759263e-05	Aque_Aqu2.1.41583-001;Slac_ENSLPGG00000000967	3.1649988563463466e-09	2.1451218208556589e-10	Aque_Aqu2.1.31245-001;Slac_ENSLPGG00000030313	0.0028843650854585186	4.801048661156323e-14	Aque_Aqu2.1.34463-001;Slac_ENSLPGG00000008393	0.00019160000733463742	0.002793447027359724
Aque_Aqu2.1.43837-001;Slac_ENSLPGG00000030026	1.1210704729117143e-102	0.0	Aque_Aqu2.1.40665-001;Slac_ENSLPGG00000005591	8.115709961538107e-35	9.889588770014423e-19	Aque_Aqu2.1.44167-001;Slac_ENSLPGG00000002326	2.4503567949267662e-116	2.5680901010700773e-28	Aque_Aqu2.1.42490-001;Slac_ENSLPGG00000011256	3.576635191646024e-93	4.8200276637715665e-86	Aque_Aqu2.1.36280-001;Slac_ENSLPGG00000026756	3.288773730928107e-103	2.447754107128956e-115	Aque_Aqu2.1.26386-001;Slac_ENSLPGG00000010983	1.5137191822064672e-111	2.388548102631507e-13	Aque_Aqu2.1.41635-001;Slac_ENSLPGG00000019527	1.35534995308407e-94	1.9065901737319776e-28	Aque_Aqu2.1.34860-001;Slac_ENSLPGG00000010851	1.2852695968093314e-58	1.1022100541422044e-06	Aque_Aqu2.1.43964-001;Slac_ENSLPGG00000027192	2.812363658409223e-98	5.592164874133152e-52	Aque_Aqu2.1.12854-001;Slac_ENSLPGG00000000928	8.308052623456065e-109	1.70744645931862e-07	Aque_Aqu2.1.41064-001;Slac_ENSLPGG00000022135	3.157095835580321e-40	1.7520507197809972e-30	Aque_Aqu2.1.41034-001;Slac_ENSLPGG00000016457	4.797725684898183e-118	2.7937217810851597e-62	Aque_Aqu2.1.33636-001;Slac_ENSLPGG00000022969	1.0316424122760916e-111	1.7582904385899225e-265	Aque_Aqu2.1.41071-001;Slac_ENSLPGG00000024858	8.593908126020323e-67	1.4206783704643194e-38	Aque_Aqu2.1.29050-001;Slac_ENSLPGG00000007086	2.39111737457902e-116	3.2866189934017507e-62	Aque_Aqu2.1.28816-001;Slac_ENSLPGG00000010719	1.0556612831787429e-115	3.9479853056275525e-125	Aque_Aqu2.1.35782-001;Slac_ENSLPGG00000006246	5.664414630647032e-110	3.271877090635943e-87							Aque_Aqu2.1.41520-001;Slac_ENSLPGG00000018774	2.1890053557825215e-07	0.007970824387419017	Aque_Aqu2.1.24981-001;Slac_ENSLPGG00000009456	2.561124602315965e-06	2.044657316403011e-71	Aque_Aqu2.1.40890-001;Slac_ENSLPGG00000029707	0.0037159633453467686	7.121151201751463e-18	Aque_Aqu2.1.43788-001;Slac_ENSLPGG00000012981	1.2849197808890718e-08	1.093992624089611e-41	Aque_Aqu2.1.23245-001;Slac_ENSLPGG00000014386	6.412219767578961e-13	1.493154584726633e-20	Aque_Aqu2.1.43788-001;Slac_ENSLPGG00000014205	1.2849197808890718e-08	4.187308454203387e-25	Aque_Aqu2.1.43434-001;Slac_ENSLPGG00000007104	5.944697149665458e-46	1.3634635998864733e-111	Aque_Aqu2.1.28492-001;Slac_ENSLPGG00000009453	1.2990573900827222e-105	6.590504302001542e-85	Aque_Aqu2.1.35503-001;Slac_ENSLPGG00000003499	6.524992042139891e-05	1.2846578336082924e-09	Aque_Aqu2.1.38199-001;Slac_ENSLPGG00000016981	1.6612810294502582e-224	6.29345385878469e-05	Aque_Aqu2.1.38752-001;Slac_ENSLPGG00000013069	1.5804020643111057e-187	1.8352583169197938e-25	Aque_Aqu2.1.38752-001;Slac_ENSLPGG00000013069	1.5804020643111057e-187	0.0016809129201524017	Aque_Aqu2.1.41583-001;Slac_ENSLPGG00000001761	1.075194399407091e-28	5.86853535204573e-31	Aque_Aqu2.1.14505-001;Slac_ENSLPGG00000007322	4.1608280773534837e-17	0.00010156864810001513	Aque_Aqu2.1.36565-001;Slac_ENSLPGG00000011583	4.250044864508634e-18	2.1096010570290062e-10	Aque_Aqu2.1.44221-001;Slac_ENSLPGG00000018391	5.994069235373014e-92	8.80674281685354e-58	Aque_Aqu2.1.28495-001;Slac_ENSLPGG00000009453	4.458325986516477e-24	2.3985592499326432e-20	Aque_Aqu2.1.24982-001;Slac_ENSLPGG00000009509	6.201017404049446e-34	2.1231829488265258e-26	Aque_Aqu2.1.15643-001;Slac_ENSLPGG00000020706	1.378157857410754e-124	0.00012637943545231424	Aque_Aqu2.1.37816-001;Slac_ENSLPGG00000005083	0.00680584638096658	2.0624369383474585e-61	Aque_Aqu2.1.21550-001;Slac_ENSLPGG00000005021	0.0003177388868589658	2.512602881253616e-96	Aque_Aqu2.1.40965-001;Slac_ENSLPGG00000017617	0.00030243385921234874	0.009758003990729628	Aque_Aqu2.1.40608-001;Slac_ENSLPGG00000005021	1.1256965272887042e-07	7.4247547169026854e-09	Aque_Aqu2.1.39820-001;Slac_ENSLPGG00000006723	2.202522684060231e-06	1.0097123505710865e-270	Aque_Aqu2.1.28489-001;Slac_ENSLPGG00000009116	9.545208622355646e-11	7.142638321645091e-57
Aque_Aqu2.1.12854-001;Slac_ENSLPGG00000000928	8.308052623456065e-109	3.2634904038385812e-285	Aque_Aqu2.1.43479-001;Slac_ENSLPGG00000027461	6.772830132076829e-109	0.001999702559251324	Aque_Aqu2.1.43964-001;Slac_ENSLPGG00000027192	2.812363658409223e-98	2.3500788427866205e-12	Aque_Aqu2.1.41064-001;Slac_ENSLPGG00000022135	3.157095835580321e-40	1.0319589517077884e-14	Aque_Aqu2.1.33740-001;Slac_ENSLPGG00000011571	1.0543340401031923e-102	1.6908400915540935e-56	Aque_Aqu2.1.33636-001;Slac_ENSLPGG00000022969	1.2164548748428428e-123	6.527146020360269e-32	Aque_Aqu2.1.34860-001;Slac_ENSLPGG00000010851	1.2852695968093314e-58	8.556056857156966e-11	Aque_Aqu2.1.27224-001;Slac_ENSLPGG00000026851	6.85573730359377e-63	0.005766341009365526	Aque_Aqu2.1.08202-001;Slac_ENSLPGG00000021720	1.1705734604072884e-09	1.900339797270852e-26	Aque_Aqu2.1.43382-001;Slac_ENSLPGG00000004594	1.0768824237806037e-94	1.4785572508393685e-12	Aque_Aqu2.1.09762-001;Slac_ENSLPGG00000011626	2.728546897831895e-124	1.4383957330466857e-179	Aque_Aqu2.1.34241-001;Slac_ENSLPGG00000020856	7.816229863606503e-118	6.562813934435781e-68	Aque_Aqu2.1.33925-001;Slac_ENSLPGG00000001999	4.9886829343618893e-113	0.0	Aque_Aqu2.1.43382-001;Slac_ENSLPGG00000004594	1.45329483825909e-104	2.508092913189325e-77	Aque_Aqu2.1.28091-001;Slac_ENSLPGG00000011974	3.2719744868010964e-115	2.0293225616736967e-122	Aque_Aqu2.1.41195-001;Slac_ENSLPGG00000011674	1.2364613934837511e-115	4.665387576456848e-82	Aque_Aqu2.1.33636-001;Slac_ENSLPGG00000022969	1.0316424122760916e-111	2.261931462507873e-81							Aque_Aqu2.1.42203-001;Slac_ENSLPGG00000021186	3.150184887500491e-07	4.550271614107958e-05	Aque_Aqu2.1.21208-001;Slac_ENSLPGG00000017522	0.009823782723145305	7.529075582906891e-11	Aque_Aqu2.1.29479-001;Slac_ENSLPGG00000001139	1.027025061779397e-11	1.364164359996385e-34	Aque_Aqu2.1.29479-001;Slac_ENSLPGG00000021520	1.027025061779397e-11	0.008152652185200318	Aque_Aqu2.1.26998-001;Slac_ENSLPGG00000001139	3.197778486344573e-06	4.345251405310324e-05	Aque_Aqu2.1.26998-001;Slac_ENSLPGG00000001139	3.197778486344573e-06	4.69500827060743e-21	Aque_Aqu2.1.33475-001;Slac_ENSLPGG00000006423	2.5299023188211926e-53	3.266166105766691e-05	Aque_Aqu2.1.34861-001;Slac_ENSLPGG00000008706	1.5697310538016786e-20	1.0540487722277194e-51	Aque_Aqu2.1.41583-001;Slac_ENSLPGG00000003499	1.075194399407091e-28	1.2846578336082924e-09	Aque_Aqu2.1.44104-001;Slac_ENSLPGG00000013154	3.4947931478476343e-10	4.353396462846653e-26	Aque_Aqu2.1.40987-001;Slac_ENSLPGG00000023350	7.284598192951569e-37	0.0009776894267064676	Aque_Aqu2.1.27335-001;Slac_ENSLPGG00000012140	5.250698117229157e-60	1.0581014950202239e-19	Aque_Aqu2.1.21880-001;Slac_ENSLPGG00000008528	9.018987970662154e-62	2.909698664190913e-50	Aque_Aqu2.1.43482-001;Slac_ENSLPGG00000023417	7.648655415159219e-16	0.00040524561728669717	Aque_Aqu2.1.35204-001;Slac_ENSLPGG00000015673	3.1516145313605166e-17	2.7424276754677205e-11	Aque_Aqu2.1.38554-001;Slac_ENSLPGG00000005134	3.744897044029404e-35	3.881947193937805e-19	Aque_Aqu2.1.14505-001;Slac_ENSLPGG00000014205	4.1608280773534837e-17	1.7093352219014287e-21	Aque_Aqu2.1.44221-001;Slac_ENSLPGG00000012949	5.994069235373014e-92	4.158510428091382e-240	Aque_Aqu2.1.38554-001;Slac_ENSLPGG00000009625	3.744897044029404e-35	2.99246567559158e-33	Aque_Aqu2.1.28223-001;Slac_ENSLPGG00000018987	0.0001247782164728605	6.881427880502258e-55	Aque_Aqu2.1.41422-001;Slac_ENSLPGG00000007738	0.0007746211047385497	9.041819045951286e-06	Aque_Aqu2.1.21550-001;Slac_ENSLPGG00000005021	0.0003177388868589658	2.338781435318573e-22	Aque_Aqu2.1.25768-001;Slac_ENSLPGG00000012981	7.409015990743464e-05	2.652976974755874e-42	Aque_Aqu2.1.37439-001;Slac_ENSLPGG00000002427	5.453493506227869e-36	2.288774314929366e-11	Aque_Aqu2.1.23244-001;Slac_ENSLPGG00000012828	0.0006147344884710201	1.3014522406163245e-41
Aque_Aqu2.1.43341-001;Slac_ENSLPGG00000007608	5.594181239016693e-111	0.0	Aque_Aqu2.1.16620-001;Slac_ENSLPGG00000009756	3.397334660599216e-165	1.0854540543354014e-05	Aque_Aqu2.1.26225-001;Slac_ENSLPGG00000004270	1.4585812166144586e-112	2.1344156910871008e-46	Aque_Aqu2.1.44014-001;Slac_ENSLPGG00000009021	1.3224867554283511e-120	1.6662338787016048e-28	Aque_Aqu2.1.38191-001;Slac_ENSLPGG00000001288	5.740348681209968e-44	8.590086039879821e-17	Aque_Aqu2.1.43341-001;Slac_ENSLPGG00000007608	5.594181239016693e-111	1.661444532042942e-56	Aque_Aqu2.1.28647-001;Slac_ENSLPGG00000010538	1.7976193812861958e-143	1.811023523410798e-32	Aque_Aqu2.1.43423-001;Slac_ENSLPGG00000008236	7.445917862680743e-110	4.903858227287275e-09	Aque_Aqu2.1.37774-001;Slac_ENSLPGG00000007363	7.700554024937936e-21	7.4723889631911e-42	Aque_Aqu2.1.18688-001;Slac_ENSLPGG00000019766	1.5079384116635895e-120	1.780617239152403e-08	Aque_Aqu2.1.37774-001;Slac_ENSLPGG00000007363	7.700554024937936e-21	2.824389442390339e-51	Aque_Aqu2.1.33636-001;Slac_ENSLPGG00000022969	1.2164548748428428e-123	2.261931462507873e-81	Aque_Aqu2.1.40409-001;Slac_ENSLPGG00000002404	9.41931952184278e-85	0.0	Aque_Aqu2.1.43558-001;Slac_ENSLPGG00000005083	3.8910122545336895e-25	3.3662088198379713e-09	Aque_Aqu2.1.28816-001;Slac_ENSLPGG00000010719	1.0556612831787429e-115	5.271986322958044e-50	Aque_Aqu2.1.35782-001;Slac_ENSLPGG00000006246	5.664414630647032e-110	6.07847997568808e-119	Aque_Aqu2.1.41034-001;Slac_ENSLPGG00000016457	1.4237478019981393e-104	2.7937217810851597e-62							Aque_Aqu2.1.27258-001;Slac_ENSLPGG00000006993	6.527845708174037e-07	0.004692416435080903	Aque_Aqu2.1.31388-001;Slac_ENSLPGG00000009899	0.009403421798818682	2.1084427922628346e-60	Aque_Aqu2.1.17816-001;Slac_ENSLPGG00000021520	0.009367143325851741	1.1192892414117911e-44	Aque_Aqu2.1.43788-001;Slac_ENSLPGG00000014205	1.2849197808890718e-08	4.942981006752245e-12	Aque_Aqu2.1.23247-001;Slac_ENSLPGG00000013844	1.1200245995874174e-06	5.095808825073912e-72	Aque_Aqu2.1.39702-001;Slac_ENSLPGG00000029003	3.839636538726795e-05	2.649423082585998e-46	Aque_Aqu2.1.43984-001;Slac_ENSLPGG00000003719	2.526376342099982e-138	2.9232553204569993e-05	Aque_Aqu2.1.38750-001;Slac_ENSLPGG00000014037	4.160461261776937e-93	2.8937728943288984e-19	Aque_Aqu2.1.44140-001;Slac_ENSLPGG00000008750	3.48170003993214e-101	1.1333697489390906e-08	Aque_Aqu2.1.31386-001;Slac_ENSLPGG00000009899	1.9939436211890793e-10	4.306103161244151e-26	Aque_Aqu2.1.36223-001;Slac_ENSLPGG00000027819	1.4394008307679529e-11	6.475423253128483e-47	Aque_Aqu2.1.31388-001;Slac_ENSLPGG00000022008	0.009425638668166618	2.2847279941433917e-49	Aque_Aqu2.1.35499-001;Slac_ENSLPGG00000011327	1.2692762160706003e-88	0.002660359306382542	Aque_Aqu2.1.38146-001;Slac_ENSLPGG00000012949	6.387586082111135e-11	6.10254986351763e-57	Aque_Aqu2.1.23247-001;Slac_ENSLPGG00000014386	8.210853499627593e-119	4.868199972294929e-38	Aque_Aqu2.1.38390-001;Slac_ENSLPGG00000009625	3.283777108141531e-31	1.2756775077314428e-25	Aque_Aqu2.1.14505-001;Slac_ENSLPGG00000007322	4.1608280773534837e-17	1.9430152944582622e-16	Aque_Aqu2.1.28223-001;Slac_ENSLPGG00000007730	1.3844036382592803e-13	0.0	Aque_Aqu2.1.29497-001;Slac_ENSLPGG00000014782	6.077919633614359e-57	5.526486443458363e-95	Aque_Aqu2.1.14505-001;Slac_ENSLPGG00000007322	7.790561052606891e-22	0.00010156864810001513	Aque_Aqu2.1.25768-001;Slac_ENSLPGG00000012981	2.222481593243513e-07	1.9635955399465848e-264	Aque_Aqu2.1.25768-001;Slac_ENSLPGG00000012981	2.222481593243513e-07	9.203590270540581e-15	Aque_Aqu2.1.42605-001;Slac_ENSLPGG00000011766	5.921947850828125e-16	7.212834363234226e-15	Aque_Aqu2.1.40027-001;Slac_ENSLPGG00000027431	4.4481057176109506e-17	2.539440962973419e-07	Aque_Aqu2.1.42605-001;Slac_ENSLPGG00000003655	5.921947850828125e-16	1.142097966770867e-09
Aque_Aqu2.1.18867-001;Slac_ENSLPGG00000006262	2.2639624801972363e-67	4.185853560928421e-264	Aque_Aqu2.1.34247-001;Slac_ENSLPGG00000018181	5.995179413289e-67	2.6290781450963708e-140	Aque_Aqu2.1.38546-001;Slac_ENSLPGG00000004809	5.0069341824032954e-104	8.234011471491143e-55	Aque_Aqu2.1.36105-001;Slac_ENSLPGG00000022449	8.927728054109878e-36	3.9730325797462426e-21	Aque_Aqu2.1.31194-001;Slac_ENSLPGG00000008469	9.479286352586293e-109	1.466035622163472e-144	Aque_Aqu2.1.12657-001;Slac_ENSLPGG00000004375	2.9043498226616313e-98	6.904207914984486e-24	Aque_Aqu2.1.33636-001;Slac_ENSLPGG00000022969	1.2164548748428428e-123	1.048637981208165e-24	Aque_Aqu2.1.35077-001;Slac_ENSLPGG00000017593	1.9812419822161078e-144	1.83608045487401e-11	Aque_Aqu2.1.35077-001;Slac_ENSLPGG00000017593	1.9812419822161078e-144	1.9771365842294233e-126	Aque_Aqu2.1.34476-001;Slac_ENSLPGG00000009693	1.1365096649262665e-143	3.505512895346992e-10	Aque_Aqu2.1.12657-001;Slac_ENSLPGG00000004375	2.9043498226616313e-98	6.635377060633703e-125	Aque_Aqu2.1.31038-001;Slac_ENSLPGG00000018181	1.0272479399297856e-48	9.763934351042776e-46	Aque_Aqu2.1.34241-001;Slac_ENSLPGG00000020856	2.761214722739441e-121	1.0080776585813708e-179	Aque_Aqu2.1.18087-001;Slac_ENSLPGG00000024429	1.6382224011880443e-130	2.803712679242526e-25	Aque_Aqu2.1.33925-001;Slac_ENSLPGG00000001999	4.9886829343618893e-113	1.922156204727335e-93	Aque_Aqu2.1.27559-001;Slac_ENSLPGG00000010731	5.710407786706235e-63	2.5307846142510007e-156	Aque_Aqu2.1.41195-001;Slac_ENSLPGG00000011674	1.2364613934837511e-115	1.9302789358228942e-26							Aque_Aqu2.1.41302-001;Slac_ENSLPGG00000010615	0.005845948609636158	3.647667551224453e-09	Aque_Aqu2.1.26998-001;Slac_ENSLPGG00000001139	3.197778486344573e-06	1.4494333720685917e-24	Aque_Aqu2.1.34848-001;Slac_ENSLPGG00000007243	6.8715691931382365e-31	9.307846232261812e-15	Aque_Aqu2.1.39672-001;Slac_ENSLPGG00000002171	6.3157949007109966e-09	2.5730742542634384e-20	Aque_Aqu2.1.24987-001;Slac_ENSLPGG00000003239	1.6948309903525678e-12	3.124456223400405e-05	Aque_Aqu2.1.26998-001;Slac_ENSLPGG00000007158	3.197778486344573e-06	1.965018913530473e-21	Aque_Aqu2.1.41583-001;Slac_ENSLPGG00000022488	2.627667865706224e-26	8.88770356445492e-10	Aque_Aqu2.1.38752-001;Slac_ENSLPGG00000014037	1.5804020643111057e-187	2.8937728943288984e-19	Aque_Aqu2.1.25581-001;Slac_ENSLPGG00000018326	1.7059997107918852e-06	1.9484642569970714e-21	Aque_Aqu2.1.43267-001;Slac_ENSLPGG00000022080	8.90115453538391e-10	3.545993743594123e-18	Aque_Aqu2.1.19904-001;Slac_ENSLPGG00000028142	1.9374426998455252e-46	3.7139133484272695e-30	Aque_Aqu2.1.43984-001;Slac_ENSLPGG00000002394	5.614857868454323e-142	1.8622701653685263e-59	Aque_Aqu2.1.34861-001;Slac_ENSLPGG00000008706	1.5697310538016786e-20	2.4202247370573097e-37	Aque_Aqu2.1.43989-001;Slac_ENSLPGG00000002394	4.110904363096128e-06	6.648735159614982e-26	Aque_Aqu2.1.23245-001;Slac_ENSLPGG00000014386	2.527911622459719e-106	4.868199972294929e-38	Aque_Aqu2.1.35074-001;Slac_ENSLPGG00000018326	0.0006134988572632546	1.1462170793757774e-39	Aque_Aqu2.1.41012-001;Slac_ENSLPGG00000012949	0.00027018571509218245	1.0083071826795984e-138	Aque_Aqu2.1.38554-001;Slac_ENSLPGG00000009625	3.744897044029404e-35	9.452983638178345e-18	Aque_Aqu2.1.44221-001;Slac_ENSLPGG00000018391	5.994069235373014e-92	1.2564638542575937e-72	Aque_Aqu2.1.43551-001;Slac_ENSLPGG00000018987	1.766587923083886e-08	6.881427880502258e-55	Aque_Aqu2.1.28952-001;Slac_ENSLPGG00000024614	7.078416680710013e-05	4.742230715718918e-05	Aque_Aqu2.1.35189-001;Slac_ENSLPGG00000020421	0.0004250607301708206	0.0052857774457423954	Aque_Aqu2.1.34463-001;Slac_ENSLPGG00000008393	0.00019160000733463742	0.00509214474479106	Aque_Aqu2.1.18351-001;Slac_ENSLPGG00000019104	1.6594169365407653e-06	2.741839065414575e-07	Aque_Aqu2.1.26684-001;Slac_ENSLPGG00000017185	6.051809222387884e-11	2.673649000513295e-83
Aque_Aqu2.1.18692-001;Slac_ENSLPGG00000021862	1.8143969612667923e-88	0.0	Aque_Aqu2.1.26684-001;Slac_ENSLPGG00000017185	5.16651150424784e-114	2.154470322241375e-44	Aque_Aqu2.1.29050-001;Slac_ENSLPGG00000007086	2.867105090061806e-114	2.8258738885421806e-21	Aque_Aqu2.1.26225-001;Slac_ENSLPGG00000004270	1.4585812166144586e-112	4.9624809805194025e-139	Aque_Aqu2.1.40908-001;Slac_ENSLPGG00000015371	4.597924904219899e-109	7.423663261374533e-85	Aque_Aqu2.1.15787-001;Slac_ENSLPGG00000026812	7.592400004336438e-49	2.1899210806594812e-58	Aque_Aqu2.1.41064-001;Slac_ENSLPGG00000022135	3.157095835580321e-40	0.00034068368599478706	Aque_Aqu2.1.42087-001;Slac_ENSLPGG00000022449	4.453201835818651e-25	5.125565025972906e-05	Aque_Aqu2.1.35105-001;Slac_ENSLPGG00000024580	1.949543091572683e-45	1.335015754250869e-19	Aque_Aqu2.1.34241-001;Slac_ENSLPGG00000020856	7.816229863606503e-118	0.0008881465105794259	Aque_Aqu2.1.41635-001;Slac_ENSLPGG00000019527	1.35534995308407e-94	1.3092089829278838e-171	Aque_Aqu2.1.19270-001;Slac_ENSLPGG00000014669	3.5649902187242884e-79	8.202656842058226e-40	Aque_Aqu2.1.41621-001;Slac_ENSLPGG00000018880	4.619452252412821e-84	0.0	Aque_Aqu2.1.44167-001;Slac_ENSLPGG00000002326	6.614961432548569e-98	6.020533032838831e-76	Aque_Aqu2.1.44014-001;Slac_ENSLPGG00000009021	8.221474480463226e-100	1.6662338787016048e-28	Aque_Aqu2.1.18813-001;Slac_ENSLPGG00000028380	1.3448663550898067e-72	6.536389750916492e-246	Aque_Aqu2.1.40739-001;Slac_ENSLPGG00000007249	3.550023227598492e-108	1.5281070454337874e-84							Aque_Aqu2.1.24884-001;Slac_ENSLPGG00000016023	7.205368200732605e-07	6.897468864870669e-18	Aque_Aqu2.1.26998-001;Slac_ENSLPGG00000007158	3.197778486344573e-06	1.2305328596950784e-25	Aque_Aqu2.1.39971-001;Slac_ENSLPGG00000028409	1.5619990284916786e-14	0.003563549882243991	Aque_Aqu2.1.35513-001;Slac_ENSLPGG00000013069	8.033421574211273e-25	1.1207523709477493e-09	Aque_Aqu2.1.43788-001;Slac_ENSLPGG00000012981	1.2849197808890718e-08	0.00011499550597623149	Aque_Aqu2.1.39702-001;Slac_ENSLPGG00000018940	3.839636538726795e-05	3.6983533425688367e-10	Aque_Aqu2.1.37895-001;Slac_ENSLPGG00000021272	1.8087908043811806e-10	2.037304605834763e-05	Aque_Aqu2.1.21171-001;Slac_ENSLPGG00000013199	4.745138392024275e-06	1.3078299525040289e-39	Aque_Aqu2.1.28493-001;Slac_ENSLPGG00000009116	4.321453769502233e-21	1.2402889402997416e-10	Aque_Aqu2.1.28492-001;Slac_ENSLPGG00000009453	1.2990573900827222e-105	1.4756910295882177e-48	Aque_Aqu2.1.24504-001;Slac_ENSLPGG00000019760	0.0026964079901808688	3.374568554814508e-30	Aque_Aqu2.1.38750-001;Slac_ENSLPGG00000013069	4.160461261776937e-93	0.0016809129201524017	Aque_Aqu2.1.31385-001;Slac_ENSLPGG00000009899	5.85436007345541e-05	3.9284303996595296e-27	Aque_Aqu2.1.43987-001;Slac_ENSLPGG00000002394	3.283156008267793e-06	6.648735159614982e-26	Aque_Aqu2.1.29098-001;Slac_ENSLPGG00000026079	0.0022163606697167436	9.031003272821954e-99	Aque_Aqu2.1.38554-001;Slac_ENSLPGG00000014697	3.744897044029404e-35	2.659720310412049e-10	Aque_Aqu2.1.43989-001;Slac_ENSLPGG00000002394	4.110904363096128e-06	3.132385281564667e-40	Aque_Aqu2.1.28223-001;Slac_ENSLPGG00000018987	1.3844036382592803e-13	4.5516359055595116e-128	Aque_Aqu2.1.23239-001;Slac_ENSLPGG00000009625	7.943361772072874e-20	2.99246567559158e-33	Aque_Aqu2.1.28223-001;Slac_ENSLPGG00000007730	0.0001247782164728605	1.8063698951164836e-133	Aque_Aqu2.1.41085-001;Slac_ENSLPGG00000023552	0.0003513925289715841	8.136803868419678e-05	Aque_Aqu2.1.28941-001;Slac_ENSLPGG00000013461	0.008780498939991783	5.8133778789463145e-18	Aque_Aqu2.1.33503-001;Slac_ENSLPGG00000028142	1.518359608748127e-13	7.368026835973023e-12	Aque_Aqu2.1.33627-001;Slac_ENSLPGG00000026185	4.7454789617622887e-07	0.0007252828126487708	Aque_Aqu2.1.25862-001;Slac_ENSLPGG00000018181	4.0652050723562054e-20	6.482662311645071e-24
Aque_Aqu2.1.40908-001;Slac_ENSLPGG00000015371	4.597924904219899e-109	7.913891238507608e-305	Aque_Aqu2.1.43423-001;Slac_ENSLPGG00000008236	7.445917862680743e-110	1.6153748683568355e-62	Aque_Aqu2.1.34449-001;Slac_ENSLPGG00000011929	1.3827931758702237e-110	0.00014462316458861975	Aque_Aqu2.1.38546-001;Slac_ENSLPGG00000004809	5.0069341824032954e-104	1.296616134110668e-125	Aque_Aqu2.1.27559-001;Slac_ENSLPGG00000010731	3.744327577318277e-75	1.8304598264798183e-93	Aque_Aqu2.1.33925-001;Slac_ENSLPGG00000001999	4.33182089821621e-115	3.7571986515459274e-45	Aque_Aqu2.1.12657-001;Slac_ENSLPGG00000004375	2.9043498226616313e-98	4.5486884698184265e-18	Aque_Aqu2.1.44167-001;Slac_ENSLPGG00000002326	2.4503567949267662e-116	8.584321986887354e-11	Aque_Aqu2.1.26225-001;Slac_ENSLPGG00000004270	1.4585812166144586e-112	1.5464179329081114e-200	Aque_Aqu2.1.04943-001;Slac_ENSLPGG00000000928	1.7992188705826774e-46	1.70744645931862e-07	Aque_Aqu2.1.41034-001;Slac_ENSLPGG00000016457	4.797725684898183e-118	1.6521162740116638e-108	Aque_Aqu2.1.33740-001;Slac_ENSLPGG00000011571	1.0543340401031923e-102	5.292423302095355e-37	Aque_Aqu2.1.18867-001;Slac_ENSLPGG00000006262	3.0539554246538726e-57	4.185853560928421e-264	Aque_Aqu2.1.35105-001;Slac_ENSLPGG00000024580	7.400531252232115e-28	1.1856299456168317e-17	Aque_Aqu2.1.42490-001;Slac_ENSLPGG00000011256	1.94471897413777e-79	4.8200276637715665e-86	Aque_Aqu2.1.32963-001;Slac_ENSLPGG00000006527	2.9162340212875285e-55	7.039833413978473e-42	Aque_Aqu2.1.28816-001;Slac_ENSLPGG00000010719	1.0556612831787429e-115	4.1267598707302496e-42							Aque_Aqu2.1.34140-001;Slac_ENSLPGG00000007158	4.6774205649318494e-05	1.9476252809664506e-06	Aque_Aqu2.1.37137-001;Slac_ENSLPGG00000016891	1.643277675461539e-16	2.9258653159556866e-05	Aque_Aqu2.1.29479-001;Slac_ENSLPGG00000007158	1.027025061779397e-11	2.0838815629998246e-20	Aque_Aqu2.1.28492-001;Slac_ENSLPGG00000009453	4.609852878565774e-24	7.139115142722667e-47	Aque_Aqu2.1.24276-001;Slac_ENSLPGG00000022619	2.4507403536374703e-05	2.437952895121367e-10	Aque_Aqu2.1.31388-001;Slac_ENSLPGG00000022008	0.009403421798818682	1.2662397728282719e-93	Aque_Aqu2.1.23244-001;Slac_ENSLPGG00000014386	5.2814784068730136e-39	1.1292813631157257e-56	Aque_Aqu2.1.44140-001;Slac_ENSLPGG00000009453	3.48170003993214e-101	6.590504302001542e-85	Aque_Aqu2.1.44197-001;Slac_ENSLPGG00000001139	1.6113923010411783e-24	2.1318647841890573e-07	Aque_Aqu2.1.43551-001;Slac_ENSLPGG00000018987	1.0046936470645059e-10	2.6386254863590804e-208	Aque_Aqu2.1.33612-001;Slac_ENSLPGG00000021272	2.364364427309774e-10	2.037304605834763e-05	Aque_Aqu2.1.28492-001;Slac_ENSLPGG00000009453	1.2990573900827222e-105	1.297346950394959e-07	Aque_Aqu2.1.33448-001;Slac_ENSLPGG00000011166	5.333308141039486e-54	5.04182772083394e-32	Aque_Aqu2.1.28223-001;Slac_ENSLPGG00000007525	1.3844036382592803e-13	1.7238257941089945e-05	Aque_Aqu2.1.14505-001;Slac_ENSLPGG00000028392	4.1608280773534837e-17	2.5589657231536292e-05	Aque_Aqu2.1.44221-001;Slac_ENSLPGG00000012949	5.994069235373014e-92	9.33088039317304e-176	Aque_Aqu2.1.38390-001;Slac_ENSLPGG00000009380	3.283777108141531e-31	0.00031224632296336636	Aque_Aqu2.1.43995-001;Slac_ENSLPGG00000002394	1.2817282397478916e-13	1.8622701653685263e-59	Aque_Aqu2.1.36580-001;Slac_ENSLPGG00000006910	0.00012213328003275967	2.4164234743387998e-23	Aque_Aqu2.1.43555-001;Slac_ENSLPGG00000007730	2.563169332963984e-08	1.8063698951164836e-133	Aque_Aqu2.1.40905-001;Slac_ENSLPGG00000015198	3.920453627010159e-23	4.591205690629712e-20	Aque_Aqu2.1.41071-001;Slac_ENSLPGG00000024858	2.2400208669496252e-18	3.468470917121183e-25	Aque_Aqu2.1.28489-001;Slac_ENSLPGG00000009116	9.545208622355646e-11	4.908997497131247e-21	Aque_Aqu2.1.20539-001;Slac_ENSLPGG00000010310	0.0026536525850424835	2.3954450010440036e-45	Aque_Aqu2.1.39820-001;Slac_ENSLPGG00000006723	2.202522684060231e-06	0.0005815511412841045
Aque_Aqu2.1.31194-001;Slac_ENSLPGG00000008469	9.479286352586293e-109	0.0	Aque_Aqu2.1.35141-001;Slac_ENSLPGG00000023162	6.369627006647753e-61	4.8549444338067336e-08	Aque_Aqu2.1.38191-001;Slac_ENSLPGG00000001288	5.740348681209968e-44	8.983365384117209e-05	Aque_Aqu2.1.41195-001;Slac_ENSLPGG00000011674	1.6646534696328347e-107	3.615983368723635e-43	Aque_Aqu2.1.41943-001;Slac_ENSLPGG00000030160	1.0016906815678531e-30	4.829352076372421e-05	Aque_Aqu2.1.18692-001;Slac_ENSLPGG00000021862	1.8143969612667923e-88	1.9449782482902835e-41	Aque_Aqu2.1.34241-001;Slac_ENSLPGG00000020856	7.816229863606503e-118	1.2696207197603271e-16	Aque_Aqu2.1.18087-001;Slac_ENSLPGG00000024429	5.622543966129217e-113	3.283458124178726e-06	Aque_Aqu2.1.16620-001;Slac_ENSLPGG00000022242	3.397334660599216e-165	0.005393070509171903	Aque_Aqu2.1.42087-001;Slac_ENSLPGG00000022449	4.453201835818651e-25	3.485847307642193e-05	Aque_Aqu2.1.34241-001;Slac_ENSLPGG00000020856	7.816229863606503e-118	3.5850655606520314e-110	Aque_Aqu2.1.32963-001;Slac_ENSLPGG00000006527	4.7320394813194234e-185	9.499673204054942e-05	Aque_Aqu2.1.21796-001;Slac_ENSLPGG00000020424	3.728084031454857e-82	0.0	Aque_Aqu2.1.35077-001;Slac_ENSLPGG00000017593	1.7045642842567605e-116	3.446563631750472e-71	Aque_Aqu2.1.33636-001;Slac_ENSLPGG00000022969	1.0316424122760916e-111	2.1531858504716996e-53	Aque_Aqu2.1.19270-001;Slac_ENSLPGG00000014669	7.529568096550412e-91	4.906275970111657e-27	Aque_Aqu2.1.09762-001;Slac_ENSLPGG00000011626	1.0715619696689452e-80	2.868640041180972e-124							Aque_Aqu2.1.42065-001;Slac_ENSLPGG00000022563	0.00041891210912570014	0.0013134316291091932	Aque_Aqu2.1.29479-001;Slac_ENSLPGG00000019065	1.027025061779397e-11	3.1496785989591547e-07	Aque_Aqu2.1.43788-001;Slac_ENSLPGG00000023276	1.2849197808890718e-08	1.4295563297452558e-07	Aque_Aqu2.1.29479-001;Slac_ENSLPGG00000019065	1.027025061779397e-11	0.004592237966067324	Aque_Aqu2.1.39702-001;Slac_ENSLPGG00000014910	3.839636538726795e-05	0.0006058682048308202	Aque_Aqu2.1.37137-001;Slac_ENSLPGG00000002171	1.643277675461539e-16	8.519815430634142e-07	Aque_Aqu2.1.27832-001;Slac_ENSLPGG00000004127	5.939276265577746e-23	9.129600555384957e-07	Aque_Aqu2.1.35499-001;Slac_ENSLPGG00000011327	1.2692762160706003e-88	0.0016877695055628826	Aque_Aqu2.1.28489-001;Slac_ENSLPGG00000008750	4.787491920802856e-09	1.1333697489390906e-08	Aque_Aqu2.1.35499-001;Slac_ENSLPGG00000011327	1.2692762160706003e-88	0.004116007346990355	Aque_Aqu2.1.39731-001;Slac_ENSLPGG00000009412	6.386168967415702e-17	9.536674912769787e-17	Aque_Aqu2.1.31385-001;Slac_ENSLPGG00000021402	5.85436007345541e-05	2.2504082942667657e-43	Aque_Aqu2.1.44140-001;Slac_ENSLPGG00000009453	3.48170003993214e-101	2.999904205182712e-54	Aque_Aqu2.1.36574-001;Slac_ENSLPGG00000012140	0.0004940940652812278	5.167083695634183e-15	Aque_Aqu2.1.24531-001;Slac_ENSLPGG00000008546	9.274785087847298e-45	3.532240154203323e-05	Aque_Aqu2.1.38390-001;Slac_ENSLPGG00000005134	3.283777108141531e-31	3.881947193937805e-19	Aque_Aqu2.1.23692-001;Slac_ENSLPGG00000000921	1.2841772084763492e-19	8.554351911362749e-10	Aque_Aqu2.1.21015-001;Slac_ENSLPGG00000026540	4.488784099627258e-96	1.061749963372983e-30	Aque_Aqu2.1.39671-001;Slac_ENSLPGG00000012011	5.6277730716785066e-24	1.1461434224617746e-27	Aque_Aqu2.1.43551-001;Slac_ENSLPGG00000007730	1.766587923083886e-08	1.8063698951164836e-133	Aque_Aqu2.1.38447-001;Slac_ENSLPGG00000014858	2.961210012609584e-09	3.276112184488392e-06	Aque_Aqu2.1.25926-001;Slac_ENSLPGG00000006437	1.3908453543414288e-08	2.342261288809258e-25	Aque_Aqu2.1.26684-001;Slac_ENSLPGG00000017185	6.051809222387884e-11	7.044611812868934e-27	Aque_Aqu2.1.40905-001;Slac_ENSLPGG00000014308	1.5343978603673963e-12	0.0	Aque_Aqu2.1.34242-001;Slac_ENSLPGG00000003042	2.6636952879978064e-11	1.4371838700424726e-10
Aque_Aqu2.1.41621-001;Slac_ENSLPGG00000018880	1.7335877317951547e-90	0.0	Aque_Aqu2.1.42087-001;Slac_ENSLPGG00000022449	4.453201835818651e-25	4.232134737239487e-36	Aque_Aqu2.1.33574-001;Slac_ENSLPGG00000021720	1.1841602777534483e-14	4.5028498995664216e-05	Aque_Aqu2.1.37762-001;Slac_ENSLPGG00000010260	1.6015037883301053e-113	1.1873404838970361e-116	Aque_Aqu2.1.41621-001;Slac_ENSLPGG00000018880	1.7335877317951547e-90	1.8184116041747724e-107	Aque_Aqu2.1.34241-001;Slac_ENSLPGG00000020856	7.816229863606503e-118	2.750627435375839e-20	Aque_Aqu2.1.37079-001;Slac_ENSLPGG00000011571	6.987535709667499e-114	2.734806285110815e-16	Aque_Aqu2.1.33740-001;Slac_ENSLPGG00000011571	1.0543340401031923e-102	0.004530709838939829	Aque_Aqu2.1.31388-001;Slac_ENSLPGG00000002802	0.0006755546556821743	0.0	Aque_Aqu2.1.37747-001;Slac_ENSLPGG00000010195	1.520304058493942e-143	2.5797407892562313e-17	Aque_Aqu2.1.28647-001;Slac_ENSLPGG00000010538	1.7976193812861958e-143	2.8811922956953454e-175	Aque_Aqu2.1.40739-001;Slac_ENSLPGG00000007249	1.6754096759265384e-122	1.5281070454337874e-84	Aque_Aqu2.1.43341-001;Slac_ENSLPGG00000007608	1.0437843238720978e-84	0.0	Aque_Aqu2.1.16620-001;Slac_ENSLPGG00000005401	5.117152723494208e-38	4.653768747135923e-110	Aque_Aqu2.1.40409-001;Slac_ENSLPGG00000002404	9.41931952184278e-85	8.14725354546954e-86	Aque_Aqu2.1.28647-001;Slac_ENSLPGG00000010538	3.1058330152536367e-108	2.8811922956953454e-175	Aque_Aqu2.1.28647-001;Slac_ENSLPGG00000010538	3.1058330152536367e-108	3.2439041792665873e-119							Aque_Aqu2.1.36779-001;Slac_ENSLPGG00000020178	0.0009266633592362874	0.008497928600987774	Aque_Aqu2.1.28942-001;Slac_ENSLPGG00000014432	1.2138942124859158e-06	2.763045349494756e-39	Aque_Aqu2.1.26998-001;Slac_ENSLPGG00000006271	3.197778486344573e-06	6.725810871771657e-11	Aque_Aqu2.1.39702-001;Slac_ENSLPGG00000014910	3.839636538726795e-05	2.0951287057256017e-05	Aque_Aqu2.1.41648-001;Slac_ENSLPGG00000020706	5.441393651598379e-13	0.00019249484478877987	Aque_Aqu2.1.29479-001;Slac_ENSLPGG00000006271	1.027025061779397e-11	9.73403041830119e-05	Aque_Aqu2.1.34861-001;Slac_ENSLPGG00000010067	2.7190211828773683e-12	2.4406389139278163e-21	Aque_Aqu2.1.38750-001;Slac_ENSLPGG00000013069	4.160461261776937e-93	4.510390699375658e-16	Aque_Aqu2.1.44197-001;Slac_ENSLPGG00000007158	1.6113923010411783e-24	5.42418213709586e-07	Aque_Aqu2.1.24511-001;Slac_ENSLPGG00000009456	4.874707324206489e-25	5.660643526030502e-31	Aque_Aqu2.1.44197-001;Slac_ENSLPGG00000007158	1.6113923010411783e-24	1.114345831165579e-74	Aque_Aqu2.1.21880-001;Slac_ENSLPGG00000008528	9.018987970662154e-62	4.125400720866949e-12	Aque_Aqu2.1.31795-001;Slac_ENSLPGG00000018092	7.165157668701059e-28	1.5745426991191166e-09	Aque_Aqu2.1.40997-001;Slac_ENSLPGG00000019726	3.831716522362373e-96	3.856878434194793e-11	Aque_Aqu2.1.40997-001;Slac_ENSLPGG00000019726	3.831716522362373e-96	0.0	Aque_Aqu2.1.38554-001;Slac_ENSLPGG00000009380	3.744897044029404e-35	2.292414534820821e-11	Aque_Aqu2.1.21015-001;Slac_ENSLPGG00000026540	4.488784099627258e-96	2.4090504664578833e-10	Aque_Aqu2.1.44221-001;Slac_ENSLPGG00000018391	5.994069235373014e-92	1.083666763670672e-22	Aque_Aqu2.1.44221-001;Slac_ENSLPGG00000012949	5.994069235373014e-92	0.0	Aque_Aqu2.1.31945-001;Slac_ENSLPGG00000003516	7.796168705280974e-16	0.00015957648162936189	Aque_Aqu2.1.41036-001;Slac_ENSLPGG00000009033	2.3789109976164377e-05	5.114636344699137e-166	Aque_Aqu2.1.38331-001;Slac_ENSLPGG00000025841	0.004869031541960284	1.24557151713994e-07	Aque_Aqu2.1.33443-001;Slac_ENSLPGG00000007525	9.126383142398043e-07	9.445652553469198e-05	Aque_Aqu2.1.40905-001;Slac_ENSLPGG00000009166	1.5343978603673963e-12	6.764553656032244e-94	Aque_Aqu2.1.43251-001;Slac_ENSLPGG00000027461	5.240589430148753e-07	5.698905676741827e-05
Aque_Aqu2.1.04943-001;Slac_ENSLPGG00000000928	1.7992188705826774e-46	3.2634904038385812e-285	Aque_Aqu2.1.37774-001;Slac_ENSLPGG00000005401	7.700554024937936e-21	4.653768747135923e-110	Aque_Aqu2.1.38354-001;Slac_ENSLPGG00000028953	1.1143806868995651e-101	3.747989283067578e-31	Aque_Aqu2.1.33636-001;Slac_ENSLPGG00000022969	1.2164548748428428e-123	2.1531858504716996e-53	Aque_Aqu2.1.43837-001;Slac_ENSLPGG00000030026	1.1210704729117143e-102	1.6907957861544858e-110	Aque_Aqu2.1.37079-001;Slac_ENSLPGG00000011571	6.987535709667499e-114	1.1821517958832654e-28	Aque_Aqu2.1.27559-001;Slac_ENSLPGG00000010731	3.744327577318277e-75	8.84840161911228e-28	Aque_Aqu2.1.26225-001;Slac_ENSLPGG00000004270	1.4585812166144586e-112	3.0503745843790938e-15	Aque_Aqu2.1.43423-001;Slac_ENSLPGG00000008236	7.445917862680743e-110	2.595622957402849e-73	Aque_Aqu2.1.28816-001;Slac_ENSLPGG00000010719	1.0840523851845123e-95	1.094010346279979e-06	Aque_Aqu2.1.33574-001;Slac_ENSLPGG00000021720	1.1841602777534483e-14	8.079246503787768e-29	Aque_Aqu2.1.18692-001;Slac_ENSLPGG00000021862	1.8143969612667923e-88	1.589418180725739e-99	Aque_Aqu2.1.40908-001;Slac_ENSLPGG00000015371	2.5432621050748296e-88	7.913891238507608e-305	Aque_Aqu2.1.44014-001;Slac_ENSLPGG00000009021	8.221474480463226e-100	1.3290212788632013e-17	Aque_Aqu2.1.18692-001;Slac_ENSLPGG00000021862	1.7270552829087441e-116	1.0530589782561112e-39	Aque_Aqu2.1.37079-001;Slac_ENSLPGG00000011571	1.2666589382809771e-121	4.118572692355889e-69	Aque_Aqu2.1.41031-001;Slac_ENSLPGG00000009534	2.3093169778093483e-162	8.996463879855903e-05							Aque_Aqu2.1.34140-001;Slac_ENSLPGG00000001139	4.6774205649318494e-05	0.0002561637582855778	Aque_Aqu2.1.22812-001;Slac_ENSLPGG00000020504	1.4294337113458468e-05	5.048442826344658e-07	Aque_Aqu2.1.21047-001;Slac_ENSLPGG00000021744	2.0042391223224744e-08	4.4506224902488675e-12	Aque_Aqu2.1.31388-001;Slac_ENSLPGG00000009899	0.009403421798818682	1.1160580558002628e-12	Aque_Aqu2.1.31388-001;Slac_ENSLPGG00000021402	0.009403421798818682	2.2504082942667657e-43	Aque_Aqu2.1.21205-001;Slac_ENSLPGG00000017522	0.002107528433600299	1.2463812902526559e-09	Aque_Aqu2.1.42183-001;Slac_ENSLPGG00000010520	6.985331522353285e-12	1.3012214805479853e-10	Aque_Aqu2.1.38752-001;Slac_ENSLPGG00000013069	1.5804020643111057e-187	4.510390699375658e-16	Aque_Aqu2.1.44140-001;Slac_ENSLPGG00000009116	3.48170003993214e-101	1.2402889402997416e-10	Aque_Aqu2.1.31385-001;Slac_ENSLPGG00000009899	5.85436007345541e-05	4.306103161244151e-26	Aque_Aqu2.1.37895-001;Slac_ENSLPGG00000021272	1.3041098546376117e-11	2.037304605834763e-05	Aque_Aqu2.1.44676-001;Slac_ENSLPGG00000007730	0.0015947909906532027	0.0	Aque_Aqu2.1.31388-001;Slac_ENSLPGG00000009899	0.009425638668166618	3.9284303996595296e-27	Aque_Aqu2.1.41892-001;Slac_ENSLPGG00000007525	5.2142493076430264e-14	1.7238257941089945e-05	Aque_Aqu2.1.37082-001;Slac_ENSLPGG00000028392	1.421056760183191e-45	2.5589657231536292e-05	Aque_Aqu2.1.23239-001;Slac_ENSLPGG00000009625	7.943361772072874e-20	1.2756775077314428e-25	Aque_Aqu2.1.38554-001;Slac_ENSLPGG00000009380	3.744897044029404e-35	0.00031224632296336636	Aque_Aqu2.1.38146-001;Slac_ENSLPGG00000012949	6.387586082111135e-11	4.158510428091382e-240	Aque_Aqu2.1.24982-001;Slac_ENSLPGG00000009509	6.201017404049446e-34	1.8531032221044874e-23	Aque_Aqu2.1.02261-001;Slac_ENSLPGG00000012896	7.728628285513479e-25	0.0009758108667928262	Aque_Aqu2.1.38796-001;Slac_ENSLPGG00000012082	0.0059344289841183505	5.6697860616992456e-14	Aque_Aqu2.1.41622-001;Slac_ENSLPGG00000008927	9.37433589323078e-05	1.8993806004951186e-21	Aque_Aqu2.1.28570-001;Slac_ENSLPGG00000017185	0.00023281500164788895	7.044611812868934e-27	Aque_Aqu2.1.42125-001;Slac_ENSLPGG00000018604	1.2548349976297225e-21	0.00016056106678023104	Aque_Aqu2.1.28570-001;Slac_ENSLPGG00000017185	0.00023281500164788895	2.673649000513295e-83
Aque_Aqu2.1.37079-001;Slac_ENSLPGG00000011571	6.987535709667499e-114	1.152196916578078e-230	Aque_Aqu2.1.35105-001;Slac_ENSLPGG00000024580	1.949543091572683e-45	1.1856299456168317e-17	Aque_Aqu2.1.35105-001;Slac_ENSLPGG00000024580	1.949543091572683e-45	0.0002480151011075753	Aque_Aqu2.1.19270-001;Slac_ENSLPGG00000014669	3.5649902187242884e-79	7.894331968489789e-23	Aque_Aqu2.1.18283-001;Slac_ENSLPGG00000026466	8.281858889981098e-97	1.4626295981692032e-101	Aque_Aqu2.1.36280-001;Slac_ENSLPGG00000026756	3.288773730928107e-103	2.572644780849069e-50	Aque_Aqu2.1.19270-001;Slac_ENSLPGG00000014669	3.5649902187242884e-79	8.127370557245854e-09	Aque_Aqu2.1.29050-001;Slac_ENSLPGG00000007086	2.867105090061806e-114	1.1093790966217361e-08	Aque_Aqu2.1.40665-001;Slac_ENSLPGG00000005591	8.115709961538107e-35	1.3805247588260119e-12	Aque_Aqu2.1.18867-001;Slac_ENSLPGG00000006262	2.2639624801972363e-67	4.421965250874638e-06	Aque_Aqu2.1.27559-001;Slac_ENSLPGG00000010731	3.744327577318277e-75	2.5307846142510007e-156	Aque_Aqu2.1.15787-001;Slac_ENSLPGG00000026812	7.592400004336438e-49	1.2995018716637574e-142	Aque_Aqu2.1.42490-001;Slac_ENSLPGG00000011256	1.94471897413777e-79	8.73622077107101e-237	Aque_Aqu2.1.27809-001;Slac_ENSLPGG00000018450	6.246141978843956e-56	4.840708147555924e-22	Aque_Aqu2.1.26684-001;Slac_ENSLPGG00000017185	3.0985943890265298e-164	0.003646635186372826	Aque_Aqu2.1.40739-001;Slac_ENSLPGG00000007249	3.550023227598492e-108	2.4016299289178353e-108	Aque_Aqu2.1.15787-001;Slac_ENSLPGG00000026812	8.792525776505922e-39	1.2995018716637574e-142							Aque_Aqu2.1.38146-001;Slac_ENSLPGG00000018774	0.001071762000244394	0.007970824387419017	Aque_Aqu2.1.21205-001;Slac_ENSLPGG00000017522	0.002107528433600299	7.529075582906891e-11	Aque_Aqu2.1.41931-001;Slac_ENSLPGG00000029146	0.0031080568414908753	1.5191170790595681e-05	Aque_Aqu2.1.34848-001;Slac_ENSLPGG00000007243	6.8715691931382365e-31	0.0017907041186009465	Aque_Aqu2.1.43984-001;Slac_ENSLPGG00000002394	1.1016186836212721e-24	1.8622701653685263e-59	Aque_Aqu2.1.29479-001;Slac_ENSLPGG00000019065	1.027025061779397e-11	4.280743164546749e-06	Aque_Aqu2.1.31581-001;Slac_ENSLPGG00000007495	3.0135947487236637e-27	0.006460960068050315	Aque_Aqu2.1.34848-001;Slac_ENSLPGG00000007243	1.661784128891757e-14	2.635089124210055e-31	Aque_Aqu2.1.33612-001;Slac_ENSLPGG00000002171	2.364364427309774e-10	1.992864717506652e-06	Aque_Aqu2.1.35513-001;Slac_ENSLPGG00000013069	1.9223474439878673e-49	2.228833167443332e-21	Aque_Aqu2.1.42183-001;Slac_ENSLPGG00000010520	3.3931647854373665e-10	1.3012214805479853e-10	Aque_Aqu2.1.34861-001;Slac_ENSLPGG00000008706	1.5697310538016786e-20	4.81682927078215e-13	Aque_Aqu2.1.35119-001;Slac_ENSLPGG00000015631	1.8070548054903732e-84	1.9985066974402838e-16	Aque_Aqu2.1.21174-001;Slac_ENSLPGG00000012140	0.00021564884897657527	5.167083695634183e-15	Aque_Aqu2.1.28495-001;Slac_ENSLPGG00000008750	4.458325986516477e-24	3.2875899999834076e-37	Aque_Aqu2.1.28489-001;Slac_ENSLPGG00000008750	1.2639077541595553e-28	8.530991638627806e-36	Aque_Aqu2.1.14505-001;Slac_ENSLPGG00000012981	4.1608280773534837e-17	8.895392279584421e-40	Aque_Aqu2.1.38390-001;Slac_ENSLPGG00000005134	3.283777108141531e-31	8.764793364384847e-09	Aque_Aqu2.1.28223-001;Slac_ENSLPGG00000007730	1.3844036382592803e-13	0.0	Aque_Aqu2.1.40738-001;Slac_ENSLPGG00000014205	2.1345051172444716e-09	2.581633367821644e-13	Aque_Aqu2.1.39106-001;Slac_ENSLPGG00000007434	0.0028514414112835234	0.0010576517044978476	Aque_Aqu2.1.24985-001;Slac_ENSLPGG00000008927	7.12347800492466e-10	1.8993806004951186e-21	Aque_Aqu2.1.25862-001;Slac_ENSLPGG00000018181	4.0652050723562054e-20	2.3223936383207325e-11	Aque_Aqu2.1.43963-001;Slac_ENSLPGG00000027633	1.5716607462282255e-08	3.094121459568453e-17	Aque_Aqu2.1.25768-001;Slac_ENSLPGG00000012981	7.409015990743464e-05	9.203590270540581e-15
Aque_Aqu2.1.40808-001;Slac_ENSLPGG00000011745	9.744230663720027e-132	2.1259401974773072e-07	Aque_Aqu2.1.26386-001;Slac_ENSLPGG00000010983	1.5137191822064672e-111	5.577151150106159e-13	Aque_Aqu2.1.44014-001;Slac_ENSLPGG00000009021	1.3224867554283511e-120	5.980114452436884e-05	Aque_Aqu2.1.41260-001;Slac_ENSLPGG00000008330	1.638108573287336e-99	1.5063108505288581e-25	Aque_Aqu2.1.41034-001;Slac_ENSLPGG00000016457	4.797725684898183e-118	7.80399596260615e-54	Aque_Aqu2.1.40409-001;Slac_ENSLPGG00000002404	2.5626223762526347e-95	1.9367592347391241e-44	Aque_Aqu2.1.37095-001;Slac_ENSLPGG00000011766	1.7138617390298075e-107	4.831101505271555e-19	Aque_Aqu2.1.34449-001;Slac_ENSLPGG00000011929	1.3827931758702237e-110	0.00011692468457033244	Aque_Aqu2.1.44167-001;Slac_ENSLPGG00000002326	2.4503567949267662e-116	4.111952778572349e-104	Aque_Aqu2.1.37095-001;Slac_ENSLPGG00000011766	1.7138617390298075e-107	1.5007955097605278e-06	Aque_Aqu2.1.31038-001;Slac_ENSLPGG00000018181	1.0272479399297856e-48	3.630673637054969e-70	Aque_Aqu2.1.38191-001;Slac_ENSLPGG00000001288	5.740348681209968e-44	3.761669063371938e-12	Aque_Aqu2.1.18283-001;Slac_ENSLPGG00000026466	5.3800923347615143e-73	0.0	Aque_Aqu2.1.38354-001;Slac_ENSLPGG00000028953	7.318492576694701e-116	3.673961451406961e-51	Aque_Aqu2.1.43382-001;Slac_ENSLPGG00000004594	1.45329483825909e-104	7.725253538575313e-66	Aque_Aqu2.1.16620-001;Slac_ENSLPGG00000007363	5.117152723494208e-38	2.824389442390339e-51	Aque_Aqu2.1.37079-001;Slac_ENSLPGG00000011571	1.2666589382809771e-121	5.292423302095355e-37							Aque_Aqu2.1.30867-001;Slac_ENSLPGG00000007158	0.003966351779992213	1.9476252809664506e-06	Aque_Aqu2.1.41049-001;Slac_ENSLPGG00000007899	1.7843460525969402e-71	0.00032475505306436917	Aque_Aqu2.1.26998-001;Slac_ENSLPGG00000001139	3.197778486344573e-06	1.364164359996385e-34	Aque_Aqu2.1.38750-001;Slac_ENSLPGG00000014037	2.625604464614801e-12	1.7369126307804394e-11	Aque_Aqu2.1.35513-001;Slac_ENSLPGG00000013069	8.033421574211273e-25	0.0016809129201524017	Aque_Aqu2.1.29479-001;Slac_ENSLPGG00000021520	1.027025061779397e-11	0.001418103085264237	Aque_Aqu2.1.37112-001;Slac_ENSLPGG00000014949	1.395071834460463e-28	9.714222834381443e-97	Aque_Aqu2.1.37473-001;Slac_ENSLPGG00000009899	0.005287152186636688	2.1084427922628346e-60	Aque_Aqu2.1.38683-001;Slac_ENSLPGG00000020822	1.3366061311162073e-26	0.005430377047595603	Aque_Aqu2.1.35738-001;Slac_ENSLPGG00000022080	1.8665956946384734e-07	3.545993743594123e-18	Aque_Aqu2.1.44214-001;Slac_ENSLPGG00000010520	3.0665856474314364e-10	1.3012214805479853e-10	Aque_Aqu2.1.29897-001;Slac_ENSLPGG00000020706	5.0549380283766635e-121	0.00019249484478877987	Aque_Aqu2.1.31385-001;Slac_ENSLPGG00000021402	5.85436007345541e-05	3.140876910125486e-98	Aque_Aqu2.1.41012-001;Slac_ENSLPGG00000012949	0.00027018571509218245	6.10254986351763e-57	Aque_Aqu2.1.37800-001;Slac_ENSLPGG00000004031	3.3423690485470974e-33	5.274346880173672e-06	Aque_Aqu2.1.14505-001;Slac_ENSLPGG00000014205	4.1608280773534837e-17	5.661329922037294e-55	Aque_Aqu2.1.38390-001;Slac_ENSLPGG00000009625	3.283777108141531e-31	0.0006686198455407605	Aque_Aqu2.1.23239-001;Slac_ENSLPGG00000009625	7.943361772072874e-20	9.452983638178345e-18	Aque_Aqu2.1.29513-001;Slac_ENSLPGG00000017789	4.936567704134594e-26	1.065996983770657e-17	Aque_Aqu2.1.43575-001;Slac_ENSLPGG00000029176	4.6514219928986356e-14	0.004203290598591701	Aque_Aqu2.1.33028-001;Slac_ENSLPGG00000025187	2.0324506456093878e-12	3.611499699115872e-08	Aque_Aqu2.1.27809-001;Slac_ENSLPGG00000018450	5.722807349227157e-17	1.2506626872220576e-12	Aque_Aqu2.1.44141-001;Slac_ENSLPGG00000009116	0.00046311253298130997	4.908997497131247e-21	Aque_Aqu2.1.25768-001;Slac_ENSLPGG00000012981	7.409015990743464e-05	1.9635955399465848e-264	Aque_Aqu2.1.39201-001;Slac_ENSLPGG00000027198	6.625166054309475e-08	9.304390696956638e-07
Aque_Aqu2.1.40409-001;Slac_ENSLPGG00000002404	2.5626223762526347e-95	0.0	Aque_Aqu2.1.26950-001;Slac_ENSLPGG00000011704	2.9641211798731584e-40	2.0595135394398975e-16	Aque_Aqu2.1.08202-001;Slac_ENSLPGG00000021720	1.1705734604072884e-09	4.5028498995664216e-05	Aque_Aqu2.1.31038-001;Slac_ENSLPGG00000018181	1.0272479399297856e-48	7.496422331427468e-29	Aque_Aqu2.1.18813-001;Slac_ENSLPGG00000028380	1.5941414811933208e-143	3.041130138373718e-62	Aque_Aqu2.1.41034-001;Slac_ENSLPGG00000016457	4.797725684898183e-118	4.580631826879261e-19	Aque_Aqu2.1.40739-001;Slac_ENSLPGG00000007249	1.6754096759265384e-122	7.004513224901485e-20	Aque_Aqu2.1.37774-001;Slac_ENSLPGG00000007363	7.700554024937936e-21	3.192683674867302e-05	Aque_Aqu2.1.36105-001;Slac_ENSLPGG00000022449	8.927728054109878e-36	5.7149643839779764e-21	Aque_Aqu2.1.27063-001;Slac_ENSLPGG00000023230	3.201242607069932e-92	4.4630287101511645e-06	Aque_Aqu2.1.18692-001;Slac_ENSLPGG00000021862	1.8143969612667923e-88	3.157985375566818e-151	Aque_Aqu2.1.44167-001;Slac_ENSLPGG00000002326	2.4503567949267662e-116	1.020176252728282e-63	Aque_Aqu2.1.33740-001;Slac_ENSLPGG00000011571	3.050336161000028e-63	1.152196916578078e-230	Aque_Aqu2.1.19270-001;Slac_ENSLPGG00000014669	7.529568096550412e-91	2.5887989694557483e-05	Aque_Aqu2.1.34241-001;Slac_ENSLPGG00000020856	2.761214722739441e-121	2.805224079365322e-29	Aque_Aqu2.1.09762-001;Slac_ENSLPGG00000011626	1.0715619696689452e-80	1.4383957330466857e-179	Aque_Aqu2.1.27559-001;Slac_ENSLPGG00000010731	5.710407786706235e-63	7.790154268791738e-82										Aque_Aqu2.1.43788-001;Slac_ENSLPGG00000030375	1.2849197808890718e-08	0.00031005803561051735	Aque_Aqu2.1.39672-001;Slac_ENSLPGG00000016891	6.3157949007109966e-09	1.1066745948069943e-10	Aque_Aqu2.1.28942-001;Slac_ENSLPGG00000013461	1.2138942124859158e-06	0.0002538351687265182	Aque_Aqu2.1.42151-001;Slac_ENSLPGG00000021186	0.0002867980365569547	2.0188353322288348e-10	Aque_Aqu2.1.41049-001;Slac_ENSLPGG00000008987	1.7843460525969402e-71	0.001852208764674488	Aque_Aqu2.1.33497-001;Slac_ENSLPGG00000028361	1.1246706728340858e-06	7.91960121547444e-05	Aque_Aqu2.1.43267-001;Slac_ENSLPGG00000022080	8.90115453538391e-10	4.9859575034671734e-24	Aque_Aqu2.1.37112-001;Slac_ENSLPGG00000014949	4.6928004436226405e-11	5.90154493841175e-13	Aque_Aqu2.1.43264-001;Slac_ENSLPGG00000022080	0.00010354402561118752	3.545993743594123e-18	Aque_Aqu2.1.27832-001;Slac_ENSLPGG00000026194	5.884935948591738e-05	6.674291937003132e-10	Aque_Aqu2.1.44140-001;Slac_ENSLPGG00000009116	3.48170003993214e-101	2.486235618856327e-14	Aque_Aqu2.1.37599-001;Slac_ENSLPGG00000026665	4.0684665683260758e-143	0.0009624903549282697	Aque_Aqu2.1.35074-001;Slac_ENSLPGG00000018326	0.0006134988572632546	1.3611225677718924e-05	Aque_Aqu2.1.21015-001;Slac_ENSLPGG00000026540	4.488784099627258e-96	1.5286010209599225e-83	Aque_Aqu2.1.38146-001;Slac_ENSLPGG00000018391	6.387586082111135e-11	8.80674281685354e-58	Aque_Aqu2.1.38554-001;Slac_ENSLPGG00000009625	3.744897044029404e-35	0.0006686198455407605	Aque_Aqu2.1.41892-001;Slac_ENSLPGG00000018987	5.2142493076430264e-14	4.5516359055595116e-128	Aque_Aqu2.1.28495-001;Slac_ENSLPGG00000009453	4.458325986516477e-24	2.999904205182712e-54	Aque_Aqu2.1.28960-001;Slac_ENSLPGG00000015539	1.2115948719525116e-09	0.0003707701163866525	Aque_Aqu2.1.40905-001;Slac_ENSLPGG00000011374	3.920453627010159e-23	7.246167802767974e-21	Aque_Aqu2.1.39820-001;Slac_ENSLPGG00000006723	5.184380856958274e-06	0.0005815511412841045	Aque_Aqu2.1.22809-001;Slac_ENSLPGG00000017293	5.337826108275082e-06	5.382893374816746e-06	Aque_Aqu2.1.42203-001;Slac_ENSLPGG00000004947	3.7598373078532615e-09	1.323815998187698e-12	Aque_Aqu2.1.36578-001;Slac_ENSLPGG00000011207	3.040004229627623e-17	7.623592874183529e-05
Aque_Aqu2.1.18283-001;Slac_ENSLPGG00000026466	8.281858889981098e-97	0.0	Aque_Aqu2.1.38167-001;Slac_ENSLPGG00000007508	2.0325287556649088e-66	8.829853899006733e-08	Aque_Aqu2.1.18688-001;Slac_ENSLPGG00000019766	1.5079384116635895e-120	2.8397974966274545e-20	Aque_Aqu2.1.43341-001;Slac_ENSLPGG00000007608	5.594181239016693e-111	6.2574333441643226e-114	Aque_Aqu2.1.34241-001;Slac_ENSLPGG00000020856	7.816229863606503e-118	8.016883964757282e-54	Aque_Aqu2.1.43837-001;Slac_ENSLPGG00000030026	1.1210704729117143e-102	1.5755539635162146e-53	Aque_Aqu2.1.18867-001;Slac_ENSLPGG00000006262	2.2639624801972363e-67	2.0315154708902864e-12	Aque_Aqu2.1.42490-001;Slac_ENSLPGG00000011256	3.576635191646024e-93	5.907029132596297e-12	Aque_Aqu2.1.18688-001;Slac_ENSLPGG00000019766	1.5079384116635895e-120	1.400017800012076e-102	Aque_Aqu2.1.26225-001;Slac_ENSLPGG00000004270	1.4585812166144586e-112	6.37892503443011e-16	Aque_Aqu2.1.08202-001;Slac_ENSLPGG00000021720	1.1705734604072884e-09	8.079246503787768e-29	Aque_Aqu2.1.43309-001;Slac_ENSLPGG00000007673	1.4807065078763136e-142	9.605619249526652e-10	Aque_Aqu2.1.27559-001;Slac_ENSLPGG00000010731	5.710407786706235e-63	9.675335389896591e-267	Aque_Aqu2.1.16620-001;Slac_ENSLPGG00000008927	5.117152723494208e-38	4.196537548175195e-39	Aque_Aqu2.1.31582-001;Slac_ENSLPGG00000004808	8.349528766570313e-143	9.887267048723217e-08	Aque_Aqu2.1.37747-001;Slac_ENSLPGG00000010195	6.655105223624536e-120	2.1728558564461395e-216	Aque_Aqu2.1.25378-001;Slac_ENSLPGG00000020432	1.7178376170265628e-64	3.2079030839699014e-26										Aque_Aqu2.1.39906-001;Slac_ENSLPGG00000026132	3.377494226491948e-33	0.0008921327165314092	Aque_Aqu2.1.28495-001;Slac_ENSLPGG00000009453	3.050594406121623e-25	1.4756910295882177e-48	Aque_Aqu2.1.35211-001;Slac_ENSLPGG00000014037	1.877257799674659e-21	1.7369126307804394e-11	Aque_Aqu2.1.29479-001;Slac_ENSLPGG00000019065	1.027025061779397e-11	0.006927108559854214	Aque_Aqu2.1.41049-001;Slac_ENSLPGG00000012055	1.7843460525969402e-71	4.0874491108281004e-05	Aque_Aqu2.1.44197-001;Slac_ENSLPGG00000007158	2.2714847576806134e-31	1.114345831165579e-74	Aque_Aqu2.1.41583-001;Slac_ENSLPGG00000003499	1.075194399407091e-28	6.728375828184202e-59	Aque_Aqu2.1.32519-001;Slac_ENSLPGG00000012565	1.8525926099430048e-19	0.003051428058402421	Aque_Aqu2.1.44140-001;Slac_ENSLPGG00000009453	3.48170003993214e-101	1.4756910295882177e-48	Aque_Aqu2.1.41583-001;Slac_ENSLPGG00000022488	1.075194399407091e-28	8.88770356445492e-10	Aque_Aqu2.1.33448-001;Slac_ENSLPGG00000011166	5.333308141039486e-54	1.8668283250801275e-07	Aque_Aqu2.1.38752-001;Slac_ENSLPGG00000014037	1.5804020643111057e-187	1.944880288931169e-09	Aque_Aqu2.1.43251-001;Slac_ENSLPGG00000023417	2.3451474142829946e-08	0.00040524561728669717	Aque_Aqu2.1.28497-001;Slac_ENSLPGG00000008750	6.265744639493593e-06	3.2875899999834076e-37	Aque_Aqu2.1.29098-001;Slac_ENSLPGG00000002251	0.0022163606697167436	1.0703518826219367e-12	Aque_Aqu2.1.24884-001;Slac_ENSLPGG00000016023	2.088362072783549e-50	1.2723832026664155e-72	Aque_Aqu2.1.32690-001;Slac_ENSLPGG00000017789	3.4041548145167936e-06	1.9094305321591624e-24	Aque_Aqu2.1.38146-001;Slac_ENSLPGG00000018391	6.387586082111135e-11	1.2564638542575937e-72	Aque_Aqu2.1.41302-001;Slac_ENSLPGG00000010615	1.593114344057822e-11	0.007465725051819325	Aque_Aqu2.1.40333-001;Slac_ENSLPGG00000015465	4.2780196620254543e-10	1.812278830807608e-10	Aque_Aqu2.1.41622-001;Slac_ENSLPGG00000020387	9.37433589323078e-05	1.380858859181771e-09	Aque_Aqu2.1.27809-001;Slac_ENSLPGG00000018450	2.0059088829032213e-08	5.927299506194292e-09	Aque_Aqu2.1.42204-001;Slac_ENSLPGG00000004947	7.817120237222319e-25	1.323815998187698e-12	Aque_Aqu2.1.42605-001;Slac_ENSLPGG00000011766	5.921947850828125e-16	1.5870478473705823e-11
Aque_Aqu2.1.39934-001;Slac_ENSLPGG00000026505	4.277056854050607e-115	0.0	Aque_Aqu2.1.44246-001;Slac_ENSLPGG00000026851	7.348281244918552e-80	3.1378676356872758e-09	Aque_Aqu2.1.29989-001;Slac_ENSLPGG00000002916	4.122966021694138e-114	5.9336796267994546e-08	Aque_Aqu2.1.39934-001;Slac_ENSLPGG00000026505	4.277056854050607e-115	5.303253961031819e-136	Aque_Aqu2.1.26386-001;Slac_ENSLPGG00000010983	1.5137191822064672e-111	1.039138145298257e-28	Aque_Aqu2.1.40908-001;Slac_ENSLPGG00000015371	4.597924904219899e-109	1.9982166493737168e-28	Aque_Aqu2.1.18692-001;Slac_ENSLPGG00000021862	1.8143969612667923e-88	1.131123413240062e-18	Aque_Aqu2.1.18688-001;Slac_ENSLPGG00000019766	1.5079384116635895e-120	4.929229375238714e-08	Aque_Aqu2.1.18087-001;Slac_ENSLPGG00000024429	5.622543966129217e-113	6.286809375059228e-61	Aque_Aqu2.1.33925-001;Slac_ENSLPGG00000001999	4.33182089821621e-115	3.739294354136065e-07	Aque_Aqu2.1.33740-001;Slac_ENSLPGG00000011571	1.0543340401031923e-102	4.118572692355889e-69	Aque_Aqu2.1.27559-001;Slac_ENSLPGG00000010731	3.744327577318277e-75	7.790154268791738e-82	Aque_Aqu2.1.12854-001;Slac_ENSLPGG00000000928	5.013764288192056e-82	3.2634904038385812e-285	Aque_Aqu2.1.37816-001;Slac_ENSLPGG00000005083	2.912775561703991e-77	3.3662088198379713e-09	Aque_Aqu2.1.37762-001;Slac_ENSLPGG00000010260	3.763225226538024e-94	1.1873404838970361e-116	Aque_Aqu2.1.29989-001;Slac_ENSLPGG00000002916	1.3626311020990895e-111	3.453672138116687e-23	Aque_Aqu2.1.26684-001;Slac_ENSLPGG00000017185	3.0985943890265298e-164	0.006084162511327934										Aque_Aqu2.1.29479-001;Slac_ENSLPGG00000006271	1.027025061779397e-11	0.00010329686300105768	Aque_Aqu2.1.28495-001;Slac_ENSLPGG00000011327	3.050594406121623e-25	0.004116007346990355	Aque_Aqu2.1.26998-001;Slac_ENSLPGG00000001139	3.197778486344573e-06	1.0794946248240394e-08	Aque_Aqu2.1.36565-001;Slac_ENSLPGG00000020706	5.467757675960367e-08	0.00019249484478877987	Aque_Aqu2.1.32548-001;Slac_ENSLPGG00000010506	0.0016118061765567644	1.263049125259277e-07	Aque_Aqu2.1.24504-001;Slac_ENSLPGG00000019760	0.0013419147762785014	3.374568554814508e-30	Aque_Aqu2.1.35503-001;Slac_ENSLPGG00000001761	6.524992042139891e-05	1.3462692566009719e-65	Aque_Aqu2.1.28489-001;Slac_ENSLPGG00000009116	4.787491920802856e-09	1.2402889402997416e-10	Aque_Aqu2.1.39254-001;Slac_ENSLPGG00000015421	2.9509973252685446e-05	1.6640067240340393e-10	Aque_Aqu2.1.44218-001;Slac_ENSLPGG00000010520	2.1931163753421432e-08	1.3012214805479853e-10	Aque_Aqu2.1.35503-001;Slac_ENSLPGG00000003499	6.524992042139891e-05	2.1509525367986333e-65	Aque_Aqu2.1.43267-001;Slac_ENSLPGG00000022080	8.90115453538391e-10	1.3764679304517367e-18	Aque_Aqu2.1.40738-001;Slac_ENSLPGG00000014205	6.218782870818954e-08	2.581633367821644e-13	Aque_Aqu2.1.28223-001;Slac_ENSLPGG00000007730	1.3844036382592803e-13	1.131600810454147e-278	Aque_Aqu2.1.38390-001;Slac_ENSLPGG00000014697	3.283777108141531e-31	2.659720310412049e-10	Aque_Aqu2.1.43987-001;Slac_ENSLPGG00000002394	3.283156008267793e-06	3.132385281564667e-40	Aque_Aqu2.1.38554-001;Slac_ENSLPGG00000005134	3.744897044029404e-35	8.764793364384847e-09	Aque_Aqu2.1.28223-001;Slac_ENSLPGG00000018987	1.3844036382592803e-13	8.336789136783278e-158	Aque_Aqu2.1.28223-001;Slac_ENSLPGG00000007525	0.0001247782164728605	1.7238257941089945e-05	Aque_Aqu2.1.39820-001;Slac_ENSLPGG00000006723	5.184380856958274e-06	1.0097123505710865e-270	Aque_Aqu2.1.22809-001;Slac_ENSLPGG00000017293	2.0522297267040638e-14	2.6047430556223103e-06	Aque_Aqu2.1.39201-001;Slac_ENSLPGG00000027198	6.625166054309475e-08	0.0005101622254411493	Aque_Aqu2.1.40608-001;Slac_ENSLPGG00000011129	1.1256965272887042e-07	1.318482494261475e-05	Aque_Aqu2.1.42203-001;Slac_ENSLPGG00000021186	3.7598373078532615e-09	2.0578412786032245e-08
Aque_Aqu2.1.41308-001;Slac_ENSLPGG00000009291	4.0631799851115316e-122	4.511674849880129e-80	Aque_Aqu2.1.37774-001;Slac_ENSLPGG00000008927	7.700554024937936e-21	4.196537548175195e-39	Aque_Aqu2.1.35141-001;Slac_ENSLPGG00000023162	6.369627006647753e-61	0.003551786676623126	Aque_Aqu2.1.38354-001;Slac_ENSLPGG00000028953	1.1143806868995651e-101	1.0786595805322939e-100	Aque_Aqu2.1.37079-001;Slac_ENSLPGG00000011571	6.987535709667499e-114	1.6908400915540935e-56	Aque_Aqu2.1.27559-001;Slac_ENSLPGG00000010731	3.744327577318277e-75	7.732742028313435e-33	Aque_Aqu2.1.40908-001;Slac_ENSLPGG00000015371	4.597924904219899e-109	5.2219254243396437e-14	Aque_Aqu2.1.29989-001;Slac_ENSLPGG00000002916	4.122966021694138e-114	0.0003152629954090571	Aque_Aqu2.1.38354-001;Slac_ENSLPGG00000028953	1.1143806868995651e-101	1.7799563461859098e-132	Aque_Aqu2.1.18087-001;Slac_ENSLPGG00000024429	5.622543966129217e-113	0.002123423559444458	Aque_Aqu2.1.41195-001;Slac_ENSLPGG00000011674	1.6646534696328347e-107	4.665387576456848e-82	Aque_Aqu2.1.40908-001;Slac_ENSLPGG00000015371	4.597924904219899e-109	1.617920575050455e-75	Aque_Aqu2.1.35782-001;Slac_ENSLPGG00000006246	5.664414630647032e-110	2.667318690488434e-176	Aque_Aqu2.1.42125-001;Slac_ENSLPGG00000005083	4.4869149966227766e-27	3.3662088198379713e-09	Aque_Aqu2.1.43309-001;Slac_ENSLPGG00000007673	3.311614163436602e-70	4.935378689790075e-46	Aque_Aqu2.1.18867-001;Slac_ENSLPGG00000006262	3.0539554246538726e-57	1.7912672260378663e-75	Aque_Aqu2.1.44167-001;Slac_ENSLPGG00000002326	6.614961432548569e-98	1.020176252728282e-63										Aque_Aqu2.1.25014-001;Slac_ENSLPGG00000020504	1.507831611836693e-06	5.048442826344658e-07	Aque_Aqu2.1.39672-001;Slac_ENSLPGG00000002171	6.3157949007109966e-09	2.0039843010385572e-48	Aque_Aqu2.1.25929-001;Slac_ENSLPGG00000008098	2.1593827426913054e-06	0.0019157688863410771	Aque_Aqu2.1.39671-001;Slac_ENSLPGG00000012011	4.793950567183939e-08	6.2290114185022e-13	Aque_Aqu2.1.39672-001;Slac_ENSLPGG00000010506	6.3157949007109966e-09	1.263049125259277e-07	Aque_Aqu2.1.28283-001;Slac_ENSLPGG00000006965	8.56665288335661e-23	0.0010456499946495089	Aque_Aqu2.1.35738-001;Slac_ENSLPGG00000022080	1.8665956946384734e-07	4.9859575034671734e-24	Aque_Aqu2.1.44197-001;Slac_ENSLPGG00000019065	1.6113923010411783e-24	1.7021584360314615e-05	Aque_Aqu2.1.43267-001;Slac_ENSLPGG00000017003	8.90115453538391e-10	4.297900760302106e-09	Aque_Aqu2.1.36275-001;Slac_ENSLPGG00000005072	0.00011713621280591484	6.293393060430815e-06	Aque_Aqu2.1.31388-001;Slac_ENSLPGG00000021402	0.009425638668166618	2.2504082942667657e-43	Aque_Aqu2.1.31388-001;Slac_ENSLPGG00000021402	0.009425638668166618	3.140876910125486e-98	Aque_Aqu2.1.43986-001;Slac_ENSLPGG00000002394	8.331396457690566e-05	6.648735159614982e-26	Aque_Aqu2.1.20935-001;Slac_ENSLPGG00000026155	3.0542012146660946e-19	4.717549418716616e-18	Aque_Aqu2.1.31379-001;Slac_ENSLPGG00000021402	3.461111847443033e-18	1.6974236185946167e-34	Aque_Aqu2.1.44243-001;Slac_ENSLPGG00000008996	2.5819489532558422e-23	1.8020173989883424e-05	Aque_Aqu2.1.38390-001;Slac_ENSLPGG00000009380	3.283777108141531e-31	3.538907005608493e-07	Aque_Aqu2.1.38390-001;Slac_ENSLPGG00000009380	3.283777108141531e-31	1.0137715312229105e-09	Aque_Aqu2.1.40738-001;Slac_ENSLPGG00000007322	2.1345051172444716e-09	0.00010156864810001513	Aque_Aqu2.1.19904-001;Slac_ENSLPGG00000028142	1.331970653716328e-11	8.148248345373217e-57	Aque_Aqu2.1.39201-001;Slac_ENSLPGG00000027198	1.1119694902826868e-11	9.304390696956638e-07	Aque_Aqu2.1.41439-001;Slac_ENSLPGG00000015465	9.517698459189829e-05	0.0003238545314233713	Aque_Aqu2.1.44058-001;Slac_ENSLPGG00000013965	1.520176735068224e-14	0.002067798124046298	Aque_Aqu2.1.44141-001;Slac_ENSLPGG00000009116	0.00046311253298130997	7.142638321645091e-57
Aque_Aqu2.1.36280-001;Slac_ENSLPGG00000026756	3.288773730928107e-103	0.0	Aque_Aqu2.1.44167-001;Slac_ENSLPGG00000002326	2.4503567949267662e-116	6.020533032838831e-76	Aque_Aqu2.1.36440-001;Slac_ENSLPGG00000023162	3.740727356250706e-136	0.003551786676623126	Aque_Aqu2.1.33925-001;Slac_ENSLPGG00000001999	4.33182089821621e-115	1.922156204727335e-93	Aque_Aqu2.1.41260-001;Slac_ENSLPGG00000008330	1.638108573287336e-99	2.6338898288211363e-45	Aque_Aqu2.1.39934-001;Slac_ENSLPGG00000026505	4.277056854050607e-115	4.398299943080717e-43	Aque_Aqu2.1.35782-001;Slac_ENSLPGG00000006246	1.2434888697369219e-92	8.270391014194726e-19	Aque_Aqu2.1.37079-001;Slac_ENSLPGG00000011571	6.987535709667499e-114	0.004530709838939829	Aque_Aqu2.1.44014-001;Slac_ENSLPGG00000009021	1.3224867554283511e-120	2.8936312771407684e-22	Aque_Aqu2.1.39934-001;Slac_ENSLPGG00000026505	4.277056854050607e-115	6.339453315669407e-14	Aque_Aqu2.1.28816-001;Slac_ENSLPGG00000010719	1.0840523851845123e-95	3.9479853056275525e-125	Aque_Aqu2.1.33693-001;Slac_ENSLPGG00000002394	2.272650030560976e-17	6.89451983253616e-21	Aque_Aqu2.1.24263-001;Slac_ENSLPGG00000024124	5.014452326172999e-104	2.1492171043435602e-195	Aque_Aqu2.1.39934-001;Slac_ENSLPGG00000026505	1.5771892143125586e-122	1.437194838942823e-72	Aque_Aqu2.1.38546-001;Slac_ENSLPGG00000004809	6.064527971798808e-88	1.296616134110668e-125	Aque_Aqu2.1.25862-001;Slac_ENSLPGG00000018181	1.7601901330525903e-103	3.630673637054969e-70	Aque_Aqu2.1.31582-001;Slac_ENSLPGG00000004808	8.349528766570313e-143	2.025464160996954e-05										Aque_Aqu2.1.41049-001;Slac_ENSLPGG00000008987	1.7843460525969402e-71	6.53881726537894e-05	Aque_Aqu2.1.37137-001;Slac_ENSLPGG00000022031	1.643277675461539e-16	1.6521542134525504e-05	Aque_Aqu2.1.24981-001;Slac_ENSLPGG00000009456	2.561124602315965e-06	2.1689645622533997e-11	Aque_Aqu2.1.23247-001;Slac_ENSLPGG00000014386	1.1200245995874174e-06	1.493154584726633e-20	Aque_Aqu2.1.24987-001;Slac_ENSLPGG00000010054	1.6948309903525678e-12	1.088065138152273e-05	Aque_Aqu2.1.44009-001;Slac_ENSLPGG00000020586	6.829178733406637e-51	4.174689950786955e-05	Aque_Aqu2.1.35499-001;Slac_ENSLPGG00000009116	1.2692762160706003e-88	1.3356495854071297e-16	Aque_Aqu2.1.30847-001;Slac_ENSLPGG00000006723	6.543263854845997e-52	0.00020343861610822993	Aque_Aqu2.1.34861-001;Slac_ENSLPGG00000008706	1.5697310538016786e-20	1.1313512693512225e-21	Aque_Aqu2.1.35107-001;Slac_ENSLPGG00000024196	0.004049250287552695	3.679561057659832e-08	Aque_Aqu2.1.37473-001;Slac_ENSLPGG00000022008	0.005287152186636688	2.2847279941433917e-49	Aque_Aqu2.1.38750-001;Slac_ENSLPGG00000014037	4.160461261776937e-93	1.944880288931169e-09	Aque_Aqu2.1.40738-001;Slac_ENSLPGG00000007322	6.218782870818954e-08	0.00010156864810001513	Aque_Aqu2.1.28489-001;Slac_ENSLPGG00000008750	1.2639077541595553e-28	3.2875899999834076e-37	Aque_Aqu2.1.23239-001;Slac_ENSLPGG00000005134	7.943361772072874e-20	3.881947193937805e-19	Aque_Aqu2.1.28489-001;Slac_ENSLPGG00000009453	1.2639077541595553e-28	2.3985592499326432e-20	Aque_Aqu2.1.38554-001;Slac_ENSLPGG00000009380	3.744897044029404e-35	3.538907005608493e-07	Aque_Aqu2.1.21015-001;Slac_ENSLPGG00000026540	4.488784099627258e-96	6.185427737645644e-61	Aque_Aqu2.1.41012-001;Slac_ENSLPGG00000012949	0.0037296053160072056	6.10254986351763e-57	Aque_Aqu2.1.33501-001;Slac_ENSLPGG00000029438	9.849986191119951e-14	1.4163629945126725e-05	Aque_Aqu2.1.39203-001;Slac_ENSLPGG00000025841	1.1233610661314817e-06	1.24557151713994e-07	Aque_Aqu2.1.41071-001;Slac_ENSLPGG00000024858	1.5504435466436736e-11	1.3066840202186956e-08	Aque_Aqu2.1.33503-001;Slac_ENSLPGG00000028142	1.518359608748127e-13	8.148248345373217e-57	Aque_Aqu2.1.38611-001;Slac_ENSLPGG00000020421	0.0011554845427555638	0.0052857774457423954
Aque_Aqu2.1.34241-001;Slac_ENSLPGG00000020856	7.816229863606503e-118	1.0080776585813708e-179	Aque_Aqu2.1.35077-001;Slac_ENSLPGG00000017593	1.9812419822161078e-144	3.446563631750472e-71	Aque_Aqu2.1.18087-001;Slac_ENSLPGG00000024429	5.622543966129217e-113	2.9543153646866576e-12	Aque_Aqu2.1.29050-001;Slac_ENSLPGG00000007086	2.867105090061806e-114	3.2866189934017507e-62	Aque_Aqu2.1.34476-001;Slac_ENSLPGG00000009693	1.1365096649262665e-143	8.409851108758079e-62	Aque_Aqu2.1.41621-001;Slac_ENSLPGG00000018880	1.7335877317951547e-90	1.1771996788754998e-40	Aque_Aqu2.1.25378-001;Slac_ENSLPGG00000020432	3.4926863395162285e-66	3.716094761063798e-09	Aque_Aqu2.1.35105-001;Slac_ENSLPGG00000024580	1.949543091572683e-45	0.006704325504782773	Aque_Aqu2.1.29050-001;Slac_ENSLPGG00000007086	2.867105090061806e-114	1.5516512783671378e-79	Aque_Aqu2.1.37774-001;Slac_ENSLPGG00000005401	7.700554024937936e-21	6.489481687386777e-08	Aque_Aqu2.1.40739-001;Slac_ENSLPGG00000007249	1.6754096759265384e-122	2.4016299289178353e-108	Aque_Aqu2.1.35782-001;Slac_ENSLPGG00000006246	1.2434888697369219e-92	3.271877090635943e-87	Aque_Aqu2.1.41034-001;Slac_ENSLPGG00000016457	1.4237478019981393e-104	5.878050781016792e-160	Aque_Aqu2.1.43309-001;Slac_ENSLPGG00000007673	3.311614163436602e-70	5.472712324912966e-43	Aque_Aqu2.1.29989-001;Slac_ENSLPGG00000002916	1.3626311020990895e-111	1.8424861552155755e-17	Aque_Aqu2.1.15787-001;Slac_ENSLPGG00000026812	8.792525776505922e-39	2.8191049339599397e-148	Aque_Aqu2.1.25862-001;Slac_ENSLPGG00000018181	1.7601901330525903e-103	9.763934351042776e-46										Aque_Aqu2.1.25929-001;Slac_ENSLPGG00000008098	2.1593827426913054e-06	1.2879272375444677e-11	Aque_Aqu2.1.23818-001;Slac_ENSLPGG00000019389	5.427934060660114e-24	1.2556520133096096e-12	Aque_Aqu2.1.36606-001;Slac_ENSLPGG00000002171	5.622930540080185e-07	2.5730742542634384e-20	Aque_Aqu2.1.24548-001;Slac_ENSLPGG00000012140	9.149078712360244e-05	1.0581014950202239e-19	Aque_Aqu2.1.37137-001;Slac_ENSLPGG00000022031	1.643277675461539e-16	0.00010266030155833447	Aque_Aqu2.1.36223-001;Slac_ENSLPGG00000027819	3.3674934284767487e-13	6.475423253128483e-47	Aque_Aqu2.1.31386-001;Slac_ENSLPGG00000021402	1.9939436211890793e-10	2.550566114792781e-45	Aque_Aqu2.1.23244-001;Slac_ENSLPGG00000014386	1.0885934844745446e-29	3.5379007592721833e-43	Aque_Aqu2.1.33612-001;Slac_ENSLPGG00000002171	2.364364427309774e-10	2.0039843010385572e-48	Aque_Aqu2.1.42183-001;Slac_ENSLPGG00000015655	3.3931647854373665e-10	1.5555584095616784e-48	Aque_Aqu2.1.43551-001;Slac_ENSLPGG00000007730	1.0046936470645059e-10	0.0	Aque_Aqu2.1.38752-001;Slac_ENSLPGG00000013069	1.5804020643111057e-187	1.5435674773364596e-07	Aque_Aqu2.1.43267-001;Slac_ENSLPGG00000023417	3.1038449995845004e-09	0.00040524561728669717	Aque_Aqu2.1.36563-001;Slac_ENSLPGG00000011583	6.197296763097124e-05	2.1096010570290062e-10	Aque_Aqu2.1.28497-001;Slac_ENSLPGG00000008750	6.265744639493593e-06	8.530991638627806e-36	Aque_Aqu2.1.39672-001;Slac_ENSLPGG00000002171	1.7219934783810546e-24	3.0880155494544363e-12	Aque_Aqu2.1.28214-001;Slac_ENSLPGG00000015631	8.244866599655472e-18	4.787190414733341e-18	Aque_Aqu2.1.43555-001;Slac_ENSLPGG00000007730	9.172629855478385e-23	0.0	Aque_Aqu2.1.43551-001;Slac_ENSLPGG00000007525	1.766587923083886e-08	1.7238257941089945e-05	Aque_Aqu2.1.42548-001;Slac_ENSLPGG00000024879	0.0003896247604060393	0.0	Aque_Aqu2.1.19904-001;Slac_ENSLPGG00000028142	1.331970653716328e-11	1.4318497578833694e-07	Aque_Aqu2.1.14505-001;Slac_ENSLPGG00000012981	0.0012907827016655612	2.652976974755874e-42	Aque_Aqu2.1.42534-001;Slac_ENSLPGG00000001013	0.008079812207691493	8.737797247574456e-205	Aque_Aqu2.1.41071-001;Slac_ENSLPGG00000024858	1.5504435466436736e-11	3.468470917121183e-25
Aque_Aqu2.1.41034-001;Slac_ENSLPGG00000016457	4.797725684898183e-118	5.878050781016792e-160	Aque_Aqu2.1.43964-001;Slac_ENSLPGG00000027192	2.812363658409223e-98	6.005484139138008e-31	Aque_Aqu2.1.40665-001;Slac_ENSLPGG00000005591	8.115709961538107e-35	0.0007730584144598214	Aque_Aqu2.1.18688-001;Slac_ENSLPGG00000019766	1.5079384116635895e-120	4.126458230483494e-64	Aque_Aqu2.1.43341-001;Slac_ENSLPGG00000007608	5.594181239016693e-111	8.32061485748391e-89	Aque_Aqu2.1.32930-001;Slac_ENSLPGG00000028683	7.663138857997222e-90	5.558190939119503e-09	Aque_Aqu2.1.34889-001;Slac_ENSLPGG00000015697	5.140233485381033e-67	0.0026784151488754068	Aque_Aqu2.1.37774-001;Slac_ENSLPGG00000005401	7.700554024937936e-21	8.689718173311741e-12	Aque_Aqu2.1.34449-001;Slac_ENSLPGG00000011929	1.3827931758702237e-110	1.1099288768357447e-27	Aque_Aqu2.1.18353-001;Slac_ENSLPGG00000017904	2.4837792641188912e-56	0.007121334983944572	Aque_Aqu2.1.32946-001;Slac_ENSLPGG00000010832	3.198548394219795e-57	2.4613134574582015e-09	Aque_Aqu2.1.34860-001;Slac_ENSLPGG00000010851	1.2852695968093314e-58	7.772049783955039e-28	Aque_Aqu2.1.44138-001;Slac_ENSLPGG00000009965	2.4075529058832285e-84	2.491111184419854e-253	Aque_Aqu2.1.41064-001;Slac_ENSLPGG00000022135	8.580551927005869e-23	5.568028483822714e-24	Aque_Aqu2.1.18688-001;Slac_ENSLPGG00000019766	3.3105307818191595e-103	4.126458230483494e-64	Aque_Aqu2.1.25378-001;Slac_ENSLPGG00000020432	1.7178376170265628e-64	1.2056035521515938e-29	Aque_Aqu2.1.25682-001;Slac_ENSLPGG00000019196	4.6746242325897114e-116	7.573985717877397e-10										Aque_Aqu2.1.41482-001;Slac_ENSLPGG00000021520	2.2364060071655327e-10	2.3251872846171974e-12	Aque_Aqu2.1.43788-001;Slac_ENSLPGG00000030375	1.2849197808890718e-08	0.0009062360447060605	Aque_Aqu2.1.39671-001;Slac_ENSLPGG00000012011	4.793950567183939e-08	4.717312729499803e-15	Aque_Aqu2.1.28492-001;Slac_ENSLPGG00000009116	4.609852878565774e-24	2.486235618856327e-14	Aque_Aqu2.1.37137-001;Slac_ENSLPGG00000021127	1.643277675461539e-16	0.00037730423206785676	Aque_Aqu2.1.37101-001;Slac_ENSLPGG00000026194	6.194430517240804e-07	6.674291937003132e-10	Aque_Aqu2.1.37599-001;Slac_ENSLPGG00000026665	4.0684665683260758e-143	0.0005594298294001904	Aque_Aqu2.1.44676-001;Slac_ENSLPGG00000007730	0.0015947909906532027	3.6133844128804866e-70	Aque_Aqu2.1.28492-001;Slac_ENSLPGG00000011327	1.2990573900827222e-105	0.004116007346990355	Aque_Aqu2.1.44214-001;Slac_ENSLPGG00000015655	3.0665856474314364e-10	1.5555584095616784e-48	Aque_Aqu2.1.36275-001;Slac_ENSLPGG00000017789	0.00011713621280591484	1.9094305321591624e-24	Aque_Aqu2.1.38750-001;Slac_ENSLPGG00000013069	4.160461261776937e-93	1.5435674773364596e-07	Aque_Aqu2.1.43984-001;Slac_ENSLPGG00000002394	4.479650965828285e-09	6.648735159614982e-26	Aque_Aqu2.1.43555-001;Slac_ENSLPGG00000007730	9.172629855478385e-23	1.131600810454147e-278	Aque_Aqu2.1.38390-001;Slac_ENSLPGG00000009380	3.283777108141531e-31	2.292414534820821e-11	Aque_Aqu2.1.31586-001;Slac_ENSLPGG00000015099	1.7372787348993547e-40	5.6665494261985154e-05	Aque_Aqu2.1.14505-001;Slac_ENSLPGG00000014205	4.1608280773534837e-17	1.1536648230263885e-25	Aque_Aqu2.1.38390-001;Slac_ENSLPGG00000014697	3.283777108141531e-31	2.655527233495173e-06	Aque_Aqu2.1.07543-001;Slac_ENSLPGG00000028683	4.81622449486522e-09	0.003798611801290183	Aque_Aqu2.1.31479-001;Slac_ENSLPGG00000017231	0.0003067347607332758	0.0004343907090126274	Aque_Aqu2.1.29892-001;Slac_ENSLPGG00000019707	2.0114185965128666e-06	2.2663640693399715e-06	Aque_Aqu2.1.23244-001;Slac_ENSLPGG00000012828	0.0006147344884710201	3.377004608341648e-17	Aque_Aqu2.1.24990-001;Slac_ENSLPGG00000013965	1.8628310299970757e-06	0.002067798124046298	Aque_Aqu2.1.33503-001;Slac_ENSLPGG00000028142	1.518359608748127e-13	1.4318497578833694e-07
Aque_Aqu2.1.34476-001;Slac_ENSLPGG00000009693	1.1365096649262665e-143	1.1307435549499394e-259	Aque_Aqu2.1.36440-001;Slac_ENSLPGG00000023162	3.740727356250706e-136	4.8549444338067336e-08	Aque_Aqu2.1.33925-001;Slac_ENSLPGG00000001999	4.33182089821621e-115	9.780244852464476e-19	Aque_Aqu2.1.18867-001;Slac_ENSLPGG00000006262	2.2639624801972363e-67	1.1695906797758678e-41	Aque_Aqu2.1.12657-001;Slac_ENSLPGG00000004375	2.9043498226616313e-98	8.881215992027511e-49	Aque_Aqu2.1.22254-001;Slac_ENSLPGG00000009254	1.7812566036149077e-133	2.245546080175465e-29	Aque_Aqu2.1.15787-001;Slac_ENSLPGG00000026812	7.592400004336438e-49	4.877381755356544e-28	Aque_Aqu2.1.43382-001;Slac_ENSLPGG00000004594	1.0768824237806037e-94	4.024037632049961e-08	Aque_Aqu2.1.43382-001;Slac_ENSLPGG00000004594	1.0768824237806037e-94	4.10807541101737e-117	Aque_Aqu2.1.41034-001;Slac_ENSLPGG00000016457	4.797725684898183e-118	0.009964190179340603	Aque_Aqu2.1.37095-001;Slac_ENSLPGG00000011766	1.7138617390298075e-107	3.9965383187050887e-87	Aque_Aqu2.1.37079-001;Slac_ENSLPGG00000011571	6.987535709667499e-114	5.292423302095355e-37	Aque_Aqu2.1.26386-001;Slac_ENSLPGG00000010983	2.0957315784869368e-55	3.83141568105036e-162	Aque_Aqu2.1.29951-001;Slac_ENSLPGG00000018181	7.041483357496104e-06	2.6290781450963708e-140	Aque_Aqu2.1.41034-001;Slac_ENSLPGG00000016457	1.4237478019981393e-104	1.172659020969659e-25	Aque_Aqu2.1.40908-001;Slac_ENSLPGG00000015371	2.5432621050748296e-88	3.24982642324781e-94	Aque_Aqu2.1.40908-001;Slac_ENSLPGG00000015371	2.5432621050748296e-88	1.617920575050455e-75										Aque_Aqu2.1.39672-001;Slac_ENSLPGG00000010506	6.3157949007109966e-09	1.6813378010395353e-09	Aque_Aqu2.1.29479-001;Slac_ENSLPGG00000019065	1.027025061779397e-11	5.413313929192906e-06	Aque_Aqu2.1.32548-001;Slac_ENSLPGG00000002171	0.0016118061765567644	2.5730742542634384e-20	Aque_Aqu2.1.01979-001;Slac_ENSLPGG00000007158	0.007012591066954428	1.3921670430557845e-07	Aque_Aqu2.1.39906-001;Slac_ENSLPGG00000026132	3.377494226491948e-33	0.005441714082505935	Aque_Aqu2.1.44214-001;Slac_ENSLPGG00000010520	2.009817921356835e-06	1.3012214805479853e-10	Aque_Aqu2.1.21880-001;Slac_ENSLPGG00000008528	9.018987970662154e-62	2.7184921752775917e-37	Aque_Aqu2.1.39703-001;Slac_ENSLPGG00000021186	6.740072048541467e-12	1.0932599746270406e-05	Aque_Aqu2.1.29897-001;Slac_ENSLPGG00000020706	5.0549380283766635e-121	0.000720612718783671	Aque_Aqu2.1.38750-001;Slac_ENSLPGG00000014037	4.160461261776937e-93	9.215098691457013e-15	Aque_Aqu2.1.35513-001;Slac_ENSLPGG00000013069	1.9223474439878673e-49	0.0016809129201524017	Aque_Aqu2.1.28492-001;Slac_ENSLPGG00000009116	1.2990573900827222e-105	1.187914787539918e-27	Aque_Aqu2.1.41962-001;Slac_ENSLPGG00000024858	1.6536677389112207e-06	0.001343958684466827	Aque_Aqu2.1.28223-001;Slac_ENSLPGG00000018987	1.3844036382592803e-13	1.3501043026864786e-122	Aque_Aqu2.1.28214-001;Slac_ENSLPGG00000029934	8.244866599655472e-18	0.0007193067221844002	Aque_Aqu2.1.33622-001;Slac_ENSLPGG00000002171	1.708447263117159e-16	3.0880155494544363e-12	Aque_Aqu2.1.41190-001;Slac_ENSLPGG00000009625	3.070020325785256e-26	9.452983638178345e-18	Aque_Aqu2.1.38554-001;Slac_ENSLPGG00000009380	3.744897044029404e-35	1.0137715312229105e-09	Aque_Aqu2.1.43440-001;Slac_ENSLPGG00000008240	1.8878112542246298e-07	0.002983343403362197	Aque_Aqu2.1.25926-001;Slac_ENSLPGG00000006437	1.3908453543414288e-08	1.966565968935209e-74	Aque_Aqu2.1.37477-001;Slac_ENSLPGG00000000542	1.2839397955753959e-15	3.099426756033854e-05	Aque_Aqu2.1.08677-001;Slac_ENSLPGG00000012055	0.0014342054706817178	0.002697433047503326	Aque_Aqu2.1.43539-001;Slac_ENSLPGG00000017231	1.4534280963588581e-13	0.0004343907090126274	Aque_Aqu2.1.22809-001;Slac_ENSLPGG00000017293	5.337826108275082e-06	2.6047430556223103e-06
Aque_Aqu2.1.38191-001;Slac_ENSLPGG00000001288	5.740348681209968e-44	4.0556484159166975e-43	Aque_Aqu2.1.26225-001;Slac_ENSLPGG00000004270	1.4585812166144586e-112	6.626708387399565e-137	Aque_Aqu2.1.43382-001;Slac_ENSLPGG00000004594	1.0768824237806037e-94	3.604926579834543e-18	Aque_Aqu2.1.40409-001;Slac_ENSLPGG00000002404	2.5626223762526347e-95	8.14725354546954e-86	Aque_Aqu2.1.18087-001;Slac_ENSLPGG00000024429	5.622543966129217e-113	4.0152704199613e-50	Aque_Aqu2.1.07543-001;Slac_ENSLPGG00000028683	5.249550863120593e-114	5.558190939119503e-09	Aque_Aqu2.1.42605-001;Slac_ENSLPGG00000011766	9.509180868415106e-59	4.831101505271555e-19	Aque_Aqu2.1.33925-001;Slac_ENSLPGG00000001999	4.33182089821621e-115	2.6352668054916553e-10	Aque_Aqu2.1.42087-001;Slac_ENSLPGG00000022449	4.453201835818651e-25	5.7149643839779764e-21	Aque_Aqu2.1.29050-001;Slac_ENSLPGG00000007086	2.867105090061806e-114	8.343989572599183e-06	Aque_Aqu2.1.18867-001;Slac_ENSLPGG00000006262	2.2639624801972363e-67	1.7912672260378663e-75	Aque_Aqu2.1.37095-001;Slac_ENSLPGG00000011766	1.7138617390298075e-107	3.067324330221318e-62	Aque_Aqu2.1.34476-001;Slac_ENSLPGG00000009693	4.321419943186122e-118	1.1307435549499394e-259	Aque_Aqu2.1.29050-001;Slac_ENSLPGG00000007086	2.39111737457902e-116	3.0736783144049152e-27	Aque_Aqu2.1.26386-001;Slac_ENSLPGG00000010983	2.0957315784869368e-55	1.2639473249977928e-27	Aque_Aqu2.1.41031-001;Slac_ENSLPGG00000009534	2.3093169778093483e-162	0.002123582891699598	Aque_Aqu2.1.18867-001;Slac_ENSLPGG00000006262	3.0539554246538726e-57	2.7928688747974693e-37										Aque_Aqu2.1.37137-001;Slac_ENSLPGG00000022031	1.643277675461539e-16	9.300342416746377e-05	Aque_Aqu2.1.26998-001;Slac_ENSLPGG00000007158	3.197778486344573e-06	2.0838815629998246e-20	Aque_Aqu2.1.41482-001;Slac_ENSLPGG00000007158	2.2364060071655327e-10	4.969353227696443e-20	Aque_Aqu2.1.44243-001;Slac_ENSLPGG00000021186	2.521644079706085e-10	2.0188353322288348e-10	Aque_Aqu2.1.31388-001;Slac_ENSLPGG00000009899	0.009403421798818682	3.9284303996595296e-27	Aque_Aqu2.1.44104-001;Slac_ENSLPGG00000013804	1.0271464132257017e-50	3.586733440963688e-08	Aque_Aqu2.1.44197-001;Slac_ENSLPGG00000021520	1.6113923010411783e-24	2.3251872846171974e-12	Aque_Aqu2.1.41008-001;Slac_ENSLPGG00000014192	3.5116642769294764e-12	3.448264251562563e-18	Aque_Aqu2.1.31388-001;Slac_ENSLPGG00000009899	0.009425638668166618	4.306103161244151e-26	Aque_Aqu2.1.38752-001;Slac_ENSLPGG00000014037	1.5804020643111057e-187	9.215098691457013e-15	Aque_Aqu2.1.44140-001;Slac_ENSLPGG00000009453	3.48170003993214e-101	1.297346950394959e-07	Aque_Aqu2.1.21171-001;Slac_ENSLPGG00000013199	4.745138392024275e-06	1.2384585261226657e-33	Aque_Aqu2.1.33443-001;Slac_ENSLPGG00000007525	4.986367745258103e-05	1.7238257941089945e-05	Aque_Aqu2.1.40738-001;Slac_ENSLPGG00000028392	6.218782870818954e-08	2.5589657231536292e-05	Aque_Aqu2.1.34863-001;Slac_ENSLPGG00000012140	7.856949568546215e-16	8.571097025114353e-39	Aque_Aqu2.1.40376-001;Slac_ENSLPGG00000001593	5.626029519789693e-17	8.829921093559036e-09	Aque_Aqu2.1.39671-001;Slac_ENSLPGG00000012011	5.6277730716785066e-24	6.2290114185022e-13	Aque_Aqu2.1.43251-001;Slac_ENSLPGG00000022080	2.3451474142829946e-08	1.3764679304517367e-18	Aque_Aqu2.1.44325-001;Slac_ENSLPGG00000020413	0.008603398748427676	2.845149014559596e-07	Aque_Aqu2.1.38331-001;Slac_ENSLPGG00000025841	0.004869031541960284	9.566307786889676e-13	Aque_Aqu2.1.21076-001;Slac_ENSLPGG00000021255	3.6983560006367636e-12	0.0010855659182585047	Aque_Aqu2.1.14505-001;Slac_ENSLPGG00000007386	0.0012907827016655612	0.0006420921133501661	Aque_Aqu2.1.34463-001;Slac_ENSLPGG00000008393	0.00019160000733463742	7.280908822555512e-05	Aque_Aqu2.1.36284-001;Slac_ENSLPGG00000025799	0.0008833769211785781	5.372769696356221e-12
Aque_Aqu2.1.22254-001;Slac_ENSLPGG00000009254	1.7812566036149077e-133	2.089719913428027e-254	Aque_Aqu2.1.40665-001;Slac_ENSLPGG00000018877	8.115709961538107e-35	3.4903574332566454e-13	Aque_Aqu2.1.39934-001;Slac_ENSLPGG00000026505	4.277056854050607e-115	1.8082226348900924e-38	Aque_Aqu2.1.28091-001;Slac_ENSLPGG00000011974	2.7724493515918748e-102	2.0293225616736967e-122	Aque_Aqu2.1.22254-001;Slac_ENSLPGG00000009254	1.7812566036149077e-133	4.904676175198076e-70	Aque_Aqu2.1.40739-001;Slac_ENSLPGG00000007249	1.6754096759265384e-122	3.6296602865006144e-29	Aque_Aqu2.1.25682-001;Slac_ENSLPGG00000019196	1.2153315557323154e-117	0.0006017148965536238	Aque_Aqu2.1.37762-001;Slac_ENSLPGG00000010260	1.6015037883301053e-113	1.8529501213455265e-13	Aque_Aqu2.1.37762-001;Slac_ENSLPGG00000010260	1.6015037883301053e-113	5.4397789252914706e-101	Aque_Aqu2.1.40908-001;Slac_ENSLPGG00000015371	4.597924904219899e-109	4.1135406625020136e-06	Aque_Aqu2.1.26386-001;Slac_ENSLPGG00000010983	1.5137191822064672e-111	9.834982668604445e-20	Aque_Aqu2.1.18867-001;Slac_ENSLPGG00000006262	2.2639624801972363e-67	2.7928688747974693e-37	Aque_Aqu2.1.44014-001;Slac_ENSLPGG00000009021	8.221474480463226e-100	2.180674028483158e-84	Aque_Aqu2.1.34476-001;Slac_ENSLPGG00000009693	4.321419943186122e-118	1.3137757178477223e-59	Aque_Aqu2.1.18867-001;Slac_ENSLPGG00000006262	3.0539554246538726e-57	1.1695906797758678e-41	Aque_Aqu2.1.43382-001;Slac_ENSLPGG00000004594	1.45329483825909e-104	2.8373547397208718e-62	Aque_Aqu2.1.43423-001;Slac_ENSLPGG00000008236	3.021348392175779e-116	1.5700822852871962e-18										Aque_Aqu2.1.35513-001;Slac_ENSLPGG00000014037	8.033421574211273e-25	2.8937728943288984e-19	Aque_Aqu2.1.32548-001;Slac_ENSLPGG00000016891	0.0016118061765567644	1.1066745948069943e-10	Aque_Aqu2.1.38750-001;Slac_ENSLPGG00000013069	2.625604464614801e-12	1.1207523709477493e-09	Aque_Aqu2.1.25867-001;Slac_ENSLPGG00000000921	2.1213248264626324e-06	0.00020497790178902148	Aque_Aqu2.1.37137-001;Slac_ENSLPGG00000016891	1.643277675461539e-16	0.0031309119165275016	Aque_Aqu2.1.43615-001;Slac_ENSLPGG00000011962	8.086275665665817e-05	3.211008789355102e-10	Aque_Aqu2.1.35513-001;Slac_ENSLPGG00000014037	1.9223474439878673e-49	2.8937728943288984e-19	Aque_Aqu2.1.34861-001;Slac_ENSLPGG00000008706	1.5697310538016786e-20	2.2432469955577033e-06	Aque_Aqu2.1.38752-001;Slac_ENSLPGG00000014037	1.5804020643111057e-187	1.8687999982522213e-07	Aque_Aqu2.1.35513-001;Slac_ENSLPGG00000013069	1.9223474439878673e-49	1.8352583169197938e-25	Aque_Aqu2.1.28493-001;Slac_ENSLPGG00000009116	4.321453769502233e-21	2.486235618856327e-14	Aque_Aqu2.1.28492-001;Slac_ENSLPGG00000011327	1.2990573900827222e-105	0.002660359306382542	Aque_Aqu2.1.24884-001;Slac_ENSLPGG00000016023	2.088362072783549e-50	0.001134752440304927	Aque_Aqu2.1.29497-001;Slac_ENSLPGG00000014782	6.077919633614359e-57	3.5310458308772875e-55	Aque_Aqu2.1.40738-001;Slac_ENSLPGG00000007322	6.218782870818954e-08	1.8319456033269103e-86	Aque_Aqu2.1.44221-001;Slac_ENSLPGG00000018391	5.994069235373014e-92	8.557416813620929e-05	Aque_Aqu2.1.28223-001;Slac_ENSLPGG00000007525	1.3844036382592803e-13	3.9611081585269763e-32	Aque_Aqu2.1.41190-001;Slac_ENSLPGG00000009625	3.070020325785256e-26	2.99246567559158e-33	Aque_Aqu2.1.32930-001;Slac_ENSLPGG00000028683	2.0305570543660158e-05	0.003798611801290183	Aque_Aqu2.1.18351-001;Slac_ENSLPGG00000019104	1.634928613611579e-07	2.741839065414575e-07	Aque_Aqu2.1.29717-001;Slac_ENSLPGG00000007301	5.092049239003799e-10	1.8346386559578728e-15	Aque_Aqu2.1.28194-001;Slac_ENSLPGG00000013036	0.0045912394646443755	1.0355924754725321e-07	Aque_Aqu2.1.23244-001;Slac_ENSLPGG00000017421	0.0006147344884710201	9.534779600101189e-12	Aque_Aqu2.1.40905-001;Slac_ENSLPGG00000009166	1.5343978603673963e-12	4.204746683901007e-11
Aque_Aqu2.1.42490-001;Slac_ENSLPGG00000011256	3.576635191646024e-93	8.73622077107101e-237	Aque_Aqu2.1.29989-001;Slac_ENSLPGG00000002916	4.122966021694138e-114	4.6702259707366504e-32	Aque_Aqu2.1.33636-001;Slac_ENSLPGG00000022969	1.2164548748428428e-123	2.8501774843610395e-08	Aque_Aqu2.1.29989-001;Slac_ENSLPGG00000002916	4.122966021694138e-114	1.8424861552155755e-17	Aque_Aqu2.1.18867-001;Slac_ENSLPGG00000006262	2.2639624801972363e-67	8.460772291085661e-53	Aque_Aqu2.1.18283-001;Slac_ENSLPGG00000026466	8.281858889981098e-97	3.2104774189905786e-37	Aque_Aqu2.1.28816-001;Slac_ENSLPGG00000010719	1.0840523851845123e-95	6.6968825727006e-17	Aque_Aqu2.1.40739-001;Slac_ENSLPGG00000007249	1.6754096759265384e-122	9.47531350687226e-06	Aque_Aqu2.1.34247-001;Slac_ENSLPGG00000018181	5.995179413289e-67	8.363124698016115e-89	Aque_Aqu2.1.38546-001;Slac_ENSLPGG00000004809	5.0069341824032954e-104	4.769375442614106e-12	Aque_Aqu2.1.37079-001;Slac_ENSLPGG00000011571	6.987535709667499e-114	4.118572692355889e-69	Aque_Aqu2.1.41195-001;Slac_ENSLPGG00000011674	1.6646534696328347e-107	1.9302789358228942e-26	Aque_Aqu2.1.04943-001;Slac_ENSLPGG00000000928	1.8183168977220488e-34	3.2634904038385812e-285	Aque_Aqu2.1.28091-001;Slac_ENSLPGG00000011974	3.2719744868010964e-115	7.350183021917888e-45	Aque_Aqu2.1.41031-001;Slac_ENSLPGG00000009534	2.3093169778093483e-162	0.000439389940072158	Aque_Aqu2.1.41064-001;Slac_ENSLPGG00000022135	8.580551927005869e-23	1.7520507197809972e-30	Aque_Aqu2.1.37095-001;Slac_ENSLPGG00000011766	2.578541513280855e-81	3.067324330221318e-62										Aque_Aqu2.1.43788-001;Slac_ENSLPGG00000014205	1.2849197808890718e-08	2.9601798466944025e-18	Aque_Aqu2.1.24981-001;Slac_ENSLPGG00000009456	2.561124602315965e-06	5.660643526030502e-31	Aque_Aqu2.1.42151-001;Slac_ENSLPGG00000021186	0.0002867980365569547	1.220442759122435e-24	Aque_Aqu2.1.35211-001;Slac_ENSLPGG00000013069	1.877257799674659e-21	0.0016809129201524017	Aque_Aqu2.1.39702-001;Slac_ENSLPGG00000021790	3.839636538726795e-05	8.733906197198223e-05	Aque_Aqu2.1.35503-001;Slac_ENSLPGG00000022488	2.462783846913317e-07	8.88770356445492e-10	Aque_Aqu2.1.44104-001;Slac_ENSLPGG00000013154	3.4947931478476343e-10	8.037926580122318e-21	Aque_Aqu2.1.44218-001;Slac_ENSLPGG00000015655	2.1931163753421432e-08	0.001643061116721589	Aque_Aqu2.1.41583-001;Slac_ENSLPGG00000001761	1.075194399407091e-28	4.00309843862439e-15	Aque_Aqu2.1.27411-001;Slac_ENSLPGG00000006965	1.0834257764909658e-15	0.0010456499946495089	Aque_Aqu2.1.44676-001;Slac_ENSLPGG00000018987	0.0015947909906532027	4.5516359055595116e-128	Aque_Aqu2.1.36125-001;Slac_ENSLPGG00000018774	3.31080923134324e-59	2.4166258980482844e-09	Aque_Aqu2.1.22984-001;Slac_ENSLPGG00000003607	0.0011070273067554314	0.0003665329044528859	Aque_Aqu2.1.44221-001;Slac_ENSLPGG00000012949	5.994069235373014e-92	2.5981849991575668e-160	Aque_Aqu2.1.41190-001;Slac_ENSLPGG00000009625	3.070020325785256e-26	1.2756775077314428e-25	Aque_Aqu2.1.23239-001;Slac_ENSLPGG00000009380	7.943361772072874e-20	0.00031224632296336636	Aque_Aqu2.1.38390-001;Slac_ENSLPGG00000014697	3.283777108141531e-31	0.00031433912419985853	Aque_Aqu2.1.38146-001;Slac_ENSLPGG00000012949	6.387586082111135e-11	0.0	Aque_Aqu2.1.28078-001;Slac_ENSLPGG00000010195	0.0001584943135477131	6.7183990143688335e-22	Aque_Aqu2.1.29864-001;Slac_ENSLPGG00000015073	0.006566079114390827	0.0003519818285906026	Aque_Aqu2.1.28941-001;Slac_ENSLPGG00000014432	0.008780498939991783	0.005651546212673799	Aque_Aqu2.1.36284-001;Slac_ENSLPGG00000025799	0.0008833769211785781	0.00011819915287104411	Aque_Aqu2.1.42203-001;Slac_ENSLPGG00000021186	3.7598373078532615e-09	4.6642969300092515e-92	Aque_Aqu2.1.28194-001;Slac_ENSLPGG00000013036	0.0045912394646443755	1.7875949992854978e-20
Aque_Aqu2.1.43479-001;Slac_ENSLPGG00000027461	6.772830132076829e-109	5.668657897950773e-08	Aque_Aqu2.1.18353-001;Slac_ENSLPGG00000017904	2.4837792641188912e-56	8.790584444479262e-22	Aque_Aqu2.1.28091-001;Slac_ENSLPGG00000011974	2.7724493515918748e-102	1.1945165732060066e-28	Aque_Aqu2.1.34860-001;Slac_ENSLPGG00000010851	1.2852695968093314e-58	3.972044957335087e-24	Aque_Aqu2.1.33925-001;Slac_ENSLPGG00000001999	4.33182089821621e-115	6.060434077213703e-61	Aque_Aqu2.1.34476-001;Slac_ENSLPGG00000009693	1.1365096649262665e-143	1.1498630177870236e-28	Aque_Aqu2.1.42490-001;Slac_ENSLPGG00000011256	3.576635191646024e-93	6.1765974815525195e-09	Aque_Aqu2.1.38546-001;Slac_ENSLPGG00000004809	5.0069341824032954e-104	1.9752760244924298e-17	Aque_Aqu2.1.38546-001;Slac_ENSLPGG00000004809	5.0069341824032954e-104	9.725594954489588e-131	Aque_Aqu2.1.42490-001;Slac_ENSLPGG00000011256	3.576635191646024e-93	8.748710432107191e-07	Aque_Aqu2.1.37747-001;Slac_ENSLPGG00000010195	1.520304058493942e-143	2.1728558564461395e-216	Aque_Aqu2.1.41064-001;Slac_ENSLPGG00000022135	3.157095835580321e-40	1.348948881613942e-06	Aque_Aqu2.1.19270-001;Slac_ENSLPGG00000014669	7.529568096550412e-91	1.3685670620374595e-29	Aque_Aqu2.1.44246-001;Slac_ENSLPGG00000026851	3.391147140136296e-49	3.1378676356872758e-09	Aque_Aqu2.1.12657-001;Slac_ENSLPGG00000004375	4.1751534788856684e-103	9.01354663239435e-19	Aque_Aqu2.1.26225-001;Slac_ENSLPGG00000004270	1.096369540214057e-115	1.0099645298833446e-91	Aque_Aqu2.1.24263-001;Slac_ENSLPGG00000024124	5.014452326172999e-104	5.768415247512365e-35										Aque_Aqu2.1.41646-001;Slac_ENSLPGG00000016551	0.0006152756546389729	4.8859809757437435e-05	Aque_Aqu2.1.32548-001;Slac_ENSLPGG00000002171	0.0016118061765567644	2.0039843010385572e-48	Aque_Aqu2.1.26998-001;Slac_ENSLPGG00000021520	3.197778486344573e-06	0.008152652185200318	Aque_Aqu2.1.28492-001;Slac_ENSLPGG00000009453	4.609852878565774e-24	1.297346950394959e-07	Aque_Aqu2.1.39702-001;Slac_ENSLPGG00000014910	3.839636538726795e-05	3.1926557987217355e-07	Aque_Aqu2.1.36608-001;Slac_ENSLPGG00000019073	4.695796899148006e-74	8.534002921826472e-09	Aque_Aqu2.1.14221-001;Slac_ENSLPGG00000015421	1.4043050483582324e-14	8.153262125742887e-07	Aque_Aqu2.1.24511-001;Slac_ENSLPGG00000010168	4.874707324206489e-25	4.8434963372154885e-08	Aque_Aqu2.1.35738-001;Slac_ENSLPGG00000017003	1.8665956946384734e-07	4.297900760302106e-09	Aque_Aqu2.1.34848-001;Slac_ENSLPGG00000007243	1.661784128891757e-14	8.006524902330374e-19	Aque_Aqu2.1.04817-001;Slac_ENSLPGG00000016836	2.5806510890960834e-15	6.05468951319439e-07	Aque_Aqu2.1.42574-001;Slac_ENSLPGG00000003257	2.1922039600546434e-108	0.001250523866460406	Aque_Aqu2.1.41302-001;Slac_ENSLPGG00000010615	8.674583355148573e-05	0.007465725051819325	Aque_Aqu2.1.39671-001;Slac_ENSLPGG00000012011	5.6277730716785066e-24	1.1043109540803633e-23	Aque_Aqu2.1.23239-001;Slac_ENSLPGG00000014697	7.943361772072874e-20	2.659720310412049e-10	Aque_Aqu2.1.43252-001;Slac_ENSLPGG00000027461	1.118841022757129e-86	0.0044535470809418595	Aque_Aqu2.1.14505-001;Slac_ENSLPGG00000007322	4.1608280773534837e-17	1.5533319931254813e-22	Aque_Aqu2.1.38554-001;Slac_ENSLPGG00000014697	3.744897044029404e-35	2.655527233495173e-06	Aque_Aqu2.1.37747-001;Slac_ENSLPGG00000010195	1.7392583256086783e-13	6.7183990143688335e-22	Aque_Aqu2.1.37468-001;Slac_ENSLPGG00000000675	0.008888637828780497	6.719716828291509e-14	Aque_Aqu2.1.31381-001;Slac_ENSLPGG00000003671	8.747410743124555e-06	1.9703250346173155e-05	Aque_Aqu2.1.34374-001;Slac_ENSLPGG00000010554	0.0011299039353154568	1.5133150797363651e-10	Aque_Aqu2.1.18818-001;Slac_ENSLPGG00000004947	1.3238364383206064e-05	1.323815998187698e-12	Aque_Aqu2.1.41439-001;Slac_ENSLPGG00000015465	9.517698459189829e-05	2.910673067209402e-05
Aque_Aqu2.1.33925-001;Slac_ENSLPGG00000001999	4.33182089821621e-115	0.0	Aque_Aqu2.1.36263-001;Slac_ENSLPGG00000007508	1.778679896019185e-56	8.829853899006733e-08	Aque_Aqu2.1.41034-001;Slac_ENSLPGG00000016457	4.797725684898183e-118	0.0004089522170577545	Aque_Aqu2.1.41034-001;Slac_ENSLPGG00000016457	4.797725684898183e-118	1.172659020969659e-25	Aque_Aqu2.1.40409-001;Slac_ENSLPGG00000002404	2.5626223762526347e-95	3.717221470772377e-60	Aque_Aqu2.1.18688-001;Slac_ENSLPGG00000019766	1.5079384116635895e-120	1.1698907351695246e-29	Aque_Aqu2.1.44059-001;Slac_ENSLPGG00000001288	3.328730512336417e-05	1.586686035006995e-12	Aque_Aqu2.1.38354-001;Slac_ENSLPGG00000028953	1.1143806868995651e-101	1.3987232302913434e-10	Aque_Aqu2.1.33925-001;Slac_ENSLPGG00000001999	4.33182089821621e-115	3.022366284904292e-88	Aque_Aqu2.1.44138-001;Slac_ENSLPGG00000009965	8.430793710552281e-94	4.683768978133346e-08	Aque_Aqu2.1.35782-001;Slac_ENSLPGG00000006246	1.2434888697369219e-92	6.07847997568808e-119	Aque_Aqu2.1.25378-001;Slac_ENSLPGG00000020432	3.4926863395162285e-66	3.2079030839699014e-26	Aque_Aqu2.1.18688-001;Slac_ENSLPGG00000019766	3.3105307818191595e-103	4.597560006924467e-208	Aque_Aqu2.1.31038-001;Slac_ENSLPGG00000018181	4.65464586755458e-09	2.6290781450963708e-140	Aque_Aqu2.1.43341-001;Slac_ENSLPGG00000007608	1.0437843238720978e-84	6.2574333441643226e-114	Aque_Aqu2.1.33740-001;Slac_ENSLPGG00000011571	3.050336161000028e-63	4.118572692355889e-69	Aque_Aqu2.1.33740-001;Slac_ENSLPGG00000011571	3.050336161000028e-63	5.292423302095355e-37										Aque_Aqu2.1.31388-001;Slac_ENSLPGG00000022008	0.009403421798818682	2.0774272697276016e-77	Aque_Aqu2.1.36606-001;Slac_ENSLPGG00000016891	5.622930540080185e-07	1.1066745948069943e-10	Aque_Aqu2.1.23247-001;Slac_ENSLPGG00000013844	1.1200245995874174e-06	8.041911962726058e-49	Aque_Aqu2.1.01979-001;Slac_ENSLPGG00000001139	0.007012591066954428	4.345251405310324e-05	Aque_Aqu2.1.32548-001;Slac_ENSLPGG00000013283	0.0016118061765567644	3.255600133488331e-09	Aque_Aqu2.1.41583-001;Slac_ENSLPGG00000000967	2.627667865706224e-26	1.6969914153055907e-11	Aque_Aqu2.1.33448-001;Slac_ENSLPGG00000011166	5.333308141039486e-54	6.826160582443951e-22	Aque_Aqu2.1.42077-001;Slac_ENSLPGG00000024184	2.0833804932494515e-41	0.006239026245018969	Aque_Aqu2.1.34848-001;Slac_ENSLPGG00000007243	1.661784128891757e-14	9.307846232261812e-15	Aque_Aqu2.1.35119-001;Slac_ENSLPGG00000015631	1.8070548054903732e-84	8.896789141331552e-11	Aque_Aqu2.1.43733-001;Slac_ENSLPGG00000012055	4.248328240934453e-206	0.000889129280263582	Aque_Aqu2.1.44676-001;Slac_ENSLPGG00000007730	0.0015947909906532027	0.0	Aque_Aqu2.1.20046-001;Slac_ENSLPGG00000010168	0.00911986550103098	0.0001599690984251097	Aque_Aqu2.1.37962-001;Slac_ENSLPGG00000015297	8.655414198411728e-23	1.470438540824872e-11	Aque_Aqu2.1.41012-001;Slac_ENSLPGG00000018391	0.00027018571509218245	8.80674281685354e-58	Aque_Aqu2.1.44243-001;Slac_ENSLPGG00000021186	2.5819489532558422e-23	2.411558428950339e-13	Aque_Aqu2.1.38146-001;Slac_ENSLPGG00000018391	6.387586082111135e-11	1.083666763670672e-22	Aque_Aqu2.1.14505-001;Slac_ENSLPGG00000007322	4.1608280773534837e-17	5.655621197163008e-32	Aque_Aqu2.1.24541-001;Slac_ENSLPGG00000010551	2.8194141356318613e-14	0.0037588386462812434	Aque_Aqu2.1.39901-001;Slac_ENSLPGG00000027633	0.00010473551507641958	3.094121459568453e-17	Aque_Aqu2.1.25768-001;Slac_ENSLPGG00000008607	2.222481593243513e-07	0.008127844820508321	Aque_Aqu2.1.37818-001;Slac_ENSLPGG00000010551	1.6145813751352899e-06	4.540029235864965e-09	Aque_Aqu2.1.19258-001;Slac_ENSLPGG00000027017	0.0010247131434619572	1.1660216278845679e-12	Aque_Aqu2.1.19258-001;Slac_ENSLPGG00000027017	0.0010247131434619572	0.0006786062588228637
Aque_Aqu2.1.27559-001;Slac_ENSLPGG00000010731	3.744327577318277e-75	9.675335389896591e-267	Aque_Aqu2.1.43276-001;Slac_ENSLPGG00000005083	1.0182416073641277e-129	3.3662088198379713e-09	Aque_Aqu2.1.37095-001;Slac_ENSLPGG00000011766	1.7138617390298075e-107	8.171608525494841e-15	Aque_Aqu2.1.34241-001;Slac_ENSLPGG00000020856	7.816229863606503e-118	2.805224079365322e-29	Aque_Aqu2.1.39934-001;Slac_ENSLPGG00000026505	4.277056854050607e-115	2.767133168938679e-70	Aque_Aqu2.1.31194-001;Slac_ENSLPGG00000008469	9.479286352586293e-109	1.0578035762959965e-58	Aque_Aqu2.1.21796-001;Slac_ENSLPGG00000020424	1.2188109824148507e-117	4.6809670520349146e-17	Aque_Aqu2.1.18813-001;Slac_ENSLPGG00000028380	1.5941414811933208e-143	0.001922912181932425	Aque_Aqu2.1.37095-001;Slac_ENSLPGG00000011766	1.7138617390298075e-107	1.6496190988449835e-52	Aque_Aqu2.1.42605-001;Slac_ENSLPGG00000011766	9.509180868415106e-59	1.5007955097605278e-06	Aque_Aqu2.1.40908-001;Slac_ENSLPGG00000015371	4.597924904219899e-109	3.24982642324781e-94	Aque_Aqu2.1.42605-001;Slac_ENSLPGG00000011766	9.509180868415106e-59	3.067324330221318e-62	Aque_Aqu2.1.28091-001;Slac_ENSLPGG00000011974	3.2719744868010964e-115	4.553275597361479e-205	Aque_Aqu2.1.18089-001;Slac_ENSLPGG00000022242	1.2135080684694851e-18	7.582033670849832e-18	Aque_Aqu2.1.43837-001;Slac_ENSLPGG00000030026	3.633913239667285e-111	1.8075330271513827e-63	Aque_Aqu2.1.26684-001;Slac_ENSLPGG00000017185	3.0985943890265298e-164	6.725487470921888e-05	Aque_Aqu2.1.14128-001;Slac_ENSLPGG00000018181	3.060442523617383e-19	9.763934351042776e-46										Aque_Aqu2.1.37137-001;Slac_ENSLPGG00000021127	1.643277675461539e-16	0.00026020690407486225	Aque_Aqu2.1.35513-001;Slac_ENSLPGG00000013069	8.033421574211273e-25	2.228833167443332e-21	Aque_Aqu2.1.31388-001;Slac_ENSLPGG00000022008	0.009403421798818682	1.5589144829574547e-18	Aque_Aqu2.1.43551-001;Slac_ENSLPGG00000007730	0.0005635633996396587	0.0	Aque_Aqu2.1.39672-001;Slac_ENSLPGG00000013283	6.3157949007109966e-09	3.255600133488331e-09	Aque_Aqu2.1.33501-001;Slac_ENSLPGG00000029438	6.179856405558701e-07	7.331105998220488e-07	Aque_Aqu2.1.43733-001;Slac_ENSLPGG00000008987	4.248328240934453e-206	6.53881726537894e-05	Aque_Aqu2.1.43267-001;Slac_ENSLPGG00000023417	8.90115453538391e-10	4.5229189213678597e-05	Aque_Aqu2.1.17173-001;Slac_ENSLPGG00000002432	3.3929307133703136e-17	0.00031650873365625257	Aque_Aqu2.1.44218-001;Slac_ENSLPGG00000015655	2.1931163753421432e-08	1.5555584095616784e-48	Aque_Aqu2.1.24511-001;Slac_ENSLPGG00000010168	4.874707324206489e-25	9.058687456132663e-08	Aque_Aqu2.1.35738-001;Slac_ENSLPGG00000022080	1.8665956946384734e-07	1.3764679304517367e-18				Aque_Aqu2.1.41892-001;Slac_ENSLPGG00000018987	5.2142493076430264e-14	1.3501043026864786e-122	Aque_Aqu2.1.38146-001;Slac_ENSLPGG00000012949	6.387586082111135e-11	9.33088039317304e-176	Aque_Aqu2.1.38146-001;Slac_ENSLPGG00000018391	6.387586082111135e-11	8.557416813620929e-05	Aque_Aqu2.1.36565-001;Slac_ENSLPGG00000020706	4.250044864508634e-18	0.00019249484478877987	Aque_Aqu2.1.28214-001;Slac_ENSLPGG00000015631	8.244866599655472e-18	1.9985066974402838e-16	Aque_Aqu2.1.43636-001;Slac_ENSLPGG00000029285	0.0008403213309444536	0.0009970633858510402	Aque_Aqu2.1.39203-001;Slac_ENSLPGG00000023764	1.1233610661314817e-06	4.716362101857494e-16	Aque_Aqu2.1.42548-001;Slac_ENSLPGG00000024879	0.0003896247604060393	8.785581495592809e-38	Aque_Aqu2.1.28194-001;Slac_ENSLPGG00000012945	0.0045912394646443755	8.412254111147953e-06	Aque_Aqu2.1.43366-001;Slac_ENSLPGG00000020618	0.0009760641292467516	5.012486692426846e-36	Aque_Aqu2.1.08677-001;Slac_ENSLPGG00000012055	0.0014342054706817178	0.00016476085217087362
Aque_Aqu2.1.07543-001;Slac_ENSLPGG00000028683	5.249550863120593e-114	4.6375173078021236e-76	Aque_Aqu2.1.44014-001;Slac_ENSLPGG00000009021	1.3224867554283511e-120	1.3290212788632013e-17	Aque_Aqu2.1.42605-001;Slac_ENSLPGG00000011766	9.509180868415106e-59	8.171608525494841e-15	Aque_Aqu2.1.09762-001;Slac_ENSLPGG00000011626	2.728546897831895e-124	8.032473389373455e-52	Aque_Aqu2.1.24263-001;Slac_ENSLPGG00000024124	6.882511556510769e-115	7.925025966358434e-54	Aque_Aqu2.1.24263-001;Slac_ENSLPGG00000024124	6.882511556510769e-115	1.1547952434041385e-27	Aque_Aqu2.1.44167-001;Slac_ENSLPGG00000002326	2.4503567949267662e-116	1.0565909144544696e-09	Aque_Aqu2.1.37747-001;Slac_ENSLPGG00000010195	1.520304058493942e-143	5.426005596368879e-18	Aque_Aqu2.1.40409-001;Slac_ENSLPGG00000002404	2.5626223762526347e-95	7.674548491933554e-77	Aque_Aqu2.1.43341-001;Slac_ENSLPGG00000007608	5.594181239016693e-111	1.357522624189862e-06	Aque_Aqu2.1.15787-001;Slac_ENSLPGG00000026812	7.592400004336438e-49	2.8191049339599397e-148	Aque_Aqu2.1.42490-001;Slac_ENSLPGG00000011256	3.576635191646024e-93	1.325616109535399e-36	Aque_Aqu2.1.22254-001;Slac_ENSLPGG00000009254	4.495098574013278e-89	2.089719913428027e-254	Aque_Aqu2.1.24985-001;Slac_ENSLPGG00000008927	1.6706084117909457e-19	4.196537548175195e-39	Aque_Aqu2.1.44138-001;Slac_ENSLPGG00000009965	2.4075529058832285e-84	1.6273027366350274e-71	Aque_Aqu2.1.37095-001;Slac_ENSLPGG00000011766	2.578541513280855e-81	3.9965383187050887e-87	Aque_Aqu2.1.37747-001;Slac_ENSLPGG00000010195	6.655105223624536e-120	2.896743808193686e-104										Aque_Aqu2.1.26998-001;Slac_ENSLPGG00000019065	3.197778486344573e-06	3.1496785989591547e-07	Aque_Aqu2.1.36606-001;Slac_ENSLPGG00000002171	5.622930540080185e-07	2.0039843010385572e-48	Aque_Aqu2.1.35211-001;Slac_ENSLPGG00000013069	1.877257799674659e-21	1.1207523709477493e-09	Aque_Aqu2.1.41482-001;Slac_ENSLPGG00000007158	2.2364060071655327e-10	1.3921670430557845e-07	Aque_Aqu2.1.43788-001;Slac_ENSLPGG00000030375	1.2849197808890718e-08	0.002058471191555939	Aque_Aqu2.1.42183-001;Slac_ENSLPGG00000015655	6.985331522353285e-12	1.5555584095616784e-48	Aque_Aqu2.1.29897-001;Slac_ENSLPGG00000020706	5.0549380283766635e-121	0.00016618681967649416	Aque_Aqu2.1.44676-001;Slac_ENSLPGG00000007525	0.0015947909906532027	1.0828951260361905e-08	Aque_Aqu2.1.38750-001;Slac_ENSLPGG00000014037	4.160461261776937e-93	1.8687999982522213e-07	Aque_Aqu2.1.35571-001;Slac_ENSLPGG00000010608	8.48223539700348e-12	1.4294544322162747e-07	Aque_Aqu2.1.38687-001;Slac_ENSLPGG00000023112	2.654488101058108e-41	1.3256903803873884e-05	Aque_Aqu2.1.22320-001;Slac_ENSLPGG00000015631	3.5353442002483155e-36	1.9985066974402838e-16				Aque_Aqu2.1.23692-001;Slac_ENSLPGG00000026194	1.2841772084763492e-19	1.969891307800923e-05	Aque_Aqu2.1.43555-001;Slac_ENSLPGG00000007730	9.172629855478385e-23	1.5161634843722148e-162	Aque_Aqu2.1.29862-001;Slac_ENSLPGG00000010736	1.5187831121386648e-33	2.0988989273194013e-05	Aque_Aqu2.1.38554-001;Slac_ENSLPGG00000014697	3.744897044029404e-35	0.00031433912419985853	Aque_Aqu2.1.41012-001;Slac_ENSLPGG00000018391	0.00027018571509218245	1.2564638542575937e-72	Aque_Aqu2.1.36015-001;Slac_ENSLPGG00000023417	5.248986130011033e-13	0.00040524561728669717	Aque_Aqu2.1.32600-001;Slac_ENSLPGG00000009612	9.637304403364936e-05	0.00011351860522038327	Aque_Aqu2.1.31381-001;Slac_ENSLPGG00000021402	8.747410743124555e-06	0.0016695858062930507	Aque_Aqu2.1.22535-001;Slac_ENSLPGG00000012055	2.039837320551659e-11	0.002697433047503326	Aque_Aqu2.1.34242-001;Slac_ENSLPGG00000003042	2.6636952879978064e-11	2.521055910025255e-41	Aque_Aqu2.1.27809-001;Slac_ENSLPGG00000018450	2.0059088829032213e-08	1.2506626872220576e-12
Aque_Aqu2.1.36105-001;Slac_ENSLPGG00000022449	8.927728054109878e-36	3.378233621973844e-73	Aque_Aqu2.1.14128-001;Slac_ENSLPGG00000018181	2.4522134152092073e-15	2.6290781450963708e-140	Aque_Aqu2.1.41260-001;Slac_ENSLPGG00000008330	1.638108573287336e-99	0.0006187278750774522	Aque_Aqu2.1.33740-001;Slac_ENSLPGG00000011571	1.0543340401031923e-102	9.652291852964913e-17	Aque_Aqu2.1.44138-001;Slac_ENSLPGG00000009965	8.430793710552281e-94	1.1911656614007344e-70	Aque_Aqu2.1.42490-001;Slac_ENSLPGG00000011256	3.576635191646024e-93	8.467130088264022e-23	Aque_Aqu2.1.37774-001;Slac_ENSLPGG00000007363	7.700554024937936e-21	8.377929929563119e-06	Aque_Aqu2.1.25378-001;Slac_ENSLPGG00000020432	3.4926863395162285e-66	0.0002228065257354403	Aque_Aqu2.1.39934-001;Slac_ENSLPGG00000026505	4.277056854050607e-115	8.549588987364409e-116	Aque_Aqu2.1.33740-001;Slac_ENSLPGG00000014397	1.0543340401031923e-102	0.00033559911173862986	Aque_Aqu2.1.21796-001;Slac_ENSLPGG00000020424	1.2188109824148507e-117	3.3723137177230222e-102	Aque_Aqu2.1.41308-001;Slac_ENSLPGG00000009291	4.0631799851115316e-122	3.3417076136284614e-07	Aque_Aqu2.1.40739-001;Slac_ENSLPGG00000007249	3.550023227598492e-108	1.6357442903822157e-179	Aque_Aqu2.1.18688-001;Slac_ENSLPGG00000019766	3.3105307818191595e-103	1.702194036238849e-29	Aque_Aqu2.1.37079-001;Slac_ENSLPGG00000014397	1.2666589382809771e-121	1.0741231000141901e-80	Aque_Aqu2.1.18688-001;Slac_ENSLPGG00000019766	3.3105307818191595e-103	4.543643521587524e-77	Aque_Aqu2.1.34247-001;Slac_ENSLPGG00000018181	2.2779810691546104e-47	9.763934351042776e-46										Aque_Aqu2.1.23245-001;Slac_ENSLPGG00000013844	6.412219767578961e-13	1.7058538510207692e-102	Aque_Aqu2.1.33622-001;Slac_ENSLPGG00000016891	3.31852085524485e-07	1.1066745948069943e-10	Aque_Aqu2.1.33622-001;Slac_ENSLPGG00000002171	3.31852085524485e-07	2.5730742542634384e-20	Aque_Aqu2.1.38750-001;Slac_ENSLPGG00000013069	2.625604464614801e-12	0.0016809129201524017	Aque_Aqu2.1.23247-001;Slac_ENSLPGG00000013844	1.1200245995874174e-06	9.178588959256085e-176	Aque_Aqu2.1.36625-001;Slac_ENSLPGG00000007180	1.3315438871341146e-11	0.00514118893440922	Aque_Aqu2.1.33612-001;Slac_ENSLPGG00000010506	2.364364427309774e-10	1.6813378010395353e-09	Aque_Aqu2.1.42183-001;Slac_ENSLPGG00000015655	3.3931647854373665e-10	0.001643061116721589	Aque_Aqu2.1.35211-001;Slac_ENSLPGG00000013069	1.0980787290419444e-30	2.228833167443332e-21	Aque_Aqu2.1.27832-001;Slac_ENSLPGG00000004127	5.884935948591738e-05	9.129600555384957e-07	Aque_Aqu2.1.25858-001;Slac_ENSLPGG00000003239	5.683206485678387e-42	3.124456223400405e-05	Aque_Aqu2.1.21248-001;Slac_ENSLPGG00000009981	2.1316785119627852e-35	1.8545782655560226e-12				Aque_Aqu2.1.28214-001;Slac_ENSLPGG00000015631	8.244866599655472e-18	1.3544945094291961e-13	Aque_Aqu2.1.40997-001;Slac_ENSLPGG00000019726	3.831716522362373e-96	3.693794179985513e-95	Aque_Aqu2.1.24987-001;Slac_ENSLPGG00000003239	1.0504102619364857e-17	0.0024448657731185493	Aque_Aqu2.1.24276-001;Slac_ENSLPGG00000022619	2.486556444344543e-15	2.437952895121367e-10	Aque_Aqu2.1.43637-001;Slac_ENSLPGG00000029928	8.152574204947499e-32	5.964734464321405e-23	Aque_Aqu2.1.37818-001;Slac_ENSLPGG00000010551	4.366072114981543e-05	0.0037588386462812434	Aque_Aqu2.1.41071-001;Slac_ENSLPGG00000024858	2.2400208669496252e-18	6.9410689420013476e-34	Aque_Aqu2.1.24524-001;Slac_ENSLPGG00000021665	0.008870780270155901	0.0015092085568713099	Aque_Aqu2.1.28223-001;Slac_ENSLPGG00000007525	0.0016953682702729052	9.445652553469198e-05	Aque_Aqu2.1.40905-001;Slac_ENSLPGG00000015198	1.5343978603673963e-12	4.591205690629712e-20	Aque_Aqu2.1.42534-001;Slac_ENSLPGG00000001013	0.008079812207691493	1.3364579252457851e-08
Aque_Aqu2.1.44014-001;Slac_ENSLPGG00000009021	1.3224867554283511e-120	2.180674028483158e-84	Aque_Aqu2.1.34476-001;Slac_ENSLPGG00000009693	1.1365096649262665e-143	1.3137757178477223e-59	Aque_Aqu2.1.42490-001;Slac_ENSLPGG00000011256	3.576635191646024e-93	1.2800892639769145e-11	Aque_Aqu2.1.42087-001;Slac_ENSLPGG00000022449	4.453201835818651e-25	3.9730325797462426e-21	Aque_Aqu2.1.32963-001;Slac_ENSLPGG00000006527	4.7320394813194234e-185	0.00010759640320559511	Aque_Aqu2.1.42087-001;Slac_ENSLPGG00000022449	4.453201835818651e-25	3.482526706784857e-10	Aque_Aqu2.1.18688-001;Slac_ENSLPGG00000019766	1.5079384116635895e-120	3.6146614393435956e-09	Aque_Aqu2.1.40409-001;Slac_ENSLPGG00000002404	2.5626223762526347e-95	2.1567298403370677e-06	Aque_Aqu2.1.38196-001;Slac_ENSLPGG00000005591	2.7056507229478046e-24	1.3805247588260119e-12	Aque_Aqu2.1.37762-001;Slac_ENSLPGG00000010260	1.6015037883301053e-113	1.242759381537498e-08	Aque_Aqu2.1.19270-001;Slac_ENSLPGG00000014669	3.5649902187242884e-79	4.906275970111657e-27	Aque_Aqu2.1.28816-001;Slac_ENSLPGG00000010719	1.0840523851845123e-95	4.1267598707302496e-42	Aque_Aqu2.1.29050-001;Slac_ENSLPGG00000007086	2.39111737457902e-116	1.916579196003528e-87	Aque_Aqu2.1.26386-001;Slac_ENSLPGG00000010983	2.0957315784869368e-55	5.577151150106159e-13	Aque_Aqu2.1.24263-001;Slac_ENSLPGG00000024124	5.014452326172999e-104	3.97655136256301e-43	Aque_Aqu2.1.33925-001;Slac_ENSLPGG00000001999	4.9886829343618893e-113	2.68549045416573e-54	Aque_Aqu2.1.43964-001;Slac_ENSLPGG00000027192	5.5993745342701726e-92	3.125500261253901e-08										Aque_Aqu2.1.21208-001;Slac_ENSLPGG00000013772	0.009823782723145305	7.549622149393028e-16	Aque_Aqu2.1.28495-001;Slac_ENSLPGG00000023963	3.050594406121623e-25	6.68653400023443e-06	Aque_Aqu2.1.01979-001;Slac_ENSLPGG00000007158	0.007012591066954428	4.969353227696443e-20	Aque_Aqu2.1.41660-001;Slac_ENSLPGG00000015815	0.00678209924781447	0.00011533196281538155	Aque_Aqu2.1.35513-001;Slac_ENSLPGG00000014037	8.033421574211273e-25	1.944880288931169e-09	Aque_Aqu2.1.44218-001;Slac_ENSLPGG00000010520	0.0017425631109025657	1.3012214805479853e-10	Aque_Aqu2.1.37473-001;Slac_ENSLPGG00000022008	0.005287152186636688	2.0774272697276016e-77	Aque_Aqu2.1.31388-001;Slac_ENSLPGG00000021402	0.009425638668166618	3.2871999979884383e-05	Aque_Aqu2.1.19922-001;Slac_ENSLPGG00000015888	1.1973175788444056e-06	1.414267117274712e-109	Aque_Aqu2.1.36125-001;Slac_ENSLPGG00000020586	3.31080923134324e-59	4.174689950786955e-05	Aque_Aqu2.1.37112-001;Slac_ENSLPGG00000014949	4.6928004436226405e-11	1.6205240859255104e-51	Aque_Aqu2.1.35503-001;Slac_ENSLPGG00000003499	6.524992042139891e-05	5.716635146386202e-99				Aque_Aqu2.1.43674-001;Slac_ENSLPGG00000001139	4.20083387372124e-06	1.5864479285115916e-66	Aque_Aqu2.1.37112-001;Slac_ENSLPGG00000014949	0.004695475713269114	2.611907680985946e-165	Aque_Aqu2.1.37486-001;Slac_ENSLPGG00000008996	5.791765336917085e-10	1.8020173989883424e-05	Aque_Aqu2.1.23239-001;Slac_ENSLPGG00000005134	7.943361772072874e-20	8.764793364384847e-09	Aque_Aqu2.1.38390-001;Slac_ENSLPGG00000005134	3.283777108141531e-31	1.8972048888182136e-07	Aque_Aqu2.1.40997-001;Slac_ENSLPGG00000019726	1.1246864081167407e-15	3.856878434194793e-11	Aque_Aqu2.1.25768-001;Slac_ENSLPGG00000014205	2.222481593243513e-07	8.273456498889516e-13	Aque_Aqu2.1.22592-001;Slac_ENSLPGG00000000696	0.00023764189344227955	0.00551404239726801	Aque_Aqu2.1.29717-001;Slac_ENSLPGG00000007301	7.19876435422707e-05	6.059651083039756e-05	Aque_Aqu2.1.28489-001;Slac_ENSLPGG00000009116	9.545208622355646e-11	1.938637425975692e-130	Aque_Aqu2.1.25768-001;Slac_ENSLPGG00000008607	7.409015990743464e-05	0.008127844820508321
Aque_Aqu2.1.18688-001;Slac_ENSLPGG00000019766	1.5079384116635895e-120	4.597560006924467e-208	Aque_Aqu2.1.37774-001;Slac_ENSLPGG00000007363	7.700554024937936e-21	1.0730688891472475e-22	Aque_Aqu2.1.28570-001;Slac_ENSLPGG00000017185	6.837768357397875e-22	1.0621440024198682e-13	Aque_Aqu2.1.22254-001;Slac_ENSLPGG00000009254	1.7812566036149077e-133	1.0113333392263954e-55	Aque_Aqu2.1.41635-001;Slac_ENSLPGG00000019527	1.35534995308407e-94	1.8922541771844733e-36	Aque_Aqu2.1.36105-001;Slac_ENSLPGG00000022449	8.927728054109878e-36	3.482526706784857e-10	Aque_Aqu2.1.22254-001;Slac_ENSLPGG00000009254	1.7812566036149077e-133	6.653823666063128e-09	Aque_Aqu2.1.41587-001;Slac_ENSLPGG00000026851	6.284211007424334e-22	0.005766341009365526	Aque_Aqu2.1.41260-001;Slac_ENSLPGG00000008330	1.638108573287336e-99	1.9285434804500765e-19	Aque_Aqu2.1.09762-001;Slac_ENSLPGG00000011626	2.728546897831895e-124	0.004241797488167865	Aque_Aqu2.1.18688-001;Slac_ENSLPGG00000019766	1.5079384116635895e-120	4.543643521587524e-77	Aque_Aqu2.1.26386-001;Slac_ENSLPGG00000010983	1.5137191822064672e-111	0.0002724690223837942	Aque_Aqu2.1.42605-001;Slac_ENSLPGG00000011766	9.323559791297775e-115	4.981341181502007e-22	Aque_Aqu2.1.37095-001;Slac_ENSLPGG00000011766	2.578541513280855e-81	9.830051101160761e-32	Aque_Aqu2.1.27063-001;Slac_ENSLPGG00000023230	6.861052758461508e-93	3.4308734163021705e-35	Aque_Aqu2.1.25682-001;Slac_ENSLPGG00000019196	4.6746242325897114e-116	1.1135567848493352e-11	Aque_Aqu2.1.42490-001;Slac_ENSLPGG00000011256	1.94471897413777e-79	1.325616109535399e-36										Aque_Aqu2.1.39702-001;Slac_ENSLPGG00000018940	3.839636538726795e-05	3.982202541621683e-07	Aque_Aqu2.1.37112-001;Slac_ENSLPGG00000014949	7.988764884310961e-19	1.1948375898754562e-64	Aque_Aqu2.1.42151-001;Slac_ENSLPGG00000008996	0.0002867980365569547	8.656770680653274e-05	Aque_Aqu2.1.29897-001;Slac_ENSLPGG00000020706	1.4875472874532206e-11	0.00019249484478877987	Aque_Aqu2.1.25014-001;Slac_ENSLPGG00000020504	1.507831611836693e-06	0.0006301460132175903	Aque_Aqu2.1.41386-001;Slac_ENSLPGG00000026030	1.2320508331074966e-08	2.630440636098749e-06	Aque_Aqu2.1.35513-001;Slac_ENSLPGG00000013069	1.9223474439878673e-49	4.510390699375658e-16	Aque_Aqu2.1.20511-001;Slac_ENSLPGG00000016836	1.2536022085207058e-42	0.0010563928375539819	Aque_Aqu2.1.27228-001;Slac_ENSLPGG00000025642	3.237200369837252e-45	6.150472186775764e-43	Aque_Aqu2.1.32241-001;Slac_ENSLPGG00000023350	9.446383970278894e-11	0.0009776894267064676	Aque_Aqu2.1.36125-001;Slac_ENSLPGG00000018774	3.31080923134324e-59	0.0059141423288884215	Aque_Aqu2.1.43984-001;Slac_ENSLPGG00000002394	5.614857868454323e-142	5.007210728751153e-45				Aque_Aqu2.1.14505-001;Slac_ENSLPGG00000014205	4.1608280773534837e-17	8.529006203565522e-47	Aque_Aqu2.1.23239-001;Slac_ENSLPGG00000009380	7.943361772072874e-20	2.292414534820821e-11	Aque_Aqu2.1.41190-001;Slac_ENSLPGG00000009380	3.070020325785256e-26	0.00031224632296336636	Aque_Aqu2.1.23239-001;Slac_ENSLPGG00000009380	7.943361772072874e-20	3.538907005608493e-07	Aque_Aqu2.1.31388-001;Slac_ENSLPGG00000022008	0.004760476945746735	1.2662397728282719e-93	Aque_Aqu2.1.44167-001;Slac_ENSLPGG00000002326	1.351059440325853e-06	8.102529106634384e-06	Aque_Aqu2.1.30847-001;Slac_ENSLPGG00000006723	1.0199974448186124e-12	1.0097123505710865e-270	Aque_Aqu2.1.38675-001;Slac_ENSLPGG00000021076	0.0005141603881443814	2.17492976480599e-06	Aque_Aqu2.1.41583-001;Slac_ENSLPGG00000030274	3.1649988563463466e-09	0.009081251760805393	Aque_Aqu2.1.14505-001;Slac_ENSLPGG00000012981	0.0012907827016655612	1.9635955399465848e-264	Aque_Aqu2.1.29717-001;Slac_ENSLPGG00000007301	7.19876435422707e-05	1.8346386559578728e-15
Aque_Aqu2.1.32930-001;Slac_ENSLPGG00000028683	7.663138857997222e-90	4.6375173078021236e-76	Aque_Aqu2.1.23425-001;Slac_ENSLPGG00000021584	2.4250333501045333e-55	6.413530410769873e-10	Aque_Aqu2.1.37774-001;Slac_ENSLPGG00000008927	7.700554024937936e-21	7.784903500869747e-07	Aque_Aqu2.1.18813-001;Slac_ENSLPGG00000028380	1.5941414811933208e-143	4.70408825434754e-28	Aque_Aqu2.1.44014-001;Slac_ENSLPGG00000009021	1.3224867554283511e-120	3.22343422735669e-21	Aque_Aqu2.1.25378-001;Slac_ENSLPGG00000020432	3.4926863395162285e-66	5.3407137558662484e-11	Aque_Aqu2.1.43964-001;Slac_ENSLPGG00000027192	2.812363658409223e-98	0.0007635811007991826	Aque_Aqu2.1.33740-001;Slac_ENSLPGG00000014397	1.0543340401031923e-102	2.2763008473760041e-07	Aque_Aqu2.1.37747-001;Slac_ENSLPGG00000010195	1.520304058493942e-143	7.49018270378121e-168	Aque_Aqu2.1.37974-001;Slac_ENSLPGG00000010195	2.4185485011480635e-14	2.5797407892562313e-17	Aque_Aqu2.1.43309-001;Slac_ENSLPGG00000007673	1.4807065078763136e-142	2.5463738690263247e-08	Aque_Aqu2.1.25682-001;Slac_ENSLPGG00000019196	1.2153315557323154e-117	7.573985717877397e-10	Aque_Aqu2.1.18813-001;Slac_ENSLPGG00000028380	1.3448663550898067e-72	2.161155439330363e-245	Aque_Aqu2.1.22535-001;Slac_ENSLPGG00000012055	1.1722358730276902e-98	5.3016134566162584e-05	Aque_Aqu2.1.27559-001;Slac_ENSLPGG00000010731	5.710407786706235e-63	5.5460858294258525e-49	Aque_Aqu2.1.40409-001;Slac_ENSLPGG00000002404	9.41931952184278e-85	9.815004145753709e-64	Aque_Aqu2.1.26225-001;Slac_ENSLPGG00000004270	1.096369540214057e-115	5.5939506155391114e-40										Aque_Aqu2.1.39671-001;Slac_ENSLPGG00000012011	4.793950567183939e-08	3.1442799037072e-45	Aque_Aqu2.1.31388-001;Slac_ENSLPGG00000009899	0.009403421798818682	4.306103161244151e-26	Aque_Aqu2.1.24987-001;Slac_ENSLPGG00000003239	1.6948309903525678e-12	0.00011648380655189963	Aque_Aqu2.1.41482-001;Slac_ENSLPGG00000001139	2.2364060071655327e-10	4.345251405310324e-05	Aque_Aqu2.1.22812-001;Slac_ENSLPGG00000020504	1.4294337113458468e-05	0.0006301460132175903	Aque_Aqu2.1.30847-001;Slac_ENSLPGG00000006723	2.1000782837849874e-45	7.79951365681538e-119	Aque_Aqu2.1.43264-001;Slac_ENSLPGG00000022080	0.00010354402561118752	4.9859575034671734e-24	Aque_Aqu2.1.31386-001;Slac_ENSLPGG00000021402	1.9939436211890793e-10	3.2871999979884383e-05	Aque_Aqu2.1.33612-001;Slac_ENSLPGG00000016891	2.364364427309774e-10	1.1066745948069943e-10	Aque_Aqu2.1.36223-001;Slac_ENSLPGG00000026242	1.4394008307679529e-11	1.0657543622773938e-09	Aque_Aqu2.1.25858-001;Slac_ENSLPGG00000012471	5.683206485678387e-42	0.005559596267054266	Aque_Aqu2.1.44140-001;Slac_ENSLPGG00000009116	3.48170003993214e-101	1.187914787539918e-27				Aque_Aqu2.1.27256-001;Slac_ENSLPGG00000005340	7.575811414384171e-16	2.5341649857850972e-06	Aque_Aqu2.1.41190-001;Slac_ENSLPGG00000005134	3.070020325785256e-26	3.881947193937805e-19	Aque_Aqu2.1.21880-001;Slac_ENSLPGG00000008528	1.2898596676934027e-28	9.878757970640386e-09	Aque_Aqu2.1.38560-001;Slac_ENSLPGG00000006923	1.0497286366750963e-20	3.307803204970514e-13	Aque_Aqu2.1.36565-001;Slac_ENSLPGG00000020706	4.250044864508634e-18	0.00012637943545231424	Aque_Aqu2.1.12854-001;Slac_ENSLPGG00000000928	1.7405739773080272e-06	0.006783896423522813	Aque_Aqu2.1.33571-001;Slac_ENSLPGG00000024371	1.4882111977056135e-18	2.804938429690372e-05	Aque_Aqu2.1.22401-001;Slac_ENSLPGG00000012774	2.307607525103833e-09	0.0019037907158591493	Aque_Aqu2.1.28570-001;Slac_ENSLPGG00000011888	0.00023281500164788895	0.003073647730775019	Aque_Aqu2.1.40905-001;Slac_ENSLPGG00000011374	1.5343978603673963e-12	7.246167802767974e-21	Aque_Aqu2.1.34374-001;Slac_ENSLPGG00000010554	0.0011299039353154568	7.1126373562520085e-31
Aque_Aqu2.1.42087-001;Slac_ENSLPGG00000022449	4.453201835818651e-25	3.378233621973844e-73	Aque_Aqu2.1.38196-001;Slac_ENSLPGG00000005591	2.7056507229478046e-24	9.889588770014423e-19	Aque_Aqu2.1.34241-001;Slac_ENSLPGG00000020856	7.816229863606503e-118	0.0003490914718800059	Aque_Aqu2.1.28816-001;Slac_ENSLPGG00000010719	1.0840523851845123e-95	5.271986322958044e-50	Aque_Aqu2.1.35782-001;Slac_ENSLPGG00000006246	1.2434888697369219e-92	1.5296111144191326e-60	Aque_Aqu2.1.41308-001;Slac_ENSLPGG00000009291	4.0631799851115316e-122	2.466726930588238e-06	Aque_Aqu2.1.41195-001;Slac_ENSLPGG00000011674	1.6646534696328347e-107	0.00019946325604243607	Aque_Aqu2.1.34241-001;Slac_ENSLPGG00000020856	7.816229863606503e-118	0.002668911714969903	Aque_Aqu2.1.33636-001;Slac_ENSLPGG00000022969	1.2164548748428428e-123	1.046845666762014e-38	Aque_Aqu2.1.41071-001;Slac_ENSLPGG00000024858	6.710109806428675e-67	0.003884985583675235	Aque_Aqu2.1.42605-001;Slac_ENSLPGG00000011766	9.509180868415106e-59	3.9965383187050887e-87	Aque_Aqu2.1.34247-001;Slac_ENSLPGG00000018181	5.995179413289e-67	9.763934351042776e-46	Aque_Aqu2.1.07543-001;Slac_ENSLPGG00000028683	2.2375104375717277e-93	4.6375173078021236e-76	Aque_Aqu2.1.38546-001;Slac_ENSLPGG00000004809	6.064527971798808e-88	1.4313808207016338e-87	Aque_Aqu2.1.37079-001;Slac_ENSLPGG00000011571	1.2666589382809771e-121	9.652291852964913e-17	Aque_Aqu2.1.14128-001;Slac_ENSLPGG00000018181	3.060442523617383e-19	3.630673637054969e-70	Aque_Aqu2.1.41260-001;Slac_ENSLPGG00000008330	2.904703574652158e-114	0.0024588751088620055										Aque_Aqu2.1.35513-001;Slac_ENSLPGG00000013069	8.033421574211273e-25	4.510390699375658e-16	Aque_Aqu2.1.33622-001;Slac_ENSLPGG00000002171	3.31852085524485e-07	2.0039843010385572e-48	Aque_Aqu2.1.44218-001;Slac_ENSLPGG00000015655	1.5630724984533242e-08	3.8185501242099067e-13	Aque_Aqu2.1.39672-001;Slac_ENSLPGG00000022031	6.3157949007109966e-09	0.009696082349253645	Aque_Aqu2.1.40890-001;Slac_ENSLPGG00000029707	0.0037159633453467686	9.83056300552001e-05	Aque_Aqu2.1.22580-001;Slac_ENSLPGG00000006423	9.229202619985348e-11	3.266166105766691e-05	Aque_Aqu2.1.28492-001;Slac_ENSLPGG00000011327	1.2990573900827222e-105	0.0016877695055628826	Aque_Aqu2.1.43551-001;Slac_ENSLPGG00000018987	1.0046936470645059e-10	3.0882825093222114e-93	Aque_Aqu2.1.21171-001;Slac_ENSLPGG00000013199	4.745138392024275e-06	1.0496858868543773e-18	Aque_Aqu2.1.39632-001;Slac_ENSLPGG00000026678	0.0014645328315261795	3.66775672474161e-15	Aque_Aqu2.1.23244-001;Slac_ENSLPGG00000014386	1.0885934844745446e-29	1.493154584726633e-20	Aque_Aqu2.1.44676-001;Slac_ENSLPGG00000018987	0.0015947909906532027	8.336789136783278e-158				Aque_Aqu2.1.23371-001;Slac_ENSLPGG00000028025	2.814354895128478e-35	1.9481484135242517e-27	Aque_Aqu2.1.28223-001;Slac_ENSLPGG00000007730	1.3844036382592803e-13	1.5161634843722148e-162	Aque_Aqu2.1.23239-001;Slac_ENSLPGG00000009625	7.943361772072874e-20	0.0006686198455407605	Aque_Aqu2.1.40044-001;Slac_ENSLPGG00000010574	2.8322222814374473e-28	1.624723813509285e-05	Aque_Aqu2.1.14505-001;Slac_ENSLPGG00000023276	4.1608280773534837e-17	5.006232055107248e-07	Aque_Aqu2.1.25378-001;Slac_ENSLPGG00000020432	1.9845420551308463e-05	0.000886130558872144	Aque_Aqu2.1.41603-001;Slac_ENSLPGG00000019656	0.0005643144128126425	8.398405153558724e-07	Aque_Aqu2.1.41622-001;Slac_ENSLPGG00000016003	9.37433589323078e-05	6.560394600008866e-05	Aque_Aqu2.1.42282-001;Slac_ENSLPGG00000028347	0.0015334814386747913	0.0006031578790306616	Aque_Aqu2.1.25768-001;Slac_ENSLPGG00000014205	7.409015990743464e-05	8.273456498889516e-13	Aque_Aqu2.1.37477-001;Slac_ENSLPGG00000000542	6.263290571875139e-07	3.099426756033854e-05
Aque_Aqu2.1.24263-001;Slac_ENSLPGG00000024124	6.882511556510769e-115	2.1492171043435602e-195	Aque_Aqu2.1.43382-001;Slac_ENSLPGG00000004594	1.0768824237806037e-94	2.508092913189325e-77	Aque_Aqu2.1.34247-001;Slac_ENSLPGG00000018181	5.995179413289e-67	6.625776344049934e-19	Aque_Aqu2.1.41308-001;Slac_ENSLPGG00000009291	4.0631799851115316e-122	4.448179773486513e-08	Aque_Aqu2.1.33543-001;Slac_ENSLPGG00000028631	2.8949349109542336e-49	1.0791617082920512e-129	Aque_Aqu2.1.28647-001;Slac_ENSLPGG00000010538	1.7976193812861958e-143	8.244759702388908e-21	Aque_Aqu2.1.33740-001;Slac_ENSLPGG00000014397	1.0543340401031923e-102	2.5487959161945637e-12	Aque_Aqu2.1.39934-001;Slac_ENSLPGG00000026505	4.277056854050607e-115	2.0967057261215738e-11	Aque_Aqu2.1.38191-001;Slac_ENSLPGG00000001288	5.740348681209968e-44	1.312343505988986e-07	Aque_Aqu2.1.34247-001;Slac_ENSLPGG00000018181	5.995179413289e-67	6.617949916273581e-06	Aque_Aqu2.1.24263-001;Slac_ENSLPGG00000024124	6.882511556510769e-115	1.363121049963116e-70	Aque_Aqu2.1.35077-001;Slac_ENSLPGG00000017593	1.9812419822161078e-144	1.3105313086386556e-26	Aque_Aqu2.1.41064-001;Slac_ENSLPGG00000022135	8.580551927005869e-23	9.957479700073277e-78	Aque_Aqu2.1.37747-001;Slac_ENSLPGG00000010195	6.655105223624536e-120	7.930255897158772e-108	Aque_Aqu2.1.31194-001;Slac_ENSLPGG00000008469	1.2800872678568997e-122	2.534308682211694e-96	Aque_Aqu2.1.29050-001;Slac_ENSLPGG00000007086	2.39111737457902e-116	2.7883040289054695e-28	Aque_Aqu2.1.40409-001;Slac_ENSLPGG00000002404	9.41931952184278e-85	1.0897632774817543e-34										Aque_Aqu2.1.37112-001;Slac_ENSLPGG00000014949	7.988764884310961e-19	2.5978137145777256e-54	Aque_Aqu2.1.26998-001;Slac_ENSLPGG00000019065	3.197778486344573e-06	5.413313929192906e-06	Aque_Aqu2.1.26998-001;Slac_ENSLPGG00000019065	3.197778486344573e-06	0.004592237966067324	Aque_Aqu2.1.34140-001;Slac_ENSLPGG00000007158	1.662739836406084e-09	1.3921670430557845e-07	Aque_Aqu2.1.39671-001;Slac_ENSLPGG00000012011	4.793950567183939e-08	1.1461434224617746e-27	Aque_Aqu2.1.34263-001;Slac_ENSLPGG00000015631	1.0760315215462707e-39	8.896789141331552e-11	Aque_Aqu2.1.21248-001;Slac_ENSLPGG00000009981	2.1316785119627852e-35	1.474216936314854e-17	Aque_Aqu2.1.17816-001;Slac_ENSLPGG00000001139	1.1230267612856121e-05	2.1318647841890573e-07	Aque_Aqu2.1.43264-001;Slac_ENSLPGG00000017003	0.00010354402561118752	4.297900760302106e-09	Aque_Aqu2.1.42577-001;Slac_ENSLPGG00000000077	1.197088910208358e-165	0.0036103666984574636	Aque_Aqu2.1.27335-001;Slac_ENSLPGG00000014139	5.250698117229157e-60	0.004431977374033645	Aque_Aqu2.1.23690-001;Slac_ENSLPGG00000015631	2.8167288445973896e-25	1.9985066974402838e-16				Aque_Aqu2.1.29098-001;Slac_ENSLPGG00000028392	0.0022163606697167436	2.5589657231536292e-05	Aque_Aqu2.1.36574-001;Slac_ENSLPGG00000012140	0.0004940940652812278	8.571097025114353e-39	Aque_Aqu2.1.29714-001;Slac_ENSLPGG00000008036	7.391576077219849e-08	1.1773306342654704e-10	Aque_Aqu2.1.34863-001;Slac_ENSLPGG00000012140	7.856949568546215e-16	1.0581014950202239e-19	Aque_Aqu2.1.24276-001;Slac_ENSLPGG00000022619	2.486556444344543e-15	5.324784498316112e-15	Aque_Aqu2.1.32713-001;Slac_ENSLPGG00000008029	0.0018930843638392614	0.006415672278706669	Aque_Aqu2.1.40965-001;Slac_ENSLPGG00000017617	0.00030243385921234874	0.0016309099055657457	Aque_Aqu2.1.36501-001;Slac_ENSLPGG00000012340	2.1644269563366076e-05	1.5494796650817496e-12	Aque_Aqu2.1.42279-001;Slac_ENSLPGG00000013141	0.0020643865598830137	0.00016839313850927336	Aque_Aqu2.1.42279-001;Slac_ENSLPGG00000013141	0.0020643865598830137	2.7587348333813334e-25	Aque_Aqu2.1.14505-001;Slac_ENSLPGG00000012981	0.0012907827016655612	9.203590270540581e-15
Aque_Aqu2.1.44138-001;Slac_ENSLPGG00000009965	8.430793710552281e-94	2.491111184419854e-253	Aque_Aqu2.1.23425-001;Slac_ENSLPGG00000024534	2.4250333501045333e-55	8.111986096029365e-09	Aque_Aqu2.1.28816-001;Slac_ENSLPGG00000010719	1.0840523851845123e-95	2.219879877543889e-08	Aque_Aqu2.1.33740-001;Slac_ENSLPGG00000014397	1.0543340401031923e-102	1.0741231000141901e-80	Aque_Aqu2.1.28647-001;Slac_ENSLPGG00000010538	1.7976193812861958e-143	5.225926807582081e-46	Aque_Aqu2.1.44138-001;Slac_ENSLPGG00000009965	8.430793710552281e-94	1.4505374988335381e-30	Aque_Aqu2.1.43341-001;Slac_ENSLPGG00000007608	5.594181239016693e-111	1.254888485976489e-14	Aque_Aqu2.1.33636-001;Slac_ENSLPGG00000022969	1.2164548748428428e-123	0.0030474387772628296	Aque_Aqu2.1.37774-001;Slac_ENSLPGG00000005401	7.700554024937936e-21	8.12420814480801e-72	Aque_Aqu2.1.40739-001;Slac_ENSLPGG00000007249	1.6754096759265384e-122	4.404426619847216e-06	Aque_Aqu2.1.33740-001;Slac_ENSLPGG00000014397	1.0543340401031923e-102	7.557148084105279e-86	Aque_Aqu2.1.37747-001;Slac_ENSLPGG00000010195	1.520304058493942e-143	2.896743808193686e-104	Aque_Aqu2.1.32930-001;Slac_ENSLPGG00000028683	9.619890798086396e-71	4.6375173078021236e-76	Aque_Aqu2.1.28816-001;Slac_ENSLPGG00000010719	1.0556612831787429e-115	6.132170660706385e-07	Aque_Aqu2.1.25862-001;Slac_ENSLPGG00000018181	1.7601901330525903e-103	7.496422331427468e-29	Aque_Aqu2.1.18353-001;Slac_ENSLPGG00000017904	6.178257458042465e-65	7.430822732872599e-09	Aque_Aqu2.1.43382-001;Slac_ENSLPGG00000004594	1.45329483825909e-104	5.347484449064201e-24										Aque_Aqu2.1.28492-001;Slac_ENSLPGG00000009453	4.609852878565774e-24	6.590504302001542e-85	Aque_Aqu2.1.28944-001;Slac_ENSLPGG00000014432	3.6090163242932247e-32	3.5238771670323136e-06	Aque_Aqu2.1.37101-001;Slac_ENSLPGG00000015112	1.5336636022433145e-08	0.0002902087639971218	Aque_Aqu2.1.30867-001;Slac_ENSLPGG00000007158	8.811394793769746e-08	1.3921670430557845e-07	Aque_Aqu2.1.26998-001;Slac_ENSLPGG00000006271	3.197778486344573e-06	9.73403041830119e-05	Aque_Aqu2.1.43986-001;Slac_ENSLPGG00000003719	2.1923231774007254e-05	2.9232553204569993e-05	Aque_Aqu2.1.42077-001;Slac_ENSLPGG00000024184	2.0833804932494515e-41	6.4605472536108685e-28	Aque_Aqu2.1.22984-001;Slac_ENSLPGG00000003607	0.0015195175494377914	0.009810651529200387	Aque_Aqu2.1.44197-001;Slac_ENSLPGG00000001139	1.6113923010411783e-24	1.364164359996385e-34	Aque_Aqu2.1.33497-001;Slac_ENSLPGG00000028361	0.002766460408038752	7.91960121547444e-05	Aque_Aqu2.1.44676-001;Slac_ENSLPGG00000007525	0.0015947909906532027	3.9611081585269763e-32	Aque_Aqu2.1.34848-001;Slac_ENSLPGG00000007243	1.661784128891757e-14	3.0422181760762074e-14				Aque_Aqu2.1.31551-001;Slac_ENSLPGG00000001139	0.0004550419940629617	1.5864479285115916e-66	Aque_Aqu2.1.43995-001;Slac_ENSLPGG00000002394	1.2817282397478916e-13	1.4512784716372902e-32	Aque_Aqu2.1.34140-001;Slac_ENSLPGG00000007158	1.0121820050408576e-29	3.092012612494674e-08	Aque_Aqu2.1.41892-001;Slac_ENSLPGG00000007525	5.2142493076430264e-14	3.9611081585269763e-32	Aque_Aqu2.1.33622-001;Slac_ENSLPGG00000013283	1.708447263117159e-16	3.255600133488331e-09	Aque_Aqu2.1.37816-001;Slac_ENSLPGG00000008029	0.00680584638096658	0.006415672278706669	Aque_Aqu2.1.22592-001;Slac_ENSLPGG00000000696	0.00023764189344227955	8.429042821774979e-18	Aque_Aqu2.1.29863-001;Slac_ENSLPGG00000011813	0.00233887121223274	2.1281083562576877e-15	Aque_Aqu2.1.39784-001;Slac_ENSLPGG00000012945	0.00499087858669987	8.412254111147953e-06	Aque_Aqu2.1.28240-001;Slac_ENSLPGG00000013965	0.00045718292299023946	0.002067798124046298	Aque_Aqu2.1.28194-001;Slac_ENSLPGG00000012945	0.0045912394646443755	9.889582370678929e-13
Aque_Aqu2.1.40739-001;Slac_ENSLPGG00000007249	1.6754096759265384e-122	1.6357442903822157e-179	Aque_Aqu2.1.39902-001;Slac_ENSLPGG00000021584	9.107093425514649e-48	6.413530410769873e-10	Aque_Aqu2.1.25378-001;Slac_ENSLPGG00000020432	3.4926863395162285e-66	0.005363564324950991	Aque_Aqu2.1.24263-001;Slac_ENSLPGG00000024124	6.882511556510769e-115	3.97655136256301e-43	Aque_Aqu2.1.25378-001;Slac_ENSLPGG00000020432	3.4926863395162285e-66	2.737864208253232e-31	Aque_Aqu2.1.35782-001;Slac_ENSLPGG00000006246	1.2434888697369219e-92	3.667795586567839e-23	Aque_Aqu2.1.33925-001;Slac_ENSLPGG00000001999	4.33182089821621e-115	1.6544441198151067e-10	Aque_Aqu2.1.28816-001;Slac_ENSLPGG00000010719	1.0840523851845123e-95	0.0005148863886972684	Aque_Aqu2.1.28091-001;Slac_ENSLPGG00000011974	2.7724493515918748e-102	1.4789215597478867e-107	Aque_Aqu2.1.38354-001;Slac_ENSLPGG00000028953	1.1143806868995651e-101	3.865101708433623e-07	Aque_Aqu2.1.29989-001;Slac_ENSLPGG00000002916	4.122966021694138e-114	3.453672138116687e-23	Aque_Aqu2.1.24263-001;Slac_ENSLPGG00000024124	6.882511556510769e-115	5.768415247512365e-35	Aque_Aqu2.1.28647-001;Slac_ENSLPGG00000010538	3.1058330152536367e-108	2.90053811501949e-178	Aque_Aqu2.1.43558-001;Slac_ENSLPGG00000008029	3.8910122545336895e-25	1.9591747644827683e-05	Aque_Aqu2.1.37095-001;Slac_ENSLPGG00000011766	2.578541513280855e-81	6.943095950675596e-54	Aque_Aqu2.1.43964-001;Slac_ENSLPGG00000027192	5.5993745342701726e-92	7.036630846044144e-13	Aque_Aqu2.1.35077-001;Slac_ENSLPGG00000017593	1.7045642842567605e-116	1.3105313086386556e-26										Aque_Aqu2.1.42151-001;Slac_ENSLPGG00000010854	0.0002867980365569547	0.0011755140317752015	Aque_Aqu2.1.42151-001;Slac_ENSLPGG00000010854	0.0002867980365569547	0.0033377095618873118	Aque_Aqu2.1.30867-001;Slac_ENSLPGG00000007158	8.811394793769746e-08	4.969353227696443e-20	Aque_Aqu2.1.43551-001;Slac_ENSLPGG00000018987	0.0005635633996396587	4.5516359055595116e-128	Aque_Aqu2.1.35513-001;Slac_ENSLPGG00000013069	8.033421574211273e-25	1.5435674773364596e-07	Aque_Aqu2.1.22700-001;Slac_ENSLPGG00000019300	2.8030971474776213e-40	0.00916946657507977	Aque_Aqu2.1.37895-001;Slac_ENSLPGG00000010506	1.3041098546376117e-11	1.6813378010395353e-09	Aque_Aqu2.1.43264-001;Slac_ENSLPGG00000023417	0.00010354402561118752	4.5229189213678597e-05	Aque_Aqu2.1.35499-001;Slac_ENSLPGG00000023963	1.2692762160706003e-88	6.68653400023443e-06	Aque_Aqu2.1.30847-001;Slac_ENSLPGG00000006723	6.543263854845997e-52	7.79951365681538e-119	Aque_Aqu2.1.43551-001;Slac_ENSLPGG00000018987	1.0046936470645059e-10	4.5516359055595116e-128	Aque_Aqu2.1.43551-001;Slac_ENSLPGG00000007730	1.0046936470645059e-10	0.0				Aque_Aqu2.1.37539-001;Slac_ENSLPGG00000013996	0.001023316372845167	4.5857156200345994e-12	Aque_Aqu2.1.41012-001;Slac_ENSLPGG00000012949	0.00027018571509218245	9.33088039317304e-176	Aque_Aqu2.1.40738-001;Slac_ENSLPGG00000014205	6.218782870818954e-08	1.7093352219014287e-21	Aque_Aqu2.1.36580-001;Slac_ENSLPGG00000006910	0.00012213328003275967	4.6140858892568826e-12	Aque_Aqu2.1.14505-001;Slac_ENSLPGG00000014205	4.1608280773534837e-17	4.187308454203387e-25	Aque_Aqu2.1.43423-001;Slac_ENSLPGG00000008236	0.0035803961240326817	0.0057516615101699375	Aque_Aqu2.1.43963-001;Slac_ENSLPGG00000027633	9.261924481854956e-06	3.094121459568453e-17	Aque_Aqu2.1.24985-001;Slac_ENSLPGG00000016003	7.12347800492466e-10	6.560394600008866e-05	Aque_Aqu2.1.42693-001;Slac_ENSLPGG00000003239	5.036351134363364e-08	0.0008108089280177365	Aque_Aqu2.1.39201-001;Slac_ENSLPGG00000027198	6.625166054309475e-08	6.050839670733482e-13	Aque_Aqu2.1.42279-001;Slac_ENSLPGG00000013141	0.0020643865598830137	1.1430821754188907e-05
Aque_Aqu2.1.28647-001;Slac_ENSLPGG00000010538	1.7976193812861958e-143	2.90053811501949e-178	Aque_Aqu2.1.41071-001;Slac_ENSLPGG00000024858	6.710109806428675e-67	1.4206783704643194e-38	Aque_Aqu2.1.37747-001;Slac_ENSLPGG00000010195	1.520304058493942e-143	8.60570589818304e-31	Aque_Aqu2.1.37095-001;Slac_ENSLPGG00000011766	1.7138617390298075e-107	6.943095950675596e-54	Aque_Aqu2.1.41308-001;Slac_ENSLPGG00000009291	4.0631799851115316e-122	6.177941352201632e-12	Aque_Aqu2.1.44014-001;Slac_ENSLPGG00000009021	1.3224867554283511e-120	0.0002112380967166092	Aque_Aqu2.1.41308-001;Slac_ENSLPGG00000009291	4.0631799851115316e-122	0.00322226247626345	Aque_Aqu2.1.22254-001;Slac_ENSLPGG00000009254	1.7812566036149077e-133	3.4178871714285374e-05	Aque_Aqu2.1.25378-001;Slac_ENSLPGG00000020432	3.4926863395162285e-66	8.29687771191368e-30	Aque_Aqu2.1.22254-001;Slac_ENSLPGG00000009254	1.7812566036149077e-133	0.0005858370625554791	Aque_Aqu2.1.44167-001;Slac_ENSLPGG00000002326	2.4503567949267662e-116	2.7890088155754205e-54	Aque_Aqu2.1.43964-001;Slac_ENSLPGG00000027192	2.812363658409223e-98	3.125500261253901e-08	Aque_Aqu2.1.25378-001;Slac_ENSLPGG00000020432	1.7178376170265628e-64	2.0129618695178167e-63	Aque_Aqu2.1.33950-001;Slac_ENSLPGG00000021584	4.7618654032696835e-30	6.413530410769873e-10	Aque_Aqu2.1.36280-001;Slac_ENSLPGG00000026756	6.856052357675539e-112	4.7415232094509696e-51	Aque_Aqu2.1.24263-001;Slac_ENSLPGG00000024124	5.014452326172999e-104	1.363121049963116e-70	Aque_Aqu2.1.29989-001;Slac_ENSLPGG00000002916	1.3626311020990895e-111	0.00011693882023847729										Aque_Aqu2.1.24987-001;Slac_ENSLPGG00000010054	1.6948309903525678e-12	1.1324999533424646e-05	Aque_Aqu2.1.41049-001;Slac_ENSLPGG00000008987	1.7843460525969402e-71	0.005751196968137072	Aque_Aqu2.1.39672-001;Slac_ENSLPGG00000022031	6.3157949007109966e-09	0.0026640309671868865	Aque_Aqu2.1.25867-001;Slac_ENSLPGG00000012471	2.1213248264626324e-06	0.005559596267054266	Aque_Aqu2.1.26998-001;Slac_ENSLPGG00000019065	3.197778486344573e-06	4.280743164546749e-06	Aque_Aqu2.1.38181-001;Slac_ENSLPGG00000027757	0.0014557742047692525	1.6326245551195276e-06	Aque_Aqu2.1.04732-001;Slac_ENSLPGG00000002863	3.870284751497193e-07	0.0006982260484209229	Aque_Aqu2.1.17816-001;Slac_ENSLPGG00000007158	1.1230267612856121e-05	5.42418213709586e-07	Aque_Aqu2.1.44140-001;Slac_ENSLPGG00000011327	3.48170003993214e-101	0.004116007346990355	Aque_Aqu2.1.33503-001;Slac_ENSLPGG00000028142	3.928255881395846e-18	3.7139133484272695e-30	Aque_Aqu2.1.35211-001;Slac_ENSLPGG00000013069	1.0980787290419444e-30	0.0016809129201524017	Aque_Aqu2.1.44140-001;Slac_ENSLPGG00000011327	3.48170003993214e-101	0.002660359306382542				Aque_Aqu2.1.34140-001;Slac_ENSLPGG00000001139	1.0121820050408576e-29	1.5864479285115916e-66	Aque_Aqu2.1.43329-001;Slac_ENSLPGG00000007568	2.4503123309393326e-14	7.355611122930514e-05	Aque_Aqu2.1.42762-001;Slac_ENSLPGG00000002171	1.0081478109652569e-17	3.0880155494544363e-12	Aque_Aqu2.1.43637-001;Slac_ENSLPGG00000029928	8.152574204947499e-32	4.687050897629952e-06	Aque_Aqu2.1.24987-001;Slac_ENSLPGG00000010054	1.0504102619364857e-17	1.088065138152273e-05	Aque_Aqu2.1.26225-001;Slac_ENSLPGG00000004270	0.00037228803813481255	4.733967509573467e-09	Aque_Aqu2.1.24524-001;Slac_ENSLPGG00000021665	0.008870780270155901	1.5262819658581157e-13	Aque_Aqu2.1.28239-001;Slac_ENSLPGG00000022242	0.0012978745858962025	1.2799671802712139e-14	Aque_Aqu2.1.36281-001;Slac_ENSLPGG00000027374	0.0019138750443887618	0.0003866633080380455	Aque_Aqu2.1.31353-001;Slac_ENSLPGG00000008965	0.0004957131994130725	8.041779839829194e-05	Aque_Aqu2.1.39784-001;Slac_ENSLPGG00000012945	0.00499087858669987	9.889582370678929e-13
Aque_Aqu2.1.09762-001;Slac_ENSLPGG00000011626	2.728546897831895e-124	4.963128665858961e-135	Aque_Aqu2.1.41031-001;Slac_ENSLPGG00000009534	6.673380659607345e-58	2.9245203388427635e-50	Aque_Aqu2.1.14207-001;Slac_ENSLPGG00000010983	4.846865897652857e-15	1.2067513870744993e-10	Aque_Aqu2.1.28647-001;Slac_ENSLPGG00000010538	1.7976193812861958e-143	7.864129825304088e-52	Aque_Aqu2.1.09762-001;Slac_ENSLPGG00000011626	2.728546897831895e-124	4.364461933464749e-38	Aque_Aqu2.1.38546-001;Slac_ENSLPGG00000004809	5.0069341824032954e-104	1.361256473937105e-28	Aque_Aqu2.1.35077-001;Slac_ENSLPGG00000017593	1.9812419822161078e-144	5.68416566640208e-06	Aque_Aqu2.1.24263-001;Slac_ENSLPGG00000024124	6.882511556510769e-115	0.00032169424230405147	Aque_Aqu2.1.26684-001;Slac_ENSLPGG00000017185	5.16651150424784e-114	3.4210905160115485e-15	Aque_Aqu2.1.14207-001;Slac_ENSLPGG00000010983	4.846865897652857e-15	0.00014913663472727718	Aque_Aqu2.1.42490-001;Slac_ENSLPGG00000011256	3.576635191646024e-93	1.1892595908068149e-57	Aque_Aqu2.1.43423-001;Slac_ENSLPGG00000008236	7.445917862680743e-110	1.5700822852871962e-18	Aque_Aqu2.1.37762-001;Slac_ENSLPGG00000010260	3.763225226538024e-94	1.039421481352097e-190	Aque_Aqu2.1.16620-001;Slac_ENSLPGG00000007363	5.117152723494208e-38	1.0730688891472475e-22	Aque_Aqu2.1.35782-001;Slac_ENSLPGG00000006246	5.664414630647032e-110	9.918868159947632e-23	Aque_Aqu2.1.21796-001;Slac_ENSLPGG00000020424	3.728084031454857e-82	3.3723137177230222e-102	Aque_Aqu2.1.44014-001;Slac_ENSLPGG00000009021	8.221474480463226e-100	0.0001293060388443229										Aque_Aqu2.1.01979-001;Slac_ENSLPGG00000021520	0.007012591066954428	2.3251872846171974e-12	Aque_Aqu2.1.37137-001;Slac_ENSLPGG00000021127	1.643277675461539e-16	0.009342612883849542	Aque_Aqu2.1.33604-001;Slac_ENSLPGG00000020709	0.003957618782661046	0.005348602593922333	Aque_Aqu2.1.42093-001;Slac_ENSLPGG00000011166	0.0013541819202391105	1.8668283250801275e-07	Aque_Aqu2.1.31388-001;Slac_ENSLPGG00000021402	0.009403421798818682	3.140876910125486e-98	Aque_Aqu2.1.42693-001;Slac_ENSLPGG00000026194	0.009867365457725135	6.674291937003132e-10	Aque_Aqu2.1.35211-001;Slac_ENSLPGG00000014037	1.0980787290419444e-30	2.8937728943288984e-19	Aque_Aqu2.1.37473-001;Slac_ENSLPGG00000021402	0.005287152186636688	3.2871999979884383e-05	Aque_Aqu2.1.44197-001;Slac_ENSLPGG00000006271	1.6113923010411783e-24	6.725810871771657e-11	Aque_Aqu2.1.33612-001;Slac_ENSLPGG00000002171	2.364364427309774e-10	2.3617155152259307e-60	Aque_Aqu2.1.37473-001;Slac_ENSLPGG00000021402	0.005287152186636688	2.2504082942667657e-43	Aque_Aqu2.1.29897-001;Slac_ENSLPGG00000020706	5.0549380283766635e-121	0.00012637943545231424				Aque_Aqu2.1.37112-001;Slac_ENSLPGG00000014949	0.004695475713269114	1.352688029213501e-162	Aque_Aqu2.1.41190-001;Slac_ENSLPGG00000014697	3.070020325785256e-26	2.659720310412049e-10	Aque_Aqu2.1.25434-001;Slac_ENSLPGG00000027609	1.5600757561556257e-10	0.0026673771529871514	Aque_Aqu2.1.28495-001;Slac_ENSLPGG00000009453	4.458325986516477e-24	1.297346950394959e-07	Aque_Aqu2.1.38554-001;Slac_ENSLPGG00000005134	3.744897044029404e-35	1.8972048888182136e-07	Aque_Aqu2.1.25578-001;Slac_ENSLPGG00000008029	0.005312301831445139	0.006415672278706669	Aque_Aqu2.1.32861-001;Slac_ENSLPGG00000011506	1.0967339538902742e-05	5.633988894633641e-06	Aque_Aqu2.1.41622-001;Slac_ENSLPGG00000009756	9.37433589323078e-05	0.001339721120768217	Aque_Aqu2.1.27063-001;Slac_ENSLPGG00000023230	0.0026914332140691704	2.2466373221369755e-15	Aque_Aqu2.1.43953-001;Slac_ENSLPGG00000029288	0.002786791961528607	7.537621649457803e-05	Aque_Aqu2.1.28194-001;Slac_ENSLPGG00000011679	0.0045912394646443755	6.15101995280014e-09
Aque_Aqu2.1.35782-001;Slac_ENSLPGG00000006246	1.2434888697369219e-92	2.667318690488434e-176	Aque_Aqu2.1.25862-001;Slac_ENSLPGG00000018181	1.4164840831138878e-69	2.6290781450963708e-140	Aque_Aqu2.1.37774-001;Slac_ENSLPGG00000005401	7.700554024937936e-21	1.3347266488514198e-10	Aque_Aqu2.1.39108-001;Slac_ENSLPGG00000007868	1.5603924607670408e-114	6.554205556736577e-07	Aque_Aqu2.1.40739-001;Slac_ENSLPGG00000007249	1.6754096759265384e-122	2.1287191364183606e-37	Aque_Aqu2.1.29050-001;Slac_ENSLPGG00000007086	2.867105090061806e-114	1.853115817520748e-12	Aque_Aqu2.1.24263-001;Slac_ENSLPGG00000024124	6.882511556510769e-115	6.786477658487434e-09	Aque_Aqu2.1.28091-001;Slac_ENSLPGG00000011974	2.7724493515918748e-102	7.140974323513918e-11	Aque_Aqu2.1.41034-001;Slac_ENSLPGG00000016457	4.797725684898183e-118	3.2647701230985155e-20	Aque_Aqu2.1.21796-001;Slac_ENSLPGG00000020424	1.2188109824148507e-117	0.008195171524930921	Aque_Aqu2.1.43964-001;Slac_ENSLPGG00000027192	2.812363658409223e-98	7.036630846044144e-13	Aque_Aqu2.1.21796-001;Slac_ENSLPGG00000020424	1.2188109824148507e-117	6.24883935437977e-36	Aque_Aqu2.1.38546-001;Slac_ENSLPGG00000004809	6.064527971798808e-88	1.7243835728527125e-186	Aque_Aqu2.1.14137-001;Slac_ENSLPGG00000006881	7.583517125849063e-42	4.2842379072043594e-10	Aque_Aqu2.1.41621-001;Slac_ENSLPGG00000018880	4.619452252412821e-84	5.2075412385308345e-55	Aque_Aqu2.1.44167-001;Slac_ENSLPGG00000002326	6.614961432548569e-98	2.7890088155754205e-54	Aque_Aqu2.1.29050-001;Slac_ENSLPGG00000007086	2.39111737457902e-116	2.9368437301779985e-14										Aque_Aqu2.1.21205-001;Slac_ENSLPGG00000013772	0.002107528433600299	7.549622149393028e-16	Aque_Aqu2.1.22786-001;Slac_ENSLPGG00000017086	2.8331152605496287e-05	2.5231966930471065e-17	Aque_Aqu2.1.25867-001;Slac_ENSLPGG00000000921	2.1213248264626324e-06	1.3753081648531437e-11	Aque_Aqu2.1.44218-001;Slac_ENSLPGG00000015655	1.5630724984533242e-08	0.002695603985851316	Aque_Aqu2.1.28492-001;Slac_ENSLPGG00000009453	4.609852878565774e-24	2.999904205182712e-54	Aque_Aqu2.1.36076-001;Slac_ENSLPGG00000021272	0.005164206410856717	2.037304605834763e-05	Aque_Aqu2.1.44140-001;Slac_ENSLPGG00000011327	3.48170003993214e-101	0.0016877695055628826	Aque_Aqu2.1.37895-001;Slac_ENSLPGG00000002171	1.3041098546376117e-11	1.992864717506652e-06	Aque_Aqu2.1.44676-001;Slac_ENSLPGG00000007730	0.0015947909906532027	1.7449377494689486e-149	Aque_Aqu2.1.35211-001;Slac_ENSLPGG00000013069	1.0980787290419444e-30	1.8352583169197938e-25	Aque_Aqu2.1.39162-001;Slac_ENSLPGG00000012055	1.1576352078665665e-55	0.000889129280263582	Aque_Aqu2.1.43264-001;Slac_ENSLPGG00000022080	0.00010354402561118752	1.3764679304517367e-18				Aque_Aqu2.1.28495-001;Slac_ENSLPGG00000009453	4.458325986516477e-24	3.1604583026530097e-28	Aque_Aqu2.1.43326-001;Slac_ENSLPGG00000005552	1.4712455480465753e-26	5.697022209628562e-08	Aque_Aqu2.1.41190-001;Slac_ENSLPGG00000009625	3.070020325785256e-26	0.0006686198455407605	Aque_Aqu2.1.41012-001;Slac_ENSLPGG00000012949	0.00027018571509218245	4.158510428091382e-240	Aque_Aqu2.1.43267-001;Slac_ENSLPGG00000022080	3.1038449995845004e-09	1.3764679304517367e-18	Aque_Aqu2.1.38354-001;Slac_ENSLPGG00000028953	0.002379666906268527	0.005825476550434856	Aque_Aqu2.1.25304-001;Slac_ENSLPGG00000008965	0.0003040400361367495	8.041779839829194e-05	Aque_Aqu2.1.40726-001;Slac_ENSLPGG00000004101	7.685602489967394e-07	0.000551466700693391	Aque_Aqu2.1.29723-001;Slac_ENSLPGG00000004327	0.0005473907735919964	0.008550097849636087	Aque_Aqu2.1.12202-001;Slac_ENSLPGG00000021592	0.00021908511266630903	0.001547278456102218	Aque_Aqu2.1.39784-001;Slac_ENSLPGG00000011679	0.00499087858669987	6.15101995280014e-09
Aque_Aqu2.1.37762-001;Slac_ENSLPGG00000010260	1.6015037883301053e-113	1.039421481352097e-190	Aque_Aqu2.1.39927-001;Slac_ENSLPGG00000026851	2.100681945699731e-42	3.1378676356872758e-09	Aque_Aqu2.1.43341-001;Slac_ENSLPGG00000007608	5.594181239016693e-111	2.278718729983378e-18	Aque_Aqu2.1.43382-001;Slac_ENSLPGG00000004594	1.0768824237806037e-94	7.725253538575313e-66	Aque_Aqu2.1.18688-001;Slac_ENSLPGG00000019766	1.5079384116635895e-120	2.6481851902559384e-37	Aque_Aqu2.1.39147-001;Slac_ENSLPGG00000029327	2.5070991514612063e-37	5.9551148780808824e-08	Aque_Aqu2.1.26225-001;Slac_ENSLPGG00000004270	1.4585812166144586e-112	2.4696552890529362e-08	Aque_Aqu2.1.43341-001;Slac_ENSLPGG00000007608	5.594181239016693e-111	3.876207008196917e-10	Aque_Aqu2.1.27559-001;Slac_ENSLPGG00000010731	3.744327577318277e-75	1.560909858087031e-61	Aque_Aqu2.1.40409-001;Slac_ENSLPGG00000002404	2.5626223762526347e-95	0.0015496135420118892	Aque_Aqu2.1.44014-001;Slac_ENSLPGG00000009021	1.3224867554283511e-120	2.7252965534508433e-11	Aque_Aqu2.1.44014-001;Slac_ENSLPGG00000009021	1.3224867554283511e-120	0.0001293060388443229	Aque_Aqu2.1.29989-001;Slac_ENSLPGG00000002916	1.3626311020990895e-111	1.8602628480511736e-27	Aque_Aqu2.1.36579-001;Slac_ENSLPGG00000005401	2.7181831547122596e-07	4.653768747135923e-110	Aque_Aqu2.1.40739-001;Slac_ENSLPGG00000007249	3.550023227598492e-108	2.6147401603674214e-40	Aque_Aqu2.1.43423-001;Slac_ENSLPGG00000008236	3.021348392175779e-116	6.2914381894297626e-12	Aque_Aqu2.1.16620-001;Slac_ENSLPGG00000005401	5.117152723494208e-38	5.984830996195444e-31										Aque_Aqu2.1.26998-001;Slac_ENSLPGG00000006271	3.197778486344573e-06	0.00010329686300105768	Aque_Aqu2.1.35211-001;Slac_ENSLPGG00000013069	1.877257799674659e-21	2.228833167443332e-21	Aque_Aqu2.1.34140-001;Slac_ENSLPGG00000007158	1.662739836406084e-09	4.969353227696443e-20	Aque_Aqu2.1.44218-001;Slac_ENSLPGG00000007955	1.5630724984533242e-08	0.0002833925610906631	Aque_Aqu2.1.26998-001;Slac_ENSLPGG00000021520	3.197778486344573e-06	0.001418103085264237	Aque_Aqu2.1.36275-001;Slac_ENSLPGG00000005072	0.0020370970724508616	6.293393060430815e-06	Aque_Aqu2.1.28489-001;Slac_ENSLPGG00000009453	4.787491920802856e-09	6.590504302001542e-85	Aque_Aqu2.1.17816-001;Slac_ENSLPGG00000019065	1.1230267612856121e-05	1.7021584360314615e-05	Aque_Aqu2.1.35781-001;Slac_ENSLPGG00000007429	2.9643336706072914e-07	5.2822232502345456e-17	Aque_Aqu2.1.37895-001;Slac_ENSLPGG00000002171	1.3041098546376117e-11	2.3617155152259307e-60	Aque_Aqu2.1.28489-001;Slac_ENSLPGG00000009116	4.787491920802856e-09	2.486235618856327e-14	Aque_Aqu2.1.35513-001;Slac_ENSLPGG00000014037	1.9223474439878673e-49	1.944880288931169e-09				Aque_Aqu2.1.44280-001;Slac_ENSLPGG00000021800	1.013546532817293e-30	1.243255156074208e-25	Aque_Aqu2.1.31064-001;Slac_ENSLPGG00000000828	0.00019272678791150202	5.210280348041436e-09	Aque_Aqu2.1.40738-001;Slac_ENSLPGG00000007322	6.218782870818954e-08	1.9430152944582622e-16	Aque_Aqu2.1.41190-001;Slac_ENSLPGG00000005134	3.070020325785256e-26	8.764793364384847e-09	Aque_Aqu2.1.23239-001;Slac_ENSLPGG00000009380	7.943361772072874e-20	1.0137715312229105e-09	Aque_Aqu2.1.24884-001;Slac_ENSLPGG00000016023	1.3533160291778027e-08	0.001134752440304927	Aque_Aqu2.1.36501-001;Slac_ENSLPGG00000012340	2.1644269563366076e-05	4.441996473331513e-39	Aque_Aqu2.1.30847-001;Slac_ENSLPGG00000006723	1.0199974448186124e-12	0.0005815511412841045	Aque_Aqu2.1.42534-001;Slac_ENSLPGG00000004179	0.008079812207691493	0.004825114095719894	Aque_Aqu2.1.41583-001;Slac_ENSLPGG00000022488	3.1649988563463466e-09	5.044303298043575e-05	Aque_Aqu2.1.42693-001;Slac_ENSLPGG00000003239	5.036351134363364e-08	2.7248201634491995e-05
Aque_Aqu2.1.32963-001;Slac_ENSLPGG00000006527	4.7320394813194234e-185	2.7593537506453672e-08	Aque_Aqu2.1.43688-001;Slac_ENSLPGG00000021584	4.4253445921185735e-29	6.413530410769873e-10	Aque_Aqu2.1.27559-001;Slac_ENSLPGG00000010731	3.744327577318277e-75	8.410186442085046e-10	Aque_Aqu2.1.44138-001;Slac_ENSLPGG00000009965	8.430793710552281e-94	1.6273027366350274e-71	Aque_Aqu2.1.39147-001;Slac_ENSLPGG00000029327	2.5070991514612063e-37	4.6750395326633294e-24	Aque_Aqu2.1.34889-001;Slac_ENSLPGG00000015697	5.140233485381033e-67	0.006429452471285732	Aque_Aqu2.1.37079-001;Slac_ENSLPGG00000014397	6.987535709667499e-114	2.5487959161945637e-12	Aque_Aqu2.1.41031-001;Slac_ENSLPGG00000009534	6.673380659607345e-58	0.00020152352117226846	Aque_Aqu2.1.44246-001;Slac_ENSLPGG00000026851	7.348281244918552e-80	5.649024235262259e-05	Aque_Aqu2.1.24263-001;Slac_ENSLPGG00000024124	6.882511556510769e-115	0.0037080620059428957	Aque_Aqu2.1.26225-001;Slac_ENSLPGG00000004270	1.4585812166144586e-112	1.0099645298833446e-91	Aque_Aqu2.1.39108-001;Slac_ENSLPGG00000007868	1.5603924607670408e-114	8.484491036414442e-05	Aque_Aqu2.1.43382-001;Slac_ENSLPGG00000004594	1.45329483825909e-104	1.8380354271424033e-105	Aque_Aqu2.1.37762-001;Slac_ENSLPGG00000010260	3.763225226538024e-94	7.804406074934114e-53	Aque_Aqu2.1.41635-001;Slac_ENSLPGG00000019527	1.8860006019834307e-85	4.2697164052824775e-20	Aque_Aqu2.1.42490-001;Slac_ENSLPGG00000011256	1.94471897413777e-79	1.1892595908068149e-57	Aque_Aqu2.1.28570-001;Slac_ENSLPGG00000017185	1.3478437671175875e-40	0.006084162511327934										Aque_Aqu2.1.35211-001;Slac_ENSLPGG00000014037	1.877257799674659e-21	2.8937728943288984e-19	Aque_Aqu2.1.39672-001;Slac_ENSLPGG00000022031	6.3157949007109966e-09	1.6521542134525504e-05	Aque_Aqu2.1.44243-001;Slac_ENSLPGG00000021186	2.521644079706085e-10	1.220442759122435e-24	Aque_Aqu2.1.23414-001;Slac_ENSLPGG00000009214	1.6439830959473454e-05	3.79438013649162e-07	Aque_Aqu2.1.24276-001;Slac_ENSLPGG00000022619	2.4507403536374703e-05	5.324784498316112e-15	Aque_Aqu2.1.39632-001;Slac_ENSLPGG00000026678	5.801511210919292e-06	3.66775672474161e-15	Aque_Aqu2.1.36394-001;Slac_ENSLPGG00000019578	2.851071199291618e-53	0.0005401379704453665	Aque_Aqu2.1.04817-001;Slac_ENSLPGG00000016836	2.5806510890960834e-15	0.0010563928375539819	Aque_Aqu2.1.31386-001;Slac_ENSLPGG00000022008	1.9939436211890793e-10	5.196572743258641e-21	Aque_Aqu2.1.25858-001;Slac_ENSLPGG00000010273	5.683206485678387e-42	1.4331754929585277e-12	Aque_Aqu2.1.44197-001;Slac_ENSLPGG00000001139	1.6113923010411783e-24	4.345251405310324e-05	Aque_Aqu2.1.28489-001;Slac_ENSLPGG00000009453	4.787491920802856e-09	2.999904205182712e-54				Aque_Aqu2.1.31586-001;Slac_ENSLPGG00000015099	1.7372787348993547e-40	1.2070220763616555e-10	Aque_Aqu2.1.43313-001;Slac_ENSLPGG00000005552	5.488228930951967e-29	5.697022209628562e-08	Aque_Aqu2.1.43536-001;Slac_ENSLPGG00000017855	3.1456270560029736e-13	7.299582788670708e-05	Aque_Aqu2.1.43989-001;Slac_ENSLPGG00000002394	4.110904363096128e-06	1.8622701653685263e-59	Aque_Aqu2.1.23692-001;Slac_ENSLPGG00000000921	1.2841772084763492e-19	2.3931149398632247e-20				Aque_Aqu2.1.21076-001;Slac_ENSLPGG00000021255	3.6983560006367636e-12	8.053308969477697e-05	Aque_Aqu2.1.24985-001;Slac_ENSLPGG00000009756	7.12347800492466e-10	0.001339721120768217	Aque_Aqu2.1.43434-001;Slac_ENSLPGG00000007104	0.00010038361831722102	3.4407554414876604e-06	Aque_Aqu2.1.25768-001;Slac_ENSLPGG00000008607	7.409015990743464e-05	2.0066743189654983e-05	Aque_Aqu2.1.29892-001;Slac_ENSLPGG00000019707	0.006876472064728755	2.2663640693399715e-06
Aque_Aqu2.1.25378-001;Slac_ENSLPGG00000020432	3.4926863395162285e-66	2.0129618695178167e-63	Aque_Aqu2.1.33950-001;Slac_ENSLPGG00000021584	2.1143479916429974e-48	6.413530410769873e-10	Aque_Aqu2.1.40739-001;Slac_ENSLPGG00000007249	1.6754096759265384e-122	4.5683942039771546e-06	Aque_Aqu2.1.12854-001;Slac_ENSLPGG00000000928	8.308052623456065e-109	7.745796311781258e-29	Aque_Aqu2.1.42490-001;Slac_ENSLPGG00000011256	3.576635191646024e-93	1.0004433741047168e-27	Aque_Aqu2.1.09762-001;Slac_ENSLPGG00000011626	2.728546897831895e-124	6.649962403344721e-13	Aque_Aqu2.1.37747-001;Slac_ENSLPGG00000010195	1.520304058493942e-143	3.8650087935924337e-19	Aque_Aqu2.1.41635-001;Slac_ENSLPGG00000019527	1.35534995308407e-94	6.816386464500538e-05	Aque_Aqu2.1.33740-001;Slac_ENSLPGG00000011571	1.0543340401031923e-102	1.2746633318816013e-12	Aque_Aqu2.1.27559-001;Slac_ENSLPGG00000010731	3.744327577318277e-75	0.0005303254325857356	Aque_Aqu2.1.25378-001;Slac_ENSLPGG00000020432	3.4926863395162285e-66	1.2056035521515938e-29	Aque_Aqu2.1.22254-001;Slac_ENSLPGG00000009254	1.7812566036149077e-133	3.406611387793786e-27	Aque_Aqu2.1.38354-001;Slac_ENSLPGG00000028953	7.318492576694701e-116	1.7008125274199186e-65	Aque_Aqu2.1.33352-001;Slac_ENSLPGG00000029003	2.3865699889059506e-12	4.144311434162604e-09	Aque_Aqu2.1.15787-001;Slac_ENSLPGG00000026812	8.792525776505922e-39	3.7277497018313445e-88	Aque_Aqu2.1.44138-001;Slac_ENSLPGG00000009965	2.4075529058832285e-84	1.175888333541968e-58	Aque_Aqu2.1.33925-001;Slac_ENSLPGG00000001999	4.9886829343618893e-113	2.0586464875686888e-15										Aque_Aqu2.1.34140-001;Slac_ENSLPGG00000021520	1.662739836406084e-09	2.3251872846171974e-12	Aque_Aqu2.1.27228-001;Slac_ENSLPGG00000025642	8.73403633687885e-34	6.150472186775764e-43	Aque_Aqu2.1.41660-001;Slac_ENSLPGG00000015815	0.00678209924781447	1.5129489784038637e-05	Aque_Aqu2.1.33622-001;Slac_ENSLPGG00000022031	3.31852085524485e-07	0.009696082349253645	Aque_Aqu2.1.25929-001;Slac_ENSLPGG00000008098	2.1593827426913054e-06	3.1341278739883744e-05	Aque_Aqu2.1.44214-001;Slac_ENSLPGG00000015655	2.009817921356835e-06	1.5555584095616784e-48	Aque_Aqu2.1.31385-001;Slac_ENSLPGG00000021402	5.85436007345541e-05	2.550566114792781e-45	Aque_Aqu2.1.44214-001;Slac_ENSLPGG00000015655	3.0665856474314364e-10	0.001643061116721589	Aque_Aqu2.1.43733-001;Slac_ENSLPGG00000008987	4.248328240934453e-206	0.005751196968137072	Aque_Aqu2.1.37112-001;Slac_ENSLPGG00000014949	4.6928004436226405e-11	9.714222834381443e-97	Aque_Aqu2.1.30847-001;Slac_ENSLPGG00000006723	6.543263854845997e-52	1.323857520403751e-27	Aque_Aqu2.1.43733-001;Slac_ENSLPGG00000012055	4.248328240934453e-206	4.0874491108281004e-05				Aque_Aqu2.1.44243-001;Slac_ENSLPGG00000008996	2.5819489532558422e-23	5.146308428844976e-15	Aque_Aqu2.1.44139-001;Slac_ENSLPGG00000008750	0.0013345187120564206	8.530991638627806e-36	Aque_Aqu2.1.43536-001;Slac_ENSLPGG00000021503	3.1456270560029736e-13	0.00017926797541845837	Aque_Aqu2.1.44243-001;Slac_ENSLPGG00000021186	2.5819489532558422e-23	2.0188353322288348e-10	Aque_Aqu2.1.43995-001;Slac_ENSLPGG00000002394	1.2817282397478916e-13	5.007210728751153e-45				Aque_Aqu2.1.28941-001;Slac_ENSLPGG00000013461	0.008780498939991783	1.1512713195679222e-36	Aque_Aqu2.1.41015-001;Slac_ENSLPGG00000002336	0.009779608172527637	0.002147685104909668	Aque_Aqu2.1.25858-001;Slac_ENSLPGG00000003239	0.007275635945040617	0.0008108089280177365	Aque_Aqu2.1.31580-001;Slac_ENSLPGG00000007354	2.2249932325819924e-06	5.891852388618584e-05	Aque_Aqu2.1.18818-001;Slac_ENSLPGG00000000564	1.3238364383206064e-05	0.0016836066774352132
Aque_Aqu2.1.14207-001;Slac_ENSLPGG00000010983	4.846865897652857e-15	3.83141568105036e-162	Aque_Aqu2.1.27224-001;Slac_ENSLPGG00000026851	6.85573730359377e-63	3.1378676356872758e-09	Aque_Aqu2.1.37762-001;Slac_ENSLPGG00000010260	1.6015037883301053e-113	7.760803734092365e-16	Aque_Aqu2.1.38191-001;Slac_ENSLPGG00000001288	5.740348681209968e-44	4.158989628188462e-07	Aque_Aqu2.1.37762-001;Slac_ENSLPGG00000010260	1.6015037883301053e-113	5.412571896044433e-37	Aque_Aqu2.1.41635-001;Slac_ENSLPGG00000019527	1.35534995308407e-94	6.859601436451347e-11	Aque_Aqu2.1.40409-001;Slac_ENSLPGG00000002404	2.5626223762526347e-95	1.7749833962119165e-07	Aque_Aqu2.1.37095-001;Slac_ENSLPGG00000011766	1.7138617390298075e-107	0.00043332666558860527	Aque_Aqu2.1.28816-001;Slac_ENSLPGG00000010719	1.0840523851845123e-95	1.38783099711358e-48	Aque_Aqu2.1.15787-001;Slac_ENSLPGG00000026812	7.592400004336438e-49	1.050641233758127e-06	Aque_Aqu2.1.34247-001;Slac_ENSLPGG00000018181	5.995179413289e-67	3.630673637054969e-70	Aque_Aqu2.1.40409-001;Slac_ENSLPGG00000002404	2.5626223762526347e-95	1.0897632774817543e-34	Aque_Aqu2.1.39147-001;Slac_ENSLPGG00000029327	1.672944990239813e-27	1.051568179286769e-48	Aque_Aqu2.1.29717-001;Slac_ENSLPGG00000007301	2.793845220070345e-48	2.5640048301886434e-12	Aque_Aqu2.1.14128-001;Slac_ENSLPGG00000018181	3.060442523617383e-19	7.496422331427468e-29	Aque_Aqu2.1.37079-001;Slac_ENSLPGG00000014397	1.2666589382809771e-121	7.557148084105279e-86	Aque_Aqu2.1.18688-001;Slac_ENSLPGG00000019766	3.3105307818191595e-103	4.490799766980331e-21										Aque_Aqu2.1.30867-001;Slac_ENSLPGG00000021520	8.811394793769746e-08	2.3251872846171974e-12	Aque_Aqu2.1.21205-001;Slac_ENSLPGG00000017522	0.002107528433600299	0.0002816559451928726	Aque_Aqu2.1.44140-001;Slac_ENSLPGG00000009453	8.885562534779468e-10	7.139115142722667e-47	Aque_Aqu2.1.32548-001;Slac_ENSLPGG00000022031	0.0016118061765567644	0.009696082349253645	Aque_Aqu2.1.24987-001;Slac_ENSLPGG00000003239	1.6948309903525678e-12	4.665800524885028e-08	Aque_Aqu2.1.34138-001;Slac_ENSLPGG00000007158	1.2656438086926812e-05	1.114345831165579e-74	Aque_Aqu2.1.35211-001;Slac_ENSLPGG00000013069	1.0980787290419444e-30	4.510390699375658e-16	Aque_Aqu2.1.35738-001;Slac_ENSLPGG00000023417	1.8665956946384734e-07	4.5229189213678597e-05	Aque_Aqu2.1.30070-001;Slac_ENSLPGG00000017733	1.1819769024332244e-85	7.64065571444548e-05	Aque_Aqu2.1.41386-001;Slac_ENSLPGG00000026030	0.008178950601528626	2.630440636098749e-06	Aque_Aqu2.1.20511-001;Slac_ENSLPGG00000016836	1.2536022085207058e-42	6.05468951319439e-07	Aque_Aqu2.1.37473-001;Slac_ENSLPGG00000022008	0.005287152186636688	1.2662397728282719e-93				Aque_Aqu2.1.44119-001;Slac_ENSLPGG00000010795	0.0016737057567939322	0.007173016852584059	Aque_Aqu2.1.33622-001;Slac_ENSLPGG00000002171	1.708447263117159e-16	2.040331509655993e-20	Aque_Aqu2.1.39671-001;Slac_ENSLPGG00000012011	5.6277730716785066e-24	0.007290250341968129	Aque_Aqu2.1.31385-001;Slac_ENSLPGG00000022008	0.0004221664291573433	2.2847279941433917e-49	Aque_Aqu2.1.25014-001;Slac_ENSLPGG00000020504	9.391661029388434e-09	0.0006301460132175903				Aque_Aqu2.1.39203-001;Slac_ENSLPGG00000025841	1.1233610661314817e-06	9.566307786889676e-13	Aque_Aqu2.1.28239-001;Slac_ENSLPGG00000020387	0.0012978745858962025	1.380858859181771e-09	Aque_Aqu2.1.18692-001;Slac_ENSLPGG00000021862	0.00023847849858519958	3.0694465272294067e-06	Aque_Aqu2.1.22695-001;Slac_ENSLPGG00000013965	0.003955686280688278	0.002067798124046298	Aque_Aqu2.1.33091-001;Slac_ENSLPGG00000026391	0.006438850521977652	5.995656402786755e-06
Aque_Aqu2.1.28091-001;Slac_ENSLPGG00000011974	2.7724493515918748e-102	4.553275597361479e-205	Aque_Aqu2.1.43688-001;Slac_ENSLPGG00000024534	4.4253445921185735e-29	8.111986096029365e-09	Aque_Aqu2.1.41031-001;Slac_ENSLPGG00000009534	6.673380659607345e-58	2.822099618575706e-10	Aque_Aqu2.1.27063-001;Slac_ENSLPGG00000023230	3.201242607069932e-92	3.4308734163021705e-35	Aque_Aqu2.1.27063-001;Slac_ENSLPGG00000023230	3.201242607069932e-92	2.0861133107308363e-21	Aque_Aqu2.1.19270-001;Slac_ENSLPGG00000014669	3.5649902187242884e-79	0.0004841611696505077	Aque_Aqu2.1.37974-001;Slac_ENSLPGG00000010195	2.4185485011480635e-14	3.8650087935924337e-19	Aque_Aqu2.1.40908-001;Slac_ENSLPGG00000015371	4.597924904219899e-109	3.395624279055954e-05	Aque_Aqu2.1.42605-001;Slac_ENSLPGG00000011766	9.509180868415106e-59	1.6496190988449835e-52	Aque_Aqu2.1.37079-001;Slac_ENSLPGG00000014397	6.987535709667499e-114	0.00033559911173862986	Aque_Aqu2.1.25682-001;Slac_ENSLPGG00000019196	1.2153315557323154e-117	1.1135567848493352e-11	Aque_Aqu2.1.18688-001;Slac_ENSLPGG00000019766	1.5079384116635895e-120	4.490799766980331e-21	Aque_Aqu2.1.09762-001;Slac_ENSLPGG00000011626	1.0715619696689452e-80	4.963128665858961e-135	Aque_Aqu2.1.33925-001;Slac_ENSLPGG00000001999	4.9886829343618893e-113	7.340611040216637e-17	Aque_Aqu2.1.28647-001;Slac_ENSLPGG00000010538	3.1058330152536367e-108	7.864129825304088e-52	Aque_Aqu2.1.35077-001;Slac_ENSLPGG00000017593	1.7045642842567605e-116	8.919210124797321e-42	Aque_Aqu2.1.37079-001;Slac_ENSLPGG00000014397	1.2666589382809771e-121	3.3855431233057985e-30										Aque_Aqu2.1.32548-001;Slac_ENSLPGG00000010506	0.0016118061765567644	1.6813378010395353e-09	Aque_Aqu2.1.41482-001;Slac_ENSLPGG00000006271	2.2364060071655327e-10	6.725810871771657e-11	Aque_Aqu2.1.23245-001;Slac_ENSLPGG00000014386	6.412219767578961e-13	1.7287512944415076e-07	Aque_Aqu2.1.25867-001;Slac_ENSLPGG00000015112	2.1213248264626324e-06	0.00549930044633956	Aque_Aqu2.1.33622-001;Slac_ENSLPGG00000010506	3.31852085524485e-07	1.263049125259277e-07	Aque_Aqu2.1.38204-001;Slac_ENSLPGG00000007180	8.560199380625627e-10	0.00514118893440922	Aque_Aqu2.1.39162-001;Slac_ENSLPGG00000008987	1.1576352078665665e-55	6.53881726537894e-05	Aque_Aqu2.1.31385-001;Slac_ENSLPGG00000021402	5.85436007345541e-05	3.2871999979884383e-05	Aque_Aqu2.1.31386-001;Slac_ENSLPGG00000021402	1.9939436211890793e-10	4.894697548156748e-35	Aque_Aqu2.1.22580-001;Slac_ENSLPGG00000006423	4.7832930747450255e-08	3.266166105766691e-05	Aque_Aqu2.1.34263-001;Slac_ENSLPGG00000015631	5.189591029528842e-07	4.787190414733341e-18	Aque_Aqu2.1.42077-001;Slac_ENSLPGG00000024184	2.0833804932494515e-41	1.2846057385441967e-21				Aque_Aqu2.1.40044-001;Slac_ENSLPGG00000010574	2.8322222814374473e-28	9.440188128803196e-16	Aque_Aqu2.1.41190-001;Slac_ENSLPGG00000009380	3.070020325785256e-26	2.292414534820821e-11	Aque_Aqu2.1.37486-001;Slac_ENSLPGG00000021186	5.791765336917085e-10	2.411558428950339e-13	Aque_Aqu2.1.42770-001;Slac_ENSLPGG00000002140	3.5810184203344485e-32	6.326684312611941e-13	Aque_Aqu2.1.33622-001;Slac_ENSLPGG00000010506	1.708447263117159e-16	1.263049125259277e-07				Aque_Aqu2.1.22809-001;Slac_ENSLPGG00000017293	2.0522297267040638e-14	1.2392350611224024e-08	Aque_Aqu2.1.16005-001;Slac_ENSLPGG00000012561	0.0059645576547400275	0.006024141423939826				Aque_Aqu2.1.42605-001;Slac_ENSLPGG00000003655	5.921947850828125e-16	1.857994151118104e-12	Aque_Aqu2.1.41583-001;Slac_ENSLPGG00000000967	3.1649988563463466e-09	0.0022835200144512117
Aque_Aqu2.1.34889-001;Slac_ENSLPGG00000015697	5.140233485381033e-67	4.620647901521794e-23	Aque_Aqu2.1.18087-001;Slac_ENSLPGG00000024429	5.622543966129217e-113	2.803712679242526e-25	Aque_Aqu2.1.37774-001;Slac_ENSLPGG00000007363	7.700554024937936e-21	2.5366175369782438e-05	Aque_Aqu2.1.40739-001;Slac_ENSLPGG00000007249	1.6754096759265384e-122	2.6147401603674214e-40	Aque_Aqu2.1.29989-001;Slac_ENSLPGG00000002916	4.122966021694138e-114	8.13217571260454e-08	Aque_Aqu2.1.28091-001;Slac_ENSLPGG00000011974	2.7724493515918748e-102	3.886104788318864e-22	Aque_Aqu2.1.34476-001;Slac_ENSLPGG00000009693	1.1365096649262665e-143	0.00038120684164509794	Aque_Aqu2.1.37079-001;Slac_ENSLPGG00000014397	6.987535709667499e-114	2.2763008473760041e-07	Aque_Aqu2.1.25862-001;Slac_ENSLPGG00000018181	1.4164840831138878e-69	8.363124698016115e-89	Aque_Aqu2.1.28091-001;Slac_ENSLPGG00000011974	2.7724493515918748e-102	1.1928903321749682e-07	Aque_Aqu2.1.40409-001;Slac_ENSLPGG00000002404	2.5626223762526347e-95	9.815004145753709e-64	Aque_Aqu2.1.26225-001;Slac_ENSLPGG00000004270	1.4585812166144586e-112	5.5939506155391114e-40	Aque_Aqu2.1.25405-001;Slac_ENSLPGG00000020148	1.4898002779454198e-09	2.699710232719507e-175	Aque_Aqu2.1.42490-001;Slac_ENSLPGG00000011256	1.94471897413777e-79	5.5829074661535626e-21	Aque_Aqu2.1.22254-001;Slac_ENSLPGG00000009254	4.495098574013278e-89	1.0113333392263954e-55	Aque_Aqu2.1.44014-001;Slac_ENSLPGG00000009021	8.221474480463226e-100	2.7252965534508433e-11	Aque_Aqu2.1.44138-001;Slac_ENSLPGG00000009965	2.4075529058832285e-84	7.441768387696718e-29										Aque_Aqu2.1.39672-001;Slac_ENSLPGG00000002171	6.3157949007109966e-09	4.811942582704965e-16	Aque_Aqu2.1.44104-001;Slac_ENSLPGG00000013154	0.004676700161059421	4.353396462846653e-26	Aque_Aqu2.1.44243-001;Slac_ENSLPGG00000008996	2.521644079706085e-10	8.656770680653274e-05	Aque_Aqu2.1.26998-001;Slac_ENSLPGG00000019065	3.197778486344573e-06	0.006927108559854214	Aque_Aqu2.1.43788-001;Slac_ENSLPGG00000012981	1.2849197808890718e-08	1.425866129975506e-17	Aque_Aqu2.1.41326-001;Slac_ENSLPGG00000020586	2.650509830852004e-20	4.174689950786955e-05	Aque_Aqu2.1.31388-001;Slac_ENSLPGG00000021402	0.009425638668166618	2.550566114792781e-45	Aque_Aqu2.1.21492-001;Slac_ENSLPGG00000024879	5.352416678551809e-06	0.008126253320703276	Aque_Aqu2.1.21248-001;Slac_ENSLPGG00000004213	2.1316785119627852e-35	0.0002661926741662564	Aque_Aqu2.1.33475-001;Slac_ENSLPGG00000006423	1.0995269657112263e-12	3.266166105766691e-05	Aque_Aqu2.1.43551-001;Slac_ENSLPGG00000007525	1.0046936470645059e-10	3.9611081585269763e-32	Aque_Aqu2.1.43733-001;Slac_ENSLPGG00000008987	4.248328240934453e-206	0.001852208764674488				Aque_Aqu2.1.23692-001;Slac_ENSLPGG00000012471	1.2841772084763492e-19	9.012536840606819e-20	Aque_Aqu2.1.40738-001;Slac_ENSLPGG00000014205	6.218782870818954e-08	5.661329922037294e-55	Aque_Aqu2.1.29714-001;Slac_ENSLPGG00000007325	7.391576077219849e-08	0.00029936576102888293	Aque_Aqu2.1.43987-001;Slac_ENSLPGG00000002394	3.283156008267793e-06	1.8622701653685263e-59	Aque_Aqu2.1.41012-001;Slac_ENSLPGG00000012949	0.00027018571509218245	0.0				Aque_Aqu2.1.41622-001;Slac_ENSLPGG00000020387	9.37433589323078e-05	1.426037482103243e-13	Aque_Aqu2.1.39203-001;Slac_ENSLPGG00000023764	1.1233610661314817e-06	0.004122137788716029				Aque_Aqu2.1.14505-001;Slac_ENSLPGG00000007386	0.0012907827016655612	2.38173767008966e-09	Aque_Aqu2.1.14505-001;Slac_ENSLPGG00000007386	0.0012907827016655612	0.00193996642110792
Aque_Aqu2.1.33693-001;Slac_ENSLPGG00000002394	2.272650030560976e-17	1.2937479835425587e-20	Aque_Aqu2.1.16620-001;Slac_ENSLPGG00000013974	3.397334660599216e-165	0.00407914189268744	Aque_Aqu2.1.22254-001;Slac_ENSLPGG00000009254	1.7812566036149077e-133	8.762013372051708e-06	Aque_Aqu2.1.12657-001;Slac_ENSLPGG00000004375	2.9043498226616313e-98	9.01354663239435e-19	Aque_Aqu2.1.19270-001;Slac_ENSLPGG00000014669	3.5649902187242884e-79	1.1038686753309209e-09	Aque_Aqu2.1.39108-001;Slac_ENSLPGG00000007868	1.5603924607670408e-114	0.009690836261642558	Aque_Aqu2.1.25405-001;Slac_ENSLPGG00000020148	2.7610085691748473e-15	4.276472352270167e-10	Aque_Aqu2.1.42605-001;Slac_ENSLPGG00000011766	9.509180868415106e-59	0.00043332666558860527	Aque_Aqu2.1.33740-001;Slac_ENSLPGG00000014397	1.0543340401031923e-102	8.281338519449435e-64	Aque_Aqu2.1.35782-001;Slac_ENSLPGG00000006246	1.2434888697369219e-92	0.00438905417428975	Aque_Aqu2.1.35077-001;Slac_ENSLPGG00000017593	1.9812419822161078e-144	8.919210124797321e-42	Aque_Aqu2.1.41260-001;Slac_ENSLPGG00000008330	1.638108573287336e-99	0.0024588751088620055	Aque_Aqu2.1.35077-001;Slac_ENSLPGG00000017593	1.7045642842567605e-116	9.382583786731494e-67	Aque_Aqu2.1.35059-001;Slac_ENSLPGG00000029352	1.5620453396581136e-08	1.5586910136714756e-52	Aque_Aqu2.1.40908-001;Slac_ENSLPGG00000015371	2.5432621050748296e-88	3.3780706849964336e-36	Aque_Aqu2.1.34247-001;Slac_ENSLPGG00000018181	2.2779810691546104e-47	3.630673637054969e-70	Aque_Aqu2.1.27010-001;Slac_ENSLPGG00000000546	4.41651802264221e-27	8.592975247752537e-05										Aque_Aqu2.1.36606-001;Slac_ENSLPGG00000010506	5.622930540080185e-07	1.6813378010395353e-09	Aque_Aqu2.1.35513-001;Slac_ENSLPGG00000014037	8.033421574211273e-25	1.8687999982522213e-07	Aque_Aqu2.1.28492-001;Slac_ENSLPGG00000009116	4.609852878565774e-24	2.3440959155135562e-14	Aque_Aqu2.1.27228-001;Slac_ENSLPGG00000025642	8.73403633687885e-34	0.0031423070678021476	Aque_Aqu2.1.24987-001;Slac_ENSLPGG00000009461	1.6948309903525678e-12	0.0001519651798931296	Aque_Aqu2.1.44104-001;Slac_ENSLPGG00000013154	1.0271464132257017e-50	0.0003774658561661878	Aque_Aqu2.1.35503-001;Slac_ENSLPGG00000003499	6.524992042139891e-05	6.728375828184202e-59	Aque_Aqu2.1.43551-001;Slac_ENSLPGG00000007730	1.0046936470645059e-10	3.6133844128804866e-70	Aque_Aqu2.1.37895-001;Slac_ENSLPGG00000002171	1.3041098546376117e-11	2.0039843010385572e-48	Aque_Aqu2.1.44197-001;Slac_ENSLPGG00000001139	1.6113923010411783e-24	8.419665194249147e-35	Aque_Aqu2.1.44197-001;Slac_ENSLPGG00000007158	1.6113923010411783e-24	1.3921670430557845e-07	Aque_Aqu2.1.35513-001;Slac_ENSLPGG00000013069	1.9223474439878673e-49	1.5435674773364596e-07				Aque_Aqu2.1.44243-001;Slac_ENSLPGG00000021186	2.5819489532558422e-23	2.1966675747781014e-45	Aque_Aqu2.1.24982-001;Slac_ENSLPGG00000009509	6.201017404049446e-34	1.998130087411442e-10	Aque_Aqu2.1.31388-001;Slac_ENSLPGG00000021402	0.004760476945746735	2.454971510320962e-13	Aque_Aqu2.1.31388-001;Slac_ENSLPGG00000022008	0.004760476945746735	2.2847279941433917e-49	Aque_Aqu2.1.23239-001;Slac_ENSLPGG00000014697	7.943361772072874e-20	2.655527233495173e-06				Aque_Aqu2.1.31179-001;Slac_ENSLPGG00000010484	0.0002464726531911596	1.476458305517999e-06	Aque_Aqu2.1.35230-001;Slac_ENSLPGG00000012424	0.003333932225740895	1.1279740540026582e-09				Aque_Aqu2.1.44141-001;Slac_ENSLPGG00000009116	0.00046311253298130997	1.938637425975692e-130	Aque_Aqu2.1.43267-001;Slac_ENSLPGG00000027461	0.00038567036236718364	5.698905676741827e-05
Aque_Aqu2.1.38546-001;Slac_ENSLPGG00000004809	5.0069341824032954e-104	1.7243835728527125e-186	Aque_Aqu2.1.33950-001;Slac_ENSLPGG00000024534	2.1143479916429974e-48	8.111986096029365e-09	Aque_Aqu2.1.33740-001;Slac_ENSLPGG00000014397	1.0543340401031923e-102	2.0650986821538538e-11	Aque_Aqu2.1.27559-001;Slac_ENSLPGG00000010731	3.744327577318277e-75	5.5460858294258525e-49	Aque_Aqu2.1.44322-001;Slac_ENSLPGG00000026466	8.465724691870346e-08	1.4626295981692032e-101	Aque_Aqu2.1.33543-001;Slac_ENSLPGG00000028631	2.8949349109542336e-49	7.607590214758004e-52	Aque_Aqu2.1.18283-001;Slac_ENSLPGG00000026466	8.281858889981098e-97	0.00010790045765587836	Aque_Aqu2.1.34247-001;Slac_ENSLPGG00000018181	5.995179413289e-67	3.416617015582869e-08	Aque_Aqu2.1.42490-001;Slac_ENSLPGG00000011256	3.576635191646024e-93	2.7071941245640743e-34	Aque_Aqu2.1.41621-001;Slac_ENSLPGG00000018880	1.7335877317951547e-90	0.001117576290186304	Aque_Aqu2.1.43382-001;Slac_ENSLPGG00000004594	1.0768824237806037e-94	2.8373547397208718e-62	Aque_Aqu2.1.09020-001;Slac_ENSLPGG00000018656	2.4943909941102765e-84	6.418056167929435e-06	Aque_Aqu2.1.33543-001;Slac_ENSLPGG00000028631	3.338337069377686e-35	0.0	Aque_Aqu2.1.31578-001;Slac_ENSLPGG00000029003	1.9263239615738984e-15	4.144311434162604e-09	Aque_Aqu2.1.33740-001;Slac_ENSLPGG00000014397	3.050336161000028e-63	1.0741231000141901e-80	Aque_Aqu2.1.41260-001;Slac_ENSLPGG00000008330	2.904703574652158e-114	1.763572462074138e-07	Aque_Aqu2.1.22254-001;Slac_ENSLPGG00000009254	4.495098574013278e-89	3.406611387793786e-27										Aque_Aqu2.1.23414-001;Slac_ENSLPGG00000009214	1.6439830959473454e-05	3.9193426417193345e-97	Aque_Aqu2.1.21208-001;Slac_ENSLPGG00000017522	0.009823782723145305	0.0002816559451928726	Aque_Aqu2.1.37101-001;Slac_ENSLPGG00000010273	1.5336636022433145e-08	0.0012724249500829956	Aque_Aqu2.1.34140-001;Slac_ENSLPGG00000001139	1.662739836406084e-09	4.345251405310324e-05	Aque_Aqu2.1.23414-001;Slac_ENSLPGG00000009214	1.6439830959473454e-05	1.4920290444433663e-93	Aque_Aqu2.1.20108-001;Slac_ENSLPGG00000019235	4.251258104731302e-23	3.8954346900669975e-11	Aque_Aqu2.1.28492-001;Slac_ENSLPGG00000009116	1.2990573900827222e-105	1.3356495854071297e-16	Aque_Aqu2.1.43551-001;Slac_ENSLPGG00000007525	1.0046936470645059e-10	1.0828951260361905e-08	Aque_Aqu2.1.44197-001;Slac_ENSLPGG00000007158	1.6113923010411783e-24	2.0838815629998246e-20	Aque_Aqu2.1.17816-001;Slac_ENSLPGG00000007158	1.1230267612856121e-05	1.114345831165579e-74	Aque_Aqu2.1.38204-001;Slac_ENSLPGG00000020706	3.177001816716186e-16	0.00019249484478877987	Aque_Aqu2.1.43551-001;Slac_ENSLPGG00000018987	1.0046936470645059e-10	8.336789136783278e-158				Aque_Aqu2.1.28497-001;Slac_ENSLPGG00000009453	6.265744639493593e-06	3.1604583026530097e-28	Aque_Aqu2.1.31551-001;Slac_ENSLPGG00000001139	0.0004550419940629617	1.7584177041274718e-41	Aque_Aqu2.1.28489-001;Slac_ENSLPGG00000009116	1.2639077541595553e-28	5.930858528443236e-08	Aque_Aqu2.1.41190-001;Slac_ENSLPGG00000009380	3.070020325785256e-26	3.538907005608493e-07	Aque_Aqu2.1.28294-001;Slac_ENSLPGG00000019578	1.3804396387632021e-27	0.0048945557979933815				Aque_Aqu2.1.31381-001;Slac_ENSLPGG00000003671	8.747410743124555e-06	1.5529769930545319e-09	Aque_Aqu2.1.43289-001;Slac_ENSLPGG00000001774	0.00030734414796325745	0.008080609199333533				Aque_Aqu2.1.41439-001;Slac_ENSLPGG00000015465	9.517698459189829e-05	1.812278830807608e-10	Aque_Aqu2.1.42693-001;Slac_ENSLPGG00000012471	5.036351134363364e-08	0.0007644669253628005
Aque_Aqu2.1.29050-001;Slac_ENSLPGG00000007086	2.867105090061806e-114	1.916579196003528e-87	Aque_Aqu2.1.41935-001;Slac_ENSLPGG00000021584	5.591333443268466e-36	6.413530410769873e-10	Aque_Aqu2.1.40409-001;Slac_ENSLPGG00000002404	2.5626223762526347e-95	1.0522230202949245e-10	Aque_Aqu2.1.40908-001;Slac_ENSLPGG00000015371	4.597924904219899e-109	3.3780706849964336e-36	Aque_Aqu2.1.43440-001;Slac_ENSLPGG00000008240	2.966613490803621e-57	1.0423535641754461e-08	Aque_Aqu2.1.14207-001;Slac_ENSLPGG00000010983	4.846865897652857e-15	2.388548102631507e-13	Aque_Aqu2.1.44138-001;Slac_ENSLPGG00000009965	8.430793710552281e-94	2.481119508763844e-06	Aque_Aqu2.1.31388-001;Slac_ENSLPGG00000002802	0.0006755546556821743	8.426990143869804e-23	Aque_Aqu2.1.14128-001;Slac_ENSLPGG00000018181	2.4522134152092073e-15	8.363124698016115e-89	Aque_Aqu2.1.36280-001;Slac_ENSLPGG00000026756	3.288773730928107e-103	3.1751586056750866e-05	Aque_Aqu2.1.33925-001;Slac_ENSLPGG00000001999	4.33182089821621e-115	2.68549045416573e-54	Aque_Aqu2.1.40203-001;Slac_ENSLPGG00000002568	7.76548669049712e-21	2.3451780109807946e-07	Aque_Aqu2.1.41635-001;Slac_ENSLPGG00000019527	1.8860006019834307e-85	8.419026994279683e-47	Aque_Aqu2.1.20046-001;Slac_ENSLPGG00000008927	4.1919986784620565e-08	4.196537548175195e-39	Aque_Aqu2.1.25682-001;Slac_ENSLPGG00000019196	4.6746242325897114e-116	1.2431352884441626e-06	Aque_Aqu2.1.26386-001;Slac_ENSLPGG00000010983	2.0957315784869368e-55	9.834982668604445e-20	Aque_Aqu2.1.18353-001;Slac_ENSLPGG00000017904	6.178257458042465e-65	1.0210110647151025e-05										Aque_Aqu2.1.35781-001;Slac_ENSLPGG00000007429	0.0002769383255997843	2.36273363097752e-25	Aque_Aqu2.1.41482-001;Slac_ENSLPGG00000001139	2.2364060071655327e-10	1.364164359996385e-34	Aque_Aqu2.1.24276-001;Slac_ENSLPGG00000022619	2.4507403536374703e-05	0.0007565344941970633	Aque_Aqu2.1.42077-001;Slac_ENSLPGG00000024184	1.6179795020463484e-12	8.199738945854912e-06	Aque_Aqu2.1.36606-001;Slac_ENSLPGG00000010506	5.622930540080185e-07	1.263049125259277e-07	Aque_Aqu2.1.43616-001;Slac_ENSLPGG00000011962	0.0009241407032262829	3.211008789355102e-10	Aque_Aqu2.1.25858-001;Slac_ENSLPGG00000010273	5.683206485678387e-42	1.4736923783815982e-11				Aque_Aqu2.1.31385-001;Slac_ENSLPGG00000022008	5.85436007345541e-05	5.196572743258641e-21	Aque_Aqu2.1.35513-001;Slac_ENSLPGG00000014037	1.9223474439878673e-49	9.215098691457013e-15	Aque_Aqu2.1.42077-001;Slac_ENSLPGG00000024184	2.0833804932494515e-41	8.199738945854912e-06	Aque_Aqu2.1.25858-001;Slac_ENSLPGG00000012471	5.683206485678387e-42	8.124978717659955e-08				Aque_Aqu2.1.35253-001;Slac_ENSLPGG00000026194	3.5542328552532075e-13	1.969891307800923e-05	Aque_Aqu2.1.08677-001;Slac_ENSLPGG00000011536	7.208488648075431e-16	0.005230032865004775	Aque_Aqu2.1.30867-001;Slac_ENSLPGG00000007158	1.3309245062395783e-20	3.092012612494674e-08	Aque_Aqu2.1.08677-001;Slac_ENSLPGG00000012055	7.208488648075431e-16	0.000889129280263582	Aque_Aqu2.1.39672-001;Slac_ENSLPGG00000013283	1.7219934783810546e-24	3.255600133488331e-09				Aque_Aqu2.1.27809-001;Slac_ENSLPGG00000018450	5.722807349227157e-17	6.8440101107148165e-25	Aque_Aqu2.1.42038-001;Slac_ENSLPGG00000004661	0.0014399152234147294	9.550063314555373e-05				Aque_Aqu2.1.42203-001;Slac_ENSLPGG00000008996	3.7598373078532615e-09	8.155654749464835e-07	Aque_Aqu2.1.28570-001;Slac_ENSLPGG00000011888	0.00023281500164788895	4.3925196744109405e-05
Aque_Aqu2.1.24541-001;Slac_ENSLPGG00000010551	2.344168441479099e-143	1.1481621637587149e-70	Aque_Aqu2.1.28570-001;Slac_ENSLPGG00000017185	6.837768357397875e-22	2.154470322241375e-44	Aque_Aqu2.1.18353-001;Slac_ENSLPGG00000017904	2.4837792641188912e-56	0.008796864666705458	Aque_Aqu2.1.21796-001;Slac_ENSLPGG00000020424	1.2188109824148507e-117	1.4693137716189442e-43	Aque_Aqu2.1.25405-001;Slac_ENSLPGG00000020148	2.7610085691748473e-15	3.9008732350437895e-27	Aque_Aqu2.1.37762-001;Slac_ENSLPGG00000010260	1.6015037883301053e-113	5.630766990100587e-17	Aque_Aqu2.1.06465-001;Slac_ENSLPGG00000010731	1.1423349568697603e-06	8.84840161911228e-28	Aque_Aqu2.1.12854-001;Slac_ENSLPGG00000000928	8.308052623456065e-109	0.009562698541981973	Aque_Aqu2.1.34241-001;Slac_ENSLPGG00000020856	7.816229863606503e-118	8.94735728911036e-15	Aque_Aqu2.1.25862-001;Slac_ENSLPGG00000018181	1.4164840831138878e-69	6.617949916273581e-06	Aque_Aqu2.1.37079-001;Slac_ENSLPGG00000014397	6.987535709667499e-114	7.557148084105279e-86	Aque_Aqu2.1.33740-001;Slac_ENSLPGG00000014397	1.0543340401031923e-102	3.3855431233057985e-30	Aque_Aqu2.1.36105-001;Slac_ENSLPGG00000022449	1.677285239895516e-12	3.378233621973844e-73	Aque_Aqu2.1.33950-001;Slac_ENSLPGG00000024534	4.7618654032696835e-30	8.111986096029365e-09	Aque_Aqu2.1.12854-001;Slac_ENSLPGG00000000928	5.013764288192056e-82	7.745796311781258e-29	Aque_Aqu2.1.28091-001;Slac_ENSLPGG00000011974	3.2719744868010964e-115	2.357272853270015e-39	Aque_Aqu2.1.21796-001;Slac_ENSLPGG00000020424	3.728084031454857e-82	6.24883935437977e-36										Aque_Aqu2.1.18919-001;Slac_ENSLPGG00000020504	4.099696319053958e-07	5.048442826344658e-07	Aque_Aqu2.1.38519-001;Slac_ENSLPGG00000007426	4.925084952210815e-06	0.007361415167221235	Aque_Aqu2.1.38752-001;Slac_ENSLPGG00000014037	2.5967541173213717e-13	1.7369126307804394e-11	Aque_Aqu2.1.44280-001;Slac_ENSLPGG00000021800	3.113278684368793e-07	1.377967179154152e-07	Aque_Aqu2.1.43788-001;Slac_ENSLPGG00000015099	1.2849197808890718e-08	0.0002745854346787509	Aque_Aqu2.1.40738-001;Slac_ENSLPGG00000012981	6.422305685693903e-13	6.990697654850585e-137	Aque_Aqu2.1.43551-001;Slac_ENSLPGG00000018987	1.0046936470645059e-10	4.442906185241835e-129				Aque_Aqu2.1.37112-001;Slac_ENSLPGG00000014949	4.6928004436226405e-11	1.1948375898754562e-64	Aque_Aqu2.1.38750-001;Slac_ENSLPGG00000014120	4.160461261776937e-93	0.000944903500654391	Aque_Aqu2.1.28489-001;Slac_ENSLPGG00000009453	4.787491920802856e-09	1.297346950394959e-07	Aque_Aqu2.1.33047-001;Slac_ENSLPGG00000000921	1.344591319154037e-14	2.3931149398632247e-20				Aque_Aqu2.1.43674-001;Slac_ENSLPGG00000007158	4.20083387372124e-06	3.4393842705479424e-25	Aque_Aqu2.1.39916-001;Slac_ENSLPGG00000007568	2.688541540398142e-13	7.355611122930514e-05	Aque_Aqu2.1.31385-001;Slac_ENSLPGG00000021402	0.0004221664291573433	2.454971510320962e-13	Aque_Aqu2.1.40997-001;Slac_ENSLPGG00000019726	3.831716522362373e-96	6.546769520201781e-23	Aque_Aqu2.1.40997-001;Slac_ENSLPGG00000019726	3.831716522362373e-96	9.233327271920263e-98				Aque_Aqu2.1.38331-001;Slac_ENSLPGG00000011640	0.004869031541960284	0.0015346934290880034	Aque_Aqu2.1.39784-001;Slac_ENSLPGG00000012945	0.007948759501957106	9.889582370678929e-13				Aque_Aqu2.1.32600-001;Slac_ENSLPGG00000009612	0.007545965439722446	0.00011351860522038327	Aque_Aqu2.1.22535-001;Slac_ENSLPGG00000012055	2.039837320551659e-11	0.00016476085217087362
Aque_Aqu2.1.25405-001;Slac_ENSLPGG00000020148	2.7610085691748473e-15	2.699710232719507e-175	Aque_Aqu2.1.41308-001;Slac_ENSLPGG00000009291	4.0631799851115316e-122	0.00028812827058854226	Aque_Aqu2.1.14137-001;Slac_ENSLPGG00000006881	3.1178299804803794e-58	0.0021513660384255224	Aque_Aqu2.1.37079-001;Slac_ENSLPGG00000011571	6.987535709667499e-114	9.652291852964913e-17	Aque_Aqu2.1.34889-001;Slac_ENSLPGG00000015697	5.140233485381033e-67	0.00028626675885698753	Aque_Aqu2.1.38354-001;Slac_ENSLPGG00000028953	1.1143806868995651e-101	9.787741946183364e-13	Aque_Aqu2.1.30395-001;Slac_ENSLPGG00000011626	6.234964103978512e-06	2.591289267732569e-25	Aque_Aqu2.1.44138-001;Slac_ENSLPGG00000009965	8.430793710552281e-94	7.214526497914953e-06	Aque_Aqu2.1.18867-001;Slac_ENSLPGG00000006262	2.2639624801972363e-67	2.5340687653096822e-20	Aque_Aqu2.1.29717-001;Slac_ENSLPGG00000007301	6.890724883725895e-35	0.002935569225001022	Aque_Aqu2.1.37974-001;Slac_ENSLPGG00000010195	2.4185485011480635e-14	2.1728558564461395e-216	Aque_Aqu2.1.44138-001;Slac_ENSLPGG00000009965	8.430793710552281e-94	7.441768387696718e-29	Aque_Aqu2.1.25682-001;Slac_ENSLPGG00000019196	4.6746242325897114e-116	4.623428765436423e-09	Aque_Aqu2.1.24263-001;Slac_ENSLPGG00000024124	5.014452326172999e-104	9.387692864502609e-09	Aque_Aqu2.1.28570-001;Slac_ENSLPGG00000017185	1.3478437671175875e-40	0.003646635186372826	Aque_Aqu2.1.16620-001;Slac_ENSLPGG00000005401	5.117152723494208e-38	2.3421129342282908e-26	Aque_Aqu2.1.39108-001;Slac_ENSLPGG00000007868	3.922071748104669e-86	8.484491036414442e-05										Aque_Aqu2.1.28495-001;Slac_ENSLPGG00000023963	3.050594406121623e-25	0.00021429564820563303	Aque_Aqu2.1.23245-001;Slac_ENSLPGG00000013844	6.412219767578961e-13	6.327972765092445e-45	Aque_Aqu2.1.41482-001;Slac_ENSLPGG00000001139	2.2364060071655327e-10	1.0794946248240394e-08	Aque_Aqu2.1.23414-001;Slac_ENSLPGG00000002095	1.6439830959473454e-05	0.0007282670887080511	Aque_Aqu2.1.37112-001;Slac_ENSLPGG00000014949	7.988764884310961e-19	1.0818128140739989e-32	Aque_Aqu2.1.23771-001;Slac_ENSLPGG00000007479	0.0002967226327198474	0.00035814504713363167	Aque_Aqu2.1.44196-001;Slac_ENSLPGG00000010506	2.9679464678834445e-05	1.6813378010395353e-09				Aque_Aqu2.1.31385-001;Slac_ENSLPGG00000021402	5.85436007345541e-05	4.894697548156748e-35	Aque_Aqu2.1.28076-001;Slac_ENSLPGG00000007945	8.695967360911744e-11	0.0052285844651336595	Aque_Aqu2.1.33049-001;Slac_ENSLPGG00000014432	0.00015577197424357952	1.5001187026438926e-26	Aque_Aqu2.1.33671-001;Slac_ENSLPGG00000008220	2.1653315935197197e-05	2.790707462165623e-142				Aque_Aqu2.1.31064-001;Slac_ENSLPGG00000021800	0.00019272678791150202	1.243255156074208e-25	Aque_Aqu2.1.33622-001;Slac_ENSLPGG00000022031	1.708447263117159e-16	6.099419038603397e-08	Aque_Aqu2.1.33629-001;Slac_ENSLPGG00000026185	0.009336944773511264	0.004154972720071218	Aque_Aqu2.1.23239-001;Slac_ENSLPGG00000014697	7.943361772072874e-20	0.00031433912419985853	Aque_Aqu2.1.21880-001;Slac_ENSLPGG00000008528	1.2898596676934027e-28	2.909698664190913e-50				Aque_Aqu2.1.39201-001;Slac_ENSLPGG00000027198	1.1119694902826868e-11	6.050839670733482e-13	Aque_Aqu2.1.28301-001;Slac_ENSLPGG00000012506	8.883577150236559e-09	5.716522345580608e-05				Aque_Aqu2.1.41583-001;Slac_ENSLPGG00000001761	3.1649988563463466e-09	2.6571050014478918e-09	Aque_Aqu2.1.37816-001;Slac_ENSLPGG00000008029	2.182298778248426e-08	0.0003857356729118802
Aque_Aqu2.1.39108-001;Slac_ENSLPGG00000007868	1.5603924607670408e-114	1.1935285646711055e-16	Aque_Aqu2.1.38546-001;Slac_ENSLPGG00000004809	5.0069341824032954e-104	1.4313808207016338e-87	Aque_Aqu2.1.21796-001;Slac_ENSLPGG00000020424	1.2188109824148507e-117	1.33428869072025e-09	Aque_Aqu2.1.15787-001;Slac_ENSLPGG00000026812	7.592400004336438e-49	3.7277497018313445e-88	Aque_Aqu2.1.28091-001;Slac_ENSLPGG00000011974	2.7724493515918748e-102	1.919180548529351e-28	Aque_Aqu2.1.24541-001;Slac_ENSLPGG00000010551	2.344168441479099e-143	1.811745517398896e-06	Aque_Aqu2.1.38546-001;Slac_ENSLPGG00000004809	5.0069341824032954e-104	6.6931918008224805e-06	Aque_Aqu2.1.35782-001;Slac_ENSLPGG00000006246	1.2434888697369219e-92	0.000792319847888225	Aque_Aqu2.1.26950-001;Slac_ENSLPGG00000011704	2.9641211798731584e-40	8.301653174528089e-08	Aque_Aqu2.1.31194-001;Slac_ENSLPGG00000008469	9.479286352586293e-109	1.3355342106960517e-05	Aque_Aqu2.1.29050-001;Slac_ENSLPGG00000007086	2.867105090061806e-114	2.7883040289054695e-28	Aque_Aqu2.1.34889-001;Slac_ENSLPGG00000015697	5.140233485381033e-67	0.005407530889196127	Aque_Aqu2.1.43814-001;Slac_ENSLPGG00000016800	1.049704161139056e-34	1.3097226120826726e-57	Aque_Aqu2.1.36105-001;Slac_ENSLPGG00000022449	1.677285239895516e-12	4.232134737239487e-36	Aque_Aqu2.1.09762-001;Slac_ENSLPGG00000011626	1.0715619696689452e-80	8.032473389373455e-52	Aque_Aqu2.1.43341-001;Slac_ENSLPGG00000007608	1.0437843238720978e-84	7.624263790580723e-67	Aque_Aqu2.1.43309-001;Slac_ENSLPGG00000007673	3.311614163436602e-70	9.605619249526652e-10										Aque_Aqu2.1.22786-001;Slac_ENSLPGG00000017086	2.8331152605496287e-05	5.011464522643092e-11	Aque_Aqu2.1.25929-001;Slac_ENSLPGG00000008098	2.1593827426913054e-06	2.903532461707627e-06	Aque_Aqu2.1.17816-001;Slac_ENSLPGG00000007158	0.009367143325851741	4.969353227696443e-20	Aque_Aqu2.1.37101-001;Slac_ENSLPGG00000012471	1.5336636022433145e-08	0.005559596267054266	Aque_Aqu2.1.25867-001;Slac_ENSLPGG00000000921	2.1213248264626324e-06	2.3931149398632247e-20	Aque_Aqu2.1.36223-001;Slac_ENSLPGG00000026242	3.3674934284767487e-13	1.0657543622773938e-09	Aque_Aqu2.1.33671-001;Slac_ENSLPGG00000008220	2.1653315935197197e-05	4.726282953830286e-155				Aque_Aqu2.1.21248-001;Slac_ENSLPGG00000009981	2.1316785119627852e-35	1.3568559412466125e-08	Aque_Aqu2.1.38752-001;Slac_ENSLPGG00000014120	1.5804020643111057e-187	0.000944903500654391	Aque_Aqu2.1.33671-001;Slac_ENSLPGG00000008220	2.1653315935197197e-05	3.0436877260285724e-40	Aque_Aqu2.1.35503-001;Slac_ENSLPGG00000001761	6.524992042139891e-05	5.86853535204573e-31				Aque_Aqu2.1.24982-001;Slac_ENSLPGG00000009509	6.201017404049446e-34	2.2491486067059786e-05	Aque_Aqu2.1.29861-001;Slac_ENSLPGG00000007568	2.7802180224950214e-12	7.355611122930514e-05	Aque_Aqu2.1.40738-001;Slac_ENSLPGG00000012981	6.218782870818954e-08	8.895392279584421e-40	Aque_Aqu2.1.41663-001;Slac_ENSLPGG00000004269	6.925532323955444e-17	9.88252040491545e-05	Aque_Aqu2.1.41892-001;Slac_ENSLPGG00000018987	5.2142493076430264e-14	8.336789136783278e-158				Aque_Aqu2.1.16005-001;Slac_ENSLPGG00000012561	0.0059645576547400275	6.067696757204477e-08	Aque_Aqu2.1.39784-001;Slac_ENSLPGG00000011679	0.007948759501957106	6.15101995280014e-09				Aque_Aqu2.1.35074-001;Slac_ENSLPGG00000008965	0.0026045557794344035	8.041779839829194e-05	Aque_Aqu2.1.28194-001;Slac_ENSLPGG00000014570	0.0045912394646443755	3.3557276799385053e-06
Aque_Aqu2.1.19270-001;Slac_ENSLPGG00000014669	3.5649902187242884e-79	1.3685670620374595e-29	Aque_Aqu2.1.39108-001;Slac_ENSLPGG00000007868	1.5603924607670408e-114	1.1489317392501663e-05	Aque_Aqu2.1.38196-001;Slac_ENSLPGG00000005591	2.7056507229478046e-24	0.0007730584144598214	Aque_Aqu2.1.41635-001;Slac_ENSLPGG00000019527	1.35534995308407e-94	4.2697164052824775e-20	Aque_Aqu2.1.29050-001;Slac_ENSLPGG00000007086	2.867105090061806e-114	1.2595919380253037e-11	Aque_Aqu2.1.25405-001;Slac_ENSLPGG00000020148	2.7610085691748473e-15	5.36882303888772e-20	Aque_Aqu2.1.28091-001;Slac_ENSLPGG00000011974	2.7724493515918748e-102	7.394824568652731e-06	Aque_Aqu2.1.27559-001;Slac_ENSLPGG00000010731	3.744327577318277e-75	0.0006734830437476485	Aque_Aqu2.1.43341-001;Slac_ENSLPGG00000007608	5.594181239016693e-111	1.1842889084711171e-79	Aque_Aqu2.1.36579-001;Slac_ENSLPGG00000005401	1.3401575227138799e-05	6.489481687386777e-08	Aque_Aqu2.1.44138-001;Slac_ENSLPGG00000009965	8.430793710552281e-94	1.175888333541968e-58	Aque_Aqu2.1.29050-001;Slac_ENSLPGG00000007086	2.867105090061806e-114	2.9368437301779985e-14	Aque_Aqu2.1.39108-001;Slac_ENSLPGG00000007868	3.922071748104669e-86	1.1935285646711055e-16	Aque_Aqu2.1.39108-001;Slac_ENSLPGG00000007868	3.922071748104669e-86	1.1489317392501663e-05	Aque_Aqu2.1.33740-001;Slac_ENSLPGG00000011571	3.050336161000028e-63	9.652291852964913e-17	Aque_Aqu2.1.39934-001;Slac_ENSLPGG00000026505	1.5771892143125586e-122	2.74102865695632e-35	Aque_Aqu2.1.41064-001;Slac_ENSLPGG00000022135	8.580551927005869e-23	1.348948881613942e-06										Aque_Aqu2.1.41049-001;Slac_ENSLPGG00000012055	1.7843460525969402e-71	0.0013159312919552733	Aque_Aqu2.1.38750-001;Slac_ENSLPGG00000013069	2.625604464614801e-12	2.228833167443332e-21	Aque_Aqu2.1.25867-001;Slac_ENSLPGG00000015112	2.1213248264626324e-06	0.0002902087639971218	Aque_Aqu2.1.25927-001;Slac_ENSLPGG00000006175	0.0021258234544837508	0.0009487128182759552	Aque_Aqu2.1.33622-001;Slac_ENSLPGG00000013283	3.31852085524485e-07	3.255600133488331e-09	Aque_Aqu2.1.42577-001;Slac_ENSLPGG00000000077	1.8911675837915696e-105	0.0036103666984574636	Aque_Aqu2.1.17816-001;Slac_ENSLPGG00000021520	1.1230267612856121e-05	2.3251872846171974e-12				Aque_Aqu2.1.33448-001;Slac_ENSLPGG00000011166	5.333308141039486e-54	1.1662929005977234e-06	Aque_Aqu2.1.22700-001;Slac_ENSLPGG00000019300	1.8381209007315285e-23	0.00916946657507977	Aque_Aqu2.1.21248-001;Slac_ENSLPGG00000009981	2.1316785119627852e-35	0.0005648393477584899	Aque_Aqu2.1.38687-001;Slac_ENSLPGG00000023112	2.654488101058108e-41	6.821266047565433e-14				Aque_Aqu2.1.38554-001;Slac_ENSLPGG00000009625	3.744897044029404e-35	5.0913304307575685e-05	Aque_Aqu2.1.21174-001;Slac_ENSLPGG00000012140	0.00021564884897657527	8.571097025114353e-39	Aque_Aqu2.1.25867-001;Slac_ENSLPGG00000000921	0.0002352162877005849	8.554351911362749e-10	Aque_Aqu2.1.27258-001;Slac_ENSLPGG00000006993	4.614981215518772e-18	6.969567404434934e-12	Aque_Aqu2.1.41663-001;Slac_ENSLPGG00000004269	6.925532323955444e-17	1.8350665280559102e-08				Aque_Aqu2.1.29717-001;Slac_ENSLPGG00000007301	5.092049239003799e-10	2.895248310330986e-16	Aque_Aqu2.1.34141-001;Slac_ENSLPGG00000001774	2.4543785006386496e-05	0.008080609199333533				Aque_Aqu2.1.42527-001;Slac_ENSLPGG00000013965	0.007250774586465135	0.002067798124046298	Aque_Aqu2.1.39784-001;Slac_ENSLPGG00000014570	0.00499087858669987	3.3557276799385053e-06
Aque_Aqu2.1.33543-001;Slac_ENSLPGG00000028631	2.8949349109542336e-49	0.0	Aque_Aqu2.1.18688-001;Slac_ENSLPGG00000019766	1.5079384116635895e-120	1.702194036238849e-29	Aque_Aqu2.1.24263-001;Slac_ENSLPGG00000024124	6.882511556510769e-115	0.00020346059177730132	Aque_Aqu2.1.04943-001;Slac_ENSLPGG00000000928	1.7992188705826774e-46	7.745796311781258e-29	Aque_Aqu2.1.14207-001;Slac_ENSLPGG00000010983	4.846865897652857e-15	1.039138145298257e-28	Aque_Aqu2.1.35077-001;Slac_ENSLPGG00000017593	1.9812419822161078e-144	9.319647995313979e-08	Aque_Aqu2.1.38786-001;Slac_ENSLPGG00000005910	1.0368821242524939e-16	0.0014867414667373315	Aque_Aqu2.1.33543-001;Slac_ENSLPGG00000010511	2.8949349109542336e-49	0.00010314587172244412	Aque_Aqu2.1.40665-001;Slac_ENSLPGG00000018877	8.115709961538107e-35	1.7074539375803793e-05	Aque_Aqu2.1.14128-001;Slac_ENSLPGG00000018181	2.4522134152092073e-15	6.617949916273581e-06	Aque_Aqu2.1.22254-001;Slac_ENSLPGG00000009254	1.7812566036149077e-133	9.090439753762607e-39	Aque_Aqu2.1.29989-001;Slac_ENSLPGG00000002916	4.122966021694138e-114	0.00011693882023847729	Aque_Aqu2.1.14207-001;Slac_ENSLPGG00000010983	4.825359325182867e-10	3.83141568105036e-162	Aque_Aqu2.1.28239-001;Slac_ENSLPGG00000022242	9.032128780279223e-16	7.582033670849832e-18	Aque_Aqu2.1.39147-001;Slac_ENSLPGG00000029327	1.672944990239813e-27	1.847282400180876e-15	Aque_Aqu2.1.34476-001;Slac_ENSLPGG00000009693	4.321419943186122e-118	5.798356787689838e-34	Aque_Aqu2.1.43341-001;Slac_ENSLPGG00000007608	1.0437843238720978e-84	6.463197550060318e-34										Aque_Aqu2.1.43788-001;Slac_ENSLPGG00000015099	1.2849197808890718e-08	8.28668605995311e-06	Aque_Aqu2.1.39671-001;Slac_ENSLPGG00000012011	4.793950567183939e-08	4.457564702462509e-27	Aque_Aqu2.1.36606-001;Slac_ENSLPGG00000022031	5.622930540080185e-07	0.0026640309671868865	Aque_Aqu2.1.23414-001;Slac_ENSLPGG00000012055	1.6439830959473454e-05	0.000889129280263582	Aque_Aqu2.1.22786-001;Slac_ENSLPGG00000017086	2.8331152605496287e-05	1.4868985767209912e-07	Aque_Aqu2.1.22320-001;Slac_ENSLPGG00000015631	3.949653086058765e-42	8.896789141331552e-11	Aque_Aqu2.1.35499-001;Slac_ENSLPGG00000023963	1.2692762160706003e-88	0.00021429564820563303				Aque_Aqu2.1.35513-001;Slac_ENSLPGG00000014037	1.9223474439878673e-49	1.8687999982522213e-07	Aque_Aqu2.1.38204-001;Slac_ENSLPGG00000007180	3.177001816716186e-16	0.00514118893440922	Aque_Aqu2.1.39703-001;Slac_ENSLPGG00000021186	6.740072048541467e-12	2.0188353322288348e-10	Aque_Aqu2.1.25858-001;Slac_ENSLPGG00000010273	5.683206485678387e-42	2.9181703033897673e-09				Aque_Aqu2.1.28489-001;Slac_ENSLPGG00000009453	1.2639077541595553e-28	3.1604583026530097e-28	Aque_Aqu2.1.34140-001;Slac_ENSLPGG00000001139	1.0121820050408576e-29	1.7584177041274718e-41	Aque_Aqu2.1.31388-001;Slac_ENSLPGG00000022008	0.004760476945746735	5.8169367704063345e-09	Aque_Aqu2.1.24987-001;Slac_ENSLPGG00000003239	1.0504102619364857e-17	3.124456223400405e-05	Aque_Aqu2.1.40044-001;Slac_ENSLPGG00000010574	2.8322222814374473e-28	1.422245420678335e-29				Aque_Aqu2.1.37477-001;Slac_ENSLPGG00000000542	1.2839397955753959e-15	3.7071444059323417e-10	Aque_Aqu2.1.43623-001;Slac_ENSLPGG00000012945	0.005617868088624236	9.889582370678929e-13				Aque_Aqu2.1.34861-001;Slac_ENSLPGG00000010067	0.00013275770683427742	1.0396753966455032e-11	Aque_Aqu2.1.42282-001;Slac_ENSLPGG00000028347	0.0015334814386747913	0.0012269226445004052
Aque_Aqu2.1.35077-001;Slac_ENSLPGG00000017593	1.9812419822161078e-144	9.382583786731494e-67	Aque_Aqu2.1.37095-001;Slac_ENSLPGG00000011766	1.7138617390298075e-107	9.830051101160761e-32	Aque_Aqu2.1.41621-001;Slac_ENSLPGG00000018880	1.7335877317951547e-90	5.0214117436276294e-08	Aque_Aqu2.1.18692-001;Slac_ENSLPGG00000021862	1.8143969612667923e-88	1.0530589782561112e-39	Aque_Aqu2.1.06465-001;Slac_ENSLPGG00000010731	1.1423349568697603e-06	1.8304598264798183e-93	Aque_Aqu2.1.29989-001;Slac_ENSLPGG00000002916	4.122966021694138e-114	0.004010338169425288	Aque_Aqu2.1.43382-001;Slac_ENSLPGG00000004594	1.0768824237806037e-94	0.0092214347474896	Aque_Aqu2.1.18692-001;Slac_ENSLPGG00000021862	1.8143969612667923e-88	0.0011013330598371813	Aque_Aqu2.1.24263-001;Slac_ENSLPGG00000024124	6.882511556510769e-115	1.569714031154408e-33	Aque_Aqu2.1.31388-001;Slac_ENSLPGG00000002802	0.0006755546556821743	1.0858331416037136e-17	Aque_Aqu2.1.43423-001;Slac_ENSLPGG00000008236	7.445917862680743e-110	6.2914381894297626e-12	Aque_Aqu2.1.43341-001;Slac_ENSLPGG00000007608	5.594181239016693e-111	6.463197550060318e-34	Aque_Aqu2.1.27063-001;Slac_ENSLPGG00000023230	6.861052758461508e-93	2.6497204617369967e-21	Aque_Aqu2.1.28194-001;Slac_ENSLPGG00000012945	5.413732422862782e-38	2.3190635250413133e-06	Aque_Aqu2.1.37747-001;Slac_ENSLPGG00000010195	6.655105223624536e-120	2.141499075369723e-85	Aque_Aqu2.1.22254-001;Slac_ENSLPGG00000009254	4.495098574013278e-89	9.090439753762607e-39	Aque_Aqu2.1.39934-001;Slac_ENSLPGG00000026505	1.5771892143125586e-122	2.4903044007402054e-16										Aque_Aqu2.1.39702-001;Slac_ENSLPGG00000021790	3.839636538726795e-05	0.0008597805798620899	Aque_Aqu2.1.23414-001;Slac_ENSLPGG00000009214	1.6439830959473454e-05	6.98415207371353e-60	Aque_Aqu2.1.43984-001;Slac_ENSLPGG00000002394	1.1016186836212721e-24	1.0126793590032592e-22	Aque_Aqu2.1.37101-001;Slac_ENSLPGG00000015112	1.5336636022433145e-08	0.00549930044633956	Aque_Aqu2.1.35781-001;Slac_ENSLPGG00000016523	0.0002769383255997843	4.931625755713096e-10	Aque_Aqu2.1.37895-001;Slac_ENSLPGG00000002171	1.8087908043811806e-10	2.3617155152259307e-60	Aque_Aqu2.1.35781-001;Slac_ENSLPGG00000007429	2.9643336706072914e-07	2.36273363097752e-25				Aque_Aqu2.1.22786-001;Slac_ENSLPGG00000017086	1.95365976202051e-08	2.5231966930471065e-17	Aque_Aqu2.1.22320-001;Slac_ENSLPGG00000015631	3.5353442002483155e-36	8.896789141331552e-11	Aque_Aqu2.1.33047-001;Slac_ENSLPGG00000000921	1.344591319154037e-14	0.00020497790178902148	Aque_Aqu2.1.25858-001;Slac_ENSLPGG00000003239	5.683206485678387e-42	4.665800524885028e-08				Aque_Aqu2.1.41482-001;Slac_ENSLPGG00000001139	2.257130122823816e-08	1.5864479285115916e-66	Aque_Aqu2.1.43674-001;Slac_ENSLPGG00000001139	4.20083387372124e-06	1.7584177041274718e-41	Aque_Aqu2.1.31385-001;Slac_ENSLPGG00000022008	0.0004221664291573433	5.8169367704063345e-09	Aque_Aqu2.1.40738-001;Slac_ENSLPGG00000014205	6.218782870818954e-08	1.1536648230263885e-25	Aque_Aqu2.1.39672-001;Slac_ENSLPGG00000010506	1.7219934783810546e-24	1.263049125259277e-07				Aque_Aqu2.1.25768-001;Slac_ENSLPGG00000008607	2.222481593243513e-07	2.0066743189654983e-05	Aque_Aqu2.1.43289-001;Slac_ENSLPGG00000005942	0.00030734414796325745	0.003932067559885286				Aque_Aqu2.1.41071-001;Slac_ENSLPGG00000024858	1.5504435466436736e-11	6.9410689420013476e-34	Aque_Aqu2.1.43289-001;Slac_ENSLPGG00000005942	0.004440306993347242	0.003932067559885286
Aque_Aqu2.1.39147-001;Slac_ENSLPGG00000029327	2.5070991514612063e-37	1.051568179286769e-48	Aque_Aqu2.1.41935-001;Slac_ENSLPGG00000024534	5.591333443268466e-36	8.111986096029365e-09	Aque_Aqu2.1.37974-001;Slac_ENSLPGG00000010195	2.4185485011480635e-14	8.60570589818304e-31	Aque_Aqu2.1.42605-001;Slac_ENSLPGG00000011766	9.509180868415106e-59	6.943095950675596e-54	Aque_Aqu2.1.38546-001;Slac_ENSLPGG00000004809	5.0069341824032954e-104	1.419044150735387e-18	Aque_Aqu2.1.44059-001;Slac_ENSLPGG00000001288	3.328730512336417e-05	4.718751954988497e-08	Aque_Aqu2.1.38354-001;Slac_ENSLPGG00000028953	1.1143806868995651e-101	0.0029482637706328588	Aque_Aqu2.1.21796-001;Slac_ENSLPGG00000020424	1.2188109824148507e-117	0.0008784852694726121	Aque_Aqu2.1.22254-001;Slac_ENSLPGG00000009254	1.7812566036149077e-133	1.84717375449256e-31	Aque_Aqu2.1.28078-001;Slac_ENSLPGG00000010195	6.696460884889418e-10	2.5797407892562313e-17	Aque_Aqu2.1.43341-001;Slac_ENSLPGG00000007608	5.594181239016693e-111	7.624263790580723e-67	Aque_Aqu2.1.37774-001;Slac_ENSLPGG00000005401	7.700554024937936e-21	5.984830996195444e-31	Aque_Aqu2.1.38412-001;Slac_ENSLPGG00000027461	5.180655312018983e-16	5.668657897950773e-08	Aque_Aqu2.1.41935-001;Slac_ENSLPGG00000021584	3.900652244068748e-22	6.413530410769873e-10	Aque_Aqu2.1.41064-001;Slac_ENSLPGG00000022135	8.580551927005869e-23	1.0319589517077884e-14	Aque_Aqu2.1.28570-001;Slac_ENSLPGG00000017185	1.3478437671175875e-40	6.725487470921888e-05	Aque_Aqu2.1.18283-001;Slac_ENSLPGG00000026466	5.3800923347615143e-73	6.925919152411445e-20										Aque_Aqu2.1.35211-001;Slac_ENSLPGG00000013069	1.877257799674659e-21	4.510390699375658e-16	Aque_Aqu2.1.43788-001;Slac_ENSLPGG00000014205	1.2849197808890718e-08	6.288064179825763e-09	Aque_Aqu2.1.01979-001;Slac_ENSLPGG00000001139	0.007012591066954428	1.0794946248240394e-08	Aque_Aqu2.1.29497-001;Slac_ENSLPGG00000014782	0.009540321936991298	1.0227457240849187e-58	Aque_Aqu2.1.36606-001;Slac_ENSLPGG00000013283	5.622930540080185e-07	3.255600133488331e-09	Aque_Aqu2.1.39703-001;Slac_ENSLPGG00000004947	3.9358458296685827e-17	2.3125316935076514e-06	Aque_Aqu2.1.44140-001;Slac_ENSLPGG00000009116	3.48170003993214e-101	1.3356495854071297e-16				Aque_Aqu2.1.37895-001;Slac_ENSLPGG00000016891	1.3041098546376117e-11	1.1066745948069943e-10	Aque_Aqu2.1.35503-001;Slac_ENSLPGG00000022488	6.524992042139891e-05	8.88770356445492e-10	Aque_Aqu2.1.23389-001;Slac_ENSLPGG00000012055	1.181117757917774e-23	0.000889129280263582	Aque_Aqu2.1.44104-001;Slac_ENSLPGG00000013154	3.4947931478476343e-10	1.4389298873356519e-13				Aque_Aqu2.1.43482-001;Slac_ENSLPGG00000017003	7.648655415159219e-16	0.0007146712202704738	Aque_Aqu2.1.43954-001;Slac_ENSLPGG00000029175	0.0001823425905369846	5.940489462650018e-09	Aque_Aqu2.1.29979-001;Slac_ENSLPGG00000004765	0.005096289705461217	1.806252451274713e-08	Aque_Aqu2.1.40376-001;Slac_ENSLPGG00000001593	5.626029519789693e-17	6.425695846049782e-09	Aque_Aqu2.1.31385-001;Slac_ENSLPGG00000022008	0.0004221664291573433	1.2662397728282719e-93				Aque_Aqu2.1.40726-001;Slac_ENSLPGG00000004101	7.685602489967394e-07	2.8156917405326233e-11	Aque_Aqu2.1.43623-001;Slac_ENSLPGG00000011679	0.005617868088624236	6.15101995280014e-09				Aque_Aqu2.1.41583-001;Slac_ENSLPGG00000030274	3.1649988563463466e-09	3.625764699272144e-05	Aque_Aqu2.1.14505-001;Slac_ENSLPGG00000008607	0.0012907827016655612	0.008127844820508321
Aque_Aqu2.1.29989-001;Slac_ENSLPGG00000002916	4.122966021694138e-114	1.8602628480511736e-27	Aque_Aqu2.1.29050-001;Slac_ENSLPGG00000007086	2.867105090061806e-114	3.0736783144049152e-27	Aque_Aqu2.1.40908-001;Slac_ENSLPGG00000015371	4.597924904219899e-109	0.009588505735761711	Aque_Aqu2.1.25682-001;Slac_ENSLPGG00000019196	1.2153315557323154e-117	1.2431352884441626e-06	Aque_Aqu2.1.44059-001;Slac_ENSLPGG00000001288	3.328730512336417e-05	8.590086039879821e-17	Aque_Aqu2.1.37818-001;Slac_ENSLPGG00000010551	1.1042169105070999e-65	1.811745517398896e-06	Aque_Aqu2.1.36280-001;Slac_ENSLPGG00000026756	3.288773730928107e-103	0.000682667044097224	Aque_Aqu2.1.28647-001;Slac_ENSLPGG00000010538	1.7976193812861958e-143	0.008618877218837341	Aque_Aqu2.1.40739-001;Slac_ENSLPGG00000007249	1.6754096759265384e-122	2.0411857766634363e-27	Aque_Aqu2.1.18098-001;Slac_ENSLPGG00000005401	0.0002927017614354168	6.489481687386777e-08	Aque_Aqu2.1.25862-001;Slac_ENSLPGG00000018181	1.4164840831138878e-69	3.630673637054969e-70	Aque_Aqu2.1.24541-001;Slac_ENSLPGG00000010551	2.344168441479099e-143	1.810257039536341e-05	Aque_Aqu2.1.26225-001;Slac_ENSLPGG00000004270	1.096369540214057e-115	3.923350826009207e-40	Aque_Aqu2.1.43558-001;Slac_ENSLPGG00000023020	3.8910122545336895e-25	0.00016233266302729288	Aque_Aqu2.1.16620-001;Slac_ENSLPGG00000005401	5.117152723494208e-38	8.223884250027323e-36	Aque_Aqu2.1.38546-001;Slac_ENSLPGG00000004809	6.064527971798808e-88	3.680454032726867e-52	Aque_Aqu2.1.26386-001;Slac_ENSLPGG00000010983	2.0957315784869368e-55	0.0002724690223837942										Aque_Aqu2.1.38750-001;Slac_ENSLPGG00000014037	2.625604464614801e-12	2.8937728943288984e-19	Aque_Aqu2.1.28492-001;Slac_ENSLPGG00000009453	4.609852878565774e-24	1.4756910295882177e-48	Aque_Aqu2.1.44280-001;Slac_ENSLPGG00000021800	3.113278684368793e-07	6.359360616478455e-09	Aque_Aqu2.1.20511-001;Slac_ENSLPGG00000016836	2.6356036091086646e-14	6.05468951319439e-07	Aque_Aqu2.1.44218-001;Slac_ENSLPGG00000015655	1.5630724984533242e-08	1.160234898039516e-18	Aque_Aqu2.1.44197-001;Slac_ENSLPGG00000001139	2.2714847576806134e-31	8.419665194249147e-35	Aque_Aqu2.1.27228-001;Slac_ENSLPGG00000025642	3.237200369837252e-45	2.270226285557522e-22				Aque_Aqu2.1.43267-001;Slac_ENSLPGG00000025032	8.90115453538391e-10	2.2405791819609652e-08	Aque_Aqu2.1.41583-001;Slac_ENSLPGG00000000967	1.075194399407091e-28	1.6969914153055907e-11	Aque_Aqu2.1.33047-001;Slac_ENSLPGG00000012471	1.344591319154037e-14	0.005559596267054266	Aque_Aqu2.1.37895-001;Slac_ENSLPGG00000010506	1.3041098546376117e-11	1.263049125259277e-07				Aque_Aqu2.1.39672-001;Slac_ENSLPGG00000002171	1.7219934783810546e-24	7.388655311919578e-20	Aque_Aqu2.1.23818-001;Slac_ENSLPGG00000019389	5.459313371962679e-87	0.0023598687439805818	Aque_Aqu2.1.41892-001;Slac_ENSLPGG00000011839	5.2142493076430264e-14	0.003663675314723735	Aque_Aqu2.1.23692-001;Slac_ENSLPGG00000012471	1.2841772084763492e-19	0.005559596267054266	Aque_Aqu2.1.28223-001;Slac_ENSLPGG00000007525	1.3844036382592803e-13	2.4280532106859597e-36				Aque_Aqu2.1.41304-001;Slac_ENSLPGG00000009786	6.238240016057972e-05	7.597147476222797e-05	Aque_Aqu2.1.39784-001;Slac_ENSLPGG00000014570	0.007948759501957106	3.3557276799385053e-06				Aque_Aqu2.1.26684-001;Slac_ENSLPGG00000017185	6.051809222387884e-11	1.3559780149883916e-90	Aque_Aqu2.1.29723-001;Slac_ENSLPGG00000004327	0.0005473907735919964	0.004294638340955191
Aque_Aqu2.1.43382-001;Slac_ENSLPGG00000004594	1.0768824237806037e-94	1.8380354271424033e-105	Aque_Aqu2.1.42605-001;Slac_ENSLPGG00000011766	9.509180868415106e-59	9.830051101160761e-32	Aque_Aqu2.1.44138-001;Slac_ENSLPGG00000009965	8.430793710552281e-94	5.084353177544162e-10	Aque_Aqu2.1.41621-001;Slac_ENSLPGG00000018880	1.7335877317951547e-90	5.2075412385308345e-55	Aque_Aqu2.1.31388-001;Slac_ENSLPGG00000002802	0.0006755546556821743	1.2093331260315993e-59	Aque_Aqu2.1.27063-001;Slac_ENSLPGG00000023230	3.201242607069932e-92	0.0015408985582177886	Aque_Aqu2.1.39934-001;Slac_ENSLPGG00000026505	4.277056854050607e-115	0.0074114565920064615	Aque_Aqu2.1.25405-001;Slac_ENSLPGG00000020148	2.7610085691748473e-15	6.756103273276138e-06	Aque_Aqu2.1.41621-001;Slac_ENSLPGG00000018880	1.7335877317951547e-90	2.9946119022363995e-49	Aque_Aqu2.1.44059-001;Slac_ENSLPGG00000002916	3.328730512336417e-05	4.815916077315782e-07	Aque_Aqu2.1.18098-001;Slac_ENSLPGG00000007363	0.0002927017614354168	2.824389442390339e-51	Aque_Aqu2.1.18283-001;Slac_ENSLPGG00000026466	8.281858889981098e-97	6.925919152411445e-20	Aque_Aqu2.1.24541-001;Slac_ENSLPGG00000010551	4.269959417785132e-67	1.1481621637587149e-70	Aque_Aqu2.1.37816-001;Slac_ENSLPGG00000008029	2.912775561703991e-77	1.9591747644827683e-05	Aque_Aqu2.1.34247-001;Slac_ENSLPGG00000018181	2.2779810691546104e-47	7.496422331427468e-29	Aque_Aqu2.1.38354-001;Slac_ENSLPGG00000028953	7.318492576694701e-116	2.305047304993447e-17	Aque_Aqu2.1.28570-001;Slac_ENSLPGG00000011888	1.3478437671175875e-40	0.004695103844647241										Aque_Aqu2.1.39702-001;Slac_ENSLPGG00000014910	3.839636538726795e-05	1.23081675836824e-07	Aque_Aqu2.1.36565-001;Slac_ENSLPGG00000020706	5.467757675960367e-08	0.000720612718783671	Aque_Aqu2.1.32548-001;Slac_ENSLPGG00000022031	0.0016118061765567644	0.0026640309671868865	Aque_Aqu2.1.36606-001;Slac_ENSLPGG00000022031	5.622930540080185e-07	0.009696082349253645	Aque_Aqu2.1.41648-001;Slac_ENSLPGG00000020706	5.441393651598379e-13	0.00012637943545231424	Aque_Aqu2.1.35119-001;Slac_ENSLPGG00000015631	8.135931234143781e-43	8.896789141331552e-11	Aque_Aqu2.1.44197-001;Slac_ENSLPGG00000007158	1.6113923010411783e-24	1.2305328596950784e-25				Aque_Aqu2.1.28489-001;Slac_ENSLPGG00000009453	4.787491920802856e-09	1.4756910295882177e-48	Aque_Aqu2.1.33501-001;Slac_ENSLPGG00000029438	0.001122870302436818	7.331105998220488e-07	Aque_Aqu2.1.36608-001;Slac_ENSLPGG00000019073	7.508035989768948e-11	0.0005087063077593502	Aque_Aqu2.1.44197-001;Slac_ENSLPGG00000001139	1.6113923010411783e-24	4.69500827060743e-21				Aque_Aqu2.1.35749-001;Slac_ENSLPGG00000020888	1.1767771598827575e-13	1.500656345783993e-29	Aque_Aqu2.1.39672-001;Slac_ENSLPGG00000002171	1.7219934783810546e-24	2.040331509655993e-20	Aque_Aqu2.1.26973-001;Slac_ENSLPGG00000000921	1.8757648248382616e-05	8.554351911362749e-10	Aque_Aqu2.1.41190-001;Slac_ENSLPGG00000014697	3.070020325785256e-26	0.00031433912419985853	Aque_Aqu2.1.25929-001;Slac_ENSLPGG00000008098	2.2905364015302013e-09	3.1341278739883744e-05				Aque_Aqu2.1.43289-001;Slac_ENSLPGG00000005942	0.00030734414796325745	1.1627829427228654e-10	Aque_Aqu2.1.31911-001;Slac_ENSLPGG00000002336	9.01497892519821e-05	0.002147685104909668				Aque_Aqu2.1.31536-001;Slac_ENSLPGG00000009786	7.713142910234683e-05	7.597147476222797e-05	Aque_Aqu2.1.41530-001;Slac_ENSLPGG00000026624	5.549831718336349e-05	0.0002508981463962926
Aque_Aqu2.1.37818-001;Slac_ENSLPGG00000010551	1.1042169105070999e-65	1.1481621637587149e-70	Aque_Aqu2.1.37747-001;Slac_ENSLPGG00000010195	1.520304058493942e-143	7.930255897158772e-108	Aque_Aqu2.1.24985-001;Slac_ENSLPGG00000008927	2.648227574502731e-19	7.784903500869747e-07	Aque_Aqu2.1.37079-001;Slac_ENSLPGG00000014397	6.987535709667499e-114	1.0741231000141901e-80	Aque_Aqu2.1.25682-001;Slac_ENSLPGG00000019196	1.2153315557323154e-117	0.008377709478416337	Aque_Aqu2.1.44322-001;Slac_ENSLPGG00000026466	8.465724691870346e-08	3.2104774189905786e-37	Aque_Aqu2.1.18098-001;Slac_ENSLPGG00000007363	0.0002927017614354168	8.377929929563119e-06	Aque_Aqu2.1.15787-001;Slac_ENSLPGG00000026812	7.592400004336438e-49	1.0102356582458609e-06	Aque_Aqu2.1.37079-001;Slac_ENSLPGG00000011571	6.987535709667499e-114	1.2746633318816013e-12	Aque_Aqu2.1.33543-001;Slac_ENSLPGG00000028631	2.8949349109542336e-49	0.0015586376249249923	Aque_Aqu2.1.39902-001;Slac_ENSLPGG00000021584	9.107093425514649e-48	1.5268177922787565e-06	Aque_Aqu2.1.33925-001;Slac_ENSLPGG00000001999	4.33182089821621e-115	2.0586464875686888e-15	Aque_Aqu2.1.41308-001;Slac_ENSLPGG00000009291	5.753577417829735e-30	4.511674849880129e-80	Aque_Aqu2.1.16620-001;Slac_ENSLPGG00000022242	5.117152723494208e-38	7.582033670849832e-18	Aque_Aqu2.1.21796-001;Slac_ENSLPGG00000020424	3.728084031454857e-82	1.4693137716189442e-43	Aque_Aqu2.1.33740-001;Slac_ENSLPGG00000014397	3.050336161000028e-63	7.557148084105279e-86	Aque_Aqu2.1.28091-001;Slac_ENSLPGG00000011974	3.2719744868010964e-115	1.7675955721308265e-10										Aque_Aqu2.1.36565-001;Slac_ENSLPGG00000020706	5.467757675960367e-08	0.00016618681967649416	Aque_Aqu2.1.43551-001;Slac_ENSLPGG00000018987	0.0005635633996396587	2.6386254863590804e-208	Aque_Aqu2.1.31388-001;Slac_ENSLPGG00000021402	0.009403421798818682	4.086647031115975e-16	Aque_Aqu2.1.33448-001;Slac_ENSLPGG00000011166	0.0009419018553175181	1.8668283250801275e-07	Aque_Aqu2.1.37101-001;Slac_ENSLPGG00000010273	1.5336636022433145e-08	2.9181703033897673e-09	Aque_Aqu2.1.35503-001;Slac_ENSLPGG00000000967	2.462783846913317e-07	1.6969914153055907e-11	Aque_Aqu2.1.28723-001;Slac_ENSLPGG00000020504	1.86809927452442e-18	5.048442826344658e-07				Aque_Aqu2.1.39162-001;Slac_ENSLPGG00000008987	1.1576352078665665e-55	0.005751196968137072	Aque_Aqu2.1.31581-001;Slac_ENSLPGG00000007495	1.6281294263176327e-07	0.006460960068050315	Aque_Aqu2.1.16670-001;Slac_ENSLPGG00000012616	1.1218885572570831e-15	5.4497946959940194e-05	Aque_Aqu2.1.44197-001;Slac_ENSLPGG00000007158	1.6113923010411783e-24	1.965018913530473e-21				Aque_Aqu2.1.39919-001;Slac_ENSLPGG00000027773	2.486254135103664e-07	2.3067353164999476e-32	Aque_Aqu2.1.43353-001;Slac_ENSLPGG00000012059	3.8260820266303296e-05	9.426354102361006e-05	Aque_Aqu2.1.44139-001;Slac_ENSLPGG00000009453	0.0013345187120564206	2.3985592499326432e-20	Aque_Aqu2.1.41012-001;Slac_ENSLPGG00000018391	0.00027018571509218245	1.083666763670672e-22	Aque_Aqu2.1.43329-001;Slac_ENSLPGG00000028356	2.4503123309393326e-14	3.148644495988388e-07				Aque_Aqu2.1.38675-001;Slac_ENSLPGG00000021076	0.0005141603881443814	9.393876599453602e-14	Aque_Aqu2.1.34141-001;Slac_ENSLPGG00000005942	2.4543785006386496e-05	0.003932067559885286				Aque_Aqu2.1.08677-001;Slac_ENSLPGG00000012055	0.0014342054706817178	4.493408870063082e-05	Aque_Aqu2.1.25858-001;Slac_ENSLPGG00000003239	0.007275635945040617	2.7248201634491995e-05
Aque_Aqu2.1.41635-001;Slac_ENSLPGG00000019527	1.35534995308407e-94	8.419026994279683e-47	Aque_Aqu2.1.38354-001;Slac_ENSLPGG00000028953	1.1143806868995651e-101	3.673961451406961e-51	Aque_Aqu2.1.37079-001;Slac_ENSLPGG00000014397	6.987535709667499e-114	2.0650986821538538e-11	Aque_Aqu2.1.39147-001;Slac_ENSLPGG00000029327	2.5070991514612063e-37	1.847282400180876e-15	Aque_Aqu2.1.42087-001;Slac_ENSLPGG00000022449	4.453201835818651e-25	0.00026657521242977084	Aque_Aqu2.1.06465-001;Slac_ENSLPGG00000010731	1.1423349568697603e-06	7.732742028313435e-33	Aque_Aqu2.1.31388-001;Slac_ENSLPGG00000002802	0.0006755546556821743	4.978987236194435e-22	Aque_Aqu2.1.37974-001;Slac_ENSLPGG00000010195	2.4185485011480635e-14	5.426005596368879e-18	Aque_Aqu2.1.18353-001;Slac_ENSLPGG00000017904	2.4837792641188912e-56	1.4884529180400307e-08	Aque_Aqu2.1.06465-001;Slac_ENSLPGG00000010731	1.1423349568697603e-06	0.0005303254325857356	Aque_Aqu2.1.23425-001;Slac_ENSLPGG00000021584	2.4250333501045333e-55	1.5268177922787565e-06	Aque_Aqu2.1.25862-001;Slac_ENSLPGG00000018181	1.4164840831138878e-69	9.763934351042776e-46	Aque_Aqu2.1.37095-001;Slac_ENSLPGG00000011766	2.578541513280855e-81	4.981341181502007e-22	Aque_Aqu2.1.41935-001;Slac_ENSLPGG00000024534	3.900652244068748e-22	8.111986096029365e-09	Aque_Aqu2.1.22710-001;Slac_ENSLPGG00000017323	1.501281252136304e-107	0.0013832178312231335	Aque_Aqu2.1.31194-001;Slac_ENSLPGG00000008469	1.2800872678568997e-122	1.8018412001204523e-48	Aque_Aqu2.1.33740-001;Slac_ENSLPGG00000014397	3.050336161000028e-63	3.3855431233057985e-30										Aque_Aqu2.1.39672-001;Slac_ENSLPGG00000016891	6.3157949007109966e-09	2.9258653159556866e-05	Aque_Aqu2.1.41648-001;Slac_ENSLPGG00000020706	5.441393651598379e-13	0.000720612718783671	Aque_Aqu2.1.41482-001;Slac_ENSLPGG00000021520	2.2364060071655327e-10	0.008152652185200318	Aque_Aqu2.1.24548-001;Slac_ENSLPGG00000014139	9.149078712360244e-05	0.004431977374033645	Aque_Aqu2.1.35211-001;Slac_ENSLPGG00000014037	1.877257799674659e-21	1.944880288931169e-09	Aque_Aqu2.1.41482-001;Slac_ENSLPGG00000007158	4.6297900363399465e-06	1.114345831165579e-74	Aque_Aqu2.1.43551-001;Slac_ENSLPGG00000007730	1.0046936470645059e-10	3.998399138806171e-213				Aque_Aqu2.1.43551-001;Slac_ENSLPGG00000007730	1.0046936470645059e-10	1.7449377494689486e-149	Aque_Aqu2.1.35781-001;Slac_ENSLPGG00000016523	2.9643336706072914e-07	3.529984211449646e-10	Aque_Aqu2.1.17173-001;Slac_ENSLPGG00000010080	3.3929307133703136e-17	0.002621066904815514	Aque_Aqu2.1.33612-001;Slac_ENSLPGG00000010506	2.364364427309774e-10	1.263049125259277e-07				Aque_Aqu2.1.38146-001;Slac_ENSLPGG00000012949	6.387586082111135e-11	2.5981849991575668e-160	Aque_Aqu2.1.29497-001;Slac_ENSLPGG00000014782	6.077919633614359e-57	4.809124165610324e-15	Aque_Aqu2.1.38560-001;Slac_ENSLPGG00000006923	1.0497286366750963e-20	0.005827509009904013	Aque_Aqu2.1.28489-001;Slac_ENSLPGG00000009116	1.2639077541595553e-28	2.486235618856327e-14	Aque_Aqu2.1.39916-001;Slac_ENSLPGG00000028356	2.688541540398142e-13	3.148644495988388e-07				Aque_Aqu2.1.22401-001;Slac_ENSLPGG00000012774	2.307607525103833e-09	2.5775443297938877e-15	Aque_Aqu2.1.33934-001;Slac_ENSLPGG00000014966	0.0066287920109250305	0.0003971312909419491				Aque_Aqu2.1.27809-001;Slac_ENSLPGG00000018450	2.0059088829032213e-08	6.8440101107148165e-25	Aque_Aqu2.1.43434-001;Slac_ENSLPGG00000007104	0.00010038361831722102	7.198882072764247e-17
Aque_Aqu2.1.43309-001;Slac_ENSLPGG00000007673	1.4807065078763136e-142	0.0005919116933962473	Aque_Aqu2.1.37762-001;Slac_ENSLPGG00000010260	1.6015037883301053e-113	7.804406074934114e-53	Aque_Aqu2.1.14128-001;Slac_ENSLPGG00000018181	2.4522134152092073e-15	6.625776344049934e-19	Aque_Aqu2.1.43837-001;Slac_ENSLPGG00000030026	1.1210704729117143e-102	1.8075330271513827e-63	Aque_Aqu2.1.36105-001;Slac_ENSLPGG00000022449	8.927728054109878e-36	0.00026657521242977084	Aque_Aqu2.1.43382-001;Slac_ENSLPGG00000004594	1.0768824237806037e-94	4.19952918934218e-06	Aque_Aqu2.1.31194-001;Slac_ENSLPGG00000008469	9.479286352586293e-109	0.00013044016662499118	Aque_Aqu2.1.43837-001;Slac_ENSLPGG00000030026	1.1210704729117143e-102	0.0002310327345880304	Aque_Aqu2.1.39927-001;Slac_ENSLPGG00000026851	2.100681945699731e-42	5.649024235262259e-05	Aque_Aqu2.1.29951-001;Slac_ENSLPGG00000018181	0.00022028134504872317	6.617949916273581e-06	Aque_Aqu2.1.34476-001;Slac_ENSLPGG00000009693	1.1365096649262665e-143	5.798356787689838e-34	Aque_Aqu2.1.26684-001;Slac_ENSLPGG00000017185	5.16651150424784e-114	0.006084162511327934	Aque_Aqu2.1.06465-001;Slac_ENSLPGG00000010731	4.271173516306627e-06	9.675335389896591e-267	Aque_Aqu2.1.40409-001;Slac_ENSLPGG00000002404	9.41931952184278e-85	5.802323027126559e-16	Aque_Aqu2.1.39108-001;Slac_ENSLPGG00000007868	3.922071748104669e-86	6.554205556736577e-07	Aque_Aqu2.1.36280-001;Slac_ENSLPGG00000026756	6.856052357675539e-112	7.439927040741268e-23	Aque_Aqu2.1.31038-001;Slac_ENSLPGG00000018181	4.65464586755458e-09	9.763934351042776e-46										Aque_Aqu2.1.04732-001;Slac_ENSLPGG00000002863	0.00016424066222978987	0.0006982260484209229	Aque_Aqu2.1.28492-001;Slac_ENSLPGG00000011327	4.609852878565774e-24	0.004116007346990355	Aque_Aqu2.1.38752-001;Slac_ENSLPGG00000013069	2.5967541173213717e-13	1.1207523709477493e-09	Aque_Aqu2.1.44140-001;Slac_ENSLPGG00000009116	8.885562534779468e-10	2.486235618856327e-14	Aque_Aqu2.1.36565-001;Slac_ENSLPGG00000020706	5.467757675960367e-08	0.00012637943545231424	Aque_Aqu2.1.43812-001;Slac_ENSLPGG00000028142	1.9008923186502065e-05	3.7139133484272695e-30	Aque_Aqu2.1.43984-001;Slac_ENSLPGG00000002394	5.614857868454323e-142	2.9862001037469835e-27				Aque_Aqu2.1.25858-001;Slac_ENSLPGG00000010273	5.683206485678387e-42	2.2568325936102162e-05	Aque_Aqu2.1.23690-001;Slac_ENSLPGG00000015631	2.8167288445973896e-25	8.896789141331552e-11	Aque_Aqu2.1.25581-001;Slac_ENSLPGG00000026540	1.7059997107918852e-06	1.061749963372983e-30	Aque_Aqu2.1.24511-001;Slac_ENSLPGG00000010168	4.874707324206489e-25	1.3806684484807535e-08				Aque_Aqu2.1.43637-001;Slac_ENSLPGG00000029928	8.152574204947499e-32	1.133641503252008e-12	Aque_Aqu2.1.31551-001;Slac_ENSLPGG00000007158	0.0004550419940629617	2.3171329481883538e-23	Aque_Aqu2.1.44280-001;Slac_ENSLPGG00000021800	1.013546532817293e-30	0.0011661821359481082	Aque_Aqu2.1.28223-001;Slac_ENSLPGG00000011839	1.3844036382592803e-13	6.871823708419816e-06	Aque_Aqu2.1.41049-001;Slac_ENSLPGG00000015888	0.007200126607303983	0.0				Aque_Aqu2.1.42133-001;Slac_ENSLPGG00000015706	2.1316297481175312e-07	2.086385172313558e-05	Aque_Aqu2.1.43623-001;Slac_ENSLPGG00000014570	0.005617868088624236	3.3557276799385053e-06				Aque_Aqu2.1.28570-001;Slac_ENSLPGG00000017185	0.00023281500164788895	1.3559780149883916e-90	Aque_Aqu2.1.24520-001;Slac_ENSLPGG00000021392	0.0007999640922228943	0.009491771818241413
Aque_Aqu2.1.44322-001;Slac_ENSLPGG00000026466	8.465724691870346e-08	0.0	Aque_Aqu2.1.19270-001;Slac_ENSLPGG00000014669	3.5649902187242884e-79	2.5887989694557483e-05	Aque_Aqu2.1.25862-001;Slac_ENSLPGG00000018181	1.4164840831138878e-69	6.625776344049934e-19	Aque_Aqu2.1.14207-001;Slac_ENSLPGG00000010983	4.846865897652857e-15	1.2639473249977928e-27	Aque_Aqu2.1.43382-001;Slac_ENSLPGG00000004594	1.0768824237806037e-94	2.9750773415507614e-10	Aque_Aqu2.1.37095-001;Slac_ENSLPGG00000011766	1.7138617390298075e-107	2.4827544078311283e-06	Aque_Aqu2.1.33543-001;Slac_ENSLPGG00000028631	2.8949349109542336e-49	7.985959798890146e-06	Aque_Aqu2.1.25862-001;Slac_ENSLPGG00000018181	1.4164840831138878e-69	3.416617015582869e-08	Aque_Aqu2.1.37774-001;Slac_ENSLPGG00000008927	7.700554024937936e-21	8.998981698858766e-15	Aque_Aqu2.1.30395-001;Slac_ENSLPGG00000011626	6.234964103978512e-06	0.004241797488167865	Aque_Aqu2.1.41260-001;Slac_ENSLPGG00000008330	1.638108573287336e-99	1.763572462074138e-07	Aque_Aqu2.1.43382-001;Slac_ENSLPGG00000004594	1.0768824237806037e-94	5.347484449064201e-24	Aque_Aqu2.1.43309-001;Slac_ENSLPGG00000007673	3.311614163436602e-70	0.0005919116933962473	Aque_Aqu2.1.44138-001;Slac_ENSLPGG00000009965	2.4075529058832285e-84	2.0806625497661933e-14	Aque_Aqu2.1.04943-001;Slac_ENSLPGG00000000928	1.8183168977220488e-34	7.745796311781258e-29	Aque_Aqu2.1.31038-001;Slac_ENSLPGG00000018181	4.65464586755458e-09	3.630673637054969e-70	Aque_Aqu2.1.38546-001;Slac_ENSLPGG00000004809	6.064527971798808e-88	2.729091254847467e-23										Aque_Aqu2.1.33622-001;Slac_ENSLPGG00000010506	3.31852085524485e-07	1.6813378010395353e-09	Aque_Aqu2.1.32548-001;Slac_ENSLPGG00000022031	0.0016118061765567644	1.6521542134525504e-05	Aque_Aqu2.1.35781-001;Slac_ENSLPGG00000016523	0.0002769383255997843	0.002769361568927161	Aque_Aqu2.1.43551-001;Slac_ENSLPGG00000007525	0.0005635633996396587	3.9611081585269763e-32	Aque_Aqu2.1.42077-001;Slac_ENSLPGG00000024184	1.6179795020463484e-12	1.2846057385441967e-21	Aque_Aqu2.1.22701-001;Slac_ENSLPGG00000007495	0.001710758823221009	0.006460960068050315	Aque_Aqu2.1.42777-001;Slac_ENSLPGG00000002863	0.0007852857161415724	0.0006982260484209229				Aque_Aqu2.1.38204-001;Slac_ENSLPGG00000020706	3.177001816716186e-16	0.000720612718783671	Aque_Aqu2.1.39703-001;Slac_ENSLPGG00000004947	6.740072048541467e-12	2.3125316935076514e-06	Aque_Aqu2.1.16006-001;Slac_ENSLPGG00000013274	3.954070820268625e-14	0.00024780712213439256	Aque_Aqu2.1.27335-001;Slac_ENSLPGG00000012140	5.250698117229157e-60	2.2234277891488934e-08				Aque_Aqu2.1.23692-001;Slac_ENSLPGG00000000921	1.2841772084763492e-19	1.3554892344563593e-12	Aque_Aqu2.1.41482-001;Slac_ENSLPGG00000001139	2.257130122823816e-08	1.7584177041274718e-41	Aque_Aqu2.1.40828-001;Slac_ENSLPGG00000014103	0.000597727428425492	7.421352297078155e-06	Aque_Aqu2.1.40738-001;Slac_ENSLPGG00000007322	6.218782870818954e-08	1.5533319931254813e-22	Aque_Aqu2.1.28489-001;Slac_ENSLPGG00000009453	1.2639077541595553e-28	2.999904205182712e-54				Aque_Aqu2.1.30833-001;Slac_ENSLPGG00000019944	1.6182943729154618e-07	1.5606368505818356e-23	Aque_Aqu2.1.39784-001;Slac_ENSLPGG00000008251	0.007948759501957106	9.35744552103575e-05				Aque_Aqu2.1.42228-001;Slac_ENSLPGG00000018126	1.729993651012797e-14	5.5436774813796546e-05	Aque_Aqu2.1.25858-001;Slac_ENSLPGG00000012471	0.007275635945040617	0.0007644669253628005
Aque_Aqu2.1.38354-001;Slac_ENSLPGG00000028953	1.1143806868995651e-101	1.7008125274199186e-65	Aque_Aqu2.1.37774-001;Slac_ENSLPGG00000022242	7.700554024937936e-21	7.582033670849832e-18	Aque_Aqu2.1.31388-001;Slac_ENSLPGG00000002802	0.0006755546556821743	7.634186102395613e-69	Aque_Aqu2.1.37747-001;Slac_ENSLPGG00000010195	1.520304058493942e-143	2.141499075369723e-85	Aque_Aqu2.1.37960-001;Slac_ENSLPGG00000013344	8.706435525501074e-27	0.000116755860499865	Aque_Aqu2.1.42605-001;Slac_ENSLPGG00000011766	9.509180868415106e-59	2.4827544078311283e-06	Aque_Aqu2.1.25460-001;Slac_ENSLPGG00000025767	1.0806839649739981e-05	0.00040382175224076676	Aque_Aqu2.1.36280-001;Slac_ENSLPGG00000026756	3.288773730928107e-103	0.004758591159933182	Aque_Aqu2.1.14207-001;Slac_ENSLPGG00000010983	4.846865897652857e-15	1.9300062372845804e-39	Aque_Aqu2.1.37748-001;Slac_ENSLPGG00000010195	0.006868279958800548	2.5797407892562313e-17	Aque_Aqu2.1.40665-001;Slac_ENSLPGG00000005591	8.115709961538107e-35	2.9986472072232125e-06	Aque_Aqu2.1.38546-001;Slac_ENSLPGG00000004809	5.0069341824032954e-104	2.729091254847467e-23	Aque_Aqu2.1.44167-001;Slac_ENSLPGG00000002326	6.614961432548569e-98	0.0009657979137766772	Aque_Aqu2.1.27063-001;Slac_ENSLPGG00000023230	6.861052758461508e-93	0.0010589407299573588	Aque_Aqu2.1.27010-001;Slac_ENSLPGG00000000546	4.41651802264221e-27	2.33315469533924e-06	Aque_Aqu2.1.43309-001;Slac_ENSLPGG00000007673	3.311614163436602e-70	2.5463738690263247e-08	Aque_Aqu2.1.34476-001;Slac_ENSLPGG00000009693	4.321419943186122e-118	1.4197940926775439e-06										Aque_Aqu2.1.28492-001;Slac_ENSLPGG00000011327	4.609852878565774e-24	0.0016877695055628826	Aque_Aqu2.1.35211-001;Slac_ENSLPGG00000014037	1.877257799674659e-21	1.8687999982522213e-07	Aque_Aqu2.1.42077-001;Slac_ENSLPGG00000024184	1.6179795020463484e-12	7.274698711174481e-07	Aque_Aqu2.1.17816-001;Slac_ENSLPGG00000007158	0.009367143325851741	1.3921670430557845e-07	Aque_Aqu2.1.35211-001;Slac_ENSLPGG00000013069	1.877257799674659e-21	1.5435674773364596e-07	Aque_Aqu2.1.44218-001;Slac_ENSLPGG00000015655	0.0017425631109025657	1.5555584095616784e-48	Aque_Aqu2.1.44197-001;Slac_ENSLPGG00000001139	1.6113923010411783e-24	1.4494333720685917e-24				Aque_Aqu2.1.25581-001;Slac_ENSLPGG00000026540	1.7059997107918852e-06	5.069631242304295e-82	Aque_Aqu2.1.36275-001;Slac_ENSLPGG00000006965	0.00011713621280591484	0.0010456499946495089	Aque_Aqu2.1.27228-001;Slac_ENSLPGG00000025642	3.237200369837252e-45	0.0031423070678021476	Aque_Aqu2.1.37473-001;Slac_ENSLPGG00000009899	0.005287152186636688	3.9284303996595296e-27				Aque_Aqu2.1.14505-001;Slac_ENSLPGG00000007322	4.1608280773534837e-17	7.737038726130456e-15	Aque_Aqu2.1.44243-001;Slac_ENSLPGG00000021186	2.5819489532558422e-23	1.5866616825505543e-23	Aque_Aqu2.1.28223-001;Slac_ENSLPGG00000011839	1.3844036382592803e-13	0.003663675314723735	Aque_Aqu2.1.21880-001;Slac_ENSLPGG00000008528	1.2898596676934027e-28	4.125400720866949e-12	Aque_Aqu2.1.07545-001;Slac_ENSLPGG00000029433	0.009147084110062452	1.6529562564515964e-37				Aque_Aqu2.1.25001-001;Slac_ENSLPGG00000011146	0.00046378675646683795	0.0013366526314370329	Aque_Aqu2.1.28239-001;Slac_ENSLPGG00000005398	0.0012978745858962025	0.0033594496427699367				Aque_Aqu2.1.36578-001;Slac_ENSLPGG00000011207	3.040004229627623e-17	0.00013157840850262897	Aque_Aqu2.1.39784-001;Slac_ENSLPGG00000008251	0.00499087858669987	9.35744552103575e-05
Aque_Aqu2.1.25682-001;Slac_ENSLPGG00000019196	1.2153315557323154e-117	4.623428765436423e-09	Aque_Aqu2.1.39934-001;Slac_ENSLPGG00000026505	4.277056854050607e-115	1.437194838942823e-72	Aque_Aqu2.1.25405-001;Slac_ENSLPGG00000020148	2.7610085691748473e-15	1.5480133190333527e-06	Aque_Aqu2.1.31194-001;Slac_ENSLPGG00000008469	9.479286352586293e-109	2.534308682211694e-96	Aque_Aqu2.1.24541-001;Slac_ENSLPGG00000010551	2.344168441479099e-143	0.00016474869513399351	Aque_Aqu2.1.26225-001;Slac_ENSLPGG00000004270	1.4585812166144586e-112	3.417365005714966e-05	Aque_Aqu2.1.28078-001;Slac_ENSLPGG00000010195	6.696460884889418e-10	3.8650087935924337e-19	Aque_Aqu2.1.04943-001;Slac_ENSLPGG00000000928	1.7992188705826774e-46	0.009562698541981973	Aque_Aqu2.1.44138-001;Slac_ENSLPGG00000009965	8.430793710552281e-94	6.548905676868445e-45				Aque_Aqu2.1.26684-001;Slac_ENSLPGG00000017185	5.16651150424784e-114	6.725487470921888e-05	Aque_Aqu2.1.37079-001;Slac_ENSLPGG00000014397	6.987535709667499e-114	3.3855431233057985e-30	Aque_Aqu2.1.37747-001;Slac_ENSLPGG00000010195	6.655105223624536e-120	1.0486439829286918e-69	Aque_Aqu2.1.39902-001;Slac_ENSLPGG00000021584	3.411665645470714e-24	6.413530410769873e-10	Aque_Aqu2.1.16620-001;Slac_ENSLPGG00000008927	5.117152723494208e-38	1.7271089191993203e-12	Aque_Aqu2.1.35059-001;Slac_ENSLPGG00000029352	1.5620453396581136e-08	4.750602035380085e-17	Aque_Aqu2.1.09020-001;Slac_ENSLPGG00000018656	4.655481933408322e-37	6.418056167929435e-06										Aque_Aqu2.1.41648-001;Slac_ENSLPGG00000020706	5.441393651598379e-13	0.00016618681967649416	Aque_Aqu2.1.01979-001;Slac_ENSLPGG00000006271	0.007012591066954428	6.725810871771657e-11	Aque_Aqu2.1.33448-001;Slac_ENSLPGG00000011166	0.0009419018553175181	7.03707662095056e-13	Aque_Aqu2.1.33604-001;Slac_ENSLPGG00000020709	0.003957618782661046	0.007928578932790564	Aque_Aqu2.1.27228-001;Slac_ENSLPGG00000025642	8.73403633687885e-34	4.388093933365544e-18	Aque_Aqu2.1.40608-001;Slac_ENSLPGG00000005021	5.055162838780155e-06	2.836399140952614e-25	Aque_Aqu2.1.44676-001;Slac_ENSLPGG00000018987	0.0015947909906532027	4.442906185241835e-129				Aque_Aqu2.1.33526-001;Slac_ENSLPGG00000027951	1.448681521009573e-19	1.8275038755462968e-07	Aque_Aqu2.1.35499-001;Slac_ENSLPGG00000009453	1.2692762160706003e-88	1.7240464628282283e-09	Aque_Aqu2.1.44009-001;Slac_ENSLPGG00000018774	3.403777570357306e-09	0.0059141423288884215	Aque_Aqu2.1.44214-001;Slac_ENSLPGG00000015655	3.0665856474314364e-10	1.160234898039516e-18				Aque_Aqu2.1.42077-001;Slac_ENSLPGG00000023634	2.5024776515125946e-13	1.4275965386822054e-12	Aque_Aqu2.1.39244-001;Slac_ENSLPGG00000005573	0.001010022294092888	2.5482582521386655e-05	Aque_Aqu2.1.28497-001;Slac_ENSLPGG00000009453	6.265744639493593e-06	2.3985592499326432e-20	Aque_Aqu2.1.34140-001;Slac_ENSLPGG00000007158	1.0121820050408576e-29	1.3921670430557845e-07	Aque_Aqu2.1.23239-001;Slac_ENSLPGG00000005134	7.943361772072874e-20	1.8972048888182136e-07				Aque_Aqu2.1.29864-001;Slac_ENSLPGG00000013556	0.006566079114390827	0.0011858448712570699	Aque_Aqu2.1.43623-001;Slac_ENSLPGG00000008251	0.005617868088624236	9.35744552103575e-05				Aque_Aqu2.1.41445-001;Slac_ENSLPGG00000012408	0.00015993955679151887	0.0007519966664523761	Aque_Aqu2.1.28301-001;Slac_ENSLPGG00000012506	8.582889212601913e-05	5.716522345580608e-05
Aque_Aqu2.1.27063-001;Slac_ENSLPGG00000023230	3.201242607069932e-92	2.6497204617369967e-21	Aque_Aqu2.1.31578-001;Slac_ENSLPGG00000029003	8.586407622992138e-19	4.144311434162604e-09	Aque_Aqu2.1.36280-001;Slac_ENSLPGG00000026756	3.288773730928107e-103	1.8379558351687908e-07	Aque_Aqu2.1.34247-001;Slac_ENSLPGG00000018181	5.995179413289e-67	7.496422331427468e-29	Aque_Aqu2.1.37818-001;Slac_ENSLPGG00000010551	1.1042169105070999e-65	0.00016474869513399351	Aque_Aqu2.1.35230-001;Slac_ENSLPGG00000012424	3.97530928919099e-36	0.004199495425539937	Aque_Aqu2.1.44322-001;Slac_ENSLPGG00000026466	8.465724691870346e-08	0.00010790045765587836	Aque_Aqu2.1.41621-001;Slac_ENSLPGG00000018880	1.7335877317951547e-90	0.0038203362417588414	Aque_Aqu2.1.36280-001;Slac_ENSLPGG00000026756	3.288773730928107e-103	3.3630159279078043e-59				Aque_Aqu2.1.41935-001;Slac_ENSLPGG00000021584	5.591333443268466e-36	1.5268177922787565e-06	Aque_Aqu2.1.18353-001;Slac_ENSLPGG00000017904	2.4837792641188912e-56	1.0210110647151025e-05	Aque_Aqu2.1.34889-001;Slac_ENSLPGG00000015697	1.5432351494046116e-19	4.620647901521794e-23	Aque_Aqu2.1.34374-001;Slac_ENSLPGG00000010554	2.00825217593933e-46	4.1932383226006643e-07	Aque_Aqu2.1.18283-001;Slac_ENSLPGG00000026466	5.3800923347615143e-73	8.261826939652545e-28	Aque_Aqu2.1.18283-001;Slac_ENSLPGG00000026466	5.3800923347615143e-73	1.3881851337162964e-32	Aque_Aqu2.1.35105-001;Slac_ENSLPGG00000024580	7.400531252232115e-28	0.00027320268087215765										Aque_Aqu2.1.42077-001;Slac_ENSLPGG00000024184	1.6179795020463484e-12	6.4605472536108685e-28	Aque_Aqu2.1.28942-001;Slac_ENSLPGG00000014432	1.2138942124859158e-06	3.5238771670323136e-06	Aque_Aqu2.1.01979-001;Slac_ENSLPGG00000021520	0.007012591066954428	0.008152652185200318	Aque_Aqu2.1.17816-001;Slac_ENSLPGG00000001139	0.009367143325851741	4.345251405310324e-05	Aque_Aqu2.1.23245-001;Slac_ENSLPGG00000014386	6.412219767578961e-13	5.849415967300882e-13	Aque_Aqu2.1.14136-001;Slac_ENSLPGG00000018698	8.965946804818051e-14	2.86354041207311e-05	Aque_Aqu2.1.31795-001;Slac_ENSLPGG00000018092	7.165157668701059e-28	5.420313143584763e-05				Aque_Aqu2.1.35499-001;Slac_ENSLPGG00000009116	1.2692762160706003e-88	0.001396822626426671	Aque_Aqu2.1.14136-001;Slac_ENSLPGG00000018698	2.407324601675234e-10	2.86354041207311e-05	Aque_Aqu2.1.38683-001;Slac_ENSLPGG00000013337	1.3366061311162073e-26	0.0005019205673132531	Aque_Aqu2.1.39162-001;Slac_ENSLPGG00000012055	1.1576352078665665e-55	4.0874491108281004e-05				Aque_Aqu2.1.31551-001;Slac_ENSLPGG00000007158	0.0004550419940629617	3.4393842705479424e-25	Aque_Aqu2.1.44243-001;Slac_ENSLPGG00000008996	2.5819489532558422e-23	2.383566135459776e-06	Aque_Aqu2.1.28453-001;Slac_ENSLPGG00000026946	1.0394247470338174e-05	2.1097457824276857e-06	Aque_Aqu2.1.23692-001;Slac_ENSLPGG00000000921	1.2841772084763492e-19	0.00020497790178902148	Aque_Aqu2.1.24987-001;Slac_ENSLPGG00000003239	1.0504102619364857e-17	4.665800524885028e-08				Aque_Aqu2.1.31381-001;Slac_ENSLPGG00000021402	8.747410743124555e-06	0.003997784546034889	Aque_Aqu2.1.39784-001;Slac_ENSLPGG00000005398	0.007948759501957106	0.0033594496427699367				Aque_Aqu2.1.37477-001;Slac_ENSLPGG00000000542	6.263290571875139e-07	3.7071444059323417e-10	Aque_Aqu2.1.43289-001;Slac_ENSLPGG00000001774	0.004440306993347242	0.008080609199333533
Aque_Aqu2.1.43814-001;Slac_ENSLPGG00000016800	1.0114175846621341e-42	1.3097226120826726e-57	Aque_Aqu2.1.38196-001;Slac_ENSLPGG00000018877	2.7056507229478046e-24	3.4903574332566454e-13	Aque_Aqu2.1.37256-001;Slac_ENSLPGG00000024580	4.63256763518813e-09	0.0002480151011075753	Aque_Aqu2.1.36280-001;Slac_ENSLPGG00000026756	3.288773730928107e-103	4.7415232094509696e-51	Aque_Aqu2.1.38354-001;Slac_ENSLPGG00000028953	1.1143806868995651e-101	0.00011364032434591311	Aque_Aqu2.1.37747-001;Slac_ENSLPGG00000010195	1.520304058493942e-143	0.00013941570478368036	Aque_Aqu2.1.13985-001;Slac_ENSLPGG00000020432	0.007557710813279713	3.716094761063798e-09	Aque_Aqu2.1.36579-001;Slac_ENSLPGG00000005401	1.3401575227138799e-05	8.689718173311741e-12	Aque_Aqu2.1.23425-001;Slac_ENSLPGG00000021584	2.4250333501045333e-55	1.5359650593165695e-05				Aque_Aqu2.1.18283-001;Slac_ENSLPGG00000026466	8.281858889981098e-97	1.3881851337162964e-32	Aque_Aqu2.1.35105-001;Slac_ENSLPGG00000024580	1.949543091572683e-45	0.00027320268087215765	Aque_Aqu2.1.34374-001;Slac_ENSLPGG00000010554	2.00825217593933e-46	1.34847309513742e-06	Aque_Aqu2.1.23425-001;Slac_ENSLPGG00000021584	5.611075888207551e-26	6.413530410769873e-10	Aque_Aqu2.1.18353-001;Slac_ENSLPGG00000017904	6.178257458042465e-65	0.00027083642751955415	Aque_Aqu2.1.37774-001;Slac_ENSLPGG00000007363	1.1664395148299226e-05	2.824389442390339e-51	Aque_Aqu2.1.37762-001;Slac_ENSLPGG00000010260	3.763225226538024e-94	2.42563002503775e-12										Aque_Aqu2.1.27228-001;Slac_ENSLPGG00000025642	8.73403633687885e-34	2.270226285557522e-22	Aque_Aqu2.1.30867-001;Slac_ENSLPGG00000006271	8.811394793769746e-08	6.725810871771657e-11	Aque_Aqu2.1.33622-001;Slac_ENSLPGG00000022031	3.31852085524485e-07	0.0026640309671868865	Aque_Aqu2.1.43329-001;Slac_ENSLPGG00000028356	6.309083453842146e-05	0.008073199099584266	Aque_Aqu2.1.32548-001;Slac_ENSLPGG00000002171	0.0016118061765567644	8.519815430634142e-07	Aque_Aqu2.1.41583-001;Slac_ENSLPGG00000030274	2.627667865706224e-26	1.90995439367809e-08	Aque_Aqu2.1.33047-001;Slac_ENSLPGG00000000921	1.344591319154037e-14	4.959771898176181e-14				Aque_Aqu2.1.36448-001;Slac_ENSLPGG00000023442	7.601563556113623e-49	0.005457605397359983	Aque_Aqu2.1.36448-001;Slac_ENSLPGG00000023442	7.601563556113623e-49	0.000828926358244257	Aque_Aqu2.1.44214-001;Slac_ENSLPGG00000015655	3.0665856474314364e-10	0.002695603985851316	Aque_Aqu2.1.34441-001;Slac_ENSLPGG00000020027	8.94792185533382e-40	4.50174799787602e-05				Aque_Aqu2.1.33622-001;Slac_ENSLPGG00000002171	1.708447263117159e-16	7.388655311919578e-20	Aque_Aqu2.1.39672-001;Slac_ENSLPGG00000022031	1.7219934783810546e-24	6.099419038603397e-08	Aque_Aqu2.1.25769-001;Slac_ENSLPGG00000008220	3.2643039449818794e-11	1.3169649745091514e-24	Aque_Aqu2.1.43986-001;Slac_ENSLPGG00000002394	8.331396457690566e-05	1.8622701653685263e-59	Aque_Aqu2.1.43536-001;Slac_ENSLPGG00000021503	3.1456270560029736e-13	2.2036020148650768e-13				Aque_Aqu2.1.39203-001;Slac_ENSLPGG00000027473	1.1233610661314817e-06	1.1142531374851538e-05	Aque_Aqu2.1.42282-001;Slac_ENSLPGG00000028347	0.005464890646670349	0.0012269226445004052				Aque_Aqu2.1.30847-001;Slac_ENSLPGG00000006723	0.003442357639839693	1.0097123505710865e-270	Aque_Aqu2.1.36775-001;Slac_ENSLPGG00000007002	0.009357964652518258	0.005033378101246254
Aque_Aqu2.1.06465-001;Slac_ENSLPGG00000010731	1.1423349568697603e-06	9.675335389896591e-267	Aque_Aqu2.1.39784-001;Slac_ENSLPGG00000012945	1.5219993781510476e-58	2.3190635250413133e-06	Aque_Aqu2.1.43837-001;Slac_ENSLPGG00000030026	1.1210704729117143e-102	0.00026095386157498965	Aque_Aqu2.1.18283-001;Slac_ENSLPGG00000026466	8.281858889981098e-97	8.261826939652545e-28	Aque_Aqu2.1.30395-001;Slac_ENSLPGG00000011626	6.234964103978512e-06	4.364461933464749e-38	Aque_Aqu2.1.44059-001;Slac_ENSLPGG00000002916	3.328730512336417e-05	0.004010338169425288	Aque_Aqu2.1.37748-001;Slac_ENSLPGG00000010195	0.006868279958800548	3.8650087935924337e-19	Aque_Aqu2.1.14128-001;Slac_ENSLPGG00000018181	2.4522134152092073e-15	3.416617015582869e-08	Aque_Aqu2.1.21796-001;Slac_ENSLPGG00000020424	1.2188109824148507e-117	1.2446689967166114e-36				Aque_Aqu2.1.38546-001;Slac_ENSLPGG00000004809	5.0069341824032954e-104	3.680454032726867e-52	Aque_Aqu2.1.14128-001;Slac_ENSLPGG00000018181	2.4522134152092073e-15	9.763934351042776e-46	Aque_Aqu2.1.44322-001;Slac_ENSLPGG00000026466	3.471647089327422e-05	0.0	Aque_Aqu2.1.21173-001;Slac_ENSLPGG00000000841	4.82220644331157e-60	1.9684137217738545e-10	Aque_Aqu2.1.43814-001;Slac_ENSLPGG00000016800	1.049704161139056e-34	1.678175021433421e-20	Aque_Aqu2.1.06465-001;Slac_ENSLPGG00000010731	4.271173516306627e-06	2.5307846142510007e-156	Aque_Aqu2.1.31194-001;Slac_ENSLPGG00000008469	1.2800872678568997e-122	1.477139060450275e-12										Aque_Aqu2.1.38519-001;Slac_ENSLPGG00000007426	4.925084952210815e-06	0.0048171139980914615	Aque_Aqu2.1.41482-001;Slac_ENSLPGG00000007158	2.2364060071655327e-10	2.0838815629998246e-20	Aque_Aqu2.1.34140-001;Slac_ENSLPGG00000001139	1.662739836406084e-09	1.0794946248240394e-08	Aque_Aqu2.1.39703-001;Slac_ENSLPGG00000021186	8.926042219776161e-05	2.0188353322288348e-10	Aque_Aqu2.1.39672-001;Slac_ENSLPGG00000002171	6.3157949007109966e-09	8.519815430634142e-07	Aque_Aqu2.1.39760-001;Slac_ENSLPGG00000006423	1.3668276675116748e-07	3.266166105766691e-05	Aque_Aqu2.1.33612-001;Slac_ENSLPGG00000002171	2.364364427309774e-10	4.811942582704965e-16				Aque_Aqu2.1.33671-001;Slac_ENSLPGG00000008220	2.1653315935197197e-05	3.5153631292559257e-91	Aque_Aqu2.1.35211-001;Slac_ENSLPGG00000014037	1.0980787290419444e-30	9.215098691457013e-15	Aque_Aqu2.1.31155-001;Slac_ENSLPGG00000007581	9.301095207914966e-14	0.0013383589210053243	Aque_Aqu2.1.39162-001;Slac_ENSLPGG00000008987	1.1576352078665665e-55	0.001852208764674488				Aque_Aqu2.1.33729-001;Slac_ENSLPGG00000028407	1.6681923263893484e-05	4.482607624214078e-06	Aque_Aqu2.1.30867-001;Slac_ENSLPGG00000007158	1.3309245062395783e-20	2.3171329481883538e-23	Aque_Aqu2.1.41482-001;Slac_ENSLPGG00000007158	2.257130122823816e-08	3.092012612494674e-08	Aque_Aqu2.1.43536-001;Slac_ENSLPGG00000021503	3.1456270560029736e-13	1.416254818464003e-05	Aque_Aqu2.1.24987-001;Slac_ENSLPGG00000009461	1.0504102619364857e-17	0.0001519651798931296				Aque_Aqu2.1.29863-001;Slac_ENSLPGG00000011813	0.00233887121223274	1.1792828546650863e-26	Aque_Aqu2.1.43623-001;Slac_ENSLPGG00000005398	0.005617868088624236	0.0033594496427699367				Aque_Aqu2.1.43953-001;Slac_ENSLPGG00000014525	0.002786791961528607	0.0030922186448266915	Aque_Aqu2.1.38735-001;Slac_ENSLPGG00000015935	0.004821890686650031	0.0005340362635947827
Aque_Aqu2.1.26225-001;Slac_ENSLPGG00000004270	1.4585812166144586e-112	3.923350826009207e-40	Aque_Aqu2.1.27294-001;Slac_ENSLPGG00000021584	6.379913106281972e-32	6.413530410769873e-10	Aque_Aqu2.1.31194-001;Slac_ENSLPGG00000008469	9.479286352586293e-109	2.1798389256827595e-08	Aque_Aqu2.1.32946-001;Slac_ENSLPGG00000010832	3.198548394219795e-57	0.0034182046854774753	Aque_Aqu2.1.43334-001;Slac_ENSLPGG00000007985	1.0309244865485303e-07	0.00035715919530512723	Aque_Aqu2.1.31388-001;Slac_ENSLPGG00000002802	0.0006755546556821743	2.1133032464270133e-18				Aque_Aqu2.1.31194-001;Slac_ENSLPGG00000008469	9.479286352586293e-109	2.4234292677053815e-05	Aque_Aqu2.1.27063-001;Slac_ENSLPGG00000023230	3.201242607069932e-92	5.778429819514268e-21				Aque_Aqu2.1.35105-001;Slac_ENSLPGG00000024580	1.949543091572683e-45	8.69788276427036e-06	Aque_Aqu2.1.02261-001;Slac_ENSLPGG00000012896	2.5398120013469912e-50	4.143791237094756e-06	Aque_Aqu2.1.31194-001;Slac_ENSLPGG00000008926	1.2800872678568997e-122	2.305627224004209e-06	Aque_Aqu2.1.18089-001;Slac_ENSLPGG00000012945	1.2135080684694851e-18	2.3190635250413133e-06	Aque_Aqu2.1.36105-001;Slac_ENSLPGG00000022449	1.677285239895516e-12	3.9730325797462426e-21	Aque_Aqu2.1.23425-001;Slac_ENSLPGG00000021584	5.611075888207551e-26	1.5268177922787565e-06	Aque_Aqu2.1.36280-001;Slac_ENSLPGG00000026756	6.856052357675539e-112	0.0005920260705566722										Aque_Aqu2.1.39672-001;Slac_ENSLPGG00000013283	6.3157949007109966e-09	2.6704193679793666e-05	Aque_Aqu2.1.40890-001;Slac_ENSLPGG00000012661	0.0037159633453467686	0.009182646892215556	Aque_Aqu2.1.41482-001;Slac_ENSLPGG00000019065	2.2364060071655327e-10	0.004592237966067324	Aque_Aqu2.1.44140-001;Slac_ENSLPGG00000009453	8.885562534779468e-10	1.297346950394959e-07	Aque_Aqu2.1.38750-001;Slac_ENSLPGG00000014037	2.625604464614801e-12	1.944880288931169e-09	Aque_Aqu2.1.33047-001;Slac_ENSLPGG00000026194	0.0010141202311665274	6.674291937003132e-10	Aque_Aqu2.1.24511-001;Slac_ENSLPGG00000010168	4.874707324206489e-25	1.3146774955923095e-09				Aque_Aqu2.1.31388-001;Slac_ENSLPGG00000022008	0.009425638668166618	5.196572743258641e-21	Aque_Aqu2.1.25858-001;Slac_ENSLPGG00000012471	5.683206485678387e-42	1.2256378781761784e-09	Aque_Aqu2.1.27832-001;Slac_ENSLPGG00000000921	5.884935948591738e-05	0.00020497790178902148	Aque_Aqu2.1.36394-001;Slac_ENSLPGG00000019578	2.851071199291618e-53	0.0048945557979933815				Aque_Aqu2.1.28223-001;Slac_ENSLPGG00000007525	1.3844036382592803e-13	1.2026125316824048e-14	Aque_Aqu2.1.40044-001;Slac_ENSLPGG00000010574	2.8322222814374473e-28	1.771231631264135e-06	Aque_Aqu2.1.43986-001;Slac_ENSLPGG00000002394	8.331396457690566e-05	3.132385281564667e-40	Aque_Aqu2.1.44280-001;Slac_ENSLPGG00000021800	1.013546532817293e-30	1.377967179154152e-07	Aque_Aqu2.1.37883-001;Slac_ENSLPGG00000019578	1.8087879056502434e-19	0.0048945557979933815				Aque_Aqu2.1.35230-001;Slac_ENSLPGG00000012424	0.003333932225740895	2.0966639451606759e-57	Aque_Aqu2.1.43699-001;Slac_ENSLPGG00000023764	0.006181496810058212	0.004122137788716029				Aque_Aqu2.1.42183-001;Slac_ENSLPGG00000015655	5.780185608994803e-10	4.232930875702725e-10	Aque_Aqu2.1.21076-001;Slac_ENSLPGG00000021255	0.009677100769817697	0.0010855659182585047
Aque_Aqu2.1.26950-001;Slac_ENSLPGG00000011704	2.9641211798731584e-40	1.8454078510702356e-07	Aque_Aqu2.1.42490-001;Slac_ENSLPGG00000011256	3.576635191646024e-93	5.5829074661535626e-21	Aque_Aqu2.1.38786-001;Slac_ENSLPGG00000005910	1.0368821242524939e-16	0.00029605500055240316	Aque_Aqu2.1.37774-001;Slac_ENSLPGG00000005401	7.700554024937936e-21	8.223884250027323e-36	Aque_Aqu2.1.44059-001;Slac_ENSLPGG00000002916	3.328730512336417e-05	8.13217571260454e-08	Aque_Aqu2.1.30395-001;Slac_ENSLPGG00000011626	6.234964103978512e-06	6.649962403344721e-13				Aque_Aqu2.1.44059-001;Slac_ENSLPGG00000002916	3.328730512336417e-05	0.0003152629954090571	Aque_Aqu2.1.37079-001;Slac_ENSLPGG00000014397	6.987535709667499e-114	8.281338519449435e-64				Aque_Aqu2.1.37774-001;Slac_ENSLPGG00000005401	7.700554024937936e-21	2.3421129342282908e-26	Aque_Aqu2.1.37818-001;Slac_ENSLPGG00000010551	1.1042169105070999e-65	1.810257039536341e-05	Aque_Aqu2.1.30833-001;Slac_ENSLPGG00000019944	2.561366546076101e-17	3.373006946543885e-07	Aque_Aqu2.1.38412-001;Slac_ENSLPGG00000027461	5.180655312018983e-16	0.001999702559251324	Aque_Aqu2.1.14207-001;Slac_ENSLPGG00000010983	4.825359325182867e-10	1.2639473249977928e-27	Aque_Aqu2.1.14137-001;Slac_ENSLPGG00000018350	7.583517125849063e-42	8.772695547919577e-06	Aque_Aqu2.1.29951-001;Slac_ENSLPGG00000018181	7.041483357496104e-06	9.763934351042776e-46										Aque_Aqu2.1.37101-001;Slac_ENSLPGG00000010273	1.5336636022433145e-08	1.4736923783815982e-11	Aque_Aqu2.1.34140-001;Slac_ENSLPGG00000006271	1.662739836406084e-09	6.725810871771657e-11	Aque_Aqu2.1.25867-001;Slac_ENSLPGG00000010273	2.1213248264626324e-06	0.0012724249500829956	Aque_Aqu2.1.01979-001;Slac_ENSLPGG00000019065	0.007012591066954428	0.006927108559854214	Aque_Aqu2.1.41482-001;Slac_ENSLPGG00000001139	2.2364060071655327e-10	4.69500827060743e-21	Aque_Aqu2.1.21248-001;Slac_ENSLPGG00000009981	5.582838869151021e-65	3.133649304005058e-06	Aque_Aqu2.1.43733-001;Slac_ENSLPGG00000012055	4.248328240934453e-206	0.0013159312919552733				Aque_Aqu2.1.35738-001;Slac_ENSLPGG00000025032	1.8665956946384734e-07	2.2405791819609652e-08	Aque_Aqu2.1.30070-001;Slac_ENSLPGG00000017733	1.1819769024332244e-85	0.002669192513835785	Aque_Aqu2.1.33612-001;Slac_ENSLPGG00000022031	2.364364427309774e-10	0.009696082349253645	Aque_Aqu2.1.35211-001;Slac_ENSLPGG00000014037	1.0980787290419444e-30	1.944880288931169e-09				Aque_Aqu2.1.30867-001;Slac_ENSLPGG00000007158	1.3309245062395783e-20	3.4393842705479424e-25	Aque_Aqu2.1.34140-001;Slac_ENSLPGG00000007158	1.0121820050408576e-29	2.3171329481883538e-23	Aque_Aqu2.1.43984-001;Slac_ENSLPGG00000002394	4.479650965828285e-09	3.132385281564667e-40	Aque_Aqu2.1.30850-001;Slac_ENSLPGG00000007919	1.6111351648411453e-09	1.474621204882981e-06	Aque_Aqu2.1.28495-001;Slac_ENSLPGG00000011327	4.458325986516477e-24	0.002660359306382542				Aque_Aqu2.1.29892-001;Slac_ENSLPGG00000019707	2.0114185965128666e-06	8.348963770442609e-10							Aque_Aqu2.1.19258-001;Slac_ENSLPGG00000030036	0.0010247131434619572	0.001994043383859412	Aque_Aqu2.1.43423-001;Slac_ENSLPGG00000008236	0.006442421130604416	1.3360384289405115e-16
Aque_Aqu2.1.37095-001;Slac_ENSLPGG00000011766	1.7138617390298075e-107	4.981341181502007e-22	Aque_Aqu2.1.27809-001;Slac_ENSLPGG00000018450	2.3643424405959376e-49	4.840708147555924e-22	Aque_Aqu2.1.29717-001;Slac_ENSLPGG00000007301	6.890724883725895e-35	0.008055214072647202	Aque_Aqu2.1.26950-001;Slac_ENSLPGG00000011704	2.9641211798731584e-40	7.732111915958647e-05	Aque_Aqu2.1.37747-001;Slac_ENSLPGG00000010195	1.520304058493942e-143	0.0012389856506993425	Aque_Aqu2.1.37974-001;Slac_ENSLPGG00000010195	2.4185485011480635e-14	0.00013941570478368036				Aque_Aqu2.1.18098-001;Slac_ENSLPGG00000007363	0.0002927017614354168	3.192683674867302e-05	Aque_Aqu2.1.18813-001;Slac_ENSLPGG00000028380	1.5941414811933208e-143	3.1852165286159304e-08				Aque_Aqu2.1.14128-001;Slac_ENSLPGG00000018181	2.4522134152092073e-15	3.630673637054969e-70	Aque_Aqu2.1.39902-001;Slac_ENSLPGG00000021584	9.107093425514649e-48	0.0003089125655902511	Aque_Aqu2.1.37960-001;Slac_ENSLPGG00000013344	1.9903042964992314e-15	5.693536841006229e-08	Aque_Aqu2.1.41072-001;Slac_ENSLPGG00000022242	1.7830501497038112e-11	7.582033670849832e-18	Aque_Aqu2.1.18813-001;Slac_ENSLPGG00000028380	1.3448663550898067e-72	4.70408825434754e-28	Aque_Aqu2.1.37762-001;Slac_ENSLPGG00000010260	3.763225226538024e-94	4.902776946435151e-31	Aque_Aqu2.1.27013-001;Slac_ENSLPGG00000000546	1.2300835590623487e-13	8.592975247752537e-05										Aque_Aqu2.1.44243-001;Slac_ENSLPGG00000010854	2.521644079706085e-10	0.0011755140317752015	Aque_Aqu2.1.01979-001;Slac_ENSLPGG00000001139	0.007012591066954428	1.364164359996385e-34	Aque_Aqu2.1.42093-001;Slac_ENSLPGG00000011166	0.0013541819202391105	7.03707662095056e-13	Aque_Aqu2.1.38752-001;Slac_ENSLPGG00000013069	2.5967541173213717e-13	0.0016809129201524017	Aque_Aqu2.1.28492-001;Slac_ENSLPGG00000011327	4.609852878565774e-24	0.002660359306382542	Aque_Aqu2.1.41583-001;Slac_ENSLPGG00000001761	2.627667865706224e-26	5.837025646251024e-10	Aque_Aqu2.1.25858-001;Slac_ENSLPGG00000012471	5.683206485678387e-42	3.25051042436473e-08				Aque_Aqu2.1.31388-001;Slac_ENSLPGG00000021402	0.009425638668166618	4.894697548156748e-35	Aque_Aqu2.1.35499-001;Slac_ENSLPGG00000009116	1.2692762160706003e-88	3.098026050711895e-06	Aque_Aqu2.1.27832-001;Slac_ENSLPGG00000012471	5.884935948591738e-05	0.005559596267054266	Aque_Aqu2.1.44676-001;Slac_ENSLPGG00000007525	0.0015947909906532027	2.4280532106859597e-36				Aque_Aqu2.1.44139-001;Slac_ENSLPGG00000008750	0.0013345187120564206	3.2875899999834076e-37	Aque_Aqu2.1.34140-001;Slac_ENSLPGG00000003645	1.0121820050408576e-29	6.37289842198441e-13	Aque_Aqu2.1.35230-001;Slac_ENSLPGG00000012424	7.365437517835406e-11	2.6856220632054475e-09	Aque_Aqu2.1.43984-001;Slac_ENSLPGG00000002394	4.479650965828285e-09	1.8622701653685263e-59	Aque_Aqu2.1.34140-001;Slac_ENSLPGG00000007158	1.0121820050408576e-29	1.965018913530473e-21				Aque_Aqu2.1.43289-001;Slac_ENSLPGG00000001774	0.00030734414796325745	3.6528869866102756e-06							Aque_Aqu2.1.41304-001;Slac_ENSLPGG00000009786	0.0004773102768508639	7.597147476222797e-05	Aque_Aqu2.1.43252-001;Slac_ENSLPGG00000027461	0.00027605036193617023	5.698905676741827e-05
Aque_Aqu2.1.42605-001;Slac_ENSLPGG00000011766	9.509180868415106e-59	4.981341181502007e-22	Aque_Aqu2.1.38191-001;Slac_ENSLPGG00000001288	5.740348681209968e-44	5.609947236396795e-06	Aque_Aqu2.1.44059-001;Slac_ENSLPGG00000002916	3.328730512336417e-05	5.9336796267994546e-08	Aque_Aqu2.1.23425-001;Slac_ENSLPGG00000024534	2.4250333501045333e-55	0.0002946668225709229	Aque_Aqu2.1.30833-001;Slac_ENSLPGG00000019944	0.001936844846956756	3.360298033119989e-05	Aque_Aqu2.1.38316-001;Slac_ENSLPGG00000017820	0.007366257446536482	0.000952772458488729				Aque_Aqu2.1.33543-001;Slac_ENSLPGG00000028631	2.8949349109542336e-49	3.732108033139038e-07	Aque_Aqu2.1.40908-001;Slac_ENSLPGG00000015371	4.597924904219899e-109	1.8107318071697008e-24				Aque_Aqu2.1.33950-001;Slac_ENSLPGG00000021584	2.1143479916429974e-48	1.5268177922787565e-06	Aque_Aqu2.1.34476-001;Slac_ENSLPGG00000009693	1.1365096649262665e-143	1.4197940926775439e-06	Aque_Aqu2.1.42087-001;Slac_ENSLPGG00000022449	0.001998237992359187	3.378233621973844e-73	Aque_Aqu2.1.41962-001;Slac_ENSLPGG00000024858	2.927580111491901e-05	1.4206783704643194e-38	Aque_Aqu2.1.24985-001;Slac_ENSLPGG00000008927	1.6706084117909457e-19	1.7271089191993203e-12	Aque_Aqu2.1.35105-001;Slac_ENSLPGG00000024580	7.400531252232115e-28	8.69788276427036e-06	Aque_Aqu2.1.14137-001;Slac_ENSLPGG00000018350	7.583517125849063e-42	0.002089581030277504										Aque_Aqu2.1.25867-001;Slac_ENSLPGG00000000921	2.1213248264626324e-06	4.959771898176181e-14	Aque_Aqu2.1.36606-001;Slac_ENSLPGG00000022031	5.622930540080185e-07	1.6521542134525504e-05	Aque_Aqu2.1.24879-001;Slac_ENSLPGG00000015293	0.0005023866135471616	0.0003498442261518222	Aque_Aqu2.1.24879-001;Slac_ENSLPGG00000015293	0.0005023866135471616	0.0012497589291778422	Aque_Aqu2.1.38750-001;Slac_ENSLPGG00000013069	2.625604464614801e-12	1.5435674773364596e-07	Aque_Aqu2.1.39703-001;Slac_ENSLPGG00000008996	3.9358458296685827e-17	6.84524996954501e-21	Aque_Aqu2.1.23389-001;Slac_ENSLPGG00000008987	1.181117757917774e-23	6.53881726537894e-05				Aque_Aqu2.1.40721-001;Slac_ENSLPGG00000007294	6.480477457075271e-06	5.4149598439185796e-20	Aque_Aqu2.1.16006-001;Slac_ENSLPGG00000013274	3.954070820268625e-14	1.0720818351695422e-11	Aque_Aqu2.1.21171-001;Slac_ENSLPGG00000013199	4.745138392024275e-06	0.00030926408440374995	Aque_Aqu2.1.28493-001;Slac_ENSLPGG00000009116	4.321453769502233e-21	1.187914787539918e-27				Aque_Aqu2.1.41663-001;Slac_ENSLPGG00000004269	6.925532323955444e-17	8.788977280510082e-06	Aque_Aqu2.1.43989-001;Slac_ENSLPGG00000002394	4.110904363096128e-06	1.4512784716372902e-32	Aque_Aqu2.1.36606-001;Slac_ENSLPGG00000002171	6.429704257152719e-05	3.0880155494544363e-12	Aque_Aqu2.1.31385-001;Slac_ENSLPGG00000021402	0.0004221664291573433	2.2504082942667657e-43	Aque_Aqu2.1.40738-001;Slac_ENSLPGG00000007322	6.218782870818954e-08	5.655621197163008e-32				Aque_Aqu2.1.34141-001;Slac_ENSLPGG00000005942	2.4543785006386496e-05	1.1627829427228654e-10							Aque_Aqu2.1.14505-001;Slac_ENSLPGG00000014205	0.0012907827016655612	8.273456498889516e-13	Aque_Aqu2.1.28194-001;Slac_ENSLPGG00000005398	0.0045912394646443755	0.0033594496427699367
Aque_Aqu2.1.37747-001;Slac_ENSLPGG00000010195	1.520304058493942e-143	1.0486439829286918e-69	Aque_Aqu2.1.14137-001;Slac_ENSLPGG00000006881	3.1178299804803794e-58	4.2842379072043594e-10	Aque_Aqu2.1.20046-001;Slac_ENSLPGG00000008927	1.893146120459131e-08	7.784903500869747e-07	Aque_Aqu2.1.22710-001;Slac_ENSLPGG00000017323	1.3243501395407459e-103	0.0013832178312231335	Aque_Aqu2.1.25460-001;Slac_ENSLPGG00000025767	1.0806839649739981e-05	0.001744453473605008	Aque_Aqu2.1.13985-001;Slac_ENSLPGG00000020432	0.007557710813279713	5.3407137558662484e-11				Aque_Aqu2.1.37256-001;Slac_ENSLPGG00000024580	4.63256763518813e-09	0.006704325504782773	Aque_Aqu2.1.39902-001;Slac_ENSLPGG00000021584	9.107093425514649e-48	1.5359650593165695e-05				Aque_Aqu2.1.14137-001;Slac_ENSLPGG00000018350	3.1178299804803794e-58	8.772695547919577e-06	Aque_Aqu2.1.23425-001;Slac_ENSLPGG00000021584	2.4250333501045333e-55	0.0003089125655902511	Aque_Aqu2.1.35059-001;Slac_ENSLPGG00000029352	1.5620453396581136e-08	9.129383772995574e-14	Aque_Aqu2.1.37816-001;Slac_ENSLPGG00000023020	2.912775561703991e-77	0.00016233266302729288	Aque_Aqu2.1.18089-001;Slac_ENSLPGG00000022242	1.2135080684694851e-18	0.00015899456075697585	Aque_Aqu2.1.41935-001;Slac_ENSLPGG00000021584	3.900652244068748e-22	1.5268177922787565e-06	Aque_Aqu2.1.36579-001;Slac_ENSLPGG00000005401	2.7181831547122596e-07	5.984830996195444e-31										Aque_Aqu2.1.44218-001;Slac_ENSLPGG00000015655	1.5630724984533242e-08	1.5732646119188781e-15	Aque_Aqu2.1.34140-001;Slac_ENSLPGG00000001139	1.662739836406084e-09	1.364164359996385e-34	Aque_Aqu2.1.40997-001;Slac_ENSLPGG00000019726	3.056879980995244e-05	1.5518774950969737e-86	Aque_Aqu2.1.44245-001;Slac_ENSLPGG00000013337	0.0046844640673461375	0.0005019205673132531	Aque_Aqu2.1.41482-001;Slac_ENSLPGG00000007158	2.2364060071655327e-10	1.965018913530473e-21	Aque_Aqu2.1.38181-001;Slac_ENSLPGG00000004947	0.0014557742047692525	2.3125316935076514e-06	Aque_Aqu2.1.36125-001;Slac_ENSLPGG00000018774	3.31080923134324e-59	4.505355541140787e-05				Aque_Aqu2.1.37473-001;Slac_ENSLPGG00000009899	0.005287152186636688	4.306103161244151e-26	Aque_Aqu2.1.39703-001;Slac_ENSLPGG00000008996	6.740072048541467e-12	6.84524996954501e-21	Aque_Aqu2.1.36223-001;Slac_ENSLPGG00000025854	1.4394008307679529e-11	0.004467175559916856	Aque_Aqu2.1.25858-001;Slac_ENSLPGG00000013166	5.683206485678387e-42	0.00023368617004770938				Aque_Aqu2.1.44664-001;Slac_ENSLPGG00000019364	7.083421842137397e-10	8.57929539307134e-07	Aque_Aqu2.1.43674-001;Slac_ENSLPGG00000007158	4.20083387372124e-06	2.3171329481883538e-23	Aque_Aqu2.1.41012-001;Slac_ENSLPGG00000018391	0.00027018571509218245	8.557416813620929e-05	Aque_Aqu2.1.34140-001;Slac_ENSLPGG00000001139	1.0121820050408576e-29	4.345251405310324e-05	Aque_Aqu2.1.29861-001;Slac_ENSLPGG00000028356	2.7802180224950214e-12	3.148644495988388e-07				Aque_Aqu2.1.41622-001;Slac_ENSLPGG00000016003	9.37433589323078e-05	0.00011556355925067361							Aque_Aqu2.1.28506-001;Slac_ENSLPGG00000015791	0.002021645072273427	6.366879886062201e-05	Aque_Aqu2.1.39784-001;Slac_ENSLPGG00000005398	0.00499087858669987	0.0033594496427699367
Aque_Aqu2.1.44167-001;Slac_ENSLPGG00000002326	2.4503567949267662e-116	0.0009657979137766772	Aque_Aqu2.1.28194-001;Slac_ENSLPGG00000012945	1.444625855187625e-59	2.3190635250413133e-06	Aque_Aqu2.1.33543-001;Slac_ENSLPGG00000028631	2.8949349109542336e-49	3.0006305339232455e-10	Aque_Aqu2.1.35782-001;Slac_ENSLPGG00000006246	1.2434888697369219e-92	9.918868159947632e-23	Aque_Aqu2.1.13985-001;Slac_ENSLPGG00000020432	0.007557710813279713	2.737864208253232e-31	Aque_Aqu2.1.28078-001;Slac_ENSLPGG00000010195	6.696460884889418e-10	0.00013941570478368036				Aque_Aqu2.1.18098-001;Slac_ENSLPGG00000005401	0.0002927017614354168	8.689718173311741e-12	Aque_Aqu2.1.19270-001;Slac_ENSLPGG00000014669	3.5649902187242884e-79	0.0037258641928529				Aque_Aqu2.1.40665-001;Slac_ENSLPGG00000018877	8.115709961538107e-35	1.805147948244949e-05	Aque_Aqu2.1.37762-001;Slac_ENSLPGG00000010260	1.6015037883301053e-113	2.42563002503775e-12	Aque_Aqu2.1.43252-001;Slac_ENSLPGG00000027461	1.8158085484756658e-38	5.668657897950773e-08	Aque_Aqu2.1.28570-001;Slac_ENSLPGG00000011888	1.3478437671175875e-40	0.0011272603275624801	Aque_Aqu2.1.27013-001;Slac_ENSLPGG00000000546	1.2300835590623487e-13	2.33315469533924e-06	Aque_Aqu2.1.41621-001;Slac_ENSLPGG00000018880	4.619452252412821e-84	3.0440385616654108e-21	Aque_Aqu2.1.41587-001;Slac_ENSLPGG00000027899	4.966307022303314e-14	2.6828634273185702e-05										Aque_Aqu2.1.32548-001;Slac_ENSLPGG00000002171	0.0016118061765567644	4.811942582704965e-16	Aque_Aqu2.1.21205-001;Slac_ENSLPGG00000013772	0.002107528433600299	1.8322970383617765e-06	Aque_Aqu2.1.23414-001;Slac_ENSLPGG00000009214	1.6439830959473454e-05	3.240392509643519e-06	Aque_Aqu2.1.41482-001;Slac_ENSLPGG00000019065	2.2364060071655327e-10	0.006927108559854214	Aque_Aqu2.1.28492-001;Slac_ENSLPGG00000009116	4.609852878565774e-24	1.187914787539918e-27	Aque_Aqu2.1.36448-001;Slac_ENSLPGG00000023442	9.987531583213903e-48	0.000828926358244257	Aque_Aqu2.1.44214-001;Slac_ENSLPGG00000015655	3.0665856474314364e-10	1.5732646119188781e-15				Aque_Aqu2.1.17816-001;Slac_ENSLPGG00000001139	1.1230267612856121e-05	1.364164359996385e-34	Aque_Aqu2.1.41583-001;Slac_ENSLPGG00000030274	1.075194399407091e-28	1.90995439367809e-08	Aque_Aqu2.1.40721-001;Slac_ENSLPGG00000007294	6.480477457075271e-06	0.0003630722529327987	Aque_Aqu2.1.35781-001;Slac_ENSLPGG00000016523	2.9643336706072914e-07	4.931625755713096e-10				Aque_Aqu2.1.28223-001;Slac_ENSLPGG00000011839	1.3844036382592803e-13	1.90611515788076e-10	Aque_Aqu2.1.42762-001;Slac_ENSLPGG00000002171	1.0081478109652569e-17	2.040331509655993e-20	Aque_Aqu2.1.34140-001;Slac_ENSLPGG00000019065	1.0121820050408576e-29	0.008445174686407597	Aque_Aqu2.1.36574-001;Slac_ENSLPGG00000012140	0.0004940940652812278	1.0581014950202239e-19	Aque_Aqu2.1.28223-001;Slac_ENSLPGG00000011839	1.3844036382592803e-13	2.3607637339619418e-11				Aque_Aqu2.1.28941-001;Slac_ENSLPGG00000014432	0.008780498939991783	2.550107439407166e-13							Aque_Aqu2.1.42203-001;Slac_ENSLPGG00000024989	3.7598373078532615e-09	0.00241040070878632	Aque_Aqu2.1.30847-001;Slac_ENSLPGG00000006723	0.003442357639839693	0.0005815511412841045
Aque_Aqu2.1.34374-001;Slac_ENSLPGG00000010554	1.4390603500282076e-48	1.34847309513742e-06	Aque_Aqu2.1.27294-001;Slac_ENSLPGG00000024534	6.379913106281972e-32	8.111986096029365e-09	Aque_Aqu2.1.33543-001;Slac_ENSLPGG00000010511	2.8949349109542336e-49	0.0006181634774139395	Aque_Aqu2.1.35105-001;Slac_ENSLPGG00000024580	1.949543091572683e-45	0.00018847890202981988	Aque_Aqu2.1.37974-001;Slac_ENSLPGG00000010195	2.4185485011480635e-14	0.0012389856506993425	Aque_Aqu2.1.37748-001;Slac_ENSLPGG00000010195	0.006868279958800548	0.00013941570478368036				Aque_Aqu2.1.28078-001;Slac_ENSLPGG00000010195	6.696460884889418e-10	5.426005596368879e-18	Aque_Aqu2.1.37974-001;Slac_ENSLPGG00000010195	2.4185485011480635e-14	7.49018270378121e-168				Aque_Aqu2.1.18353-001;Slac_ENSLPGG00000017904	2.4837792641188912e-56	7.430822732872599e-09	Aque_Aqu2.1.14137-001;Slac_ENSLPGG00000018350	3.1178299804803794e-58	0.002089581030277504	Aque_Aqu2.1.36553-001;Slac_ENSLPGG00000010866	7.694893633557059e-13	1.3129341271785984e-08	Aque_Aqu2.1.39927-001;Slac_ENSLPGG00000026851	1.1809401103571953e-18	3.1378676356872758e-09	Aque_Aqu2.1.31038-001;Slac_ENSLPGG00000018181	4.65464586755458e-09	7.496422331427468e-29	Aque_Aqu2.1.37974-001;Slac_ENSLPGG00000010195	3.1695571352348735e-06	2.1728558564461395e-216	Aque_Aqu2.1.30395-001;Slac_ENSLPGG00000011626	5.308399926319828e-05	2.868640041180972e-124										Aque_Aqu2.1.38750-001;Slac_ENSLPGG00000013069	2.625604464614801e-12	4.510390699375658e-16	Aque_Aqu2.1.35781-001;Slac_ENSLPGG00000007429	0.0002769383255997843	5.2822232502345456e-17	Aque_Aqu2.1.30867-001;Slac_ENSLPGG00000021520	8.811394793769746e-08	0.008152652185200318	Aque_Aqu2.1.21492-001;Slac_ENSLPGG00000027633	0.007951822860427641	0.005241699704973922	Aque_Aqu2.1.37101-001;Slac_ENSLPGG00000012471	1.5336636022433145e-08	8.124978717659955e-08	Aque_Aqu2.1.35781-001;Slac_ENSLPGG00000016523	5.1906912218938814e-08	3.529984211449646e-10	Aque_Aqu2.1.25858-001;Slac_ENSLPGG00000003239	5.683206485678387e-42	2.1696472139349363e-06				Aque_Aqu2.1.41583-001;Slac_ENSLPGG00000003499	1.075194399407091e-28	5.445813126634208e-10	Aque_Aqu2.1.27228-001;Slac_ENSLPGG00000025642	3.237200369837252e-45	6.993743447563894e-34	Aque_Aqu2.1.38095-001;Slac_ENSLPGG00000006910	0.00046503987165875694	4.6140858892568826e-12	Aque_Aqu2.1.17173-001;Slac_ENSLPGG00000010080	3.3929307133703136e-17	5.892183174462262e-07				Aque_Aqu2.1.38390-001;Slac_ENSLPGG00000009625	3.283777108141531e-31	5.0913304307575685e-05	Aque_Aqu2.1.39671-001;Slac_ENSLPGG00000012011	5.6277730716785066e-24	8.935930159934392e-07	Aque_Aqu2.1.43251-001;Slac_ENSLPGG00000027461	2.3451474142829946e-08	0.0044535470809418595	Aque_Aqu2.1.30867-001;Slac_ENSLPGG00000007158	1.3309245062395783e-20	1.3921670430557845e-07	Aque_Aqu2.1.44280-001;Slac_ENSLPGG00000021800	1.013546532817293e-30	6.536431133373341e-20				Aque_Aqu2.1.29864-001;Slac_ENSLPGG00000003738	0.006566079114390827	0.0005406747718673408							Aque_Aqu2.1.42693-001;Slac_ENSLPGG00000012471	5.036351134363364e-08	5.353435489594685e-12			
Aque_Aqu2.1.44059-001;Slac_ENSLPGG00000001288	3.328730512336417e-05	4.0556484159166975e-43	Aque_Aqu2.1.24985-001;Slac_ENSLPGG00000008927	2.648227574502731e-19	4.196537548175195e-39	Aque_Aqu2.1.36579-001;Slac_ENSLPGG00000005401	1.3401575227138799e-05	1.3347266488514198e-10	Aque_Aqu2.1.26684-001;Slac_ENSLPGG00000017185	5.16651150424784e-114	0.003646635186372826	Aque_Aqu2.1.28078-001;Slac_ENSLPGG00000010195	6.696460884889418e-10	0.0012389856506993425							Aque_Aqu2.1.06465-001;Slac_ENSLPGG00000010731	1.1423349568697603e-06	0.0006734830437476485	Aque_Aqu2.1.33950-001;Slac_ENSLPGG00000021584	2.1143479916429974e-48	1.5359650593165695e-05				Aque_Aqu2.1.31388-001;Slac_ENSLPGG00000002802	0.0006755546556821743	8.341868309217225e-209	Aque_Aqu2.1.39934-001;Slac_ENSLPGG00000026505	4.277056854050607e-115	2.4903044007402054e-16	Aque_Aqu2.1.38316-001;Slac_ENSLPGG00000017820	0.0013243049325624041	1.4294403635756786e-45	Aque_Aqu2.1.35059-001;Slac_ENSLPGG00000029417	1.5620453396581136e-08	4.0161681551166025e-24	Aque_Aqu2.1.16620-001;Slac_ENSLPGG00000022242	5.117152723494208e-38	0.00015899456075697585	Aque_Aqu2.1.33950-001;Slac_ENSLPGG00000021584	4.7618654032696835e-30	1.5268177922787565e-06	Aque_Aqu2.1.06465-001;Slac_ENSLPGG00000010731	4.271173516306627e-06	7.790154268791738e-82										Aque_Aqu2.1.41482-001;Slac_ENSLPGG00000001139	2.2364060071655327e-10	1.4494333720685917e-24	Aque_Aqu2.1.29897-001;Slac_ENSLPGG00000020706	1.4875472874532206e-11	0.000720612718783671	Aque_Aqu2.1.01979-001;Slac_ENSLPGG00000019065	0.007012591066954428	0.004592237966067324	Aque_Aqu2.1.43551-001;Slac_ENSLPGG00000011839	0.0005635633996396587	6.871823708419816e-06	Aque_Aqu2.1.41646-001;Slac_ENSLPGG00000016551	0.0006152756546389729	0.005211955294296339	Aque_Aqu2.1.33096-001;Slac_ENSLPGG00000026009	2.701174655880703e-05	0.0005757468559977892	Aque_Aqu2.1.35119-001;Slac_ENSLPGG00000015631	1.8070548054903732e-84	0.0005450261508553615				Aque_Aqu2.1.33612-001;Slac_ENSLPGG00000022031	2.364364427309774e-10	1.6521542134525504e-05	Aque_Aqu2.1.28492-001;Slac_ENSLPGG00000009453	1.2990573900827222e-105	1.7240464628282283e-09	Aque_Aqu2.1.40333-001;Slac_ENSLPGG00000015465	1.525995245934674e-06	0.008322672676028871	Aque_Aqu2.1.33049-001;Slac_ENSLPGG00000014432	0.00015577197424357952	9.370548603606719e-91				Aque_Aqu2.1.41065-001;Slac_ENSLPGG00000018774	0.002433444354028677	3.4238613652926317e-09	Aque_Aqu2.1.43674-001;Slac_ENSLPGG00000003645	4.20083387372124e-06	6.37289842198441e-13	Aque_Aqu2.1.29098-001;Slac_ENSLPGG00000015099	0.0022163606697167436	5.6665494261985154e-05	Aque_Aqu2.1.31388-001;Slac_ENSLPGG00000021402	0.004760476945746735	2.2504082942667657e-43	Aque_Aqu2.1.42587-001;Slac_ENSLPGG00000018413	2.96187878283415e-07	0.0012040939748942134				Aque_Aqu2.1.37818-001;Slac_ENSLPGG00000010551	1.454357753979836e-07	0.00868613460338985							Aque_Aqu2.1.16006-001;Slac_ENSLPGG00000013274	5.270219096773603e-09	0.00017042420495908981			
Aque_Aqu2.1.37960-001;Slac_ENSLPGG00000013344	8.706435525501074e-27	5.693536841006229e-08	Aque_Aqu2.1.37816-001;Slac_ENSLPGG00000005083	5.351220243248752e-65	3.3662088198379713e-09	Aque_Aqu2.1.29951-001;Slac_ENSLPGG00000018181	0.00022028134504872317	6.625776344049934e-19	Aque_Aqu2.1.33950-001;Slac_ENSLPGG00000024534	2.1143479916429974e-48	0.0002946668225709229	Aque_Aqu2.1.37748-001;Slac_ENSLPGG00000010195	0.006868279958800548	0.0012389856506993425							Aque_Aqu2.1.29951-001;Slac_ENSLPGG00000018181	0.00022028134504872317	3.416617015582869e-08	Aque_Aqu2.1.27224-001;Slac_ENSLPGG00000026851	6.85573730359377e-63	5.649024235262259e-05				Aque_Aqu2.1.28091-001;Slac_ENSLPGG00000011974	2.7724493515918748e-102	2.357272853270015e-39	Aque_Aqu2.1.37974-001;Slac_ENSLPGG00000010195	2.4185485011480635e-14	2.896743808193686e-104	Aque_Aqu2.1.35230-001;Slac_ENSLPGG00000012424	4.943082600513362e-08	3.282999557512256e-11	Aque_Aqu2.1.37256-001;Slac_ENSLPGG00000024580	6.924649891263139e-08	1.1856299456168317e-17	Aque_Aqu2.1.36579-001;Slac_ENSLPGG00000005401	2.7181831547122596e-07	8.223884250027323e-36	Aque_Aqu2.1.18098-001;Slac_ENSLPGG00000007363	0.00010510904740299329	2.824389442390339e-51	Aque_Aqu2.1.02261-001;Slac_ENSLPGG00000012896	3.435802767568334e-24	4.143791237094756e-06										Aque_Aqu2.1.35781-001;Slac_ENSLPGG00000016523	0.0002769383255997843	7.460571249454539e-10	Aque_Aqu2.1.37101-001;Slac_ENSLPGG00000010273	1.5336636022433145e-08	2.2568325936102162e-05	Aque_Aqu2.1.27228-001;Slac_ENSLPGG00000025642	8.73403633687885e-34	0.0024766795362627264	Aque_Aqu2.1.38683-001;Slac_ENSLPGG00000013337	0.002171373567225803	0.0005019205673132531	Aque_Aqu2.1.21208-001;Slac_ENSLPGG00000013772	0.009823782723145305	5.364876696665609e-05	Aque_Aqu2.1.44194-001;Slac_ENSLPGG00000013677	4.3628815760055725e-50	1.1102809994691477e-05	Aque_Aqu2.1.44676-001;Slac_ENSLPGG00000007730	0.0015947909906532027	3.998399138806171e-213				Aque_Aqu2.1.43264-001;Slac_ENSLPGG00000025032	0.00010354402561118752	2.2405791819609652e-08	Aque_Aqu2.1.42050-001;Slac_ENSLPGG00000000696	1.3711598473476238e-18	5.830310343059631e-06	Aque_Aqu2.1.42183-001;Slac_ENSLPGG00000015655	3.3931647854373665e-10	0.002695603985851316	Aque_Aqu2.1.38095-001;Slac_ENSLPGG00000006910	0.00046503987165875694	2.4164234743387998e-23				Aque_Aqu2.1.28497-001;Slac_ENSLPGG00000009116	6.265744639493593e-06	6.14592868531139e-18	Aque_Aqu2.1.23692-001;Slac_ENSLPGG00000010273	1.2841772084763492e-19	7.696669701701013e-06	Aque_Aqu2.1.42203-001;Slac_ENSLPGG00000008996	0.00045457418849529025	1.8020173989883424e-05	Aque_Aqu2.1.28489-001;Slac_ENSLPGG00000009453	1.2639077541595553e-28	1.297346950394959e-07	Aque_Aqu2.1.24884-001;Slac_ENSLPGG00000016023	2.088362072783549e-50	3.9859421032837844e-120				Aque_Aqu2.1.31371-001;Slac_ENSLPGG00000019336	0.0006888611292888019	1.7175341942907336e-05							Aque_Aqu2.1.41530-001;Slac_ENSLPGG00000026624	5.549831718336349e-05	5.078529865221248e-14			
Aque_Aqu2.1.35230-001;Slac_ENSLPGG00000012424	3.97530928919099e-36	3.282999557512256e-11	Aque_Aqu2.1.28091-001;Slac_ENSLPGG00000011974	2.7724493515918748e-102	7.350183021917888e-45	Aque_Aqu2.1.28078-001;Slac_ENSLPGG00000010195	6.696460884889418e-10	8.60570589818304e-31	Aque_Aqu2.1.37774-001;Slac_ENSLPGG00000008927	7.700554024937936e-21	1.7271089191993203e-12										Aque_Aqu2.1.37748-001;Slac_ENSLPGG00000010195	0.006868279958800548	5.426005596368879e-18	Aque_Aqu2.1.25682-001;Slac_ENSLPGG00000019196	1.2153315557323154e-117	0.00306284411081196				Aque_Aqu2.1.27294-001;Slac_ENSLPGG00000021584	6.379913106281972e-32	1.5268177922787565e-06	Aque_Aqu2.1.33950-001;Slac_ENSLPGG00000021584	2.1143479916429974e-48	0.0003089125655902511	Aque_Aqu2.1.37818-001;Slac_ENSLPGG00000010551	2.3518338933057015e-06	1.1481621637587149e-70	Aque_Aqu2.1.23425-001;Slac_ENSLPGG00000024534	5.611075888207551e-26	8.111986096029365e-09	Aque_Aqu2.1.28239-001;Slac_ENSLPGG00000022242	9.032128780279223e-16	0.00015899456075697585	Aque_Aqu2.1.14207-001;Slac_ENSLPGG00000010983	4.825359325182867e-10	9.834982668604445e-20	Aque_Aqu2.1.16620-001;Slac_ENSLPGG00000007363	5.117152723494208e-38	1.098458816519539e-06										Aque_Aqu2.1.39702-001;Slac_ENSLPGG00000029003	3.839636538726795e-05	3.9316935641236165e-15	Aque_Aqu2.1.21208-001;Slac_ENSLPGG00000013772	0.009823782723145305	1.8322970383617765e-06	Aque_Aqu2.1.34140-001;Slac_ENSLPGG00000021520	1.662739836406084e-09	0.008152652185200318	Aque_Aqu2.1.38687-001;Slac_ENSLPGG00000023112	0.0012331680164132607	1.3256903803873884e-05	Aque_Aqu2.1.44280-001;Slac_ENSLPGG00000021800	3.113278684368793e-07	6.536431133373341e-20	Aque_Aqu2.1.36275-001;Slac_ENSLPGG00000006965	0.0020370970724508616	0.0010456499946495089	Aque_Aqu2.1.37112-001;Slac_ENSLPGG00000014949	4.6928004436226405e-11	2.5978137145777256e-54				Aque_Aqu2.1.17816-001;Slac_ENSLPGG00000006271	1.1230267612856121e-05	6.725810871771657e-11	Aque_Aqu2.1.34597-001;Slac_ENSLPGG00000028037	0.0004624105493005545	0.00027557461432683	Aque_Aqu2.1.37895-001;Slac_ENSLPGG00000022031	1.3041098546376117e-11	0.009696082349253645	Aque_Aqu2.1.37895-001;Slac_ENSLPGG00000013283	1.3041098546376117e-11	3.255600133488331e-09				Aque_Aqu2.1.41030-001;Slac_ENSLPGG00000009795	1.2780145784191498e-09	1.5843728573401974e-21	Aque_Aqu2.1.42154-001;Slac_ENSLPGG00000030431	2.4653836889926653e-06	2.9741009683390458e-05	Aque_Aqu2.1.38824-001;Slac_ENSLPGG00000000921	0.0021069493728025235	8.554351911362749e-10	Aque_Aqu2.1.36436-001;Slac_ENSLPGG00000015940	9.530971709328e-21	0.008357724621929906	Aque_Aqu2.1.42770-001;Slac_ENSLPGG00000002140	3.5810184203344485e-32	2.5221650698564867e-28				Aque_Aqu2.1.41015-001;Slac_ENSLPGG00000002336	0.009779608172527637	0.0016442130005784117							Aque_Aqu2.1.43434-001;Slac_ENSLPGG00000007104	0.00010038361831722102	9.015781520050588e-110			
Aque_Aqu2.1.31194-001;Slac_ENSLPGG00000008926	9.479286352586293e-109	2.305627224004209e-06	Aque_Aqu2.1.28239-001;Slac_ENSLPGG00000022242	5.769546964194492e-21	7.582033670849832e-18	Aque_Aqu2.1.44059-001;Slac_ENSLPGG00000001288	3.328730512336417e-05	8.983365384117209e-05	Aque_Aqu2.1.18353-001;Slac_ENSLPGG00000017904	2.4837792641188912e-56	0.00027083642751955415										Aque_Aqu2.1.13985-001;Slac_ENSLPGG00000020432	0.007557710813279713	0.0002228065257354403	Aque_Aqu2.1.41935-001;Slac_ENSLPGG00000021584	5.591333443268466e-36	1.5359650593165695e-05				Aque_Aqu2.1.06465-001;Slac_ENSLPGG00000010731	1.1423349568697603e-06	2.5307846142510007e-156	Aque_Aqu2.1.41935-001;Slac_ENSLPGG00000021584	5.591333443268466e-36	0.0003089125655902511	Aque_Aqu2.1.18283-001;Slac_ENSLPGG00000018844	5.3800923347615143e-73	0.0011538952408238835	Aque_Aqu2.1.37774-001;Slac_ENSLPGG00000005401	1.1664395148299226e-05	4.653768747135923e-110	Aque_Aqu2.1.35105-001;Slac_ENSLPGG00000024580	7.400531252232115e-28	0.00018847890202981988	Aque_Aqu2.1.39902-001;Slac_ENSLPGG00000021584	3.411665645470714e-24	1.5268177922787565e-06	Aque_Aqu2.1.35059-001;Slac_ENSLPGG00000029352	1.5620453396581136e-08	6.756708823026128e-14										Aque_Aqu2.1.36606-001;Slac_ENSLPGG00000002171	5.622930540080185e-07	4.811942582704965e-16	Aque_Aqu2.1.44243-001;Slac_ENSLPGG00000010854	2.521644079706085e-10	0.0033377095618873118	Aque_Aqu2.1.38608-001;Slac_ENSLPGG00000010736	0.002152172874021064	1.2664158827925261e-08	Aque_Aqu2.1.40997-001;Slac_ENSLPGG00000019726	3.056879980995244e-05	6.546769520201781e-23	Aque_Aqu2.1.24987-001;Slac_ENSLPGG00000008651	1.6948309903525678e-12	0.000902795089576386	Aque_Aqu2.1.36125-001;Slac_ENSLPGG00000020586	2.9289126202741716e-09	4.174689950786955e-05	Aque_Aqu2.1.33762-001;Slac_ENSLPGG00000028782	6.247161788051927e-22	0.00945145044920208				Aque_Aqu2.1.35211-001;Slac_ENSLPGG00000014037	1.0980787290419444e-30	1.8687999982522213e-07	Aque_Aqu2.1.44676-001;Slac_ENSLPGG00000007525	0.0015947909906532027	1.9962902323811717e-72	Aque_Aqu2.1.44218-001;Slac_ENSLPGG00000015655	2.1931163753421432e-08	0.002695603985851316	Aque_Aqu2.1.37473-001;Slac_ENSLPGG00000021402	0.005287152186636688	3.140876910125486e-98				Aque_Aqu2.1.41012-001;Slac_ENSLPGG00000012949	0.00027018571509218245	2.5981849991575668e-160	Aque_Aqu2.1.43637-001;Slac_ENSLPGG00000029928	8.152574204947499e-32	3.860286543576328e-05	Aque_Aqu2.1.43982-001;Slac_ENSLPGG00000010736	0.00026536629051856613	2.0988989273194013e-05	Aque_Aqu2.1.43536-001;Slac_ENSLPGG00000017855	3.1456270560029736e-13	0.0018345151332905534	Aque_Aqu2.1.23692-001;Slac_ENSLPGG00000010273	1.2841772084763492e-19	2.9181703033897673e-09				Aque_Aqu2.1.34141-001;Slac_ENSLPGG00000001774	2.4543785006386496e-05	3.6528869866102756e-06							Aque_Aqu2.1.34470-001;Slac_ENSLPGG00000029495	0.0038714836547685803	0.0005526816347821156			
Aque_Aqu2.1.30395-001;Slac_ENSLPGG00000011626	6.234964103978512e-06	4.963128665858961e-135	Aque_Aqu2.1.34374-001;Slac_ENSLPGG00000010554	1.4390603500282076e-48	4.1932383226006643e-07	Aque_Aqu2.1.32514-001;Slac_ENSLPGG00000006881	0.00026784013402817586	0.0021513660384255224	Aque_Aqu2.1.41935-001;Slac_ENSLPGG00000024534	5.591333443268466e-36	0.0002946668225709229													Aque_Aqu2.1.31194-001;Slac_ENSLPGG00000008469	9.479286352586293e-109	1.6694818403245838e-83				Aque_Aqu2.1.43688-001;Slac_ENSLPGG00000021584	4.4253445921185735e-29	1.5268177922787565e-06	Aque_Aqu2.1.26950-001;Slac_ENSLPGG00000011704	2.9641211798731584e-40	0.0009198057440158323	Aque_Aqu2.1.31945-001;Slac_ENSLPGG00000003516	4.868732801494408e-15	0.009209934962931338	Aque_Aqu2.1.14137-001;Slac_ENSLPGG00000018350	7.583517125849063e-42	9.856781704671451e-05	Aque_Aqu2.1.25405-001;Slac_ENSLPGG00000020148	1.4898002779454198e-09	2.0067306240305814e-18	Aque_Aqu2.1.29951-001;Slac_ENSLPGG00000018181	7.041483357496104e-06	3.630673637054969e-70	Aque_Aqu2.1.37774-001;Slac_ENSLPGG00000005401	1.1664395148299226e-05	5.984830996195444e-31										Aque_Aqu2.1.23247-001;Slac_ENSLPGG00000013844	1.1200245995874174e-06	1.7058538510207692e-102	Aque_Aqu2.1.38750-001;Slac_ENSLPGG00000014037	2.625604464614801e-12	1.8687999982522213e-07	Aque_Aqu2.1.17816-001;Slac_ENSLPGG00000001139	0.009367143325851741	1.0794946248240394e-08	Aque_Aqu2.1.34140-001;Slac_ENSLPGG00000019065	1.662739836406084e-09	0.006927108559854214	Aque_Aqu2.1.18919-001;Slac_ENSLPGG00000020504	4.099696319053958e-07	0.0006301460132175903	Aque_Aqu2.1.35211-001;Slac_ENSLPGG00000013069	3.46092426890341e-23	1.8352583169197938e-25	Aque_Aqu2.1.38204-001;Slac_ENSLPGG00000020706	3.177001816716186e-16	0.00016618681967649416				Aque_Aqu2.1.24917-001;Slac_ENSLPGG00000029464	1.3315793092258417e-16	7.004807685582034e-08	Aque_Aqu2.1.27287-001;Slac_ENSLPGG00000013677	3.770990768672222e-45	1.1102809994691477e-05	Aque_Aqu2.1.36625-001;Slac_ENSLPGG00000020706	2.8072929139854223e-06	0.00019249484478877987	Aque_Aqu2.1.27228-001;Slac_ENSLPGG00000025642	3.237200369837252e-45	4.388093933365544e-18				Aque_Aqu2.1.25434-001;Slac_ENSLPGG00000027609	1.5600757561556257e-10	0.00019223758375712518	Aque_Aqu2.1.32890-001;Slac_ENSLPGG00000007568	8.175377015812928e-08	7.355611122930514e-05	Aque_Aqu2.1.07545-001;Slac_ENSLPGG00000029433	0.009147084110062452	7.965744652964937e-06	Aque_Aqu2.1.37407-001;Slac_ENSLPGG00000020178	5.959310045388851e-09	5.984877303900408e-05	Aque_Aqu2.1.41190-001;Slac_ENSLPGG00000009380	3.070020325785256e-26	1.0137715312229105e-09				Aque_Aqu2.1.28301-001;Slac_ENSLPGG00000012506	8.883577150236559e-09	1.2928363628897202e-07							Aque_Aqu2.1.33443-001;Slac_ENSLPGG00000007525	9.126383142398043e-07	1.9275453837446747e-05			
Aque_Aqu2.1.36553-001;Slac_ENSLPGG00000010866	7.519750924837044e-19	1.3129341271785984e-08	Aque_Aqu2.1.33925-001;Slac_ENSLPGG00000001999	4.33182089821621e-115	7.340611040216637e-17	Aque_Aqu2.1.11387-001;Slac_ENSLPGG00000006881	0.00015458593629202684	0.0021513660384255224	Aque_Aqu2.1.43814-001;Slac_ENSLPGG00000016800	1.0114175846621341e-42	1.678175021433421e-20													Aque_Aqu2.1.12657-001;Slac_ENSLPGG00000004375	2.9043498226616313e-98	1.1780417691428253e-05				Aque_Aqu2.1.37762-001;Slac_ENSLPGG00000010260	1.6015037883301053e-113	4.902776946435151e-31	Aque_Aqu2.1.30395-001;Slac_ENSLPGG00000011626	6.234964103978512e-06	2.868640041180972e-124	Aque_Aqu2.1.43995-001;Slac_ENSLPGG00000002394	0.004340874507246756	1.2937479835425587e-20	Aque_Aqu2.1.39784-001;Slac_ENSLPGG00000012945	1.2448380479041398e-26	2.3190635250413133e-06	Aque_Aqu2.1.33543-001;Slac_ENSLPGG00000028631	3.338337069377686e-35	1.8847266829431563e-66	Aque_Aqu2.1.36579-001;Slac_ENSLPGG00000005401	2.7181831547122596e-07	2.3421129342282908e-26	Aque_Aqu2.1.33950-001;Slac_ENSLPGG00000021584	4.7618654032696835e-30	0.0003089125655902511										Aque_Aqu2.1.24987-001;Slac_ENSLPGG00000003239	1.6948309903525678e-12	2.1696472139349363e-06	Aque_Aqu2.1.33622-001;Slac_ENSLPGG00000022031	3.31852085524485e-07	1.6521542134525504e-05	Aque_Aqu2.1.38608-001;Slac_ENSLPGG00000025832	0.002152172874021064	8.851924786305355e-06	Aque_Aqu2.1.30867-001;Slac_ENSLPGG00000019065	8.811394793769746e-08	0.006927108559854214	Aque_Aqu2.1.01979-001;Slac_ENSLPGG00000001139	0.007012591066954428	4.69500827060743e-21	Aque_Aqu2.1.34848-001;Slac_ENSLPGG00000007243	2.4510777142538128e-05	8.006524902330374e-19	Aque_Aqu2.1.34441-001;Slac_ENSLPGG00000025832	8.94792185533382e-40	6.706170504501269e-07				Aque_Aqu2.1.44197-001;Slac_ENSLPGG00000019065	1.6113923010411783e-24	5.413313929192906e-06	Aque_Aqu2.1.35513-001;Slac_ENSLPGG00000014120	1.9223474439878673e-49	0.000944903500654391	Aque_Aqu2.1.17816-001;Slac_ENSLPGG00000001139	1.1230267612856121e-05	4.345251405310324e-05	Aque_Aqu2.1.25858-001;Slac_ENSLPGG00000011715	5.683206485678387e-42	0.0008023801828239884				Aque_Aqu2.1.43251-001;Slac_ENSLPGG00000017003	2.3451474142829946e-08	0.0007146712202704738	Aque_Aqu2.1.28223-001;Slac_ENSLPGG00000007525	1.3844036382592803e-13	3.993170464153228e-16	Aque_Aqu2.1.41892-001;Slac_ENSLPGG00000018987	5.2142493076430264e-14	0.002248795489287147	Aque_Aqu2.1.28497-001;Slac_ENSLPGG00000009116	6.265744639493593e-06	2.486235618856327e-14	Aque_Aqu2.1.34140-001;Slac_ENSLPGG00000001139	1.0121820050408576e-29	4.69500827060743e-21				Aque_Aqu2.1.24985-001;Slac_ENSLPGG00000016003	7.12347800492466e-10	0.00011556355925067361							Aque_Aqu2.1.29723-001;Slac_ENSLPGG00000004327	0.0005473907735919964	7.043279595788877e-11			
Aque_Aqu2.1.18283-001;Slac_ENSLPGG00000018844	8.281858889981098e-97	0.0011538952408238835	Aque_Aqu2.1.37256-001;Slac_ENSLPGG00000024580	4.63256763518813e-09	1.1856299456168317e-17	Aque_Aqu2.1.06465-001;Slac_ENSLPGG00000010731	1.1423349568697603e-06	8.410186442085046e-10	Aque_Aqu2.1.43688-001;Slac_ENSLPGG00000024534	4.4253445921185735e-29	0.0002946668225709229													Aque_Aqu2.1.37256-001;Slac_ENSLPGG00000024580	4.63256763518813e-09	1.335015754250869e-19				Aque_Aqu2.1.38196-001;Slac_ENSLPGG00000005591	2.7056507229478046e-24	2.9986472072232125e-06	Aque_Aqu2.1.28091-001;Slac_ENSLPGG00000011974	2.7724493515918748e-102	1.7675955721308265e-10	Aque_Aqu2.1.38191-001;Slac_ENSLPGG00000001288	0.0010813743481752497	4.0556484159166975e-43	Aque_Aqu2.1.27294-001;Slac_ENSLPGG00000021584	5.209276424915187e-19	6.413530410769873e-10	Aque_Aqu2.1.35059-001;Slac_ENSLPGG00000029352	1.5620453396581136e-08	3.972754022399636e-19	Aque_Aqu2.1.38786-001;Slac_ENSLPGG00000005910	1.5584349667584918e-27	0.0013405730385048908	Aque_Aqu2.1.41935-001;Slac_ENSLPGG00000021584	3.900652244068748e-22	0.0003089125655902511										Aque_Aqu2.1.41482-001;Slac_ENSLPGG00000007158	2.2364060071655327e-10	1.2305328596950784e-25	Aque_Aqu2.1.31388-001;Slac_ENSLPGG00000022008	0.009403421798818682	5.196572743258641e-21	Aque_Aqu2.1.23247-001;Slac_ENSLPGG00000014386	1.1200245995874174e-06	1.7287512944415076e-07	Aque_Aqu2.1.32726-001;Slac_ENSLPGG00000028356	0.004071975590726553	0.008073199099584266	Aque_Aqu2.1.43329-001;Slac_ENSLPGG00000028356	6.309083453842146e-05	3.148644495988388e-07	Aque_Aqu2.1.28492-001;Slac_ENSLPGG00000009116	1.0134123622564161e-101	3.098026050711895e-06	Aque_Aqu2.1.38683-001;Slac_ENSLPGG00000013337	1.3366061311162073e-26	5.453548321107783e-07				Aque_Aqu2.1.28493-001;Slac_ENSLPGG00000023963	4.321453769502233e-21	6.68653400023443e-06	Aque_Aqu2.1.44104-001;Slac_ENSLPGG00000013804	3.4947931478476343e-10	3.586733440963688e-08	Aque_Aqu2.1.09103-001;Slac_ENSLPGG00000028461	6.273425838176239e-12	0.005531362515227825	Aque_Aqu2.1.33612-001;Slac_ENSLPGG00000013283	2.364364427309774e-10	3.255600133488331e-09				Aque_Aqu2.1.34140-001;Slac_ENSLPGG00000007158	1.0121820050408576e-29	3.4393842705479424e-25	Aque_Aqu2.1.36507-001;Slac_ENSLPGG00000029934	1.294377129584489e-07	0.0007193067221844002	Aque_Aqu2.1.43353-001;Slac_ENSLPGG00000008404	3.8260820266303296e-05	0.005466038961812341	Aque_Aqu2.1.43329-001;Slac_ENSLPGG00000028356	2.4503123309393326e-14	0.008073199099584266	Aque_Aqu2.1.28497-001;Slac_ENSLPGG00000009453	6.265744639493593e-06	2.999904205182712e-54				Aque_Aqu2.1.42569-001;Slac_ENSLPGG00000002953	0.0008140377326361705	2.4043483635480376e-10							Aque_Aqu2.1.36775-001;Slac_ENSLPGG00000007002	0.009357964652518258	6.732830050166479e-09			
Aque_Aqu2.1.44059-001;Slac_ENSLPGG00000002916	3.328730512336417e-05	1.8602628480511736e-27	Aque_Aqu2.1.23425-001;Slac_ENSLPGG00000006356	2.4250333501045333e-55	0.00011946821970550475	Aque_Aqu2.1.18098-001;Slac_ENSLPGG00000005401	0.0002927017614354168	1.3347266488514198e-10	Aque_Aqu2.1.40665-001;Slac_ENSLPGG00000018877	8.115709961538107e-35	0.00392952914647774													Aque_Aqu2.1.12854-001;Slac_ENSLPGG00000000928	8.308052623456065e-109	2.3154793803681763e-10				Aque_Aqu2.1.44059-001;Slac_ENSLPGG00000001288	3.328730512336417e-05	2.96892106482705e-44	Aque_Aqu2.1.37774-001;Slac_ENSLPGG00000007363	7.700554024937936e-21	1.098458816519539e-06	Aque_Aqu2.1.44059-001;Slac_ENSLPGG00000002916	0.005028374037103343	1.8602628480511736e-27	Aque_Aqu2.1.43636-001;Slac_ENSLPGG00000029285	1.210463673039121e-49	0.0006954483019702004	Aque_Aqu2.1.41935-001;Slac_ENSLPGG00000024534	3.900652244068748e-22	0.0002946668225709229	Aque_Aqu2.1.27294-001;Slac_ENSLPGG00000021584	5.209276424915187e-19	1.5268177922787565e-06	Aque_Aqu2.1.41308-001;Slac_ENSLPGG00000009291	5.753577417829735e-30	3.3417076136284614e-07										Aque_Aqu2.1.21047-001;Slac_ENSLPGG00000021268	2.0042391223224744e-08	0.006222428200386769	Aque_Aqu2.1.17816-001;Slac_ENSLPGG00000006271	0.009367143325851741	6.725810871771657e-11	Aque_Aqu2.1.44245-001;Slac_ENSLPGG00000013337	0.0046844640673461375	0.0003169817591007459	Aque_Aqu2.1.17816-001;Slac_ENSLPGG00000019065	0.009367143325851741	0.006927108559854214	Aque_Aqu2.1.25867-001;Slac_ENSLPGG00000010273	2.1213248264626324e-06	2.9181703033897673e-09	Aque_Aqu2.1.31344-001;Slac_ENSLPGG00000020586	5.241073075146672e-07	4.174689950786955e-05	Aque_Aqu2.1.37895-001;Slac_ENSLPGG00000002171	1.3041098546376117e-11	4.811942582704965e-16				Aque_Aqu2.1.38596-001;Slac_ENSLPGG00000027951	4.915425379001228e-11	1.8275038755462968e-07	Aque_Aqu2.1.39760-001;Slac_ENSLPGG00000006423	2.508963196624943e-05	3.266166105766691e-05	Aque_Aqu2.1.33047-001;Slac_ENSLPGG00000015112	1.344591319154037e-14	0.00549930044633956	Aque_Aqu2.1.35211-001;Slac_ENSLPGG00000013069	1.0980787290419444e-30	1.5435674773364596e-07				Aque_Aqu2.1.23239-001;Slac_ENSLPGG00000009625	7.943361772072874e-20	5.0913304307575685e-05	Aque_Aqu2.1.39919-001;Slac_ENSLPGG00000027773	2.486254135103664e-07	1.946968380942947e-23	Aque_Aqu2.1.28223-001;Slac_ENSLPGG00000018987	1.3844036382592803e-13	0.002248795489287147	Aque_Aqu2.1.41892-001;Slac_ENSLPGG00000011839	5.2142493076430264e-14	6.871823708419816e-06	Aque_Aqu2.1.38146-001;Slac_ENSLPGG00000018774	6.387586082111135e-11	2.4166258980482844e-09				Aque_Aqu2.1.31353-001;Slac_ENSLPGG00000008965	0.00010803493139412435	8.041779839829194e-05							Aque_Aqu2.1.43289-001;Slac_ENSLPGG00000005942	0.004440306993347242	1.1627829427228654e-10			
Aque_Aqu2.1.37974-001;Slac_ENSLPGG00000010195	2.4185485011480635e-14	1.0486439829286918e-69	Aque_Aqu2.1.23425-001;Slac_ENSLPGG00000028596	2.4250333501045333e-55	0.00011284612518204165	Aque_Aqu2.1.18098-001;Slac_ENSLPGG00000007363	0.0002927017614354168	2.5366175369782438e-05	Aque_Aqu2.1.25405-001;Slac_ENSLPGG00000020148	2.7610085691748473e-15	2.0067306240305814e-18													Aque_Aqu2.1.14137-001;Slac_ENSLPGG00000018350	3.1178299804803794e-58	0.0002517678430115775				Aque_Aqu2.1.38354-001;Slac_ENSLPGG00000028953	1.1143806868995651e-101	2.305047304993447e-17	Aque_Aqu2.1.43688-001;Slac_ENSLPGG00000021584	4.4253445921185735e-29	0.0003089125655902511	Aque_Aqu2.1.25460-001;Slac_ENSLPGG00000025767	3.0459775011971462e-06	4.082142514092622e-15	Aque_Aqu2.1.33543-001;Slac_ENSLPGG00000010511	3.338337069377686e-35	7.312143658902869e-25	Aque_Aqu2.1.29951-001;Slac_ENSLPGG00000018181	7.041483357496104e-06	7.496422331427468e-29	Aque_Aqu2.1.43688-001;Slac_ENSLPGG00000021584	2.2064988080306972e-14	1.5268177922787565e-06	Aque_Aqu2.1.34889-001;Slac_ENSLPGG00000015697	1.5432351494046116e-19	0.005407530889196127										Aque_Aqu2.1.44104-001;Slac_ENSLPGG00000013154	0.004676700161059421	8.037926580122318e-21	Aque_Aqu2.1.33526-001;Slac_ENSLPGG00000027951	2.6530378615446102e-11	1.8275038755462968e-07	Aque_Aqu2.1.30867-001;Slac_ENSLPGG00000019065	8.811394793769746e-08	0.004592237966067324				Aque_Aqu2.1.24504-001;Slac_ENSLPGG00000020039	0.007919704155121277	6.67336003824043e-05	Aque_Aqu2.1.44197-001;Slac_ENSLPGG00000006271	2.2714847576806134e-31	2.6697465039007906e-06	Aque_Aqu2.1.25581-001;Slac_ENSLPGG00000026540	1.7059997107918852e-06	5.221094862122248e-101				Aque_Aqu2.1.42077-001;Slac_ENSLPGG00000024184	2.0833804932494515e-41	1.3790439628474324e-08	Aque_Aqu2.1.21248-001;Slac_ENSLPGG00000009981	2.1316785119627852e-35	3.133649304005058e-06	Aque_Aqu2.1.32519-001;Slac_ENSLPGG00000012565	1.8525926099430048e-19	0.0039334793332357	Aque_Aqu2.1.34441-001;Slac_ENSLPGG00000025832	8.94792185533382e-40	1.5416150032010595e-05				Aque_Aqu2.1.37407-001;Slac_ENSLPGG00000018774	5.959310045388851e-09	3.4238613652926317e-09	Aque_Aqu2.1.24981-001;Slac_ENSLPGG00000009456	2.7217252995401606e-14	2.941187808203476e-10	Aque_Aqu2.1.30867-001;Slac_ENSLPGG00000019065	1.3309245062395783e-20	0.008445174686407597	Aque_Aqu2.1.39916-001;Slac_ENSLPGG00000028356	2.688541540398142e-13	0.008073199099584266	Aque_Aqu2.1.31388-001;Slac_ENSLPGG00000021402	0.004760476945746735	3.140876910125486e-98				Aque_Aqu2.1.33934-001;Slac_ENSLPGG00000014966	0.0066287920109250305	0.00042512389653708975							Aque_Aqu2.1.42204-001;Slac_ENSLPGG00000024989	7.817120237222319e-25	0.00241040070878632			
Aque_Aqu2.1.31945-001;Slac_ENSLPGG00000003516	5.948924651979201e-27	0.009209934962931338	Aque_Aqu2.1.38435-001;Slac_ENSLPGG00000005083	3.2496804617101288e-21	3.3662088198379713e-09	Aque_Aqu2.1.37748-001;Slac_ENSLPGG00000010195	0.006868279958800548	8.60570589818304e-31	Aque_Aqu2.1.40665-001;Slac_ENSLPGG00000005591	8.115709961538107e-35	0.004779590448303754													Aque_Aqu2.1.43688-001;Slac_ENSLPGG00000021584	4.4253445921185735e-29	1.5359650593165695e-05				Aque_Aqu2.1.39934-001;Slac_ENSLPGG00000026505	4.277056854050607e-115	2.74102865695632e-35	Aque_Aqu2.1.35230-001;Slac_ENSLPGG00000012424	3.97530928919099e-36	2.5186576220107626e-09	Aque_Aqu2.1.29862-001;Slac_ENSLPGG00000010736	2.2336969164378487e-42	0.0007123910983002527	Aque_Aqu2.1.40739-001;Slac_ENSLPGG00000007249	3.550023227598492e-108	1.1674826591905536e-05	Aque_Aqu2.1.33950-001;Slac_ENSLPGG00000024534	4.7618654032696835e-30	0.0002946668225709229	Aque_Aqu2.1.09020-001;Slac_ENSLPGG00000018656	4.655481933408322e-37	0.009462850404499124	Aque_Aqu2.1.23425-001;Slac_ENSLPGG00000021584	5.611075888207551e-26	0.0003089125655902511										Aque_Aqu2.1.23818-001;Slac_ENSLPGG00000019389	5.427934060660114e-24	0.0005953596811574761	Aque_Aqu2.1.31388-001;Slac_ENSLPGG00000021402	0.009403421798818682	4.894697548156748e-35	Aque_Aqu2.1.34140-001;Slac_ENSLPGG00000019065	1.662739836406084e-09	0.004592237966067324				Aque_Aqu2.1.37101-001;Slac_ENSLPGG00000015112	1.5336636022433145e-08	6.110427182401843e-06	Aque_Aqu2.1.38181-001;Slac_ENSLPGG00000008996	0.0014557742047692525	6.84524996954501e-21	Aque_Aqu2.1.33448-001;Slac_ENSLPGG00000009324	5.333308141039486e-54	0.0016273209584915234				Aque_Aqu2.1.28489-001;Slac_ENSLPGG00000011327	4.787491920802856e-09	0.004116007346990355	Aque_Aqu2.1.33671-001;Slac_ENSLPGG00000008220	2.1653315935197197e-05	1.7439124872034618e-54	Aque_Aqu2.1.24004-001;Slac_ENSLPGG00000020178	0.0001801900810217783	5.984877303900408e-05	Aque_Aqu2.1.44196-001;Slac_ENSLPGG00000010506	2.9679464678834445e-05	1.263049125259277e-07				Aque_Aqu2.1.33635-001;Slac_ENSLPGG00000026194	0.00010669886911690847	1.969891307800923e-05	Aque_Aqu2.1.42762-001;Slac_ENSLPGG00000022031	1.0081478109652569e-17	6.099419038603397e-08	Aque_Aqu2.1.31551-001;Slac_ENSLPGG00000007158	0.0004550419940629617	3.092012612494674e-08	Aque_Aqu2.1.14505-001;Slac_ENSLPGG00000012981	4.1608280773534837e-17	0.00011499550597623149	Aque_Aqu2.1.23692-001;Slac_ENSLPGG00000012471	1.2841772084763492e-19	8.124978717659955e-08				Aque_Aqu2.1.36607-001;Slac_ENSLPGG00000016491	0.002175361838638174	0.0006111312004287011							Aque_Aqu2.1.38146-001;Slac_ENSLPGG00000018391	0.0033805918517154743	2.629433758799363e-06			
Aque_Aqu2.1.25460-001;Slac_ENSLPGG00000025767	1.0806839649739981e-05	4.082142514092622e-15	Aque_Aqu2.1.24263-001;Slac_ENSLPGG00000024124	6.882511556510769e-115	9.387692864502609e-09	Aque_Aqu2.1.13985-001;Slac_ENSLPGG00000020432	0.007557710813279713	0.005363564324950991	Aque_Aqu2.1.14128-001;Slac_ENSLPGG00000018181	2.4522134152092073e-15	7.496422331427468e-29													Aque_Aqu2.1.41635-001;Slac_ENSLPGG00000019527	1.35534995308407e-94	4.382697937306234e-06				Aque_Aqu2.1.41621-001;Slac_ENSLPGG00000018880	1.7335877317951547e-90	3.0440385616654108e-21	Aque_Aqu2.1.06465-001;Slac_ENSLPGG00000010731	1.1423349568697603e-06	7.790154268791738e-82	Aque_Aqu2.1.37974-001;Slac_ENSLPGG00000010195	3.1695571352348735e-06	1.0486439829286918e-69	Aque_Aqu2.1.37774-001;Slac_ENSLPGG00000008927	1.1664395148299226e-05	4.196537548175195e-39	Aque_Aqu2.1.20046-001;Slac_ENSLPGG00000008927	4.1919986784620565e-08	1.7271089191993203e-12	Aque_Aqu2.1.37748-001;Slac_ENSLPGG00000010195	0.00044414085346194607	2.1728558564461395e-216	Aque_Aqu2.1.39902-001;Slac_ENSLPGG00000021584	3.411665645470714e-24	0.0003089125655902511										Aque_Aqu2.1.17816-001;Slac_ENSLPGG00000021520	0.009367143325851741	2.3251872846171974e-12	Aque_Aqu2.1.36565-001;Slac_ENSLPGG00000011109	5.467757675960367e-08	0.0013413830707573735	Aque_Aqu2.1.31586-001;Slac_ENSLPGG00000015099	0.0003103108205526201	5.637710037603953e-09				Aque_Aqu2.1.33448-001;Slac_ENSLPGG00000011166	0.0009419018553175181	5.04182772083394e-32	Aque_Aqu2.1.17698-001;Slac_ENSLPGG00000011232	5.2765711542032776e-17	0.003325700561470039	Aque_Aqu2.1.38687-001;Slac_ENSLPGG00000023112	2.654488101058108e-41	1.2280498929779551e-08				Aque_Aqu2.1.44079-001;Slac_ENSLPGG00000025842	6.321946868532812e-06	3.740481260343118e-05	Aque_Aqu2.1.38371-001;Slac_ENSLPGG00000013669	4.3345471441267736e-40	0.002468412511541518	Aque_Aqu2.1.44676-001;Slac_ENSLPGG00000011839	0.0015947909906532027	6.871823708419816e-06	Aque_Aqu2.1.36448-001;Slac_ENSLPGG00000016741	7.601563556113623e-49	0.0008650661129371199				Aque_Aqu2.1.27258-001;Slac_ENSLPGG00000006993	4.614981215518772e-18	2.3991069477122163e-14	Aque_Aqu2.1.28301-001;Slac_ENSLPGG00000025835	2.4420291072502505e-07	7.85761304520845e-10	Aque_Aqu2.1.43267-001;Slac_ENSLPGG00000027461	3.1038449995845004e-09	0.0044535470809418595	Aque_Aqu2.1.33443-001;Slac_ENSLPGG00000007525	4.986367745258103e-05	3.9611081585269763e-32	Aque_Aqu2.1.25769-001;Slac_ENSLPGG00000008220	3.2643039449818794e-11	2.790707462165623e-142				Aque_Aqu2.1.35074-001;Slac_ENSLPGG00000008965	0.002716392470343695	8.041779839829194e-05							Aque_Aqu2.1.28194-001;Slac_ENSLPGG00000013036	0.0045912394646443755	7.031220144791269e-26			
Aque_Aqu2.1.28093-001;Slac_ENSLPGG00000004444	1.2716002791260598e-16	0.0005356625867588471	Aque_Aqu2.1.41072-001;Slac_ENSLPGG00000022242	1.4923901171103289e-15	7.582033670849832e-18				Aque_Aqu2.1.25862-001;Slac_ENSLPGG00000018181	1.4164840831138878e-69	7.496422331427468e-29													Aque_Aqu2.1.33543-001;Slac_ENSLPGG00000010511	2.8949349109542336e-49	1.1958762228848814e-22				Aque_Aqu2.1.14207-001;Slac_ENSLPGG00000010983	4.846865897652857e-15	9.834982668604445e-20	Aque_Aqu2.1.41587-001;Slac_ENSLPGG00000027899	6.284211007424334e-22	2.6828634273185702e-05	Aque_Aqu2.1.30395-001;Slac_ENSLPGG00000011626	5.308399926319828e-05	4.963128665858961e-135	Aque_Aqu2.1.18098-001;Slac_ENSLPGG00000005401	0.00010510904740299329	4.653768747135923e-110	Aque_Aqu2.1.41308-001;Slac_ENSLPGG00000009291	5.753577417829735e-30	4.448179773486513e-08	Aque_Aqu2.1.30395-001;Slac_ENSLPGG00000011626	5.308399926319828e-05	1.4383957330466857e-179	Aque_Aqu2.1.24541-001;Slac_ENSLPGG00000010551	4.269959417785132e-67	1.810257039536341e-05										Aque_Aqu2.1.39672-001;Slac_ENSLPGG00000022031	6.3157949007109966e-09	9.300342416746377e-05	Aque_Aqu2.1.01979-001;Slac_ENSLPGG00000007158	0.007012591066954428	2.0838815629998246e-20	Aque_Aqu2.1.38683-001;Slac_ENSLPGG00000013337	0.002171373567225803	0.0003169817591007459				Aque_Aqu2.1.01979-001;Slac_ENSLPGG00000007158	0.007012591066954428	1.965018913530473e-21	Aque_Aqu2.1.28492-001;Slac_ENSLPGG00000009453	1.0134123622564161e-101	1.7240464628282283e-09	Aque_Aqu2.1.33612-001;Slac_ENSLPGG00000016891	2.364364427309774e-10	2.9258653159556866e-05				Aque_Aqu2.1.17816-001;Slac_ENSLPGG00000007158	1.1230267612856121e-05	2.0838815629998246e-20	Aque_Aqu2.1.44009-001;Slac_ENSLPGG00000020586	3.403777570357306e-09	4.174689950786955e-05	Aque_Aqu2.1.20108-001;Slac_ENSLPGG00000019235	0.0001996471342094305	0.00984537958623019	Aque_Aqu2.1.33047-001;Slac_ENSLPGG00000012471	1.344591319154037e-14	8.124978717659955e-08				Aque_Aqu2.1.38560-001;Slac_ENSLPGG00000006923	1.0497286366750963e-20	4.281774508540483e-08	Aque_Aqu2.1.41482-001;Slac_ENSLPGG00000007158	2.257130122823816e-08	2.3171329481883538e-23	Aque_Aqu2.1.42203-001;Slac_ENSLPGG00000021186	0.00045457418849529025	2.411558428950339e-13	Aque_Aqu2.1.23692-001;Slac_ENSLPGG00000015112	1.2841772084763492e-19	0.00549930044633956	Aque_Aqu2.1.40738-001;Slac_ENSLPGG00000023276	6.218782870818954e-08	5.006232055107248e-07				Aque_Aqu2.1.43699-001;Slac_ENSLPGG00000023764	0.006181496810058212	4.716362101857494e-16							Aque_Aqu2.1.18818-001;Slac_ENSLPGG00000000564	1.3238364383206064e-05	3.918629082506975e-07			
Aque_Aqu2.1.29862-001;Slac_ENSLPGG00000010736	2.860168744556222e-56	0.0007123910983002527	Aque_Aqu2.1.09020-001;Slac_ENSLPGG00000018656	2.4943909941102765e-84	6.855527818224849e-06				Aque_Aqu2.1.27294-001;Slac_ENSLPGG00000024534	6.379913106281972e-32	0.0002946668225709229													Aque_Aqu2.1.39147-001;Slac_ENSLPGG00000029327	2.5070991514612063e-37	0.0004992817216413753				Aque_Aqu2.1.24541-001;Slac_ENSLPGG00000010551	2.344168441479099e-143	6.172796168552728e-06	Aque_Aqu2.1.40665-001;Slac_ENSLPGG00000018877	8.115709961538107e-35	0.007645655239505067	Aque_Aqu2.1.14853-001;Slac_ENSLPGG00000014669	0.008568034336142479	1.3685670620374595e-29	Aque_Aqu2.1.43688-001;Slac_ENSLPGG00000021584	2.2064988080306972e-14	6.413530410769873e-10	Aque_Aqu2.1.41072-001;Slac_ENSLPGG00000022242	1.7830501497038112e-11	0.00015899456075697585	Aque_Aqu2.1.38191-001;Slac_ENSLPGG00000001288	0.0010813743481752497	2.96892106482705e-44	Aque_Aqu2.1.20046-001;Slac_ENSLPGG00000010168	4.1919986784620565e-08	1.0828740980594065e-06										Aque_Aqu2.1.25867-001;Slac_ENSLPGG00000010273	2.1213248264626324e-06	1.4736923783815982e-11	Aque_Aqu2.1.17816-001;Slac_ENSLPGG00000001139	0.009367143325851741	1.364164359996385e-34	Aque_Aqu2.1.43365-001;Slac_ENSLPGG00000022615	0.002191564312746992	0.0005822039373777532				Aque_Aqu2.1.34140-001;Slac_ENSLPGG00000001139	1.662739836406084e-09	4.69500827060743e-21	Aque_Aqu2.1.44272-001;Slac_ENSLPGG00000018717	1.6919172641007818e-39	0.003382967777248983	Aque_Aqu2.1.22786-001;Slac_ENSLPGG00000017086	1.95365976202051e-08	5.011464522643092e-11				Aque_Aqu2.1.35503-001;Slac_ENSLPGG00000001761	6.524992042139891e-05	4.00309843862439e-15	Aque_Aqu2.1.41326-001;Slac_ENSLPGG00000020586	8.106435070196684e-12	4.174689950786955e-05	Aque_Aqu2.1.36296-001;Slac_ENSLPGG00000028356	2.2413866662193796e-08	0.008073199099584266	Aque_Aqu2.1.28489-001;Slac_ENSLPGG00000009116	4.787491920802856e-09	1.187914787539918e-27				Aque_Aqu2.1.40738-001;Slac_ENSLPGG00000014205	6.218782870818954e-08	8.529006203565522e-47	Aque_Aqu2.1.41892-001;Slac_ENSLPGG00000007525	5.2142493076430264e-14	3.993170464153228e-16	Aque_Aqu2.1.44139-001;Slac_ENSLPGG00000009116	0.0013345187120564206	5.930858528443236e-08	Aque_Aqu2.1.36779-001;Slac_ENSLPGG00000020178	2.0751669503159548e-16	5.984877303900408e-05	Aque_Aqu2.1.41190-001;Slac_ENSLPGG00000014697	3.070020325785256e-26	2.655527233495173e-06				Aque_Aqu2.1.39784-001;Slac_ENSLPGG00000012945	0.007948759501957106	9.910864390936659e-20							Aque_Aqu2.1.33091-001;Slac_ENSLPGG00000026391	0.006438850521977652	3.1216404839785876e-07			
Aque_Aqu2.1.38316-001;Slac_ENSLPGG00000017820	0.007366257446536482	1.4294403635756786e-45	Aque_Aqu2.1.40409-001;Slac_ENSLPGG00000002404	2.5626223762526347e-95	5.802323027126559e-16				Aque_Aqu2.1.33574-001;Slac_ENSLPGG00000021720	1.1841602777534483e-14	0.0002854178831529985													Aque_Aqu2.1.27294-001;Slac_ENSLPGG00000021584	6.379913106281972e-32	1.5359650593165695e-05				Aque_Aqu2.1.38196-001;Slac_ENSLPGG00000018877	2.7056507229478046e-24	1.805147948244949e-05	Aque_Aqu2.1.40665-001;Slac_ENSLPGG00000005591	8.115709961538107e-35	0.0029986933692681596	Aque_Aqu2.1.13985-001;Slac_ENSLPGG00000020432	0.004002472593160568	2.0129618695178167e-63	Aque_Aqu2.1.36440-001;Slac_ENSLPGG00000023162	1.870813149542384e-64	4.8549444338067336e-08	Aque_Aqu2.1.37774-001;Slac_ENSLPGG00000005401	1.1664395148299226e-05	8.223884250027323e-36	Aque_Aqu2.1.38366-001;Slac_ENSLPGG00000021584	2.353359925872487e-15	1.5268177922787565e-06	Aque_Aqu2.1.32963-001;Slac_ENSLPGG00000006527	2.9162340212875285e-55	9.499673204054942e-05										Aque_Aqu2.1.42777-001;Slac_ENSLPGG00000002863	0.0035615299341942995	0.0006982260484209229	Aque_Aqu2.1.39672-001;Slac_ENSLPGG00000021127	6.3157949007109966e-09	0.009342612883849542	Aque_Aqu2.1.17816-001;Slac_ENSLPGG00000021520	0.009367143325851741	0.008152652185200318				Aque_Aqu2.1.42093-001;Slac_ENSLPGG00000011166	0.0013541819202391105	5.04182772083394e-32	Aque_Aqu2.1.37101-001;Slac_ENSLPGG00000010273	6.194430517240804e-07	1.4331754929585277e-12	Aque_Aqu2.1.41054-001;Slac_ENSLPGG00000021479	6.487053572333253e-52	0.003708908431597192				Aque_Aqu2.1.43540-001;Slac_ENSLPGG00000025842	3.534170415031876e-08	3.740481260343118e-05	Aque_Aqu2.1.41583-001;Slac_ENSLPGG00000001761	1.075194399407091e-28	5.837025646251024e-10	Aque_Aqu2.1.17816-001;Slac_ENSLPGG00000007158	1.1230267612856121e-05	1.3921670430557845e-07	Aque_Aqu2.1.28723-001;Slac_ENSLPGG00000020504	1.86809927452442e-18	0.0006301460132175903				Aque_Aqu2.1.24884-001;Slac_ENSLPGG00000016023	2.088362072783549e-50	5.94045764611003e-58	Aque_Aqu2.1.42077-001;Slac_ENSLPGG00000024184	2.5024776515125946e-13	1.807251628799892e-11	Aque_Aqu2.1.33536-001;Slac_ENSLPGG00000026185	0.007328848895594257	0.004154972720071218	Aque_Aqu2.1.42065-001;Slac_ENSLPGG00000022563	5.305955151225863e-07	6.8943750857258504e-09	Aque_Aqu2.1.31388-001;Slac_ENSLPGG00000009899	0.004760476945746735	3.9284303996595296e-27				Aque_Aqu2.1.42038-001;Slac_ENSLPGG00000004661	0.0014399152234147294	0.00014338362437445363							Aque_Aqu2.1.22809-001;Slac_ENSLPGG00000017293	5.337826108275082e-06	1.2392350611224024e-08			
Aque_Aqu2.1.43334-001;Slac_ENSLPGG00000007985	1.0309244865485303e-07	4.027629479772916e-09	Aque_Aqu2.1.39902-001;Slac_ENSLPGG00000006356	9.107093425514649e-48	0.00011946821970550475				Aque_Aqu2.1.36105-001;Slac_ENSLPGG00000011075	8.927728054109878e-36	0.0019043877830186178													Aque_Aqu2.1.14137-001;Slac_ENSLPGG00000006881	3.1178299804803794e-58	0.0019243758484575122				Aque_Aqu2.1.31194-001;Slac_ENSLPGG00000008469	9.479286352586293e-109	1.8018412001204523e-48	Aque_Aqu2.1.14207-001;Slac_ENSLPGG00000010983	4.846865897652857e-15	0.0002724690223837942	Aque_Aqu2.1.32963-001;Slac_ENSLPGG00000006527	2.9162340212875285e-55	2.7593537506453672e-08	Aque_Aqu2.1.40908-001;Slac_ENSLPGG00000015371	2.5432621050748296e-88	0.0009489934237482608	Aque_Aqu2.1.23425-001;Slac_ENSLPGG00000024534	5.611075888207551e-26	0.0002946668225709229	Aque_Aqu2.1.44059-001;Slac_ENSLPGG00000001288	0.005028374037103343	2.96892106482705e-44	Aque_Aqu2.1.25405-001;Slac_ENSLPGG00000020148	1.4898002779454198e-09	8.363253365300092e-09										Aque_Aqu2.1.39672-001;Slac_ENSLPGG00000021127	6.3157949007109966e-09	0.00026020690407486225	Aque_Aqu2.1.30867-001;Slac_ENSLPGG00000007158	8.811394793769746e-08	2.0838815629998246e-20	Aque_Aqu2.1.34441-001;Slac_ENSLPGG00000010736	0.0034208755669669134	1.2664158827925261e-08				Aque_Aqu2.1.42151-001;Slac_ENSLPGG00000021186	0.0002867980365569547	3.5927119594215055e-24	Aque_Aqu2.1.34138-001;Slac_ENSLPGG00000001139	1.2656438086926812e-05	8.419665194249147e-35	Aque_Aqu2.1.39162-001;Slac_ENSLPGG00000012055	1.1576352078665665e-55	0.0013159312919552733				Aque_Aqu2.1.44214-001;Slac_ENSLPGG00000015655	3.0665856474314364e-10	2.5317165897381096e-09	Aque_Aqu2.1.28492-001;Slac_ENSLPGG00000009116	1.2990573900827222e-105	3.098026050711895e-06	Aque_Aqu2.1.25608-001;Slac_ENSLPGG00000004269	5.700062912418236e-05	9.88252040491545e-05	Aque_Aqu2.1.43551-001;Slac_ENSLPGG00000007525	1.0046936470645059e-10	2.4280532106859597e-36				Aque_Aqu2.1.08677-001;Slac_ENSLPGG00000015888	7.208488648075431e-16	7.523245071031996e-10	Aque_Aqu2.1.24884-001;Slac_ENSLPGG00000016023	2.088362072783549e-50	1.1789178520790766e-50	Aque_Aqu2.1.28497-001;Slac_ENSLPGG00000009116	6.265744639493593e-06	5.930858528443236e-08	Aque_Aqu2.1.07545-001;Slac_ENSLPGG00000029433	0.009147084110062452	1.0533315788416058e-17	Aque_Aqu2.1.40738-001;Slac_ENSLPGG00000014205	6.218782870818954e-08	4.187308454203387e-25				Aque_Aqu2.1.31911-001;Slac_ENSLPGG00000002336	9.01497892519821e-05	0.0016442130005784117							Aque_Aqu2.1.42693-001;Slac_ENSLPGG00000003239	5.036351134363364e-08	9.769992645110384e-09			
Aque_Aqu2.1.31388-001;Slac_ENSLPGG00000002802	0.0006755546556821743	4.350965231521342e-58	Aque_Aqu2.1.39902-001;Slac_ENSLPGG00000028596	9.107093425514649e-48	0.00011284612518204165				Aque_Aqu2.1.08202-001;Slac_ENSLPGG00000021720	1.1705734604072884e-09	0.0002854178831529985													Aque_Aqu2.1.38196-001;Slac_ENSLPGG00000018877	2.7056507229478046e-24	1.7074539375803793e-05				Aque_Aqu2.1.36280-001;Slac_ENSLPGG00000026756	3.288773730928107e-103	7.439927040741268e-23	Aque_Aqu2.1.33574-001;Slac_ENSLPGG00000021720	1.1841602777534483e-14	0.0004770420411203787	Aque_Aqu2.1.37748-001;Slac_ENSLPGG00000010195	0.00044414085346194607	1.0486439829286918e-69	Aque_Aqu2.1.25578-001;Slac_ENSLPGG00000008029	3.74756323538054e-20	1.9591747644827683e-05	Aque_Aqu2.1.06465-001;Slac_ENSLPGG00000010731	4.271173516306627e-06	5.5460858294258525e-49	Aque_Aqu2.1.33543-001;Slac_ENSLPGG00000028631	3.338337069377686e-35	2.6320141341535595e-33	Aque_Aqu2.1.35059-001;Slac_ENSLPGG00000029417	1.5620453396581136e-08	9.71447407075223e-10										Aque_Aqu2.1.43788-001;Slac_ENSLPGG00000012981	1.2849197808890718e-08	3.131393800435421e-11	Aque_Aqu2.1.23247-001;Slac_ENSLPGG00000013844	1.1200245995874174e-06	6.327972765092445e-45	Aque_Aqu2.1.34441-001;Slac_ENSLPGG00000025832	0.0034208755669669134	8.851924786305355e-06				Aque_Aqu2.1.24987-001;Slac_ENSLPGG00000011151	1.6948309903525678e-12	0.0012618791393844077	Aque_Aqu2.1.40721-001;Slac_ENSLPGG00000007294	5.988371027327689e-13	2.430221846881954e-15	Aque_Aqu2.1.25858-001;Slac_ENSLPGG00000013166	5.683206485678387e-42	0.0010463282696080594				Aque_Aqu2.1.38687-001;Slac_ENSLPGG00000023112	2.654488101058108e-41	0.0002511069236736297	Aque_Aqu2.1.39593-001;Slac_ENSLPGG00000000696	1.0415950099465564e-25	5.830310343059631e-06	Aque_Aqu2.1.44197-001;Slac_ENSLPGG00000019065	1.6113923010411783e-24	0.006927108559854214	Aque_Aqu2.1.23244-001;Slac_ENSLPGG00000014386	1.0885934844745446e-29	5.849415967300882e-13				Aque_Aqu2.1.28489-001;Slac_ENSLPGG00000009116	1.2639077541595553e-28	6.14592868531139e-18	Aque_Aqu2.1.31551-001;Slac_ENSLPGG00000006271	0.0004550419940629617	3.1018371628481413e-06	Aque_Aqu2.1.41653-001;Slac_ENSLPGG00000016670	5.400992414490759e-06	0.005723433143691174	Aque_Aqu2.1.24884-001;Slac_ENSLPGG00000016023	2.088362072783549e-50	2.1332530687575003e-21	Aque_Aqu2.1.44243-001;Slac_ENSLPGG00000021186	2.5819489532558422e-23	3.5927119594215055e-24				Aque_Aqu2.1.28239-001;Slac_ENSLPGG00000022242	0.0012978745858962025	5.05236251247651e-12							Aque_Aqu2.1.24504-001;Slac_ENSLPGG00000019760	0.0006336401978422196	2.3458916270053718e-05			
Aque_Aqu2.1.28078-001;Slac_ENSLPGG00000010195	6.696460884889418e-10	1.0486439829286918e-69	Aque_Aqu2.1.33543-001;Slac_ENSLPGG00000010511	2.8949349109542336e-49	7.312143658902869e-25				Aque_Aqu2.1.37774-001;Slac_ENSLPGG00000007363	7.700554024937936e-21	3.4576240635341516e-06													Aque_Aqu2.1.04943-001;Slac_ENSLPGG00000000928	1.7992188705826774e-46	2.3154793803681763e-10				Aque_Aqu2.1.28078-001;Slac_ENSLPGG00000010195	6.696460884889418e-10	2.1728558564461395e-216	Aque_Aqu2.1.37627-001;Slac_ENSLPGG00000026511	6.441016235742463e-15	1.1369671478094414e-05	Aque_Aqu2.1.44059-001;Slac_ENSLPGG00000001288	0.005028374037103343	4.0556484159166975e-43	Aque_Aqu2.1.27224-001;Slac_ENSLPGG00000026851	4.73010969370581e-25	3.1378676356872758e-09	Aque_Aqu2.1.37774-001;Slac_ENSLPGG00000008927	1.1664395148299226e-05	1.7271089191993203e-12	Aque_Aqu2.1.24541-001;Slac_ENSLPGG00000010551	4.269959417785132e-67	6.172796168552728e-06	Aque_Aqu2.1.18098-001;Slac_ENSLPGG00000005401	0.00010510904740299329	5.984830996195444e-31										Aque_Aqu2.1.29897-001;Slac_ENSLPGG00000020706	1.4875472874532206e-11	0.00016618681967649416	Aque_Aqu2.1.38752-001;Slac_ENSLPGG00000013069	2.5967541173213717e-13	2.228833167443332e-21	Aque_Aqu2.1.31388-001;Slac_ENSLPGG00000001057	0.009403421798818682	0.004855931232394134				Aque_Aqu2.1.34140-001;Slac_ENSLPGG00000007158	1.662739836406084e-09	1.965018913530473e-21	Aque_Aqu2.1.33671-001;Slac_ENSLPGG00000008220	2.064077112875498e-08	1.7439124872034618e-54	Aque_Aqu2.1.33047-001;Slac_ENSLPGG00000012471	1.344591319154037e-14	3.25051042436473e-08				Aque_Aqu2.1.25858-001;Slac_ENSLPGG00000012471	5.683206485678387e-42	0.0005192764684538317	Aque_Aqu2.1.40721-001;Slac_ENSLPGG00000007294	6.480477457075271e-06	2.430221846881954e-15	Aque_Aqu2.1.31344-001;Slac_ENSLPGG00000018774	2.897711481146304e-06	0.0059141423288884215	Aque_Aqu2.1.31386-001;Slac_ENSLPGG00000003257	1.9939436211890793e-10	0.001250523866460406				Aque_Aqu2.1.43987-001;Slac_ENSLPGG00000002394	3.283156008267793e-06	1.221392526032047e-23	Aque_Aqu2.1.14505-001;Slac_ENSLPGG00000012981	4.1608280773534837e-17	1.3335247027011732e-14	Aque_Aqu2.1.43982-001;Slac_ENSLPGG00000025832	0.00026536629051856613	0.0012720284587831403	Aque_Aqu2.1.44139-001;Slac_ENSLPGG00000009116	0.0013345187120564206	2.486235618856327e-14	Aque_Aqu2.1.35781-001;Slac_ENSLPGG00000016523	0.0016572738315866653	4.931625755713096e-10				Aque_Aqu2.1.28239-001;Slac_ENSLPGG00000020387	0.0012978745858962025	1.426037482103243e-13							Aque_Aqu2.1.39784-001;Slac_ENSLPGG00000012945	0.00499087858669987	9.910864390936659e-20			
Aque_Aqu2.1.43995-001;Slac_ENSLPGG00000002394	0.0011706263356069905	1.2937479835425587e-20	Aque_Aqu2.1.36105-001;Slac_ENSLPGG00000011075	8.927728054109878e-36	0.0003488260109053289				Aque_Aqu2.1.24985-001;Slac_ENSLPGG00000008927	2.648227574502731e-19	1.7271089191993203e-12													Aque_Aqu2.1.28570-001;Slac_ENSLPGG00000017185	6.837768357397875e-22	3.4210905160115485e-15				Aque_Aqu2.1.25405-001;Slac_ENSLPGG00000020148	2.7610085691748473e-15	2.4461343453796475e-20	Aque_Aqu2.1.25405-001;Slac_ENSLPGG00000020148	2.7610085691748473e-15	8.363253365300092e-09	Aque_Aqu2.1.28093-001;Slac_ENSLPGG00000004444	1.6592015589101466e-07	0.0005356625867588471	Aque_Aqu2.1.28194-001;Slac_ENSLPGG00000013036	5.413732422862782e-38	0.0007886851128307712	Aque_Aqu2.1.35059-001;Slac_ENSLPGG00000029417	1.5620453396581136e-08	1.788872151034204e-11	Aque_Aqu2.1.37774-001;Slac_ENSLPGG00000005401	1.1664395148299226e-05	2.3421129342282908e-26	Aque_Aqu2.1.37974-001;Slac_ENSLPGG00000010195	3.1695571352348735e-06	2.896743808193686e-104										Aque_Aqu2.1.32548-001;Slac_ENSLPGG00000016891	0.0016118061765567644	2.9258653159556866e-05	Aque_Aqu2.1.34140-001;Slac_ENSLPGG00000007158	1.662739836406084e-09	2.0838815629998246e-20	Aque_Aqu2.1.44140-001;Slac_ENSLPGG00000009116	8.885562534779468e-10	2.3440959155135562e-14				Aque_Aqu2.1.30867-001;Slac_ENSLPGG00000007158	8.811394793769746e-08	1.965018913530473e-21	Aque_Aqu2.1.25608-001;Slac_ENSLPGG00000004269	4.085609278150581e-12	2.8577770605734596e-05	Aque_Aqu2.1.30070-001;Slac_ENSLPGG00000017733	1.1819769024332244e-85	0.00868834857877882				Aque_Aqu2.1.28492-001;Slac_ENSLPGG00000009116	1.2990573900827222e-105	0.001396822626426671	Aque_Aqu2.1.30289-001;Slac_ENSLPGG00000025722	0.00015014791121613838	1.3456439192448823e-08	Aque_Aqu2.1.18863-001;Slac_ENSLPGG00000007002	1.2590207899422746e-08	0.0011890610456810038	Aque_Aqu2.1.28489-001;Slac_ENSLPGG00000011327	4.787491920802856e-09	0.002660359306382542				Aque_Aqu2.1.40376-001;Slac_ENSLPGG00000001593	5.626029519789693e-17	2.5763939547526627e-12	Aque_Aqu2.1.24276-001;Slac_ENSLPGG00000022619	2.486556444344543e-15	0.0003943835124158023	Aque_Aqu2.1.41482-001;Slac_ENSLPGG00000019065	2.257130122823816e-08	0.008445174686407597	Aque_Aqu2.1.41962-001;Slac_ENSLPGG00000024858	1.6536677389112207e-06	3.3173362484608238e-09	Aque_Aqu2.1.42762-001;Slac_ENSLPGG00000013283	1.0081478109652569e-17	3.255600133488331e-09				Aque_Aqu2.1.07580-001;Slac_ENSLPGG00000019930	0.006843707059086549	1.2224987601277958e-07							Aque_Aqu2.1.28194-001;Slac_ENSLPGG00000012945	0.0045912394646443755	9.910864390936659e-20			
Aque_Aqu2.1.30833-001;Slac_ENSLPGG00000019944	0.001936844846956756	3.373006946543885e-07	Aque_Aqu2.1.14207-001;Slac_ENSLPGG00000010983	4.846865897652857e-15	5.577151150106159e-13				Aque_Aqu2.1.37974-001;Slac_ENSLPGG00000010195	2.4185485011480635e-14	2.141499075369723e-85													Aque_Aqu2.1.09762-001;Slac_ENSLPGG00000011626	2.728546897831895e-124	5.951518931550513e-09				Aque_Aqu2.1.30395-001;Slac_ENSLPGG00000011626	6.234964103978512e-06	1.4383957330466857e-179	Aque_Aqu2.1.27294-001;Slac_ENSLPGG00000021584	6.379913106281972e-32	0.0003089125655902511	Aque_Aqu2.1.28078-001;Slac_ENSLPGG00000010195	0.0032311787609289023	1.0486439829286918e-69	Aque_Aqu2.1.27294-001;Slac_ENSLPGG00000024534	5.209276424915187e-19	8.111986096029365e-09	Aque_Aqu2.1.18098-001;Slac_ENSLPGG00000005401	0.00010510904740299329	8.223884250027323e-36	Aque_Aqu2.1.25405-001;Slac_ENSLPGG00000020148	1.4898002779454198e-09	2.4461343453796475e-20	Aque_Aqu2.1.27294-001;Slac_ENSLPGG00000021584	5.209276424915187e-19	0.0003089125655902511										Aque_Aqu2.1.24987-001;Slac_ENSLPGG00000011151	1.6948309903525678e-12	0.0006790935580631603	Aque_Aqu2.1.42687-001;Slac_ENSLPGG00000001971	6.647976170810761e-13	0.0009435786324523421	Aque_Aqu2.1.43353-001;Slac_ENSLPGG00000008404	0.0009101416768829036	0.0017414619888744768				Aque_Aqu2.1.41660-001;Slac_ENSLPGG00000015815	0.00678209924781447	2.175764247134786e-07	Aque_Aqu2.1.16006-001;Slac_ENSLPGG00000013274	1.782678476637719e-08	1.0720818351695422e-11	Aque_Aqu2.1.42183-001;Slac_ENSLPGG00000015655	3.3931647854373665e-10	1.5732646119188781e-15				Aque_Aqu2.1.41583-001;Slac_ENSLPGG00000030274	1.075194399407091e-28	0.001075113615995719	Aque_Aqu2.1.28493-001;Slac_ENSLPGG00000009116	4.321453769502233e-21	3.098026050711895e-06	Aque_Aqu2.1.13800-001;Slac_ENSLPGG00000009267	0.0018692337907015642	0.0037727684398161368	Aque_Aqu2.1.40721-001;Slac_ENSLPGG00000007294	6.480477457075271e-06	7.821178948085543e-16				Aque_Aqu2.1.37486-001;Slac_ENSLPGG00000008996	5.791765336917085e-10	5.146308428844976e-15	Aque_Aqu2.1.43252-001;Slac_ENSLPGG00000025032	1.118841022757129e-86	0.006542027272199874	Aque_Aqu2.1.40827-001;Slac_ENSLPGG00000013093	0.004363203127297335	0.005143381651717037	Aque_Aqu2.1.25769-001;Slac_ENSLPGG00000008220	3.2643039449818794e-11	3.0436877260285724e-40	Aque_Aqu2.1.42093-001;Slac_ENSLPGG00000011166	0.0006886285707111513	5.04182772083394e-32				Aque_Aqu2.1.43623-001;Slac_ENSLPGG00000012945	0.005617868088624236	9.910864390936659e-20							Aque_Aqu2.1.36284-001;Slac_ENSLPGG00000025799	0.0008833769211785781	8.167566057359909e-13			
Aque_Aqu2.1.13985-001;Slac_ENSLPGG00000020432	0.007557710813279713	2.0129618695178167e-63	Aque_Aqu2.1.44138-001;Slac_ENSLPGG00000009965	8.430793710552281e-94	2.0806625497661933e-14				Aque_Aqu2.1.37774-001;Slac_ENSLPGG00000022242	7.700554024937936e-21	0.00015899456075697585													Aque_Aqu2.1.28647-001;Slac_ENSLPGG00000010538	1.7976193812861958e-143	8.501945516696189e-13				Aque_Aqu2.1.37818-001;Slac_ENSLPGG00000010551	1.1042169105070999e-65	6.172796168552728e-06	Aque_Aqu2.1.08202-001;Slac_ENSLPGG00000021720	1.1705734604072884e-09	0.0004770420411203787	Aque_Aqu2.1.43251-001;Slac_ENSLPGG00000027461	0.002336621506172228	5.668657897950773e-08	Aque_Aqu2.1.27010-001;Slac_ENSLPGG00000000546	4.41651802264221e-27	8.768903459307528e-05	Aque_Aqu2.1.27294-001;Slac_ENSLPGG00000024534	5.209276424915187e-19	0.0002946668225709229	Aque_Aqu2.1.34878-001;Slac_ENSLPGG00000018350	1.2375873514274677e-13	8.772695547919577e-06	Aque_Aqu2.1.14207-001;Slac_ENSLPGG00000010983	4.825359325182867e-10	0.0002724690223837942										Aque_Aqu2.1.42151-001;Slac_ENSLPGG00000008996	0.0002867980365569547	1.5171894313138206e-05	Aque_Aqu2.1.41482-001;Slac_ENSLPGG00000019065	2.2364060071655327e-10	5.413313929192906e-06	Aque_Aqu2.1.39703-001;Slac_ENSLPGG00000021186	8.926042219776161e-05	1.220442759122435e-24				Aque_Aqu2.1.32548-001;Slac_ENSLPGG00000022031	0.0016118061765567644	0.00010266030155833447	Aque_Aqu2.1.30070-001;Slac_ENSLPGG00000017733	1.3565713670798038e-39	0.002669192513835785	Aque_Aqu2.1.33612-001;Slac_ENSLPGG00000013283	2.364364427309774e-10	2.6704193679793666e-05				Aque_Aqu2.1.43984-001;Slac_ENSLPGG00000002394	5.614857868454323e-142	1.2624455340248748e-06	Aque_Aqu2.1.36223-001;Slac_ENSLPGG00000025854	1.4394008307679529e-11	2.273758825669521e-07	Aque_Aqu2.1.21492-001;Slac_ENSLPGG00000027633	5.352416678551809e-06	0.005241699704973922	Aque_Aqu2.1.33448-001;Slac_ENSLPGG00000009324	5.333308141039486e-54	0.0032146804795755626				Aque_Aqu2.1.41520-001;Slac_ENSLPGG00000018774	4.988517977277189e-10	3.4238613652926317e-09	Aque_Aqu2.1.31388-001;Slac_ENSLPGG00000021402	0.004760476945746735	1.6974236185946167e-34	Aque_Aqu2.1.22423-001;Slac_ENSLPGG00000008996	0.003331405344316412	1.8020173989883424e-05	Aque_Aqu2.1.28497-001;Slac_ENSLPGG00000009453	6.265744639493593e-06	1.297346950394959e-07	Aque_Aqu2.1.30867-001;Slac_ENSLPGG00000007158	1.3309245062395783e-20	1.965018913530473e-21				Aque_Aqu2.1.31017-001;Slac_ENSLPGG00000027609	0.008433211035756423	4.4008904291681817e-10							Aque_Aqu2.1.39968-001;Slac_ENSLPGG00000012400	6.964909690424107e-06	0.00019458795936167677			
Aque_Aqu2.1.43252-001;Slac_ENSLPGG00000027461	7.204283024959723e-21	5.668657897950773e-08	Aque_Aqu2.1.43688-001;Slac_ENSLPGG00000006356	4.4253445921185735e-29	0.00011946821970550475				Aque_Aqu2.1.28239-001;Slac_ENSLPGG00000022242	5.769546964194492e-21	0.00015899456075697585													Aque_Aqu2.1.18692-001;Slac_ENSLPGG00000021862	1.8143969612667923e-88	1.6021372332166016e-10				Aque_Aqu2.1.09020-001;Slac_ENSLPGG00000018656	2.4943909941102765e-84	0.009462850404499124	Aque_Aqu2.1.36280-001;Slac_ENSLPGG00000026756	3.288773730928107e-103	0.0005920260705566722	Aque_Aqu2.1.43334-001;Slac_ENSLPGG00000007985	0.002320939977324857	4.027629479772916e-09	Aque_Aqu2.1.38366-001;Slac_ENSLPGG00000021584	2.353359925872487e-15	6.413530410769873e-10	Aque_Aqu2.1.43688-001;Slac_ENSLPGG00000024534	2.2064988080306972e-14	0.0002946668225709229	Aque_Aqu2.1.33572-001;Slac_ENSLPGG00000024781	0.00021610473808980914	4.085997452647564e-51	Aque_Aqu2.1.43688-001;Slac_ENSLPGG00000021584	2.2064988080306972e-14	0.0003089125655902511										Aque_Aqu2.1.37914-001;Slac_ENSLPGG00000012700	0.00026185190976069257	0.003745087550576914	Aque_Aqu2.1.25867-001;Slac_ENSLPGG00000010273	2.1213248264626324e-06	2.2568325936102162e-05	Aque_Aqu2.1.17816-001;Slac_ENSLPGG00000019065	0.009367143325851741	0.004592237966067324				Aque_Aqu2.1.32548-001;Slac_ENSLPGG00000021127	0.0016118061765567644	0.00037730423206785676	Aque_Aqu2.1.35503-001;Slac_ENSLPGG00000030274	2.462783846913317e-07	1.90995439367809e-08	Aque_Aqu2.1.43267-001;Slac_ENSLPGG00000017003	8.90115453538391e-10	0.0010648454651062261				Aque_Aqu2.1.23389-001;Slac_ENSLPGG00000008987	1.181117757917774e-23	0.005751196968137072	Aque_Aqu2.1.44272-001;Slac_ENSLPGG00000018717	9.234495939940152e-23	0.003382967777248983	Aque_Aqu2.1.28791-001;Slac_ENSLPGG00000017856	1.7507652001105744e-08	0.004658545557507437	Aque_Aqu2.1.42183-001;Slac_ENSLPGG00000015655	3.3931647854373665e-10	1.160234898039516e-18				Aque_Aqu2.1.26973-001;Slac_ENSLPGG00000026194	1.8757648248382616e-05	1.969891307800923e-05	Aque_Aqu2.1.27258-001;Slac_ENSLPGG00000006993	4.614981215518772e-18	9.559888593803473e-09	Aque_Aqu2.1.22984-001;Slac_ENSLPGG00000003607	0.0011070273067554314	0.00400308024856943	Aque_Aqu2.1.29714-001;Slac_ENSLPGG00000007325	7.391576077219849e-08	2.0185029076047123e-05	Aque_Aqu2.1.27258-001;Slac_ENSLPGG00000006993	4.614981215518772e-18	2.605529624418305e-29				Aque_Aqu2.1.28069-001;Slac_ENSLPGG00000007421	2.708329690823538e-05	0.00014289544124810024							Aque_Aqu2.1.14505-001;Slac_ENSLPGG00000008607	0.0012907827016655612	2.0066743189654983e-05			
Aque_Aqu2.1.44322-001;Slac_ENSLPGG00000018844	8.465724691870346e-08	0.0011538952408238835	Aque_Aqu2.1.43688-001;Slac_ENSLPGG00000028596	4.4253445921185735e-29	0.00011284612518204165				Aque_Aqu2.1.33543-001;Slac_ENSLPGG00000028631	2.8949349109542336e-49	1.8847266829431563e-66													Aque_Aqu2.1.43837-001;Slac_ENSLPGG00000030026	1.1210704729117143e-102	1.8293006693662195e-29				Aque_Aqu2.1.38366-001;Slac_ENSLPGG00000021584	8.476009201277581e-19	1.5268177922787565e-06	Aque_Aqu2.1.28078-001;Slac_ENSLPGG00000010195	6.696460884889418e-10	2.896743808193686e-104	Aque_Aqu2.1.40808-001;Slac_ENSLPGG00000011745	0.0014113797905383112	2.1259401974773072e-07	Aque_Aqu2.1.41621-001;Slac_ENSLPGG00000018880	4.619452252412821e-84	1.8659767311661218e-08	Aque_Aqu2.1.16620-001;Slac_ENSLPGG00000007363	5.117152723494208e-38	3.4576240635341516e-06	Aque_Aqu2.1.44059-001;Slac_ENSLPGG00000002916	0.005028374037103343	3.453672138116687e-23	Aque_Aqu2.1.42135-001;Slac_ENSLPGG00000018656	1.4309521520650948e-07	6.418056167929435e-06										Aque_Aqu2.1.33622-001;Slac_ENSLPGG00000002171	3.31852085524485e-07	4.811942582704965e-16	Aque_Aqu2.1.35781-001;Slac_ENSLPGG00000016523	0.0002769383255997843	5.671680587187432e-06	Aque_Aqu2.1.39703-001;Slac_ENSLPGG00000008996	8.926042219776161e-05	8.656770680653274e-05				Aque_Aqu2.1.39672-001;Slac_ENSLPGG00000022031	6.3157949007109966e-09	0.00010266030155833447	Aque_Aqu2.1.43551-001;Slac_ENSLPGG00000007525	8.307475925357203e-08	1.9962902323811717e-72	Aque_Aqu2.1.28489-001;Slac_ENSLPGG00000011327	4.787491920802856e-09	0.0016877695055628826				Aque_Aqu2.1.27335-001;Slac_ENSLPGG00000012140	5.250698117229157e-60	0.0011067438588838036	Aque_Aqu2.1.38393-001;Slac_ENSLPGG00000013990	0.0003197347290015396	5.561679774912e-16	Aque_Aqu2.1.25608-001;Slac_ENSLPGG00000006175	5.700062912418236e-05	0.0009487128182759552	Aque_Aqu2.1.30847-001;Slac_ENSLPGG00000006723	6.543263854845997e-52	3.114249434890253e-29				Aque_Aqu2.1.37962-001;Slac_ENSLPGG00000013746	8.655414198411728e-23	0.005253464605220461	Aque_Aqu2.1.40394-001;Slac_ENSLPGG00000030431	0.008548448215663518	2.9741009683390458e-05	Aque_Aqu2.1.42693-001;Slac_ENSLPGG00000003239	0.0018360592641156288	0.0024448657731185493	Aque_Aqu2.1.37112-001;Slac_ENSLPGG00000014949	0.004695475713269114	1.6205240859255104e-51	Aque_Aqu2.1.38560-001;Slac_ENSLPGG00000006923	1.0497286366750963e-20	1.1559737404663003e-15				Aque_Aqu2.1.42623-001;Slac_ENSLPGG00000015073	0.0026824216833854103	0.0003519818285906026							Aque_Aqu2.1.21070-001;Slac_ENSLPGG00000020792	2.4325875048100454e-11	0.00032742385481252927			
Aque_Aqu2.1.37748-001;Slac_ENSLPGG00000010195	0.006868279958800548	1.0486439829286918e-69	Aque_Aqu2.1.28194-001;Slac_ENSLPGG00000013036	1.444625855187625e-59	0.0007886851128307712				Aque_Aqu2.1.41072-001;Slac_ENSLPGG00000022242	1.4923901171103289e-15	0.00015899456075697585													Aque_Aqu2.1.35782-001;Slac_ENSLPGG00000006246	1.2434888697369219e-92	3.1831536209812816e-09				Aque_Aqu2.1.28570-001;Slac_ENSLPGG00000017185	6.837768357397875e-22	6.725487470921888e-05	Aque_Aqu2.1.41031-001;Slac_ENSLPGG00000009534	6.673380659607345e-58	8.996463879855903e-05	Aque_Aqu2.1.03010-001;Slac_ENSLPGG00000013426	0.0028717447065964305	2.3401812023632768e-05	Aque_Aqu2.1.43688-001;Slac_ENSLPGG00000024534	2.2064988080306972e-14	8.111986096029365e-09	Aque_Aqu2.1.37974-001;Slac_ENSLPGG00000010195	3.1695571352348735e-06	2.141499075369723e-85	Aque_Aqu2.1.28078-001;Slac_ENSLPGG00000010195	0.0032311787609289023	2.1728558564461395e-216	Aque_Aqu2.1.42546-001;Slac_ENSLPGG00000003492	5.064749703075392e-09	2.543121976235892e-06										Aque_Aqu2.1.36606-001;Slac_ENSLPGG00000016891	5.622930540080185e-07	2.9258653159556866e-05	Aque_Aqu2.1.42151-001;Slac_ENSLPGG00000021186	0.0002867980365569547	6.881624328924807e-14	Aque_Aqu2.1.43551-001;Slac_ENSLPGG00000011839	0.0005635633996396587	0.009479926360797563				Aque_Aqu2.1.39672-001;Slac_ENSLPGG00000021127	6.3157949007109966e-09	0.00037730423206785676	Aque_Aqu2.1.38752-001;Slac_ENSLPGG00000013069	8.898107358929214e-33	1.8352583169197938e-25	Aque_Aqu2.1.39703-001;Slac_ENSLPGG00000010854	6.740072048541467e-12	0.0011755140317752015				Aque_Aqu2.1.42183-001;Slac_ENSLPGG00000015655	3.3931647854373665e-10	2.5317165897381096e-09	Aque_Aqu2.1.36625-001;Slac_ENSLPGG00000007180	2.8072929139854223e-06	0.00514118893440922	Aque_Aqu2.1.24004-001;Slac_ENSLPGG00000018774	0.0001801900810217783	0.0059141423288884215	Aque_Aqu2.1.33047-001;Slac_ENSLPGG00000015112	1.344591319154037e-14	6.110427182401843e-06				Aque_Aqu2.1.25867-001;Slac_ENSLPGG00000026194	0.0002352162877005849	1.969891307800923e-05	Aque_Aqu2.1.30867-001;Slac_ENSLPGG00000006271	1.3309245062395783e-20	3.1018371628481413e-06	Aque_Aqu2.1.31064-001;Slac_ENSLPGG00000021800	0.00019272678791150202	0.0011661821359481082	Aque_Aqu2.1.29861-001;Slac_ENSLPGG00000028356	2.7802180224950214e-12	0.008073199099584266	Aque_Aqu2.1.22332-001;Slac_ENSLPGG00000017522	9.838828213524885e-12	1.2463812902526559e-09				Aque_Aqu2.1.39784-001;Slac_ENSLPGG00000011679	0.007948759501957106	6.653444638887422e-06							Aque_Aqu2.1.29714-001;Slac_ENSLPGG00000004364	9.982696695349947e-06	3.311008086613981e-08			
Aque_Aqu2.1.29376-001;Slac_ENSLPGG00000018015	0.000358434222937596	0.00026856242960535636	Aque_Aqu2.1.33950-001;Slac_ENSLPGG00000006356	2.1143479916429974e-48	0.00011946821970550475				Aque_Aqu2.1.42087-001;Slac_ENSLPGG00000011075	4.453201835818651e-25	0.0019043877830186178													Aque_Aqu2.1.15787-001;Slac_ENSLPGG00000026812	7.592400004336438e-49	3.374272102492021e-29				Aque_Aqu2.1.34878-001;Slac_ENSLPGG00000018350	1.029702300556858e-14	8.772695547919577e-06	Aque_Aqu2.1.28570-001;Slac_ENSLPGG00000017185	6.837768357397875e-22	0.006084162511327934	Aque_Aqu2.1.33572-001;Slac_ENSLPGG00000024781	0.00021610473808980914	1.5184076603803592e-37	Aque_Aqu2.1.32963-001;Slac_ENSLPGG00000006527	2.9162340212875285e-55	4.073195508639476e-09	Aque_Aqu2.1.38366-001;Slac_ENSLPGG00000024534	2.353359925872487e-15	0.0002946668225709229	Aque_Aqu2.1.18098-001;Slac_ENSLPGG00000005401	0.00010510904740299329	2.3421129342282908e-26	Aque_Aqu2.1.38366-001;Slac_ENSLPGG00000021584	2.353359925872487e-15	0.0003089125655902511										Aque_Aqu2.1.42151-001;Slac_ENSLPGG00000021186	0.0002867980365569547	5.034074710478306e-19	Aque_Aqu2.1.37101-001;Slac_ENSLPGG00000020470	1.5336636022433145e-08	0.0026781387316083716	Aque_Aqu2.1.43551-001;Slac_ENSLPGG00000018987	0.0005635633996396587	6.075516351583151e-07				Aque_Aqu2.1.43984-001;Slac_ENSLPGG00000002394	1.1016186836212721e-24	5.007210728751153e-45	Aque_Aqu2.1.35211-001;Slac_ENSLPGG00000014037	3.46092426890341e-23	9.215098691457013e-15	Aque_Aqu2.1.35781-001;Slac_ENSLPGG00000016523	2.9643336706072914e-07	7.460571249454539e-10				Aque_Aqu2.1.29918-001;Slac_ENSLPGG00000030129	0.00024658544383960945	0.00212337506061261	Aque_Aqu2.1.43551-001;Slac_ENSLPGG00000007525	1.0046936470645059e-10	1.9962902323811717e-72	Aque_Aqu2.1.25933-001;Slac_ENSLPGG00000007325	0.00349277941307751	2.0185029076047123e-05	Aque_Aqu2.1.27335-001;Slac_ENSLPGG00000014139	5.250698117229157e-60	0.007486004862652009				Aque_Aqu2.1.35739-001;Slac_ENSLPGG00000027307	1.2746924007240648e-08	0.0030640301080179016	Aque_Aqu2.1.28214-001;Slac_ENSLPGG00000015631	8.244866599655472e-18	0.003778735700775536	Aque_Aqu2.1.43674-001;Slac_ENSLPGG00000007158	4.20083387372124e-06	3.092012612494674e-08	Aque_Aqu2.1.41482-001;Slac_ENSLPGG00000007158	2.257130122823816e-08	1.3921670430557845e-07	Aque_Aqu2.1.42077-001;Slac_ENSLPGG00000024184	2.5024776515125946e-13	1.2846057385441967e-21				Aque_Aqu2.1.39784-001;Slac_ENSLPGG00000010787	0.007948759501957106	1.3604346982340432e-05							Aque_Aqu2.1.34348-001;Slac_ENSLPGG00000027245	0.00010796781104150981	5.376496284592271e-07			
Aque_Aqu2.1.32935-001;Slac_ENSLPGG00000009421	0.0003373941448991585	0.004332928441083934	Aque_Aqu2.1.33950-001;Slac_ENSLPGG00000028596	2.1143479916429974e-48	0.00011284612518204165				Aque_Aqu2.1.38366-001;Slac_ENSLPGG00000024534	8.476009201277581e-19	0.0002946668225709229													Aque_Aqu2.1.18098-001;Slac_ENSLPGG00000007363	0.0002927017614354168	7.4723889631911e-42				Aque_Aqu2.1.41031-001;Slac_ENSLPGG00000009534	6.673380659607345e-58	0.002123582891699598	Aque_Aqu2.1.31194-001;Slac_ENSLPGG00000008469	9.479286352586293e-109	1.477139060450275e-12	Aque_Aqu2.1.44322-001;Slac_ENSLPGG00000018844	3.471647089327422e-05	0.0011538952408238835	Aque_Aqu2.1.33950-001;Slac_ENSLPGG00000028596	4.7618654032696835e-30	0.00011284612518204165	Aque_Aqu2.1.33543-001;Slac_ENSLPGG00000010511	3.338337069377686e-35	5.3327361654016554e-09	Aque_Aqu2.1.32514-001;Slac_ENSLPGG00000018350	4.735783019066314e-08	8.772695547919577e-06	Aque_Aqu2.1.34878-001;Slac_ENSLPGG00000018350	1.2375873514274677e-13	0.002089581030277504										Aque_Aqu2.1.37101-001;Slac_ENSLPGG00000012471	1.5336636022433145e-08	3.25051042436473e-08	Aque_Aqu2.1.44218-001;Slac_ENSLPGG00000015655	1.5630724984533242e-08	2.5317165897381096e-09	Aque_Aqu2.1.29497-001;Slac_ENSLPGG00000014782	0.009540321936991298	0.008818631329743608				Aque_Aqu2.1.33622-001;Slac_ENSLPGG00000002171	3.31852085524485e-07	8.519815430634142e-07	Aque_Aqu2.1.17699-001;Slac_ENSLPGG00000011232	3.0500858502303413e-13	0.003325700561470039	Aque_Aqu2.1.38095-001;Slac_ENSLPGG00000006910	0.00046503987165875694	3.281998332892942e-20				Aque_Aqu2.1.44676-001;Slac_ENSLPGG00000007525	0.0015947909906532027	1.1234997919954914e-14	Aque_Aqu2.1.44676-001;Slac_ENSLPGG00000007730	0.0015947909906532027	1.282362129818319e-148	Aque_Aqu2.1.44214-001;Slac_ENSLPGG00000007955	3.0665856474314364e-10	0.0002833925610906631	Aque_Aqu2.1.14221-001;Slac_ENSLPGG00000015421	1.4043050483582324e-14	0.004124785128047521				Aque_Aqu2.1.39672-001;Slac_ENSLPGG00000021127	1.7219934783810546e-24	1.5465846751523873e-05	Aque_Aqu2.1.34140-001;Slac_ENSLPGG00000006271	1.0121820050408576e-29	3.1018371628481413e-06	Aque_Aqu2.1.39703-001;Slac_ENSLPGG00000008996	0.0003983784087831898	1.8020173989883424e-05	Aque_Aqu2.1.37486-001;Slac_ENSLPGG00000021186	5.791765336917085e-10	2.0188353322288348e-10	Aque_Aqu2.1.28489-001;Slac_ENSLPGG00000009116	1.2639077541595553e-28	1.187914787539918e-27				Aque_Aqu2.1.39784-001;Slac_ENSLPGG00000008251	0.007948759501957106	9.16661881751561e-07							Aque_Aqu2.1.34374-001;Slac_ENSLPGG00000010554	0.0011299039353154568	7.452942942782459e-32			
Aque_Aqu2.1.42634-001;Slac_ENSLPGG00000010736	0.007410399647017482	0.0007123910983002527	Aque_Aqu2.1.40739-001;Slac_ENSLPGG00000007249	1.6754096759265384e-122	1.1674826591905536e-05				Aque_Aqu2.1.41031-001;Slac_ENSLPGG00000009534	6.673380659607345e-58	0.000439389940072158													Aque_Aqu2.1.41071-001;Slac_ENSLPGG00000024858	6.710109806428675e-67	0.0007340503316410073				Aque_Aqu2.1.30397-001;Slac_ENSLPGG00000021584	2.6826963318527086e-11	1.5268177922787565e-06	Aque_Aqu2.1.36579-001;Slac_ENSLPGG00000005401	1.3401575227138799e-05	5.984830996195444e-31				Aque_Aqu2.1.28194-001;Slac_ENSLPGG00000011679	5.413732422862782e-38	0.0005453822821599694	Aque_Aqu2.1.42087-001;Slac_ENSLPGG00000022449	0.001998237992359187	3.9730325797462426e-21	Aque_Aqu2.1.42135-001;Slac_ENSLPGG00000018656	1.4309521520650948e-07	0.009462850404499124	Aque_Aqu2.1.37748-001;Slac_ENSLPGG00000010195	0.00044414085346194607	2.896743808193686e-104										Aque_Aqu2.1.24987-001;Slac_ENSLPGG00000009461	1.6948309903525678e-12	0.001863905355161977	Aque_Aqu2.1.37101-001;Slac_ENSLPGG00000012471	1.5336636022433145e-08	0.0005192764684538317							Aque_Aqu2.1.32548-001;Slac_ENSLPGG00000016891	0.0016118061765567644	0.0031309119165275016	Aque_Aqu2.1.22481-001;Slac_ENSLPGG00000025722	5.531836913633126e-06	1.3456439192448823e-08	Aque_Aqu2.1.28493-001;Slac_ENSLPGG00000009116	4.321453769502233e-21	1.3356495854071297e-16				Aque_Aqu2.1.44218-001;Slac_ENSLPGG00000015655	2.1931163753421432e-08	2.5317165897381096e-09	Aque_Aqu2.1.17816-001;Slac_ENSLPGG00000001139	1.1230267612856121e-05	8.419665194249147e-35	Aque_Aqu2.1.43551-001;Slac_ENSLPGG00000011839	1.0046936470645059e-10	6.871823708419816e-06	Aque_Aqu2.1.27832-001;Slac_ENSLPGG00000000921	5.884935948591738e-05	2.3931149398632247e-20				Aque_Aqu2.1.43674-001;Slac_ENSLPGG00000019065	4.20083387372124e-06	3.613082416273542e-08	Aque_Aqu2.1.23692-001;Slac_ENSLPGG00000012471	1.2841772084763492e-19	0.00020102428853856525	Aque_Aqu2.1.37770-001;Slac_ENSLPGG00000015655	0.006518916636731035	1.597406133285677e-05	Aque_Aqu2.1.37486-001;Slac_ENSLPGG00000000564	5.791765336917085e-10	3.407158897655185e-05	Aque_Aqu2.1.29098-001;Slac_ENSLPGG00000023276	0.0022163606697167436	5.006232055107248e-07				Aque_Aqu2.1.06909-001;Slac_ENSLPGG00000017249	0.00029154014109448415	2.7960758266839587e-05							Aque_Aqu2.1.42183-001;Slac_ENSLPGG00000010520	5.780185608994803e-10	0.0008111914899248618			
			Aque_Aqu2.1.23425-001;Slac_ENSLPGG00000012592	2.4250333501045333e-55	0.0002193852230103154				Aque_Aqu2.1.28570-001;Slac_ENSLPGG00000017185	6.837768357397875e-22	0.003646635186372826													Aque_Aqu2.1.24985-001;Slac_ENSLPGG00000008927	2.648227574502731e-19	8.998981698858766e-15				Aque_Aqu2.1.37627-001;Slac_ENSLPGG00000026511	6.441016235742463e-15	1.1324760955421009e-05	Aque_Aqu2.1.21251-001;Slac_ENSLPGG00000002568	4.624562609038775e-08	2.3451780109807946e-07				Aque_Aqu2.1.38435-001;Slac_ENSLPGG00000005083	1.829410315713854e-09	3.3662088198379713e-09	Aque_Aqu2.1.13985-001;Slac_ENSLPGG00000020432	0.004002472593160568	1.057492730615344e-59	Aque_Aqu2.1.35059-001;Slac_ENSLPGG00000029417	1.5620453396581136e-08	0.00117305638100421	Aque_Aqu2.1.33543-001;Slac_ENSLPGG00000028631	3.338337069377686e-35	1.2704083787928455e-19										Aque_Aqu2.1.32548-001;Slac_ENSLPGG00000013283	0.0016118061765567644	2.6704193679793666e-05	Aque_Aqu2.1.17816-001;Slac_ENSLPGG00000007158	0.009367143325851741	2.0838815629998246e-20							Aque_Aqu2.1.21205-001;Slac_ENSLPGG00000013772	0.002107528433600299	5.364876696665609e-05	Aque_Aqu2.1.30289-001;Slac_ENSLPGG00000025722	0.0001468761530381819	1.3456439192448823e-08	Aque_Aqu2.1.17816-001;Slac_ENSLPGG00000007158	1.1230267612856121e-05	1.2305328596950784e-25				Aque_Aqu2.1.42077-001;Slac_ENSLPGG00000023634	2.0833804932494515e-41	0.005827419773674819	Aque_Aqu2.1.44197-001;Slac_ENSLPGG00000006271	1.6113923010411783e-24	2.6697465039007906e-06	Aque_Aqu2.1.19922-001;Slac_ENSLPGG00000012055	1.1973175788444056e-06	0.000889129280263582	Aque_Aqu2.1.23389-001;Slac_ENSLPGG00000012055	1.181117757917774e-23	4.0874491108281004e-05				Aque_Aqu2.1.35253-001;Slac_ENSLPGG00000012471	3.5542328552532075e-13	9.012536840606819e-20	Aque_Aqu2.1.43674-001;Slac_ENSLPGG00000006271	4.20083387372124e-06	3.1018371628481413e-06	Aque_Aqu2.1.41049-001;Slac_ENSLPGG00000015888	0.007200126607303983	6.368500805089567e-26	Aque_Aqu2.1.41049-001;Slac_ENSLPGG00000015888	0.007200126607303983	3.8687716420603493e-174	Aque_Aqu2.1.41989-001;Slac_ENSLPGG00000004351	7.953537235757875e-32	1.7027214369341266e-06				Aque_Aqu2.1.33103-001;Slac_ENSLPGG00000004610	0.00023967365494445886	5.265800948805385e-05							Aque_Aqu2.1.36775-001;Slac_ENSLPGG00000018440	0.009357964652518258	5.874555645721488e-06			
			Aque_Aqu2.1.38366-001;Slac_ENSLPGG00000021584	8.476009201277581e-19	6.413530410769873e-10				Aque_Aqu2.1.35076-001;Slac_ENSLPGG00000016361	2.7257506921365438e-27	0.003516997637063783													Aque_Aqu2.1.36579-001;Slac_ENSLPGG00000005401	1.3401575227138799e-05	8.12420814480801e-72				Aque_Aqu2.1.44059-001;Slac_ENSLPGG00000002916	3.328730512336417e-05	3.453672138116687e-23	Aque_Aqu2.1.38366-001;Slac_ENSLPGG00000021584	8.476009201277581e-19	0.0003089125655902511				Aque_Aqu2.1.37747-001;Slac_ENSLPGG00000013980	6.655105223624536e-120	0.0001226268084717703	Aque_Aqu2.1.37256-001;Slac_ENSLPGG00000024580	6.924649891263139e-08	0.00018847890202981988	Aque_Aqu2.1.37256-001;Slac_ENSLPGG00000024580	6.924649891263139e-08	8.69788276427036e-06	Aque_Aqu2.1.14853-001;Slac_ENSLPGG00000014669	0.008568034336142479	8.202656842058226e-40										Aque_Aqu2.1.44280-001;Slac_ENSLPGG00000021800	3.113278684368793e-07	3.3922600231729954e-21	Aque_Aqu2.1.42151-001;Slac_ENSLPGG00000008996	0.0002867980365569547	0.004729488519637293							Aque_Aqu2.1.39672-001;Slac_ENSLPGG00000016891	6.3157949007109966e-09	0.0031309119165275016	Aque_Aqu2.1.35503-001;Slac_ENSLPGG00000001761	2.462783846913317e-07	5.837025646251024e-10	Aque_Aqu2.1.37473-001;Slac_ENSLPGG00000021402	0.005287152186636688	2.550566114792781e-45				Aque_Aqu2.1.17173-001;Slac_ENSLPGG00000010080	3.3929307133703136e-17	0.0025571004485807776	Aque_Aqu2.1.33047-001;Slac_ENSLPGG00000012471	1.344591319154037e-14	1.2256378781761784e-09	Aque_Aqu2.1.27832-001;Slac_ENSLPGG00000015112	5.884935948591738e-05	0.00549930044633956	Aque_Aqu2.1.16006-001;Slac_ENSLPGG00000013274	3.954070820268625e-14	5.752627588581807e-11				Aque_Aqu2.1.41056-001;Slac_ENSLPGG00000021479	8.402638292863864e-08	0.008613064062301081	Aque_Aqu2.1.43986-001;Slac_ENSLPGG00000002394	8.331396457690566e-05	1.4512784716372902e-32	Aque_Aqu2.1.22423-001;Slac_ENSLPGG00000021186	0.003331405344316412	2.411558428950339e-13	Aque_Aqu2.1.31551-001;Slac_ENSLPGG00000007158	0.0004550419940629617	1.3921670430557845e-07	Aque_Aqu2.1.32690-001;Slac_ENSLPGG00000017789	3.4041548145167936e-06	1.065996983770657e-17				Aque_Aqu2.1.43623-001;Slac_ENSLPGG00000011679	0.005617868088624236	6.653444638887422e-06							Aque_Aqu2.1.41653-001;Slac_ENSLPGG00000016670	0.00015124303198012855	1.7782582286590489e-06			
			Aque_Aqu2.1.28816-001;Slac_ENSLPGG00000010719	1.0840523851845123e-95	6.132170660706385e-07				Aque_Aqu2.1.44059-001;Slac_ENSLPGG00000002916	3.328730512336417e-05	1.8424861552155755e-17													Aque_Aqu2.1.38366-001;Slac_ENSLPGG00000021584	8.476009201277581e-19	1.5359650593165695e-05				Aque_Aqu2.1.35102-001;Slac_ENSLPGG00000025541	1.0235518336439858e-13	7.072951195679239e-10	Aque_Aqu2.1.34878-001;Slac_ENSLPGG00000018350	1.029702300556858e-14	0.002089581030277504				Aque_Aqu2.1.38366-001;Slac_ENSLPGG00000024534	2.353359925872487e-15	8.111986096029365e-09	Aque_Aqu2.1.30395-001;Slac_ENSLPGG00000011626	5.308399926319828e-05	8.032473389373455e-52	Aque_Aqu2.1.30397-001;Slac_ENSLPGG00000021584	3.053563844263048e-06	1.5268177922787565e-06	Aque_Aqu2.1.37256-001;Slac_ENSLPGG00000024580	6.924649891263139e-08	0.00027320268087215765										Aque_Aqu2.1.24276-001;Slac_ENSLPGG00000022619	2.4507403536374703e-05	8.592805415576524e-09	Aque_Aqu2.1.32548-001;Slac_ENSLPGG00000021127	0.0016118061765567644	0.009342612883849542							Aque_Aqu2.1.25867-001;Slac_ENSLPGG00000012471	2.1213248264626324e-06	8.124978717659955e-08	Aque_Aqu2.1.36076-001;Slac_ENSLPGG00000002171	0.005164206410856717	2.3617155152259307e-60	Aque_Aqu2.1.17816-001;Slac_ENSLPGG00000001139	1.1230267612856121e-05	1.4494333720685917e-24				Aque_Aqu2.1.36625-001;Slac_ENSLPGG00000020706	2.8072929139854223e-06	0.000720612718783671	Aque_Aqu2.1.35503-001;Slac_ENSLPGG00000000967	6.524992042139891e-05	1.6969914153055907e-11	Aque_Aqu2.1.39733-001;Slac_ENSLPGG00000028356	6.5169284341367635e-06	0.008073199099584266	Aque_Aqu2.1.25933-001;Slac_ENSLPGG00000007325	0.00349277941307751	3.439389409716167e-13				Aque_Aqu2.1.41892-001;Slac_ENSLPGG00000007525	5.2142493076430264e-14	1.2026125316824048e-14	Aque_Aqu2.1.23692-001;Slac_ENSLPGG00000020470	1.2841772084763492e-19	0.005200025809404252	Aque_Aqu2.1.26969-001;Slac_ENSLPGG00000010736	0.008672518046652826	2.0988989273194013e-05	Aque_Aqu2.1.41030-001;Slac_ENSLPGG00000009795	1.2780145784191498e-09	1.4546678464788364e-07	Aque_Aqu2.1.43252-001;Slac_ENSLPGG00000027461	1.118841022757129e-86	0.0009589227281603336				Aque_Aqu2.1.43623-001;Slac_ENSLPGG00000008251	0.005617868088624236	9.16661881751561e-07							Aque_Aqu2.1.29717-001;Slac_ENSLPGG00000007301	7.19876435422707e-05	2.895248310330986e-16			
			Aque_Aqu2.1.43341-001;Slac_ENSLPGG00000007608	5.594181239016693e-111	2.2197133756376987e-15				Aque_Aqu2.1.33543-001;Slac_ENSLPGG00000010511	2.8949349109542336e-49	5.3327361654016554e-09													Aque_Aqu2.1.18283-001;Slac_ENSLPGG00000026466	8.281858889981098e-97	1.840940775624098e-05				Aque_Aqu2.1.33543-001;Slac_ENSLPGG00000028631	2.8949349109542336e-49	2.6320141341535595e-33	Aque_Aqu2.1.29951-001;Slac_ENSLPGG00000018181	0.00022028134504872317	9.763934351042776e-46				Aque_Aqu2.1.43276-001;Slac_ENSLPGG00000005083	4.0577832998543046e-40	3.3662088198379713e-09	Aque_Aqu2.1.37748-001;Slac_ENSLPGG00000010195	0.00044414085346194607	2.141499075369723e-85	Aque_Aqu2.1.32946-001;Slac_ENSLPGG00000010832	1.2237849702064396e-05	2.4613134574582015e-09	Aque_Aqu2.1.25460-001;Slac_ENSLPGG00000025767	3.0459775011971462e-06	9.935261666785832e-05										Aque_Aqu2.1.36606-001;Slac_ENSLPGG00000013283	5.622930540080185e-07	2.6704193679793666e-05	Aque_Aqu2.1.42077-001;Slac_ENSLPGG00000024184	1.6179795020463484e-12	1.3790439628474324e-08							Aque_Aqu2.1.44243-001;Slac_ENSLPGG00000021186	2.521644079706085e-10	3.5927119594215055e-24	Aque_Aqu2.1.39703-001;Slac_ENSLPGG00000021186	3.9358458296685827e-17	1.7535438192775834e-53	Aque_Aqu2.1.40721-001;Slac_ENSLPGG00000007294	6.480477457075271e-06	1.881337955066071e-20				Aque_Aqu2.1.37895-001;Slac_ENSLPGG00000022031	1.3041098546376117e-11	1.6521542134525504e-05	Aque_Aqu2.1.22481-001;Slac_ENSLPGG00000025722	0.0007321366329407624	1.3456439192448823e-08	Aque_Aqu2.1.38393-001;Slac_ENSLPGG00000013990	0.0003197347290015396	0.009553587015781736	Aque_Aqu2.1.38683-001;Slac_ENSLPGG00000013337	1.3366061311162073e-26	8.57567725101566e-06				Aque_Aqu2.1.42093-001;Slac_ENSLPGG00000011166	0.0006886285707111513	8.952484914315567e-25	Aque_Aqu2.1.36834-001;Slac_ENSLPGG00000001863	6.293040206454155e-06	0.008488969049799896	Aque_Aqu2.1.42093-001;Slac_ENSLPGG00000011166	0.0006886285707111513	0.00015698099745745046	Aque_Aqu2.1.26544-001;Slac_ENSLPGG00000008885	4.919226733692524e-08	3.4902604248019334e-07	Aque_Aqu2.1.36779-001;Slac_ENSLPGG00000020178	2.0751669503159548e-16	5.203780196752114e-10				Aque_Aqu2.1.07580-001;Slac_ENSLPGG00000019289	0.006843707059086549	0.0006301284671772354							Aque_Aqu2.1.37818-001;Slac_ENSLPGG00000010551	1.6145813751352899e-06	0.00868613460338985			
			Aque_Aqu2.1.41935-001;Slac_ENSLPGG00000006356	5.591333443268466e-36	0.00011946821970550475				Aque_Aqu2.1.38196-001;Slac_ENSLPGG00000018877	2.7056507229478046e-24	0.00392952914647774													Aque_Aqu2.1.44059-001;Slac_ENSLPGG00000002916	3.328730512336417e-05	4.3918337799036116e-63				Aque_Aqu2.1.36579-001;Slac_ENSLPGG00000005401	1.3401575227138799e-05	2.3421129342282908e-26	Aque_Aqu2.1.33543-001;Slac_ENSLPGG00000028631	2.8949349109542336e-49	1.2704083787928455e-19				Aque_Aqu2.1.43341-001;Slac_ENSLPGG00000007608	1.0437843238720978e-84	2.2197133756376987e-15	Aque_Aqu2.1.36105-001;Slac_ENSLPGG00000011075	1.677285239895516e-12	0.0019043877830186178	Aque_Aqu2.1.37627-001;Slac_ENSLPGG00000026511	2.5539480016513077e-05	1.1324760955421009e-05	Aque_Aqu2.1.43995-001;Slac_ENSLPGG00000002394	0.004340874507246756	6.89451983253616e-21										Aque_Aqu2.1.42743-001;Slac_ENSLPGG00000010054	0.006174926946827125	1.1324999533424646e-05	Aque_Aqu2.1.42686-001;Slac_ENSLPGG00000001971	2.0736375148093908e-09	0.0009435786324523421							Aque_Aqu2.1.36606-001;Slac_ENSLPGG00000002171	5.622930540080185e-07	8.519815430634142e-07	Aque_Aqu2.1.25769-001;Slac_ENSLPGG00000008220	5.374663099333112e-16	1.7439124872034618e-54	Aque_Aqu2.1.37895-001;Slac_ENSLPGG00000016891	1.3041098546376117e-11	2.9258653159556866e-05				Aque_Aqu2.1.25311-001;Slac_ENSLPGG00000008894	1.4814822028446626e-18	0.000522212415775053	Aque_Aqu2.1.36608-001;Slac_ENSLPGG00000019073	7.508035989768948e-11	8.534002921826472e-09	Aque_Aqu2.1.35251-001;Slac_ENSLPGG00000020706	0.003495109298096171	0.00019249484478877987	Aque_Aqu2.1.34441-001;Slac_ENSLPGG00000010736	8.94792185533382e-40	0.0032920814018862466				Aque_Aqu2.1.41892-001;Slac_ENSLPGG00000011839	5.2142493076430264e-14	1.90611515788076e-10	Aque_Aqu2.1.31385-001;Slac_ENSLPGG00000021402	0.0004221664291573433	1.6974236185946167e-34	Aque_Aqu2.1.17816-001;Slac_ENSLPGG00000007158	0.004846158259488255	3.092012612494674e-08	Aque_Aqu2.1.21174-001;Slac_ENSLPGG00000012140	0.00021564884897657527	1.0581014950202239e-19	Aque_Aqu2.1.33622-001;Slac_ENSLPGG00000002171	1.708447263117159e-16	8.519815430634142e-07				Aque_Aqu2.1.36281-001;Slac_ENSLPGG00000027374	0.0022211574938392526	0.007210397688746341							Aque_Aqu2.1.43289-001;Slac_ENSLPGG00000001774	0.004440306993347242	3.6528869866102756e-06			
			Aque_Aqu2.1.41935-001;Slac_ENSLPGG00000028596	5.591333443268466e-36	0.00011284612518204165				Aque_Aqu2.1.20046-001;Slac_ENSLPGG00000008927	1.893146120459131e-08	1.7271089191993203e-12													Aque_Aqu2.1.41031-001;Slac_ENSLPGG00000009534	6.673380659607345e-58	2.641373020801314e-05				Aque_Aqu2.1.29951-001;Slac_ENSLPGG00000018181	0.00022028134504872317	3.630673637054969e-70	Aque_Aqu2.1.38196-001;Slac_ENSLPGG00000018877	2.7056507229478046e-24	0.007645655239505067				Aque_Aqu2.1.15175-001;Slac_ENSLPGG00000012945	1.7807654417352274e-13	2.3190635250413133e-06	Aque_Aqu2.1.37774-001;Slac_ENSLPGG00000022242	1.1664395148299226e-05	0.00015899456075697585	Aque_Aqu2.1.40665-001;Slac_ENSLPGG00000018877	0.00021493574797533103	1.805147948244949e-05	Aque_Aqu2.1.35230-001;Slac_ENSLPGG00000012424	4.943082600513362e-08	2.5186576220107626e-09										Aque_Aqu2.1.01979-001;Slac_ENSLPGG00000001139	0.007012591066954428	1.4494333720685917e-24	Aque_Aqu2.1.44140-001;Slac_ENSLPGG00000009453	8.885562534779468e-10	1.4756910295882177e-48							Aque_Aqu2.1.43954-001;Slac_ENSLPGG00000029175	1.50912256832234e-08	0.0074492566021267	Aque_Aqu2.1.27832-001;Slac_ENSLPGG00000012471	5.939276265577746e-23	1.2256378781761784e-09	Aque_Aqu2.1.33612-001;Slac_ENSLPGG00000021127	2.364364427309774e-10	0.00026020690407486225				Aque_Aqu2.1.35781-001;Slac_ENSLPGG00000016523	2.9643336706072914e-07	5.671680587187432e-06	Aque_Aqu2.1.44194-001;Slac_ENSLPGG00000013677	1.3561830907204824e-21	1.1102809994691477e-05	Aque_Aqu2.1.24879-001;Slac_ENSLPGG00000015293	0.00024797248585702985	0.0012497589291778422	Aque_Aqu2.1.44197-001;Slac_ENSLPGG00000019065	1.6113923010411783e-24	4.280743164546749e-06				Aque_Aqu2.1.42762-001;Slac_ENSLPGG00000002171	1.0081478109652569e-17	7.388655311919578e-20	Aque_Aqu2.1.38560-001;Slac_ENSLPGG00000006923	1.0497286366750963e-20	0.0014798030848324195	Aque_Aqu2.1.39703-001;Slac_ENSLPGG00000021186	0.0003983784087831898	2.411558428950339e-13	Aque_Aqu2.1.34140-001;Slac_ENSLPGG00000019065	1.0121820050408576e-29	0.006927108559854214	Aque_Aqu2.1.14505-001;Slac_ENSLPGG00000030375	4.1608280773534837e-17	0.002058471191555939				Aque_Aqu2.1.39784-001;Slac_ENSLPGG00000005398	0.007948759501957106	0.0007898552266049389							Aque_Aqu2.1.29714-001;Slac_ENSLPGG00000008036	9.982696695349947e-06	3.6839804533296954e-08			
			Aque_Aqu2.1.40908-001;Slac_ENSLPGG00000015371	4.597924904219899e-109	0.0009489934237482608				Aque_Aqu2.1.28078-001;Slac_ENSLPGG00000010195	6.696460884889418e-10	2.141499075369723e-85													Aque_Aqu2.1.28239-001;Slac_ENSLPGG00000022242	5.769546964194492e-21	0.005393070509171903				Aque_Aqu2.1.37256-001;Slac_ENSLPGG00000024580	4.63256763518813e-09	8.69788276427036e-06	Aque_Aqu2.1.38196-001;Slac_ENSLPGG00000005591	2.7056507229478046e-24	0.0029986933692681596				Aque_Aqu2.1.43623-001;Slac_ENSLPGG00000012945	3.2638459470926394e-20	2.3190635250413133e-06	Aque_Aqu2.1.28078-001;Slac_ENSLPGG00000010195	0.0032311787609289023	2.141499075369723e-85	Aque_Aqu2.1.40886-001;Slac_ENSLPGG00000005401	0.0046341478969197545	2.3421129342282908e-26	Aque_Aqu2.1.28078-001;Slac_ENSLPGG00000010195	0.0032311787609289023	2.896743808193686e-104										Aque_Aqu2.1.44140-001;Slac_ENSLPGG00000009453	8.885562534779468e-10	6.590504302001542e-85	Aque_Aqu2.1.38524-001;Slac_ENSLPGG00000025842	0.004166809097269318	3.740481260343118e-05							Aque_Aqu2.1.29897-001;Slac_ENSLPGG00000020706	1.4875472874532206e-11	0.00012637943545231424	Aque_Aqu2.1.44004-001;Slac_ENSLPGG00000003738	9.78673605233399e-10	1.0526376784842143e-09	Aque_Aqu2.1.35738-001;Slac_ENSLPGG00000017003	1.8665956946384734e-07	0.0010648454651062261				Aque_Aqu2.1.39703-001;Slac_ENSLPGG00000010854	6.740072048541467e-12	0.0033377095618873118	Aque_Aqu2.1.31344-001;Slac_ENSLPGG00000020586	2.897711481146304e-06	4.174689950786955e-05	Aque_Aqu2.1.42183-001;Slac_ENSLPGG00000007955	3.3931647854373665e-10	0.0002833925610906631	Aque_Aqu2.1.23389-001;Slac_ENSLPGG00000008987	1.181117757917774e-23	0.001852208764674488				Aque_Aqu2.1.37486-001;Slac_ENSLPGG00000021186	5.791765336917085e-10	2.1966675747781014e-45	Aque_Aqu2.1.36606-001;Slac_ENSLPGG00000002171	6.429704257152719e-05	2.040331509655993e-20	Aque_Aqu2.1.31551-001;Slac_ENSLPGG00000019065	0.0004550419940629617	0.008445174686407597	Aque_Aqu2.1.44139-001;Slac_ENSLPGG00000009453	0.0013345187120564206	1.297346950394959e-07	Aque_Aqu2.1.42762-001;Slac_ENSLPGG00000010506	1.0081478109652569e-17	1.263049125259277e-07				Aque_Aqu2.1.28214-001;Slac_ENSLPGG00000015631	0.001375771248276983	0.00023984307204231458							Aque_Aqu2.1.39968-001;Slac_ENSLPGG00000015794	6.964909690424107e-06	0.0003546028764309042			
			Aque_Aqu2.1.27063-001;Slac_ENSLPGG00000023230	3.201242607069932e-92	0.0010589407299573588				Aque_Aqu2.1.18089-001;Slac_ENSLPGG00000022242	2.3222255630625573e-12	0.00015899456075697585													Aque_Aqu2.1.25405-001;Slac_ENSLPGG00000020148	2.7610085691748473e-15	3.1744318026550667e-13				Aque_Aqu2.1.18098-001;Slac_ENSLPGG00000005401	0.0002927017614354168	2.3421129342282908e-26	Aque_Aqu2.1.21251-001;Slac_ENSLPGG00000003492	4.624562609038775e-08	2.543121976235892e-06				Aque_Aqu2.1.21796-001;Slac_ENSLPGG00000020424	3.728084031454857e-82	7.772559752291907e-07	Aque_Aqu2.1.44059-001;Slac_ENSLPGG00000002916	0.005028374037103343	1.8424861552155755e-17	Aque_Aqu2.1.40665-001;Slac_ENSLPGG00000005591	0.00021493574797533103	2.9986472072232125e-06	Aque_Aqu2.1.33572-001;Slac_ENSLPGG00000024781	0.00021610473808980914	2.9930775822479715e-20										Aque_Aqu2.1.01979-001;Slac_ENSLPGG00000007158	0.007012591066954428	1.2305328596950784e-25	Aque_Aqu2.1.01979-001;Slac_ENSLPGG00000003645	0.007012591066954428	1.6653069253683454e-07							Aque_Aqu2.1.29497-001;Slac_ENSLPGG00000014782	0.009540321936991298	5.526486443458363e-95	Aque_Aqu2.1.38371-001;Slac_ENSLPGG00000013669	7.824203864339112e-44	0.002468412511541518	Aque_Aqu2.1.21248-001;Slac_ENSLPGG00000004213	2.1316785119627852e-35	0.0019635944304535777				Aque_Aqu2.1.21880-001;Slac_ENSLPGG00000008528	9.018987970662154e-62	0.0007071695901851187	Aque_Aqu2.1.33939-001;Slac_ENSLPGG00000000696	3.504474140696394e-23	5.830310343059631e-06	Aque_Aqu2.1.41869-001;Slac_ENSLPGG00000027385	0.0014939303348256246	0.001581481411556139	Aque_Aqu2.1.37112-001;Slac_ENSLPGG00000014949	4.6928004436226405e-11	1.0818128140739989e-32				Aque_Aqu2.1.43995-001;Slac_ENSLPGG00000002394	1.2817282397478916e-13	1.221392526032047e-23	Aque_Aqu2.1.41482-001;Slac_ENSLPGG00000006271	2.257130122823816e-08	3.1018371628481413e-06	Aque_Aqu2.1.43674-001;Slac_ENSLPGG00000019065	4.20083387372124e-06	0.008445174686407597	Aque_Aqu2.1.37407-001;Slac_ENSLPGG00000018774	5.959310045388851e-09	0.0059141423288884215	Aque_Aqu2.1.36606-001;Slac_ENSLPGG00000013283	6.429704257152719e-05	3.255600133488331e-09				Aque_Aqu2.1.43623-001;Slac_ENSLPGG00000025977	0.005617868088624236	0.0025006612724936656							Aque_Aqu2.1.25858-001;Slac_ENSLPGG00000012471	0.007275635945040617	5.353435489594685e-12			
			Aque_Aqu2.1.37974-001;Slac_ENSLPGG00000010195	2.4185485011480635e-14	7.930255897158772e-108				Aque_Aqu2.1.38196-001;Slac_ENSLPGG00000005591	2.7056507229478046e-24	0.004779590448303754													Aque_Aqu2.1.37774-001;Slac_ENSLPGG00000022242	7.700554024937936e-21	0.005393070509171903				Aque_Aqu2.1.44322-001;Slac_ENSLPGG00000026466	8.465724691870346e-08	1.3881851337162964e-32	Aque_Aqu2.1.44059-001;Slac_ENSLPGG00000001288	3.328730512336417e-05	3.761669063371938e-12				Aque_Aqu2.1.31194-001;Slac_ENSLPGG00000008469	1.2800872678568997e-122	9.802980580536061e-14	Aque_Aqu2.1.44322-001;Slac_ENSLPGG00000026466	3.471647089327422e-05	8.261826939652545e-28	Aque_Aqu2.1.13985-001;Slac_ENSLPGG00000020432	0.004002472593160568	1.2056035521515938e-29	Aque_Aqu2.1.32514-001;Slac_ENSLPGG00000018350	4.735783019066314e-08	0.002089581030277504										Aque_Aqu2.1.34140-001;Slac_ENSLPGG00000001139	1.662739836406084e-09	1.4494333720685917e-24	Aque_Aqu2.1.43788-001;Slac_ENSLPGG00000012981	1.2849197808890718e-08	8.513066735387627e-07							Aque_Aqu2.1.01979-001;Slac_ENSLPGG00000003645	0.007012591066954428	6.4337355297277255e-09	Aque_Aqu2.1.35513-001;Slac_ENSLPGG00000013069	1.391430610834894e-08	1.8352583169197938e-25	Aque_Aqu2.1.33612-001;Slac_ENSLPGG00000022031	2.364364427309774e-10	9.300342416746377e-05				Aque_Aqu2.1.44140-001;Slac_ENSLPGG00000009116	3.48170003993214e-101	0.001396822626426671	Aque_Aqu2.1.39703-001;Slac_ENSLPGG00000021186	6.740072048541467e-12	1.7535438192775834e-53	Aque_Aqu2.1.44218-001;Slac_ENSLPGG00000007955	2.1931163753421432e-08	0.0002833925610906631	Aque_Aqu2.1.44218-001;Slac_ENSLPGG00000015655	2.1931163753421432e-08	1.160234898039516e-18				Aque_Aqu2.1.38146-001;Slac_ENSLPGG00000018774	6.387586082111135e-11	3.4238613652926317e-09	Aque_Aqu2.1.42046-001;Slac_ENSLPGG00000007568	0.0050829425919056755	7.355611122930514e-05	Aque_Aqu2.1.17816-001;Slac_ENSLPGG00000019065	0.004846158259488255	0.008445174686407597	Aque_Aqu2.1.41482-001;Slac_ENSLPGG00000001139	2.257130122823816e-08	4.345251405310324e-05	Aque_Aqu2.1.31551-001;Slac_ENSLPGG00000007158	0.0004550419940629617	1.965018913530473e-21				Aque_Aqu2.1.43699-001;Slac_ENSLPGG00000027473	0.006181496810058212	1.1142531374851538e-05							Aque_Aqu2.1.29892-001;Slac_ENSLPGG00000019707	0.006876472064728755	8.348963770442609e-10			
			Aque_Aqu2.1.36579-001;Slac_ENSLPGG00000005401	1.3401575227138799e-05	4.653768747135923e-110				Aque_Aqu2.1.36579-001;Slac_ENSLPGG00000005401	1.3401575227138799e-05	8.223884250027323e-36													Aque_Aqu2.1.34878-001;Slac_ENSLPGG00000018350	1.029702300556858e-14	0.0002517678430115775				Aque_Aqu2.1.37748-001;Slac_ENSLPGG00000010195	0.006868279958800548	2.1728558564461395e-216	Aque_Aqu2.1.16571-001;Slac_ENSLPGG00000020828	1.4059944144213117e-22	0.004712837550545119				Aque_Aqu2.1.33950-001;Slac_ENSLPGG00000012592	4.7618654032696835e-30	0.0002193852230103154	Aque_Aqu2.1.14853-001;Slac_ENSLPGG00000014669	0.008568034336142479	7.894331968489789e-23	Aque_Aqu2.1.38196-001;Slac_ENSLPGG00000018877	9.798282053904682e-05	1.805147948244949e-05	Aque_Aqu2.1.37627-001;Slac_ENSLPGG00000026511	2.5539480016513077e-05	1.1369671478094414e-05										Aque_Aqu2.1.33622-001;Slac_ENSLPGG00000016891	3.31852085524485e-07	2.9258653159556866e-05	Aque_Aqu2.1.38752-001;Slac_ENSLPGG00000014037	2.5967541173213717e-13	1.8687999982522213e-07							Aque_Aqu2.1.42151-001;Slac_ENSLPGG00000008996	0.0002867980365569547	0.00012714480608127604	Aque_Aqu2.1.27287-001;Slac_ENSLPGG00000013677	3.591885653132833e-29	1.1102809994691477e-05	Aque_Aqu2.1.44197-001;Slac_ENSLPGG00000019065	1.6113923010411783e-24	3.1496785989591547e-07				Aque_Aqu2.1.44104-001;Slac_ENSLPGG00000013804	3.4947931478476343e-10	0.0007362327321683684	Aque_Aqu2.1.21492-001;Slac_ENSLPGG00000027633	5.352416678551809e-06	9.999406358983425e-11	Aque_Aqu2.1.34274-001;Slac_ENSLPGG00000028356	0.00038915923158164457	0.008073199099584266	Aque_Aqu2.1.38204-001;Slac_ENSLPGG00000020706	3.177001816716186e-16	0.00012637943545231424				Aque_Aqu2.1.33622-001;Slac_ENSLPGG00000021127	1.708447263117159e-16	1.5465846751523873e-05	Aque_Aqu2.1.33635-001;Slac_ENSLPGG00000010273	0.00010669886911690847	7.696669701701013e-06				Aque_Aqu2.1.38146-001;Slac_ENSLPGG00000018774	6.387586082111135e-11	0.0059141423288884215	Aque_Aqu2.1.14505-001;Slac_ENSLPGG00000012981	4.1608280773534837e-17	1.425866129975506e-17				Aque_Aqu2.1.28239-001;Slac_ENSLPGG00000005398	0.0012978745858962025	0.0007898552266049389							Aque_Aqu2.1.18818-001;Slac_ENSLPGG00000024989	1.3238364383206064e-05	0.00241040070878632			
			Aque_Aqu2.1.29951-001;Slac_ENSLPGG00000018181	0.00022028134504872317	2.6290781450963708e-140				Aque_Aqu2.1.44322-001;Slac_ENSLPGG00000026466	8.465724691870346e-08	8.261826939652545e-28													Aque_Aqu2.1.28078-001;Slac_ENSLPGG00000010195	6.696460884889418e-10	7.49018270378121e-168				Aque_Aqu2.1.38786-001;Slac_ENSLPGG00000005910	1.0368821242524939e-16	0.0013405730385048908	Aque_Aqu2.1.20046-001;Slac_ENSLPGG00000010168	1.893146120459131e-08	1.0828740980594065e-06				Aque_Aqu2.1.09020-001;Slac_ENSLPGG00000018656	4.655481933408322e-37	6.855527818224849e-06	Aque_Aqu2.1.40886-001;Slac_ENSLPGG00000005401	0.0046341478969197545	8.223884250027323e-36	Aque_Aqu2.1.37818-001;Slac_ENSLPGG00000010551	2.3518338933057015e-06	6.172796168552728e-06	Aque_Aqu2.1.37774-001;Slac_ENSLPGG00000007363	1.1664395148299226e-05	1.098458816519539e-06										Aque_Aqu2.1.24987-001;Slac_ENSLPGG00000008651	1.6948309903525678e-12	0.005741617324088482	Aque_Aqu2.1.24879-001;Slac_ENSLPGG00000015293	0.0005023866135471616	6.6401604613863886e-09							Aque_Aqu2.1.25867-001;Slac_ENSLPGG00000011715	2.1213248264626324e-06	0.0008023801828239884	Aque_Aqu2.1.43551-001;Slac_ENSLPGG00000007730	8.307475925357203e-08	1.282362129818319e-148	Aque_Aqu2.1.34441-001;Slac_ENSLPGG00000021750	8.94792185533382e-40	0.0022021087756227053				Aque_Aqu2.1.24879-001;Slac_ENSLPGG00000015293	0.00024797248585702985	6.6401604613863886e-09	Aque_Aqu2.1.35211-001;Slac_ENSLPGG00000014120	1.0980787290419444e-30	0.000944903500654391	Aque_Aqu2.1.32726-001;Slac_ENSLPGG00000028356	0.00020161191729037281	0.008073199099584266	Aque_Aqu2.1.44197-001;Slac_ENSLPGG00000006271	1.6113923010411783e-24	9.73403041830119e-05				Aque_Aqu2.1.38824-001;Slac_ENSLPGG00000026194	0.0021069493728025235	1.969891307800923e-05	Aque_Aqu2.1.43536-001;Slac_ENSLPGG00000017855	3.1456270560029736e-13	0.0001249377116177873				Aque_Aqu2.1.39672-001;Slac_ENSLPGG00000022031	1.7219934783810546e-24	0.009696082349253645	Aque_Aqu2.1.29714-001;Slac_ENSLPGG00000007325	7.391576077219849e-08	3.439389409716167e-13				Aque_Aqu2.1.38524-001;Slac_ENSLPGG00000007676	0.00011603753940300679	0.005686560832411361							Aque_Aqu2.1.42282-001;Slac_ENSLPGG00000028347	0.0015334814386747913	0.0004529040169399645			
			Aque_Aqu2.1.38366-001;Slac_ENSLPGG00000024534	8.476009201277581e-19	8.111986096029365e-09				Aque_Aqu2.1.31388-001;Slac_ENSLPGG00000002802	0.0006755546556821743	2.598707733041041e-39													Aque_Aqu2.1.41587-001;Slac_ENSLPGG00000026851	6.284211007424334e-22	5.649024235262259e-05				Aque_Aqu2.1.32514-001;Slac_ENSLPGG00000018350	0.00026784013402817586	8.772695547919577e-06	Aque_Aqu2.1.28570-001;Slac_ENSLPGG00000011888	6.837768357397875e-22	0.004695103844647241				Aque_Aqu2.1.25578-001;Slac_ENSLPGG00000023020	3.74756323538054e-20	0.00016233266302729288	Aque_Aqu2.1.24984-001;Slac_ENSLPGG00000008927	0.0028706384647597272	1.7271089191993203e-12	Aque_Aqu2.1.38196-001;Slac_ENSLPGG00000005591	9.798282053904682e-05	2.9986472072232125e-06	Aque_Aqu2.1.40886-001;Slac_ENSLPGG00000005401	0.0046341478969197545	5.984830996195444e-31										Aque_Aqu2.1.34140-001;Slac_ENSLPGG00000007158	1.662739836406084e-09	1.2305328596950784e-25	Aque_Aqu2.1.01979-001;Slac_ENSLPGG00000019065	0.007012591066954428	5.413313929192906e-06							Aque_Aqu2.1.44140-001;Slac_ENSLPGG00000009453	8.885562534779468e-10	2.999904205182712e-54	Aque_Aqu2.1.41951-001;Slac_ENSLPGG00000004959	9.578470687274294e-28	2.44374858072351e-05	Aque_Aqu2.1.27335-001;Slac_ENSLPGG00000012140	5.250698117229157e-60	0.0004543176273505883				Aque_Aqu2.1.36223-001;Slac_ENSLPGG00000027819	1.4394008307679529e-11	0.003189153871714949	Aque_Aqu2.1.44197-001;Slac_ENSLPGG00000019065	1.6113923010411783e-24	7.25760385061524e-06	Aque_Aqu2.1.17816-001;Slac_ENSLPGG00000019065	1.1230267612856121e-05	0.006927108559854214	Aque_Aqu2.1.36296-001;Slac_ENSLPGG00000028356	2.2413866662193796e-08	3.148644495988388e-07				Aque_Aqu2.1.34863-001;Slac_ENSLPGG00000019859	7.856949568546215e-16	0.0011397536544584786	Aque_Aqu2.1.43984-001;Slac_ENSLPGG00000002394	4.479650965828285e-09	1.4512784716372902e-32				Aque_Aqu2.1.41962-001;Slac_ENSLPGG00000008885	1.6536677389112207e-06	3.4902604248019334e-07	Aque_Aqu2.1.25867-001;Slac_ENSLPGG00000000921	0.0002352162877005849	2.3931149398632247e-20				Aque_Aqu2.1.43623-001;Slac_ENSLPGG00000005398	0.005617868088624236	0.0007898552266049389							Aque_Aqu2.1.28570-001;Slac_ENSLPGG00000011888	0.00023281500164788895	4.0313544264568345e-09			
			Aque_Aqu2.1.37713-001;Slac_ENSLPGG00000005083	1.7092280498504553e-19	3.3662088198379713e-09				Aque_Aqu2.1.06465-001;Slac_ENSLPGG00000010731	1.1423349568697603e-06	5.5460858294258525e-49													Aque_Aqu2.1.35102-001;Slac_ENSLPGG00000025541	1.0235518336439858e-13	7.937059441831148e-12				Aque_Aqu2.1.13985-001;Slac_ENSLPGG00000020432	0.007557710813279713	1.2056035521515938e-29	Aque_Aqu2.1.30397-001;Slac_ENSLPGG00000021584	2.6826963318527086e-11	0.0003089125655902511				Aque_Aqu2.1.34262-001;Slac_ENSLPGG00000018100	2.444214059472153e-20	0.001055106636297011	Aque_Aqu2.1.40886-001;Slac_ENSLPGG00000008927	0.0046341478969197545	1.7271089191993203e-12	Aque_Aqu2.1.14853-001;Slac_ENSLPGG00000014669	0.008568034336142479	4.906275970111657e-27	Aque_Aqu2.1.38316-001;Slac_ENSLPGG00000017820	0.0013243049325624041	2.329296900107981e-06										Aque_Aqu2.1.38752-001;Slac_ENSLPGG00000014037	2.5967541173213717e-13	2.8937728943288984e-19	Aque_Aqu2.1.39703-001;Slac_ENSLPGG00000010854	8.926042219776161e-05	0.0033377095618873118							Aque_Aqu2.1.34140-001;Slac_ENSLPGG00000003645	1.662739836406084e-09	6.4337355297277255e-09	Aque_Aqu2.1.42050-001;Slac_ENSLPGG00000000696	1.537475133511411e-11	5.830310343059631e-06	Aque_Aqu2.1.23690-001;Slac_ENSLPGG00000015631	2.8167288445973896e-25	0.0005450261508553615				Aque_Aqu2.1.28493-001;Slac_ENSLPGG00000009116	4.321453769502233e-21	0.001396822626426671	Aque_Aqu2.1.38503-001;Slac_ENSLPGG00000006423	0.0011044028395433855	3.266166105766691e-05				Aque_Aqu2.1.33047-001;Slac_ENSLPGG00000012296	1.344591319154037e-14	0.0001466708255175629				Aque_Aqu2.1.31551-001;Slac_ENSLPGG00000019065	0.0004550419940629617	3.613082416273542e-08	Aque_Aqu2.1.43987-001;Slac_ENSLPGG00000002394	3.283156008267793e-06	1.4512784716372902e-32				Aque_Aqu2.1.41962-001;Slac_ENSLPGG00000018450	1.6536677389112207e-06	0.00012282452237313482	Aque_Aqu2.1.26973-001;Slac_ENSLPGG00000000921	1.8757648248382616e-05	2.3931149398632247e-20				Aque_Aqu2.1.39784-001;Slac_ENSLPGG00000014570	0.007948759501957106	0.0016118636451360351							Aque_Aqu2.1.37816-001;Slac_ENSLPGG00000008029	2.182298778248426e-08	0.0007020116678489722			
			Aque_Aqu2.1.23425-001;Slac_ENSLPGG00000012819	2.4250333501045333e-55	0.0011568697802661395				Aque_Aqu2.1.37256-001;Slac_ENSLPGG00000024580	4.63256763518813e-09	0.00018847890202981988													Aque_Aqu2.1.29717-001;Slac_ENSLPGG00000007301	6.890724883725895e-35	2.1509413031709305e-05							Aque_Aqu2.1.44322-001;Slac_ENSLPGG00000026466	8.465724691870346e-08	6.925919152411445e-20				Aque_Aqu2.1.31194-001;Slac_ENSLPGG00000008926	1.2800872678568997e-122	0.0016699396652209348	Aque_Aqu2.1.21879-001;Slac_ENSLPGG00000022242	0.002417439550131487	0.00015899456075697585	Aque_Aqu2.1.44322-001;Slac_ENSLPGG00000026466	3.471647089327422e-05	1.3881851337162964e-32	Aque_Aqu2.1.43478-001;Slac_ENSLPGG00000005314	0.0008327874554904633	0.0003507669302731693										Aque_Aqu2.1.30867-001;Slac_ENSLPGG00000007158	8.811394793769746e-08	1.2305328596950784e-25	Aque_Aqu2.1.34140-001;Slac_ENSLPGG00000003645	1.662739836406084e-09	1.6653069253683454e-07							Aque_Aqu2.1.25867-001;Slac_ENSLPGG00000015112	2.1213248264626324e-06	6.110427182401843e-06	Aque_Aqu2.1.36223-001;Slac_ENSLPGG00000025854	3.3674934284767487e-13	2.273758825669521e-07	Aque_Aqu2.1.43540-001;Slac_ENSLPGG00000025842	3.534170415031876e-08	5.791004440231865e-07				Aque_Aqu2.1.29918-001;Slac_ENSLPGG00000017733	0.00024658544383960945	7.64065571444548e-05	Aque_Aqu2.1.33047-001;Slac_ENSLPGG00000020470	1.344591319154037e-14	3.423487626718001e-05				Aque_Aqu2.1.39703-001;Slac_ENSLPGG00000021186	6.740072048541467e-12	3.5927119594215055e-24				Aque_Aqu2.1.14505-001;Slac_ENSLPGG00000012981	4.1608280773534837e-17	3.9501074952680824e-13	Aque_Aqu2.1.32509-001;Slac_ENSLPGG00000007568	0.0003922226519476641	7.355611122930514e-05				Aque_Aqu2.1.33635-001;Slac_ENSLPGG00000012471	0.00010669886911690847	0.005559596267054266	Aque_Aqu2.1.41190-001;Slac_ENSLPGG00000005134	3.070020325785256e-26	1.8972048888182136e-07				Aque_Aqu2.1.43623-001;Slac_ENSLPGG00000014570	0.005617868088624236	0.0016118636451360351							Aque_Aqu2.1.18818-001;Slac_ENSLPGG00000022557	1.3238364383206064e-05	0.00943734872940464			
			Aque_Aqu2.1.35102-001;Slac_ENSLPGG00000025541	1.0235518336439858e-13	2.3927136451261096e-16				Aque_Aqu2.1.30395-001;Slac_ENSLPGG00000011626	6.234964103978512e-06	8.032473389373455e-52													Aque_Aqu2.1.41072-001;Slac_ENSLPGG00000022242	1.4923901171103289e-15	0.005393070509171903							Aque_Aqu2.1.42546-001;Slac_ENSLPGG00000003492	3.5093384982538397e-07	2.543121976235892e-06				Aque_Aqu2.1.41935-001;Slac_ENSLPGG00000028596	3.900652244068748e-22	0.00011284612518204165	Aque_Aqu2.1.40808-001;Slac_ENSLPGG00000011745	0.0014113797905383112	9.863258163264857e-05	Aque_Aqu2.1.27249-001;Slac_ENSLPGG00000018350	0.007293080990685721	8.772695547919577e-06	Aque_Aqu2.1.13985-001;Slac_ENSLPGG00000020432	0.004002472593160568	3.2079030839699014e-26										Aque_Aqu2.1.41057-001;Slac_ENSLPGG00000021479	0.0004332992274544301	0.003708908431597192	Aque_Aqu2.1.36606-001;Slac_ENSLPGG00000021127	5.622930540080185e-07	0.009342612883849542							Aque_Aqu2.1.42574-001;Slac_ENSLPGG00000003257	3.41041782586475e-12	0.001250523866460406	Aque_Aqu2.1.27228-001;Slac_ENSLPGG00000025642	6.96397404761546e-18	6.993743447563894e-34	Aque_Aqu2.1.43551-001;Slac_ENSLPGG00000007525	1.0046936470645059e-10	3.5619051390972777e-23				Aque_Aqu2.1.30847-001;Slac_ENSLPGG00000006723	6.543263854845997e-52	1.479064500876953e-17	Aque_Aqu2.1.31859-001;Slac_ENSLPGG00000025722	0.0003384808675338713	1.3456439192448823e-08				Aque_Aqu2.1.44009-001;Slac_ENSLPGG00000018774	3.403777570357306e-09	2.4166258980482844e-09				Aque_Aqu2.1.17816-001;Slac_ENSLPGG00000001139	0.004846158259488255	1.5864479285115916e-66	Aque_Aqu2.1.33443-001;Slac_ENSLPGG00000007525	4.986367745258103e-05	3.993170464153228e-16				Aque_Aqu2.1.35253-001;Slac_ENSLPGG00000012471	3.5542328552532075e-13	0.005559596267054266	Aque_Aqu2.1.31586-001;Slac_ENSLPGG00000015099	1.7372787348993547e-40	0.0002745854346787509				Aque_Aqu2.1.42623-001;Slac_ENSLPGG00000013556	0.0026824216833854103	0.0011858448712570699							Aque_Aqu2.1.28223-001;Slac_ENSLPGG00000007525	0.0016953682702729052	1.9275453837446747e-05			
			Aque_Aqu2.1.39902-001;Slac_ENSLPGG00000012592	9.107093425514649e-48	0.0002193852230103154				Aque_Aqu2.1.44059-001;Slac_ENSLPGG00000001288	3.328730512336417e-05	4.158989628188462e-07													Aque_Aqu2.1.06465-001;Slac_ENSLPGG00000010731	1.1423349568697603e-06	1.560909858087031e-61							Aque_Aqu2.1.37256-001;Slac_ENSLPGG00000024580	4.63256763518813e-09	0.00027320268087215765				Aque_Aqu2.1.41962-001;Slac_ENSLPGG00000018450	2.927580111491901e-05	4.840708147555924e-22	Aque_Aqu2.1.33572-001;Slac_ENSLPGG00000024781	0.00021610473808980914	3.2259678400364713e-09	Aque_Aqu2.1.35784-001;Slac_ENSLPGG00000018350	0.009574345140455574	8.772695547919577e-06	Aque_Aqu2.1.38191-001;Slac_ENSLPGG00000001288	0.0010813743481752497	3.761669063371938e-12										Aque_Aqu2.1.01979-001;Slac_ENSLPGG00000003645	0.007012591066954428	2.455428195900785e-11	Aque_Aqu2.1.30867-001;Slac_ENSLPGG00000019065	8.811394793769746e-08	5.413313929192906e-06							Aque_Aqu2.1.25867-001;Slac_ENSLPGG00000012296	2.1213248264626324e-06	0.0001466708255175629	Aque_Aqu2.1.33526-001;Slac_ENSLPGG00000027951	5.738031434344421e-16	0.00012208320266236656	Aque_Aqu2.1.44218-001;Slac_ENSLPGG00000015655	2.1931163753421432e-08	1.5732646119188781e-15				Aque_Aqu2.1.33047-001;Slac_ENSLPGG00000020470	1.344591319154037e-14	0.0026781387316083716	Aque_Aqu2.1.42015-001;Slac_ENSLPGG00000003738	5.367848450589573e-12	1.0526376784842143e-09				Aque_Aqu2.1.37895-001;Slac_ENSLPGG00000002171	1.3041098546376117e-11	8.519815430634142e-07				Aque_Aqu2.1.41482-001;Slac_ENSLPGG00000007158	2.257130122823816e-08	3.4393842705479424e-25	Aque_Aqu2.1.42770-001;Slac_ENSLPGG00000002140	3.5810184203344485e-32	2.75228247684355e-05				Aque_Aqu2.1.34863-001;Slac_ENSLPGG00000014139	7.856949568546215e-16	0.004431977374033645	Aque_Aqu2.1.37407-001;Slac_ENSLPGG00000018774	5.959310045388851e-09	2.4166258980482844e-09				Aque_Aqu2.1.42581-001;Slac_ENSLPGG00000003909	0.0038425604479093243	0.008216711205897606							Aque_Aqu2.1.42065-001;Slac_ENSLPGG00000022563	0.0008281938759572521	0.0004737396908536667			
			Aque_Aqu2.1.32713-001;Slac_ENSLPGG00000005083	2.6072070909321647e-14	3.3662088198379713e-09				Aque_Aqu2.1.29951-001;Slac_ENSLPGG00000018181	0.00022028134504872317	7.496422331427468e-29													Aque_Aqu2.1.30397-001;Slac_ENSLPGG00000021584	2.6826963318527086e-11	1.5359650593165695e-05							Aque_Aqu2.1.43995-001;Slac_ENSLPGG00000002394	0.0011706263356069905	6.89451983253616e-21				Aque_Aqu2.1.14207-001;Slac_ENSLPGG00000010983	4.825359325182867e-10	5.577151150106159e-13	Aque_Aqu2.1.37774-001;Slac_ENSLPGG00000007363	1.1664395148299226e-05	3.4576240635341516e-06				Aque_Aqu2.1.18098-001;Slac_ENSLPGG00000007363	0.00010510904740299329	1.098458816519539e-06										Aque_Aqu2.1.32548-001;Slac_ENSLPGG00000022031	0.0016118061765567644	9.300342416746377e-05	Aque_Aqu2.1.44140-001;Slac_ENSLPGG00000011327	8.885562534779468e-10	0.004116007346990355							Aque_Aqu2.1.43551-001;Slac_ENSLPGG00000007730	0.0005635633996396587	0.0	Aque_Aqu2.1.27832-001;Slac_ENSLPGG00000020470	5.939276265577746e-23	3.423487626718001e-05	Aque_Aqu2.1.37895-001;Slac_ENSLPGG00000013283	1.3041098546376117e-11	2.6704193679793666e-05				Aque_Aqu2.1.37473-001;Slac_ENSLPGG00000022008	0.005287152186636688	5.196572743258641e-21	Aque_Aqu2.1.33612-001;Slac_ENSLPGG00000021127	2.364364427309774e-10	4.213266832952217e-05				Aque_Aqu2.1.16670-001;Slac_ENSLPGG00000012616	1.1218885572570831e-15	0.0002053660933338106				Aque_Aqu2.1.43986-001;Slac_ENSLPGG00000002394	8.331396457690566e-05	1.221392526032047e-23	Aque_Aqu2.1.35253-001;Slac_ENSLPGG00000010273	3.5542328552532075e-13	7.696669701701013e-06				Aque_Aqu2.1.31551-001;Slac_ENSLPGG00000001139	0.0004550419940629617	4.345251405310324e-05	Aque_Aqu2.1.08677-001;Slac_ENSLPGG00000012055	7.208488648075431e-16	4.0874491108281004e-05				Aque_Aqu2.1.42282-001;Slac_ENSLPGG00000028347	0.005464890646670349	0.0004529040169399645							Aque_Aqu2.1.25858-001;Slac_ENSLPGG00000010273	0.007275635945040617	2.2202051016386082e-09			
			Aque_Aqu2.1.37774-001;Slac_ENSLPGG00000012945	7.700554024937936e-21	2.3190635250413133e-06				Aque_Aqu2.1.18098-001;Slac_ENSLPGG00000005401	0.0002927017614354168	8.223884250027323e-36													Aque_Aqu2.1.20046-001;Slac_ENSLPGG00000008927	1.893146120459131e-08	8.998981698858766e-15							Aque_Aqu2.1.18098-001;Slac_ENSLPGG00000005401	0.0002927017614354168	5.984830996195444e-31				Aque_Aqu2.1.38786-001;Slac_ENSLPGG00000005910	1.5584349667584918e-27	3.95349377675779e-06	Aque_Aqu2.1.38191-001;Slac_ENSLPGG00000001288	0.0010813743481752497	4.158989628188462e-07				Aque_Aqu2.1.30397-001;Slac_ENSLPGG00000021584	3.053563844263048e-06	0.0003089125655902511										Aque_Aqu2.1.31388-001;Slac_ENSLPGG00000021402	0.009403421798818682	2.550566114792781e-45	Aque_Aqu2.1.34140-001;Slac_ENSLPGG00000019065	1.662739836406084e-09	5.413313929192906e-06							Aque_Aqu2.1.37101-001;Slac_ENSLPGG00000020470	1.5336636022433145e-08	0.002865326369152078	Aque_Aqu2.1.31486-001;Slac_ENSLPGG00000008285	5.214854471414592e-05	0.0008981154896444996	Aque_Aqu2.1.33760-001;Slac_ENSLPGG00000028782	7.261580714949901e-10	0.00945145044920208				Aque_Aqu2.1.33612-001;Slac_ENSLPGG00000021127	2.364364427309774e-10	0.009342612883849542	Aque_Aqu2.1.44140-001;Slac_ENSLPGG00000009453	3.48170003993214e-101	1.7240464628282283e-09				Aque_Aqu2.1.36131-001;Slac_ENSLPGG00000010304	2.003051125742966e-19	0.003645966134262201				Aque_Aqu2.1.30867-001;Slac_ENSLPGG00000019065	1.3309245062395783e-20	3.613082416273542e-08	Aque_Aqu2.1.41065-001;Slac_ENSLPGG00000020178	0.002433444354028677	0.0010513066033346907				Aque_Aqu2.1.41520-001;Slac_ENSLPGG00000020178	4.988517977277189e-10	5.984877303900408e-05	Aque_Aqu2.1.39244-001;Slac_ENSLPGG00000005573	0.001010022294092888	1.8388841325930993e-07													Aque_Aqu2.1.24520-001;Slac_ENSLPGG00000021392	0.0007999640922228943	0.002927734044611987			
			Aque_Aqu2.1.20046-001;Slac_ENSLPGG00000008927	1.893146120459131e-08	4.196537548175195e-39				Aque_Aqu2.1.35102-001;Slac_ENSLPGG00000025541	1.0235518336439858e-13	0.001138268839913418													Aque_Aqu2.1.33543-001;Slac_ENSLPGG00000028631	2.8949349109542336e-49	3.2071903275261886e-36							Aque_Aqu2.1.44059-001;Slac_ENSLPGG00000002916	3.328730512336417e-05	0.00011693882023847729				Aque_Aqu2.1.33950-001;Slac_ENSLPGG00000006356	4.7618654032696835e-30	0.00011946821970550475	Aque_Aqu2.1.18098-001;Slac_ENSLPGG00000007363	0.00010510904740299329	3.4576240635341516e-06				Aque_Aqu2.1.44322-001;Slac_ENSLPGG00000026466	3.471647089327422e-05	6.925919152411445e-20										Aque_Aqu2.1.41482-001;Slac_ENSLPGG00000019065	2.2364060071655327e-10	3.1496785989591547e-07	Aque_Aqu2.1.30070-001;Slac_ENSLPGG00000017733	1.081345875323221e-06	7.64065571444548e-05							Aque_Aqu2.1.44104-001;Slac_ENSLPGG00000013154	0.004676700161059421	1.4389298873356519e-13	Aque_Aqu2.1.35211-001;Slac_ENSLPGG00000014120	3.46092426890341e-23	0.000944903500654391	Aque_Aqu2.1.28489-001;Slac_ENSLPGG00000009116	4.787491920802856e-09	1.3356495854071297e-16				Aque_Aqu2.1.37473-001;Slac_ENSLPGG00000021402	0.005287152186636688	4.894697548156748e-35	Aque_Aqu2.1.21492-001;Slac_ENSLPGG00000024879	5.352416678551809e-06	2.9834662819941785e-11				Aque_Aqu2.1.33612-001;Slac_ENSLPGG00000002171	2.364364427309774e-10	8.519815430634142e-07				Aque_Aqu2.1.39987-001;Slac_ENSLPGG00000021479	1.1967043055347806e-19	0.008613064062301081	Aque_Aqu2.1.36606-001;Slac_ENSLPGG00000022031	6.429704257152719e-05	6.099419038603397e-08				Aque_Aqu2.1.33622-001;Slac_ENSLPGG00000022031	1.708447263117159e-16	0.009696082349253645	Aque_Aqu2.1.18919-001;Slac_ENSLPGG00000020504	3.781793541868298e-15	0.0006301460132175903													Aque_Aqu2.1.25858-001;Slac_ENSLPGG00000003239	0.007275635945040617	9.769992645110384e-09			
			Aque_Aqu2.1.14137-001;Slac_ENSLPGG00000018350	3.1178299804803794e-58	9.856781704671451e-05				Aque_Aqu2.1.13985-001;Slac_ENSLPGG00000020432	0.007557710813279713	1.057492730615344e-59													Aque_Aqu2.1.29951-001;Slac_ENSLPGG00000018181	0.00022028134504872317	8.363124698016115e-89							Aque_Aqu2.1.43478-001;Slac_ENSLPGG00000005314	2.6663380306377767e-06	0.0003507669302731693				Aque_Aqu2.1.32514-001;Slac_ENSLPGG00000006881	4.735783019066314e-08	4.2842379072043594e-10	Aque_Aqu2.1.35076-001;Slac_ENSLPGG00000016361	8.800316694697123e-05	0.003516997637063783				Aque_Aqu2.1.44059-001;Slac_ENSLPGG00000002916	0.005028374037103343	0.00011693882023847729										Aque_Aqu2.1.25867-001;Slac_ENSLPGG00000012471	2.1213248264626324e-06	3.25051042436473e-08	Aque_Aqu2.1.25867-001;Slac_ENSLPGG00000020470	2.1213248264626324e-06	0.0026781387316083716							Aque_Aqu2.1.41482-001;Slac_ENSLPGG00000006271	2.2364060071655327e-10	9.73403041830119e-05	Aque_Aqu2.1.22593-001;Slac_ENSLPGG00000000696	1.5536730639715765e-15	5.830310343059631e-06	Aque_Aqu2.1.33049-001;Slac_ENSLPGG00000014432	0.00015577197424357952	2.763045349494756e-39				Aque_Aqu2.1.43551-001;Slac_ENSLPGG00000007525	1.0046936470645059e-10	1.1234997919954914e-14	Aque_Aqu2.1.33526-001;Slac_ENSLPGG00000027951	1.448681521009573e-19	0.00012208320266236656				Aque_Aqu2.1.17816-001;Slac_ENSLPGG00000001139	1.1230267612856121e-05	4.69500827060743e-21				Aque_Aqu2.1.41190-001;Slac_ENSLPGG00000009625	3.070020325785256e-26	5.0913304307575685e-05	Aque_Aqu2.1.34863-001;Slac_ENSLPGG00000014139	7.856949568546215e-16	0.0038658422956780927				Aque_Aqu2.1.39919-001;Slac_ENSLPGG00000027773	2.486254135103664e-07	2.3319795781240976e-06	Aque_Aqu2.1.20935-001;Slac_ENSLPGG00000027561	3.0542012146660946e-19	7.099070201361565e-06													Aque_Aqu2.1.42693-001;Slac_ENSLPGG00000015112	5.036351134363364e-08	0.0006580543143154835			
			Aque_Aqu2.1.21796-001;Slac_ENSLPGG00000020424	1.2188109824148507e-117	7.772559752291907e-07				Aque_Aqu2.1.18098-001;Slac_ENSLPGG00000007363	0.0002927017614354168	3.4576240635341516e-06													Aque_Aqu2.1.18098-001;Slac_ENSLPGG00000005401	0.0002927017614354168	8.12420814480801e-72							Aque_Aqu2.1.37748-001;Slac_ENSLPGG00000010195	0.006868279958800548	2.896743808193686e-104				Aque_Aqu2.1.41587-001;Slac_ENSLPGG00000026851	4.966307022303314e-14	3.1378676356872758e-09	Aque_Aqu2.1.44059-001;Slac_ENSLPGG00000001288	0.005028374037103343	4.158989628188462e-07				Aque_Aqu2.1.37818-001;Slac_ENSLPGG00000010551	2.3518338933057015e-06	1.810257039536341e-05										Aque_Aqu2.1.42093-001;Slac_ENSLPGG00000011166	0.0013541819202391105	6.826160582443951e-22	Aque_Aqu2.1.25867-001;Slac_ENSLPGG00000012471	2.1213248264626324e-06	0.0005192764684538317							Aque_Aqu2.1.04953-001;Slac_ENSLPGG00000003184	0.002259735120805645	0.004627095356100038	Aque_Aqu2.1.41482-001;Slac_ENSLPGG00000001139	4.6297900363399465e-06	8.419665194249147e-35	Aque_Aqu2.1.33047-001;Slac_ENSLPGG00000015112	1.344591319154037e-14	0.00018013208566898826				Aque_Aqu2.1.33047-001;Slac_ENSLPGG00000012471	1.344591319154037e-14	0.0005192764684538317	Aque_Aqu2.1.43551-001;Slac_ENSLPGG00000007730	1.0046936470645059e-10	1.282362129818319e-148				Aque_Aqu2.1.17816-001;Slac_ENSLPGG00000007158	1.1230267612856121e-05	1.965018913530473e-21				Aque_Aqu2.1.43252-001;Slac_ENSLPGG00000023417	1.118841022757129e-86	0.0020866515349768724	Aque_Aqu2.1.42203-001;Slac_ENSLPGG00000021186	0.00045457418849529025	1.5866616825505543e-23				Aque_Aqu2.1.43674-001;Slac_ENSLPGG00000007158	4.20083387372124e-06	1.3921670430557845e-07	Aque_Aqu2.1.29714-001;Slac_ENSLPGG00000008036	7.391576077219849e-08	2.4104413034452964e-21													Aque_Aqu2.1.22535-001;Slac_ENSLPGG00000012055	2.039837320551659e-11	4.493408870063082e-05			
			Aque_Aqu2.1.18089-001;Slac_ENSLPGG00000022242	2.3222255630625573e-12	7.582033670849832e-18				Aque_Aqu2.1.37748-001;Slac_ENSLPGG00000010195	0.006868279958800548	2.141499075369723e-85													Aque_Aqu2.1.18089-001;Slac_ENSLPGG00000022242	2.3222255630625573e-12	0.005393070509171903							Aque_Aqu2.1.25460-001;Slac_ENSLPGG00000025767	1.0806839649739981e-05	9.935261666785832e-05				Aque_Aqu2.1.41935-001;Slac_ENSLPGG00000012592	3.900652244068748e-22	0.0002193852230103154	Aque_Aqu2.1.32946-001;Slac_ENSLPGG00000010832	1.2237849702064396e-05	0.0034182046854774753				Aque_Aqu2.1.40203-001;Slac_ENSLPGG00000002568	0.0013464931527623718	2.3451780109807946e-07										Aque_Aqu2.1.33622-001;Slac_ENSLPGG00000013283	3.31852085524485e-07	2.6704193679793666e-05	Aque_Aqu2.1.33622-001;Slac_ENSLPGG00000021127	3.31852085524485e-07	0.009342612883849542							Aque_Aqu2.1.44243-001;Slac_ENSLPGG00000008996	2.521644079706085e-10	0.00012714480608127604	Aque_Aqu2.1.44140-001;Slac_ENSLPGG00000009116	1.646659288707431e-78	3.098026050711895e-06	Aque_Aqu2.1.25858-001;Slac_ENSLPGG00000011715	5.683206485678387e-42	0.0015163362896410573				Aque_Aqu2.1.17816-001;Slac_ENSLPGG00000019065	1.1230267612856121e-05	5.413313929192906e-06	Aque_Aqu2.1.09103-001;Slac_ENSLPGG00000028461	6.273425838176239e-12	3.048826496448948e-05				Aque_Aqu2.1.25311-001;Slac_ENSLPGG00000008894	1.4814822028446626e-18	0.0064461996484774815				Aque_Aqu2.1.43252-001;Slac_ENSLPGG00000025032	1.118841022757129e-86	0.0048544539686617314	Aque_Aqu2.1.37486-001;Slac_ENSLPGG00000021186	5.791765336917085e-10	1.5866616825505543e-23				Aque_Aqu2.1.30867-001;Slac_ENSLPGG00000019065	1.3309245062395783e-20	0.006927108559854214	Aque_Aqu2.1.31551-001;Slac_ENSLPGG00000001139	0.0004550419940629617	4.69500827060743e-21													Aque_Aqu2.1.28223-001;Slac_ENSLPGG00000007730	0.0016953682702729052	2.2613124646670964e-33			
			Aque_Aqu2.1.21173-001;Slac_ENSLPGG00000000841	2.876219777214923e-55	1.9684137217738545e-10				Aque_Aqu2.1.29482-001;Slac_ENSLPGG00000022242	0.006815611909410816	0.00015899456075697585													Aque_Aqu2.1.41390-001;Slac_ENSLPGG00000028423	3.0773166485449188e-12	0.0009214478363216374							Aque_Aqu2.1.20710-001;Slac_ENSLPGG00000024377	2.4308098953169308e-09	0.0035848387122747664				Aque_Aqu2.1.39902-001;Slac_ENSLPGG00000028596	3.411665645470714e-24	0.00011284612518204165	Aque_Aqu2.1.42087-001;Slac_ENSLPGG00000011075	0.001998237992359187	0.0019043877830186178				Aque_Aqu2.1.44059-001;Slac_ENSLPGG00000001288	0.005028374037103343	3.761669063371938e-12										Aque_Aqu2.1.34140-001;Slac_ENSLPGG00000003645	1.662739836406084e-09	2.455428195900785e-11	Aque_Aqu2.1.24276-001;Slac_ENSLPGG00000022619	2.4507403536374703e-05	1.257391963843722e-05							Aque_Aqu2.1.43551-001;Slac_ENSLPGG00000018987	0.0005635633996396587	8.336789136783278e-158	Aque_Aqu2.1.39761-001;Slac_ENSLPGG00000028345	3.393314768941332e-10	0.0003933860879960206	Aque_Aqu2.1.44197-001;Slac_ENSLPGG00000006271	1.6113923010411783e-24	0.00010329686300105768				Aque_Aqu2.1.42226-001;Slac_ENSLPGG00000017391	5.1378685834667525e-18	0.006972477302774771	Aque_Aqu2.1.37895-001;Slac_ENSLPGG00000021127	1.3041098546376117e-11	4.213266832952217e-05				Aque_Aqu2.1.24504-001;Slac_ENSLPGG00000020039	0.0026964079901808688	6.67336003824043e-05				Aque_Aqu2.1.43982-001;Slac_ENSLPGG00000010137	0.00026536629051856613	2.3938613340873506e-10	Aque_Aqu2.1.42203-001;Slac_ENSLPGG00000008996	0.00045457418849529025	2.383566135459776e-06				Aque_Aqu2.1.41619-001;Slac_ENSLPGG00000007581	0.0001135500444194301	0.0013383589210053243	Aque_Aqu2.1.43329-001;Slac_ENSLPGG00000007568	2.4503123309393326e-14	0.006606540174613964													Aque_Aqu2.1.39784-001;Slac_ENSLPGG00000008251	0.00499087858669987	9.16661881751561e-07			
			Aque_Aqu2.1.43688-001;Slac_ENSLPGG00000012592	4.4253445921185735e-29	0.0002193852230103154																			Aque_Aqu2.1.44059-001;Slac_ENSLPGG00000001288	3.328730512336417e-05	1.312343505988986e-07							Aque_Aqu2.1.22401-001;Slac_ENSLPGG00000012774	4.6935789578460313e-07	0.0028969510991769007				Aque_Aqu2.1.25405-001;Slac_ENSLPGG00000020148	1.4898002779454198e-09	9.928657817269311e-10	Aque_Aqu2.1.40665-001;Slac_ENSLPGG00000005591	0.00021493574797533103	0.004779590448303754				Aque_Aqu2.1.22401-001;Slac_ENSLPGG00000012774	0.0037221543277840977	0.0028969510991769007										Aque_Aqu2.1.36606-001;Slac_ENSLPGG00000022031	5.622930540080185e-07	9.300342416746377e-05	Aque_Aqu2.1.21070-001;Slac_ENSLPGG00000020792	2.2386106342208852e-10	0.00022040338396253905							Aque_Aqu2.1.41482-001;Slac_ENSLPGG00000019065	2.2364060071655327e-10	4.280743164546749e-06	Aque_Aqu2.1.38596-001;Slac_ENSLPGG00000027951	6.485696048108517e-11	0.00012208320266236656	Aque_Aqu2.1.23389-001;Slac_ENSLPGG00000012055	1.181117757917774e-23	0.0013159312919552733				Aque_Aqu2.1.44214-001;Slac_ENSLPGG00000007955	3.0665856474314364e-10	0.0010077057716323732	Aque_Aqu2.1.42183-001;Slac_ENSLPGG00000007955	3.3931647854373665e-10	1.9750808972902473e-05				Aque_Aqu2.1.31155-001;Slac_ENSLPGG00000007581	9.301095207914966e-14	0.0001802338208940245				Aque_Aqu2.1.23692-001;Slac_ENSLPGG00000010273	1.2841772084763492e-19	1.6978492039766335e-05	Aque_Aqu2.1.37486-001;Slac_ENSLPGG00000008996	5.791765336917085e-10	2.383566135459776e-06				Aque_Aqu2.1.32890-001;Slac_ENSLPGG00000028356	8.175377015812928e-08	0.008073199099584266	Aque_Aqu2.1.41892-001;Slac_ENSLPGG00000007525	5.2142493076430264e-14	2.4280532106859597e-36													Aque_Aqu2.1.38560-001;Slac_ENSLPGG00000006923	0.0082153950342929	0.002221821992867286			
			Aque_Aqu2.1.33950-001;Slac_ENSLPGG00000012592	2.1143479916429974e-48	0.0002193852230103154																			Aque_Aqu2.1.44322-001;Slac_ENSLPGG00000026466	8.465724691870346e-08	1.840940775624098e-05							Aque_Aqu2.1.32935-001;Slac_ENSLPGG00000009421	0.0003373941448991585	3.417727827049354e-05				Aque_Aqu2.1.37774-001;Slac_ENSLPGG00000007363	1.1664395148299226e-05	1.0730688891472475e-22	Aque_Aqu2.1.38196-001;Slac_ENSLPGG00000005591	9.798282053904682e-05	0.004779590448303754				Aque_Aqu2.1.16571-001;Slac_ENSLPGG00000020828	0.005628136481786458	0.004712837550545119										Aque_Aqu2.1.33604-001;Slac_ENSLPGG00000020709	0.003957618782661046	7.28265114704908e-05	Aque_Aqu2.1.29497-001;Slac_ENSLPGG00000014782	0.009540321936991298	2.216785442425679e-52							Aque_Aqu2.1.17816-001;Slac_ENSLPGG00000001139	0.009367143325851741	4.69500827060743e-21	Aque_Aqu2.1.37895-001;Slac_ENSLPGG00000010506	1.8087908043811806e-10	0.002698921680975058	Aque_Aqu2.1.33526-001;Slac_ENSLPGG00000027951	1.448681521009573e-19	0.0013402074915596252				Aque_Aqu2.1.35056-001;Slac_ENSLPGG00000026207	0.002150578357557862	2.1160037393033723e-06	Aque_Aqu2.1.44214-001;Slac_ENSLPGG00000007955	3.0665856474314364e-10	1.9750808972902473e-05				Aque_Aqu2.1.27287-001;Slac_ENSLPGG00000013677	3.770990768672222e-45	0.005495034940183072				Aque_Aqu2.1.43984-001;Slac_ENSLPGG00000026507	4.479650965828285e-09	0.0078094701130997455	Aque_Aqu2.1.22332-001;Slac_ENSLPGG00000013772	9.838828213524885e-12	0.0008831121506401709				Aque_Aqu2.1.42203-001;Slac_ENSLPGG00000021186	0.00045457418849529025	2.0188353322288348e-10	Aque_Aqu2.1.39916-001;Slac_ENSLPGG00000007568	2.688541540398142e-13	0.006606540174613964													Aque_Aqu2.1.25311-001;Slac_ENSLPGG00000008894	0.0008485015888837467	0.005783077781756294			
			Aque_Aqu2.1.35076-001;Slac_ENSLPGG00000016361	2.7257506921365438e-27	0.00012995627939498612																			Aque_Aqu2.1.37748-001;Slac_ENSLPGG00000010195	0.006868279958800548	7.49018270378121e-168							Aque_Aqu2.1.27834-001;Slac_ENSLPGG00000017167	3.1136744770147465e-05	0.0007147213008839205				Aque_Aqu2.1.23425-001;Slac_ENSLPGG00000028596	5.611075888207551e-26	0.00011284612518204165	Aque_Aqu2.1.40665-001;Slac_ENSLPGG00000018877	0.00021493574797533103	0.00392952914647774				Aque_Aqu2.1.27249-001;Slac_ENSLPGG00000018350	0.007293080990685721	0.002089581030277504										Aque_Aqu2.1.32548-001;Slac_ENSLPGG00000021127	0.0016118061765567644	0.00026020690407486225	Aque_Aqu2.1.44280-001;Slac_ENSLPGG00000021800	3.113278684368793e-07	2.5495500804048876e-06							Aque_Aqu2.1.33622-001;Slac_ENSLPGG00000022031	3.31852085524485e-07	0.00010266030155833447	Aque_Aqu2.1.28493-001;Slac_ENSLPGG00000009116	8.33193295587791e-14	3.098026050711895e-06	Aque_Aqu2.1.37895-001;Slac_ENSLPGG00000021127	1.3041098546376117e-11	0.00026020690407486225				Aque_Aqu2.1.43365-001;Slac_ENSLPGG00000022615	0.00028673153734273344	4.521418014203203e-05	Aque_Aqu2.1.40333-001;Slac_ENSLPGG00000015465	1.525995245934674e-06	8.000284071629496e-11				Aque_Aqu2.1.22786-001;Slac_ENSLPGG00000017086	1.95365976202051e-08	1.4868985767209912e-07				Aque_Aqu2.1.42065-001;Slac_ENSLPGG00000022563	5.305955151225863e-07	5.085732044321034e-17	Aque_Aqu2.1.28223-001;Slac_ENSLPGG00000011839	1.3844036382592803e-13	6.039500918035304e-05				Aque_Aqu2.1.42077-001;Slac_ENSLPGG00000024184	2.5024776515125946e-13	8.199738945854912e-06	Aque_Aqu2.1.34140-001;Slac_ENSLPGG00000003645	1.0121820050408576e-29	6.4337355297277255e-09													Aque_Aqu2.1.34348-001;Slac_ENSLPGG00000012713	0.00010796781104150981	0.005865967933476736			
			Aque_Aqu2.1.29717-001;Slac_ENSLPGG00000007301	6.890724883725895e-35	2.5640048301886434e-12																			Aque_Aqu2.1.32514-001;Slac_ENSLPGG00000018350	0.00026784013402817586	0.0002517678430115775							Aque_Aqu2.1.38316-001;Slac_ENSLPGG00000017820	0.007366257446536482	2.329296900107981e-06				Aque_Aqu2.1.42087-001;Slac_ENSLPGG00000022449	0.001998237992359187	4.232134737239487e-36	Aque_Aqu2.1.38196-001;Slac_ENSLPGG00000018877	9.798282053904682e-05	0.00392952914647774				Aque_Aqu2.1.38196-001;Slac_ENSLPGG00000005591	9.798282053904682e-05	0.0029986933692681596										Aque_Aqu2.1.28492-001;Slac_ENSLPGG00000009116	4.609852878565774e-24	1.3356495854071297e-16	Aque_Aqu2.1.44218-001;Slac_ENSLPGG00000007955	1.5630724984533242e-08	0.0010077057716323732							Aque_Aqu2.1.33622-001;Slac_ENSLPGG00000021127	3.31852085524485e-07	0.00037730423206785676	Aque_Aqu2.1.35499-001;Slac_ENSLPGG00000009116	1.1523800383696093e-27	3.098026050711895e-06	Aque_Aqu2.1.37895-001;Slac_ENSLPGG00000022031	1.3041098546376117e-11	9.300342416746377e-05				Aque_Aqu2.1.42183-001;Slac_ENSLPGG00000007955	3.3931647854373665e-10	0.0010077057716323732	Aque_Aqu2.1.36296-001;Slac_ENSLPGG00000028356	2.2413866662193796e-08	2.097030126413491e-05				Aque_Aqu2.1.25581-001;Slac_ENSLPGG00000026540	1.7059997107918852e-06	6.185427737645644e-61				Aque_Aqu2.1.43424-001;Slac_ENSLPGG00000005147	0.0012621293882631977	1.0810235518837177e-05	Aque_Aqu2.1.31551-001;Slac_ENSLPGG00000019065	0.0004550419940629617	0.002143493550466423				Aque_Aqu2.1.28453-001;Slac_ENSLPGG00000026946	1.0394247470338174e-05	0.0007576152612991031	Aque_Aqu2.1.23692-001;Slac_ENSLPGG00000015112	1.2841772084763492e-19	6.110427182401843e-06													Aque_Aqu2.1.39784-001;Slac_ENSLPGG00000010787	0.00499087858669987	1.3604346982340432e-05			
			Aque_Aqu2.1.42087-001;Slac_ENSLPGG00000011075	4.453201835818651e-25	0.0003488260109053289																			Aque_Aqu2.1.11387-001;Slac_ENSLPGG00000006881	0.00015458593629202684	0.0019243758484575122							Aque_Aqu2.1.18098-001;Slac_ENSLPGG00000007363	0.0002927017614354168	1.098458816519539e-06				Aque_Aqu2.1.16620-001;Slac_ENSLPGG00000009756	5.117152723494208e-38	1.0854540543354014e-05	Aque_Aqu2.1.40651-001;Slac_ENSLPGG00000004266	0.0014029469417940314	5.3815161073915584e-05				Aque_Aqu2.1.40665-001;Slac_ENSLPGG00000005591	0.00021493574797533103	0.0029986933692681596										Aque_Aqu2.1.37101-001;Slac_ENSLPGG00000015112	1.5336636022433145e-08	0.00018013208566898826	Aque_Aqu2.1.42077-001;Slac_ENSLPGG00000023634	1.6179795020463484e-12	0.005827419773674819							Aque_Aqu2.1.41482-001;Slac_ENSLPGG00000021520	2.2364060071655327e-10	0.001418103085264237	Aque_Aqu2.1.38752-001;Slac_ENSLPGG00000014037	8.898107358929214e-33	9.215098691457013e-15	Aque_Aqu2.1.44079-001;Slac_ENSLPGG00000025842	6.321946868532812e-06	5.791004440231865e-07				Aque_Aqu2.1.36608-001;Slac_ENSLPGG00000019073	7.508035989768948e-11	4.895501066863879e-05	Aque_Aqu2.1.20108-001;Slac_ENSLPGG00000019235	0.0001996471342094305	3.8954346900669975e-11				Aque_Aqu2.1.44197-001;Slac_ENSLPGG00000021520	1.6113923010411783e-24	0.001418103085264237				Aque_Aqu2.1.21880-001;Slac_ENSLPGG00000008528	1.2898596676934027e-28	3.0019923230811625e-09	Aque_Aqu2.1.36779-001;Slac_ENSLPGG00000020178	2.0751669503159548e-16	0.0010513066033346907				Aque_Aqu2.1.41065-001;Slac_ENSLPGG00000020178	0.002433444354028677	5.984877303900408e-05	Aque_Aqu2.1.36606-001;Slac_ENSLPGG00000010506	6.429704257152719e-05	1.263049125259277e-07													Aque_Aqu2.1.28301-001;Slac_ENSLPGG00000012506	8.582889212601913e-05	1.2928363628897202e-07			
			Aque_Aqu2.1.37774-001;Slac_ENSLPGG00000009756	7.700554024937936e-21	1.0854540543354014e-05																			Aque_Aqu2.1.32514-001;Slac_ENSLPGG00000006881	0.00026784013402817586	0.0019243758484575122							Aque_Aqu2.1.32514-001;Slac_ENSLPGG00000018350	0.00026784013402817586	0.002089581030277504				Aque_Aqu2.1.15175-001;Slac_ENSLPGG00000009756	1.7807654417352274e-13	1.0854540543354014e-05							Aque_Aqu2.1.38196-001;Slac_ENSLPGG00000018877	9.798282053904682e-05	0.007645655239505067										Aque_Aqu2.1.36606-001;Slac_ENSLPGG00000021127	5.622930540080185e-07	0.00026020690407486225	Aque_Aqu2.1.17816-001;Slac_ENSLPGG00000019065	0.009367143325851741	5.413313929192906e-06							Aque_Aqu2.1.42743-001;Slac_ENSLPGG00000010054	0.006174926946827125	1.088065138152273e-05	Aque_Aqu2.1.31859-001;Slac_ENSLPGG00000025722	0.004697429935254067	1.3456439192448823e-08	Aque_Aqu2.1.39254-001;Slac_ENSLPGG00000015421	2.9509973252685446e-05	8.153262125742887e-07				Aque_Aqu2.1.39703-001;Slac_ENSLPGG00000021186	6.740072048541467e-12	6.881624328924807e-14	Aque_Aqu2.1.04817-001;Slac_ENSLPGG00000016836	2.5806510890960834e-15	5.186576302702321e-08				Aque_Aqu2.1.44676-001;Slac_ENSLPGG00000011839	0.0015947909906532027	2.3607637339619418e-11				Aque_Aqu2.1.34140-001;Slac_ENSLPGG00000019065	1.0121820050408576e-29	3.613082416273542e-08	Aque_Aqu2.1.17816-001;Slac_ENSLPGG00000001139	0.004846158259488255	1.7584177041274718e-41				Aque_Aqu2.1.29714-001;Slac_ENSLPGG00000008036	7.391576077219849e-08	0.0038968647185279024	Aque_Aqu2.1.40376-001;Slac_ENSLPGG00000001593	5.626029519789693e-17	6.64209136246941e-10													Aque_Aqu2.1.39784-001;Slac_ENSLPGG00000011679	0.00499087858669987	6.653444638887422e-06			
			Aque_Aqu2.1.22535-001;Slac_ENSLPGG00000012055	7.166399470023436e-67	5.3016134566162584e-05																			Aque_Aqu2.1.13985-001;Slac_ENSLPGG00000020432	0.007557710813279713	8.29687771191368e-30							Aque_Aqu2.1.13985-001;Slac_ENSLPGG00000020432	0.007557710813279713	3.2079030839699014e-26				Aque_Aqu2.1.41935-001;Slac_ENSLPGG00000006356	3.900652244068748e-22	0.00011946821970550475							Aque_Aqu2.1.40665-001;Slac_ENSLPGG00000018877	0.00021493574797533103	0.007645655239505067										Aque_Aqu2.1.43329-001;Slac_ENSLPGG00000007568	6.309083453842146e-05	0.0003309738114116406	Aque_Aqu2.1.43551-001;Slac_ENSLPGG00000007730	0.0005635633996396587	1.7449377494689486e-149							Aque_Aqu2.1.43955-001;Slac_ENSLPGG00000029175	3.800791899031852e-09	0.0074492566021267	Aque_Aqu2.1.42183-001;Slac_ENSLPGG00000007955	6.985331522353285e-12	1.9750808972902473e-05	Aque_Aqu2.1.25933-001;Slac_ENSLPGG00000008098	0.00349277941307751	1.2879272375444677e-11				Aque_Aqu2.1.35503-001;Slac_ENSLPGG00000003499	6.524992042139891e-05	5.445813126634208e-10	Aque_Aqu2.1.34441-001;Slac_ENSLPGG00000010137	8.94792185533382e-40	0.001790020645015706				Aque_Aqu2.1.34441-001;Slac_ENSLPGG00000021750	8.94792185533382e-40	0.0020523696888412233				Aque_Aqu2.1.23692-001;Slac_ENSLPGG00000026948	1.2841772084763492e-19	0.005553210951833313	Aque_Aqu2.1.40376-001;Slac_ENSLPGG00000001593	5.626029519789693e-17	2.610966808913046e-05				Aque_Aqu2.1.43674-001;Slac_ENSLPGG00000001139	4.20083387372124e-06	4.345251405310324e-05	Aque_Aqu2.1.28497-001;Slac_ENSLPGG00000009116	6.265744639493593e-06	1.187914787539918e-27													Aque_Aqu2.1.28194-001;Slac_ENSLPGG00000011679	0.0045912394646443755	6.653444638887422e-06			
			Aque_Aqu2.1.41935-001;Slac_ENSLPGG00000012592	5.591333443268466e-36	0.0002193852230103154																			Aque_Aqu2.1.30395-001;Slac_ENSLPGG00000011626	6.234964103978512e-06	5.951518931550513e-09													Aque_Aqu2.1.27013-001;Slac_ENSLPGG00000000546	1.2300835590623487e-13	8.768903459307528e-05							Aque_Aqu2.1.35784-001;Slac_ENSLPGG00000018350	0.009574345140455574	0.002089581030277504										Aque_Aqu2.1.43329-001;Slac_ENSLPGG00000028356	6.309083453842146e-05	6.775257991661166e-05	Aque_Aqu2.1.44243-001;Slac_ENSLPGG00000021186	2.521644079706085e-10	6.881624328924807e-14							Aque_Aqu2.1.23247-001;Slac_ENSLPGG00000014386	1.1200245995874174e-06	5.849415967300882e-13	Aque_Aqu2.1.44140-001;Slac_ENSLPGG00000009453	1.646659288707431e-78	1.7240464628282283e-09	Aque_Aqu2.1.36296-001;Slac_ENSLPGG00000007568	2.2413866662193796e-08	0.0003309738114116406				Aque_Aqu2.1.44218-001;Slac_ENSLPGG00000007955	2.1931163753421432e-08	0.0010077057716323732	Aque_Aqu2.1.42228-001;Slac_ENSLPGG00000017391	4.994238017866032e-07	0.0005938302939968093				Aque_Aqu2.1.34263-001;Slac_ENSLPGG00000015631	5.189591029528842e-07	1.9985066974402838e-16				Aque_Aqu2.1.33443-001;Slac_ENSLPGG00000007525	4.986367745258103e-05	1.2026125316824048e-14	Aque_Aqu2.1.41892-001;Slac_ENSLPGG00000011839	5.2142493076430264e-14	6.039500918035304e-05				Aque_Aqu2.1.33604-001;Slac_ENSLPGG00000020709	0.00018672684408454628	0.007928578932790564	Aque_Aqu2.1.39672-001;Slac_ENSLPGG00000002171	1.7219934783810546e-24	8.519815430634142e-07													Aque_Aqu2.1.21076-001;Slac_ENSLPGG00000021255	0.009677100769817697	8.053308969477697e-05			
			Aque_Aqu2.1.39784-001;Slac_ENSLPGG00000011679	1.5219993781510476e-58	0.0005453822821599694																			Aque_Aqu2.1.29482-001;Slac_ENSLPGG00000022242	0.006815611909410816	0.005393070509171903													Aque_Aqu2.1.32713-001;Slac_ENSLPGG00000005083	7.514791524635885e-08	3.3662088198379713e-09							Aque_Aqu2.1.40651-001;Slac_ENSLPGG00000004266	0.0014029469417940314	0.0009571061117061475										Aque_Aqu2.1.33448-001;Slac_ENSLPGG00000011166	0.0009419018553175181	6.826160582443951e-22	Aque_Aqu2.1.33448-001;Slac_ENSLPGG00000011166	0.0009419018553175181	1.1662929005977234e-06							Aque_Aqu2.1.33622-001;Slac_ENSLPGG00000016891	3.31852085524485e-07	0.0031309119165275016	Aque_Aqu2.1.41509-001;Slac_ENSLPGG00000020963	0.00025303159452439957	1.3939522870435003e-08	Aque_Aqu2.1.43264-001;Slac_ENSLPGG00000017003	0.00010354402561118752	0.0010648454651062261				Aque_Aqu2.1.42228-001;Slac_ENSLPGG00000017391	4.994238017866032e-07	0.006972477302774771	Aque_Aqu2.1.43733-001;Slac_ENSLPGG00000015888	4.248328240934453e-206	0.0006916594577877405				Aque_Aqu2.1.37895-001;Slac_ENSLPGG00000022031	1.3041098546376117e-11	0.00010266030155833447				Aque_Aqu2.1.33635-001;Slac_ENSLPGG00000012471	0.00010669886911690847	9.012536840606819e-20	Aque_Aqu2.1.37407-001;Slac_ENSLPGG00000020178	5.959310045388851e-09	0.0010513066033346907				Aque_Aqu2.1.31064-001;Slac_ENSLPGG00000021800	0.00019272678791150202	1.377967179154152e-07	Aque_Aqu2.1.41482-001;Slac_ENSLPGG00000007158	2.257130122823816e-08	1.965018913530473e-21													Aque_Aqu2.1.39784-001;Slac_ENSLPGG00000014570	0.00499087858669987	0.0016118636451360351			
			Aque_Aqu2.1.27294-001;Slac_ENSLPGG00000006356	6.379913106281972e-32	0.00011946821970550475																																		Aque_Aqu2.1.40665-001;Slac_ENSLPGG00000005591	0.00021493574797533103	9.889588770014423e-19																			Aque_Aqu2.1.38752-001;Slac_ENSLPGG00000013069	2.5967541173213717e-13	4.510390699375658e-16	Aque_Aqu2.1.44104-001;Slac_ENSLPGG00000013804	0.004676700161059421	0.0007362327321683684							Aque_Aqu2.1.17816-001;Slac_ENSLPGG00000007158	0.009367143325851741	1.965018913530473e-21	Aque_Aqu2.1.38393-001;Slac_ENSLPGG00000013990	0.0013844564169838704	5.561679774912e-16	Aque_Aqu2.1.41583-001;Slac_ENSLPGG00000030274	1.075194399407091e-28	0.001650288564594962				Aque_Aqu2.1.16006-001;Slac_ENSLPGG00000013274	3.954070820268625e-14	0.00476061786948733	Aque_Aqu2.1.42700-001;Slac_ENSLPGG00000000696	7.021913672654355e-09	5.830310343059631e-06				Aque_Aqu2.1.43267-001;Slac_ENSLPGG00000027461	8.90115453538391e-10	0.0009589227281603336				Aque_Aqu2.1.28453-001;Slac_ENSLPGG00000026946	1.0394247470338174e-05	1.0178599160302201e-15	Aque_Aqu2.1.30867-001;Slac_ENSLPGG00000019065	1.3309245062395783e-20	0.002143493550466423				Aque_Aqu2.1.42093-001;Slac_ENSLPGG00000011166	0.0006886285707111513	1.8668283250801275e-07	Aque_Aqu2.1.31385-001;Slac_ENSLPGG00000021402	0.0004221664291573433	3.140876910125486e-98													Aque_Aqu2.1.28194-001;Slac_ENSLPGG00000014570	0.0045912394646443755	0.0016118636451360351			
			Aque_Aqu2.1.27294-001;Slac_ENSLPGG00000028596	6.379913106281972e-32	0.00011284612518204165																																		Aque_Aqu2.1.18098-001;Slac_ENSLPGG00000007363	0.00010510904740299329	1.0730688891472475e-22																			Aque_Aqu2.1.33526-001;Slac_ENSLPGG00000027951	2.6530378615446102e-11	0.0013402074915596252	Aque_Aqu2.1.38596-001;Slac_ENSLPGG00000027951	0.001542624236740881	1.8275038755462968e-07							Aque_Aqu2.1.21070-001;Slac_ENSLPGG00000020792	2.2386106342208852e-10	9.078318830498711e-05	Aque_Aqu2.1.38181-001;Slac_ENSLPGG00000021186	0.0014557742047692525	1.7535438192775834e-53	Aque_Aqu2.1.44676-001;Slac_ENSLPGG00000007525	0.0015947909906532027	3.5619051390972777e-23				Aque_Aqu2.1.38393-001;Slac_ENSLPGG00000013990	0.0003197347290015396	0.00011171948951548569	Aque_Aqu2.1.26984-001;Slac_ENSLPGG00000000391	0.0001235028083498667	0.0006129685157230427				Aque_Aqu2.1.33612-001;Slac_ENSLPGG00000022031	2.364364427309774e-10	0.00010266030155833447				Aque_Aqu2.1.43267-001;Slac_ENSLPGG00000017003	3.1038449995845004e-09	0.0007146712202704738	Aque_Aqu2.1.34140-001;Slac_ENSLPGG00000019065	1.0121820050408576e-29	0.002143493550466423				Aque_Aqu2.1.20046-001;Slac_ENSLPGG00000008927	0.00911986550103098	2.3727793881261183e-06	Aque_Aqu2.1.44243-001;Slac_ENSLPGG00000008996	2.5819489532558422e-23	0.00012714480608127604													Aque_Aqu2.1.39784-001;Slac_ENSLPGG00000005398	0.00499087858669987	0.0007898552266049389			
			Aque_Aqu2.1.41587-001;Slac_ENSLPGG00000026851	6.284211007424334e-22	3.1378676356872758e-09																																		Aque_Aqu2.1.05699-001;Slac_ENSLPGG00000000841	5.104233303087029e-07	1.9684137217738545e-10																			Aque_Aqu2.1.44243-001;Slac_ENSLPGG00000008996	2.521644079706085e-10	1.5171894313138206e-05	Aque_Aqu2.1.28492-001;Slac_ENSLPGG00000009116	4.609852878565774e-24	0.001396822626426671							Aque_Aqu2.1.36606-001;Slac_ENSLPGG00000022031	5.622930540080185e-07	0.00010266030155833447	Aque_Aqu2.1.34441-001;Slac_ENSLPGG00000021750	7.219142937079096e-31	0.007143211701726101	Aque_Aqu2.1.39703-001;Slac_ENSLPGG00000021186	6.740072048541467e-12	5.034074710478306e-19				Aque_Aqu2.1.13800-001;Slac_ENSLPGG00000009267	0.0018692337907015642	2.347128992672528e-05	Aque_Aqu2.1.38596-001;Slac_ENSLPGG00000027951	4.915425379001228e-11	0.00012208320266236656				Aque_Aqu2.1.21828-001;Slac_ENSLPGG00000020173	1.8034312828333696e-13	0.0019858063007258814				Aque_Aqu2.1.35253-001;Slac_ENSLPGG00000018041	3.5542328552532075e-13	0.0017530359823746317	Aque_Aqu2.1.40738-001;Slac_ENSLPGG00000012981	6.218782870818954e-08	1.3335247027011732e-14				Aque_Aqu2.1.33673-001;Slac_ENSLPGG00000012616	0.000628276188921932	5.4497946959940194e-05	Aque_Aqu2.1.37407-001;Slac_ENSLPGG00000020178	5.959310045388851e-09	5.203780196752114e-10													Aque_Aqu2.1.28194-001;Slac_ENSLPGG00000005398	0.0045912394646443755	0.0007898552266049389			
			Aque_Aqu2.1.30397-001;Slac_ENSLPGG00000021584	2.6826963318527086e-11	6.413530410769873e-10																																		Aque_Aqu2.1.39784-001;Slac_ENSLPGG00000011679	1.2448380479041398e-26	0.0005453822821599694																			Aque_Aqu2.1.04953-001;Slac_ENSLPGG00000003184	0.002259735120805645	0.001403641674023249	Aque_Aqu2.1.44243-001;Slac_ENSLPGG00000008996	2.521644079706085e-10	0.004729488519637293							Aque_Aqu2.1.36606-001;Slac_ENSLPGG00000021127	5.622930540080185e-07	0.00037730423206785676	Aque_Aqu2.1.37895-001;Slac_ENSLPGG00000021127	1.8087908043811806e-10	4.213266832952217e-05	Aque_Aqu2.1.36131-001;Slac_ENSLPGG00000010304	2.003051125742966e-19	0.004020591594196844				Aque_Aqu2.1.35933-001;Slac_ENSLPGG00000025842	0.006102389690745236	3.740481260343118e-05	Aque_Aqu2.1.44140-001;Slac_ENSLPGG00000009116	3.48170003993214e-101	3.098026050711895e-06				Aque_Aqu2.1.36608-001;Slac_ENSLPGG00000019073	7.508035989768948e-11	2.5841580233809814e-09				Aque_Aqu2.1.38811-001;Slac_ENSLPGG00000025361	1.675913801095585e-07	1.539165167387563e-06	Aque_Aqu2.1.36574-001;Slac_ENSLPGG00000014139	0.0004940940652812278	0.0038658422956780927				Aque_Aqu2.1.26973-001;Slac_ENSLPGG00000012471	1.8757648248382616e-05	0.005559596267054266	Aque_Aqu2.1.43984-001;Slac_ENSLPGG00000002394	4.479650965828285e-09	5.007210728751153e-45													Aque_Aqu2.1.36281-001;Slac_ENSLPGG00000027374	0.0019138750443887618	0.007210397688746341			
			Aque_Aqu2.1.37747-001;Slac_ENSLPGG00000013980	1.520304058493942e-143	0.0001226268084717703																																		Aque_Aqu2.1.14137-001;Slac_ENSLPGG00000014668	7.583517125849063e-42	0.0013743888988443865																			Aque_Aqu2.1.33622-001;Slac_ENSLPGG00000022031	3.31852085524485e-07	9.300342416746377e-05	Aque_Aqu2.1.23414-001;Slac_ENSLPGG00000002095	1.6439830959473454e-05	0.002634358102591382							Aque_Aqu2.1.35781-001;Slac_ENSLPGG00000007429	0.0002769383255997843	1.4497953333836968e-05	Aque_Aqu2.1.44197-001;Slac_ENSLPGG00000019065	2.2714847576806134e-31	7.25760385061524e-06	Aque_Aqu2.1.44104-001;Slac_ENSLPGG00000013804	3.4947931478476343e-10	0.00037271070414575906				Aque_Aqu2.1.19922-001;Slac_ENSLPGG00000008987	1.1973175788444056e-06	0.005751196968137072	Aque_Aqu2.1.38687-001;Slac_ENSLPGG00000023112	2.654488101058108e-41	0.0003324703807620784				Aque_Aqu2.1.44214-001;Slac_ENSLPGG00000007955	3.0665856474314364e-10	0.00014151882699190365				Aque_Aqu2.1.36606-001;Slac_ENSLPGG00000002171	6.429704257152719e-05	7.388655311919578e-20	Aque_Aqu2.1.34863-001;Slac_ENSLPGG00000015562	7.856949568546215e-16	0.008175833913661248				Aque_Aqu2.1.36578-001;Slac_ENSLPGG00000011207	5.891129462767358e-17	0.0032974355966670183	Aque_Aqu2.1.32890-001;Slac_ENSLPGG00000028356	8.175377015812928e-08	3.148644495988388e-07													Aque_Aqu2.1.42226-001;Slac_ENSLPGG00000018126	0.0005179452314931064	5.5436774813796546e-05			
			Aque_Aqu2.1.41621-001;Slac_ENSLPGG00000018880	1.7335877317951547e-90	1.8659767311661218e-08																																		Aque_Aqu2.1.39902-001;Slac_ENSLPGG00000012592	3.411665645470714e-24	0.0002193852230103154																			Aque_Aqu2.1.41482-001;Slac_ENSLPGG00000006271	2.2364060071655327e-10	0.00010329686300105768	Aque_Aqu2.1.42093-001;Slac_ENSLPGG00000011166	0.0013541819202391105	1.1662929005977234e-06							Aque_Aqu2.1.24879-001;Slac_ENSLPGG00000015293	0.0005023866135471616	1.2577896648206847e-10	Aque_Aqu2.1.37895-001;Slac_ENSLPGG00000011588	1.8087908043811806e-10	0.0036895935973833547	Aque_Aqu2.1.42714-001;Slac_ENSLPGG00000028782	1.658626018657568e-09	0.00945145044920208				Aque_Aqu2.1.37895-001;Slac_ENSLPGG00000021127	1.3041098546376117e-11	0.009342612883849542	Aque_Aqu2.1.33612-001;Slac_ENSLPGG00000011588	2.364364427309774e-10	0.0036895935973833547				Aque_Aqu2.1.37895-001;Slac_ENSLPGG00000021127	1.3041098546376117e-11	0.00037730423206785676				Aque_Aqu2.1.43674-001;Slac_ENSLPGG00000003645	4.20083387372124e-06	2.645547445922724e-05	Aque_Aqu2.1.28489-001;Slac_ENSLPGG00000009116	1.2639077541595553e-28	0.0002502781468967871				Aque_Aqu2.1.20046-001;Slac_ENSLPGG00000010168	0.00911986550103098	9.058687456132663e-08	Aque_Aqu2.1.32110-001;Slac_ENSLPGG00000017549	3.5145414330315455e-44	0.00011960207239525942													Aque_Aqu2.1.24884-001;Slac_ENSLPGG00000016023	3.8921994156324316e-05	2.7933912874570014e-08			
			Aque_Aqu2.1.28194-001;Slac_ENSLPGG00000011679	1.444625855187625e-59	0.0005453822821599694																																		Aque_Aqu2.1.23425-001;Slac_ENSLPGG00000012592	5.611075888207551e-26	0.0002193852230103154																			Aque_Aqu2.1.41660-001;Slac_ENSLPGG00000015815	0.00678209924781447	3.0889450846678094e-05	Aque_Aqu2.1.43984-001;Slac_ENSLPGG00000002394	1.1016186836212721e-24	1.2624455340248748e-06							Aque_Aqu2.1.44218-001;Slac_ENSLPGG00000007955	1.5630724984533242e-08	0.00014151882699190365	Aque_Aqu2.1.38687-001;Slac_ENSLPGG00000023112	4.028489834224234e-42	0.0003324703807620784	Aque_Aqu2.1.24504-001;Slac_ENSLPGG00000020039	0.0026964079901808688	0.007639306423032143				Aque_Aqu2.1.35251-001;Slac_ENSLPGG00000020706	0.003495109298096171	0.000720612718783671	Aque_Aqu2.1.44218-001;Slac_ENSLPGG00000007955	2.1931163753421432e-08	1.9750808972902473e-05				Aque_Aqu2.1.27832-001;Slac_ENSLPGG00000012471	5.884935948591738e-05	8.124978717659955e-08				Aque_Aqu2.1.43954-001;Slac_ENSLPGG00000029175	0.0001823425905369846	3.593459119355663e-05	Aque_Aqu2.1.08677-001;Slac_ENSLPGG00000015888	7.208488648075431e-16	5.421831364350314e-05				Aque_Aqu2.1.35197-001;Slac_ENSLPGG00000023608	1.2879642783987652e-05	0.00021819079240100695	Aque_Aqu2.1.43674-001;Slac_ENSLPGG00000007158	4.20083387372124e-06	1.965018913530473e-21																		
			Aque_Aqu2.1.41390-001;Slac_ENSLPGG00000028423	3.0773166485449188e-12	8.044026166502487e-12																																		Aque_Aqu2.1.34878-001;Slac_ENSLPGG00000018350	1.2375873514274677e-13	9.856781704671451e-05																			Aque_Aqu2.1.44243-001;Slac_ENSLPGG00000021186	2.521644079706085e-10	5.034074710478306e-19	Aque_Aqu2.1.43365-001;Slac_ENSLPGG00000022615	0.002191564312746992	4.521418014203203e-05							Aque_Aqu2.1.36606-001;Slac_ENSLPGG00000016891	5.622930540080185e-07	0.0031309119165275016	Aque_Aqu2.1.35513-001;Slac_ENSLPGG00000014037	1.391430610834894e-08	9.215098691457013e-15	Aque_Aqu2.1.27832-001;Slac_ENSLPGG00000000921	5.884935948591738e-05	4.959771898176181e-14				Aque_Aqu2.1.27832-001;Slac_ENSLPGG00000020470	5.884935948591738e-05	0.0026781387316083716	Aque_Aqu2.1.27832-001;Slac_ENSLPGG00000012471	5.884935948591738e-05	1.2256378781761784e-09				Aque_Aqu2.1.33612-001;Slac_ENSLPGG00000021127	2.364364427309774e-10	0.00037730423206785676				Aque_Aqu2.1.28495-001;Slac_ENSLPGG00000023963	4.458325986516477e-24	0.00026303246838548124	Aque_Aqu2.1.33635-001;Slac_ENSLPGG00000012471	0.00010669886911690847	0.00020102428853856525				Aque_Aqu2.1.40738-001;Slac_ENSLPGG00000012981	6.218782870818954e-08	0.00011499550597623149	Aque_Aqu2.1.31385-001;Slac_ENSLPGG00000009899	0.0004221664291573433	3.9284303996595296e-27																		
			Aque_Aqu2.1.43636-001;Slac_ENSLPGG00000029285	2.3857194879026892e-54	0.0006954483019702004																																		Aque_Aqu2.1.23428-001;Slac_ENSLPGG00000022258	7.672883675858701e-11	0.0002067977626758993																			Aque_Aqu2.1.38524-001;Slac_ENSLPGG00000025842	0.004166809097269318	5.791004440231865e-07	Aque_Aqu2.1.24548-001;Slac_ENSLPGG00000012140	9.149078712360244e-05	0.0011067438588838036							Aque_Aqu2.1.38752-001;Slac_ENSLPGG00000014037	2.5967541173213717e-13	1.944880288931169e-09	Aque_Aqu2.1.34138-001;Slac_ENSLPGG00000006271	1.2656438086926812e-05	2.6697465039007906e-06	Aque_Aqu2.1.24917-001;Slac_ENSLPGG00000029464	1.3315793092258417e-16	0.0034561360721152732				Aque_Aqu2.1.25608-001;Slac_ENSLPGG00000004269	5.700062912418236e-05	0.0017560705643623906	Aque_Aqu2.1.25311-001;Slac_ENSLPGG00000008894	1.4814822028446626e-18	9.442876585098862e-05				Aque_Aqu2.1.43551-001;Slac_ENSLPGG00000011839	1.0046936470645059e-10	2.3607637339619418e-11				Aque_Aqu2.1.43674-001;Slac_ENSLPGG00000006271	4.20083387372124e-06	3.732968551925518e-05	Aque_Aqu2.1.43674-001;Slac_ENSLPGG00000019065	4.20083387372124e-06	0.002143493550466423				Aque_Aqu2.1.25867-001;Slac_ENSLPGG00000012471	0.0002352162877005849	0.005559596267054266	Aque_Aqu2.1.24987-001;Slac_ENSLPGG00000011151	1.0504102619364857e-17	0.0012618791393844077																		
			Aque_Aqu2.1.29134-001;Slac_ENSLPGG00000013280	2.8373595677325286e-12	7.744649516911297e-09																																		Aque_Aqu2.1.37713-001;Slac_ENSLPGG00000005083	3.456219699031208e-07	3.3662088198379713e-09																			Aque_Aqu2.1.33622-001;Slac_ENSLPGG00000021127	3.31852085524485e-07	0.00026020690407486225	Aque_Aqu2.1.38687-001;Slac_ENSLPGG00000023112	0.0012331680164132607	0.0002511069236736297							Aque_Aqu2.1.01979-001;Slac_ENSLPGG00000006271	0.007012591066954428	9.73403041830119e-05	Aque_Aqu2.1.35499-001;Slac_ENSLPGG00000009453	1.1523800383696093e-27	1.7240464628282283e-09	Aque_Aqu2.1.36296-001;Slac_ENSLPGG00000028356	2.2413866662193796e-08	6.775257991661166e-05				Aque_Aqu2.1.44676-001;Slac_ENSLPGG00000011839	0.0015947909906532027	0.00611186985166198	Aque_Aqu2.1.34263-001;Slac_ENSLPGG00000015631	5.189591029528842e-07	8.896789141331552e-11				Aque_Aqu2.1.38596-001;Slac_ENSLPGG00000006266	4.915425379001228e-11	0.00021268831790613734				Aque_Aqu2.1.42203-001;Slac_ENSLPGG00000008996	0.00045457418849529025	5.146308428844976e-15	Aque_Aqu2.1.40394-001;Slac_ENSLPGG00000024511	0.008548448215663518	0.0013973110254201315				Aque_Aqu2.1.37486-001;Slac_ENSLPGG00000022557	5.791765336917085e-10	0.007685700758476869	Aque_Aqu2.1.43536-001;Slac_ENSLPGG00000017855	3.1456270560029736e-13	1.3038842899301157e-06																		
			Aque_Aqu2.1.25405-001;Slac_ENSLPGG00000020148	2.7610085691748473e-15	9.928657817269311e-10																																		Aque_Aqu2.1.27294-001;Slac_ENSLPGG00000028596	5.209276424915187e-19	0.00011284612518204165																			Aque_Aqu2.1.44140-001;Slac_ENSLPGG00000011327	8.885562534779468e-10	0.0016877695055628826	Aque_Aqu2.1.39703-001;Slac_ENSLPGG00000021186	8.926042219776161e-05	6.881624328924807e-14							Aque_Aqu2.1.24548-001;Slac_ENSLPGG00000012140	9.149078712360244e-05	2.2234277891488934e-08	Aque_Aqu2.1.42700-001;Slac_ENSLPGG00000000696	1.3533484421805182e-09	5.830310343059631e-06	Aque_Aqu2.1.22320-001;Slac_ENSLPGG00000015631	3.5353442002483155e-36	0.0005450261508553615				Aque_Aqu2.1.27832-001;Slac_ENSLPGG00000012471	5.884935948591738e-05	0.0005192764684538317	Aque_Aqu2.1.38095-001;Slac_ENSLPGG00000006910	0.00046503987165875694	9.821143306702358e-10				Aque_Aqu2.1.33047-001;Slac_ENSLPGG00000020470	1.344591319154037e-14	0.002865326369152078				Aque_Aqu2.1.19198-001;Slac_ENSLPGG00000004319	2.3018167447574076e-16	0.000827535064898996	Aque_Aqu2.1.43251-001;Slac_ENSLPGG00000025032	2.3451474142829946e-08	0.006542027272199874				Aque_Aqu2.1.26973-001;Slac_ENSLPGG00000000921	1.8757648248382616e-05	0.00020497790178902148	Aque_Aqu2.1.41482-001;Slac_ENSLPGG00000001139	2.257130122823816e-08	4.69500827060743e-21																		
			Aque_Aqu2.1.37816-001;Slac_ENSLPGG00000008029	5.351220243248752e-65	1.9591747644827683e-05																																		Aque_Aqu2.1.28301-001;Slac_ENSLPGG00000012506	4.366198507486224e-41	0.0003816528314443795																			Aque_Aqu2.1.25867-001;Slac_ENSLPGG00000015112	2.1213248264626324e-06	0.00018013208566898826	Aque_Aqu2.1.40997-001;Slac_ENSLPGG00000019726	3.056879980995244e-05	3.1296260265785744e-53							Aque_Aqu2.1.38752-001;Slac_ENSLPGG00000013069	2.5967541173213717e-13	1.5435674773364596e-07	Aque_Aqu2.1.11170-001;Slac_ENSLPGG00000017935	7.985673239814531e-25	0.007641587714202316	Aque_Aqu2.1.16670-001;Slac_ENSLPGG00000012616	1.1218885572570831e-15	0.004112581197832998				Aque_Aqu2.1.35503-001;Slac_ENSLPGG00000030274	6.524992042139891e-05	0.001075113615995719	Aque_Aqu2.1.35503-001;Slac_ENSLPGG00000030274	6.524992042139891e-05	1.90995439367809e-08				Aque_Aqu2.1.36275-001;Slac_ENSLPGG00000017789	0.00011713621280591484	1.065996983770657e-17				Aque_Aqu2.1.43984-001;Slac_ENSLPGG00000002394	4.479650965828285e-09	1.221392526032047e-23	Aque_Aqu2.1.41049-001;Slac_ENSLPGG00000011536	0.007200126607303983	0.005230032865004775				Aque_Aqu2.1.38824-001;Slac_ENSLPGG00000012471	0.0021069493728025235	0.005559596267054266	Aque_Aqu2.1.22812-001;Slac_ENSLPGG00000020504	0.0030811825076777575	0.0006301460132175903																		
			Aque_Aqu2.1.37627-001;Slac_ENSLPGG00000026511	6.441016235742463e-15	1.4129750129474057e-09																																		Aque_Aqu2.1.44325-001;Slac_ENSLPGG00000020413	1.8416907682554014e-08	7.012478413914641e-06																			Aque_Aqu2.1.25867-001;Slac_ENSLPGG00000013166	2.1213248264626324e-06	0.0010463282696080594	Aque_Aqu2.1.39703-001;Slac_ENSLPGG00000008996	8.926042219776161e-05	0.004729488519637293							Aque_Aqu2.1.25867-001;Slac_ENSLPGG00000013166	2.1213248264626324e-06	0.00023368617004770938	Aque_Aqu2.1.27832-001;Slac_ENSLPGG00000017427	5.939276265577746e-23	0.0037065549147303695	Aque_Aqu2.1.27287-001;Slac_ENSLPGG00000013677	3.770990768672222e-45	0.004489537272307406				Aque_Aqu2.1.39703-001;Slac_ENSLPGG00000008996	6.740072048541467e-12	0.004729488519637293	Aque_Aqu2.1.17698-001;Slac_ENSLPGG00000011232	1.9606036093622195e-11	0.003325700561470039				Aque_Aqu2.1.33526-001;Slac_ENSLPGG00000027951	1.448681521009573e-19	0.008660930754162743				Aque_Aqu2.1.43989-001;Slac_ENSLPGG00000002394	4.110904363096128e-06	1.221392526032047e-23	Aque_Aqu2.1.28683-001;Slac_ENSLPGG00000017036	0.007371482204497088	1.9986848103810602e-07				Aque_Aqu2.1.40828-001;Slac_ENSLPGG00000014103	0.000597727428425492	4.430855169663792e-05	Aque_Aqu2.1.41520-001;Slac_ENSLPGG00000018774	4.988517977277189e-10	2.4166258980482844e-09																		
			Aque_Aqu2.1.43623-001;Slac_ENSLPGG00000012945	2.967833146368427e-22	2.3190635250413133e-06																																		Aque_Aqu2.1.39902-001;Slac_ENSLPGG00000006356	3.411665645470714e-24	0.00011946821970550475																			Aque_Aqu2.1.36565-001;Slac_ENSLPGG00000011109	5.467757675960367e-08	0.005502958468449356	Aque_Aqu2.1.43551-001;Slac_ENSLPGG00000007525	0.0005635633996396587	1.1234997919954914e-14							Aque_Aqu2.1.32726-001;Slac_ENSLPGG00000028356	0.004071975590726553	3.148644495988388e-07	Aque_Aqu2.1.38752-001;Slac_ENSLPGG00000014120	8.898107358929214e-33	0.000944903500654391	Aque_Aqu2.1.33047-001;Slac_ENSLPGG00000012296	1.344591319154037e-14	0.001043453426024318				Aque_Aqu2.1.33049-001;Slac_ENSLPGG00000014432	0.00015577197424357952	3.5238771670323136e-06	Aque_Aqu2.1.37895-001;Slac_ENSLPGG00000011588	1.3041098546376117e-11	0.0036895935973833547				Aque_Aqu2.1.43540-001;Slac_ENSLPGG00000025842	3.534170415031876e-08	0.0011121119220709032				Aque_Aqu2.1.26973-001;Slac_ENSLPGG00000012471	1.8757648248382616e-05	9.012536840606819e-20	Aque_Aqu2.1.22984-001;Slac_ENSLPGG00000003607	0.0011070273067554314	7.068547709631196e-07				Aque_Aqu2.1.30012-001;Slac_ENSLPGG00000013812	0.00839882703998185	0.008557327171430033	Aque_Aqu2.1.43986-001;Slac_ENSLPGG00000002394	8.331396457690566e-05	5.007210728751153e-45																		
			Aque_Aqu2.1.27294-001;Slac_ENSLPGG00000012592	6.379913106281972e-32	0.0002193852230103154																																		Aque_Aqu2.1.40886-001;Slac_ENSLPGG00000005401	0.0046341478969197545	4.653768747135923e-110																			Aque_Aqu2.1.24504-001;Slac_ENSLPGG00000020039	0.007919704155121277	0.007639306423032143	Aque_Aqu2.1.44140-001;Slac_ENSLPGG00000009116	8.885562534779468e-10	0.001396822626426671							Aque_Aqu2.1.01979-001;Slac_ENSLPGG00000019065	0.007012591066954428	4.280743164546749e-06	Aque_Aqu2.1.38358-001;Slac_ENSLPGG00000012713	7.327555591269387e-05	0.00014886923356237738	Aque_Aqu2.1.07580-001;Slac_ENSLPGG00000016782	4.874298541748081e-15	0.008792502442314722				Aque_Aqu2.1.28489-001;Slac_ENSLPGG00000009116	4.787491920802856e-09	0.001396822626426671	Aque_Aqu2.1.21880-001;Slac_ENSLPGG00000008528	9.018987970662154e-62	0.0013895463550715437				Aque_Aqu2.1.36637-001;Slac_ENSLPGG00000006266	5.3289207745529136e-06	0.00021268831790613734				Aque_Aqu2.1.23692-001;Slac_ENSLPGG00000015112	1.2841772084763492e-19	0.0006787822325991016	Aque_Aqu2.1.33635-001;Slac_ENSLPGG00000020470	0.00010669886911690847	0.005200025809404252				Aque_Aqu2.1.25867-001;Slac_ENSLPGG00000000921	0.0002352162877005849	0.00020497790178902148	Aque_Aqu2.1.43987-001;Slac_ENSLPGG00000002394	3.283156008267793e-06	5.007210728751153e-45																		
			Aque_Aqu2.1.14137-001;Slac_ENSLPGG00000014668	3.1178299804803794e-58	0.0013743888988443865																																		Aque_Aqu2.1.23425-001;Slac_ENSLPGG00000006356	5.611075888207551e-26	0.00011946821970550475																			Aque_Aqu2.1.01979-001;Slac_ENSLPGG00000019065	0.007012591066954428	3.1496785989591547e-07	Aque_Aqu2.1.43551-001;Slac_ENSLPGG00000011839	0.0005635633996396587	0.00611186985166198							Aque_Aqu2.1.34140-001;Slac_ENSLPGG00000006271	1.662739836406084e-09	9.73403041830119e-05	Aque_Aqu2.1.38596-001;Slac_ENSLPGG00000006266	6.485696048108517e-11	0.003619518626652102	Aque_Aqu2.1.38596-001;Slac_ENSLPGG00000006266	4.915425379001228e-11	0.0004520465282776991				Aque_Aqu2.1.39761-001;Slac_ENSLPGG00000028345	0.00010091318994910643	0.002522475835314437	Aque_Aqu2.1.42226-001;Slac_ENSLPGG00000017391	5.1378685834667525e-18	0.0005938302939968093				Aque_Aqu2.1.38393-001;Slac_ENSLPGG00000013990	0.0003197347290015396	8.396529193092423e-12				Aque_Aqu2.1.42762-001;Slac_ENSLPGG00000021127	1.0081478109652569e-17	1.5465846751523873e-05	Aque_Aqu2.1.35253-001;Slac_ENSLPGG00000012471	3.5542328552532075e-13	0.00020102428853856525				Aque_Aqu2.1.25927-001;Slac_ENSLPGG00000006175	3.006102746387663e-11	0.0009487128182759552	Aque_Aqu2.1.37486-001;Slac_ENSLPGG00000000564	5.791765336917085e-10	1.2226361637864731e-11																		
			Aque_Aqu2.1.43581-001;Slac_ENSLPGG00000018394	5.4958467372897874e-33	0.002491061187990496																																		Aque_Aqu2.1.24984-001;Slac_ENSLPGG00000008927	0.0028706384647597272	4.196537548175195e-39																			Aque_Aqu2.1.25867-001;Slac_ENSLPGG00000011715	2.1213248264626324e-06	0.0015163362896410573										Aque_Aqu2.1.43329-001;Slac_ENSLPGG00000007568	6.309083453842146e-05	0.006606540174613964	Aque_Aqu2.1.44214-001;Slac_ENSLPGG00000007955	2.009817921356835e-06	1.9750808972902473e-05	Aque_Aqu2.1.39703-001;Slac_ENSLPGG00000008996	6.740072048541467e-12	1.5171894313138206e-05				Aque_Aqu2.1.25933-001;Slac_ENSLPGG00000008098	0.00349277941307751	2.903532461707627e-06	Aque_Aqu2.1.32726-001;Slac_ENSLPGG00000028356	0.00020161191729037281	2.097030126413491e-05				Aque_Aqu2.1.27832-001;Slac_ENSLPGG00000015112	5.884935948591738e-05	6.110427182401843e-06				Aque_Aqu2.1.25867-001;Slac_ENSLPGG00000012471	0.0002352162877005849	9.012536840606819e-20	Aque_Aqu2.1.16567-001;Slac_ENSLPGG00000020470	3.0155612923613537e-06	0.005200025809404252				Aque_Aqu2.1.33635-001;Slac_ENSLPGG00000015112	0.00010669886911690847	0.00549930044633956	Aque_Aqu2.1.23692-001;Slac_ENSLPGG00000012296	1.2841772084763492e-19	0.0001466708255175629																		
			Aque_Aqu2.1.38435-001;Slac_ENSLPGG00000008029	3.2496804617101288e-21	1.9591747644827683e-05																																		Aque_Aqu2.1.41308-001;Slac_ENSLPGG00000009291	5.753577417829735e-30	0.00028812827058854226																			Aque_Aqu2.1.43984-001;Slac_ENSLPGG00000002394	1.1016186836212721e-24	2.9862001037469835e-27										Aque_Aqu2.1.30867-001;Slac_ENSLPGG00000006271	8.811394793769746e-08	9.73403041830119e-05	Aque_Aqu2.1.37101-001;Slac_ENSLPGG00000012471	6.194430517240804e-07	1.2256378781761784e-09	Aque_Aqu2.1.43845-001;Slac_ENSLPGG00000020504	3.454738282512695e-05	5.048442826344658e-07				Aque_Aqu2.1.43551-001;Slac_ENSLPGG00000011839	1.0046936470645059e-10	0.00611186985166198	Aque_Aqu2.1.34441-001;Slac_ENSLPGG00000021750	8.94792185533382e-40	0.007143211701726101				Aque_Aqu2.1.36296-001;Slac_ENSLPGG00000007568	2.2413866662193796e-08	0.006606540174613964				Aque_Aqu2.1.36779-001;Slac_ENSLPGG00000020178	2.0751669503159548e-16	0.0007400756194867412	Aque_Aqu2.1.28497-001;Slac_ENSLPGG00000009116	6.265744639493593e-06	0.0002502781468967871				Aque_Aqu2.1.41482-001;Slac_ENSLPGG00000019065	2.257130122823816e-08	0.006927108559854214	Aque_Aqu2.1.38824-001;Slac_ENSLPGG00000000921	0.0021069493728025235	2.3931149398632247e-20																		
			Aque_Aqu2.1.41366-001;Slac_ENSLPGG00000028262	1.180484528680326e-13	0.00019478313766511468																																		Aque_Aqu2.1.37774-001;Slac_ENSLPGG00000022242	1.1664395148299226e-05	7.582033670849832e-18																			Aque_Aqu2.1.34140-001;Slac_ENSLPGG00000019065	1.662739836406084e-09	3.1496785989591547e-07										Aque_Aqu2.1.01979-001;Slac_ENSLPGG00000021520	0.007012591066954428	0.001418103085264237	Aque_Aqu2.1.24879-001;Slac_ENSLPGG00000015293	8.49012491898565e-05	2.67363390184927e-09	Aque_Aqu2.1.30847-001;Slac_ENSLPGG00000006723	6.543263854845997e-52	7.402462755095428e-12							Aque_Aqu2.1.27832-001;Slac_ENSLPGG00000020470	5.884935948591738e-05	3.423487626718001e-05				Aque_Aqu2.1.43365-001;Slac_ENSLPGG00000022615	0.00028673153734273344	1.534659565009843e-06				Aque_Aqu2.1.24981-001;Slac_ENSLPGG00000009456	2.7217252995401606e-14	4.685225916727112e-05	Aque_Aqu2.1.36580-001;Slac_ENSLPGG00000006910	0.00012213328003275967	0.0021402839722444843				Aque_Aqu2.1.35253-001;Slac_ENSLPGG00000015112	3.5542328552532075e-13	0.00549930044633956	Aque_Aqu2.1.43674-001;Slac_ENSLPGG00000001139	4.20083387372124e-06	4.69500827060743e-21																		
			Aque_Aqu2.1.27294-001;Slac_ENSLPGG00000012819	6.379913106281972e-32	0.0011568697802661395																																		Aque_Aqu2.1.43688-001;Slac_ENSLPGG00000028596	2.2064988080306972e-14	0.00011284612518204165																			Aque_Aqu2.1.39703-001;Slac_ENSLPGG00000010854	8.926042219776161e-05	0.0011755140317752015										Aque_Aqu2.1.34140-001;Slac_ENSLPGG00000019065	1.662739836406084e-09	4.280743164546749e-06	Aque_Aqu2.1.29918-001;Slac_ENSLPGG00000030129	0.0028807723158949684	0.0013713614834639212	Aque_Aqu2.1.38596-001;Slac_ENSLPGG00000027951	4.915425379001228e-11	0.0013402074915596252							Aque_Aqu2.1.33049-001;Slac_ENSLPGG00000013461	0.00015577197424357952	9.882239640916073e-09				Aque_Aqu2.1.39733-001;Slac_ENSLPGG00000028356	6.5169284341367635e-06	3.148644495988388e-07				Aque_Aqu2.1.29714-001;Slac_ENSLPGG00000008036	7.391576077219849e-08	1.1540325819341644e-21	Aque_Aqu2.1.17816-001;Slac_ENSLPGG00000007158	0.004846158259488255	2.3171329481883538e-23				Aque_Aqu2.1.42762-001;Slac_ENSLPGG00000022031	1.0081478109652569e-17	0.009696082349253645	Aque_Aqu2.1.29861-001;Slac_ENSLPGG00000007568	2.7802180224950214e-12	0.006606540174613964																		
			Aque_Aqu2.1.31388-001;Slac_ENSLPGG00000002802	0.0006755546556821743	4.8826018864479526e-113																																		Aque_Aqu2.1.42135-001;Slac_ENSLPGG00000018656	1.4309521520650948e-07	6.855527818224849e-06																			Aque_Aqu2.1.30867-001;Slac_ENSLPGG00000019065	8.811394793769746e-08	3.1496785989591547e-07										Aque_Aqu2.1.25867-001;Slac_ENSLPGG00000020470	2.1213248264626324e-06	0.002865326369152078	Aque_Aqu2.1.35513-001;Slac_ENSLPGG00000014120	1.391430610834894e-08	0.000944903500654391	Aque_Aqu2.1.17816-001;Slac_ENSLPGG00000019065	1.1230267612856121e-05	3.1496785989591547e-07							Aque_Aqu2.1.20504-001;Slac_ENSLPGG00000003738	0.0037927081630394956	1.0526376784842143e-09				Aque_Aqu2.1.24879-001;Slac_ENSLPGG00000015293	0.00024797248585702985	1.2577896648206847e-10				Aque_Aqu2.1.42203-001;Slac_ENSLPGG00000021186	0.00045457418849529025	2.1966675747781014e-45	Aque_Aqu2.1.35253-001;Slac_ENSLPGG00000020470	3.5542328552532075e-13	0.005200025809404252				Aque_Aqu2.1.41520-001;Slac_ENSLPGG00000018774	4.988517977277189e-10	0.0059141423288884215	Aque_Aqu2.1.28453-001;Slac_ENSLPGG00000026946	1.0394247470338174e-05	3.286635396562452e-29																		
			Aque_Aqu2.1.31194-001;Slac_ENSLPGG00000008469	9.479286352586293e-109	9.802980580536061e-14																																		Aque_Aqu2.1.23425-001;Slac_ENSLPGG00000012819	5.611075888207551e-26	0.0011568697802661395																			Aque_Aqu2.1.29497-001;Slac_ENSLPGG00000014782	0.009540321936991298	4.0221730396915904e-85										Aque_Aqu2.1.30867-001;Slac_ENSLPGG00000019065	8.811394793769746e-08	4.280743164546749e-06	Aque_Aqu2.1.43733-001;Slac_ENSLPGG00000015888	2.8079750835220977e-170	0.0006916594577877405	Aque_Aqu2.1.33047-001;Slac_ENSLPGG00000020470	1.344591319154037e-14	0.002366091147798498							Aque_Aqu2.1.29918-001;Slac_ENSLPGG00000030129	0.00024658544383960945	0.0013713614834639212				Aque_Aqu2.1.44194-001;Slac_ENSLPGG00000013677	1.3561830907204824e-21	0.005495034940183072				Aque_Aqu2.1.43482-001;Slac_ENSLPGG00000023417	7.648655415159219e-16	0.0020866515349768724	Aque_Aqu2.1.41482-001;Slac_ENSLPGG00000019065	2.257130122823816e-08	0.002143493550466423				Aque_Aqu2.1.42148-001;Slac_ENSLPGG00000018705	0.005002361813659799	0.0023344719474410014	Aque_Aqu2.1.34140-001;Slac_ENSLPGG00000019065	1.0121820050408576e-29	4.280743164546749e-06																		
			Aque_Aqu2.1.37816-001;Slac_ENSLPGG00000023020	5.351220243248752e-65	0.00016233266302729288																																		Aque_Aqu2.1.40886-001;Slac_ENSLPGG00000008927	0.0046341478969197545	4.196537548175195e-39																			Aque_Aqu2.1.25867-001;Slac_ENSLPGG00000012296	2.1213248264626324e-06	0.001043453426024318										Aque_Aqu2.1.31360-001;Slac_ENSLPGG00000017559	0.00378033665417075	0.001467575741844249	Aque_Aqu2.1.44323-001;Slac_ENSLPGG00000020755	3.5972015695912066e-05	0.00540254793321005	Aque_Aqu2.1.19922-001;Slac_ENSLPGG00000008987	1.1973175788444056e-06	6.53881726537894e-05							Aque_Aqu2.1.33612-001;Slac_ENSLPGG00000010506	2.364364427309774e-10	0.002698921680975058				Aque_Aqu2.1.35781-001;Slac_ENSLPGG00000007429	2.9643336706072914e-07	1.4497953333836968e-05				Aque_Aqu2.1.31551-001;Slac_ENSLPGG00000006271	0.0004550419940629617	3.732968551925518e-05	Aque_Aqu2.1.38176-001;Slac_ENSLPGG00000016480	1.7197956842617203e-07	6.154547996877598e-05				Aque_Aqu2.1.17816-001;Slac_ENSLPGG00000007158	0.004846158259488255	1.3921670430557845e-07	Aque_Aqu2.1.24987-001;Slac_ENSLPGG00000008651	1.0504102619364857e-17	0.000902795089576386																		
			Aque_Aqu2.1.44059-001;Slac_ENSLPGG00000002916	3.328730512336417e-05	4.6702259707366504e-32																																		Aque_Aqu2.1.11387-001;Slac_ENSLPGG00000006881	2.5197140823231568e-05	4.2842379072043594e-10																			Aque_Aqu2.1.17816-001;Slac_ENSLPGG00000001139	0.009367143325851741	1.4494333720685917e-24										Aque_Aqu2.1.34140-001;Slac_ENSLPGG00000021520	1.662739836406084e-09	0.001418103085264237	Aque_Aqu2.1.25933-001;Slac_ENSLPGG00000007953	7.69935697219898e-05	0.0014155101453730327	Aque_Aqu2.1.39733-001;Slac_ENSLPGG00000007568	6.5169284341367635e-06	0.0003309738114116406							Aque_Aqu2.1.35503-001;Slac_ENSLPGG00000001761	6.524992042139891e-05	5.837025646251024e-10				Aque_Aqu2.1.37895-001;Slac_ENSLPGG00000016891	1.3041098546376117e-11	0.0031309119165275016				Aque_Aqu2.1.40738-001;Slac_ENSLPGG00000007322	6.218782870818954e-08	7.737038726130456e-15	Aque_Aqu2.1.43353-001;Slac_ENSLPGG00000008404	3.8260820266303296e-05	0.0002096723503608165				Aque_Aqu2.1.38824-001;Slac_ENSLPGG00000000921	0.0021069493728025235	0.00020497790178902148	Aque_Aqu2.1.41892-001;Slac_ENSLPGG00000011839	5.2142493076430264e-14	2.3607637339619418e-11																		
			Aque_Aqu2.1.44325-001;Slac_ENSLPGG00000020413	1.4970828419916077e-16	7.012478413914641e-06																																		Aque_Aqu2.1.24985-001;Slac_ENSLPGG00000009756	1.6706084117909457e-19	1.0854540543354014e-05																			Aque_Aqu2.1.17816-001;Slac_ENSLPGG00000007158	0.009367143325851741	1.2305328596950784e-25										Aque_Aqu2.1.44140-001;Slac_ENSLPGG00000011327	8.885562534779468e-10	0.002660359306382542	Aque_Aqu2.1.09103-001;Slac_ENSLPGG00000028461	2.0179561011502303e-07	3.048826496448948e-05	Aque_Aqu2.1.33671-001;Slac_ENSLPGG00000010973	2.1653315935197197e-05	0.00015161252851570743							Aque_Aqu2.1.24879-001;Slac_ENSLPGG00000015293	0.00024797248585702985	2.67363390184927e-09				Aque_Aqu2.1.13800-001;Slac_ENSLPGG00000009267	0.0018692337907015642	2.723043112570344e-08				Aque_Aqu2.1.42077-001;Slac_ENSLPGG00000024415	2.5024776515125946e-13	0.0003515626804160105	Aque_Aqu2.1.29714-001;Slac_ENSLPGG00000008036	7.391576077219849e-08	4.536590795862888e-06				Aque_Aqu2.1.31551-001;Slac_ENSLPGG00000019065	0.0004550419940629617	0.006927108559854214	Aque_Aqu2.1.08677-001;Slac_ENSLPGG00000008987	7.208488648075431e-16	0.001852208764674488																		
			Aque_Aqu2.1.31194-001;Slac_ENSLPGG00000008926	9.479286352586293e-109	0.0016699396652209348																																		Aque_Aqu2.1.27294-001;Slac_ENSLPGG00000012592	5.209276424915187e-19	0.0002193852230103154																			Aque_Aqu2.1.43551-001;Slac_ENSLPGG00000018987	0.0005635633996396587	4.442906185241835e-129										Aque_Aqu2.1.23414-001;Slac_ENSLPGG00000002095	1.6439830959473454e-05	8.023101286747964e-05	Aque_Aqu2.1.41812-001;Slac_ENSLPGG00000025722	0.00964276725673419	1.3456439192448823e-08	Aque_Aqu2.1.13800-001;Slac_ENSLPGG00000009267	0.0018692337907015642	9.770733269124234e-10							Aque_Aqu2.1.21828-001;Slac_ENSLPGG00000020173	1.8034312828333696e-13	0.0010613881201389775				Aque_Aqu2.1.39703-001;Slac_ENSLPGG00000008996	6.740072048541467e-12	0.00012714480608127604				Aque_Aqu2.1.28497-001;Slac_ENSLPGG00000023963	6.265744639493593e-06	0.00026303246838548124	Aque_Aqu2.1.42065-001;Slac_ENSLPGG00000022563	5.305955151225863e-07	7.489445266910807e-06				Aque_Aqu2.1.42560-001;Slac_ENSLPGG00000015465	0.0008809471089720678	0.008322672676028871	Aque_Aqu2.1.41520-001;Slac_ENSLPGG00000020178	4.988517977277189e-10	5.203780196752114e-10																		
			Aque_Aqu2.1.28570-001;Slac_ENSLPGG00000011888	6.837768357397875e-22	0.0011272603275624801																																		Aque_Aqu2.1.38366-001;Slac_ENSLPGG00000028596	2.353359925872487e-15	0.00011284612518204165																			Aque_Aqu2.1.37101-001;Slac_ENSLPGG00000020470	1.5336636022433145e-08	0.002366091147798498										Aque_Aqu2.1.30867-001;Slac_ENSLPGG00000021520	8.811394793769746e-08	0.001418103085264237	Aque_Aqu2.1.40333-001;Slac_ENSLPGG00000015465	0.0031842059137677505	8.000284071629496e-11	Aque_Aqu2.1.23302-001;Slac_ENSLPGG00000028782	2.133897420418688e-07	0.00945145044920208							Aque_Aqu2.1.42279-001;Slac_ENSLPGG00000013141	8.66165162536353e-12	0.001973352561235931				Aque_Aqu2.1.34274-001;Slac_ENSLPGG00000028356	0.00038915923158164457	3.148644495988388e-07				Aque_Aqu2.1.30867-001;Slac_ENSLPGG00000006271	1.3309245062395783e-20	3.732968551925518e-05	Aque_Aqu2.1.43267-001;Slac_ENSLPGG00000025032	3.1038449995845004e-09	0.006542027272199874				Aque_Aqu2.1.40721-001;Slac_ENSLPGG00000007294	0.0002207593425700575	0.0003630722529327987	Aque_Aqu2.1.35197-001;Slac_ENSLPGG00000023608	1.2879642783987652e-05	3.1465511930609196e-13																		
			Aque_Aqu2.1.38366-001;Slac_ENSLPGG00000006356	8.476009201277581e-19	0.00011946821970550475																																		Aque_Aqu2.1.38196-001;Slac_ENSLPGG00000005591	9.798282053904682e-05	9.889588770014423e-19																			Aque_Aqu2.1.24879-001;Slac_ENSLPGG00000015293	0.0005023866135471616	3.0288120931539586e-07										Aque_Aqu2.1.44140-001;Slac_ENSLPGG00000009116	8.885562534779468e-10	1.187914787539918e-27	Aque_Aqu2.1.34138-001;Slac_ENSLPGG00000003645	1.2656438086926812e-05	0.0004928005922812879	Aque_Aqu2.1.35056-001;Slac_ENSLPGG00000026207	0.002150578357557862	3.433412408546484e-06							Aque_Aqu2.1.43980-001;Slac_ENSLPGG00000012713	0.009290738953083176	0.00014886923356237738				Aque_Aqu2.1.33612-001;Slac_ENSLPGG00000016891	2.364364427309774e-10	0.0031309119165275016				Aque_Aqu2.1.38824-001;Slac_ENSLPGG00000012471	0.0021069493728025235	9.012536840606819e-20	Aque_Aqu2.1.24796-001;Slac_ENSLPGG00000007568	0.003967307296319479	7.355611122930514e-05				Aque_Aqu2.1.17816-001;Slac_ENSLPGG00000001139	0.004846158259488255	4.345251405310324e-05	Aque_Aqu2.1.33622-001;Slac_ENSLPGG00000016891	1.708447263117159e-16	0.0031309119165275016																		
			Aque_Aqu2.1.38366-001;Slac_ENSLPGG00000028596	8.476009201277581e-19	0.00011284612518204165																																		Aque_Aqu2.1.38435-001;Slac_ENSLPGG00000008029	1.829410315713854e-09	1.9591747644827683e-05																			Aque_Aqu2.1.01979-001;Slac_ENSLPGG00000006271	0.007012591066954428	0.00010329686300105768										Aque_Aqu2.1.21492-001;Slac_ENSLPGG00000027633	0.007951822860427641	8.900423324998861e-05	Aque_Aqu2.1.07580-001;Slac_ENSLPGG00000019930	1.4295324705092113e-16	0.004965012481475406	Aque_Aqu2.1.17173-001;Slac_ENSLPGG00000010080	3.3929307133703136e-17	0.0003079493213389124							Aque_Aqu2.1.37895-001;Slac_ENSLPGG00000010506	1.3041098546376117e-11	0.002698921680975058				Aque_Aqu2.1.09103-001;Slac_ENSLPGG00000028461	6.273425838176239e-12	0.0022236515165998255				Aque_Aqu2.1.34140-001;Slac_ENSLPGG00000003645	1.0121820050408576e-29	2.645547445922724e-05	Aque_Aqu2.1.26973-001;Slac_ENSLPGG00000012471	1.8757648248382616e-05	0.00020102428853856525				Aque_Aqu2.1.32509-001;Slac_ENSLPGG00000028356	0.0003922226519476641	0.008073199099584266	Aque_Aqu2.1.36436-001;Slac_ENSLPGG00000015940	9.530971709328e-21	0.002120484771864582																		
			Aque_Aqu2.1.28078-001;Slac_ENSLPGG00000010195	6.696460884889418e-10	7.930255897158772e-108																																		Aque_Aqu2.1.43688-001;Slac_ENSLPGG00000012592	2.2064988080306972e-14	0.0002193852230103154																			Aque_Aqu2.1.42743-001;Slac_ENSLPGG00000011151	0.006174926946827125	0.0006790935580631603										Aque_Aqu2.1.43365-001;Slac_ENSLPGG00000022615	0.002191564312746992	1.534659565009843e-06	Aque_Aqu2.1.41482-001;Slac_ENSLPGG00000006271	4.6297900363399465e-06	2.6697465039007906e-06	Aque_Aqu2.1.28493-001;Slac_ENSLPGG00000023963	4.321453769502233e-21	0.00021429564820563303							Aque_Aqu2.1.22593-001;Slac_ENSLPGG00000000696	0.0012420173068698555	5.830310343059631e-06				Aque_Aqu2.1.25933-001;Slac_ENSLPGG00000008098	0.00349277941307751	3.1341278739883744e-05				Aque_Aqu2.1.43353-001;Slac_ENSLPGG00000008404	3.8260820266303296e-05	7.970345011737681e-08	Aque_Aqu2.1.41520-001;Slac_ENSLPGG00000020178	4.988517977277189e-10	0.0010513066033346907				Aque_Aqu2.1.36574-001;Slac_ENSLPGG00000014139	0.0004940940652812278	0.004431977374033645	Aque_Aqu2.1.32509-001;Slac_ENSLPGG00000028356	0.0003922226519476641	3.148644495988388e-07																		
			Aque_Aqu2.1.34878-001;Slac_ENSLPGG00000018350	1.029702300556858e-14	9.856781704671451e-05																																		Aque_Aqu2.1.41390-001;Slac_ENSLPGG00000028423	3.1526456000200475e-06	8.044026166502487e-12																			Aque_Aqu2.1.34140-001;Slac_ENSLPGG00000006271	1.662739836406084e-09	0.00010329686300105768										Aque_Aqu2.1.38687-001;Slac_ENSLPGG00000023112	0.0012331680164132607	6.821266047565433e-14	Aque_Aqu2.1.37101-001;Slac_ENSLPGG00000020470	6.194430517240804e-07	3.423487626718001e-05	Aque_Aqu2.1.34274-001;Slac_ENSLPGG00000007568	0.00038915923158164457	0.0003309738114116406							Aque_Aqu2.1.20511-001;Slac_ENSLPGG00000016836	1.2536022085207058e-42	5.186576302702321e-08				Aque_Aqu2.1.27832-001;Slac_ENSLPGG00000012296	5.884935948591738e-05	0.0001466708255175629				Aque_Aqu2.1.41482-001;Slac_ENSLPGG00000019065	2.257130122823816e-08	3.613082416273542e-08	Aque_Aqu2.1.26973-001;Slac_ENSLPGG00000020470	1.8757648248382616e-05	0.005200025809404252				Aque_Aqu2.1.41065-001;Slac_ENSLPGG00000018774	0.002433444354028677	0.0059141423288884215	Aque_Aqu2.1.41065-001;Slac_ENSLPGG00000018774	0.002433444354028677	2.4166258980482844e-09																		
			Aque_Aqu2.1.37713-001;Slac_ENSLPGG00000008029	1.7092280498504553e-19	1.9591747644827683e-05																																		Aque_Aqu2.1.39108-001;Slac_ENSLPGG00000006855	3.922071748104669e-86	0.00887950364152333																			Aque_Aqu2.1.30867-001;Slac_ENSLPGG00000006271	8.811394793769746e-08	0.00010329686300105768										Aque_Aqu2.1.42743-001;Slac_ENSLPGG00000009461	0.006174926946827125	0.0001519651798931296	Aque_Aqu2.1.42015-001;Slac_ENSLPGG00000003738	5.917872503133353e-05	1.0526376784842143e-09	Aque_Aqu2.1.35933-001;Slac_ENSLPGG00000025842	0.006102389690745236	5.791004440231865e-07							Aque_Aqu2.1.29855-001;Slac_ENSLPGG00000000696	0.0007027325992768494	5.830310343059631e-06				Aque_Aqu2.1.17816-001;Slac_ENSLPGG00000019065	1.1230267612856121e-05	4.280743164546749e-06				Aque_Aqu2.1.34140-001;Slac_ENSLPGG00000006271	1.0121820050408576e-29	3.732968551925518e-05	Aque_Aqu2.1.41520-001;Slac_ENSLPGG00000015562	4.988517977277189e-10	0.008175833913661248				Aque_Aqu2.1.39703-001;Slac_ENSLPGG00000021186	0.0003983784087831898	2.0188353322288348e-10	Aque_Aqu2.1.42065-001;Slac_ENSLPGG00000022563	5.305955151225863e-07	1.402635458203217e-19																		
			Aque_Aqu2.1.38435-001;Slac_ENSLPGG00000023020	3.2496804617101288e-21	0.00016233266302729288																																		Aque_Aqu2.1.40808-001;Slac_ENSLPGG00000011745	0.0014113797905383112	9.835387862883718e-24																			Aque_Aqu2.1.44245-001;Slac_ENSLPGG00000013337	0.0046844640673461375	5.453548321107783e-07										Aque_Aqu2.1.25927-001;Slac_ENSLPGG00000006175	0.0021258234544837508	7.107487093637847e-05	Aque_Aqu2.1.42226-001;Slac_ENSLPGG00000017391	1.1679786549576954e-21	0.0005938302939968093	Aque_Aqu2.1.24879-001;Slac_ENSLPGG00000015293	0.00024797248585702985	3.0288120931539586e-07							Aque_Aqu2.1.43365-001;Slac_ENSLPGG00000022615	0.00028673153734273344	3.2080116570475125e-06				Aque_Aqu2.1.30289-001;Slac_ENSLPGG00000026174	0.00015014791121613838	0.00851023997581526				Aque_Aqu2.1.43365-001;Slac_ENSLPGG00000022615	3.222386889950698e-07	6.345005279382766e-08	Aque_Aqu2.1.22423-001;Slac_ENSLPGG00000021186	0.003331405344316412	1.5866616825505543e-23				Aque_Aqu2.1.42693-001;Slac_ENSLPGG00000003239	0.0018360592641156288	3.124456223400405e-05	Aque_Aqu2.1.37112-001;Slac_ENSLPGG00000014949	0.004695475713269114	1.0818128140739989e-32																		
			Aque_Aqu2.1.28093-001;Slac_ENSLPGG00000004444	1.2716002791260598e-16	0.003529296821289744																																		Aque_Aqu2.1.43623-001;Slac_ENSLPGG00000011679	3.2638459470926394e-20	0.0005453822821599694																			Aque_Aqu2.1.38683-001;Slac_ENSLPGG00000013337	0.002171373567225803	5.453548321107783e-07										Aque_Aqu2.1.23414-001;Slac_ENSLPGG00000012055	1.6439830959473454e-05	4.0874491108281004e-05	Aque_Aqu2.1.30110-001;Slac_ENSLPGG00000017935	2.308865816166031e-15	0.007641587714202316	Aque_Aqu2.1.39733-001;Slac_ENSLPGG00000028356	6.5169284341367635e-06	6.775257991661166e-05							Aque_Aqu2.1.07580-001;Slac_ENSLPGG00000019930	4.874298541748081e-15	0.004965012481475406				Aque_Aqu2.1.42183-001;Slac_ENSLPGG00000007955	3.3931647854373665e-10	0.00014151882699190365				Aque_Aqu2.1.41065-001;Slac_ENSLPGG00000020178	0.002433444354028677	0.0007400756194867412	Aque_Aqu2.1.22423-001;Slac_ENSLPGG00000008996	0.003331405344316412	2.383566135459776e-06				Aque_Aqu2.1.26973-001;Slac_ENSLPGG00000015112	1.8757648248382616e-05	0.00549930044633956	Aque_Aqu2.1.30850-001;Slac_ENSLPGG00000007919	1.6111351648411453e-09	3.8427977708486657e-10																		
			Aque_Aqu2.1.37774-001;Slac_ENSLPGG00000011679	7.700554024937936e-21	0.0005453822821599694																																		Aque_Aqu2.1.32514-001;Slac_ENSLPGG00000018350	4.735783019066314e-08	9.856781704671451e-05																			Aque_Aqu2.1.42743-001;Slac_ENSLPGG00000009461	0.006174926946827125	0.001863905355161977										Aque_Aqu2.1.40997-001;Slac_ENSLPGG00000019726	3.056879980995244e-05	9.233327271920263e-98	Aque_Aqu2.1.27832-001;Slac_ENSLPGG00000012296	5.939276265577746e-23	0.0063155438099113505	Aque_Aqu2.1.16006-001;Slac_ENSLPGG00000013274	3.954070820268625e-14	0.0002091002289850579							Aque_Aqu2.1.25933-001;Slac_ENSLPGG00000007953	0.00349277941307751	0.0014155101453730327				Aque_Aqu2.1.24004-001;Slac_ENSLPGG00000018774	0.0001801900810217783	2.4166258980482844e-09				Aque_Aqu2.1.39703-001;Slac_ENSLPGG00000008996	0.0003983784087831898	5.146308428844976e-15	Aque_Aqu2.1.25867-001;Slac_ENSLPGG00000010273	0.0002352162877005849	7.696669701701013e-06				Aque_Aqu2.1.43674-001;Slac_ENSLPGG00000019065	4.20083387372124e-06	0.006927108559854214	Aque_Aqu2.1.28489-001;Slac_ENSLPGG00000011327	1.2639077541595553e-28	0.002660359306382542																		
			Aque_Aqu2.1.32713-001;Slac_ENSLPGG00000008029	2.6072070909321647e-14	1.9591747644827683e-05																																		Aque_Aqu2.1.27294-001;Slac_ENSLPGG00000006356	5.209276424915187e-19	0.00011946821970550475																			Aque_Aqu2.1.27256-001;Slac_ENSLPGG00000007719	0.006977535048732927	0.00950490736474928										Aque_Aqu2.1.33526-001;Slac_ENSLPGG00000027951	2.6530378615446102e-11	0.008660930754162743	Aque_Aqu2.1.39162-001;Slac_ENSLPGG00000015888	2.1698472895487598e-73	0.0006916594577877405	Aque_Aqu2.1.43365-001;Slac_ENSLPGG00000022615	0.00028673153734273344	8.834766943000045e-06							Aque_Aqu2.1.39162-001;Slac_ENSLPGG00000015888	1.1576352078665665e-55	0.0006916594577877405				Aque_Aqu2.1.31344-001;Slac_ENSLPGG00000018774	2.897711481146304e-06	2.4166258980482844e-09				Aque_Aqu2.1.26973-001;Slac_ENSLPGG00000000921	1.8757648248382616e-05	1.3554892344563593e-12	Aque_Aqu2.1.35230-001;Slac_ENSLPGG00000012424	7.365437517835406e-11	2.7964854253012446e-07				Aque_Aqu2.1.42693-001;Slac_ENSLPGG00000012471	0.0018360592641156288	0.005559596267054266	Aque_Aqu2.1.25867-001;Slac_ENSLPGG00000010273	0.0002352162877005849	2.9181703033897673e-09																		
			Aque_Aqu2.1.15175-001;Slac_ENSLPGG00000012945	2.771873751641996e-11	2.3190635250413133e-06																																		Aque_Aqu2.1.38366-001;Slac_ENSLPGG00000012592	2.353359925872487e-15	0.0002193852230103154																			Aque_Aqu2.1.25867-001;Slac_ENSLPGG00000020470	2.1213248264626324e-06	0.002366091147798498										Aque_Aqu2.1.24548-001;Slac_ENSLPGG00000014139	9.149078712360244e-05	0.007486004862652009	Aque_Aqu2.1.44218-001;Slac_ENSLPGG00000007955	0.0017425631109025657	1.9750808972902473e-05	Aque_Aqu2.1.17816-001;Slac_ENSLPGG00000006271	1.1230267612856121e-05	0.00010329686300105768							Aque_Aqu2.1.35056-001;Slac_ENSLPGG00000026207	0.002150578357557862	1.709069424870188e-05				Aque_Aqu2.1.35056-001;Slac_ENSLPGG00000026207	0.002150578357557862	9.210378129227687e-06				Aque_Aqu2.1.30850-001;Slac_ENSLPGG00000007919	1.6111351648411453e-09	0.0009482622762633013	Aque_Aqu2.1.35781-001;Slac_ENSLPGG00000007429	0.0016572738315866653	4.72521684640543e-05				Aque_Aqu2.1.26983-001;Slac_ENSLPGG00000005884	3.937047107772297e-05	0.004469932396026673	Aque_Aqu2.1.43989-001;Slac_ENSLPGG00000002394	4.110904363096128e-06	5.007210728751153e-45																		
			Aque_Aqu2.1.18089-001;Slac_ENSLPGG00000012945	2.3222255630625573e-12	2.3190635250413133e-06																																		Aque_Aqu2.1.27294-001;Slac_ENSLPGG00000012819	5.209276424915187e-19	0.0011568697802661395																			Aque_Aqu2.1.44218-001;Slac_ENSLPGG00000007955	1.5630724984533242e-08	0.007386783815123632										Aque_Aqu2.1.38608-001;Slac_ENSLPGG00000020027	0.002152172874021064	4.50174799787602e-05	Aque_Aqu2.1.42228-001;Slac_ENSLPGG00000017391	1.8546825134465816e-08	0.0005938302939968093	Aque_Aqu2.1.34274-001;Slac_ENSLPGG00000028356	0.00038915923158164457	6.775257991661166e-05							Aque_Aqu2.1.44323-001;Slac_ENSLPGG00000020755	1.213390238823611e-11	0.00540254793321005				Aque_Aqu2.1.32726-001;Slac_ENSLPGG00000028356	0.00020161191729037281	3.148644495988388e-07				Aque_Aqu2.1.37407-001;Slac_ENSLPGG00000020178	5.959310045388851e-09	0.0007400756194867412	Aque_Aqu2.1.25927-001;Slac_ENSLPGG00000006175	3.006102746387663e-11	0.003176804712407504				Aque_Aqu2.1.25867-001;Slac_ENSLPGG00000015112	0.0002352162877005849	0.00549930044633956	Aque_Aqu2.1.44139-001;Slac_ENSLPGG00000009453	0.0013345187120564206	2.999904205182712e-54																		
			Aque_Aqu2.1.18098-001;Slac_ENSLPGG00000005401	0.0002927017614354168	4.653768747135923e-110																																		Aque_Aqu2.1.37974-001;Slac_ENSLPGG00000010195	3.1695571352348735e-06	7.930255897158772e-108																			Aque_Aqu2.1.43551-001;Slac_ENSLPGG00000007730	0.0005635633996396587	3.998399138806171e-213										Aque_Aqu2.1.43551-001;Slac_ENSLPGG00000007525	0.0005635633996396587	2.4280532106859597e-36	Aque_Aqu2.1.34441-001;Slac_ENSLPGG00000010137	7.219142937079096e-31	0.001790020645015706	Aque_Aqu2.1.27832-001;Slac_ENSLPGG00000012471	5.884935948591738e-05	3.25051042436473e-08							Aque_Aqu2.1.39733-001;Slac_ENSLPGG00000028356	6.5169284341367635e-06	2.097030126413491e-05				Aque_Aqu2.1.22481-001;Slac_ENSLPGG00000026174	0.0007321366329407624	0.00851023997581526				Aque_Aqu2.1.17816-001;Slac_ENSLPGG00000007158	0.004846158259488255	3.4393842705479424e-25	Aque_Aqu2.1.42548-001;Slac_ENSLPGG00000024879	1.627868894535477e-08	3.7327495540389476e-10				Aque_Aqu2.1.32000-001;Slac_ENSLPGG00000020841	0.007163723412439014	0.001871288543552831	Aque_Aqu2.1.30867-001;Slac_ENSLPGG00000019065	1.3309245062395783e-20	4.280743164546749e-06																		
			Aque_Aqu2.1.39108-001;Slac_ENSLPGG00000006855	1.5603924607670408e-114	0.00887950364152333																																		Aque_Aqu2.1.43688-001;Slac_ENSLPGG00000006356	2.2064988080306972e-14	0.00011946821970550475																			Aque_Aqu2.1.21070-001;Slac_ENSLPGG00000020792	2.2386106342208852e-10	0.008977458734928402										Aque_Aqu2.1.44245-001;Slac_ENSLPGG00000013337	0.0046844640673461375	8.57567725101566e-06	Aque_Aqu2.1.42279-001;Slac_ENSLPGG00000013141	1.1190412037042485e-11	0.001973352561235931	Aque_Aqu2.1.42226-001;Slac_ENSLPGG00000017391	5.1378685834667525e-18	0.008137341817906062							Aque_Aqu2.1.42077-001;Slac_ENSLPGG00000024184	2.0833804932494515e-41	0.0017026938288687038				Aque_Aqu2.1.33671-001;Slac_ENSLPGG00000010973	2.1653315935197197e-05	0.0008013040173983456				Aque_Aqu2.1.43251-001;Slac_ENSLPGG00000023417	2.3451474142829946e-08	0.0020866515349768724	Aque_Aqu2.1.41302-001;Slac_ENSLPGG00000010615	8.674583355148573e-05	1.7876328141565585e-08				Aque_Aqu2.1.22423-001;Slac_ENSLPGG00000021186	0.003331405344316412	2.0188353322288348e-10	Aque_Aqu2.1.25867-001;Slac_ENSLPGG00000012471	0.0002352162877005849	8.124978717659955e-08																		
			Aque_Aqu2.1.37974-001;Slac_ENSLPGG00000013980	2.4185485011480635e-14	0.0001226268084717703																																		Aque_Aqu2.1.30397-001;Slac_ENSLPGG00000021584	3.053563844263048e-06	6.413530410769873e-10																			Aque_Aqu2.1.42093-001;Slac_ENSLPGG00000009324	0.0013541819202391105	0.0016273209584915234										Aque_Aqu2.1.39703-001;Slac_ENSLPGG00000021186	8.926042219776161e-05	3.5927119594215055e-24	Aque_Aqu2.1.29855-001;Slac_ENSLPGG00000000696	0.0022340984168665655	5.830310343059631e-06	Aque_Aqu2.1.36625-001;Slac_ENSLPGG00000020706	2.8072929139854223e-06	0.00016618681967649416							Aque_Aqu2.1.28489-001;Slac_ENSLPGG00000009453	4.787491920802856e-09	1.7240464628282283e-09				Aque_Aqu2.1.21492-001;Slac_ENSLPGG00000027633	5.352416678551809e-06	8.900423324998861e-05				Aque_Aqu2.1.43251-001;Slac_ENSLPGG00000025032	2.3451474142829946e-08	0.0048544539686617314	Aque_Aqu2.1.39774-001;Slac_ENSLPGG00000002720	4.144077243426737e-05	0.003850984221015657				Aque_Aqu2.1.22423-001;Slac_ENSLPGG00000000564	0.003331405344316412	3.407158897655185e-05	Aque_Aqu2.1.34863-001;Slac_ENSLPGG00000012140	7.856949568546215e-16	2.2234277891488934e-08																		
			Aque_Aqu2.1.25578-001;Slac_ENSLPGG00000008029	9.46692299568766e-12	1.9591747644827683e-05																																		Aque_Aqu2.1.40665-001;Slac_ENSLPGG00000018877	0.00021493574797533103	3.4903574332566454e-13																			Aque_Aqu2.1.42743-001;Slac_ENSLPGG00000008651	0.006174926946827125	0.005741617324088482										Aque_Aqu2.1.38524-001;Slac_ENSLPGG00000025842	0.004166809097269318	0.0011121119220709032	Aque_Aqu2.1.34242-001;Slac_ENSLPGG00000003042	0.0065364222895709975	1.2844184899360897e-07	Aque_Aqu2.1.44009-001;Slac_ENSLPGG00000018774	3.403777570357306e-09	4.505355541140787e-05							Aque_Aqu2.1.33612-001;Slac_ENSLPGG00000022031	2.364364427309774e-10	0.002785844823308992				Aque_Aqu2.1.17816-001;Slac_ENSLPGG00000006271	1.1230267612856121e-05	9.73403041830119e-05				Aque_Aqu2.1.29899-001;Slac_ENSLPGG00000003184	0.0007872687199082818	5.435635391302434e-06	Aque_Aqu2.1.35197-001;Slac_ENSLPGG00000023608	1.2879642783987652e-05	0.003031234032842293				Aque_Aqu2.1.38824-001;Slac_ENSLPGG00000015112	0.0021069493728025235	0.00549930044633956	Aque_Aqu2.1.26973-001;Slac_ENSLPGG00000012471	1.8757648248382616e-05	8.124978717659955e-08																		
			Aque_Aqu2.1.38366-001;Slac_ENSLPGG00000012592	8.476009201277581e-19	0.0002193852230103154																																		Aque_Aqu2.1.43581-001;Slac_ENSLPGG00000018394	7.794661816319535e-18	0.002491061187990496																			Aque_Aqu2.1.25927-001;Slac_ENSLPGG00000006175	0.0021258234544837508	3.654587147996785e-05										Aque_Aqu2.1.17816-001;Slac_ENSLPGG00000006271	0.009367143325851741	9.73403041830119e-05	Aque_Aqu2.1.40738-001;Slac_ENSLPGG00000007322	6.422305685693903e-13	6.036657345734564e-05	Aque_Aqu2.1.43551-001;Slac_ENSLPGG00000011839	1.0046936470645059e-10	3.187901163744036e-05							Aque_Aqu2.1.17816-001;Slac_ENSLPGG00000006271	1.1230267612856121e-05	2.6697465039007906e-06				Aque_Aqu2.1.44079-001;Slac_ENSLPGG00000025842	6.321946868532812e-06	0.0011121119220709032				Aque_Aqu2.1.25867-001;Slac_ENSLPGG00000000921	0.0002352162877005849	1.3554892344563593e-12	Aque_Aqu2.1.44139-001;Slac_ENSLPGG00000009116	0.0013345187120564206	0.0002502781468967871				Aque_Aqu2.1.44245-001;Slac_ENSLPGG00000013337	0.001577587927672461	0.0005019205673132531	Aque_Aqu2.1.23692-001;Slac_ENSLPGG00000020470	1.2841772084763492e-19	0.002865326369152078																		
			Aque_Aqu2.1.15175-001;Slac_ENSLPGG00000009756	2.771873751641996e-11	1.0854540543354014e-05																																		Aque_Aqu2.1.32946-001;Slac_ENSLPGG00000010832	1.2237849702064396e-05	3.8243439373048e-19																			Aque_Aqu2.1.43365-001;Slac_ENSLPGG00000022615	0.002191564312746992	8.834766943000045e-06										Aque_Aqu2.1.38683-001;Slac_ENSLPGG00000013337	0.002171373567225803	8.57567725101566e-06	Aque_Aqu2.1.23690-001;Slac_ENSLPGG00000015631	0.0006620997331936333	8.896789141331552e-11	Aque_Aqu2.1.44194-001;Slac_ENSLPGG00000013677	1.3561830907204824e-21	0.004489537272307406							Aque_Aqu2.1.25608-001;Slac_ENSLPGG00000004269	5.700062912418236e-05	2.8577770605734596e-05				Aque_Aqu2.1.38596-001;Slac_ENSLPGG00000027951	4.915425379001228e-11	0.008660930754162743				Aque_Aqu2.1.36606-001;Slac_ENSLPGG00000021127	6.429704257152719e-05	1.5465846751523873e-05	Aque_Aqu2.1.17816-001;Slac_ENSLPGG00000006271	0.004846158259488255	3.1018371628481413e-06				Aque_Aqu2.1.37770-001;Slac_ENSLPGG00000007955	0.006518916636731035	0.0002833925610906631	Aque_Aqu2.1.43251-001;Slac_ENSLPGG00000027461	2.3451474142829946e-08	0.0009589227281603336																		
			Aque_Aqu2.1.38786-001;Slac_ENSLPGG00000005910	1.0368821242524939e-16	3.95349377675779e-06																																		Aque_Aqu2.1.38366-001;Slac_ENSLPGG00000006356	2.353359925872487e-15	0.00011946821970550475																			Aque_Aqu2.1.38608-001;Slac_ENSLPGG00000025832	0.002152172874021064	6.706170504501269e-07										Aque_Aqu2.1.38608-001;Slac_ENSLPGG00000025832	0.002152172874021064	1.5416150032010595e-05	Aque_Aqu2.1.17771-001;Slac_ENSLPGG00000019881	0.0007131963272339168	0.0006855679439890204	Aque_Aqu2.1.36637-001;Slac_ENSLPGG00000006266	5.3289207745529136e-06	0.0004520465282776991							Aque_Aqu2.1.17699-001;Slac_ENSLPGG00000011232	2.155680306670325e-05	0.003325700561470039				Aque_Aqu2.1.18863-001;Slac_ENSLPGG00000000160	1.2590207899422746e-08	0.0006621553696229589				Aque_Aqu2.1.42693-001;Slac_ENSLPGG00000026194	0.0018360592641156288	1.969891307800923e-05	Aque_Aqu2.1.39703-001;Slac_ENSLPGG00000021186	0.0003983784087831898	1.5866616825505543e-23				Aque_Aqu2.1.36606-001;Slac_ENSLPGG00000022031	6.429704257152719e-05	0.009696082349253645	Aque_Aqu2.1.39672-001;Slac_ENSLPGG00000016891	1.7219934783810546e-24	0.0031309119165275016																		
			Aque_Aqu2.1.05699-001;Slac_ENSLPGG00000000841	5.1167073957077065e-06	1.9684137217738545e-10																																		Aque_Aqu2.1.27249-001;Slac_ENSLPGG00000006881	0.007293080990685721	4.2842379072043594e-10																			Aque_Aqu2.1.32726-001;Slac_ENSLPGG00000007568	0.004071975590726553	0.0003309738114116406										Aque_Aqu2.1.17816-001;Slac_ENSLPGG00000019065	0.009367143325851741	4.280743164546749e-06	Aque_Aqu2.1.34855-001;Slac_ENSLPGG00000015237	0.006370456502249983	4.544791557062927e-05	Aque_Aqu2.1.36608-001;Slac_ENSLPGG00000019073	7.508035989768948e-11	1.4082809904647176e-05							Aque_Aqu2.1.44104-001;Slac_ENSLPGG00000013154	3.4947931478476343e-10	0.0003774658561661878				Aque_Aqu2.1.24004-001;Slac_ENSLPGG00000020178	0.0001801900810217783	5.203780196752114e-10				Aque_Aqu2.1.39609-001;Slac_ENSLPGG00000024541	0.005048543726621941	0.000503280708932446	Aque_Aqu2.1.39703-001;Slac_ENSLPGG00000008996	0.0003983784087831898	2.383566135459776e-06				Aque_Aqu2.1.24796-001;Slac_ENSLPGG00000028356	0.003967307296319479	0.008073199099584266	Aque_Aqu2.1.38811-001;Slac_ENSLPGG00000025361	1.675913801095585e-07	0.0054509348608929595																		
			Aque_Aqu2.1.24985-001;Slac_ENSLPGG00000009756	2.648227574502731e-19	1.0854540543354014e-05																																		Aque_Aqu2.1.37748-001;Slac_ENSLPGG00000010195	0.00044414085346194607	7.930255897158772e-108																			Aque_Aqu2.1.40997-001;Slac_ENSLPGG00000019726	3.056879980995244e-05	1.6706628061377998e-112										Aque_Aqu2.1.33448-001;Slac_ENSLPGG00000009324	0.0009419018553175181	0.0032146804795755626	Aque_Aqu2.1.33049-001;Slac_ENSLPGG00000013461	0.0018092674105786527	9.882239640916073e-09	Aque_Aqu2.1.35503-001;Slac_ENSLPGG00000030274	6.524992042139891e-05	0.001650288564594962							Aque_Aqu2.1.44196-001;Slac_ENSLPGG00000010506	2.9679464678834445e-05	0.002698921680975058				Aque_Aqu2.1.25608-001;Slac_ENSLPGG00000004269	5.700062912418236e-05	1.8350665280559102e-08				Aque_Aqu2.1.22423-001;Slac_ENSLPGG00000008996	0.003331405344316412	5.146308428844976e-15	Aque_Aqu2.1.38824-001;Slac_ENSLPGG00000012471	0.0021069493728025235	0.00020102428853856525				Aque_Aqu2.1.42046-001;Slac_ENSLPGG00000028356	0.0050829425919056755	0.008073199099584266	Aque_Aqu2.1.41065-001;Slac_ENSLPGG00000020178	0.002433444354028677	5.203780196752114e-10																		
			Aque_Aqu2.1.43558-001;Slac_ENSLPGG00000005083	3.1472571512040617e-06	3.3662088198379713e-09																																		Aque_Aqu2.1.36105-001;Slac_ENSLPGG00000011075	1.677285239895516e-12	0.0003488260109053289																			Aque_Aqu2.1.23414-001;Slac_ENSLPGG00000012055	1.6439830959473454e-05	0.0013159312919552733										Aque_Aqu2.1.17816-001;Slac_ENSLPGG00000021520	0.009367143325851741	0.001418103085264237	Aque_Aqu2.1.04817-001;Slac_ENSLPGG00000016836	0.0008862807273552347	5.186576302702321e-08	Aque_Aqu2.1.30289-001;Slac_ENSLPGG00000026174	0.00015014791121613838	0.0030597151210094153							Aque_Aqu2.1.32920-001;Slac_ENSLPGG00000000696	0.0019696549996616733	5.830310343059631e-06				Aque_Aqu2.1.44218-001;Slac_ENSLPGG00000007955	2.1931163753421432e-08	0.00014151882699190365				Aque_Aqu2.1.13384-001;Slac_ENSLPGG00000028025	0.008071454308217863	1.9481484135242517e-27	Aque_Aqu2.1.40905-001;Slac_ENSLPGG00000014308	2.293128987599471e-12	7.002579546961971e-06				Aque_Aqu2.1.38683-001;Slac_ENSLPGG00000013337	0.0026556694445690667	0.0005019205673132531	Aque_Aqu2.1.35253-001;Slac_ENSLPGG00000010273	3.5542328552532075e-13	2.9181703033897673e-09																		
			Aque_Aqu2.1.37713-001;Slac_ENSLPGG00000023020	1.7092280498504553e-19	0.00016233266302729288																																		Aque_Aqu2.1.38435-001;Slac_ENSLPGG00000023020	1.829410315713854e-09	0.00016233266302729288																			Aque_Aqu2.1.32726-001;Slac_ENSLPGG00000028356	0.004071975590726553	6.775257991661166e-05										Aque_Aqu2.1.42093-001;Slac_ENSLPGG00000009324	0.0013541819202391105	0.0032146804795755626	Aque_Aqu2.1.25933-001;Slac_ENSLPGG00000004364	7.69935697219898e-05	0.0072277208934833324	Aque_Aqu2.1.44214-001;Slac_ENSLPGG00000007955	3.0665856474314364e-10	0.007386783815123632							Aque_Aqu2.1.37895-001;Slac_ENSLPGG00000022031	1.3041098546376117e-11	0.002785844823308992				Aque_Aqu2.1.18863-001;Slac_ENSLPGG00000007002	1.2590207899422746e-08	0.0017580006702594374				Aque_Aqu2.1.25769-001;Slac_ENSLPGG00000008220	3.2643039449818794e-11	3.053105731426932e-24	Aque_Aqu2.1.28453-001;Slac_ENSLPGG00000026946	1.0394247470338174e-05	0.0030641082345340387				Aque_Aqu2.1.37770-001;Slac_ENSLPGG00000015655	0.006518916636731035	0.002695603985851316	Aque_Aqu2.1.33635-001;Slac_ENSLPGG00000010273	0.00010669886911690847	2.9181703033897673e-09																		
			Aque_Aqu2.1.34878-001;Slac_ENSLPGG00000014668	1.029702300556858e-14	0.0013743888988443865																																		Aque_Aqu2.1.20046-001;Slac_ENSLPGG00000009756	4.1919986784620565e-08	1.0854540543354014e-05																			Aque_Aqu2.1.24548-001;Slac_ENSLPGG00000012140	9.149078712360244e-05	0.0004543176273505883										Aque_Aqu2.1.38608-001;Slac_ENSLPGG00000021750	0.002152172874021064	0.0020523696888412233	Aque_Aqu2.1.20504-001;Slac_ENSLPGG00000003738	0.004078444403214724	1.0526376784842143e-09	Aque_Aqu2.1.32519-001;Slac_ENSLPGG00000012565	1.8525926099430048e-19	0.001853353552073402							Aque_Aqu2.1.41092-001;Slac_ENSLPGG00000017935	2.646540504612954e-90	0.007641587714202316				Aque_Aqu2.1.39254-001;Slac_ENSLPGG00000015421	2.9509973252685446e-05	0.004124785128047521				Aque_Aqu2.1.39703-001;Slac_ENSLPGG00000021186	0.0003983784087831898	2.1966675747781014e-45	Aque_Aqu2.1.38824-001;Slac_ENSLPGG00000020470	0.0021069493728025235	0.005200025809404252				Aque_Aqu2.1.17816-001;Slac_ENSLPGG00000019065	0.004846158259488255	0.006927108559854214	Aque_Aqu2.1.34140-001;Slac_ENSLPGG00000006271	1.0121820050408576e-29	9.73403041830119e-05																		
			Aque_Aqu2.1.43623-001;Slac_ENSLPGG00000011679	2.967833146368427e-22	0.0005453822821599694																																		Aque_Aqu2.1.44059-001;Slac_ENSLPGG00000002916	0.005028374037103343	4.6702259707366504e-32																			Aque_Aqu2.1.33448-001;Slac_ENSLPGG00000009324	0.0009419018553175181	0.0016273209584915234										Aque_Aqu2.1.39703-001;Slac_ENSLPGG00000008996	8.926042219776161e-05	0.00012714480608127604	Aque_Aqu2.1.34138-001;Slac_ENSLPGG00000019065	1.2656438086926812e-05	7.25760385061524e-06	Aque_Aqu2.1.22481-001;Slac_ENSLPGG00000026174	0.0007321366329407624	0.0030597151210094153							Aque_Aqu2.1.33047-001;Slac_ENSLPGG00000012296	1.344591319154037e-14	0.0063155438099113505				Aque_Aqu2.1.17816-001;Slac_ENSLPGG00000021520	1.1230267612856121e-05	0.001418103085264237				Aque_Aqu2.1.44139-001;Slac_ENSLPGG00000009453	0.0013345187120564206	3.1604583026530097e-28	Aque_Aqu2.1.37770-001;Slac_ENSLPGG00000015655	0.006518916636731035	3.02085994403222e-06				Aque_Aqu2.1.42693-001;Slac_ENSLPGG00000015112	0.0018360592641156288	0.00549930044633956	Aque_Aqu2.1.33622-001;Slac_ENSLPGG00000022031	1.708447263117159e-16	0.00010266030155833447																		
			Aque_Aqu2.1.28301-001;Slac_ENSLPGG00000012506	1.7962661367019432e-48	0.0003816528314443795																																		Aque_Aqu2.1.36553-001;Slac_ENSLPGG00000010866	7.694893633557059e-13	0.0029943151604271924																			Aque_Aqu2.1.17816-001;Slac_ENSLPGG00000019065	0.009367143325851741	3.1496785989591547e-07										Aque_Aqu2.1.38608-001;Slac_ENSLPGG00000010736	0.002152172874021064	0.0032920814018862466	Aque_Aqu2.1.42693-001;Slac_ENSLPGG00000012471	0.009867365457725135	1.2256378781761784e-09	Aque_Aqu2.1.09103-001;Slac_ENSLPGG00000028461	6.273425838176239e-12	0.00483349213302338							Aque_Aqu2.1.19903-001;Slac_ENSLPGG00000026963	9.575674530932877e-10	0.006800001343326557				Aque_Aqu2.1.31859-001;Slac_ENSLPGG00000026174	0.0003384808675338713	0.00851023997581526				Aque_Aqu2.1.41520-001;Slac_ENSLPGG00000020178	4.988517977277189e-10	0.0007400756194867412	Aque_Aqu2.1.29979-001;Slac_ENSLPGG00000004765	0.005096289705461217	5.6238260485352485e-05				Aque_Aqu2.1.22423-001;Slac_ENSLPGG00000022557	0.003331405344316412	0.007685700758476869	Aque_Aqu2.1.31551-001;Slac_ENSLPGG00000019065	0.0004550419940629617	4.280743164546749e-06																		
			Aque_Aqu2.1.42128-001;Slac_ENSLPGG00000022456	1.7449667459293925e-16	0.0014170369076031049																																		Aque_Aqu2.1.37627-001;Slac_ENSLPGG00000026511	2.5539480016513077e-05	1.4129750129474057e-09																			Aque_Aqu2.1.38596-001;Slac_ENSLPGG00000027951	0.001542624236740881	0.0013402074915596252										Aque_Aqu2.1.31586-001;Slac_ENSLPGG00000015099	0.0003103108205526201	0.0002745854346787509	Aque_Aqu2.1.32920-001;Slac_ENSLPGG00000000696	0.0053703629895484675	5.830310343059631e-06	Aque_Aqu2.1.27832-001;Slac_ENSLPGG00000015112	5.884935948591738e-05	0.00018013208566898826							Aque_Aqu2.1.17816-001;Slac_ENSLPGG00000019065	1.1230267612856121e-05	7.25760385061524e-06				Aque_Aqu2.1.28791-001;Slac_ENSLPGG00000017856	1.7507652001105744e-08	0.0032322220383914383				Aque_Aqu2.1.40721-001;Slac_ENSLPGG00000007294	0.0002207593425700575	1.76671843861446e-14	Aque_Aqu2.1.42560-001;Slac_ENSLPGG00000015465	0.0008809471089720678	0.007944217172174807				Aque_Aqu2.1.41049-001;Slac_ENSLPGG00000012055	0.007200126607303983	0.000889129280263582	Aque_Aqu2.1.40738-001;Slac_ENSLPGG00000030375	6.218782870818954e-08	0.002058471191555939																		
			Aque_Aqu2.1.41072-001;Slac_ENSLPGG00000016003	1.4923901171103289e-15	0.0006088846830005679																																		Aque_Aqu2.1.32713-001;Slac_ENSLPGG00000008029	7.514791524635885e-08	1.9591747644827683e-05																			Aque_Aqu2.1.44140-001;Slac_ENSLPGG00000009116	8.885562534779468e-10	1.3356495854071297e-16										Aque_Aqu2.1.29899-001;Slac_ENSLPGG00000003184	0.0019524998137374573	0.004627095356100038	Aque_Aqu2.1.36076-001;Slac_ENSLPGG00000010506	0.005164206410856717	0.002698921680975058	Aque_Aqu2.1.44676-001;Slac_ENSLPGG00000011839	0.0015947909906532027	3.187901163744036e-05							Aque_Aqu2.1.33047-001;Slac_ENSLPGG00000015112	1.344591319154037e-14	0.007687888802854135				Aque_Aqu2.1.43845-001;Slac_ENSLPGG00000020504	3.454738282512695e-05	0.0006301460132175903				Aque_Aqu2.1.38824-001;Slac_ENSLPGG00000000921	0.0021069493728025235	1.3554892344563593e-12	Aque_Aqu2.1.25867-001;Slac_ENSLPGG00000012471	0.0002352162877005849	0.00020102428853856525							Aque_Aqu2.1.42762-001;Slac_ENSLPGG00000002171	1.0081478109652569e-17	8.519815430634142e-07																		
			Aque_Aqu2.1.30397-001;Slac_ENSLPGG00000012592	2.6826963318527086e-11	0.0002193852230103154																																		Aque_Aqu2.1.28078-001;Slac_ENSLPGG00000010195	0.0032311787609289023	7.930255897158772e-108																			Aque_Aqu2.1.38687-001;Slac_ENSLPGG00000023112	0.0012331680164132607	1.2280498929779551e-08										Aque_Aqu2.1.42743-001;Slac_ENSLPGG00000008651	0.006174926946827125	0.000902795089576386	Aque_Aqu2.1.37598-001;Slac_ENSLPGG00000028356	0.0005995916502395086	2.097030126413491e-05	Aque_Aqu2.1.24004-001;Slac_ENSLPGG00000020178	0.0001801900810217783	4.7379811227545295e-07							Aque_Aqu2.1.27832-001;Slac_ENSLPGG00000017427	5.884935948591738e-05	0.0037065549147303695				Aque_Aqu2.1.36223-001;Slac_ENSLPGG00000025854	1.4394008307679529e-11	0.0013144839531626926				Aque_Aqu2.1.35253-001;Slac_ENSLPGG00000010273	3.5542328552532075e-13	1.6978492039766335e-05	Aque_Aqu2.1.28316-001;Slac_ENSLPGG00000002720	0.007704087900764999	0.003850984221015657							Aque_Aqu2.1.43674-001;Slac_ENSLPGG00000003645	4.20083387372124e-06	6.4337355297277255e-09																		
			Aque_Aqu2.1.18098-001;Slac_ENSLPGG00000007363	0.0002927017614354168	1.0730688891472475e-22																																		Aque_Aqu2.1.38196-001;Slac_ENSLPGG00000018877	9.798282053904682e-05	3.4903574332566454e-13																			Aque_Aqu2.1.23414-001;Slac_ENSLPGG00000002095	1.6439830959473454e-05	0.00728813826456845										Aque_Aqu2.1.32726-001;Slac_ENSLPGG00000007568	0.004071975590726553	0.006606540174613964	Aque_Aqu2.1.35056-001;Slac_ENSLPGG00000026207	0.00011400801583888684	1.709069424870188e-05	Aque_Aqu2.1.38393-001;Slac_ENSLPGG00000013990	0.0003197347290015396	0.0006259999278705256							Aque_Aqu2.1.34274-001;Slac_ENSLPGG00000028356	0.00038915923158164457	2.097030126413491e-05				Aque_Aqu2.1.35933-001;Slac_ENSLPGG00000025842	0.006102389690745236	0.0011121119220709032				Aque_Aqu2.1.42093-001;Slac_ENSLPGG00000009324	0.0006886285707111513	0.0003172531675215087	Aque_Aqu2.1.43967-001;Slac_ENSLPGG00000012713	0.0024218343419702515	0.006446863522926191							Aque_Aqu2.1.42046-001;Slac_ENSLPGG00000028356	0.0050829425919056755	3.148644495988388e-07																		
			Aque_Aqu2.1.25578-001;Slac_ENSLPGG00000023020	9.46692299568766e-12	0.00016233266302729288																																		Aque_Aqu2.1.34878-001;Slac_ENSLPGG00000014668	1.2375873514274677e-13	0.0013743888988443865																			Aque_Aqu2.1.39703-001;Slac_ENSLPGG00000008996	8.926042219776161e-05	1.5171894313138206e-05										Aque_Aqu2.1.43551-001;Slac_ENSLPGG00000011839	0.0005635633996396587	2.3607637339619418e-11	Aque_Aqu2.1.43365-001;Slac_ENSLPGG00000022615	0.002598528455239392	3.2080116570475125e-06	Aque_Aqu2.1.32726-001;Slac_ENSLPGG00000007568	0.00020161191729037281	0.0003309738114116406							Aque_Aqu2.1.28489-001;Slac_ENSLPGG00000009116	4.787491920802856e-09	3.098026050711895e-06				Aque_Aqu2.1.39139-001;Slac_ENSLPGG00000020027	0.004249037783701661	4.50174799787602e-05				Aque_Aqu2.1.22423-001;Slac_ENSLPGG00000021186	0.003331405344316412	2.1966675747781014e-45	Aque_Aqu2.1.25867-001;Slac_ENSLPGG00000020470	0.0002352162877005849	0.005200025809404252							Aque_Aqu2.1.35253-001;Slac_ENSLPGG00000012471	3.5542328552532075e-13	8.124978717659955e-08																		
			Aque_Aqu2.1.32514-001;Slac_ENSLPGG00000006881	0.00026784013402817586	4.2842379072043594e-10																																		Aque_Aqu2.1.41072-001;Slac_ENSLPGG00000016003	1.7830501497038112e-11	0.0006088846830005679																			Aque_Aqu2.1.27287-001;Slac_ENSLPGG00000013677	7.155791969652081e-07	0.004489537272307406										Aque_Aqu2.1.34441-001;Slac_ENSLPGG00000020027	0.0034208755669669134	4.50174799787602e-05	Aque_Aqu2.1.29918-001;Slac_ENSLPGG00000017733	0.0028807723158949684	0.002669192513835785	Aque_Aqu2.1.35251-001;Slac_ENSLPGG00000020706	0.003495109298096171	0.00016618681967649416							Aque_Aqu2.1.20517-001;Slac_ENSLPGG00000000696	0.00796912409351406	5.830310343059631e-06				Aque_Aqu2.1.36625-001;Slac_ENSLPGG00000020706	2.8072929139854223e-06	0.00012637943545231424				Aque_Aqu2.1.29098-001;Slac_ENSLPGG00000015099	0.0022163606697167436	1.2070220763616555e-10	Aque_Aqu2.1.20046-001;Slac_ENSLPGG00000010168	0.00911986550103098	0.009745588431718704							Aque_Aqu2.1.33635-001;Slac_ENSLPGG00000012471	0.00010669886911690847	8.124978717659955e-08																		
			Aque_Aqu2.1.33543-001;Slac_ENSLPGG00000028631	2.8949349109542336e-49	2.8231962828041818e-11																																		Aque_Aqu2.1.16620-001;Slac_ENSLPGG00000013974	5.117152723494208e-38	0.00407914189268744																			Aque_Aqu2.1.34441-001;Slac_ENSLPGG00000025832	0.0034208755669669134	6.706170504501269e-07										Aque_Aqu2.1.38596-001;Slac_ENSLPGG00000006266	0.001542624236740881	0.00021268831790613734	Aque_Aqu2.1.07288-001;Slac_ENSLPGG00000017935	0.0003153131800253428	0.007641587714202316	Aque_Aqu2.1.25933-001;Slac_ENSLPGG00000007325	0.00349277941307751	6.157960893801338e-07							Aque_Aqu2.1.43980-001;Slac_ENSLPGG00000027245	0.009290738953083176	0.0001049131725186592				Aque_Aqu2.1.19010-001;Slac_ENSLPGG00000006385	0.00040173455701791796	0.00483272631103414				Aque_Aqu2.1.35253-001;Slac_ENSLPGG00000026948	3.5542328552532075e-13	0.005553210951833313	Aque_Aqu2.1.42693-001;Slac_ENSLPGG00000012471	0.0018360592641156288	0.00020102428853856525							Aque_Aqu2.1.40738-001;Slac_ENSLPGG00000012981	6.218782870818954e-08	1.425866129975506e-17																		
			Aque_Aqu2.1.30397-001;Slac_ENSLPGG00000012819	2.6826963318527086e-11	0.0011568697802661395																																		Aque_Aqu2.1.37774-001;Slac_ENSLPGG00000012945	1.1664395148299226e-05	2.3190635250413133e-06																			Aque_Aqu2.1.39703-001;Slac_ENSLPGG00000021186	8.926042219776161e-05	5.034074710478306e-19										Aque_Aqu2.1.42743-001;Slac_ENSLPGG00000011151	0.006174926946827125	0.0012618791393844077	Aque_Aqu2.1.27832-001;Slac_ENSLPGG00000015112	5.939276265577746e-23	0.007687888802854135	Aque_Aqu2.1.30289-001;Slac_ENSLPGG00000028645	0.00015014791121613838	0.0062503156199557545							Aque_Aqu2.1.33612-001;Slac_ENSLPGG00000013283	2.364364427309774e-10	0.00605935643426796				Aque_Aqu2.1.27832-001;Slac_ENSLPGG00000020470	5.884935948591738e-05	0.002865326369152078				Aque_Aqu2.1.41482-001;Slac_ENSLPGG00000006271	2.257130122823816e-08	3.732968551925518e-05	Aque_Aqu2.1.37770-001;Slac_ENSLPGG00000007955	0.006518916636731035	0.000460771292544484							Aque_Aqu2.1.32559-001;Slac_ENSLPGG00000020504	0.0011159041547785943	0.0006301460132175903																		
			Aque_Aqu2.1.41832-001;Slac_ENSLPGG00000010602	1.8716996324675586e-15	0.009845928491703373																																		Aque_Aqu2.1.21879-001;Slac_ENSLPGG00000022242	0.002417439550131487	7.582033670849832e-18																			Aque_Aqu2.1.17816-001;Slac_ENSLPGG00000006271	0.009367143325851741	0.00010329686300105768										Aque_Aqu2.1.27287-001;Slac_ENSLPGG00000013677	7.155791969652081e-07	0.005495034940183072	Aque_Aqu2.1.36076-001;Slac_ENSLPGG00000021127	0.005164206410856717	4.213266832952217e-05	Aque_Aqu2.1.36275-001;Slac_ENSLPGG00000017789	0.00011713621280591484	5.8504776805095845e-08							Aque_Aqu2.1.38596-001;Slac_ENSLPGG00000006266	4.915425379001228e-11	0.003619518626652102				Aque_Aqu2.1.25608-001;Slac_ENSLPGG00000006175	5.700062912418236e-05	7.107487093637847e-05				Aque_Aqu2.1.41692-001;Slac_ENSLPGG00000028225	0.0001319903308633703	4.421597973650588e-05	Aque_Aqu2.1.25769-001;Slac_ENSLPGG00000008220	3.2643039449818794e-11	0.0008756707499995294							Aque_Aqu2.1.37486-001;Slac_ENSLPGG00000021186	5.791765336917085e-10	3.5927119594215055e-24																		
			Aque_Aqu2.1.43575-001;Slac_ENSLPGG00000029176	1.3880461435898764e-27	0.003214211024757422																																		Aque_Aqu2.1.37713-001;Slac_ENSLPGG00000008029	3.456219699031208e-07	1.9591747644827683e-05																			Aque_Aqu2.1.44104-001;Slac_ENSLPGG00000013804	0.004676700161059421	0.00037271070414575906										Aque_Aqu2.1.34441-001;Slac_ENSLPGG00000025832	0.0034208755669669134	1.5416150032010595e-05	Aque_Aqu2.1.36076-001;Slac_ENSLPGG00000011588	0.005164206410856717	0.0036895935973833547	Aque_Aqu2.1.29918-001;Slac_ENSLPGG00000017733	0.00024658544383960945	0.00868834857877882							Aque_Aqu2.1.39761-001;Slac_ENSLPGG00000028345	0.00010091318994910643	0.0003933860879960206				Aque_Aqu2.1.19922-001;Slac_ENSLPGG00000012055	1.1973175788444056e-06	4.0874491108281004e-05				Aque_Aqu2.1.42077-001;Slac_ENSLPGG00000024184	2.5024776515125946e-13	1.806728932316378e-05	Aque_Aqu2.1.43959-001;Slac_ENSLPGG00000002720	0.004273556452371094	0.003850984221015657							Aque_Aqu2.1.33622-001;Slac_ENSLPGG00000021127	1.708447263117159e-16	0.00037730423206785676																		
			Aque_Aqu2.1.43507-001;Slac_ENSLPGG00000007657	5.09267464240498e-12	0.002743173792443191																																		Aque_Aqu2.1.33543-001;Slac_ENSLPGG00000028631	3.338337069377686e-35	2.8231962828041818e-11																			Aque_Aqu2.1.38596-001;Slac_ENSLPGG00000006266	0.001542624236740881	0.0004520465282776991										Aque_Aqu2.1.34441-001;Slac_ENSLPGG00000021750	0.0034208755669669134	0.0020523696888412233	Aque_Aqu2.1.37895-001;Slac_ENSLPGG00000022031	1.8087908043811806e-10	0.002785844823308992	Aque_Aqu2.1.19922-001;Slac_ENSLPGG00000012055	1.1973175788444056e-06	0.0013159312919552733							Aque_Aqu2.1.37895-001;Slac_ENSLPGG00000013283	1.3041098546376117e-11	0.00605935643426796				Aque_Aqu2.1.39733-001;Slac_ENSLPGG00000007568	6.5169284341367635e-06	0.006606540174613964				Aque_Aqu2.1.17699-001;Slac_ENSLPGG00000011232	7.412677515333677e-05	0.006555123624105082	Aque_Aqu2.1.17816-001;Slac_ENSLPGG00000019065	0.004846158259488255	0.002143493550466423							Aque_Aqu2.1.42148-001;Slac_ENSLPGG00000018705	0.005002361813659799	5.704090208402341e-09																		
			Aque_Aqu2.1.37477-001;Slac_ENSLPGG00000000542	2.374194499162537e-23	0.008578615217588528																																		Aque_Aqu2.1.41366-001;Slac_ENSLPGG00000028262	1.268825798008428e-07	0.00019478313766511468																			Aque_Aqu2.1.29899-001;Slac_ENSLPGG00000003184	0.0019524998137374573	0.001403641674023249										Aque_Aqu2.1.34441-001;Slac_ENSLPGG00000010736	0.0034208755669669134	0.0032920814018862466	Aque_Aqu2.1.32726-001;Slac_ENSLPGG00000028356	0.00022197679807694346	2.097030126413491e-05	Aque_Aqu2.1.42183-001;Slac_ENSLPGG00000007955	3.3931647854373665e-10	0.007386783815123632							Aque_Aqu2.1.29918-001;Slac_ENSLPGG00000017733	0.00024658544383960945	0.002669192513835785				Aque_Aqu2.1.19922-001;Slac_ENSLPGG00000008987	1.1973175788444056e-06	0.001852208764674488				Aque_Aqu2.1.26544-001;Slac_ENSLPGG00000008885	4.919226733692524e-08	0.0008636403966528122	Aque_Aqu2.1.41049-001;Slac_ENSLPGG00000015888	0.007200126607303983	5.421831364350314e-05							Aque_Aqu2.1.28497-001;Slac_ENSLPGG00000011327	6.265744639493593e-06	0.002660359306382542																		
			Aque_Aqu2.1.22703-001;Slac_ENSLPGG00000014668	1.8051658972370857e-10	0.0013743888988443865																																		Aque_Aqu2.1.43252-001;Slac_ENSLPGG00000027461	1.8158085484756658e-38	0.001999702559251324																			Aque_Aqu2.1.43353-001;Slac_ENSLPGG00000008404	0.0009101416768829036	0.006904337093626863										Aque_Aqu2.1.38596-001;Slac_ENSLPGG00000027951	0.001542624236740881	0.008660930754162743	Aque_Aqu2.1.37895-001;Slac_ENSLPGG00000013283	1.8087908043811806e-10	0.00605935643426796	Aque_Aqu2.1.32726-001;Slac_ENSLPGG00000028356	0.00020161191729037281	6.775257991661166e-05							Aque_Aqu2.1.38808-001;Slac_ENSLPGG00000013616	0.00027962362973158996	0.0002948825463242736				Aque_Aqu2.1.34274-001;Slac_ENSLPGG00000007568	0.00038915923158164457	0.006606540174613964				Aque_Aqu2.1.40738-001;Slac_ENSLPGG00000012981	6.218782870818954e-08	3.9501074952680824e-13										Aque_Aqu2.1.29098-001;Slac_ENSLPGG00000030375	0.0022163606697167436	0.002058471191555939																		
			Aque_Aqu2.1.11387-001;Slac_ENSLPGG00000006881	0.00015458593629202684	4.2842379072043594e-10																																		Aque_Aqu2.1.24985-001;Slac_ENSLPGG00000016003	1.6706084117909457e-19	0.0006088846830005679																			Aque_Aqu2.1.31586-001;Slac_ENSLPGG00000015099	0.0003103108205526201	8.28668605995311e-06													Aque_Aqu2.1.40738-001;Slac_ENSLPGG00000014205	6.422305685693903e-13	0.00040475230431505745	Aque_Aqu2.1.31155-001;Slac_ENSLPGG00000007581	9.301095207914966e-14	0.0019891714878848914							Aque_Aqu2.1.11170-001;Slac_ENSLPGG00000017935	6.638703732775192e-08	0.007641587714202316				Aque_Aqu2.1.30289-001;Slac_ENSLPGG00000028645	0.00015014791121613838	0.001151647880758861				Aque_Aqu2.1.35197-001;Slac_ENSLPGG00000023608	1.2879642783987652e-05	0.0002772107857814212										Aque_Aqu2.1.31064-001;Slac_ENSLPGG00000021800	0.00019272678791150202	6.536431133373341e-20																		
			Aque_Aqu2.1.36553-001;Slac_ENSLPGG00000010866	7.519750924837044e-19	0.0029943151604271924																																		Aque_Aqu2.1.36263-001;Slac_ENSLPGG00000007508	2.0007992930251783e-05	8.829853899006733e-08																			Aque_Aqu2.1.38608-001;Slac_ENSLPGG00000021750	0.002152172874021064	0.0022021087756227053													Aque_Aqu2.1.27627-001;Slac_ENSLPGG00000019930	0.00010573484547607106	0.004965012481475406	Aque_Aqu2.1.39761-001;Slac_ENSLPGG00000028345	0.00010091318994910643	0.000962168686564271							Aque_Aqu2.1.23389-001;Slac_ENSLPGG00000015888	1.181117757917774e-23	0.0006916594577877405				Aque_Aqu2.1.32726-001;Slac_ENSLPGG00000007568	0.00020161191729037281	0.006606540174613964				Aque_Aqu2.1.35253-001;Slac_ENSLPGG00000015112	3.5542328552532075e-13	0.0006787822325991016										Aque_Aqu2.1.41030-001;Slac_ENSLPGG00000009795	1.2780145784191498e-09	4.3914123694627336e-08																		
			Aque_Aqu2.1.20046-001;Slac_ENSLPGG00000009756	1.893146120459131e-08	1.0854540543354014e-05																																		Aque_Aqu2.1.37477-001;Slac_ENSLPGG00000000542	8.43139959061345e-15	0.008578615217588528																			Aque_Aqu2.1.30070-001;Slac_ENSLPGG00000017733	1.081345875323221e-06	0.00868834857877882													Aque_Aqu2.1.44196-001;Slac_ENSLPGG00000010506	0.0020109440133226236	0.002698921680975058	Aque_Aqu2.1.22481-001;Slac_ENSLPGG00000028645	0.0007321366329407624	0.0062503156199557545							Aque_Aqu2.1.22984-001;Slac_ENSLPGG00000003607	0.0015195175494377914	0.0006073337372162127				Aque_Aqu2.1.22481-001;Slac_ENSLPGG00000028645	0.0007321366329407624	0.001151647880758861				Aque_Aqu2.1.36574-001;Slac_ENSLPGG00000019859	0.0004940940652812278	0.0011397536544584786										Aque_Aqu2.1.29098-001;Slac_ENSLPGG00000015099	0.0022163606697167436	0.0002745854346787509																		
			Aque_Aqu2.1.43363-001;Slac_ENSLPGG00000021086	1.222886867241126e-17	7.367805983936917e-05																																		Aque_Aqu2.1.32514-001;Slac_ENSLPGG00000014668	4.735783019066314e-08	0.0013743888988443865																			Aque_Aqu2.1.43551-001;Slac_ENSLPGG00000007525	0.0005635633996396587	3.5619051390972777e-23													Aque_Aqu2.1.19903-001;Slac_ENSLPGG00000026963	1.0420597908954395e-05	0.006800001343326557	Aque_Aqu2.1.27832-001;Slac_ENSLPGG00000012296	5.884935948591738e-05	0.001043453426024318							Aque_Aqu2.1.27832-001;Slac_ENSLPGG00000012296	5.884935948591738e-05	0.0063155438099113505				Aque_Aqu2.1.35251-001;Slac_ENSLPGG00000020706	0.003495109298096171	0.00012637943545231424				Aque_Aqu2.1.44245-001;Slac_ENSLPGG00000013337	0.001577587927672461	2.325171919806384e-05										Aque_Aqu2.1.42203-001;Slac_ENSLPGG00000021186	0.00045457418849529025	3.5927119594215055e-24																		
			Aque_Aqu2.1.24985-001;Slac_ENSLPGG00000016003	2.648227574502731e-19	0.0006088846830005679																																		Aque_Aqu2.1.27249-001;Slac_ENSLPGG00000018350	0.007293080990685721	9.856781704671451e-05																			Aque_Aqu2.1.39987-001;Slac_ENSLPGG00000021479	0.003415456023007157	0.003708908431597192													Aque_Aqu2.1.42077-001;Slac_ENSLPGG00000024184	1.4577763006587152e-41	0.0017026938288687038	Aque_Aqu2.1.25608-001;Slac_ENSLPGG00000004269	5.700062912418236e-05	3.479210937886757e-05							Aque_Aqu2.1.27832-001;Slac_ENSLPGG00000015112	5.884935948591738e-05	0.007687888802854135				Aque_Aqu2.1.31859-001;Slac_ENSLPGG00000028645	0.0003384808675338713	0.001151647880758861				Aque_Aqu2.1.44139-001;Slac_ENSLPGG00000009116	0.0013345187120564206	6.14592868531139e-18										Aque_Aqu2.1.36606-001;Slac_ENSLPGG00000002171	6.429704257152719e-05	8.519815430634142e-07																		
			Aque_Aqu2.1.44059-001;Slac_ENSLPGG00000001288	3.328730512336417e-05	5.609947236396795e-06																																		Aque_Aqu2.1.37713-001;Slac_ENSLPGG00000023020	3.456219699031208e-07	0.00016233266302729288																			Aque_Aqu2.1.34441-001;Slac_ENSLPGG00000021750	0.0034208755669669134	0.0022021087756227053													Aque_Aqu2.1.41999-001;Slac_ENSLPGG00000006077	0.006402651578408729	0.00010727391058043278	Aque_Aqu2.1.34248-001;Slac_ENSLPGG00000008404	3.804895644393182e-06	0.006904337093626863							Aque_Aqu2.1.44676-001;Slac_ENSLPGG00000011839	0.0015947909906532027	1.131525749686441e-05				Aque_Aqu2.1.29872-001;Slac_ENSLPGG00000011474	0.008430221776954171	0.0063647289549992265				Aque_Aqu2.1.20046-001;Slac_ENSLPGG00000010168	0.00911986550103098	2.6690275182235755e-10										Aque_Aqu2.1.41482-001;Slac_ENSLPGG00000019065	2.257130122823816e-08	4.280743164546749e-06																		
			Aque_Aqu2.1.25926-001;Slac_ENSLPGG00000006437	1.4993483527679124e-17	0.002916657210142146																																		Aque_Aqu2.1.37774-001;Slac_ENSLPGG00000009756	1.1664395148299226e-05	1.0854540543354014e-05																			Aque_Aqu2.1.43551-001;Slac_ENSLPGG00000011839	0.0005635633996396587	3.187901163744036e-05													Aque_Aqu2.1.41482-001;Slac_ENSLPGG00000019065	4.6297900363399465e-06	7.25760385061524e-06	Aque_Aqu2.1.42228-001;Slac_ENSLPGG00000017391	4.994238017866032e-07	0.008137341817906062							Aque_Aqu2.1.13800-001;Slac_ENSLPGG00000009267	0.0018692337907015642	0.008176142790586937				Aque_Aqu2.1.26609-001;Slac_ENSLPGG00000002953	0.00941527972294942	0.002290144416822242				Aque_Aqu2.1.33635-001;Slac_ENSLPGG00000010273	0.00010669886911690847	1.6978492039766335e-05										Aque_Aqu2.1.16567-001;Slac_ENSLPGG00000011715	3.0155612923613537e-06	0.0008023801828239884																		
			Aque_Aqu2.1.27243-001;Slac_ENSLPGG00000027389	5.067889401094206e-09	0.0008360912761741595																																		Aque_Aqu2.1.40651-001;Slac_ENSLPGG00000004266	0.0014029469417940314	2.2064444587210343e-33																																		Aque_Aqu2.1.42631-001;Slac_ENSLPGG00000021750	0.00021754116331870318	0.007143211701726101	Aque_Aqu2.1.31859-001;Slac_ENSLPGG00000026174	0.0003384808675338713	0.0030597151210094153							Aque_Aqu2.1.25933-001;Slac_ENSLPGG00000004364	0.00349277941307751	0.0072277208934833324				Aque_Aqu2.1.37781-001;Slac_ENSLPGG00000010304	0.008948621296826038	0.003645966134262201				Aque_Aqu2.1.17816-001;Slac_ENSLPGG00000019065	0.004846158259488255	3.613082416273542e-08										Aque_Aqu2.1.32890-001;Slac_ENSLPGG00000007568	8.175377015812928e-08	0.006606540174613964																		
			Aque_Aqu2.1.43558-001;Slac_ENSLPGG00000008029	3.1472571512040617e-06	1.9591747644827683e-05																																		Aque_Aqu2.1.14418-001;Slac_ENSLPGG00000014178	1.1042288126349868e-07	0.006744188278011219																																		Aque_Aqu2.1.42223-001;Slac_ENSLPGG00000018075	0.007749014690456649	0.004219661479401974	Aque_Aqu2.1.25608-001;Slac_ENSLPGG00000006175	5.700062912418236e-05	3.654587147996785e-05							Aque_Aqu2.1.19922-001;Slac_ENSLPGG00000015888	1.1973175788444056e-06	0.0006916594577877405										Aque_Aqu2.1.38683-001;Slac_ENSLPGG00000013337	0.0026556694445690667	2.325171919806384e-05										Aque_Aqu2.1.39672-001;Slac_ENSLPGG00000022031	1.7219934783810546e-24	0.00010266030155833447																		
			Aque_Aqu2.1.32514-001;Slac_ENSLPGG00000018350	0.00026784013402817586	9.856781704671451e-05																																		Aque_Aqu2.1.14853-001;Slac_ENSLPGG00000014669	0.008568034336142479	2.5887989694557483e-05																																		Aque_Aqu2.1.26984-001;Slac_ENSLPGG00000000391	0.009934338415239106	0.0006129685157230427	Aque_Aqu2.1.29872-001;Slac_ENSLPGG00000011474	0.008430221776954171	0.0010828511641547496							Aque_Aqu2.1.36637-001;Slac_ENSLPGG00000006266	5.3289207745529136e-06	0.003619518626652102										Aque_Aqu2.1.29979-001;Slac_ENSLPGG00000004765	0.005096289705461217	1.8540818407031797e-07										Aque_Aqu2.1.38824-001;Slac_ENSLPGG00000012471	0.0021069493728025235	8.124978717659955e-08																		
			Aque_Aqu2.1.40941-001;Slac_ENSLPGG00000012410	5.403886796560478e-10	0.0037797027064786033																																		Aque_Aqu2.1.35141-001;Slac_ENSLPGG00000023162	0.00016139299238626347	4.8549444338067336e-08																																		Aque_Aqu2.1.20511-001;Slac_ENSLPGG00000016836	1.5644696087407903e-10	5.186576302702321e-08	Aque_Aqu2.1.44218-001;Slac_ENSLPGG00000007955	2.1931163753421432e-08	0.007386783815123632							Aque_Aqu2.1.43551-001;Slac_ENSLPGG00000011839	1.0046936470645059e-10	1.131525749686441e-05										Aque_Aqu2.1.42693-001;Slac_ENSLPGG00000012471	0.0018360592641156288	9.012536840606819e-20										Aque_Aqu2.1.33536-001;Slac_ENSLPGG00000026185	0.007328848895594257	8.207183936855886e-05																		
			Aque_Aqu2.1.04179-001;Slac_ENSLPGG00000018450	0.003868760252328018	4.840708147555924e-22																																		Aque_Aqu2.1.20046-001;Slac_ENSLPGG00000016003	4.1919986784620565e-08	0.0006088846830005679																																		Aque_Aqu2.1.13800-001;Slac_ENSLPGG00000009267	5.35283082857658e-22	0.008176142790586937	Aque_Aqu2.1.24004-001;Slac_ENSLPGG00000018774	0.0001801900810217783	4.505355541140787e-05							Aque_Aqu2.1.30110-001;Slac_ENSLPGG00000017935	0.0009398165192983804	0.007641587714202316										Aque_Aqu2.1.33635-001;Slac_ENSLPGG00000026948	0.00010669886911690847	0.005553210951833313										Aque_Aqu2.1.36574-001;Slac_ENSLPGG00000012140	0.0004940940652812278	2.2234277891488934e-08																		
			Aque_Aqu2.1.23412-001;Slac_ENSLPGG00000002095	1.0708553104955673e-10	0.00433301613891228																																		Aque_Aqu2.1.38167-001;Slac_ENSLPGG00000007508	6.788803310502108e-05	8.829853899006733e-08																																		Aque_Aqu2.1.23389-001;Slac_ENSLPGG00000015888	4.895083367936573e-18	0.0006916594577877405	Aque_Aqu2.1.27832-001;Slac_ENSLPGG00000020470	5.884935948591738e-05	0.002366091147798498							Aque_Aqu2.1.26609-001;Slac_ENSLPGG00000002953	0.00941527972294942	0.0008670845443013531										Aque_Aqu2.1.43267-001;Slac_ENSLPGG00000023417	3.1038449995845004e-09	0.0020866515349768724										Aque_Aqu2.1.43267-001;Slac_ENSLPGG00000027461	3.1038449995845004e-09	0.0009589227281603336																		
			Aque_Aqu2.1.37748-001;Slac_ENSLPGG00000010195	0.006868279958800548	7.930255897158772e-108																																		Aque_Aqu2.1.37974-001;Slac_ENSLPGG00000013980	3.1695571352348735e-06	0.0001226268084717703																																		Aque_Aqu2.1.38358-001;Slac_ENSLPGG00000027245	7.327555591269387e-05	0.0001049131725186592	Aque_Aqu2.1.19010-001;Slac_ENSLPGG00000006385	0.00040173455701791796	0.0005553285670310895							Aque_Aqu2.1.44676-001;Slac_ENSLPGG00000018987	0.0015947909906532027	0.00254613796527854										Aque_Aqu2.1.43267-001;Slac_ENSLPGG00000025032	3.1038449995845004e-09	0.0048544539686617314										Aque_Aqu2.1.35781-001;Slac_ENSLPGG00000007429	0.0016572738315866653	1.4497953333836968e-05																		
			Aque_Aqu2.1.29099-001;Slac_ENSLPGG00000013725	0.00020858608906216777	0.0035090973353952976																																		Aque_Aqu2.1.43251-001;Slac_ENSLPGG00000027461	0.002336621506172228	0.001999702559251324																																		Aque_Aqu2.1.41459-001;Slac_ENSLPGG00000017935	1.5794802762380623e-08	0.007641587714202316	Aque_Aqu2.1.41869-001;Slac_ENSLPGG00000027385	0.0014939303348256246	0.006729569986730196							Aque_Aqu2.1.43551-001;Slac_ENSLPGG00000018987	1.0046936470645059e-10	0.00254613796527854										Aque_Aqu2.1.41098-001;Slac_ENSLPGG00000019900	0.007831012499676007	0.008330418155149743										Aque_Aqu2.1.43674-001;Slac_ENSLPGG00000019065	4.20083387372124e-06	4.280743164546749e-06																		
			Aque_Aqu2.1.37570-001;Slac_ENSLPGG00000022258	0.00014101831142190603	0.0002067977626758993																																		Aque_Aqu2.1.30397-001;Slac_ENSLPGG00000012592	3.053563844263048e-06	0.0002193852230103154																																		Aque_Aqu2.1.42693-001;Slac_ENSLPGG00000017427	0.009867365457725135	0.0037065549147303695	Aque_Aqu2.1.31344-001;Slac_ENSLPGG00000018774	2.897711481146304e-06	4.505355541140787e-05																			Aque_Aqu2.1.25867-001;Slac_ENSLPGG00000010273	0.0002352162877005849	1.6978492039766335e-05										Aque_Aqu2.1.30867-001;Slac_ENSLPGG00000006271	1.3309245062395783e-20	9.73403041830119e-05																		
			Aque_Aqu2.1.23414-001;Slac_ENSLPGG00000009214	3.5770669737469e-05	0.00044988538181170993																																		Aque_Aqu2.1.36579-001;Slac_ENSLPGG00000013974	2.7181831547122596e-07	0.00407914189268744																																		Aque_Aqu2.1.33047-001;Slac_ENSLPGG00000012471	0.0010141202311665274	1.2256378781761784e-09	Aque_Aqu2.1.31859-001;Slac_ENSLPGG00000028645	0.0003384808675338713	0.0062503156199557545																			Aque_Aqu2.1.41653-001;Slac_ENSLPGG00000016670	5.400992414490759e-06	0.00660496085584887										Aque_Aqu2.1.29862-001;Slac_ENSLPGG00000010736	1.5187831121386648e-33	0.0032920814018862466																		
			Aque_Aqu2.1.43558-001;Slac_ENSLPGG00000023020	3.1472571512040617e-06	0.00016233266302729288																																		Aque_Aqu2.1.21265-001;Slac_ENSLPGG00000020778	2.610457360067352e-07	0.00013705082526397394																																		Aque_Aqu2.1.35998-001;Slac_ENSLPGG00000023112	6.231082991345739e-05	0.0003324703807620784	Aque_Aqu2.1.28305-001;Slac_ENSLPGG00000008404	0.0022498287036557037	0.006904337093626863																			Aque_Aqu2.1.44245-001;Slac_ENSLPGG00000020822	0.001577587927672461	0.0029706612980473957										Aque_Aqu2.1.25867-001;Slac_ENSLPGG00000015112	0.0002352162877005849	6.110427182401843e-06																		
			Aque_Aqu2.1.20046-001;Slac_ENSLPGG00000016003	1.893146120459131e-08	0.0006088846830005679																																		Aque_Aqu2.1.29099-001;Slac_ENSLPGG00000013725	0.000133257859188486	0.0035090973353952976																																		Aque_Aqu2.1.34855-001;Slac_ENSLPGG00000009214	0.006370456502249983	4.3702486611694656e-11	Aque_Aqu2.1.34263-001;Slac_ENSLPGG00000015631	5.189591029528842e-07	0.0005450261508553615																			Aque_Aqu2.1.33635-001;Slac_ENSLPGG00000015112	0.00010669886911690847	0.0006787822325991016										Aque_Aqu2.1.26973-001;Slac_ENSLPGG00000015112	1.8757648248382616e-05	6.110427182401843e-06																		
			Aque_Aqu2.1.43252-001;Slac_ENSLPGG00000027461	7.204283024959723e-21	0.001999702559251324																																		Aque_Aqu2.1.37748-001;Slac_ENSLPGG00000013980	0.00044414085346194607	0.0001226268084717703																																		Aque_Aqu2.1.33047-001;Slac_ENSLPGG00000020470	0.0010141202311665274	3.423487626718001e-05	Aque_Aqu2.1.27418-001;Slac_ENSLPGG00000008404	9.140018107933001e-05	0.006904337093626863																			Aque_Aqu2.1.25867-001;Slac_ENSLPGG00000026948	0.0002352162877005849	0.005553210951833313										Aque_Aqu2.1.39672-001;Slac_ENSLPGG00000021127	1.7219934783810546e-24	0.00037730423206785676																		
			Aque_Aqu2.1.32514-001;Slac_ENSLPGG00000014668	0.00026784013402817586	0.0013743888988443865																																		Aque_Aqu2.1.29134-001;Slac_ENSLPGG00000013280	0.0026222191404020882	7.744649516911297e-09																																		Aque_Aqu2.1.29457-001;Slac_ENSLPGG00000018870	0.0002602620592656573	0.0064621030568216085	Aque_Aqu2.1.39632-001;Slac_ENSLPGG00000026678	0.0014645328315261795	0.0020992869204671757																			Aque_Aqu2.1.25769-001;Slac_ENSLPGG00000010973	3.2643039449818794e-11	0.0015368510063786963										Aque_Aqu2.1.44139-001;Slac_ENSLPGG00000009116	0.0013345187120564206	1.187914787539918e-27																		
			Aque_Aqu2.1.30042-001;Slac_ENSLPGG00000001573	6.772327583630515e-08	0.009685833386975687																																		Aque_Aqu2.1.40941-001;Slac_ENSLPGG00000012410	9.353148542473022e-08	0.0037797027064786033																																		Aque_Aqu2.1.26609-001;Slac_ENSLPGG00000002953	0.0009397664730976341	0.0008670845443013531	Aque_Aqu2.1.37781-001;Slac_ENSLPGG00000010304	0.008948621296826038	0.004020591594196844																			Aque_Aqu2.1.35781-001;Slac_ENSLPGG00000016523	0.0016572738315866653	0.00036903692952223847										Aque_Aqu2.1.43365-001;Slac_ENSLPGG00000022615	3.222386889950698e-07	1.534659565009843e-06																		
			Aque_Aqu2.1.26829-001;Slac_ENSLPGG00000011320	8.116609673612668e-07	0.005149903059814581																																		Aque_Aqu2.1.28093-001;Slac_ENSLPGG00000004444	1.6592015589101466e-07	0.003529296821289744																																		Aque_Aqu2.1.37101-001;Slac_ENSLPGG00000015112	6.194430517240804e-07	0.007687888802854135																						Aque_Aqu2.1.38683-001;Slac_ENSLPGG00000020822	0.0026556694445690667	0.0029706612980473957										Aque_Aqu2.1.36578-001;Slac_ENSLPGG00000011207	5.891129462767358e-17	1.650111166901404e-05																		
			Aque_Aqu2.1.23414-001;Slac_ENSLPGG00000012055	3.5770669737469e-05	5.3016134566162584e-05																																		Aque_Aqu2.1.37774-001;Slac_ENSLPGG00000011679	1.1664395148299226e-05	0.0005453822821599694																																		Aque_Aqu2.1.21828-001;Slac_ENSLPGG00000020173	0.0036240552202032933	0.0010613881201389775																						Aque_Aqu2.1.41962-001;Slac_ENSLPGG00000008885	1.6536677389112207e-06	0.0008636403966528122										Aque_Aqu2.1.25867-001;Slac_ENSLPGG00000011715	0.0002352162877005849	0.0008023801828239884																		
			Aque_Aqu2.1.29482-001;Slac_ENSLPGG00000022242	0.006815611909410816	7.582033670849832e-18																																		Aque_Aqu2.1.30397-001;Slac_ENSLPGG00000012819	3.053563844263048e-06	0.0011568697802661395																																		Aque_Aqu2.1.19922-001;Slac_ENSLPGG00000015888	3.5383392068991633e-08	0.0006916594577877405																						Aque_Aqu2.1.26973-001;Slac_ENSLPGG00000015112	1.8757648248382616e-05	0.0006787822325991016										Aque_Aqu2.1.38524-001;Slac_ENSLPGG00000025842	9.419406752082244e-11	0.0011121119220709032																		
			Aque_Aqu2.1.36579-001;Slac_ENSLPGG00000013974	1.3401575227138799e-05	0.00407914189268744																																		Aque_Aqu2.1.35076-001;Slac_ENSLPGG00000016361	8.800316694697123e-05	0.00012995627939498612																																		Aque_Aqu2.1.41092-001;Slac_ENSLPGG00000017935	5.064435843593467e-16	0.007641587714202316																						Aque_Aqu2.1.25867-001;Slac_ENSLPGG00000015112	0.0002352162877005849	0.0006787822325991016										Aque_Aqu2.1.31551-001;Slac_ENSLPGG00000006271	0.0004550419940629617	9.73403041830119e-05																		
			Aque_Aqu2.1.38598-001;Slac_ENSLPGG00000021534	5.172299480510369e-07	0.008180380745712108																																		Aque_Aqu2.1.42087-001;Slac_ENSLPGG00000011075	0.001998237992359187	0.0003488260109053289																																		Aque_Aqu2.1.43551-001;Slac_ENSLPGG00000011839	8.307475925357203e-08	1.131525749686441e-05																						Aque_Aqu2.1.17816-001;Slac_ENSLPGG00000006271	0.004846158259488255	3.732968551925518e-05										Aque_Aqu2.1.37770-001;Slac_ENSLPGG00000015655	0.006518916636731035	1.160234898039516e-18																		
			Aque_Aqu2.1.37570-001;Slac_ENSLPGG00000012410	0.00014101831142190603	0.0037797027064786033																																		Aque_Aqu2.1.33572-001;Slac_ENSLPGG00000024781	0.00021610473808980914	2.0934226994576584e-08																																		Aque_Aqu2.1.42631-001;Slac_ENSLPGG00000010137	0.00021754116331870318	0.001790020645015706																						Aque_Aqu2.1.38824-001;Slac_ENSLPGG00000015112	0.0021069493728025235	0.0006787822325991016										Aque_Aqu2.1.41962-001;Slac_ENSLPGG00000008885	1.6536677389112207e-06	2.268280520966209e-08																		
			Aque_Aqu2.1.37748-001;Slac_ENSLPGG00000013980	0.006868279958800548	0.0001226268084717703																																		Aque_Aqu2.1.23414-001;Slac_ENSLPGG00000009214	0.0055709991675041	0.00044988538181170993																																		Aque_Aqu2.1.36076-001;Slac_ENSLPGG00000022031	0.005164206410856717	0.002785844823308992																						Aque_Aqu2.1.38176-001;Slac_ENSLPGG00000016480	1.7197956842617203e-07	0.002786776662036683										Aque_Aqu2.1.26973-001;Slac_ENSLPGG00000011715	1.8757648248382616e-05	0.0008023801828239884																		
			Aque_Aqu2.1.33392-001;Slac_ENSLPGG00000027808	0.0031077183817407456	0.00046630714510625075																																		Aque_Aqu2.1.43575-001;Slac_ENSLPGG00000029176	5.353997688016468e-05	0.003214211024757422																																		Aque_Aqu2.1.38808-001;Slac_ENSLPGG00000013616	0.00823593499642325	0.0002948825463242736																						Aque_Aqu2.1.37770-001;Slac_ENSLPGG00000015655	0.006518916636731035	2.465938796218491e-05										Aque_Aqu2.1.43982-001;Slac_ENSLPGG00000025832	0.00026536629051856613	1.5416150032010595e-05																		
			Aque_Aqu2.1.33936-001;Slac_ENSLPGG00000008779	3.607051725379484e-05	0.008065665297459843																																		Aque_Aqu2.1.41439-001;Slac_ENSLPGG00000015465	6.0492728489475194e-06	0.0028540860282769004																																		Aque_Aqu2.1.36076-001;Slac_ENSLPGG00000013283	0.005164206410856717	0.00605935643426796																						Aque_Aqu2.1.35781-001;Slac_ENSLPGG00000007429	0.0016572738315866653	0.0024369279596928484										Aque_Aqu2.1.40721-001;Slac_ENSLPGG00000007294	0.0002207593425700575	7.821178948085543e-16																		
			Aque_Aqu2.1.23414-001;Slac_ENSLPGG00000002095	3.5770669737469e-05	0.00433301613891228																																		Aque_Aqu2.1.23412-001;Slac_ENSLPGG00000002095	5.1030243327243934e-06	0.00433301613891228																																		Aque_Aqu2.1.42693-001;Slac_ENSLPGG00000015112	0.009867365457725135	0.007687888802854135																						Aque_Aqu2.1.41049-001;Slac_ENSLPGG00000015888	0.007200126607303983	7.523245071031996e-10										Aque_Aqu2.1.25867-001;Slac_ENSLPGG00000013166	0.0002352162877005849	0.00023368617004770938																		
			Aque_Aqu2.1.18098-001;Slac_ENSLPGG00000013974	0.0002927017614354168	0.00407914189268744																																		Aque_Aqu2.1.38191-001;Slac_ENSLPGG00000001288	0.0010813743481752497	5.609947236396795e-06																																		Aque_Aqu2.1.33047-001;Slac_ENSLPGG00000012296	0.0010141202311665274	0.0063155438099113505																						Aque_Aqu2.1.42693-001;Slac_ENSLPGG00000026948	0.0018360592641156288	0.005553210951833313										Aque_Aqu2.1.35253-001;Slac_ENSLPGG00000015112	3.5542328552532075e-13	6.110427182401843e-06																		
																																							Aque_Aqu2.1.27249-001;Slac_ENSLPGG00000014668	0.007293080990685721	0.0013743888988443865																																		Aque_Aqu2.1.43551-001;Slac_ENSLPGG00000018987	8.307475925357203e-08	0.00254613796527854																						Aque_Aqu2.1.37770-001;Slac_ENSLPGG00000007955	0.006518916636731035	0.001201610886996087										Aque_Aqu2.1.33635-001;Slac_ENSLPGG00000015112	0.00010669886911690847	6.110427182401843e-06																		
																																							Aque_Aqu2.1.22703-001;Slac_ENSLPGG00000014668	4.3120961520581966e-05	0.0013743888988443865																																		Aque_Aqu2.1.33047-001;Slac_ENSLPGG00000015112	0.0010141202311665274	0.007687888802854135																						Aque_Aqu2.1.42693-001;Slac_ENSLPGG00000015112	0.0018360592641156288	0.0006787822325991016										Aque_Aqu2.1.37486-001;Slac_ENSLPGG00000022557	5.791765336917085e-10	0.0006017082364898932																		
																																							Aque_Aqu2.1.35784-001;Slac_ENSLPGG00000018350	0.009574345140455574	9.856781704671451e-05																																																																						Aque_Aqu2.1.37486-001;Slac_ENSLPGG00000008996	5.791765336917085e-10	0.00012714480608127604																		
																																							Aque_Aqu2.1.24984-001;Slac_ENSLPGG00000009756	0.0028706384647597272	1.0854540543354014e-05																																																																						Aque_Aqu2.1.25867-001;Slac_ENSLPGG00000012296	0.0002352162877005849	0.0001466708255175629																		
																																							Aque_Aqu2.1.27243-001;Slac_ENSLPGG00000027389	4.486449805587064e-05	0.0008360912761741595																																																																						Aque_Aqu2.1.34140-001;Slac_ENSLPGG00000021520	1.0121820050408576e-29	0.001418103085264237																		
																																							Aque_Aqu2.1.23414-001;Slac_ENSLPGG00000012055	0.0055709991675041	5.3016134566162584e-05																																																																						Aque_Aqu2.1.26973-001;Slac_ENSLPGG00000012296	1.8757648248382616e-05	0.0001466708255175629																		
																																							Aque_Aqu2.1.40886-001;Slac_ENSLPGG00000009756	0.0046341478969197545	1.0854540543354014e-05																																																																						Aque_Aqu2.1.32509-001;Slac_ENSLPGG00000007568	0.0003922226519476641	0.006606540174613964																		
																																							Aque_Aqu2.1.44059-001;Slac_ENSLPGG00000001288	0.005028374037103343	5.609947236396795e-06																																																																						Aque_Aqu2.1.33629-001;Slac_ENSLPGG00000026185	0.009336944773511264	8.207183936855886e-05																		
																																							Aque_Aqu2.1.18098-001;Slac_ENSLPGG00000013974	0.00010510904740299329	0.00407914189268744																																																																						Aque_Aqu2.1.35253-001;Slac_ENSLPGG00000011715	3.5542328552532075e-13	0.0008023801828239884																		
																																							Aque_Aqu2.1.42128-001;Slac_ENSLPGG00000022456	1.2923046736517952e-06	0.0014170369076031049																																																																						Aque_Aqu2.1.33635-001;Slac_ENSLPGG00000011715	0.00010669886911690847	0.0008023801828239884																		
																																							Aque_Aqu2.1.33936-001;Slac_ENSLPGG00000008779	0.0001224037936486785	0.008065665297459843																																																																						Aque_Aqu2.1.41619-001;Slac_ENSLPGG00000007581	0.0001135500444194301	0.0001802338208940245																		
																																							Aque_Aqu2.1.38598-001;Slac_ENSLPGG00000021534	0.0037244905898818673	0.008180380745712108																																																																						Aque_Aqu2.1.29979-001;Slac_ENSLPGG00000004765	0.005096289705461217	4.857855965547903e-16																		
																																							Aque_Aqu2.1.24984-001;Slac_ENSLPGG00000016003	0.0028706384647597272	0.0006088846830005679																																																																						Aque_Aqu2.1.42762-001;Slac_ENSLPGG00000016891	1.0081478109652569e-17	0.0031309119165275016																		
																																							Aque_Aqu2.1.39652-001;Slac_ENSLPGG00000015465	0.0006483355378789996	0.0028540860282769004																																																																						Aque_Aqu2.1.42203-001;Slac_ENSLPGG00000008996	0.00045457418849529025	0.00012714480608127604																		
																																							Aque_Aqu2.1.40886-001;Slac_ENSLPGG00000016003	0.0046341478969197545	0.0006088846830005679																																																																						Aque_Aqu2.1.41482-001;Slac_ENSLPGG00000006271	2.257130122823816e-08	9.73403041830119e-05																		
																																							Aque_Aqu2.1.35784-001;Slac_ENSLPGG00000014668	0.009574345140455574	0.0013743888988443865																																																																						Aque_Aqu2.1.38824-001;Slac_ENSLPGG00000015112	0.0021069493728025235	6.110427182401843e-06																		
																																							Aque_Aqu2.1.23414-001;Slac_ENSLPGG00000002095	0.0055709991675041	0.00433301613891228																																																																						Aque_Aqu2.1.35253-001;Slac_ENSLPGG00000012296	3.5542328552532075e-13	0.0001466708255175629																		
																																							Aque_Aqu2.1.41832-001;Slac_ENSLPGG00000010602	0.0049670511416580005	0.009845928491703373																																																																						Aque_Aqu2.1.33635-001;Slac_ENSLPGG00000012296	0.00010669886911690847	0.0001466708255175629																		
																																							Aque_Aqu2.1.43507-001;Slac_ENSLPGG00000007657	0.007992588950237344	0.002743173792443191																																																																						Aque_Aqu2.1.43674-001;Slac_ENSLPGG00000006271	4.20083387372124e-06	9.73403041830119e-05																		
																																																																																																															Aque_Aqu2.1.16567-001;Slac_ENSLPGG00000020470	3.0155612923613537e-06	0.002865326369152078																		
																																																																																																															Aque_Aqu2.1.22332-001;Slac_ENSLPGG00000013772	9.838828213524885e-12	5.364876696665609e-05																		
																																																																																																															Aque_Aqu2.1.38824-001;Slac_ENSLPGG00000011715	0.0021069493728025235	0.0008023801828239884																		
																																																																																																															Aque_Aqu2.1.22423-001;Slac_ENSLPGG00000000564	0.003331405344316412	1.2226361637864731e-11																		
																																																																																																															Aque_Aqu2.1.36606-001;Slac_ENSLPGG00000016891	6.429704257152719e-05	0.0031309119165275016																		
																																																																																																															Aque_Aqu2.1.42693-001;Slac_ENSLPGG00000012471	0.0018360592641156288	8.124978717659955e-08																		
																																																																																																															Aque_Aqu2.1.34863-001;Slac_ENSLPGG00000014139	7.856949568546215e-16	0.007486004862652009																		
																																																																																																															Aque_Aqu2.1.42046-001;Slac_ENSLPGG00000007568	0.0050829425919056755	0.006606540174613964																		
																																																																																																															Aque_Aqu2.1.42693-001;Slac_ENSLPGG00000003239	0.0018360592641156288	4.665800524885028e-08																		
																																																																																																															Aque_Aqu2.1.30867-001;Slac_ENSLPGG00000021520	1.3309245062395783e-20	0.001418103085264237																		
																																																																																																															Aque_Aqu2.1.38824-001;Slac_ENSLPGG00000012296	0.0021069493728025235	0.0001466708255175629																		
																																																																																																															Aque_Aqu2.1.42148-001;Slac_ENSLPGG00000016689	0.005002361813659799	1.1220887481878132e-05																		
																																																																																																															Aque_Aqu2.1.26544-001;Slac_ENSLPGG00000008885	4.919226733692524e-08	2.268280520966209e-08																		
																																																																																																															Aque_Aqu2.1.42093-001;Slac_ENSLPGG00000009324	0.0006886285707111513	0.0032146804795755626																		
																																																																																																															Aque_Aqu2.1.33443-001;Slac_ENSLPGG00000007525	4.986367745258103e-05	2.4280532106859597e-36																		
																																																																																																															Aque_Aqu2.1.42762-001;Slac_ENSLPGG00000022031	1.0081478109652569e-17	0.00010266030155833447																		
																																																																																																															Aque_Aqu2.1.25867-001;Slac_ENSLPGG00000020470	0.0002352162877005849	0.002865326369152078																		
																																																																																																															Aque_Aqu2.1.38683-001;Slac_ENSLPGG00000013337	0.0026556694445690667	8.57567725101566e-06																		
																																																																																																															Aque_Aqu2.1.43982-001;Slac_ENSLPGG00000010736	0.00026536629051856613	0.0032920814018862466																		
																																																																																																															Aque_Aqu2.1.26973-001;Slac_ENSLPGG00000020470	1.8757648248382616e-05	0.002865326369152078																		
																																																																																																															Aque_Aqu2.1.39703-001;Slac_ENSLPGG00000021186	0.0003983784087831898	3.5927119594215055e-24																		
																																																																																																															Aque_Aqu2.1.26983-001;Slac_ENSLPGG00000005884	3.937047107772297e-05	6.0847112179007974e-05																		
																																																																																																															Aque_Aqu2.1.43954-001;Slac_ENSLPGG00000029175	0.0001823425905369846	0.0074492566021267																		
																																																																																																															Aque_Aqu2.1.31551-001;Slac_ENSLPGG00000021520	0.0004550419940629617	0.001418103085264237																		
																																																																																																															Aque_Aqu2.1.17816-001;Slac_ENSLPGG00000007158	0.004846158259488255	1.965018913530473e-21																		
																																																																																																															Aque_Aqu2.1.42762-001;Slac_ENSLPGG00000021127	1.0081478109652569e-17	0.00037730423206785676																		
																																																																																																															Aque_Aqu2.1.26969-001;Slac_ENSLPGG00000010736	0.008672518046652826	0.0032920814018862466																		
																																																																																																															Aque_Aqu2.1.43982-001;Slac_ENSLPGG00000021750	0.00026536629051856613	0.0020523696888412233																		
																																																																																																															Aque_Aqu2.1.35253-001;Slac_ENSLPGG00000020470	3.5542328552532075e-13	0.002865326369152078																		
																																																																																																															Aque_Aqu2.1.33635-001;Slac_ENSLPGG00000020470	0.00010669886911690847	0.002865326369152078																		
																																																																																																															Aque_Aqu2.1.36606-001;Slac_ENSLPGG00000022031	6.429704257152719e-05	0.00010266030155833447																		
																																																																																																															Aque_Aqu2.1.33673-001;Slac_ENSLPGG00000012616	0.000628276188921932	0.0002053660933338106																		
																																																																																																															Aque_Aqu2.1.25927-001;Slac_ENSLPGG00000006175	3.006102746387663e-11	7.107487093637847e-05																		
																																																																																																															Aque_Aqu2.1.39919-001;Slac_ENSLPGG00000027773	2.486254135103664e-07	0.0006305903810572271																		
																																																																																																															Aque_Aqu2.1.17816-001;Slac_ENSLPGG00000001139	0.004846158259488255	4.69500827060743e-21																		
																																																																																																															Aque_Aqu2.1.44139-001;Slac_ENSLPGG00000011327	0.0013345187120564206	0.002660359306382542																		
																																																																																																															Aque_Aqu2.1.43363-001;Slac_ENSLPGG00000021086	3.009896266468842e-14	0.0019276056592624372																		
																																																																																																															Aque_Aqu2.1.36574-001;Slac_ENSLPGG00000014139	0.0004940940652812278	0.007486004862652009																		
																																																																																																															Aque_Aqu2.1.26969-001;Slac_ENSLPGG00000021750	0.008672518046652826	0.0020523696888412233																		
																																																																																																															Aque_Aqu2.1.41482-001;Slac_ENSLPGG00000021520	2.257130122823816e-08	0.001418103085264237																		
																																																																																																															Aque_Aqu2.1.36606-001;Slac_ENSLPGG00000021127	6.429704257152719e-05	0.00037730423206785676																		
																																																																																																															Aque_Aqu2.1.42693-001;Slac_ENSLPGG00000015112	0.0018360592641156288	6.110427182401843e-06																		
																																																																																																															Aque_Aqu2.1.38824-001;Slac_ENSLPGG00000020470	0.0021069493728025235	0.002865326369152078																		
																																																																																																															Aque_Aqu2.1.43674-001;Slac_ENSLPGG00000021520	4.20083387372124e-06	0.001418103085264237																		
																																																																																																															Aque_Aqu2.1.30012-001;Slac_ENSLPGG00000013812	0.00839882703998185	0.007295383376184427																		
																																																																																																															Aque_Aqu2.1.24796-001;Slac_ENSLPGG00000028356	0.003967307296319479	3.148644495988388e-07																		
																																																																																																															Aque_Aqu2.1.25769-001;Slac_ENSLPGG00000010973	3.2643039449818794e-11	0.0008013040173983456																		
																																																																																																															Aque_Aqu2.1.44245-001;Slac_ENSLPGG00000013337	0.001577587927672461	8.57567725101566e-06																		
																																																																																																															Aque_Aqu2.1.20046-001;Slac_ENSLPGG00000010168	0.00911986550103098	1.3806684484807535e-08																		
																																																																																																															Aque_Aqu2.1.40828-001;Slac_ENSLPGG00000014103	0.000597727428425492	6.336507623914947e-09																		
																																																																																																															Aque_Aqu2.1.22423-001;Slac_ENSLPGG00000021186	0.003331405344316412	3.5927119594215055e-24																		
																																																																																																															Aque_Aqu2.1.39703-001;Slac_ENSLPGG00000008996	0.0003983784087831898	0.00012714480608127604																		
																																																																																																															Aque_Aqu2.1.21174-001;Slac_ENSLPGG00000012140	0.00021564884897657527	2.2234277891488934e-08																		
																																																																																																															Aque_Aqu2.1.28940-001;Slac_ENSLPGG00000014078	0.0008919440334010753	8.98151214691906e-06																		
																																																																																																															Aque_Aqu2.1.32000-001;Slac_ENSLPGG00000020841	0.007163723412439014	0.0008271346033390362																		
																																																																																																															Aque_Aqu2.1.37770-001;Slac_ENSLPGG00000007955	0.006518916636731035	0.00014151882699190365																		
																																																																																																															Aque_Aqu2.1.22423-001;Slac_ENSLPGG00000022557	0.003331405344316412	0.0006017082364898932																		
																																																																																																															Aque_Aqu2.1.22423-001;Slac_ENSLPGG00000008996	0.003331405344316412	0.00012714480608127604																		
																																																																																																															Aque_Aqu2.1.17816-001;Slac_ENSLPGG00000019065	0.004846158259488255	4.280743164546749e-06																		
																																																																																																															Aque_Aqu2.1.37917-001;Slac_ENSLPGG00000013166	0.008333763491027017	0.00023368617004770938																		
																																																																																																															Aque_Aqu2.1.24796-001;Slac_ENSLPGG00000007568	0.003967307296319479	0.006606540174613964																		
																																																																																																															Aque_Aqu2.1.41049-001;Slac_ENSLPGG00000012055	0.007200126607303983	4.0874491108281004e-05																		
																																																																																																															Aque_Aqu2.1.17816-001;Slac_ENSLPGG00000006271	0.004846158259488255	9.73403041830119e-05																		
																																																																																																															Aque_Aqu2.1.29899-001;Slac_ENSLPGG00000003184	0.0007872687199082818	0.004627095356100038																		
																																																																																																															Aque_Aqu2.1.39107-001;Slac_ENSLPGG00000005538	0.0027231526494020117	0.007620151042383813																		
																																																																																																															Aque_Aqu2.1.42532-001;Slac_ENSLPGG00000001577	0.005205013445556867	0.0020203096735097333																		
																																																																																																															Aque_Aqu2.1.41049-001;Slac_ENSLPGG00000008987	0.007200126607303983	0.001852208764674488																		
																																																																																																															Aque_Aqu2.1.37917-001;Slac_ENSLPGG00000013228	0.008333763491027017	0.007947184160335352																		
																																																																																																															Aque_Aqu2.1.36281-001;Slac_ENSLPGG00000027374	0.005627126926399388	0.0007321020791469929																		
																																																																																																															Aque_Aqu2.1.17816-001;Slac_ENSLPGG00000021520	0.004846158259488255	0.001418103085264237																		
																																																																																																															Aque_Aqu2.1.40827-001;Slac_ENSLPGG00000013093	0.004363203127297335	0.0011731233788651737																		
																																																																																																															Aque_Aqu2.1.38392-001;Slac_ENSLPGG00000016049	0.005884144533397612	0.00010285855299070592																		
