	Aque_Archaeo_1	Aque_Archaeo_2	Aque_Aspcinzin	Aque_Bactericidal	Aque_Choano_to_pinaco	Aque_Choanocytes_1	Aque_Choanocytes_2	Aque_Collagen	Aque_Pinaco_1	Aque_Pinaco_2	Aque_Sperm	Aque_Unk_1	Aque_Unk_2	Slac_0	Slac_1	Slac_10	Slac_11	Slac_12	Slac_13	Slac_14	Slac_15	Slac_16	Slac_17	Slac_18	Slac_19	Slac_2	Slac_20	Slac_21	Slac_22	Slac_23	Slac_24	Slac_25	Slac_26	Slac_27	Slac_28	Slac_29	Slac_3	Slac_30	Slac_31	Slac_32	Slac_33	Slac_34	Slac_35	Slac_36	Slac_37	Slac_38	Slac_39	Slac_4	Slac_40	Slac_41	Slac_42	Slac_5	Slac_6	Slac_7	Slac_8	Slac_9	Scil_0	Scil_1	Scil_10	Scil_11	Scil_12	Scil_13	Scil_14	Scil_15	Scil_16	Scil_17	Scil_18	Scil_19	Scil_2	Scil_20	Scil_21	Scil_22	Scil_23	Scil_24	Scil_25	Scil_26	Scil_27	Scil_28	Scil_29	Scil_3	Scil_30	Scil_31	Scil_32	Scil_4	Scil_5	Scil_6	Scil_7	Scil_8	Scil_9
Aque_Archaeo_1	0.0	0.0	0.0	0.0	0.0	0.0	0.0	0.0	0.0	0.0	0.0	0.0	0.0	0.737378414822494	0.5409788291447748	0.052906690884337026	0.4198801851677693	0.13764821666482713	0.10840793908614628	0.006633469369168213	0.000880207659392572	0.16364545817331544	0.039779831607437546	0.004567564633225805	0.32760994952960043	0.6143901393055843	0.09897612776452519	0.6785513020073646	0.04516056089271338	0.4089267529404528	0.0018310586534290684	0.0008850257240320583	0.43494082384506455	0.319767162204064	0.3651261719240452	0.4074537159407388	0.5592732898353152	0.006350874992476906	0.03642396787362084	0.004608575691161656	0.4098422466129403	0.1176667642737651	0.009417655254838415	0.04443689395163144	0.04373668841141125	0.05182851850203017	0.17798954725080518	0.0740731221450423	0.007351480059660444	0.0019750590425582234	0.22409715169244313	0.7074686811066003	0.622403576377671	0.12801669764917623	0.05307120694645886	0.02133459930989643	0.6965258936688961	0.11690314653575067	0.642223104445212	0.07099718394463937	0.2858198918063743	0.1915603973657296	0.27205885182417483	0.00011378392490901889	0.01629688958816354	0.06501601167947159	0.14909885671728812	0.6435968496423036	0.5812649639788487	0.22126954271627602	0.0021362213754447176	0.04404193398167582	0.04622616109264952	0.7383055517504418	0.0008257922389724717	0.03742790766345589	0.6291381021869898	0.01509487776775018	0.004513838623387579	0.6153658435603278	0.0221721011460615	0.1860817681662916	0.7349350995913189	0.5813096594203817	0.7290414486906912	0.3151263538690837	0.21258339409918076	0.6004233799505467	0.4634716166397279
Aque_Archaeo_2	0.0	0.0	0.0	0.0	0.0	0.0	0.0	0.0	0.0	0.0	0.0	0.0	0.0	0.6099971813899145	0.4678183982350562	0.07354459968139014	0.3248445150366732	0.34915076434167464	0.22742783385226475	0.009807095117859944	0.0	0.32690564492372604	0.05539715483387649	0.0020584334443393614	0.38784107801460177	0.5083315290974088	0.16696042392977217	0.35332797868266963	0.1350476188310739	0.23483824476924622	0.002398644795650713	0.0	0.21652098524986707	0.40454124840464917	0.32883632677494823	0.3088223175649237	0.4298317089840764	0.032789012097853856	0.03416702048375136	0.003797458194493381	0.32525062553041917	0.1407046004938321	0.00989393837614291	0.036358134421714976	0.04930507788768129	0.08865354644930803	0.1562357634152278	0.02131714599124644	0.002731685717042087	0.0	0.21813818093036152	0.49297439746212185	0.5360340166484734	0.3154925948376503	0.0693736797190823	0.0003333323327567911	0.33139523825833134	0.1265918685665029	0.17280907795857953	0.19297452366317033	0.1368420163789131	0.10328565243104453	0.13266729904247213	0.0	0.02991084682118452	0.1262178847597908	0.10021259510918071	0.19679241032221623	0.30113644886021035	0.08480071848214034	0.009609529255397722	0.05181310812467431	0.06109228050090272	0.321254986953285	0.0013493164366490903	0.03717170590568544	0.14496357409003793	0.015561236685731982	0.037442724207261316	0.24486876219012768	0.03588037121012667	0.05567023347089399	0.2168735203536117	0.2111235627092698	0.3016961697014329	0.16199396121259818	0.2011708482167768	0.18225543638168318	0.27167617463476235
Aque_Aspcinzin	0.0	0.0	0.0	0.0	0.0	0.0	0.0	0.0	0.0	0.0	0.0	0.0	0.0	0.0847600149620018	0.3095411644802185	0.18342103908444032	0.16420538737719903	0.3400127125268996	0.2224840537635046	0.009892888471423462	0.01846987499937456	0.3524260525271958	0.08071960596689877	0.01817190750765301	0.21528932332987177	0.2399305381593888	0.164476461712506	0.007968367267592289	0.18180372045571488	0.048753834976940635	0.044522581909006216	0.005772066510151787	0.035657524991027305	0.05747759461335208	0.1305668303646219	0.12704976615024027	0.21298327362253605	0.009573589633224959	0.15763422556267317	0.055760523086337666	0.11051043562675422	0.0822551568622236	0.03527856760761313	0.013420168856313659	0.038466404452560526	0.07031288979028166	0.03887179184808562	0.26472850507089796	0.05694931961971007	0.12902593914962737	0.010908895100170221	0.06341316702093923	0.2217358181432762	0.3446729727309107	0.39740220738547366	0.23514035370184075	0.3362551334292377	0.16328790027696088	0.295421579788781	0.1075070599683442	0.16730768632314025	0.13988983548001363	0.043809804067828875	0.0	0.036916366379716944	0.21873122567789482	0.1313246708064236	0.036146454820037435	0.2286074156115748	0.07824018987268119	0.0002745795434539697	0.04576607445895034	0.11636712117191436	0.038615386124341795	0.001038832710512295	0.00011186009122724358	0.03161778673631149	0.011260883592602194	0.02211349099809789	0.32247240624453344	0.007909594053682452	0.025195364486515277	0.006971228265847366	0.32191184903251696	0.12326311366776732	0.10448984354165092	0.1232309756623506	0.17229816717451604	0.19723254765784634
Aque_Bactericidal	0.0	0.0	0.0	0.0	0.0	0.0	0.0	0.0	0.0	0.0	0.0	0.0	0.0	0.03358482128984196	0.001985801341522009	0.0025003926312582437	0.004402483591502448	0.0007665290728316265	0.009282474501185009	0.00040167134032208777	0.0011102235246872678	0.002854304290932974	0.014120305534113486	0.00037291353030029966	0.005736608642602461	0.003267174332975934	0.0021034468584031395	0.009276321517399941	0.005673466529452344	0.0014469176128316615	0.0	0.0007214972244403633	0.0002913895384828591	0.0063755202255254525	0.0008250389104201512	0.0010229144725975138	0.0	0.0020923028028843613	0.32268658846471837	0.001704835612790485	0.00029690857033638296	0.00028706782362672813	0.0	0.002803171101881176	0.028638331405546107	0.0009562132757325014	0.0	0.005713408454510687	0.0	0.0	0.0	0.00033705697125604875	0.0066527967020242025	0.001994871480600975	0.007197653511283937	0.010877223115201892	0.021388096232364234	0.00039786037737289524	0.002753985173173611	0.00707423111885982	0.0013800347112149862	0.0015210098680007872	0.0014041272859571568	0.0034169408945033198	0.003809340509471501	0.0014230538762691665	0.0018442303188143585	0.03359010463689289	0.011562731383178822	0.0005057188805146811	0.04512345315932049	0.0012571906753491664	0.00024158059565855655	0.0007893340312677104	0.025370580334654075	0.012646967879897341	0.01771615898756222	0.0	0.00022302995905778048	0.004493337658604107	0.003196373757143119	0.0	0.016203226628792946	0.007057634297535471	0.0014030846419105488	0.007119027117883259	0.0034908160917270516	0.0028391783609356324	0.005247055250621468
Aque_Choano_to_pinaco	0.0	0.0	0.0	0.0	0.0	0.0	0.0	0.0	0.0	0.0	0.0	0.0	0.0	0.0	0.012782897989029245	0.09280972472842648	0.0023874220373447286	0.00038755791684742054	0.06443479759924968	0.06657298209090454	0.617114055130957	0.05314183673901009	0.37743964176039035	0.007917386606212192	0.0013341971706166953	0.0006166189262692431	0.009388679974936653	0.00015479310742968312	0.23390684023146555	0.0	0.6761459179046713	0.013786926497861085	0.0	0.0007134039866817266	0.0003012073486494573	0.0002484716428240046	0.0	0.001541725310282829	0.01925292293514303	0.43569240457797526	0.0006826872393713828	0.00034780426380082543	0.012210724270264154	0.018130690252942137	0.06056523458111209	0.0029884811157658026	0.0	0.0004610456241494631	0.10596674917476656	0.001377314140007199	0.0	0.0	0.004423789116455855	0.004500079480013764	0.42747639596646103	0.5796846225101948	0.045482160955218225	0.018691095130780738	0.009632529777395598	0.016072528881142363	0.008861828934632459	0.009349126665565293	0.005820060254821711	0.44107795004339917	0.008921330007591637	0.0006532903647033884	0.0041382939880607985	0.0	0.028948115890622537	0.00701372434954624	0.07506255481657678	0.0023569520704283487	0.004635929574774332	0.0	0.13600447690862796	0.008362710101862483	0.0	0.00031154535575324965	0.0017793743036001273	0.025231657928046693	0.1214189498975176	0.0008199345931304205	0.0	0.01517200218530029	0.00585148012754887	0.025575195902987697	0.014843393033934397	0.014974624248360277	0.01551156129887345
Aque_Choanocytes_1	0.0	0.0	0.0	0.0	0.0	0.0	0.0	0.0	0.0	0.0	0.0	0.0	0.0	0.043076770332556774	0.05097485605086245	0.28538850216031797	0.033457837798310006	0.08512074807355234	0.11315550270906809	0.03066746224740441	0.21185159084992805	0.10524634412173825	0.06914504916438675	0.2335301477028287	0.056644672728930215	0.035015106222595474	0.1700900117885846	0.028540505303354214	0.050546205224404304	0.01868986805265996	0.4600842980958495	0.5291626473410173	0.01831525926295687	0.012150321929330177	0.014683955280824945	0.015607124285840596	0.02409128986669277	0.1442378019920275	0.1575104141879565	0.028726970699213917	0.014519378628954343	0.016389941311323247	0.022206852059902395	0.018582786860210594	0.01622599152520391	0.042647950390766354	0.003099631590548854	0.20922038124545966	0.0403984292575829	0.07629185035779548	0.009068206129543751	0.025655799424437582	0.043813677876889424	0.12298713527481478	0.31897325770585183	0.2837478808020498	0.18909331677786909	0.5228997498435709	0.1035860906364043	0.07402689768663188	0.10830424196076087	0.1160904695059614	0.1539456571801348	0.02700007599633759	0.03629600551423753	0.015624399340100468	0.08643336114918543	0.003982133247054627	0.17834295209991788	0.07870153668592188	0.0035213005953880203	0.03450284196472864	0.0490098278964319	0.007000914939122911	0.07211362062189289	0.0868808565154413	0.003440425282434636	0.1102418700041572	0.025434702719318185	0.185189701544316	0.010303357644773019	0.013803794983743917	0.0	0.11644903012580503	0.07631543775411243	0.1067423796717694	0.16352059337801936	0.08656091834051978	0.10441024954703496
Aque_Choanocytes_2	0.0	0.0	0.0	0.0	0.0	0.0	0.0	0.0	0.0	0.0	0.0	0.0	0.0	0.02914467615696672	0.043392031545057254	0.3581373924822046	0.027472844525695473	0.07454866868970675	0.11740074341385517	0.008319846128592288	0.6530075274216477	0.06376091689341551	0.3051286503073351	0.3822366378501671	0.04255118713796676	0.02557381030124219	0.20490042738549574	0.0024036013089745963	0.12891152715528173	0.006625069708910911	0.6545167655465768	0.8092489113701168	0.0036279918842141634	0.017870694748690193	0.005836294236129344	0.006125722659765655	0.011515578457658548	0.3235041866126543	0.1424723903681821	0.3623654711235529	0.005022867270718439	0.01150402484792817	0.07297557915997521	0.01807272036014667	0.12161077997232084	0.06386741652271988	0.0017926710143758816	0.42088818329948186	0.21569988931668913	0.08718442680017884	0.0	0.0035559873549201398	0.026017386169145694	0.14297315616720763	0.5125843912459387	0.6400525692261048	0.4401499798303791	0.7348549384784454	0.30002645226531	0.5470316802601669	0.3781953319870259	0.483234487824971	0.2949432203901673	0.029859976807515332	0.4998189310584655	0.0489902704388643	0.32911453608233565	0.032549738922414355	0.5194643849908862	0.39229415010409935	0.02343415627205219	0.14845346754003208	0.3190660160498379	0.0032536087301675946	0.12460656242159754	0.11235845850699563	0.008532529444904118	0.19498566410936663	0.2653113867671348	0.4701013536406363	0.09803141909031376	0.027906983585587047	0.003714436315038506	0.3969179612716295	0.1941487067773488	0.4152537048854805	0.5168333435700102	0.2800581253847943	0.4033190668666782
Aque_Collagen	0.0	0.0	0.0	0.0	0.0	0.0	0.0	0.0	0.0	0.0	0.0	0.0	0.0	0.018226901224491245	0.2262553448458695	0.03254139044466904	0.04734887940132254	0.0290342157199781	0.0444167800445977	0.003458703776296932	0.0036753761301756907	0.05745300910848346	0.0006871821607351757	0.002816166947563297	0.010930438875961243	0.16626944376417185	0.02517241264457651	0.009512265379285845	0.00024241997395479673	0.00397193916133644	0.0	0.0	0.019317777227519272	0.008666402778514623	0.02553913444316263	0.01839437601002084	0.054194429980432925	0.0	0.0008303341634446623	0.0	0.02395761415313093	0.007575244173868763	0.0007108341194580582	0.002549550544460775	0.0	0.010174754395121624	0.0015976004927177457	0.013548473868608715	0.0	0.0	0.0	0.06480215161056643	0.20206227251662273	0.032654042256773944	0.01050911387061932	0.0004421863576448211	0.0315413764163513	0.004782033865418688	0.04871119077411624	0.014766504805640146	0.0025045133262716463	0.0029099629237733958	0.002815350650282097	0.009294098883423342	0.0007393507719077009	0.0010331561196053466	0.011018104412040057	0.00209967053768823	0.020012733086890742	0.011121789904833127	0.0	0.014199198796422303	0.0010233557103301529	0.0	0.0	0.0	0.0011522521668055634	0.00010652683002997611	0.004054255060276089	0.033843912890302294	0.002264098844905007	0.0001447424080199957	0.0014840036098829755	0.0036465505232782776	0.041887375904864924	0.023586630742416785	0.0005986876876268408	0.021591733801048372	0.04905421607257736
Aque_Pinaco_1	0.0	0.0	0.0	0.0	0.0	0.0	0.0	0.0	0.0	0.0	0.0	0.0	0.0	0.01679918942733699	0.08090676274700312	0.38954027295720206	0.04444145555493627	0.06721604333003485	0.3943345270209771	0.8742806473940317	0.2223162921726572	0.36569035927535354	0.4256207372535969	0.28198074726658817	0.06225823574174556	0.01253321875842971	0.2691161254176281	0.0021838483076431314	0.5144504385127338	0.0013617441624685556	0.01865048108123315	0.009233216685541957	0.0003977568246787891	0.19956955274760343	0.0058913768910121974	0.009489445526618585	0.0036062134029167512	0.008527433722390771	0.06258346575472014	0.33790166026283885	0.01498432923539334	0.004697112321764657	0.08626584854927723	0.014394597488782935	0.04062087097022828	0.0067104590779855176	0.0004300573410781098	0.0657113543494148	0.04468207156355648	0.015998042040270166	0.0	0.010531915009839743	0.05456116849638022	0.1694985797083422	0.5848133360549626	0.5085173552047688	0.14309945542474525	0.02976596331165805	0.02255701499858135	0.0500187478905547	0.02240383692690561	0.028583240890437567	0.032085710999800086	0.8465954922551692	0.017642425522404213	0.012317011220053999	0.011162436299671459	0.007684729890662661	0.10224652781095052	0.011090889291083206	0.505541819340982	0.00705466124614372	0.01078971080286673	0.030757531645372087	0.06377195410865735	0.142148986633961	0.01151595505432658	0.001713714011777517	0.010164048604091248	0.06974836902006369	0.17255807123262928	0.010711595312110394	0.0	0.05677840373195575	0.02757376536012504	0.07805830516951362	0.09468274220780096	0.049265558739250204	0.03274006703183365
Aque_Pinaco_2	0.0	0.0	0.0	0.0	0.0	0.0	0.0	0.0	0.0	0.0	0.0	0.0	0.0	0.17827909022391725	0.11134998729057163	0.3373269390700267	0.02481700082729728	0.029437732695330288	0.3917377465463235	0.26898377252414996	0.027171458274314116	0.08594882310431583	0.16595240438451525	0.13737640807184165	0.012696547842112788	0.07101766381328144	0.16699065647577277	0.22191236465198477	0.07045311671494059	0.015174274175227825	0.0031042108795746584	0.0002477758910193685	0.005765723405908689	0.13048505711807165	0.07286370519891805	0.014830196470051774	0.14918172059205553	0.0008475639835129327	0.009689405540011905	0.0059862416698593535	0.011809227248802252	0.015986204868767374	0.23553501917263925	0.013332750027597592	0.005674475100847392	0.0044455144155802154	0.004523871863439208	0.030934994088130406	0.0007721802853626859	0.004114571445277498	0.008341141253585224	0.15131391148204143	0.07567207252989486	0.03619945764035333	0.10627705583261363	0.036515021980875195	0.04593845134744479	0.011676676649155945	0.010596125849058216	0.013903734549450725	0.009247197312589935	0.006436244087615878	0.013011922897978445	0.5737147712195853	0.0042887433597969	0.04297754080655192	0.007119255053618221	0.09796108168715868	0.024118007205504912	0.0030887613505021384	0.019323141503155224	0.00194622788147425	0.003213661902486592	0.3265543390768442	0.01082700838395281	0.026135432294483146	0.13645593146248913	0.0004340036754463477	0.0004158256090495533	0.027822581946175484	0.0662042394278789	0.0029150336033962653	0.027349525850340395	0.022006797006603136	0.01346801104918931	0.013819665149917702	0.017366040662123446	0.015076689555712291	0.005594458698977585
Aque_Sperm	0.0	0.0	0.0	0.0	0.0	0.0	0.0	0.0	0.0	0.0	0.0	0.0	0.0	0.012387851094839966	0.004540227346038078	0.07104983636345116	0.0008740802046678141	0.37270150952106323	0.009328677990948196	0.0	0.0	0.023600033278707865	0.013391782390618367	0.0033585654773728726	0.17814130503710734	0.0019924177354914336	0.016099947070659083	0.002558770449134739	0.00032438344960991427	0.00028251488984526153	0.00033712000079491264	0.0022111507705774077	0.00018110167232029433	0.000980115735160447	0.0015685991254567055	0.0	0.0033275931416617234	0.0003555378767408593	0.016236056440835044	0.00022750823828546462	0.0012528210430633418	0.005719585471198489	0.01747151327392378	0.0	0.008344920078452582	0.009553194364291388	0.0	0.4086326994499717	0.0006198705195513565	0.0	0.0	0.0007134785892910632	0.007202408002071341	0.41920666650337807	0.013082025757689788	0.0012790769013525318	0.008176521580161059	0.04446538525773695	0.005067714759479211	0.03542824118772942	0.042525303605661154	0.009266169953865758	0.002837776525018273	0.0	0.027975265791341138	5.6260254072947285e-05	0.0042361319113632225	0.011999510819806675	0.01981882965722408	0.02409501216098993	0.0	0.2647607067621415	0.0010319503018580349	0.0	0.0	0.0	0.0	0.00014739935721939354	0.01212633796557439	0.04221659566774008	0.0006915327150873176	0.0	0.0	0.01752279734020379	0.11449412567855821	0.05572126954571871	0.013637958380621821	0.03591171363658814	0.01025875832198336
Aque_Unk_1	0.0	0.0	0.0	0.0	0.0	0.0	0.0	0.0	0.0	0.0	0.0	0.0	0.0	0.02723321785786999	0.040494350465400536	0.19973314947531803	0.026002259556252294	0.6182966930909334	0.02310449428804984	0.0026132040100585647	0.0	0.07419927558575476	0.05414383491247939	0.0007190163999141127	0.29128137451602	0.03808339904251594	0.015463298973019474	0.002798112619371786	0.0079335541242362	0.007881110500683196	0.010574851308363062	0.028522235097947317	0.007059355673710037	0.012871190812432287	0.012904548636101043	0.014974805799918778	0.02202760816352939	0.005751833324892567	0.056372683610340014	0.0001825742971970638	0.019177816062006556	0.0175698549218588	0.12076241775330232	0.0002403349680032534	0.03132803138567946	0.022803249178262538	0.003131276024255672	0.8147352825444601	0.0016423962669200177	0.0	0.002605849203117693	0.020488291617940746	0.056687699578625	0.676648234697895	0.09918969579081655	0.01680537569631304	0.04815736216979868	0.021696330502527623	0.015603490815538723	0.024489422979406976	0.023339774670004736	0.007731070260446259	0.006405493820679309	0.0	0.016372212778335567	0.02085189647849151	0.011364156009427077	0.010349104096849384	0.025862875421111715	0.017036867414376343	0.0006269307337941988	0.024119728176504013	0.011298330216383157	0.005319620176766123	0.0	0.000701555235626736	0.0009248240484169444	0.0003999882933424273	0.010830928473915303	0.034586876483901755	0.0015516698445169734	0.008330396266820464	0.0	0.04926668583717809	0.16104819167989964	0.021788682154973402	0.003907275023298526	0.043064492852706304	0.015156146394195078
Aque_Unk_2	0.0	0.0	0.0	0.0	0.0	0.0	0.0	0.0	0.0	0.0	0.0	0.0	0.0	0.003310613671162027	0.02175117990938786	0.025834149365260056	0.011940185175185846	0.010920774722382615	0.012076970348871126	0.008616283601212353	0.0	0.020528106066772432	0.005606446031386564	0.006266393954101598	0.0015084783271548097	0.0179298853841987	0.005502693436622124	0.0013889449871326049	0.0016493695386612197	0.0014254521090220343	0.0	0.0	0.0014973853077669512	0.001999218965742964	0.006893769910320648	0.006570703707970885	0.01643888202182829	0.0003872610453902635	0.0001904259792426392	0.0	0.004087407656990364	0.0017461787581922934	0.008251153226705854	0.0010064238592914503	0.0005899773992749784	0.0031543319634784956	0.0014823291039898928	0.01525482867972787	0.0009921281999903792	0.0	0.0	0.0025466184057451077	0.011710931051658293	0.018121075356456615	0.032585487197561644	0.011451865669168318	0.017506106762518184	0.003919551442583384	0.013163305566563446	0.022430563327939114	0.0038606320852451865	0.004942931854899161	0.016526578275565078	0.00243580425190629	0.002847308938255792	0.008451403097861894	0.003399215052500669	0.0	0.011286252551917222	0.0024249697984633817	0.0	0.002255456562811786	0.0036779377260714417	0.0	0.0	0.0	0.0	0.0007105400223136585	0.0	0.017702995937103613	0.001224963358840556	0.0009367738241364439	0.0	0.017334054437578898	0.007021339967280296	0.0019968864414078567	0.006512816458824207	0.006362598273581596	0.006923929762328125
Slac_0	0.737378414822494	0.6099971813899145	0.0847600149620018	0.03358482128984196	0.0	0.043076770332556774	0.02914467615696672	0.018226901224491245	0.01679918942733699	0.17827909022391725	0.012387851094839966	0.02723321785786999	0.003310613671162027	0.0	0.0	0.0	0.0	0.0	0.0	0.0	0.0	0.0	0.0	0.0	0.0	0.0	0.0	0.0	0.0	0.0	0.0	0.0	0.0	0.0	0.0	0.0	0.0	0.0	0.0	0.0	0.0	0.0	0.0	0.0	0.0	0.0	0.0	0.0	0.0	0.0	0.0	0.0	0.0	0.0	0.0	0.0	0.4963988271146735	0.22841294657880243	0.3993182773188224	0.08671132369972125	0.24340937624444114	0.13959234341124616	0.19201494850253514	0.0	0.02215088232605623	0.20652510071175967	0.1144664890476245	0.5931114542054318	0.4532729332046318	0.15840721777255146	0.005594161862495686	0.03978346842132205	0.03956689748975393	0.6164257477743255	0.0	0.005656073042951992	0.40662888834664557	0.01145341216835724	0.019587039474310453	0.41779999309186583	0.022355114144916022	0.09733948037534758	0.7776327621598569	0.4264908485807166	0.48659415232778513	0.23712302030048477	0.2337788880640605	0.39746336455646025	0.31424832590286284
Slac_1	0.5409788291447748	0.4678183982350562	0.3095411644802185	0.001985801341522009	0.012782897989029245	0.05097485605086245	0.043392031545057254	0.2262553448458695	0.08090676274700312	0.11134998729057163	0.004540227346038078	0.040494350465400536	0.02175117990938786	0.0	0.0	0.0	0.0	0.0	0.0	0.0	0.0	0.0	0.0	0.0	0.0	0.0	0.0	0.0	0.0	0.0	0.0	0.0	0.0	0.0	0.0	0.0	0.0	0.0	0.0	0.0	0.0	0.0	0.0	0.0	0.0	0.0	0.0	0.0	0.0	0.0	0.0	0.0	0.0	0.0	0.0	0.0	0.2135398699798125	0.1296602687246325	0.1501027924648417	0.06873412416253541	0.04815408957334242	0.06171605687835198	0.046433659882395416	0.03294584184646013	0.019154790025866498	0.05114039372395927	0.04147730838404482	0.09374450573131579	0.10971485660732024	0.030562645545149092	0.003683723508575111	0.030788419006389678	0.03959120660895535	0.045438450032820474	0.0022912301648775656	0.011195103438859317	0.2994099890556725	0.0006820770730538649	0.009385314238339455	0.2890354900511519	0.03957737926159093	0.026115356026605273	0.5005155472039264	0.1604142859940178	0.30305987219025093	0.07989435441633469	0.039998465086964266	0.0938412673538473	0.09576790889203635
Slac_10	0.052906690884337026	0.07354459968139014	0.18342103908444032	0.0025003926312582437	0.09280972472842648	0.28538850216031797	0.3581373924822046	0.03254139044466904	0.38954027295720206	0.3373269390700267	0.07104983636345116	0.19973314947531803	0.025834149365260056	0.0	0.0	0.0	0.0	0.0	0.0	0.0	0.0	0.0	0.0	0.0	0.0	0.0	0.0	0.0	0.0	0.0	0.0	0.0	0.0	0.0	0.0	0.0	0.0	0.0	0.0	0.0	0.0	0.0	0.0	0.0	0.0	0.0	0.0	0.0	0.0	0.0	0.0	0.0	0.0	0.0	0.0	0.0	0.11656937940755474	0.09523551824677574	0.06577364943240639	0.09796094410305395	0.030595230941200223	0.045877515848744846	0.025624981282056487	0.3255166981150804	0.01611389209733709	0.11127408260572362	0.03712951507294931	0.005131258377301979	0.06424816914095847	0.023836080416340895	0.7211899757011487	0.02799019670945709	0.024878558048349802	0.0056312116539429065	0.3051077489764813	0.05682103864075331	0.01154518630658997	0.7954870241397651	0.02719474240358759	0.11354276148326874	0.10435911950381109	0.008609818840876447	0.022279892494382777	0.06136836656412441	0.08754097757124554	0.05828967448013933	0.03681441302139897	0.0633372885567387	0.03232453862209543
Slac_11	0.4198801851677693	0.3248445150366732	0.16420538737719903	0.004402483591502448	0.0023874220373447286	0.033457837798310006	0.027472844525695473	0.04734887940132254	0.04444145555493627	0.02481700082729728	0.0008740802046678141	0.026002259556252294	0.011940185175185846	0.0	0.0	0.0	0.0	0.0	0.0	0.0	0.0	0.0	0.0	0.0	0.0	0.0	0.0	0.0	0.0	0.0	0.0	0.0	0.0	0.0	0.0	0.0	0.0	0.0	0.0	0.0	0.0	0.0	0.0	0.0	0.0	0.0	0.0	0.0	0.0	0.0	0.0	0.0	0.0	0.0	0.0	0.0	0.09432456711270244	0.15963754934650146	0.0932665975782842	0.045175351488399	0.03373814554004303	0.055696726974103494	0.014250677894661978	0.000659861737843827	0.015423990830016698	0.01480278443274825	0.009264125169115373	0.05090815605401681	0.04490825305970867	0.02899321159177228	0.000716908785293809	0.014756292542660884	0.030781627572272218	0.0136108282510363	0.0003599623501110658	0.01012732221732934	0.18926697555416172	0.0015831602225873226	0.002916777288860484	0.27713345792551813	0.007989322753881348	0.0021463498886058682	0.350317055021761	0.11015202169891491	0.13429820792444486	0.03684581655747185	0.04891188059378325	0.023571123318984928	0.03175667751756452
Slac_12	0.13764821666482713	0.34915076434167464	0.3400127125268996	0.0007665290728316265	0.00038755791684742054	0.08512074807355234	0.07454866868970675	0.0290342157199781	0.06721604333003485	0.029437732695330288	0.37270150952106323	0.6182966930909334	0.010920774722382615	0.0	0.0	0.0	0.0	0.0	0.0	0.0	0.0	0.0	0.0	0.0	0.0	0.0	0.0	0.0	0.0	0.0	0.0	0.0	0.0	0.0	0.0	0.0	0.0	0.0	0.0	0.0	0.0	0.0	0.0	0.0	0.0	0.0	0.0	0.0	0.0	0.0	0.0	0.0	0.0	0.0	0.0	0.0	0.29476869246926446	0.04508771285701218	0.10200382030817368	0.12030330425864663	0.05485723471085087	0.03360190177715201	0.018565586169337248	0.0034032517274244856	0.030705938158065316	0.29373152262812974	0.03642810727633288	0.012218367378231511	0.09876798346465612	0.03226100282626217	0.004098842953058164	0.22330713871581365	0.025865598878757123	0.018008278963183542	0.0010554693582539624	0.00568787818184893	0.01700295801560732	0.004133718672289786	0.014875220839283661	0.08868113721962892	0.009949270138472648	0.006011458866424202	0.018528857696143767	0.0992422702231325	0.3358221220140173	0.06028095463272663	0.01946570155000305	0.11853346916855127	0.0561565440844997
Slac_13	0.10840793908614628	0.22742783385226475	0.2224840537635046	0.009282474501185009	0.06443479759924968	0.11315550270906809	0.11740074341385517	0.0444167800445977	0.3943345270209771	0.3917377465463235	0.009328677990948196	0.02310449428804984	0.012076970348871126	0.0	0.0	0.0	0.0	0.0	0.0	0.0	0.0	0.0	0.0	0.0	0.0	0.0	0.0	0.0	0.0	0.0	0.0	0.0	0.0	0.0	0.0	0.0	0.0	0.0	0.0	0.0	0.0	0.0	0.0	0.0	0.0	0.0	0.0	0.0	0.0	0.0	0.0	0.0	0.0	0.0	0.0	0.0	0.09249957375021187	0.10332500703707818	0.07660439742922241	0.055655572647200835	0.028496215444396213	0.027218245407200505	0.011239248128875744	0.3098544029304978	0.012171720167558832	0.2556343371625426	0.01993981292850396	0.01511761699545695	0.044711879492944334	0.015893475487394584	0.6331209137388744	0.014489582983548948	0.024239153272025395	0.013820067898389379	0.23589217784204664	0.11775991465328176	0.029254665704107636	0.1661407737803013	0.006372053082215105	0.1402784833912657	0.08605271288707482	0.0039901037287052785	0.036052349480287744	0.06701930707847568	0.05601926099330058	0.0415248388686301	0.037516508505133814	0.03304004750696429	0.04144985331745194
Slac_14	0.006633469369168213	0.009807095117859944	0.009892888471423462	0.00040167134032208777	0.06657298209090454	0.03066746224740441	0.008319846128592288	0.003458703776296932	0.8742806473940317	0.26898377252414996	0.0	0.0026132040100585647	0.008616283601212353	0.0	0.0	0.0	0.0	0.0	0.0	0.0	0.0	0.0	0.0	0.0	0.0	0.0	0.0	0.0	0.0	0.0	0.0	0.0	0.0	0.0	0.0	0.0	0.0	0.0	0.0	0.0	0.0	0.0	0.0	0.0	0.0	0.0	0.0	0.0	0.0	0.0	0.0	0.0	0.0	0.0	0.0	0.0	0.040046601588995735	0.012403849876866354	0.028352992154509832	0.005143268017394953	0.004046451566976831	0.013026358577917101	0.0005092515905396539	0.9985241699237605	0.002229355707946969	0.011498872588218311	0.012061017158526748	0.0	0.009978474990559264	0.00035628783336548177	0.013778172998835252	0.0022310076197756263	0.012309034726697459	0.0	0.008041996878490944	0.015912092263801712	7.10122002144665e-05	0.00027570244285327983	0.005175613432698192	0.02958576433029974	0.18702778953025068	0.00915379188352412	0.0	0.01874077954232014	0.0023924188364165453	0.015486932221002095	0.009468598113522488	0.012766879850830507	0.001322257997013456
Slac_15	0.000880207659392572	0.0	0.01846987499937456	0.0011102235246872678	0.617114055130957	0.21185159084992805	0.6530075274216477	0.0036753761301756907	0.2223162921726572	0.027171458274314116	0.0	0.0	0.0	0.0	0.0	0.0	0.0	0.0	0.0	0.0	0.0	0.0	0.0	0.0	0.0	0.0	0.0	0.0	0.0	0.0	0.0	0.0	0.0	0.0	0.0	0.0	0.0	0.0	0.0	0.0	0.0	0.0	0.0	0.0	0.0	0.0	0.0	0.0	0.0	0.0	0.0	0.0	0.0	0.0	0.0	0.0	0.11204361478378744	0.2650421835672471	0.11879609199934975	0.17654734709547598	0.17323176051268468	0.30382589417325157	0.05258316445551374	0.32412838044114023	0.12453996726779785	0.0	0.04880592244574534	0.0	0.26614795809559	0.1753364132274696	0.1575989965474965	0.009980691135419875	0.07788936546950101	0.0	0.013135153265830559	0.10691374609962415	0.0	0.040044095962704626	0.08918875129476146	0.2773423094409574	0.2744738145910905	0.01155618379680789	0.0	0.22818424124209283	0.07838440475556471	0.6322353203121256	0.24910004800083554	0.10389722973150735	0.1375273954360888
Slac_16	0.16364545817331544	0.32690564492372604	0.3524260525271958	0.002854304290932974	0.05314183673901009	0.10524634412173825	0.06376091689341551	0.05745300910848346	0.36569035927535354	0.08594882310431583	0.023600033278707865	0.07419927558575476	0.020528106066772432	0.0	0.0	0.0	0.0	0.0	0.0	0.0	0.0	0.0	0.0	0.0	0.0	0.0	0.0	0.0	0.0	0.0	0.0	0.0	0.0	0.0	0.0	0.0	0.0	0.0	0.0	0.0	0.0	0.0	0.0	0.0	0.0	0.0	0.0	0.0	0.0	0.0	0.0	0.0	0.0	0.0	0.0	0.0	0.1543174035877622	0.08833802839941061	0.1014223220334245	0.06933979740352147	0.03652985600211022	0.04076868582086608	0.027848650071903024	0.06879166808748204	0.016495676130715592	0.03277715455842002	0.02652220758684177	0.029682360552013537	0.07436250084636657	0.024959038979794963	0.18241095126207266	0.038160260086379155	0.035660655397361275	0.01767842621166592	0.020561968592212536	0.11971764097353758	0.09429436116249934	0.006434159672398574	0.01285522694390113	0.17459446373557588	0.052809912978011166	0.011890652647717263	0.11549286588362151	0.08939955836228317	0.15002017130620202	0.16836363690768075	0.040256831154717995	0.05674208917655047	0.06418278860248164
Slac_17	0.039779831607437546	0.05539715483387649	0.08071960596689877	0.014120305534113486	0.37743964176039035	0.06914504916438675	0.3051286503073351	0.0006871821607351757	0.4256207372535969	0.16595240438451525	0.013391782390618367	0.05414383491247939	0.005606446031386564	0.0	0.0	0.0	0.0	0.0	0.0	0.0	0.0	0.0	0.0	0.0	0.0	0.0	0.0	0.0	0.0	0.0	0.0	0.0	0.0	0.0	0.0	0.0	0.0	0.0	0.0	0.0	0.0	0.0	0.0	0.0	0.0	0.0	0.0	0.0	0.0	0.0	0.0	0.0	0.0	0.0	0.0	0.0	0.0689022299419703	0.08174053867758768	0.04961390581684133	0.0788475314904484	0.054831061713785254	0.10794294909396837	0.04801609884082436	0.18287867890056445	0.06497918928032469	0.027719077160435007	0.035289289014768827	0.003569042012340504	0.11945361979897917	0.04011832907063483	0.42947878082715085	0.03701978351647896	0.029999442187883363	0.00354949426738563	0.7910838481696916	0.01898107795167247	0.011497072570953362	0.036031666308771124	0.022448332955667415	0.08014557843887396	0.24600197774265795	0.002003717996239128	0.017754719397377865	0.045341497467146094	0.025002161078135493	0.022330262652540935	0.13704754874010427	0.03448320427053512	0.059597188721477054
Slac_18	0.004567564633225805	0.0020584334443393614	0.01817190750765301	0.00037291353030029966	0.007917386606212192	0.2335301477028287	0.3822366378501671	0.002816166947563297	0.28198074726658817	0.13737640807184165	0.0033585654773728726	0.0007190163999141127	0.006266393954101598	0.0	0.0	0.0	0.0	0.0	0.0	0.0	0.0	0.0	0.0	0.0	0.0	0.0	0.0	0.0	0.0	0.0	0.0	0.0	0.0	0.0	0.0	0.0	0.0	0.0	0.0	0.0	0.0	0.0	0.0	0.0	0.0	0.0	0.0	0.0	0.0	0.0	0.0	0.0	0.0	0.0	0.0	0.0	0.05300345743137005	0.0774084700513296	0.023373672390110043	0.041896418239228586	0.00960863286660803	0.029955508558981638	0.00620416983098168	0.11683376316700181	0.006222958045851103	0.017706478843668792	0.01088810355725453	0.0015251193273705089	0.05220881807653062	0.007168826382176146	0.5336970275038003	0.0005398612818811258	0.003235395408734405	0.0024477122319507697	0.12768469637806837	0.010800653203578375	0.0010025423892066716	0.7205754337366038	0.027238452410857678	0.04213492979458057	0.042266023875276934	0.001542019866704276	0.0	0.028689553613782465	0.003944643585503291	0.009736771072827805	0.02483469337083181	0.013829205000112412	0.02440709511612028
Slac_19	0.32760994952960043	0.38784107801460177	0.21528932332987177	0.005736608642602461	0.0013341971706166953	0.056644672728930215	0.04255118713796676	0.010930438875961243	0.06225823574174556	0.012696547842112788	0.17814130503710734	0.29128137451602	0.0015084783271548097	0.0	0.0	0.0	0.0	0.0	0.0	0.0	0.0	0.0	0.0	0.0	0.0	0.0	0.0	0.0	0.0	0.0	0.0	0.0	0.0	0.0	0.0	0.0	0.0	0.0	0.0	0.0	0.0	0.0	0.0	0.0	0.0	0.0	0.0	0.0	0.0	0.0	0.0	0.0	0.0	0.0	0.0	0.0	0.18589000487015755	0.036612423217794086	0.0956997061984364	0.05774295876189035	0.04121976765577995	0.020584154850960372	0.012588611471945085	0.00015938953398969202	0.0060989278737529845	0.09394957675284697	0.02571186388840182	0.11877449616615199	0.0656027489412507	0.030615828736995747	0.011477634800623134	0.11981392711101871	0.01066135154193903	0.10857534860584597	0.0	0.005487724538984282	0.018687181666336847	0.001303102851284691	0.006944552910554472	0.10072139878999571	0.0020880638989868097	0.009235219168848067	0.028084596545401325	0.0904648103134343	0.3312660600512065	0.04639092482752967	0.01144948694668939	0.08009800696507563	0.03534590773172856
Slac_2	0.6143901393055843	0.5083315290974088	0.2399305381593888	0.003267174332975934	0.0006166189262692431	0.035015106222595474	0.02557381030124219	0.16626944376417185	0.01253321875842971	0.07101766381328144	0.0019924177354914336	0.03808339904251594	0.0179298853841987	0.0	0.0	0.0	0.0	0.0	0.0	0.0	0.0	0.0	0.0	0.0	0.0	0.0	0.0	0.0	0.0	0.0	0.0	0.0	0.0	0.0	0.0	0.0	0.0	0.0	0.0	0.0	0.0	0.0	0.0	0.0	0.0	0.0	0.0	0.0	0.0	0.0	0.0	0.0	0.0	0.0	0.0	0.0	0.20427612905071335	0.0545782996494219	0.14331082882550097	0.061572152991785464	0.045942597663984334	0.039823908934237456	0.04662779699653946	0.00015522673408312716	0.0111806843142651	0.13570111572153026	0.0387900095935472	0.24055341573392228	0.10286460938612965	0.030641221205424146	0.003286414453115327	0.030990618892115757	0.03389156392408427	0.16343449635206247	0.0008155043428993769	0.00630756584059861	0.300327815745176	0.005132712129382791	0.007946833324419898	0.16306200725624997	0.03586179933329671	0.034373497030848695	0.5550575641750275	0.14278554439111932	0.3360075339621155	0.05810275625747896	0.032583320180248294	0.09301084514336719	0.10980745856343155
Slac_20	0.09897612776452519	0.16696042392977217	0.164476461712506	0.0021034468584031395	0.009388679974936653	0.1700900117885846	0.20490042738549574	0.02517241264457651	0.2691161254176281	0.16699065647577277	0.016099947070659083	0.015463298973019474	0.005502693436622124	0.0	0.0	0.0	0.0	0.0	0.0	0.0	0.0	0.0	0.0	0.0	0.0	0.0	0.0	0.0	0.0	0.0	0.0	0.0	0.0	0.0	0.0	0.0	0.0	0.0	0.0	0.0	0.0	0.0	0.0	0.0	0.0	0.0	0.0	0.0	0.0	0.0	0.0	0.0	0.0	0.0	0.0	0.0	0.11049186755906881	0.06795008442205294	0.05938503642620625	0.03620728743271016	0.025318532531943865	0.015548091889329999	0.009765395381835363	0.10216911207717957	0.0048638400339274844	0.08812413171549659	0.03300823466913559	0.03151577812291231	0.03821027341955026	0.012237918221785707	0.4177667371583872	0.003386679585629094	0.029036860337815013	0.033178140549604405	0.0745108099929335	0.06591071275629053	0.01849752194277063	0.3168287155548969	0.0053726404751750275	0.10060936578220273	0.032613430402359575	0.005337170843187386	0.024655810595107977	0.06469515596972762	0.05120855316211544	0.04436439160049089	0.02005734759356135	0.035227499813440796	0.030753153862789373
Slac_21	0.6785513020073646	0.35332797868266963	0.007968367267592289	0.009276321517399941	0.00015479310742968312	0.028540505303354214	0.0024036013089745963	0.009512265379285845	0.0021838483076431314	0.22191236465198477	0.002558770449134739	0.002798112619371786	0.0013889449871326049	0.0	0.0	0.0	0.0	0.0	0.0	0.0	0.0	0.0	0.0	0.0	0.0	0.0	0.0	0.0	0.0	0.0	0.0	0.0	0.0	0.0	0.0	0.0	0.0	0.0	0.0	0.0	0.0	0.0	0.0	0.0	0.0	0.0	0.0	0.0	0.0	0.0	0.0	0.0	0.0	0.0	0.0	0.0	0.09057017532055553	0.02740255299904682	0.06391581575842849	0.0014113044931318662	0.020838833804993597	0.007023051844364037	0.01535046889327367	0.0	0.00030060711915191803	0.10948795017542567	0.009959472608346889	0.3969526844714515	0.05241989719661468	0.01951389737120951	0.0002450614549028633	0.0021694620524268116	0.002724800521055175	0.3146041259520753	0.0	0.0006500358629860689	0.23797900753679363	0.0013956679107973052	0.0002538447347965187	0.07541852865339578	0.0021616679909626825	0.007471339976772061	0.21161024755414742	0.06859384739012338	0.11076913744796427	0.017117711433150124	0.009942170955381111	0.05685239217846981	0.02825296509157125
Slac_22	0.04516056089271338	0.1350476188310739	0.18180372045571488	0.005673466529452344	0.23390684023146555	0.050546205224404304	0.12891152715528173	0.00024241997395479673	0.5144504385127338	0.07045311671494059	0.00032438344960991427	0.0079335541242362	0.0016493695386612197	0.0	0.0	0.0	0.0	0.0	0.0	0.0	0.0	0.0	0.0	0.0	0.0	0.0	0.0	0.0	0.0	0.0	0.0	0.0	0.0	0.0	0.0	0.0	0.0	0.0	0.0	0.0	0.0	0.0	0.0	0.0	0.0	0.0	0.0	0.0	0.0	0.0	0.0	0.0	0.0	0.0	0.0	0.0	0.06193537471252484	0.1068005867109181	0.045823055171062374	0.07520642216851989	0.015587041144529037	0.03893142472167839	0.009407744431005822	0.07952221272054735	0.01883568635404408	0.08327284081416206	0.011998735476215248	0.016336243979517794	0.03545402087565602	0.01857968897750475	0.5966620086529205	0.0034187967672283195	0.015607090427839134	0.01618848416672688	0.02690683220167365	0.08861606449848908	0.0014224483878706776	0.005561915051709832	0.009226532029053908	0.13000822283503524	0.06382559964334913	0.008224461851309286	0.0	0.057095807465080986	0.051698606912463765	0.1710622502536819	0.027490259562063767	0.016356550225340143	0.02361788246818281
Slac_23	0.4089267529404528	0.23483824476924622	0.048753834976940635	0.0014469176128316615	0.0	0.01868986805265996	0.006625069708910911	0.00397193916133644	0.0013617441624685556	0.015174274175227825	0.00028251488984526153	0.007881110500683196	0.0014254521090220343	0.0	0.0	0.0	0.0	0.0	0.0	0.0	0.0	0.0	0.0	0.0	0.0	0.0	0.0	0.0	0.0	0.0	0.0	0.0	0.0	0.0	0.0	0.0	0.0	0.0	0.0	0.0	0.0	0.0	0.0	0.0	0.0	0.0	0.0	0.0	0.0	0.0	0.0	0.0	0.0	0.0	0.0	0.0	0.0699932821936182	0.12724667667969847	0.07717209462869318	0.017736063384238197	0.014931663490530147	0.041873911382032926	0.006917238556088457	0.0	0.00649366364918445	0.03749795784657061	0.007833757528717573	0.06390154432142317	0.035187086079079784	0.023633623483093735	0.0	0.0038231544819151654	0.006521570256737279	0.07501352267459563	0.0	0.00030914599341931993	0.028756808915597964	0.0	0.0005421776783606986	0.20677799074246597	0.000263493031583813	0.002183215183137069	0.061537243921526485	0.08041928281333535	0.0823790258755581	0.006805909766506269	0.018235116724199772	0.015770914107807472	0.010193806799842988
Slac_24	0.0018310586534290684	0.002398644795650713	0.044522581909006216	0.0	0.6761459179046713	0.4600842980958495	0.6545167655465768	0.0	0.01865048108123315	0.0031042108795746584	0.00033712000079491264	0.010574851308363062	0.0	0.0	0.0	0.0	0.0	0.0	0.0	0.0	0.0	0.0	0.0	0.0	0.0	0.0	0.0	0.0	0.0	0.0	0.0	0.0	0.0	0.0	0.0	0.0	0.0	0.0	0.0	0.0	0.0	0.0	0.0	0.0	0.0	0.0	0.0	0.0	0.0	0.0	0.0	0.0	0.0	0.0	0.0	0.0	0.03942488739415342	0.09940339465065466	0.02514122375454651	0.02325458591518993	0.02710571336209709	0.051713403137719015	0.02645330574470416	0.24402312632551282	0.014270840649840636	0.0038764207312781233	0.012832504157500733	0.0	0.046081950531353146	0.0302163894240489	0.06428901446272006	0.003664641252903965	0.008993276625782394	0.0	0.02154987063826767	0.05329929235795479	0.0	0.004726494884914166	0.009246796503912531	0.05026828526555603	0.2837559723379337	0.001252250797747041	0.0	0.028854611601380652	0.02582296394736725	0.25989255828233243	0.049697277687671196	0.013746897499237205	0.019753354917002575
Slac_25	0.0008850257240320583	0.0	0.005772066510151787	0.0007214972244403633	0.013786926497861085	0.5291626473410173	0.8092489113701168	0.0	0.009233216685541957	0.0002477758910193685	0.0022111507705774077	0.028522235097947317	0.0	0.0	0.0	0.0	0.0	0.0	0.0	0.0	0.0	0.0	0.0	0.0	0.0	0.0	0.0	0.0	0.0	0.0	0.0	0.0	0.0	0.0	0.0	0.0	0.0	0.0	0.0	0.0	0.0	0.0	0.0	0.0	0.0	0.0	0.0	0.0	0.0	0.0	0.0	0.0	0.0	0.0	0.0	0.0	0.32669816929892226	0.16862149523181896	0.04505595875620603	0.08967997831691826	0.05653799633675103	0.06366369921657253	0.022104028789962652	0.15774127995150683	0.027244046954079358	0.0	0.1382583029719126	0.0	0.143055715548589	0.05801047897551563	0.1951214132808408	0.12964771235451408	0.0190770081401544	0.0	0.012101025652515788	0.1593929629572284	0.0	0.0075610602635060266	0.03614843835761013	0.136450364237905	0.0422558330935185	0.015946554158523772	0.0	0.12974777258420084	0.16709248334762328	0.13353286805422343	0.020960144244845366	0.11224575112314417	0.1099068292880329
Slac_26	0.43494082384506455	0.21652098524986707	0.035657524991027305	0.0002913895384828591	0.0	0.01831525926295687	0.0036279918842141634	0.019317777227519272	0.0003977568246787891	0.005765723405908689	0.00018110167232029433	0.007059355673710037	0.0014973853077669512	0.0	0.0	0.0	0.0	0.0	0.0	0.0	0.0	0.0	0.0	0.0	0.0	0.0	0.0	0.0	0.0	0.0	0.0	0.0	0.0	0.0	0.0	0.0	0.0	0.0	0.0	0.0	0.0	0.0	0.0	0.0	0.0	0.0	0.0	0.0	0.0	0.0	0.0	0.0	0.0	0.0	0.0	0.0	0.07030319230635507	0.08725715682623629	0.0797820735298011	0.009678396559641268	0.010839574408780433	0.03275423576757547	0.007214302521130704	0.0	0.005551683974877623	0.07696487349959447	0.002662153611732072	0.017966939542541253	0.023301065629917204	0.012134260877146762	0.0	0.0019355898201679478	0.009439454359693084	0.014925635063595602	8.509533103200481e-05	0.0	0.1410658174980061	0.0	0.0008816547154177125	0.1721954390352632	0.004275213213151793	0.006243103492341103	0.22746988278251296	0.07922822831317292	0.05971385655989717	0.005504698462354693	0.008808499126179094	0.013410142067650727	0.006559671218755664
Slac_27	0.319767162204064	0.40454124840464917	0.05747759461335208	0.0063755202255254525	0.0007134039866817266	0.012150321929330177	0.017870694748690193	0.008666402778514623	0.19956955274760343	0.13048505711807165	0.000980115735160447	0.012871190812432287	0.001999218965742964	0.0	0.0	0.0	0.0	0.0	0.0	0.0	0.0	0.0	0.0	0.0	0.0	0.0	0.0	0.0	0.0	0.0	0.0	0.0	0.0	0.0	0.0	0.0	0.0	0.0	0.0	0.0	0.0	0.0	0.0	0.0	0.0	0.0	0.0	0.0	0.0	0.0	0.0	0.0	0.0	0.0	0.0	0.0	0.09234388304697469	0.06501330096709766	0.07438949284644161	0.04306845658069423	0.025622946494575395	0.027143041291551862	0.024343344596359662	0.004788116022616087	0.008689047709495117	0.13000440675834457	0.021977997232241576	0.19035011431636256	0.04566932616554975	0.017035405483286113	0.0697897326298805	0.008603071783422098	0.012417834352335802	0.18169867071019047	0.0021987625283571076	0.09784450362729633	0.027207207709813518	0.017411928581243317	0.007628864879889501	0.1099385338220011	0.004539118111342463	0.015981256135771983	0.05422114529105054	0.07839884570723274	0.10770329264305387	0.04659683199681332	0.01997821858662868	0.04595893351843665	0.08143307234610964
Slac_28	0.3651261719240452	0.32883632677494823	0.1305668303646219	0.0008250389104201512	0.0003012073486494573	0.014683955280824945	0.005836294236129344	0.02553913444316263	0.0058913768910121974	0.07286370519891805	0.0015685991254567055	0.012904548636101043	0.006893769910320648	0.0	0.0	0.0	0.0	0.0	0.0	0.0	0.0	0.0	0.0	0.0	0.0	0.0	0.0	0.0	0.0	0.0	0.0	0.0	0.0	0.0	0.0	0.0	0.0	0.0	0.0	0.0	0.0	0.0	0.0	0.0	0.0	0.0	0.0	0.0	0.0	0.0	0.0	0.0	0.0	0.0	0.0	0.0	0.1068288006884434	0.09824607037423008	0.10701151324429756	0.036272561319388316	0.029856546203392696	0.034083549820831185	0.007777609425897622	0.0006548204271259242	0.017798915718158403	0.028420366861713703	0.005862452925607637	0.020978434365766345	0.03509668585978084	0.020386390437657415	0.0	0.007970969314327662	0.018261642764776247	0.01243503844458933	0.0	0.0003241241319113301	0.052091089472777706	0.000656250491167148	0.0012684844206501446	0.1719451604506846	0.0025935393773496894	0.004254567331850763	0.08201809367495595	0.09253244257232127	0.06014832984238572	0.02582315595048511	0.020371298827093893	0.014235154323321638	0.03419046684309124
Slac_29	0.4074537159407388	0.3088223175649237	0.12704976615024027	0.0010229144725975138	0.0002484716428240046	0.015607124285840596	0.006125722659765655	0.01839437601002084	0.009489445526618585	0.014830196470051774	0.0	0.014974805799918778	0.006570703707970885	0.0	0.0	0.0	0.0	0.0	0.0	0.0	0.0	0.0	0.0	0.0	0.0	0.0	0.0	0.0	0.0	0.0	0.0	0.0	0.0	0.0	0.0	0.0	0.0	0.0	0.0	0.0	0.0	0.0	0.0	0.0	0.0	0.0	0.0	0.0	0.0	0.0	0.0	0.0	0.0	0.0	0.0	0.0	0.11303432143703199	0.02097459746255604	0.10492591749879691	0.010411307664939445	0.02429055172876254	0.016004558287826345	0.008157931884818746	0.0	0.0012839941497700756	0.019130663778826433	0.012460968854548633	0.01565803385655719	0.03194443345284878	0.011730047173748308	0.0010342010552391676	0.011628933009398473	0.01954716760573893	0.016578106153317444	0.0006638130584316753	0.0031090723575665576	0.13225650441069856	0.00040260413798472964	0.000620108634938189	0.10416997635099597	0.007076949720696726	0.0027862624452425315	0.24158698115880478	0.08917556209297621	0.07889352410628284	0.023982910025434217	0.011125499924750797	0.018058741098357083	0.03865344242731746
Slac_3	0.5592732898353152	0.4298317089840764	0.21298327362253605	0.0	0.0	0.02409128986669277	0.011515578457658548	0.054194429980432925	0.0036062134029167512	0.14918172059205553	0.0033275931416617234	0.02202760816352939	0.01643888202182829	0.0	0.0	0.0	0.0	0.0	0.0	0.0	0.0	0.0	0.0	0.0	0.0	0.0	0.0	0.0	0.0	0.0	0.0	0.0	0.0	0.0	0.0	0.0	0.0	0.0	0.0	0.0	0.0	0.0	0.0	0.0	0.0	0.0	0.0	0.0	0.0	0.0	0.0	0.0	0.0	0.0	0.0	0.0	0.14500085117258257	0.043911792372881786	0.14634833036713488	0.02154339586588732	0.04723130574110686	0.029004377977887748	0.007974129519902201	0.0	0.0005199523531062384	0.04408391937841671	0.022670866941907737	0.18850157769272796	0.06095546639705164	0.02485794379138901	0.00010978180329560313	0.019665568574021856	0.027228772734604063	0.10768369492868682	0.0	0.0011478278093496274	0.2263939871526913	0.00016758720398065023	0.00028786776730366437	0.1389184590402384	0.013706278062139875	0.004569447347218257	0.4006213697347715	0.15141341987523974	0.08366464720999052	0.03495960465747171	0.009337577767235598	0.024879152525040346	0.05127559225874638
Slac_30	0.006350874992476906	0.032789012097853856	0.009573589633224959	0.0020923028028843613	0.001541725310282829	0.1442378019920275	0.3235041866126543	0.0	0.008527433722390771	0.0008475639835129327	0.0003555378767408593	0.005751833324892567	0.0003872610453902635	0.0	0.0	0.0	0.0	0.0	0.0	0.0	0.0	0.0	0.0	0.0	0.0	0.0	0.0	0.0	0.0	0.0	0.0	0.0	0.0	0.0	0.0	0.0	0.0	0.0	0.0	0.0	0.0	0.0	0.0	0.0	0.0	0.0	0.0	0.0	0.0	0.0	0.0	0.0	0.0	0.0	0.0	0.0	0.39421255001496214	0.019972299793126303	0.12591083761950492	0.031170706401387572	0.04252173687904874	0.03950183778696438	0.03459905182203799	0.0	0.008581902999185211	0.0006619384310183425	0.07906933065698152	0.0	0.228435420239246	0.0249445152897202	0.002940732861415323	0.003356328787986907	0.03565713709440883	0.0	0.0	0.0013538060987385678	0.0	0.009241428541052239	0.03317396810745187	0.10920379766137234	0.015142989086183892	0.015257632186842743	0.0	0.24373827720589292	0.04359842346263099	0.2796418537953896	0.041525720757389376	0.07171365461981541	0.05781982197416278
Slac_31	0.03642396787362084	0.03416702048375136	0.15763422556267317	0.32268658846471837	0.01925292293514303	0.1575104141879565	0.1424723903681821	0.0008303341634446623	0.06258346575472014	0.009689405540011905	0.016236056440835044	0.056372683610340014	0.0001904259792426392	0.0	0.0	0.0	0.0	0.0	0.0	0.0	0.0	0.0	0.0	0.0	0.0	0.0	0.0	0.0	0.0	0.0	0.0	0.0	0.0	0.0	0.0	0.0	0.0	0.0	0.0	0.0	0.0	0.0	0.0	0.0	0.0	0.0	0.0	0.0	0.0	0.0	0.0	0.0	0.0	0.0	0.0	0.0	0.0968259065111948	0.10860927349280128	0.029798752252960203	0.02736048692340403	0.010861917697798004	0.03419279330694602	0.004488673016711319	0.014625119302658548	0.01669662639143204	0.024891129060945996	0.03373101578601847	0.008147564939974367	0.03647868023799168	0.030984608946240562	0.21737962179757625	0.023610849732559593	0.02020678629803856	0.005622840576191313	0.026969469145330986	0.045448213394451625	0.0004976202848777256	0.0019709762017361544	0.001111959721582272	0.08384236631105126	0.01703206969812373	0.0033554769648375333	0.0	0.0460766201160008	0.03838592537720055	0.030412297174053842	0.022163396863604527	0.022733620111619803	0.012598222823082813
Slac_32	0.004608575691161656	0.003797458194493381	0.055760523086337666	0.001704835612790485	0.43569240457797526	0.028726970699213917	0.3623654711235529	0.0	0.33790166026283885	0.0059862416698593535	0.00022750823828546462	0.0001825742971970638	0.0	0.0	0.0	0.0	0.0	0.0	0.0	0.0	0.0	0.0	0.0	0.0	0.0	0.0	0.0	0.0	0.0	0.0	0.0	0.0	0.0	0.0	0.0	0.0	0.0	0.0	0.0	0.0	0.0	0.0	0.0	0.0	0.0	0.0	0.0	0.0	0.0	0.0	0.0	0.0	0.0	0.0	0.0	0.0	0.01866579059190547	0.06454762315219507	0.014338476349871208	0.1053167912605684	0.019426306589498496	0.047111248797199516	0.023339493876300924	0.12441655382784902	0.039707669706878924	0.0040572634552253194	0.012011736796773222	0.0	0.02782667997460525	0.012616852128239217	0.30095030325526384	0.004671921884209903	0.009092610055413479	0.0	0.003627793592083374	0.06869181515224625	0.0	0.017053766406799644	0.01055904408217768	0.03562848513236487	0.11178898184307931	0.015049375987270793	0.0	0.03787523813687073	0.07449721592867022	0.3501787721810753	0.034830104600064034	0.028879690570025023	0.003985542044262691
Slac_33	0.4098422466129403	0.32525062553041917	0.11051043562675422	0.00029690857033638296	0.0006826872393713828	0.014519378628954343	0.005022867270718439	0.02395761415313093	0.01498432923539334	0.011809227248802252	0.0012528210430633418	0.019177816062006556	0.004087407656990364	0.0	0.0	0.0	0.0	0.0	0.0	0.0	0.0	0.0	0.0	0.0	0.0	0.0	0.0	0.0	0.0	0.0	0.0	0.0	0.0	0.0	0.0	0.0	0.0	0.0	0.0	0.0	0.0	0.0	0.0	0.0	0.0	0.0	0.0	0.0	0.0	0.0	0.0	0.0	0.0	0.0	0.0	0.0	0.11288649189159398	0.01763434293603227	0.10382286691456688	0.012028064169392538	0.022554645611025704	0.016432667037222484	0.0036397718604947093	0.0006777649003231987	0.0004395819207016465	0.03956460593429038	0.00824398342428398	0.020901231306154816	0.02843091018210307	0.008980779706351987	0.0011942943669979121	0.01417689195319376	0.015218919296918907	0.02544557643946365	0.00131003299362737	0.00488375057529909	0.0747447345514132	0.0010039795419880947	0.0014617991277966612	0.08584156023123433	0.0026876765221823112	0.002276766052453429	0.10860396148922495	0.08756930261044085	0.06937472576616643	0.024885419203589873	0.004484434712858814	0.019229393506353363	0.03563155164063121
Slac_34	0.1176667642737651	0.1407046004938321	0.0822551568622236	0.00028706782362672813	0.00034780426380082543	0.016389941311323247	0.01150402484792817	0.007575244173868763	0.004697112321764657	0.015986204868767374	0.005719585471198489	0.0175698549218588	0.0017461787581922934	0.0	0.0	0.0	0.0	0.0	0.0	0.0	0.0	0.0	0.0	0.0	0.0	0.0	0.0	0.0	0.0	0.0	0.0	0.0	0.0	0.0	0.0	0.0	0.0	0.0	0.0	0.0	0.0	0.0	0.0	0.0	0.0	0.0	0.0	0.0	0.0	0.0	0.0	0.0	0.0	0.0	0.0	0.0	0.10680326150716726	0.011746336736906147	0.04623966925636614	0.0035403528390303115	0.009330560196140876	0.008308583573439523	0.004581918582365452	0.0	0.0	0.025016994638860264	0.02427207311339149	0.010521892585958457	0.04012808517140824	0.002881325524608865	0.000400210125228312	0.00273371593116316	0.0216518400949825	0.00667982628179613	0.0	0.002628719039127693	0.023490702850489008	0.0060469703545678165	0.0031864610786575725	0.06253880394849064	0.0048530771947886756	0.004777251683468398	0.045061911974918246	0.07541450830886574	0.028831723088197665	0.021498471689139386	0.0018325889968695299	0.016185427501290903	0.012745433231382811
Slac_35	0.009417655254838415	0.00989393837614291	0.03527856760761313	0.0	0.012210724270264154	0.022206852059902395	0.07297557915997521	0.0007108341194580582	0.08626584854927723	0.23553501917263925	0.01747151327392378	0.12076241775330232	0.008251153226705854	0.0	0.0	0.0	0.0	0.0	0.0	0.0	0.0	0.0	0.0	0.0	0.0	0.0	0.0	0.0	0.0	0.0	0.0	0.0	0.0	0.0	0.0	0.0	0.0	0.0	0.0	0.0	0.0	0.0	0.0	0.0	0.0	0.0	0.0	0.0	0.0	0.0	0.0	0.0	0.0	0.0	0.0	0.0	0.020080846167636137	0.19978188346911865	0.033206707423352355	0.07508427738120962	0.07533760310071255	0.07415601086588078	0.001496641240620192	0.005915373268329029	0.05926672586664641	0.0006779354954564475	0.0019552576656277055	0.0001599306027833739	0.06013533380908639	0.015446020287532647	0.013415605444675007	0.013555259980662367	0.009999453152410671	0.00015023995083213184	0.002822790361336094	0.0005595530822572008	0.0	0.001990795128587024	0.002730562334774272	0.2955008599182739	0.006750594744065008	0.0006985959364354769	0.0	0.06419040159355746	0.05874031506996291	0.02439573571478149	0.1447589608455279	0.014524151780259929	0.0023514591610792656
Slac_36	0.04443689395163144	0.036358134421714976	0.013420168856313659	0.002803171101881176	0.018130690252942137	0.018582786860210594	0.01807272036014667	0.002549550544460775	0.014394597488782935	0.013332750027597592	0.0	0.0002403349680032534	0.0010064238592914503	0.0	0.0	0.0	0.0	0.0	0.0	0.0	0.0	0.0	0.0	0.0	0.0	0.0	0.0	0.0	0.0	0.0	0.0	0.0	0.0	0.0	0.0	0.0	0.0	0.0	0.0	0.0	0.0	0.0	0.0	0.0	0.0	0.0	0.0	0.0	0.0	0.0	0.0	0.0	0.0	0.0	0.0	0.0	0.023364653382701082	0.025358445398859297	0.02792586200794513	0.0029195296076226828	0.004939167730255636	0.006468906188117714	6.14229487543065e-05	0.03324785739853866	0.002568067792301977	0.0026555793101893854	0.002325086774149895	0.0033278747018580268	0.011391607678835767	0.007163555749378892	0.0004568542716815169	0.003945865243257525	0.0034385087154213253	0.001620713271144989	6.970839153925193e-05	0.00016538455380446127	0.0012354626239041585	0.01585758814362592	0.0010541117887133977	0.07223708047449603	0.001197643602917223	0.0	0.0	0.03444197250240817	0.0028342879265930597	0.013294187527232026	0.009394466338666212	0.0057110711500536005	0.004018108757177664
Slac_37	0.04373668841141125	0.04930507788768129	0.038466404452560526	0.028638331405546107	0.06056523458111209	0.01622599152520391	0.12161077997232084	0.0	0.04062087097022828	0.005674475100847392	0.008344920078452582	0.03132803138567946	0.0005899773992749784	0.0	0.0	0.0	0.0	0.0	0.0	0.0	0.0	0.0	0.0	0.0	0.0	0.0	0.0	0.0	0.0	0.0	0.0	0.0	0.0	0.0	0.0	0.0	0.0	0.0	0.0	0.0	0.0	0.0	0.0	0.0	0.0	0.0	0.0	0.0	0.0	0.0	0.0	0.0	0.0	0.0	0.0	0.0	0.04521057776355694	0.02528690062407632	0.024319991556754468	0.01755645584589022	0.009092572831068816	0.009331400675456961	0.0020466528483950733	0.04782146230965341	0.00709817133342745	0.014098517805989488	0.005654059549650905	0.00021262284796279472	0.019648889586913448	0.007559245579537198	0.046469779143466276	0.013452042307489078	0.004658397857408628	0.00041190751686503307	0.002675193311487728	0.009975812854279426	0.00024328092863968413	0.0015503173297304212	0.0033205400671860895	0.024459031809690807	0.03888719861687931	0.0007888959306768474	0.0	0.020034802797444	0.019076312299161576	0.025755136731012186	0.008515962421585652	0.013496995044750226	0.006507353890166334
Slac_38	0.05182851850203017	0.08865354644930803	0.07031288979028166	0.0009562132757325014	0.0029884811157658026	0.042647950390766354	0.06386741652271988	0.010174754395121624	0.0067104590779855176	0.0044455144155802154	0.009553194364291388	0.022803249178262538	0.0031543319634784956	0.0	0.0	0.0	0.0	0.0	0.0	0.0	0.0	0.0	0.0	0.0	0.0	0.0	0.0	0.0	0.0	0.0	0.0	0.0	0.0	0.0	0.0	0.0	0.0	0.0	0.0	0.0	0.0	0.0	0.0	0.0	0.0	0.0	0.0	0.0	0.0	0.0	0.0	0.0	0.0	0.0	0.0	0.0	0.051291568744700686	0.015726340088557764	0.037071276718723095	0.008415670702972607	0.009252946481196095	0.005224618465726935	0.0025298984946419208	0.003240109361354101	0.0015612695465437756	0.0035658835401118126	0.005666233122554684	0.0	0.008466244047555947	0.006686720006703219	0.0	0.004145407521489808	0.006854029188124372	0.0	0.003543814206860772	0.0	0.00938912498564486	0.0036266954103190896	0.0018880998353303937	0.04090529650091588	0.0009691249675860059	0.0018368958990754164	0.016546075915774665	0.03660494650514632	0.06374956758267447	0.016831075962128742	0.012608566892490899	0.019823671785713207	0.013450275665387377
Slac_39	0.17798954725080518	0.1562357634152278	0.03887179184808562	0.0	0.0	0.003099631590548854	0.0017926710143758816	0.0015976004927177457	0.0004300573410781098	0.004523871863439208	0.0	0.003131276024255672	0.0014823291039898928	0.0	0.0	0.0	0.0	0.0	0.0	0.0	0.0	0.0	0.0	0.0	0.0	0.0	0.0	0.0	0.0	0.0	0.0	0.0	0.0	0.0	0.0	0.0	0.0	0.0	0.0	0.0	0.0	0.0	0.0	0.0	0.0	0.0	0.0	0.0	0.0	0.0	0.0	0.0	0.0	0.0	0.0	0.0	0.05017495438106084	0.005886792769087975	0.05737249765452439	0.0034673719371796355	0.005149242649870824	0.0037846516185798215	0.00027824863833065763	0.0	0.0005157041774674295	0.0051709102962216435	0.001999373907918774	0.0065607599260079546	0.008463617650547595	0.0009463024941864368	0.0	0.0035925116952731317	0.005787095232957614	0.001446260805792659	0.0	0.0	0.03742919220179916	0.0	0.00018942292376171628	0.04964973444882475	0.0021804851088824103	0.0	0.05661748627041864	0.052359467465179756	0.014951027348703374	0.00818382460905394	0.0009563913519433342	0.003965101518163497	0.011700766603542287
Slac_4	0.0740731221450423	0.02131714599124644	0.26472850507089796	0.005713408454510687	0.0004610456241494631	0.20922038124545966	0.42088818329948186	0.013548473868608715	0.0657113543494148	0.030934994088130406	0.4086326994499717	0.8147352825444601	0.01525482867972787	0.0	0.0	0.0	0.0	0.0	0.0	0.0	0.0	0.0	0.0	0.0	0.0	0.0	0.0	0.0	0.0	0.0	0.0	0.0	0.0	0.0	0.0	0.0	0.0	0.0	0.0	0.0	0.0	0.0	0.0	0.0	0.0	0.0	0.0	0.0	0.0	0.0	0.0	0.0	0.0	0.0	0.0	0.0	0.34861902132699446	0.13944597691041694	0.15261008021403846	0.21608575241233935	0.1537992489135555	0.09516604890728304	0.0466376558864053	0.01516862996417466	0.10494830841572984	0.01815619515696781	0.149065441878058	0.0015578676414224803	0.17974875615907332	0.09681361235659335	0.009406716575366016	0.30200077658782376	0.07456603756106726	0.0013752921032883013	0.004455834247109006	0.013975260415838655	0.000339050884469114	0.002782498086752948	0.050265960178990356	0.19800719507144032	0.024679725754648642	0.019405562412100796	0.0	0.19485161391072858	0.29798951728814105	0.08828934727470975	0.026808830472942295	0.20944599983901208	0.14912713442047787
Slac_40	0.007351480059660444	0.002731685717042087	0.05694931961971007	0.0	0.10596674917476656	0.0403984292575829	0.21569988931668913	0.0	0.04468207156355648	0.0007721802853626859	0.0006198705195513565	0.0016423962669200177	0.0009921281999903792	0.0	0.0	0.0	0.0	0.0	0.0	0.0	0.0	0.0	0.0	0.0	0.0	0.0	0.0	0.0	0.0	0.0	0.0	0.0	0.0	0.0	0.0	0.0	0.0	0.0	0.0	0.0	0.0	0.0	0.0	0.0	0.0	0.0	0.0	0.0	0.0	0.0	0.0	0.0	0.0	0.0	0.0	0.0	0.018182738053420855	0.16439786330989514	0.034538837803897396	0.047947651218408466	0.07679051446483122	0.11636330389877284	0.011622075505092009	0.0335721093906835	0.03720321517098336	0.005477564176705917	0.005432791270752644	0.0	0.09453210520561267	0.06471246318406129	0.05449221124511171	0.00044501420866283894	0.01082399237943423	0.0002937924086168116	0.0	0.0075904782279725014	0.0	0.007209529074830417	0.016613067463057393	0.2481991170239982	0.03364742007689345	0.0015943699025258219	0.0	0.08414606115282208	0.014089994771937776	0.1557435994524653	0.17491846572804004	0.010837864609395865	0.014744356685468038
Slac_41	0.0019750590425582234	0.0	0.12902593914962737	0.0	0.001377314140007199	0.07629185035779548	0.08718442680017884	0.0	0.015998042040270166	0.004114571445277498	0.0	0.0	0.0	0.0	0.0	0.0	0.0	0.0	0.0	0.0	0.0	0.0	0.0	0.0	0.0	0.0	0.0	0.0	0.0	0.0	0.0	0.0	0.0	0.0	0.0	0.0	0.0	0.0	0.0	0.0	0.0	0.0	0.0	0.0	0.0	0.0	0.0	0.0	0.0	0.0	0.0	0.0	0.0	0.0	0.0	0.0	0.007389231369628898	0.006810311634376454	0.018233088081003285	0.021642687401763127	0.03602824525168989	0.1558083913773855	0.18134055868366686	0.0	0.0	0.004174734025964773	0.00015281052890580015	0.0	0.5458129651054963	0.0	0.0005437820251033755	0.0009251459187131248	0.0016451639696942074	0.0	0.0	0.0	0.0	0.08969722745831651	0.005621946394231676	0.007525459772315085	0.0	0.009525775012271276	0.0	0.05833863662429336	0.011472379565649502	0.0	0.5415795686026464	0.03217897588702035	0.3091905580912781
Slac_42	0.22409715169244313	0.21813818093036152	0.010908895100170221	0.0	0.0	0.009068206129543751	0.0	0.0	0.0	0.008341141253585224	0.0	0.002605849203117693	0.0	0.0	0.0	0.0	0.0	0.0	0.0	0.0	0.0	0.0	0.0	0.0	0.0	0.0	0.0	0.0	0.0	0.0	0.0	0.0	0.0	0.0	0.0	0.0	0.0	0.0	0.0	0.0	0.0	0.0	0.0	0.0	0.0	0.0	0.0	0.0	0.0	0.0	0.0	0.0	0.0	0.0	0.0	0.0	0.08231913374425312	0.025031448040268488	0.04168619980328504	0.0	0.00483886438802742	0.0012401612814505977	0.003951962052456423	0.0	0.0	0.02813498009865406	0.008162425212843062	0.02027101610555572	0.020784366586537636	0.0011459062065980771	0.0	0.0	0.0	0.006814074366797473	0.0	0.0	0.0005675324060097557	0.0	0.0	0.04751453247001334	0.002870769170757003	0.0	0.0	0.05667625371604916	0.026397196566295994	0.017916577875124275	0.0011748303350311573	0.011284750617672274	0.006192379009906394
Slac_5	0.7074686811066003	0.49297439746212185	0.06341316702093923	0.00033705697125604875	0.0	0.025655799424437582	0.0035559873549201398	0.06480215161056643	0.010531915009839743	0.15131391148204143	0.0007134785892910632	0.020488291617940746	0.0025466184057451077	0.0	0.0	0.0	0.0	0.0	0.0	0.0	0.0	0.0	0.0	0.0	0.0	0.0	0.0	0.0	0.0	0.0	0.0	0.0	0.0	0.0	0.0	0.0	0.0	0.0	0.0	0.0	0.0	0.0	0.0	0.0	0.0	0.0	0.0	0.0	0.0	0.0	0.0	0.0	0.0	0.0	0.0	0.0	0.16046595673874262	0.08598311116616546	0.1309911057700693	0.022168307191221853	0.02940063368580719	0.04275155393874501	0.014143218120867232	0.0	0.0030539206736512315	0.34348958602067214	0.011954039719651295	0.2171095335608025	0.07132823883364589	0.0358511617665751	0.0	0.01816542752466333	0.01666199839276391	0.1087924591217326	0.0	0.0	0.2890638788364135	0.00018679834522937244	0.0008365278489224275	0.2107200305725579	0.02237574430483631	0.007015225012682915	0.4591627613457461	0.11170842684153334	0.09729199404474338	0.021802403423779728	0.014194370893400948	0.042299249276463516	0.04468404880287675
Slac_6	0.622403576377671	0.5360340166484734	0.2217358181432762	0.0066527967020242025	0.004423789116455855	0.043813677876889424	0.026017386169145694	0.20206227251662273	0.05456116849638022	0.07567207252989486	0.007202408002071341	0.056687699578625	0.011710931051658293	0.0	0.0	0.0	0.0	0.0	0.0	0.0	0.0	0.0	0.0	0.0	0.0	0.0	0.0	0.0	0.0	0.0	0.0	0.0	0.0	0.0	0.0	0.0	0.0	0.0	0.0	0.0	0.0	0.0	0.0	0.0	0.0	0.0	0.0	0.0	0.0	0.0	0.0	0.0	0.0	0.0	0.0	0.0	0.24303540603586365	0.06733916983104002	0.13478891292054962	0.03669894783594383	0.039765078967984244	0.04017270012268219	0.037742805165808316	0.013392538691763916	0.008865700147551715	0.45166366602747826	0.034887980625676884	0.17423616259162805	0.09283214106846054	0.03051007893729139	0.015737108944430894	0.03072412312796489	0.028760691705796083	0.15974265708974156	0.002122617481772747	0.017564927321042742	0.30229030203320073	0.0019859548841968	0.008007255814572217	0.1853525674868897	0.03920936685343485	0.01888118979039071	0.4879235449508169	0.12011350993854623	0.33341072538642214	0.07046961530731045	0.045740175577572165	0.08426474424685812	0.0741589055616741
Slac_7	0.12801669764917623	0.3154925948376503	0.3446729727309107	0.001994871480600975	0.004500079480013764	0.12298713527481478	0.14297315616720763	0.032654042256773944	0.1694985797083422	0.03619945764035333	0.41920666650337807	0.676648234697895	0.018121075356456615	0.0	0.0	0.0	0.0	0.0	0.0	0.0	0.0	0.0	0.0	0.0	0.0	0.0	0.0	0.0	0.0	0.0	0.0	0.0	0.0	0.0	0.0	0.0	0.0	0.0	0.0	0.0	0.0	0.0	0.0	0.0	0.0	0.0	0.0	0.0	0.0	0.0	0.0	0.0	0.0	0.0	0.0	0.0	0.252242515579322	0.053828330889353494	0.10974574928640417	0.14486036448133827	0.06245866870899345	0.03772804186746051	0.029982251811661458	0.015773325427251784	0.05795637792787657	0.05214233505816287	0.03214089491145537	0.019811302485112807	0.10630826852632387	0.03408449612050328	0.006717836097468277	0.24377532109075797	0.03563615524425965	0.018374954356418123	0.0064383411821072965	0.017572419132409804	0.0736467191768354	0.0017518950866561179	0.028307921111533112	0.1262169871790627	0.02376821689834884	0.014336084190552082	0.09704228027937034	0.12432377572654855	0.34669055450807706	0.0960892809701032	0.02299712554646948	0.13839364237449553	0.06076243099538299
Slac_8	0.05307120694645886	0.0693736797190823	0.39740220738547366	0.007197653511283937	0.42747639596646103	0.31897325770585183	0.5125843912459387	0.01050911387061932	0.5848133360549626	0.10627705583261363	0.013082025757689788	0.09918969579081655	0.032585487197561644	0.0	0.0	0.0	0.0	0.0	0.0	0.0	0.0	0.0	0.0	0.0	0.0	0.0	0.0	0.0	0.0	0.0	0.0	0.0	0.0	0.0	0.0	0.0	0.0	0.0	0.0	0.0	0.0	0.0	0.0	0.0	0.0	0.0	0.0	0.0	0.0	0.0	0.0	0.0	0.0	0.0	0.0	0.0	0.14994884935863295	0.27998976362662187	0.10082116908053054	0.11719394980538214	0.10025676747513648	0.08441582918484987	0.05666152185043586	0.37415394740422003	0.10229612254087572	0.2006623939301925	0.07307349379070999	0.0004446002994393204	0.1169325901612388	0.05113940669706692	0.7145578512140386	0.014149042584376686	0.08593334271021733	0.0013778424657074344	0.20264203267737396	0.1753292905453294	0.004203265440894612	0.021688098372358383	0.03266520839087049	0.22506305087721712	0.257508546004485	0.011070733872952347	0.004155424451798677	0.18246753031088736	0.08666494308900544	0.2595017625121677	0.17751347551335278	0.05146053972430166	0.07391125230801879
Slac_9	0.02133459930989643	0.0003333323327567911	0.23514035370184075	0.010877223115201892	0.5796846225101948	0.2837478808020498	0.6400525692261048	0.0004421863576448211	0.5085173552047688	0.036515021980875195	0.0012790769013525318	0.01680537569631304	0.011451865669168318	0.0	0.0	0.0	0.0	0.0	0.0	0.0	0.0	0.0	0.0	0.0	0.0	0.0	0.0	0.0	0.0	0.0	0.0	0.0	0.0	0.0	0.0	0.0	0.0	0.0	0.0	0.0	0.0	0.0	0.0	0.0	0.0	0.0	0.0	0.0	0.0	0.0	0.0	0.0	0.0	0.0	0.0	0.0	0.1408699366958363	0.17010470733671768	0.11261030516250034	0.2131442410062236	0.14512433382321052	0.2151789615534257	0.1794842187875166	0.3684556969211725	0.14119207220148502	0.06619982867238831	0.05694211654972627	0.0	0.20408781231003353	0.11651772921703299	0.5041873276268037	0.015387247104122278	0.07372047598736158	0.0	0.03160935625054182	0.15402738240942637	0.0	0.03876655269782994	0.07070113800478936	0.23820605747267304	0.28318884384239296	0.016864865489107483	0.0	0.16011030376384883	0.08005744643537678	0.5429452363687702	0.2258356488922022	0.10153590413653549	0.11608700505851592
Scil_0	0.6965258936688961	0.33139523825833134	0.3362551334292377	0.021388096232364234	0.045482160955218225	0.18909331677786909	0.4401499798303791	0.0315413764163513	0.14309945542474525	0.04593845134744479	0.008176521580161059	0.04815736216979868	0.017506106762518184	0.4963988271146735	0.2135398699798125	0.11656937940755474	0.09432456711270244	0.29476869246926446	0.09249957375021187	0.040046601588995735	0.11204361478378744	0.1543174035877622	0.0689022299419703	0.05300345743137005	0.18589000487015755	0.20427612905071335	0.11049186755906881	0.09057017532055553	0.06193537471252484	0.0699932821936182	0.03942488739415342	0.32669816929892226	0.07030319230635507	0.09234388304697469	0.1068288006884434	0.11303432143703199	0.14500085117258257	0.39421255001496214	0.0968259065111948	0.01866579059190547	0.11288649189159398	0.10680326150716726	0.020080846167636137	0.023364653382701082	0.04521057776355694	0.051291568744700686	0.05017495438106084	0.34861902132699446	0.018182738053420855	0.007389231369628898	0.08231913374425312	0.16046595673874262	0.24303540603586365	0.252242515579322	0.14994884935863295	0.1408699366958363	0.0	0.0	0.0	0.0	0.0	0.0	0.0	0.0	0.0	0.0	0.0	0.0	0.0	0.0	0.0	0.0	0.0	0.0	0.0	0.0	0.0	0.0	0.0	0.0	0.0	0.0	0.0	0.0	0.0	0.0	0.0	0.0	0.0
Scil_1	0.11690314653575067	0.1265918685665029	0.16328790027696088	0.00039786037737289524	0.018691095130780738	0.5228997498435709	0.7348549384784454	0.004782033865418688	0.02976596331165805	0.011676676649155945	0.04446538525773695	0.021696330502527623	0.003919551442583384	0.22841294657880243	0.1296602687246325	0.09523551824677574	0.15963754934650146	0.04508771285701218	0.10332500703707818	0.012403849876866354	0.2650421835672471	0.08833802839941061	0.08174053867758768	0.0774084700513296	0.036612423217794086	0.0545782996494219	0.06795008442205294	0.02740255299904682	0.1068005867109181	0.12724667667969847	0.09940339465065466	0.16862149523181896	0.08725715682623629	0.06501330096709766	0.09824607037423008	0.02097459746255604	0.043911792372881786	0.019972299793126303	0.10860927349280128	0.06454762315219507	0.01763434293603227	0.011746336736906147	0.19978188346911865	0.025358445398859297	0.02528690062407632	0.015726340088557764	0.005886792769087975	0.13944597691041694	0.16439786330989514	0.006810311634376454	0.025031448040268488	0.08598311116616546	0.06733916983104002	0.053828330889353494	0.27998976362662187	0.17010470733671768	0.0	0.0	0.0	0.0	0.0	0.0	0.0	0.0	0.0	0.0	0.0	0.0	0.0	0.0	0.0	0.0	0.0	0.0	0.0	0.0	0.0	0.0	0.0	0.0	0.0	0.0	0.0	0.0	0.0	0.0	0.0	0.0	0.0
Scil_10	0.642223104445212	0.17280907795857953	0.295421579788781	0.002753985173173611	0.009632529777395598	0.1035860906364043	0.30002645226531	0.04871119077411624	0.02255701499858135	0.010596125849058216	0.005067714759479211	0.015603490815538723	0.013163305566563446	0.3993182773188224	0.1501027924648417	0.06577364943240639	0.0932665975782842	0.10200382030817368	0.07660439742922241	0.028352992154509832	0.11879609199934975	0.1014223220334245	0.04961390581684133	0.023373672390110043	0.0956997061984364	0.14331082882550097	0.05938503642620625	0.06391581575842849	0.045823055171062374	0.07717209462869318	0.02514122375454651	0.04505595875620603	0.0797820735298011	0.07438949284644161	0.10701151324429756	0.10492591749879691	0.14634833036713488	0.12591083761950492	0.029798752252960203	0.014338476349871208	0.10382286691456688	0.04623966925636614	0.033206707423352355	0.02792586200794513	0.024319991556754468	0.037071276718723095	0.05737249765452439	0.15261008021403846	0.034538837803897396	0.018233088081003285	0.04168619980328504	0.1309911057700693	0.13478891292054962	0.10974574928640417	0.10082116908053054	0.11261030516250034	0.0	0.0	0.0	0.0	0.0	0.0	0.0	0.0	0.0	0.0	0.0	0.0	0.0	0.0	0.0	0.0	0.0	0.0	0.0	0.0	0.0	0.0	0.0	0.0	0.0	0.0	0.0	0.0	0.0	0.0	0.0	0.0	0.0
Scil_11	0.07099718394463937	0.19297452366317033	0.1075070599683442	0.00707423111885982	0.016072528881142363	0.07402689768663188	0.5470316802601669	0.014766504805640146	0.0500187478905547	0.013903734549450725	0.03542824118772942	0.024489422979406976	0.022430563327939114	0.08671132369972125	0.06873412416253541	0.09796094410305395	0.045175351488399	0.12030330425864663	0.055655572647200835	0.005143268017394953	0.17654734709547598	0.06933979740352147	0.0788475314904484	0.041896418239228586	0.05774295876189035	0.061572152991785464	0.03620728743271016	0.0014113044931318662	0.07520642216851989	0.017736063384238197	0.02325458591518993	0.08967997831691826	0.009678396559641268	0.04306845658069423	0.036272561319388316	0.010411307664939445	0.02154339586588732	0.031170706401387572	0.02736048692340403	0.1053167912605684	0.012028064169392538	0.0035403528390303115	0.07508427738120962	0.0029195296076226828	0.01755645584589022	0.008415670702972607	0.0034673719371796355	0.21608575241233935	0.047947651218408466	0.021642687401763127	0.0	0.022168307191221853	0.03669894783594383	0.14486036448133827	0.11719394980538214	0.2131442410062236	0.0	0.0	0.0	0.0	0.0	0.0	0.0	0.0	0.0	0.0	0.0	0.0	0.0	0.0	0.0	0.0	0.0	0.0	0.0	0.0	0.0	0.0	0.0	0.0	0.0	0.0	0.0	0.0	0.0	0.0	0.0	0.0	0.0
Scil_12	0.2858198918063743	0.1368420163789131	0.16730768632314025	0.0013800347112149862	0.008861828934632459	0.10830424196076087	0.3781953319870259	0.0025045133262716463	0.02240383692690561	0.009247197312589935	0.042525303605661154	0.023339774670004736	0.0038606320852451865	0.24340937624444114	0.04815408957334242	0.030595230941200223	0.03373814554004303	0.05485723471085087	0.028496215444396213	0.004046451566976831	0.17323176051268468	0.03652985600211022	0.054831061713785254	0.00960863286660803	0.04121976765577995	0.045942597663984334	0.025318532531943865	0.020838833804993597	0.015587041144529037	0.014931663490530147	0.02710571336209709	0.05653799633675103	0.010839574408780433	0.025622946494575395	0.029856546203392696	0.02429055172876254	0.04723130574110686	0.04252173687904874	0.010861917697798004	0.019426306589498496	0.022554645611025704	0.009330560196140876	0.07533760310071255	0.004939167730255636	0.009092572831068816	0.009252946481196095	0.005149242649870824	0.1537992489135555	0.07679051446483122	0.03602824525168989	0.00483886438802742	0.02940063368580719	0.039765078967984244	0.06245866870899345	0.10025676747513648	0.14512433382321052	0.0	0.0	0.0	0.0	0.0	0.0	0.0	0.0	0.0	0.0	0.0	0.0	0.0	0.0	0.0	0.0	0.0	0.0	0.0	0.0	0.0	0.0	0.0	0.0	0.0	0.0	0.0	0.0	0.0	0.0	0.0	0.0	0.0
Scil_13	0.1915603973657296	0.10328565243104453	0.13988983548001363	0.0015210098680007872	0.009349126665565293	0.1160904695059614	0.483234487824971	0.0029099629237733958	0.028583240890437567	0.006436244087615878	0.009266169953865758	0.007731070260446259	0.004942931854899161	0.13959234341124616	0.06171605687835198	0.045877515848744846	0.055696726974103494	0.03360190177715201	0.027218245407200505	0.013026358577917101	0.30382589417325157	0.04076868582086608	0.10794294909396837	0.029955508558981638	0.020584154850960372	0.039823908934237456	0.015548091889329999	0.007023051844364037	0.03893142472167839	0.041873911382032926	0.051713403137719015	0.06366369921657253	0.03275423576757547	0.027143041291551862	0.034083549820831185	0.016004558287826345	0.029004377977887748	0.03950183778696438	0.03419279330694602	0.047111248797199516	0.016432667037222484	0.008308583573439523	0.07415601086588078	0.006468906188117714	0.009331400675456961	0.005224618465726935	0.0037846516185798215	0.09516604890728304	0.11636330389877284	0.1558083913773855	0.0012401612814505977	0.04275155393874501	0.04017270012268219	0.03772804186746051	0.08441582918484987	0.2151789615534257	0.0	0.0	0.0	0.0	0.0	0.0	0.0	0.0	0.0	0.0	0.0	0.0	0.0	0.0	0.0	0.0	0.0	0.0	0.0	0.0	0.0	0.0	0.0	0.0	0.0	0.0	0.0	0.0	0.0	0.0	0.0	0.0	0.0
Scil_14	0.27205885182417483	0.13266729904247213	0.043809804067828875	0.0014041272859571568	0.005820060254821711	0.1539456571801348	0.2949432203901673	0.002815350650282097	0.032085710999800086	0.013011922897978445	0.002837776525018273	0.006405493820679309	0.016526578275565078	0.19201494850253514	0.046433659882395416	0.025624981282056487	0.014250677894661978	0.018565586169337248	0.011239248128875744	0.0005092515905396539	0.05258316445551374	0.027848650071903024	0.04801609884082436	0.00620416983098168	0.012588611471945085	0.04662779699653946	0.009765395381835363	0.01535046889327367	0.009407744431005822	0.006917238556088457	0.02645330574470416	0.022104028789962652	0.007214302521130704	0.024343344596359662	0.007777609425897622	0.008157931884818746	0.007974129519902201	0.03459905182203799	0.004488673016711319	0.023339493876300924	0.0036397718604947093	0.004581918582365452	0.001496641240620192	6.14229487543065e-05	0.0020466528483950733	0.0025298984946419208	0.00027824863833065763	0.0466376558864053	0.011622075505092009	0.18134055868366686	0.003951962052456423	0.014143218120867232	0.037742805165808316	0.029982251811661458	0.05666152185043586	0.1794842187875166	0.0	0.0	0.0	0.0	0.0	0.0	0.0	0.0	0.0	0.0	0.0	0.0	0.0	0.0	0.0	0.0	0.0	0.0	0.0	0.0	0.0	0.0	0.0	0.0	0.0	0.0	0.0	0.0	0.0	0.0	0.0	0.0	0.0
Scil_15	0.00011378392490901889	0.0	0.0	0.0034169408945033198	0.44107795004339917	0.02700007599633759	0.029859976807515332	0.009294098883423342	0.8465954922551692	0.5737147712195853	0.0	0.0	0.00243580425190629	0.0	0.03294584184646013	0.3255166981150804	0.000659861737843827	0.0034032517274244856	0.3098544029304978	0.9985241699237605	0.32412838044114023	0.06879166808748204	0.18287867890056445	0.11683376316700181	0.00015938953398969202	0.00015522673408312716	0.10216911207717957	0.0	0.07952221272054735	0.0	0.24402312632551282	0.15774127995150683	0.0	0.004788116022616087	0.0006548204271259242	0.0	0.0	0.0	0.014625119302658548	0.12441655382784902	0.0006777649003231987	0.0	0.005915373268329029	0.03324785739853866	0.04782146230965341	0.003240109361354101	0.0	0.01516862996417466	0.0335721093906835	0.0	0.0	0.0	0.013392538691763916	0.015773325427251784	0.37415394740422003	0.3684556969211725	0.0	0.0	0.0	0.0	0.0	0.0	0.0	0.0	0.0	0.0	0.0	0.0	0.0	0.0	0.0	0.0	0.0	0.0	0.0	0.0	0.0	0.0	0.0	0.0	0.0	0.0	0.0	0.0	0.0	0.0	0.0	0.0	0.0
Scil_16	0.01629688958816354	0.02991084682118452	0.036916366379716944	0.003809340509471501	0.008921330007591637	0.03629600551423753	0.4998189310584655	0.0007393507719077009	0.017642425522404213	0.0042887433597969	0.027975265791341138	0.016372212778335567	0.002847308938255792	0.02215088232605623	0.019154790025866498	0.01611389209733709	0.015423990830016698	0.030705938158065316	0.012171720167558832	0.002229355707946969	0.12453996726779785	0.016495676130715592	0.06497918928032469	0.006222958045851103	0.0060989278737529845	0.0111806843142651	0.0048638400339274844	0.00030060711915191803	0.01883568635404408	0.00649366364918445	0.014270840649840636	0.027244046954079358	0.005551683974877623	0.008689047709495117	0.017798915718158403	0.0012839941497700756	0.0005199523531062384	0.008581902999185211	0.01669662639143204	0.039707669706878924	0.0004395819207016465	0.0	0.05926672586664641	0.002568067792301977	0.00709817133342745	0.0015612695465437756	0.0005157041774674295	0.10494830841572984	0.03720321517098336	0.0	0.0	0.0030539206736512315	0.008865700147551715	0.05795637792787657	0.10229612254087572	0.14119207220148502	0.0	0.0	0.0	0.0	0.0	0.0	0.0	0.0	0.0	0.0	0.0	0.0	0.0	0.0	0.0	0.0	0.0	0.0	0.0	0.0	0.0	0.0	0.0	0.0	0.0	0.0	0.0	0.0	0.0	0.0	0.0	0.0	0.0
Scil_17	0.06501601167947159	0.1262178847597908	0.21873122567789482	0.0014230538762691665	0.0006532903647033884	0.015624399340100468	0.0489902704388643	0.0010331561196053466	0.012317011220053999	0.04297754080655192	5.6260254072947285e-05	0.02085189647849151	0.008451403097861894	0.20652510071175967	0.05114039372395927	0.11127408260572362	0.01480278443274825	0.29373152262812974	0.2556343371625426	0.011498872588218311	0.0	0.03277715455842002	0.027719077160435007	0.017706478843668792	0.09394957675284697	0.13570111572153026	0.08812413171549659	0.10948795017542567	0.08327284081416206	0.03749795784657061	0.0038764207312781233	0.0	0.07696487349959447	0.13000440675834457	0.028420366861713703	0.019130663778826433	0.04408391937841671	0.0006619384310183425	0.024891129060945996	0.0040572634552253194	0.03956460593429038	0.025016994638860264	0.0006779354954564475	0.0026555793101893854	0.014098517805989488	0.0035658835401118126	0.0051709102962216435	0.01815619515696781	0.005477564176705917	0.004174734025964773	0.02813498009865406	0.34348958602067214	0.45166366602747826	0.05214233505816287	0.2006623939301925	0.06619982867238831	0.0	0.0	0.0	0.0	0.0	0.0	0.0	0.0	0.0	0.0	0.0	0.0	0.0	0.0	0.0	0.0	0.0	0.0	0.0	0.0	0.0	0.0	0.0	0.0	0.0	0.0	0.0	0.0	0.0	0.0	0.0	0.0	0.0
Scil_18	0.14909885671728812	0.10021259510918071	0.1313246708064236	0.0018442303188143585	0.0041382939880607985	0.08643336114918543	0.32911453608233565	0.011018104412040057	0.011162436299671459	0.007119255053618221	0.0042361319113632225	0.011364156009427077	0.003399215052500669	0.1144664890476245	0.04147730838404482	0.03712951507294931	0.009264125169115373	0.03642810727633288	0.01993981292850396	0.012061017158526748	0.04880592244574534	0.02652220758684177	0.035289289014768827	0.01088810355725453	0.02571186388840182	0.0387900095935472	0.03300823466913559	0.009959472608346889	0.011998735476215248	0.007833757528717573	0.012832504157500733	0.1382583029719126	0.002662153611732072	0.021977997232241576	0.005862452925607637	0.012460968854548633	0.022670866941907737	0.07906933065698152	0.03373101578601847	0.012011736796773222	0.00824398342428398	0.02427207311339149	0.0019552576656277055	0.002325086774149895	0.005654059549650905	0.005666233122554684	0.001999373907918774	0.149065441878058	0.005432791270752644	0.00015281052890580015	0.008162425212843062	0.011954039719651295	0.034887980625676884	0.03214089491145537	0.07307349379070999	0.05694211654972627	0.0	0.0	0.0	0.0	0.0	0.0	0.0	0.0	0.0	0.0	0.0	0.0	0.0	0.0	0.0	0.0	0.0	0.0	0.0	0.0	0.0	0.0	0.0	0.0	0.0	0.0	0.0	0.0	0.0	0.0	0.0	0.0	0.0
Scil_19	0.6435968496423036	0.19679241032221623	0.036146454820037435	0.03359010463689289	0.0	0.003982133247054627	0.032549738922414355	0.00209967053768823	0.007684729890662661	0.09796108168715868	0.011999510819806675	0.010349104096849384	0.0	0.5931114542054318	0.09374450573131579	0.005131258377301979	0.05090815605401681	0.012218367378231511	0.01511761699545695	0.0	0.0	0.029682360552013537	0.003569042012340504	0.0015251193273705089	0.11877449616615199	0.24055341573392228	0.03151577812291231	0.3969526844714515	0.016336243979517794	0.06390154432142317	0.0	0.0	0.017966939542541253	0.19035011431636256	0.020978434365766345	0.01565803385655719	0.18850157769272796	0.0	0.008147564939974367	0.0	0.020901231306154816	0.010521892585958457	0.0001599306027833739	0.0033278747018580268	0.00021262284796279472	0.0	0.0065607599260079546	0.0015578676414224803	0.0	0.0	0.02027101610555572	0.2171095335608025	0.17423616259162805	0.019811302485112807	0.0004446002994393204	0.0	0.0	0.0	0.0	0.0	0.0	0.0	0.0	0.0	0.0	0.0	0.0	0.0	0.0	0.0	0.0	0.0	0.0	0.0	0.0	0.0	0.0	0.0	0.0	0.0	0.0	0.0	0.0	0.0	0.0	0.0	0.0	0.0	0.0
Scil_2	0.5812649639788487	0.30113644886021035	0.2286074156115748	0.011562731383178822	0.028948115890622537	0.17834295209991788	0.5194643849908862	0.020012733086890742	0.10224652781095052	0.024118007205504912	0.01981882965722408	0.025862875421111715	0.011286252551917222	0.4532729332046318	0.10971485660732024	0.06424816914095847	0.04490825305970867	0.09876798346465612	0.044711879492944334	0.009978474990559264	0.26614795809559	0.07436250084636657	0.11945361979897917	0.05220881807653062	0.0656027489412507	0.10286460938612965	0.03821027341955026	0.05241989719661468	0.03545402087565602	0.035187086079079784	0.046081950531353146	0.143055715548589	0.023301065629917204	0.04566932616554975	0.03509668585978084	0.03194443345284878	0.06095546639705164	0.228435420239246	0.03647868023799168	0.02782667997460525	0.02843091018210307	0.04012808517140824	0.06013533380908639	0.011391607678835767	0.019648889586913448	0.008466244047555947	0.008463617650547595	0.17974875615907332	0.09453210520561267	0.5458129651054963	0.020784366586537636	0.07132823883364589	0.09283214106846054	0.10630826852632387	0.1169325901612388	0.20408781231003353	0.0	0.0	0.0	0.0	0.0	0.0	0.0	0.0	0.0	0.0	0.0	0.0	0.0	0.0	0.0	0.0	0.0	0.0	0.0	0.0	0.0	0.0	0.0	0.0	0.0	0.0	0.0	0.0	0.0	0.0	0.0	0.0	0.0
Scil_20	0.22126954271627602	0.08480071848214034	0.07824018987268119	0.0005057188805146811	0.00701372434954624	0.07870153668592188	0.39229415010409935	0.011121789904833127	0.011090889291083206	0.0030887613505021384	0.02409501216098993	0.017036867414376343	0.0024249697984633817	0.15840721777255146	0.030562645545149092	0.023836080416340895	0.02899321159177228	0.03226100282626217	0.015893475487394584	0.00035628783336548177	0.1753364132274696	0.024959038979794963	0.04011832907063483	0.007168826382176146	0.030615828736995747	0.030641221205424146	0.012237918221785707	0.01951389737120951	0.01857968897750475	0.023633623483093735	0.0302163894240489	0.05801047897551563	0.012134260877146762	0.017035405483286113	0.020386390437657415	0.011730047173748308	0.02485794379138901	0.0249445152897202	0.030984608946240562	0.012616852128239217	0.008980779706351987	0.002881325524608865	0.015446020287532647	0.007163555749378892	0.007559245579537198	0.006686720006703219	0.0009463024941864368	0.09681361235659335	0.06471246318406129	0.0	0.0011459062065980771	0.0358511617665751	0.03051007893729139	0.03408449612050328	0.05113940669706692	0.11651772921703299	0.0	0.0	0.0	0.0	0.0	0.0	0.0	0.0	0.0	0.0	0.0	0.0	0.0	0.0	0.0	0.0	0.0	0.0	0.0	0.0	0.0	0.0	0.0	0.0	0.0	0.0	0.0	0.0	0.0	0.0	0.0	0.0	0.0
Scil_21	0.0021362213754447176	0.009609529255397722	0.0002745795434539697	0.04512345315932049	0.07506255481657678	0.0035213005953880203	0.02343415627205219	0.0	0.505541819340982	0.019323141503155224	0.0	0.0006269307337941988	0.0	0.005594161862495686	0.003683723508575111	0.7211899757011487	0.000716908785293809	0.004098842953058164	0.6331209137388744	0.013778172998835252	0.1575989965474965	0.18241095126207266	0.42947878082715085	0.5336970275038003	0.011477634800623134	0.003286414453115327	0.4177667371583872	0.0002450614549028633	0.5966620086529205	0.0	0.06428901446272006	0.1951214132808408	0.0	0.0697897326298805	0.0	0.0010342010552391676	0.00010978180329560313	0.002940732861415323	0.21737962179757625	0.30095030325526384	0.0011942943669979121	0.000400210125228312	0.013415605444675007	0.0004568542716815169	0.046469779143466276	0.0	0.0	0.009406716575366016	0.05449221124511171	0.0005437820251033755	0.0	0.0	0.015737108944430894	0.006717836097468277	0.7145578512140386	0.5041873276268037	0.0	0.0	0.0	0.0	0.0	0.0	0.0	0.0	0.0	0.0	0.0	0.0	0.0	0.0	0.0	0.0	0.0	0.0	0.0	0.0	0.0	0.0	0.0	0.0	0.0	0.0	0.0	0.0	0.0	0.0	0.0	0.0	0.0
Scil_22	0.04404193398167582	0.05181310812467431	0.04576607445895034	0.0012571906753491664	0.0023569520704283487	0.03450284196472864	0.14845346754003208	0.014199198796422303	0.00705466124614372	0.00194622788147425	0.2647607067621415	0.024119728176504013	0.002255456562811786	0.03978346842132205	0.030788419006389678	0.02799019670945709	0.014756292542660884	0.22330713871581365	0.014489582983548948	0.0022310076197756263	0.009980691135419875	0.038160260086379155	0.03701978351647896	0.0005398612818811258	0.11981392711101871	0.030990618892115757	0.003386679585629094	0.0021694620524268116	0.0034187967672283195	0.0038231544819151654	0.003664641252903965	0.12964771235451408	0.0019355898201679478	0.008603071783422098	0.007970969314327662	0.011628933009398473	0.019665568574021856	0.003356328787986907	0.023610849732559593	0.004671921884209903	0.01417689195319376	0.00273371593116316	0.013555259980662367	0.003945865243257525	0.013452042307489078	0.004145407521489808	0.0035925116952731317	0.30200077658782376	0.00044501420866283894	0.0009251459187131248	0.0	0.01816542752466333	0.03072412312796489	0.24377532109075797	0.014149042584376686	0.015387247104122278	0.0	0.0	0.0	0.0	0.0	0.0	0.0	0.0	0.0	0.0	0.0	0.0	0.0	0.0	0.0	0.0	0.0	0.0	0.0	0.0	0.0	0.0	0.0	0.0	0.0	0.0	0.0	0.0	0.0	0.0	0.0	0.0	0.0
Scil_23	0.04622616109264952	0.06109228050090272	0.11636712117191436	0.00024158059565855655	0.004635929574774332	0.0490098278964319	0.3190660160498379	0.0010233557103301529	0.01078971080286673	0.003213661902486592	0.0010319503018580349	0.011298330216383157	0.0036779377260714417	0.03956689748975393	0.03959120660895535	0.024878558048349802	0.030781627572272218	0.025865598878757123	0.024239153272025395	0.012309034726697459	0.07788936546950101	0.035660655397361275	0.029999442187883363	0.003235395408734405	0.01066135154193903	0.03389156392408427	0.029036860337815013	0.002724800521055175	0.015607090427839134	0.006521570256737279	0.008993276625782394	0.0190770081401544	0.009439454359693084	0.012417834352335802	0.018261642764776247	0.01954716760573893	0.027228772734604063	0.03565713709440883	0.02020678629803856	0.009092610055413479	0.015218919296918907	0.0216518400949825	0.009999453152410671	0.0034385087154213253	0.004658397857408628	0.006854029188124372	0.005787095232957614	0.07456603756106726	0.01082399237943423	0.0016451639696942074	0.0	0.01666199839276391	0.028760691705796083	0.03563615524425965	0.08593334271021733	0.07372047598736158	0.0	0.0	0.0	0.0	0.0	0.0	0.0	0.0	0.0	0.0	0.0	0.0	0.0	0.0	0.0	0.0	0.0	0.0	0.0	0.0	0.0	0.0	0.0	0.0	0.0	0.0	0.0	0.0	0.0	0.0	0.0	0.0	0.0
Scil_24	0.7383055517504418	0.321254986953285	0.038615386124341795	0.0007893340312677104	0.0	0.007000914939122911	0.0032536087301675946	0.0	0.030757531645372087	0.3265543390768442	0.0	0.005319620176766123	0.0	0.6164257477743255	0.045438450032820474	0.0056312116539429065	0.0136108282510363	0.018008278963183542	0.013820067898389379	0.0	0.0	0.01767842621166592	0.00354949426738563	0.0024477122319507697	0.10857534860584597	0.16343449635206247	0.033178140549604405	0.3146041259520753	0.01618848416672688	0.07501352267459563	0.0	0.0	0.014925635063595602	0.18169867071019047	0.01243503844458933	0.016578106153317444	0.10768369492868682	0.0	0.005622840576191313	0.0	0.02544557643946365	0.00667982628179613	0.00015023995083213184	0.001620713271144989	0.00041190751686503307	0.0	0.001446260805792659	0.0013752921032883013	0.0002937924086168116	0.0	0.006814074366797473	0.1087924591217326	0.15974265708974156	0.018374954356418123	0.0013778424657074344	0.0	0.0	0.0	0.0	0.0	0.0	0.0	0.0	0.0	0.0	0.0	0.0	0.0	0.0	0.0	0.0	0.0	0.0	0.0	0.0	0.0	0.0	0.0	0.0	0.0	0.0	0.0	0.0	0.0	0.0	0.0	0.0	0.0	0.0
Scil_25	0.0008257922389724717	0.0013493164366490903	0.001038832710512295	0.025370580334654075	0.13600447690862796	0.07211362062189289	0.12460656242159754	0.0	0.06377195410865735	0.01082700838395281	0.0	0.0	0.0	0.0	0.0022912301648775656	0.3051077489764813	0.0003599623501110658	0.0010554693582539624	0.23589217784204664	0.008041996878490944	0.013135153265830559	0.020561968592212536	0.7910838481696916	0.12768469637806837	0.0	0.0008155043428993769	0.0745108099929335	0.0	0.02690683220167365	0.0	0.02154987063826767	0.012101025652515788	8.509533103200481e-05	0.0021987625283571076	0.0	0.0006638130584316753	0.0	0.0	0.026969469145330986	0.003627793592083374	0.00131003299362737	0.0	0.002822790361336094	6.970839153925193e-05	0.002675193311487728	0.003543814206860772	0.0	0.004455834247109006	0.0	0.0	0.0	0.0	0.002122617481772747	0.0064383411821072965	0.20264203267737396	0.03160935625054182	0.0	0.0	0.0	0.0	0.0	0.0	0.0	0.0	0.0	0.0	0.0	0.0	0.0	0.0	0.0	0.0	0.0	0.0	0.0	0.0	0.0	0.0	0.0	0.0	0.0	0.0	0.0	0.0	0.0	0.0	0.0	0.0	0.0
Scil_26	0.03742790766345589	0.03717170590568544	0.00011186009122724358	0.012646967879897341	0.008362710101862483	0.0868808565154413	0.11235845850699563	0.0	0.142148986633961	0.026135432294483146	0.0	0.000701555235626736	0.0	0.005656073042951992	0.011195103438859317	0.05682103864075331	0.01012732221732934	0.00568787818184893	0.11775991465328176	0.015912092263801712	0.10691374609962415	0.11971764097353758	0.01898107795167247	0.010800653203578375	0.005487724538984282	0.00630756584059861	0.06591071275629053	0.0006500358629860689	0.08861606449848908	0.00030914599341931993	0.05329929235795479	0.1593929629572284	0.0	0.09784450362729633	0.0003241241319113301	0.0031090723575665576	0.0011478278093496274	0.0013538060987385678	0.045448213394451625	0.06869181515224625	0.00488375057529909	0.002628719039127693	0.0005595530822572008	0.00016538455380446127	0.009975812854279426	0.0	0.0	0.013975260415838655	0.0075904782279725014	0.0	0.0	0.0	0.017564927321042742	0.017572419132409804	0.1753292905453294	0.15402738240942637	0.0	0.0	0.0	0.0	0.0	0.0	0.0	0.0	0.0	0.0	0.0	0.0	0.0	0.0	0.0	0.0	0.0	0.0	0.0	0.0	0.0	0.0	0.0	0.0	0.0	0.0	0.0	0.0	0.0	0.0	0.0	0.0	0.0
Scil_27	0.6291381021869898	0.14496357409003793	0.03161778673631149	0.01771615898756222	0.0	0.003440425282434636	0.008532529444904118	0.0011522521668055634	0.01151595505432658	0.13645593146248913	0.0	0.0009248240484169444	0.0	0.40662888834664557	0.2994099890556725	0.01154518630658997	0.18926697555416172	0.01700295801560732	0.029254665704107636	7.10122002144665e-05	0.0	0.09429436116249934	0.011497072570953362	0.0010025423892066716	0.018687181666336847	0.300327815745176	0.01849752194277063	0.23797900753679363	0.0014224483878706776	0.028756808915597964	0.0	0.0	0.1410658174980061	0.027207207709813518	0.052091089472777706	0.13225650441069856	0.2263939871526913	0.0	0.0004976202848777256	0.0	0.0747447345514132	0.023490702850489008	0.0	0.0012354626239041585	0.00024328092863968413	0.00938912498564486	0.03742919220179916	0.000339050884469114	0.0	0.0	0.0005675324060097557	0.2890638788364135	0.30229030203320073	0.0736467191768354	0.004203265440894612	0.0	0.0	0.0	0.0	0.0	0.0	0.0	0.0	0.0	0.0	0.0	0.0	0.0	0.0	0.0	0.0	0.0	0.0	0.0	0.0	0.0	0.0	0.0	0.0	0.0	0.0	0.0	0.0	0.0	0.0	0.0	0.0	0.0	0.0
Scil_28	0.01509487776775018	0.015561236685731982	0.011260883592602194	0.0	0.00031154535575324965	0.1102418700041572	0.19498566410936663	0.00010652683002997611	0.001713714011777517	0.0004340036754463477	0.00014739935721939354	0.0003999882933424273	0.0007105400223136585	0.01145341216835724	0.0006820770730538649	0.7954870241397651	0.0015831602225873226	0.004133718672289786	0.1661407737803013	0.00027570244285327983	0.040044095962704626	0.006434159672398574	0.036031666308771124	0.7205754337366038	0.001303102851284691	0.005132712129382791	0.3168287155548969	0.0013956679107973052	0.005561915051709832	0.0	0.004726494884914166	0.0075610602635060266	0.0	0.017411928581243317	0.000656250491167148	0.00040260413798472964	0.00016758720398065023	0.009241428541052239	0.0019709762017361544	0.017053766406799644	0.0010039795419880947	0.0060469703545678165	0.001990795128587024	0.01585758814362592	0.0015503173297304212	0.0036266954103190896	0.0	0.002782498086752948	0.007209529074830417	0.08969722745831651	0.0	0.00018679834522937244	0.0019859548841968	0.0017518950866561179	0.021688098372358383	0.03876655269782994	0.0	0.0	0.0	0.0	0.0	0.0	0.0	0.0	0.0	0.0	0.0	0.0	0.0	0.0	0.0	0.0	0.0	0.0	0.0	0.0	0.0	0.0	0.0	0.0	0.0	0.0	0.0	0.0	0.0	0.0	0.0	0.0	0.0
Scil_29	0.004513838623387579	0.037442724207261316	0.02211349099809789	0.00022302995905778048	0.0017793743036001273	0.025434702719318185	0.2653113867671348	0.004054255060276089	0.010164048604091248	0.0004158256090495533	0.01212633796557439	0.010830928473915303	0.0	0.019587039474310453	0.009385314238339455	0.02719474240358759	0.002916777288860484	0.014875220839283661	0.006372053082215105	0.005175613432698192	0.08918875129476146	0.01285522694390113	0.022448332955667415	0.027238452410857678	0.006944552910554472	0.007946833324419898	0.0053726404751750275	0.0002538447347965187	0.009226532029053908	0.0005421776783606986	0.009246796503912531	0.03614843835761013	0.0008816547154177125	0.007628864879889501	0.0012684844206501446	0.000620108634938189	0.00028786776730366437	0.03317396810745187	0.001111959721582272	0.01055904408217768	0.0014617991277966612	0.0031864610786575725	0.002730562334774272	0.0010541117887133977	0.0033205400671860895	0.0018880998353303937	0.00018942292376171628	0.050265960178990356	0.016613067463057393	0.005621946394231676	0.0	0.0008365278489224275	0.008007255814572217	0.028307921111533112	0.03266520839087049	0.07070113800478936	0.0	0.0	0.0	0.0	0.0	0.0	0.0	0.0	0.0	0.0	0.0	0.0	0.0	0.0	0.0	0.0	0.0	0.0	0.0	0.0	0.0	0.0	0.0	0.0	0.0	0.0	0.0	0.0	0.0	0.0	0.0	0.0	0.0
Scil_3	0.6153658435603278	0.24486876219012768	0.32247240624453344	0.004493337658604107	0.025231657928046693	0.185189701544316	0.4701013536406363	0.033843912890302294	0.06974836902006369	0.027822581946175484	0.04221659566774008	0.034586876483901755	0.017702995937103613	0.41779999309186583	0.2890354900511519	0.11354276148326874	0.27713345792551813	0.08868113721962892	0.1402784833912657	0.02958576433029974	0.2773423094409574	0.17459446373557588	0.08014557843887396	0.04213492979458057	0.10072139878999571	0.16306200725624997	0.10060936578220273	0.07541852865339578	0.13000822283503524	0.20677799074246597	0.05026828526555603	0.136450364237905	0.1721954390352632	0.1099385338220011	0.1719451604506846	0.10416997635099597	0.1389184590402384	0.10920379766137234	0.08384236631105126	0.03562848513236487	0.08584156023123433	0.06253880394849064	0.2955008599182739	0.07223708047449603	0.024459031809690807	0.04090529650091588	0.04964973444882475	0.19800719507144032	0.2481991170239982	0.007525459772315085	0.04751453247001334	0.2107200305725579	0.1853525674868897	0.1262169871790627	0.22506305087721712	0.23820605747267304	0.0	0.0	0.0	0.0	0.0	0.0	0.0	0.0	0.0	0.0	0.0	0.0	0.0	0.0	0.0	0.0	0.0	0.0	0.0	0.0	0.0	0.0	0.0	0.0	0.0	0.0	0.0	0.0	0.0	0.0	0.0	0.0	0.0
Scil_30	0.0221721011460615	0.03588037121012667	0.007909594053682452	0.003196373757143119	0.1214189498975176	0.010303357644773019	0.09803141909031376	0.002264098844905007	0.17255807123262928	0.0662042394278789	0.0006915327150873176	0.0015516698445169734	0.001224963358840556	0.022355114144916022	0.03957737926159093	0.10435911950381109	0.007989322753881348	0.009949270138472648	0.08605271288707482	0.18702778953025068	0.2744738145910905	0.052809912978011166	0.24600197774265795	0.042266023875276934	0.0020880638989868097	0.03586179933329671	0.032613430402359575	0.0021616679909626825	0.06382559964334913	0.000263493031583813	0.2837559723379337	0.0422558330935185	0.004275213213151793	0.004539118111342463	0.0025935393773496894	0.007076949720696726	0.013706278062139875	0.015142989086183892	0.01703206969812373	0.11178898184307931	0.0026876765221823112	0.0048530771947886756	0.006750594744065008	0.001197643602917223	0.03888719861687931	0.0009691249675860059	0.0021804851088824103	0.024679725754648642	0.03364742007689345	0.0	0.002870769170757003	0.02237574430483631	0.03920936685343485	0.02376821689834884	0.257508546004485	0.28318884384239296	0.0	0.0	0.0	0.0	0.0	0.0	0.0	0.0	0.0	0.0	0.0	0.0	0.0	0.0	0.0	0.0	0.0	0.0	0.0	0.0	0.0	0.0	0.0	0.0	0.0	0.0	0.0	0.0	0.0	0.0	0.0	0.0	0.0
Scil_31	0.1860817681662916	0.05567023347089399	0.025195364486515277	0.0	0.0008199345931304205	0.013803794983743917	0.027906983585587047	0.0001447424080199957	0.010711595312110394	0.0029150336033962653	0.0	0.008330396266820464	0.0009367738241364439	0.09733948037534758	0.026115356026605273	0.008609818840876447	0.0021463498886058682	0.006011458866424202	0.0039901037287052785	0.00915379188352412	0.01155618379680789	0.011890652647717263	0.002003717996239128	0.001542019866704276	0.009235219168848067	0.034373497030848695	0.005337170843187386	0.007471339976772061	0.008224461851309286	0.002183215183137069	0.001252250797747041	0.015946554158523772	0.006243103492341103	0.015981256135771983	0.004254567331850763	0.0027862624452425315	0.004569447347218257	0.015257632186842743	0.0033554769648375333	0.015049375987270793	0.002276766052453429	0.004777251683468398	0.0006985959364354769	0.0	0.0007888959306768474	0.0018368958990754164	0.0	0.019405562412100796	0.0015943699025258219	0.009525775012271276	0.0	0.007015225012682915	0.01888118979039071	0.014336084190552082	0.011070733872952347	0.016864865489107483	0.0	0.0	0.0	0.0	0.0	0.0	0.0	0.0	0.0	0.0	0.0	0.0	0.0	0.0	0.0	0.0	0.0	0.0	0.0	0.0	0.0	0.0	0.0	0.0	0.0	0.0	0.0	0.0	0.0	0.0	0.0	0.0	0.0
Scil_32	0.7349350995913189	0.2168735203536117	0.006971228265847366	0.016203226628792946	0.0	0.0	0.003714436315038506	0.0014840036098829755	0.0	0.027349525850340395	0.0	0.0	0.0	0.7776327621598569	0.5005155472039264	0.022279892494382777	0.350317055021761	0.018528857696143767	0.036052349480287744	0.0	0.0	0.11549286588362151	0.017754719397377865	0.0	0.028084596545401325	0.5550575641750275	0.024655810595107977	0.21161024755414742	0.0	0.061537243921526485	0.0	0.0	0.22746988278251296	0.05422114529105054	0.08201809367495595	0.24158698115880478	0.4006213697347715	0.0	0.0	0.0	0.10860396148922495	0.045061911974918246	0.0	0.0	0.0	0.016546075915774665	0.05661748627041864	0.0	0.0	0.0	0.0	0.4591627613457461	0.4879235449508169	0.09704228027937034	0.004155424451798677	0.0	0.0	0.0	0.0	0.0	0.0	0.0	0.0	0.0	0.0	0.0	0.0	0.0	0.0	0.0	0.0	0.0	0.0	0.0	0.0	0.0	0.0	0.0	0.0	0.0	0.0	0.0	0.0	0.0	0.0	0.0	0.0	0.0	0.0
Scil_4	0.5813096594203817	0.2111235627092698	0.32191184903251696	0.007057634297535471	0.01517200218530029	0.11644903012580503	0.3969179612716295	0.0036465505232782776	0.05677840373195575	0.022006797006603136	0.01752279734020379	0.04926668583717809	0.017334054437578898	0.4264908485807166	0.1604142859940178	0.06136836656412441	0.11015202169891491	0.0992422702231325	0.06701930707847568	0.01874077954232014	0.22818424124209283	0.08939955836228317	0.045341497467146094	0.028689553613782465	0.0904648103134343	0.14278554439111932	0.06469515596972762	0.06859384739012338	0.057095807465080986	0.08041928281333535	0.028854611601380652	0.12974777258420084	0.07922822831317292	0.07839884570723274	0.09253244257232127	0.08917556209297621	0.15141341987523974	0.24373827720589292	0.0460766201160008	0.03787523813687073	0.08756930261044085	0.07541450830886574	0.06419040159355746	0.03444197250240817	0.020034802797444	0.03660494650514632	0.052359467465179756	0.19485161391072858	0.08414606115282208	0.05833863662429336	0.05667625371604916	0.11170842684153334	0.12011350993854623	0.12432377572654855	0.18246753031088736	0.16011030376384883	0.0	0.0	0.0	0.0	0.0	0.0	0.0	0.0	0.0	0.0	0.0	0.0	0.0	0.0	0.0	0.0	0.0	0.0	0.0	0.0	0.0	0.0	0.0	0.0	0.0	0.0	0.0	0.0	0.0	0.0	0.0	0.0	0.0
Scil_5	0.7290414486906912	0.3016961697014329	0.12326311366776732	0.0014030846419105488	0.00585148012754887	0.07631543775411243	0.1941487067773488	0.041887375904864924	0.02757376536012504	0.01346801104918931	0.11449412567855821	0.16104819167989964	0.007021339967280296	0.48659415232778513	0.30305987219025093	0.08754097757124554	0.13429820792444486	0.3358221220140173	0.05601926099330058	0.0023924188364165453	0.07838440475556471	0.15002017130620202	0.025002161078135493	0.003944643585503291	0.3312660600512065	0.3360075339621155	0.05120855316211544	0.11076913744796427	0.051698606912463765	0.0823790258755581	0.02582296394736725	0.16709248334762328	0.05971385655989717	0.10770329264305387	0.06014832984238572	0.07889352410628284	0.08366464720999052	0.04359842346263099	0.03838592537720055	0.07449721592867022	0.06937472576616643	0.028831723088197665	0.05874031506996291	0.0028342879265930597	0.019076312299161576	0.06374956758267447	0.014951027348703374	0.29798951728814105	0.014089994771937776	0.011472379565649502	0.026397196566295994	0.09729199404474338	0.33341072538642214	0.34669055450807706	0.08666494308900544	0.08005744643537678	0.0	0.0	0.0	0.0	0.0	0.0	0.0	0.0	0.0	0.0	0.0	0.0	0.0	0.0	0.0	0.0	0.0	0.0	0.0	0.0	0.0	0.0	0.0	0.0	0.0	0.0	0.0	0.0	0.0	0.0	0.0	0.0	0.0
Scil_6	0.3151263538690837	0.16199396121259818	0.10448984354165092	0.007119027117883259	0.025575195902987697	0.1067423796717694	0.4152537048854805	0.023586630742416785	0.07805830516951362	0.013819665149917702	0.05572126954571871	0.021788682154973402	0.0019968864414078567	0.23712302030048477	0.07989435441633469	0.05828967448013933	0.03684581655747185	0.06028095463272663	0.0415248388686301	0.015486932221002095	0.6322353203121256	0.16836363690768075	0.022330262652540935	0.009736771072827805	0.04639092482752967	0.05810275625747896	0.04436439160049089	0.017117711433150124	0.1710622502536819	0.006805909766506269	0.25989255828233243	0.13353286805422343	0.005504698462354693	0.04659683199681332	0.02582315595048511	0.023982910025434217	0.03495960465747171	0.2796418537953896	0.030412297174053842	0.3501787721810753	0.024885419203589873	0.021498471689139386	0.02439573571478149	0.013294187527232026	0.025755136731012186	0.016831075962128742	0.00818382460905394	0.08828934727470975	0.1557435994524653	0.0	0.017916577875124275	0.021802403423779728	0.07046961530731045	0.0960892809701032	0.2595017625121677	0.5429452363687702	0.0	0.0	0.0	0.0	0.0	0.0	0.0	0.0	0.0	0.0	0.0	0.0	0.0	0.0	0.0	0.0	0.0	0.0	0.0	0.0	0.0	0.0	0.0	0.0	0.0	0.0	0.0	0.0	0.0	0.0	0.0	0.0	0.0
Scil_7	0.21258339409918076	0.2011708482167768	0.1232309756623506	0.0034908160917270516	0.014843393033934397	0.16352059337801936	0.5168333435700102	0.0005986876876268408	0.09468274220780096	0.017366040662123446	0.013637958380621821	0.003907275023298526	0.006512816458824207	0.2337788880640605	0.039998465086964266	0.03681441302139897	0.04891188059378325	0.01946570155000305	0.037516508505133814	0.009468598113522488	0.24910004800083554	0.040256831154717995	0.13704754874010427	0.02483469337083181	0.01144948694668939	0.032583320180248294	0.02005734759356135	0.009942170955381111	0.027490259562063767	0.018235116724199772	0.049697277687671196	0.020960144244845366	0.008808499126179094	0.01997821858662868	0.020371298827093893	0.011125499924750797	0.009337577767235598	0.041525720757389376	0.022163396863604527	0.034830104600064034	0.004484434712858814	0.0018325889968695299	0.1447589608455279	0.009394466338666212	0.008515962421585652	0.012608566892490899	0.0009563913519433342	0.026808830472942295	0.17491846572804004	0.5415795686026464	0.0011748303350311573	0.014194370893400948	0.045740175577572165	0.02299712554646948	0.17751347551335278	0.2258356488922022	0.0	0.0	0.0	0.0	0.0	0.0	0.0	0.0	0.0	0.0	0.0	0.0	0.0	0.0	0.0	0.0	0.0	0.0	0.0	0.0	0.0	0.0	0.0	0.0	0.0	0.0	0.0	0.0	0.0	0.0	0.0	0.0	0.0
Scil_8	0.6004233799505467	0.18225543638168318	0.17229816717451604	0.0028391783609356324	0.014974624248360277	0.08656091834051978	0.2800581253847943	0.021591733801048372	0.049265558739250204	0.015076689555712291	0.03591171363658814	0.043064492852706304	0.006362598273581596	0.39746336455646025	0.0938412673538473	0.0633372885567387	0.023571123318984928	0.11853346916855127	0.03304004750696429	0.012766879850830507	0.10389722973150735	0.05674208917655047	0.03448320427053512	0.013829205000112412	0.08009800696507563	0.09301084514336719	0.035227499813440796	0.05685239217846981	0.016356550225340143	0.015770914107807472	0.013746897499237205	0.11224575112314417	0.013410142067650727	0.04595893351843665	0.014235154323321638	0.018058741098357083	0.024879152525040346	0.07171365461981541	0.022733620111619803	0.028879690570025023	0.019229393506353363	0.016185427501290903	0.014524151780259929	0.0057110711500536005	0.013496995044750226	0.019823671785713207	0.003965101518163497	0.20944599983901208	0.010837864609395865	0.03217897588702035	0.011284750617672274	0.042299249276463516	0.08426474424685812	0.13839364237449553	0.05146053972430166	0.10153590413653549	0.0	0.0	0.0	0.0	0.0	0.0	0.0	0.0	0.0	0.0	0.0	0.0	0.0	0.0	0.0	0.0	0.0	0.0	0.0	0.0	0.0	0.0	0.0	0.0	0.0	0.0	0.0	0.0	0.0	0.0	0.0	0.0	0.0
Scil_9	0.4634716166397279	0.27167617463476235	0.19723254765784634	0.005247055250621468	0.01551156129887345	0.10441024954703496	0.4033190668666782	0.04905421607257736	0.03274006703183365	0.005594458698977585	0.01025875832198336	0.015156146394195078	0.006923929762328125	0.31424832590286284	0.09576790889203635	0.03232453862209543	0.03175667751756452	0.0561565440844997	0.04144985331745194	0.001322257997013456	0.1375273954360888	0.06418278860248164	0.059597188721477054	0.02440709511612028	0.03534590773172856	0.10980745856343155	0.030753153862789373	0.02825296509157125	0.02361788246818281	0.010193806799842988	0.019753354917002575	0.1099068292880329	0.006559671218755664	0.08143307234610964	0.03419046684309124	0.03865344242731746	0.05127559225874638	0.05781982197416278	0.012598222823082813	0.003985542044262691	0.03563155164063121	0.012745433231382811	0.0023514591610792656	0.004018108757177664	0.006507353890166334	0.013450275665387377	0.011700766603542287	0.14912713442047787	0.014744356685468038	0.3091905580912781	0.006192379009906394	0.04468404880287675	0.0741589055616741	0.06076243099538299	0.07391125230801879	0.11608700505851592	0.0	0.0	0.0	0.0	0.0	0.0	0.0	0.0	0.0	0.0	0.0	0.0	0.0	0.0	0.0	0.0	0.0	0.0	0.0	0.0	0.0	0.0	0.0	0.0	0.0	0.0	0.0	0.0	0.0	0.0	0.0	0.0	0.0
