Scil_0;Slac_12	Scil_0;Slac_12_pval1	Scil_0;Slac_12_pval2	Scil_1;Slac_1	Scil_1;Slac_1_pval1	Scil_1;Slac_1_pval2	Scil_1;Slac_13	Scil_1;Slac_13_pval1	Scil_1;Slac_13_pval2	Scil_1;Slac_9	Scil_1;Slac_9_pval1	Scil_1;Slac_9_pval2	Scil_10;Slac_1	Scil_10;Slac_1_pval1	Scil_10;Slac_1_pval2	Scil_10;Slac_9	Scil_10;Slac_9_pval1	Scil_10;Slac_9_pval2	Scil_11;Slac_20	Scil_11;Slac_20_pval1	Scil_11;Slac_20_pval2	Scil_11;Slac_3	Scil_11;Slac_3_pval1	Scil_11;Slac_3_pval2	Scil_12;Slac_28	Scil_12;Slac_28_pval1	Scil_12;Slac_28_pval2	Scil_14;Slac_9	Scil_14;Slac_9_pval1	Scil_14;Slac_9_pval2	Scil_15;Slac_9	Scil_15;Slac_9_pval1	Scil_15;Slac_9_pval2	Scil_16;Slac_10	Scil_16;Slac_10_pval1	Scil_16;Slac_10_pval2	Scil_19;Slac_11	Scil_19;Slac_11_pval1	Scil_19;Slac_11_pval2	Scil_19;Slac_13	Scil_19;Slac_13_pval1	Scil_19;Slac_13_pval2	Scil_19;Slac_27	Scil_19;Slac_27_pval1	Scil_19;Slac_27_pval2	Scil_2;Slac_10	Scil_2;Slac_10_pval1	Scil_2;Slac_10_pval2	Scil_20;Slac_0	Scil_20;Slac_0_pval1	Scil_20;Slac_0_pval2	Scil_20;Slac_16	Scil_20;Slac_16_pval1	Scil_20;Slac_16_pval2	Scil_20;Slac_18	Scil_20;Slac_18_pval1	Scil_20;Slac_18_pval2	Scil_20;Slac_21	Scil_20;Slac_21_pval1	Scil_20;Slac_21_pval2	Scil_21;Slac_0	Scil_21;Slac_0_pval1	Scil_21;Slac_0_pval2	Scil_21;Slac_10	Scil_21;Slac_10_pval1	Scil_21;Slac_10_pval2	Scil_22;Slac_2	Scil_22;Slac_2_pval1	Scil_22;Slac_2_pval2	Scil_23;Slac_1	Scil_23;Slac_1_pval1	Scil_23;Slac_1_pval2	Scil_23;Slac_9	Scil_23;Slac_9_pval1	Scil_23;Slac_9_pval2	Scil_24;Slac_1	Scil_24;Slac_1_pval1	Scil_24;Slac_1_pval2	Scil_24;Slac_4	Scil_24;Slac_4_pval1	Scil_24;Slac_4_pval2	Scil_24;Slac_5	Scil_24;Slac_5_pval1	Scil_24;Slac_5_pval2	Scil_24;Slac_9	Scil_24;Slac_9_pval1	Scil_24;Slac_9_pval2	Scil_28;Slac_0	Scil_28;Slac_0_pval1	Scil_28;Slac_0_pval2	Scil_28;Slac_18	Scil_28;Slac_18_pval1	Scil_28;Slac_18_pval2	Scil_28;Slac_7	Scil_28;Slac_7_pval1	Scil_28;Slac_7_pval2	Scil_29;Slac_12	Scil_29;Slac_12_pval1	Scil_29;Slac_12_pval2	Scil_3;Slac_10	Scil_3;Slac_10_pval1	Scil_3;Slac_10_pval2	Scil_31;Slac_18	Scil_31;Slac_18_pval1	Scil_31;Slac_18_pval2	Scil_32;Slac_17	Scil_32;Slac_17_pval1	Scil_32;Slac_17_pval2	Scil_32;Slac_7	Scil_32;Slac_7_pval1	Scil_32;Slac_7_pval2	Scil_33;Slac_5	Scil_33;Slac_5_pval1	Scil_33;Slac_5_pval2	Scil_35;Slac_1	Scil_35;Slac_1_pval1	Scil_35;Slac_1_pval2	Scil_35;Slac_19	Scil_35;Slac_19_pval1	Scil_35;Slac_19_pval2	Scil_35;Slac_9	Scil_35;Slac_9_pval1	Scil_35;Slac_9_pval2	Scil_37;Slac_17	Scil_37;Slac_17_pval1	Scil_37;Slac_17_pval2	Scil_4;Slac_28	Scil_4;Slac_28_pval1	Scil_4;Slac_28_pval2	Scil_5;Slac_1	Scil_5;Slac_1_pval1	Scil_5;Slac_1_pval2	Scil_5;Slac_3	Scil_5;Slac_3_pval1	Scil_5;Slac_3_pval2	Scil_5;Slac_8	Scil_5;Slac_8_pval1	Scil_5;Slac_8_pval2	Scil_5;Slac_9	Scil_5;Slac_9_pval1	Scil_5;Slac_9_pval2	Scil_6;Slac_10	Scil_6;Slac_10_pval1	Scil_6;Slac_10_pval2	Scil_7;Slac_1	Scil_7;Slac_1_pval1	Scil_7;Slac_1_pval2	Scil_7;Slac_9	Scil_7;Slac_9_pval1	Scil_7;Slac_9_pval2	Scil_8;Slac_12	Scil_8;Slac_12_pval1	Scil_8;Slac_12_pval2	Scil_8;Slac_2	Scil_8;Slac_2_pval1	Scil_8;Slac_2_pval2	Scil_8;Slac_6	Scil_8;Slac_6_pval1	Scil_8;Slac_6_pval2	Scil_9;Slac_10	Scil_9;Slac_10_pval1	Scil_9;Slac_10_pval2
			Scil_g3084;Slac_ENSLPGG00000011626	2.6120693105835097e-195	0.0001012659001299918	Scil_g2682;Slac_ENSLPGG00000028878	5.879820675349733e-57	0.0	Scil_g2682;Slac_ENSLPGG00000029835	5.879820675349733e-57	1.6090548904552383e-42	Scil_g3084;Slac_ENSLPGG00000011626	7.926059131332688e-151	0.0001012659001299918	Scil_g9293;Slac_ENSLPGG00000011571	2.951490176649077e-162	2.898364963731895e-101	Scil_g1131;Slac_ENSLPGG00000010996	2.9444800142745295e-80	5.061117277123382e-11	Scil_g1131;Slac_ENSLPGG00000010996	2.9444800142745295e-80	3.726664799712092e-25	Scil_g13344;Slac_ENSLPGG00000026295	3.0475207283718304e-223	2.6170045865632944e-12	Scil_g9293;Slac_ENSLPGG00000011571	1.1747218219988391e-73	2.898364963731895e-101	Scil_g13344;Slac_ENSLPGG00000027561	1.9471277201821283e-140	0.0004192094813403405	Scil_g7027;Slac_ENSLPGG00000001833	8.700573802836327e-172	1.868914101852309e-297	Scil_g2683;Slac_ENSLPGG00000028878	2.909493852175645e-141	0.0	Scil_g2683;Slac_ENSLPGG00000028878	2.909493852175645e-141	0.0	Scil_g2683;Slac_ENSLPGG00000028676	2.909493852175645e-141	4.186556602178701e-63	Scil_g2683;Slac_ENSLPGG00000029835	1.0472033161213159e-81	1.7484913379432256e-64	Scil_g7027;Slac_ENSLPGG00000001833	1.3530077347851668e-19	0.0	Scil_g49;Slac_ENSLPGG00000007730	2.825750548176598e-216	1.0517585826342715e-294	Scil_g49;Slac_ENSLPGG00000018987	2.825750548176598e-216	7.039459622604765e-250	Scil_g7027;Slac_ENSLPGG00000001833	1.3530077347851668e-19	2.4032152550800818e-219	Scil_g7027;Slac_ENSLPGG00000002726	9.64914554893834e-198	4.459472890862107e-62	Scil_g7027;Slac_ENSLPGG00000001833	9.64914554893834e-198	1.868914101852309e-297	Scil_g2647;Slac_ENSLPGG00000007249	7.646873036819716e-22	3.0447823852706334e-43	Scil_g1960;Slac_ENSLPGG00000001288	1.4663076413353046e-136	5.885151292742098e-62	Scil_g1960;Slac_ENSLPGG00000001288	1.4663076413353046e-136	1.7179326704524777e-43	Scil_g13584;Slac_ENSLPGG00000010731	6.724353073477704e-141	1.9766319970207384e-32	Scil_g9293;Slac_ENSLPGG00000014397	2.4492817883719566e-122	0.0	Scil_g8427;Slac_ENSLPGG00000017323	7.819323192875134e-140	0.0	Scil_g13584;Slac_ENSLPGG00000010731	6.724353073477704e-141	8.728957961973727e-108	Scil_g4792;Slac_ENSLPGG00000007730	2.7860115620807477e-125	0.0	Scil_g4792;Slac_ENSLPGG00000018987	2.7860115620807477e-125	7.039459622604765e-250	Scil_g4792;Slac_ENSLPGG00000018987	2.7860115620807477e-125	1.3415721302813278e-256	Scil_g3180;Slac_ENSLPGG00000014308	2.458151437627603e-19	1.3060890286910048e-50	Scil_g4190;Slac_ENSLPGG00000009453	1.144193799153734e-05	9.681563380426047e-08	Scil_g6719;Slac_ENSLPGG00000018987	4.613289756277005e-85	7.039459622604765e-250	Scil_g7428;Slac_ENSLPGG00000020343	1.7037550395089043e-37	1.3933340356244274e-37	Scil_g7428;Slac_ENSLPGG00000020343	1.7037550395089043e-37	4.0009696820878684e-272	Scil_g12565;Slac_ENSLPGG00000019527	2.0418515064711943e-17	2.305788251232889e-194	Scil_g898;Slac_ENSLPGG00000026505	8.09814104810929e-33	3.3658349896174976e-75	Scil_g9127;Slac_ENSLPGG00000004375	2.1094740637302043e-41	3.4091465679238275e-07	Scil_g9293;Slac_ENSLPGG00000011571	1.068134353579263e-37	2.898364963731895e-101	Scil_g7466;Slac_ENSLPGG00000020343	2.5817098050349314e-32	1.3933340356244274e-37	Scil_g13344;Slac_ENSLPGG00000026295	1.4928992383338792e-176	2.6170045865632944e-12	Scil_g1712;Slac_ENSLPGG00000011939	5.466690339879743e-170	1.9411559775035762e-60	Scil_g1131;Slac_ENSLPGG00000010996	6.484773867295902e-288	3.726664799712092e-25	Scil_g1131;Slac_ENSLPGG00000010996	6.484773867295902e-288	7.08973885598323e-20	Scil_g9293;Slac_ENSLPGG00000011571	1.5683835358952403e-97	2.898364963731895e-101	Scil_g2683;Slac_ENSLPGG00000029835	4.304647067988199e-206	1.7484913379432256e-64	Scil_g13344;Slac_ENSLPGG00000027561	1.5866960955735713e-61	9.40318661909724e-05	Scil_g2683;Slac_ENSLPGG00000029835	3.5336018614643534e-07	1.6090548904552383e-42	Scil_g272;Slac_ENSLPGG00000011745	5.495043302670588e-08	4.73206038311682e-05	Scil_g1712;Slac_ENSLPGG00000011939	9.616015670904484e-33	7.511652529205039e-73	Scil_g1712;Slac_ENSLPGG00000011939	9.616015670904484e-33	2.0355481495184604e-12	Scil_g2683;Slac_ENSLPGG00000029835	1.6898996220475387e-21	1.7484913379432256e-64
			Scil_g2682;Slac_ENSLPGG00000029835	5.879820675349733e-57	4.304829482507168e-28	Scil_g2682;Slac_ENSLPGG00000029835	5.879820675349733e-57	2.552343532642727e-84	Scil_g8438;Slac_ENSLPGG00000026812	2.4448447222526423e-204	1.1363106591959236e-240	Scil_g6323;Slac_ENSLPGG00000002326	3.6475049149860968e-174	6.813175420404343e-71	Scil_g3084;Slac_ENSLPGG00000011626	7.926059131332688e-151	2.7121220528470996e-56	Scil_g13524;Slac_ENSLPGG00000007525	3.7050280746027355e-69	6.55849913583075e-60	Scil_g5475;Slac_ENSLPGG00000003671	5.504883709462539e-11	4.0343780813769214e-16	Scil_g4190;Slac_ENSLPGG00000008750	1.522293738295326e-19	0.0009102460386295876	Scil_g9293;Slac_ENSLPGG00000014397	1.1747218219988391e-73	3.2063291580291506e-206	Scil_g2682;Slac_ENSLPGG00000029835	7.173667686615488e-35	1.6090548904552383e-42	Scil_g7113;Slac_ENSLPGG00000001833	2.8343906475163422e-80	1.868914101852309e-297	Scil_g2682;Slac_ENSLPGG00000028878	4.0506678015819136e-173	0.0	Scil_g2682;Slac_ENSLPGG00000028878	4.0506678015819136e-173	0.0	Scil_g2683;Slac_ENSLPGG00000029790	2.909493852175645e-141	5.374891966577974e-27	Scil_g2682;Slac_ENSLPGG00000029835	1.8295328577395709e-09	1.7484913379432256e-64	Scil_g49;Slac_ENSLPGG00000007525	2.825750548176598e-216	5.6755860237284635e-83	Scil_g49;Slac_ENSLPGG00000018987	2.825750548176598e-216	6.452511824992372e-131	Scil_g49;Slac_ENSLPGG00000007525	2.825750548176598e-216	4.912879220835159e-25	Scil_g7027;Slac_ENSLPGG00000002726	1.3530077347851668e-19	7.154394241755042e-27	Scil_g7027;Slac_ENSLPGG00000001833	9.64914554893834e-198	0.0	Scil_g2683;Slac_ENSLPGG00000029835	4.498393856240697e-05	1.7484913379432256e-64	Scil_g9293;Slac_ENSLPGG00000011571	8.345583619782219e-27	5.620090685238867e-06	Scil_g12596;Slac_ENSLPGG00000019196	1.926648318153515e-131	2.4062036471071187e-43	Scil_g2483;Slac_ENSLPGG00000028631	3.1186498545029684e-136	3.48661791849367e-170	Scil_g8844;Slac_ENSLPGG00000020856	1.3830335720370416e-141	9.60524078610222e-34	Scil_g8427;Slac_ENSLPGG00000017323	7.819323192875134e-140	5.056465797857511e-186	Scil_g9250;Slac_ENSLPGG00000028683	5.271924765515633e-138	0.0	Scil_g9293;Slac_ENSLPGG00000014397	2.4492817883719566e-122	3.2063291580291506e-206	Scil_g4792;Slac_ENSLPGG00000018987	2.7860115620807477e-125	1.0207238271509369e-292	Scil_g4792;Slac_ENSLPGG00000007730	2.7860115620807477e-125	3.590154216551339e-180	Scil_g4792;Slac_ENSLPGG00000007730	2.7860115620807477e-125	1.0375156589644879e-210	Scil_g208;Slac_ENSLPGG00000014308	4.568452262602381e-19	1.3060890286910048e-50	Scil_g5407;Slac_ENSLPGG00000016023	1.6578500726708058e-07	8.883604756245486e-76	Scil_g6719;Slac_ENSLPGG00000007730	4.613289756277005e-85	3.590154216551339e-180	Scil_g4792;Slac_ENSLPGG00000018987	1.176327538575084e-68	5.5939231173554334e-55	Scil_g9294;Slac_ENSLPGG00000014205	4.376021561659638e-07	6.684661803218372e-99	Scil_g8427;Slac_ENSLPGG00000017323	5.698923267106225e-10	0.0	Scil_g9127;Slac_ENSLPGG00000004375	2.1094740637302043e-41	4.092281823682723e-28	Scil_g898;Slac_ENSLPGG00000026505	8.09814104810929e-33	3.9634034784885644e-13	Scil_g9127;Slac_ENSLPGG00000004375	2.1094740637302043e-41	6.643839758802514e-106	Scil_g11550;Slac_ENSLPGG00000011644	5.008542566367402e-05	1.8838862433810732e-06				Scil_g1960;Slac_ENSLPGG00000002916	1.7697978722686095e-82	4.5097320754487453e-69	Scil_g10557;Slac_ENSLPGG00000010996	7.758804947573257e-152	3.726664799712092e-25	Scil_g10557;Slac_ENSLPGG00000010996	7.758804947573257e-152	7.08973885598323e-20	Scil_g9293;Slac_ENSLPGG00000014397	1.5683835358952403e-97	3.2063291580291506e-206	Scil_g2682;Slac_ENSLPGG00000029835	1.4105435283420601e-196	1.7484913379432256e-64	Scil_g2683;Slac_ENSLPGG00000029835	3.5336018614643534e-07	4.304829482507168e-28	Scil_g13344;Slac_ENSLPGG00000027561	1.5866960955735713e-61	0.0004192094813403405				Scil_g1712;Slac_ENSLPGG00000010742	9.616015670904484e-33	0.0005641161180508278	Scil_g6184;Slac_ENSLPGG00000011939	2.6225602142297916e-21	2.0355481495184604e-12	Scil_g6171;Slac_ENSLPGG00000022008	3.969788353826574e-18	3.53230848126371e-16
			Scil_g12596;Slac_ENSLPGG00000019196	8.937540975185717e-204	2.4062036471071187e-43	Scil_g12596;Slac_ENSLPGG00000019196	8.937540975185717e-204	1.4678706110670485e-17	Scil_g9293;Slac_ENSLPGG00000014397	8.019716807373262e-220	3.2063291580291506e-206	Scil_g1960;Slac_ENSLPGG00000002916	5.229783324829319e-159	4.5097320754487453e-69	Scil_g8438;Slac_ENSLPGG00000026812	1.033645134557843e-140	1.1363106591959236e-240	Scil_g1712;Slac_ENSLPGG00000010742	7.280268671643883e-15	1.5184743752214893e-24	Scil_g10318;Slac_ENSLPGG00000012055	2.0469475442329105e-28	9.281690852235417e-14				Scil_g12596;Slac_ENSLPGG00000019196	5.461700075422386e-69	9.96460447504559e-36	Scil_g9293;Slac_ENSLPGG00000011571	7.310752068739718e-87	2.898364963731895e-101	Scil_g5407;Slac_ENSLPGG00000016023	2.5654638457036793e-09	8.883604756245486e-76	Scil_g2683;Slac_ENSLPGG00000029835	2.909493852175645e-141	1.5127207547528575e-146	Scil_g2683;Slac_ENSLPGG00000029835	2.909493852175645e-141	2.552343532642727e-84	Scil_g2683;Slac_ENSLPGG00000029296	2.909493852175645e-141	4.6827653100686686e-18	Scil_g4190;Slac_ENSLPGG00000009453	0.0002708996576498364	9.681563380426047e-08	Scil_g49;Slac_ENSLPGG00000011839	2.825750548176598e-216	9.31254328396097e-40	Scil_g49;Slac_ENSLPGG00000007525	2.825750548176598e-216	1.28514244509793e-15	Scil_g49;Slac_ENSLPGG00000007730	2.825750548176598e-216	3.590154216551339e-180	Scil_g49;Slac_ENSLPGG00000007525	2.825750548176598e-216	3.627978660291502e-17	Scil_g2683;Slac_ENSLPGG00000029835	4.498393856240697e-05	1.4464513864191273e-107	Scil_g2682;Slac_ENSLPGG00000029835	7.784233249218499e-08	1.7484913379432256e-64	Scil_g1960;Slac_ENSLPGG00000002916	1.4156858831391025e-15	5.6799755517671594e-36	Scil_g2483;Slac_ENSLPGG00000028631	3.1186498545029684e-136	3.4013484223464646e-25	Scil_g8438;Slac_ENSLPGG00000026812	7.711942944981567e-132	1.1363106591959236e-240	Scil_g3084;Slac_ENSLPGG00000011626	1.4812881157245512e-117	0.0001012659001299918	Scil_g53;Slac_ENSLPGG00000009627	5.0926408493375196e-144	2.0135779876598005e-139	Scil_g13584;Slac_ENSLPGG00000010731	6.724353073477704e-141	2.385419856297208e-164	Scil_g8844;Slac_ENSLPGG00000020856	1.3830335720370416e-141	6.36851191606529e-73	Scil_g13344;Slac_ENSLPGG00000027561	2.2814046189190238e-05	8.086635448384066e-19	Scil_g9294;Slac_ENSLPGG00000007322	4.587162431913975e-14	2.8135505684963465e-111	Scil_g13344;Slac_ENSLPGG00000026155	2.2814046189190238e-05	0.00104457856416832							Scil_g6719;Slac_ENSLPGG00000011839	4.613289756277005e-85	1.2034060637604468e-07	Scil_g4792;Slac_ENSLPGG00000007730	1.176327538575084e-68	9.42038019576573e-69	Scil_g4792;Slac_ENSLPGG00000018987	1.176327538575084e-68	1.3415721302813278e-256	Scil_g1476;Slac_ENSLPGG00000023230	5.918148855081466e-21	7.430610416414084e-227	Scil_g3256;Slac_ENSLPGG00000002916	1.3159239168598115e-39	4.5097320754487453e-69	Scil_g8502;Slac_ENSLPGG00000018844	3.761882928642762e-40	0.0019167571033683432	Scil_g898;Slac_ENSLPGG00000026505	8.09814104810929e-33	4.5830107918985423e-125	Scil_g5407;Slac_ENSLPGG00000016023	1.159182577952278e-06	4.94891277997927e-43				Scil_g2223;Slac_ENSLPGG00000007673	4.4579411900806424e-73	1.0785497809239814e-69	Scil_g7027;Slac_ENSLPGG00000001833	6.566333203884505e-41	7.968474315469796e-53	Scil_g12596;Slac_ENSLPGG00000019196	4.659268128177224e-80	1.4762165270021783e-09	Scil_g5248;Slac_ENSLPGG00000019939	9.136900725565167e-151	2.3792066558181335e-05	Scil_g5407;Slac_ENSLPGG00000016023	4.1403883768537465e-20	8.883604756245486e-76	Scil_g9293;Slac_ENSLPGG00000011571	1.848905501105324e-135	3.532626074807475e-19	Scil_g9293;Slac_ENSLPGG00000011571	1.848905501105324e-135	2.898364963731895e-101				Scil_g6184;Slac_ENSLPGG00000011939	2.6225602142297916e-21	7.511652529205039e-73	Scil_g7321;Slac_ENSLPGG00000011935	1.147015395415605e-30	0.000281023125107144	Scil_g2682;Slac_ENSLPGG00000029835	7.137403999527868e-08	1.7484913379432256e-64
			Scil_g12565;Slac_ENSLPGG00000019527	2.096023399464424e-227	5.3740621225001405e-45	Scil_g9720;Slac_ENSLPGG00000010538	5.957553511123687e-267	4.771574432457165e-13	Scil_g3084;Slac_ENSLPGG00000011626	2.6120693105835097e-195	2.7121220528470996e-56	Scil_g12596;Slac_ENSLPGG00000019196	7.639374158264267e-168	2.4062036471071187e-43	Scil_g9293;Slac_ENSLPGG00000014397	2.951490176649077e-162	3.2063291580291506e-206	Scil_g6184;Slac_ENSLPGG00000010742	6.156298609437376e-15	1.5184743752214893e-24	Scil_g6171;Slac_ENSLPGG00000003671	7.909127630957106e-10	4.0343780813769214e-16				Scil_g2682;Slac_ENSLPGG00000029835	7.12159234208332e-05	1.6090548904552383e-42	Scil_g8502;Slac_ENSLPGG00000026466	6.574899579449861e-69	8.607966133155261e-139				Scil_g2682;Slac_ENSLPGG00000029835	4.0506678015819136e-173	1.5127207547528575e-146	Scil_g2682;Slac_ENSLPGG00000029835	4.0506678015819136e-173	2.552343532642727e-84	Scil_g2683;Slac_ENSLPGG00000029534	2.909493852175645e-141	0.00363411816301603	Scil_g5407;Slac_ENSLPGG00000016023	4.324117359249018e-48	8.883604756245486e-76	Scil_g49;Slac_ENSLPGG00000018987	2.825750548176598e-216	1.0207238271509369e-292	Scil_g49;Slac_ENSLPGG00000011839	2.825750548176598e-216	1.0904860702684006e-10	Scil_g6719;Slac_ENSLPGG00000018987	2.9062213286051093e-186	7.039459622604765e-250	Scil_g49;Slac_ENSLPGG00000018987	2.825750548176598e-216	9.130235445837042e-163	Scil_g2683;Slac_ENSLPGG00000028878	4.498393856240697e-05	0.0005290311750589206	Scil_g7113;Slac_ENSLPGG00000001833	3.661142636148078e-147	1.868914101852309e-297	Scil_g1712;Slac_ENSLPGG00000011939	3.2305790447645873e-103	7.511652529205039e-73	Scil_g2223;Slac_ENSLPGG00000007673	1.5474661940858883e-105	1.0785497809239814e-69	Scil_g6646;Slac_ENSLPGG00000020424	9.958944134607921e-140	2.8566513018215486e-156	Scil_g9127;Slac_ENSLPGG00000004375	3.225771326129304e-148	4.092281823682723e-28	Scil_g13584;Slac_ENSLPGG00000010731	6.724353073477704e-141	1.2480263731655962e-212	Scil_g53;Slac_ENSLPGG00000009627	5.0926408493375196e-144	1.2924559604872e-90	Scil_g10109;Slac_ENSLPGG00000016457	3.4829287635336846e-146	5.977307338815889e-86	Scil_g4792;Slac_ENSLPGG00000011839	2.7860115620807477e-125	9.31254328396097e-40	Scil_g4792;Slac_ENSLPGG00000007525	2.7860115620807477e-125	4.912879220835159e-25	Scil_g4792;Slac_ENSLPGG00000007525	2.7860115620807477e-125	6.8121822133019086e-40							Scil_g6719;Slac_ENSLPGG00000007525	4.613289756277005e-85	4.912879220835159e-25	Scil_g9294;Slac_ENSLPGG00000014205	4.376021561659638e-07	0.0003849791803302938	Scil_g9294;Slac_ENSLPGG00000007322	4.376021561659638e-07	2.741077422849366e-72	Scil_g9250;Slac_ENSLPGG00000028683	7.07792846123384e-09	0.0	Scil_g9293;Slac_ENSLPGG00000014397	1.068134353579263e-37	6.514620800285567e-10	Scil_g9293;Slac_ENSLPGG00000014397	1.068134353579263e-37	9.891994540582709e-08	Scil_g12515;Slac_ENSLPGG00000018880	1.9188121173157414e-51	6.333978704324807e-162							Scil_g13124;Slac_ENSLPGG00000013980	3.4084473963593155e-86	4.147686860616949e-15	Scil_g9100;Slac_ENSLPGG00000017185	1.1379421000948315e-153	2.7473457369835785e-81	Scil_g7027;Slac_ENSLPGG00000001833	6.566333203884505e-41	1.2442595792842063e-06	Scil_g12596;Slac_ENSLPGG00000019196	4.659268128177224e-80	9.96460447504559e-36				Scil_g2223;Slac_ENSLPGG00000007673	9.174614163292671e-123	1.0785497809239814e-69	Scil_g9293;Slac_ENSLPGG00000014397	1.848905501105324e-135	3.2063291580291506e-206				Scil_g7321;Slac_ENSLPGG00000011935	1.147015395415605e-30	1.2003091581542824e-13	Scil_g9194;Slac_ENSLPGG00000011935	1.7005319647149315e-07	0.000281023125107144	Scil_g6171;Slac_ENSLPGG00000021402	3.969788353826574e-18	8.482647874371876e-21
			Scil_g13124;Slac_ENSLPGG00000013980	3.126717791224233e-203	4.147686860616949e-15	Scil_g2647;Slac_ENSLPGG00000007249	2.710163348913708e-205	9.356630316022365e-12	Scil_g12596;Slac_ENSLPGG00000019196	8.937540975185717e-204	9.96460447504559e-36	Scil_g9293;Slac_ENSLPGG00000011571	2.951490176649077e-162	3.532626074807475e-19	Scil_g13584;Slac_ENSLPGG00000010731	6.878801991793587e-166	8.728957961973727e-108	Scil_g1712;Slac_ENSLPGG00000011939	7.280268671643883e-15	1.0007846101985824e-08	Scil_g1742;Slac_ENSLPGG00000004571	1.0595040329127195e-05	3.0000174092113735e-12				Scil_g3084;Slac_ENSLPGG00000011626	8.399537177325028e-64	2.7121220528470996e-56	Scil_g9293;Slac_ENSLPGG00000014397	7.310752068739718e-87	3.2063291580291506e-206				Scil_g3084;Slac_ENSLPGG00000011626	4.2886376807313805e-35	1.041673316367185e-21	Scil_g1960;Slac_ENSLPGG00000001288	5.18100236970194e-27	6.661197954218709e-26	Scil_g2683;Slac_ENSLPGG00000029732	2.909493852175645e-141	0.0024608389478888515	Scil_g13524;Slac_ENSLPGG00000007525	6.607078015166291e-08	0.0004814065481396461	Scil_g49;Slac_ENSLPGG00000007730	2.825750548176598e-216	0.0	Scil_g6719;Slac_ENSLPGG00000007730	2.9062213286051093e-186	1.0517585826342715e-294	Scil_g6719;Slac_ENSLPGG00000007730	2.9062213286051093e-186	3.590154216551339e-180	Scil_g49;Slac_ENSLPGG00000011839	2.825750548176598e-216	2.7948484410571877e-05	Scil_g7113;Slac_ENSLPGG00000002726	3.661142636148078e-147	4.459472890862107e-62	Scil_g6171;Slac_ENSLPGG00000022008	4.727639792734349e-25	3.53230848126371e-16	Scil_g8322;Slac_ENSLPGG00000001999	1.1064423235206476e-15	2.1594578090406105e-104	Scil_g53;Slac_ENSLPGG00000009627	1.1533782575295423e-146	1.8083363914675516e-28	Scil_g9293;Slac_ENSLPGG00000011571	1.1287742971164978e-130	2.898364963731895e-101	Scil_g9552;Slac_ENSLPGG00000002404	1.6549301357298804e-142	3.936831883841032e-26	Scil_g9552;Slac_ENSLPGG00000002404	1.6549301357298804e-142	2.4429467502538673e-269	Scil_g3084;Slac_ENSLPGG00000011626	1.4812881157245512e-117	4.079829818596699e-233	Scil_g3084;Slac_ENSLPGG00000011626	1.4812881157245512e-117	2.7121220528470996e-56	Scil_g4792;Slac_ENSLPGG00000007525	2.7860115620807477e-125	5.6755860237284635e-83	Scil_g9294;Slac_ENSLPGG00000014205	4.587162431913975e-14	3.661922717301213e-72	Scil_g9294;Slac_ENSLPGG00000007322	4.587162431913975e-14	2.741077422849366e-72							Scil_g5543;Slac_ENSLPGG00000018326	1.1275506695998169e-17	1.4088784224034323e-42	Scil_g5248;Slac_ENSLPGG00000010551	7.286922590068826e-24	1.5208316998002484e-06	Scil_g5248;Slac_ENSLPGG00000010551	7.286922590068826e-24	0.0003769891567401784	Scil_g8322;Slac_ENSLPGG00000001999	6.141352494337447e-06	5.3199014375659055e-51	Scil_g1960;Slac_ENSLPGG00000001288	1.985765120453364e-36	5.885151292742098e-62	Scil_g1960;Slac_ENSLPGG00000002916	1.985765120453364e-36	1.5684721637947277e-22	Scil_g13584;Slac_ENSLPGG00000010731	3.1329373072839724e-38	8.728957961973727e-108							Scil_g9293;Slac_ENSLPGG00000011571	1.5683835358952403e-97	3.532626074807475e-19	Scil_g9294;Slac_ENSLPGG00000007386	1.180247370448147e-97	6.54097176295152e-16	Scil_g9100;Slac_ENSLPGG00000017185	1.1379421000948315e-153	6.2053111197896245e-74	Scil_g5475;Slac_ENSLPGG00000003671	4.169493034827786e-185	2.0029821817149136e-07				Scil_g1960;Slac_ENSLPGG00000002916	6.306552480614765e-130	4.5097320754487453e-69	Scil_g2682;Slac_ENSLPGG00000029835	2.851616630006899e-29	1.6090548904552383e-42				Scil_g6184;Slac_ENSLPGG00000010742	2.6225602142297916e-21	0.0005641161180508278	Scil_g8363;Slac_ENSLPGG00000011935	2.265649425709657e-31	0.000281023125107144	Scil_g4190;Slac_ENSLPGG00000009453	0.0036968285814102933	9.681563380426047e-08
			Scil_g2647;Slac_ENSLPGG00000007249	2.710163348913708e-205	5.000617743495758e-30	Scil_g1960;Slac_ENSLPGG00000002916	3.8411450141462353e-180	4.2685747651016555e-20	Scil_g4752;Slac_ENSLPGG00000007608	3.6062035799832598e-217	4.7602508905185056e-167	Scil_g2647;Slac_ENSLPGG00000007249	2.9753120081427864e-165	5.000617743495758e-30	Scil_g2647;Slac_ENSLPGG00000007249	2.9753120081427864e-165	4.502716064644152e-65	Scil_g13524;Slac_ENSLPGG00000011839	3.7050280746027355e-69	1.6123019159614912e-05	Scil_g1712;Slac_ENSLPGG00000010742	7.280268671643883e-15	2.659673989508751e-05				Scil_g4752;Slac_ENSLPGG00000007608	6.184759906117721e-80	4.7602508905185056e-167	Scil_g3084;Slac_ENSLPGG00000011626	7.725851721343102e-82	2.7121220528470996e-56				Scil_g9293;Slac_ENSLPGG00000011571	4.616783340527653e-30	9.672876908662891e-13	Scil_g4752;Slac_ENSLPGG00000007608	7.851360143195591e-26	1.2107091812447733e-16	Scil_g2683;Slac_ENSLPGG00000027981	2.909493852175645e-141	0.003903649997162782	Scil_g176;Slac_ENSLPGG00000001013	9.690596999825612e-19	2.0470851098380528e-35	Scil_g7027;Slac_ENSLPGG00000002726	1.3530077347851668e-19	4.459472890862107e-62	Scil_g7126;Slac_ENSLPGG00000002625	2.191020141787556e-174	2.66622007365324e-310	Scil_g49;Slac_ENSLPGG00000011839	2.825750548176598e-216	1.2034060637604468e-07	Scil_g49;Slac_ENSLPGG00000007730	2.825750548176598e-216	4.0833182729386587e-113	Scil_g6171;Slac_ENSLPGG00000009899	4.727639792734349e-25	6.506752801002549e-65	Scil_g6171;Slac_ENSLPGG00000021402	4.727639792734349e-25	8.482647874371876e-21	Scil_g9720;Slac_ENSLPGG00000010538	2.2584144726281595e-36	3.845183737422159e-24	Scil_g8322;Slac_ENSLPGG00000001999	3.4330838062245094e-136	8.618432519461951e-31	Scil_g8322;Slac_ENSLPGG00000001999	3.4330838062245094e-136	8.623073600022336e-105	Scil_g53;Slac_ENSLPGG00000009627	5.0926408493375196e-144	1.8083363914675516e-28	Scil_g8322;Slac_ENSLPGG00000001999	5.565533061090922e-143	8.444662825573052e-264	Scil_g9127;Slac_ENSLPGG00000004375	3.225771326129304e-148	8.282230156158138e-159	Scil_g9552;Slac_ENSLPGG00000002404	1.6549301357298804e-142	3.959183914797521e-100	Scil_g9294;Slac_ENSLPGG00000014205	4.587162431913975e-14	2.2503600861128894e-99	Scil_g4792;Slac_ENSLPGG00000011839	2.7860115620807477e-125	1.2034060637604468e-07	Scil_g9294;Slac_ENSLPGG00000014205	4.587162431913975e-14	6.684661803218372e-99							Scil_g2615;Slac_ENSLPGG00000027773	6.678909836612373e-62	2.220877489333511e-24	Scil_g5407;Slac_ENSLPGG00000016023	1.9441753101605157e-11	4.94891277997927e-43	Scil_g5407;Slac_ENSLPGG00000016023	1.9441753101605157e-11	2.3568259521769404e-88	Scil_g9124;Slac_ENSLPGG00000019035	8.697783882659059e-09	7.529014787723042e-150	Scil_g1960;Slac_ENSLPGG00000002916	1.985765120453364e-36	4.5097320754487453e-69	Scil_g9293;Slac_ENSLPGG00000011571	1.068134353579263e-37	0.0015227726781909135	Scil_g8502;Slac_ENSLPGG00000018844	3.761882928642762e-40	4.1308649675673045e-12							Scil_g9100;Slac_ENSLPGG00000017185	1.1379421000948315e-153	3.68466924349509e-29	Scil_g5475;Slac_ENSLPGG00000003671	4.169493034827786e-185	4.0343780813769214e-16	Scil_g5475;Slac_ENSLPGG00000003671	4.169493034827786e-185	8.952767135888432e-07	Scil_g3084;Slac_ENSLPGG00000011626	2.537092796316525e-98	2.7121220528470996e-56				Scil_g4752;Slac_ENSLPGG00000007608	1.0966029627051676e-120	8.189585294466516e-38	Scil_g4752;Slac_ENSLPGG00000007608	1.0966029627051676e-120	4.7602508905185056e-167				Scil_g9194;Slac_ENSLPGG00000011935	1.7005319647149315e-07	1.2003091581542824e-13	Scil_g5853;Slac_ENSLPGG00000011935	2.2236433735421523e-11	0.000281023125107144	Scil_g176;Slac_ENSLPGG00000001013	3.1031774132644643e-21	2.0470851098380528e-35
			Scil_g1960;Slac_ENSLPGG00000002916	3.8411450141462353e-180	4.5097320754487453e-69	Scil_g8502;Slac_ENSLPGG00000018844	4.329584583627883e-199	2.0623940203961267e-06	Scil_g8502;Slac_ENSLPGG00000026466	4.329584583627883e-199	8.607966133155261e-139	Scil_g2223;Slac_ENSLPGG00000007673	4.3204846775651536e-154	1.0785497809239814e-69	Scil_g8322;Slac_ENSLPGG00000001999	9.667175800341685e-160	8.623073600022336e-105	Scil_g6184;Slac_ENSLPGG00000011939	6.156298609437376e-15	1.0007846101985824e-08	Scil_g13524;Slac_ENSLPGG00000007525	3.7050280746027355e-69	5.560924111031682e-19				Scil_g3716;Slac_ENSLPGG00000021862	6.616806641247539e-60	1.669341644817942e-184	Scil_g2483;Slac_ENSLPGG00000028631	2.0642190378110785e-59	3.48661791849367e-170				Scil_g4752;Slac_ENSLPGG00000007608	7.851360143195591e-26	9.087389320757035e-41	Scil_g9293;Slac_ENSLPGG00000011571	4.616783340527653e-30	0.00011333394622877717	Scil_g2682;Slac_ENSLPGG00000029790	4.0506678015819136e-173	5.374891966577974e-27				Scil_g12646;Slac_ENSLPGG00000025642	9.205028561517116e-49	1.0298996084671615e-50	Scil_g12646;Slac_ENSLPGG00000025642	9.205028561517116e-49	3.8761937118132295e-14	Scil_g6719;Slac_ENSLPGG00000007525	2.9062213286051093e-186	4.912879220835159e-25	Scil_g6719;Slac_ENSLPGG00000018987	2.9062213286051093e-186	9.130235445837042e-163	Scil_g2682;Slac_ENSLPGG00000028878	7.784233249218499e-08	0.0005290311750589206	Scil_g10843;Slac_ENSLPGG00000008220	1.5474631061637937e-06	2.6046158180555233e-83	Scil_g2690;Slac_ENSLPGG00000028953	1.9862912764669694e-09	6.989224871282377e-183	Scil_g8844;Slac_ENSLPGG00000020856	2.4372872589224458e-143	9.60524078610222e-34	Scil_g53;Slac_ENSLPGG00000009627	1.1533782575295423e-146	5.0525466737479744e-92	Scil_g1960;Slac_ENSLPGG00000001288	3.2286928073300084e-140	5.885151292742098e-62	Scil_g10372;Slac_ENSLPGG00000008330	3.503884926200857e-135	5.24185306777616e-106	Scil_g9552;Slac_ENSLPGG00000002404	1.6549301357298804e-142	5.516707173694662e-82	Scil_g9127;Slac_ENSLPGG00000004375	3.225771326129304e-148	6.643839758802514e-106	Scil_g9294;Slac_ENSLPGG00000007322	4.587162431913975e-14	4.367312583025213e-138	Scil_g10508;Slac_ENSLPGG00000012949	3.851059575050027e-121	6.980533922894592e-200	Scil_g11549;Slac_ENSLPGG00000011644	9.698521838596923e-95	4.5301060513823686e-39							Scil_g5638;Slac_ENSLPGG00000025835	2.442009960064657e-11	9.868832556251543e-11	Scil_g8299;Slac_ENSLPGG00000019726	7.570995151915207e-20	5.150987132326465e-38	Scil_g4792;Slac_ENSLPGG00000007525	1.176327538575084e-68	6.8121822133019086e-40	Scil_g1791;Slac_ENSLPGG00000006262	0.0003951187955233586	4.776306845772698e-73	Scil_g13572;Slac_ENSLPGG00000004809	7.5346445708339414e-34	8.153082959093245e-79	Scil_g13572;Slac_ENSLPGG00000004809	7.5346445708339414e-34	3.543442333354604e-20	Scil_g9293;Slac_ENSLPGG00000014397	1.068134353579263e-37	3.2063291580291506e-206							Scil_g9100;Slac_ENSLPGG00000011888	1.1379421000948315e-153	3.4081145930049474e-28	Scil_g6171;Slac_ENSLPGG00000003671	9.395704875551866e-80	4.0343780813769214e-16	Scil_g1712;Slac_ENSLPGG00000010742	5.466690339879743e-170	2.704952849086477e-13	Scil_g8438;Slac_ENSLPGG00000026812	8.050542178317267e-90	1.1363106591959236e-240				Scil_g12596;Slac_ENSLPGG00000019196	3.13015728695144e-135	2.4062036471071187e-43	Scil_g8438;Slac_ENSLPGG00000026812	5.6658914097535356e-114	1.1363106591959236e-240				Scil_g8363;Slac_ENSLPGG00000011935	2.265649425709657e-31	1.2003091581542824e-13	Scil_g8346;Slac_ENSLPGG00000011935	3.472219474169363e-08	0.000281023125107144	Scil_g5407;Slac_ENSLPGG00000016023	1.9905352998062572e-41	8.883604756245486e-76
			Scil_g9100;Slac_ENSLPGG00000017185	8.119309318280844e-257	3.68466924349509e-29	Scil_g10622;Slac_ENSLPGG00000015371	1.7332811683782205e-197	1.363111948185245e-16	Scil_g2647;Slac_ENSLPGG00000007249	2.710163348913708e-205	4.502716064644152e-65	Scil_g13344;Slac_ENSLPGG00000027561	3.09344823611869e-31	9.40318661909724e-05	Scil_g4752;Slac_ENSLPGG00000007608	2.0673769055725418e-169	4.7602508905185056e-167	Scil_g1742;Slac_ENSLPGG00000004571	1.0595040329127195e-05	0.00016255647085325453	Scil_g1712;Slac_ENSLPGG00000011939	7.280268671643883e-15	0.004165582345651806				Scil_g1712;Slac_ENSLPGG00000011939	5.952017289858439e-141	3.848690199495851e-18	Scil_g10372;Slac_ENSLPGG00000008330	3.555589534186407e-58	7.301711167651742e-92				Scil_g9293;Slac_ENSLPGG00000014397	4.616783340527653e-30	1.1727057470028741e-39	Scil_g13124;Slac_ENSLPGG00000013980	3.1358211541605034e-25	2.854812366418276e-06	Scil_g2682;Slac_ENSLPGG00000029296	4.0506678015819136e-173	4.6827653100686686e-18				Scil_g6719;Slac_ENSLPGG00000007525	2.9062213286051093e-186	5.6755860237284635e-83	Scil_g6719;Slac_ENSLPGG00000018987	2.9062213286051093e-186	6.452511824992372e-131	Scil_g12721;Slac_ENSLPGG00000026540	8.54858194858048e-177	1.734890457684032e-290	Scil_g12646;Slac_ENSLPGG00000025642	9.205028561517116e-49	1.0598543774345234e-42	Scil_g2682;Slac_ENSLPGG00000029835	7.784233249218499e-08	1.4464513864191273e-107	Scil_g4190;Slac_ENSLPGG00000009453	5.797669049086736e-14	9.681563380426047e-08	Scil_g9293;Slac_ENSLPGG00000014397	8.345583619782219e-27	8.052013589795468e-71	Scil_g1960;Slac_ENSLPGG00000002916	1.4663076413353046e-136	4.5097320754487453e-69	Scil_g8502;Slac_ENSLPGG00000026466	3.867430370413941e-134	8.607966133155261e-139	Scil_g9250;Slac_ENSLPGG00000028683	5.271924765515633e-138	1.429361472231043e-57	Scil_g4752;Slac_ENSLPGG00000007608	4.951080527237749e-136	0.0	Scil_g9293;Slac_ENSLPGG00000011571	2.4492817883719566e-122	2.110374489830032e-74	Scil_g53;Slac_ENSLPGG00000009627	5.0926408493375196e-144	5.0525466737479744e-92	Scil_g10508;Slac_ENSLPGG00000018391	3.851059575050027e-121	3.832909984113987e-153	Scil_g10508;Slac_ENSLPGG00000018391	3.851059575050027e-121	1.5138992140309397e-68	Scil_g4792;Slac_ENSLPGG00000011839	2.7860115620807477e-125	1.450531294006342e-10							Scil_g5543;Slac_ENSLPGG00000026540	1.1275506695998169e-17	1.734890457684032e-290	Scil_g9048;Slac_ENSLPGG00000005083	0.002822988499331996	4.30302290121577e-10	Scil_g4792;Slac_ENSLPGG00000007730	1.176327538575084e-68	1.0375156589644879e-210	Scil_g53;Slac_ENSLPGG00000009627	1.2562128481230408e-09	1.2924559604872e-90	Scil_g2690;Slac_ENSLPGG00000028953	3.151077888671481e-37	4.542147874787075e-35	Scil_g3256;Slac_ENSLPGG00000002916	1.3159239168598115e-39	1.5684721637947277e-22	Scil_g5248;Slac_ENSLPGG00000010551	2.918086057540766e-32	7.060343438230766e-14							Scil_g2647;Slac_ENSLPGG00000007249	8.77845143548695e-85	5.000617743495758e-30	Scil_g9294;Slac_ENSLPGG00000014205	1.180247370448147e-97	2.4286240129030872e-23	Scil_g4911;Slac_ENSLPGG00000009291	2.4249440861388093e-86	5.0535369664150535e-11	Scil_g2647;Slac_ENSLPGG00000007249	8.77845143548695e-85	4.502716064644152e-65				Scil_g8502;Slac_ENSLPGG00000018844	6.847087816941289e-126	2.2732309812431514e-09	Scil_g10372;Slac_ENSLPGG00000008330	1.913213127166631e-127	7.301711167651742e-92				Scil_g5853;Slac_ENSLPGG00000011935	2.2236433735421523e-11	1.2003091581542824e-13	Scil_g8207;Slac_ENSLPGG00000011935	1.0166104980379073e-09	0.000281023125107144			
			Scil_g8438;Slac_ENSLPGG00000026812	2.4448447222526423e-204	8.869768797925984e-19	Scil_g12565;Slac_ENSLPGG00000019527	2.096023399464424e-227	7.058889726381848e-13	Scil_g10622;Slac_ENSLPGG00000015371	1.7332811683782205e-197	7.277465353697326e-131	Scil_g2690;Slac_ENSLPGG00000028953	1.4801592141196945e-159	4.542147874787075e-35	Scil_g12596;Slac_ENSLPGG00000019196	7.639374158264267e-168	9.96460447504559e-36	Scil_g7247;Slac_ENSLPGG00000003719	0.0002391781325889849	6.309434449616738e-05	Scil_g6171;Slac_ENSLPGG00000021402	7.909127630957106e-10	1.3562526099905913e-10				Scil_g2483;Slac_ENSLPGG00000028631	3.0059104757024366e-76	3.48661791849367e-170	Scil_g4752;Slac_ENSLPGG00000007608	4.230582796617626e-76	4.7602508905185056e-167				Scil_g2647;Slac_ENSLPGG00000007249	3.18092525499478e-37	4.340647150809504e-28	Scil_g12596;Slac_ENSLPGG00000019196	5.753969230199184e-32	1.4678706110670485e-17	Scil_g2682;Slac_ENSLPGG00000028676	4.0506678015819136e-173	4.186556602178701e-63				Scil_g6719;Slac_ENSLPGG00000018987	2.9062213286051093e-186	1.0207238271509369e-292	Scil_g4190;Slac_ENSLPGG00000008750	1.4526739381398871e-05	6.654500958766382e-37	Scil_g6719;Slac_ENSLPGG00000011839	2.9062213286051093e-186	1.2034060637604468e-07	Scil_g6719;Slac_ENSLPGG00000007730	2.9062213286051093e-186	4.0833182729386587e-113	Scil_g6171;Slac_ENSLPGG00000022008	4.727639792734349e-25	3.117310185713672e-262	Scil_g8299;Slac_ENSLPGG00000019726	1.1518774997361669e-16	1.5640784329423614e-86	Scil_g7102;Slac_ENSLPGG00000009965	8.783272172391999e-16	2.5505233064932743e-68	Scil_g9293;Slac_ENSLPGG00000011571	1.1287742971164978e-130	3.532626074807475e-19	Scil_g12596;Slac_ENSLPGG00000019196	1.926648318153515e-131	9.96460447504559e-36	Scil_g12596;Slac_ENSLPGG00000019196	7.235802197841815e-133	2.4062036471071187e-43	Scil_g9127;Slac_ENSLPGG00000004375	3.225771326129304e-148	6.300194165850723e-157	Scil_g9293;Slac_ENSLPGG00000014397	2.4492817883719566e-122	2.949995427985947e-109	Scil_g10372;Slac_ENSLPGG00000008330	3.503884926200857e-135	7.301711167651742e-92	Scil_g10508;Slac_ENSLPGG00000012949	3.851059575050027e-121	0.0	Scil_g8299;Slac_ENSLPGG00000019726	9.695257346542339e-91	2.042348270317083e-95	Scil_g11549;Slac_ENSLPGG00000001343	9.698521838596923e-95	4.9105144496527484e-21							Scil_g8299;Slac_ENSLPGG00000019726	9.191534043713072e-05	2.042348270317083e-95	Scil_g10145;Slac_ENSLPGG00000014205	2.3180500186608853e-14	0.0003849791803302938	Scil_g2615;Slac_ENSLPGG00000027773	9.39376908358886e-32	2.7587317086942424e-42	Scil_g10109;Slac_ENSLPGG00000016457	3.555538047247703e-18	1.6282933870722111e-142	Scil_g10622;Slac_ENSLPGG00000015371	4.2867825751862935e-41	7.972200943429613e-33	Scil_g2690;Slac_ENSLPGG00000028953	3.151077888671481e-37	1.0536452366844174e-09	Scil_g899;Slac_ENSLPGG00000009254	2.0885354009046587e-33	3.4530296125796683e-90							Scil_g1712;Slac_ENSLPGG00000010742	5.466690339879743e-170	9.87478864177323e-33	Scil_g9293;Slac_ENSLPGG00000004519	1.5683835358952403e-97	4.5243128665507855e-05	Scil_g6171;Slac_ENSLPGG00000003671	9.395704875551866e-80	8.952767135888432e-07	Scil_g3716;Slac_ENSLPGG00000021862	1.457833778588822e-103	1.669341644817942e-184				Scil_g3084;Slac_ENSLPGG00000011626	2.445532027906918e-134	0.0001012659001299918	Scil_g3084;Slac_ENSLPGG00000011626	2.445532027906918e-134	2.7121220528470996e-56				Scil_g8346;Slac_ENSLPGG00000011935	3.472219474169363e-08	1.2003091581542824e-13	Scil_g8206;Slac_ENSLPGG00000011935	2.1461722083144153e-05	0.000281023125107144			
			Scil_g9100;Slac_ENSLPGG00000011888	8.119309318280844e-257	3.4081145930049474e-28	Scil_g8438;Slac_ENSLPGG00000026812	2.4448447222526423e-204	2.0374560573456832e-09	Scil_g12565;Slac_ENSLPGG00000019527	2.096023399464424e-227	3.9636058104633304e-53	Scil_g1960;Slac_ENSLPGG00000001288	5.229783324829319e-159	5.885151292742098e-62	Scil_g2682;Slac_ENSLPGG00000029835	7.195332893653639e-06	1.6090548904552383e-42	Scil_g7729;Slac_ENSLPGG00000007104	5.846338704301907e-31	7.26490406118555e-95	Scil_g13524;Slac_ENSLPGG00000011839	3.7050280746027355e-69	1.1626458581484574e-05				Scil_g8502;Slac_ENSLPGG00000018844	8.198007530054436e-60	4.1308649675673045e-12	Scil_g8438;Slac_ENSLPGG00000026812	3.203687522845791e-74	1.1363106591959236e-240				Scil_g8844;Slac_ENSLPGG00000020856	2.343926156463714e-23	1.557764029733798e-16	Scil_g8502;Slac_ENSLPGG00000018844	3.422792487459297e-31	2.0623940203961267e-06	Scil_g2682;Slac_ENSLPGG00000029534	4.0506678015819136e-173	0.00363411816301603				Scil_g6719;Slac_ENSLPGG00000007730	2.9062213286051093e-186	0.0	Scil_g8299;Slac_ENSLPGG00000019726	2.853727454281813e-12	0.0	Scil_g4190;Slac_ENSLPGG00000008750	1.4526739381398871e-05	1.3014600539860488e-43	Scil_g6719;Slac_ENSLPGG00000007525	2.9062213286051093e-186	3.627978660291502e-17	Scil_g7113;Slac_ENSLPGG00000001833	3.661142636148078e-147	0.0	Scil_g3594;Slac_ENSLPGG00000002394	4.389802062249534e-11	1.2421999547448373e-17	Scil_g2223;Slac_ENSLPGG00000007673	4.8363149810880016e-14	1.2483501556006907e-39	Scil_g10909;Slac_ENSLPGG00000010260	3.834276722510581e-101	2.412924934131644e-38	Scil_g8844;Slac_ENSLPGG00000020856	2.4372872589224458e-143	6.36851191606529e-73	Scil_g2690;Slac_ENSLPGG00000028953	3.3994163992846197e-146	4.542147874787075e-35	Scil_g9293;Slac_ENSLPGG00000011571	2.4492817883719566e-122	2.874968475550528e-157	Scil_g8322;Slac_ENSLPGG00000001999	5.565533061090922e-143	5.3199014375659055e-51	Scil_g9293;Slac_ENSLPGG00000011571	2.4492817883719566e-122	2.898364963731895e-101	Scil_g9294;Slac_ENSLPGG00000030375	4.587162431913975e-14	2.8472670497856756e-10	Scil_g7247;Slac_ENSLPGG00000002394	2.0760098211877804e-44	1.2782488725873166e-50	Scil_g5248;Slac_ENSLPGG00000010551	9.783702903877836e-15	0.0003769891567401784							Scil_g1194;Slac_ENSLPGG00000022231	5.859303497061562e-05	1.0131922654172201e-24	Scil_g8569;Slac_ENSLPGG00000010551	1.2363113595549379e-07	1.5208316998002484e-06	Scil_g7247;Slac_ENSLPGG00000002394	6.5874241380860815e-40	2.431663115075622e-19	Scil_g8438;Slac_ENSLPGG00000026812	4.165298016739097e-12	9.008339176744252e-205	Scil_g53;Slac_ENSLPGG00000009627	2.387755569004181e-44	1.8083363914675516e-28	Scil_g899;Slac_ENSLPGG00000009254	2.0885354009046587e-33	1.7507175202754664e-10	Scil_g8502;Slac_ENSLPGG00000026466	3.761882928642762e-40	8.607966133155261e-139							Scil_g12596;Slac_ENSLPGG00000019196	4.659268128177224e-80	2.4062036471071187e-43	Scil_g9100;Slac_ENSLPGG00000011888	1.1379421000948315e-153	5.361683719107067e-16	Scil_g9100;Slac_ENSLPGG00000011888	1.1379421000948315e-153	2.2223976813512154e-11	Scil_g10622;Slac_ENSLPGG00000015371	6.871182138462703e-81	7.277465353697326e-131				Scil_g6323;Slac_ENSLPGG00000002326	6.615669001932877e-124	6.813175420404343e-71	Scil_g2647;Slac_ENSLPGG00000007249	1.4196895377201495e-139	4.502716064644152e-65				Scil_g8207;Slac_ENSLPGG00000011935	1.0166104980379073e-09	1.2003091581542824e-13						
			Scil_g1712;Slac_ENSLPGG00000011939	4.493884412913796e-269	1.9411559775035762e-60	Scil_g10372;Slac_ENSLPGG00000008330	5.879380775897471e-174	3.6501174565651694e-09	Scil_g8322;Slac_ENSLPGG00000001999	4.701934947101874e-195	8.623073600022336e-105	Scil_g8322;Slac_ENSLPGG00000001999	9.667175800341685e-160	8.618432519461951e-31	Scil_g8502;Slac_ENSLPGG00000026466	2.2432094135289236e-151	8.607966133155261e-139	Scil_g9800;Slac_ENSLPGG00000018604	9.635457943935905e-12	1.876482463661122e-05	Scil_g6184;Slac_ENSLPGG00000010742	6.156298609437376e-15	2.659673989508751e-05				Scil_g13584;Slac_ENSLPGG00000010731	2.1609373932730283e-69	8.728957961973727e-108	Scil_g10622;Slac_ENSLPGG00000015371	1.0193537747219604e-64	7.277465353697326e-131				Scil_g12565;Slac_ENSLPGG00000019527	5.264984075694943e-22	2.0752387886398152e-13	Scil_g12565;Slac_ENSLPGG00000019527	5.264984075694943e-22	7.058889726381848e-13	Scil_g2682;Slac_ENSLPGG00000027981	4.0506678015819136e-173	0.003903649997162782				Scil_g6719;Slac_ENSLPGG00000011839	2.9062213286051093e-186	9.31254328396097e-40	Scil_g6719;Slac_ENSLPGG00000007525	2.9062213286051093e-186	1.28514244509793e-15	Scil_g3529;Slac_ENSLPGG00000015982	2.0190343947258755e-67	0.005128907749163811	Scil_g4190;Slac_ENSLPGG00000009453	1.4526739381398871e-05	2.463626856415533e-57	Scil_g6171;Slac_ENSLPGG00000021402	4.727639792734349e-25	2.0933352429081537e-220	Scil_g5976;Slac_ENSLPGG00000006723	1.522062129264596e-12	7.625981256755915e-06	Scil_g4752;Slac_ENSLPGG00000007608	1.0502184878585783e-30	1.7777442697353186e-99	Scil_g8806;Slac_ENSLPGG00000011674	5.846923033339345e-149	3.8048786731711764e-116	Scil_g9293;Slac_ENSLPGG00000014397	1.1287742971164978e-130	3.2063291580291506e-206	Scil_g8427;Slac_ENSLPGG00000017323	7.819323192875134e-140	2.333992275801153e-10	Scil_g8502;Slac_ENSLPGG00000026466	2.190168559660769e-139	5.62927619307223e-281	Scil_g6323;Slac_ENSLPGG00000002326	1.6132222769508814e-137	5.214475549746397e-84	Scil_g4752;Slac_ENSLPGG00000007608	4.951080527237749e-136	4.7602508905185056e-167	Scil_g8299;Slac_ENSLPGG00000019726	9.695257346542339e-91	4.765071710597479e-231	Scil_g2615;Slac_ENSLPGG00000027773	1.6728929040279154e-87	2.220877489333511e-24	Scil_g10508;Slac_ENSLPGG00000012949	3.851059575050027e-121	0.0							Scil_g7598;Slac_ENSLPGG00000026540	5.140165316713512e-58	1.734890457684032e-290	Scil_g254;Slac_ENSLPGG00000018987	1.914791029382852e-12	5.5939231173554334e-55	Scil_g12596;Slac_ENSLPGG00000019196	0.0012595005849957072	0.004727615906580463	Scil_g3804;Slac_ENSLPGG00000008240	1.0352873501288666e-24	1.3536784388301194e-139	Scil_g8502;Slac_ENSLPGG00000018844	3.761882928642762e-40	2.2732309812431514e-09	Scil_g12565;Slac_ENSLPGG00000019527	5.634709275197946e-40	7.397922114349043e-07	Scil_g2483;Slac_ENSLPGG00000028631	1.1045373800493697e-35	3.48661791849367e-170							Scil_g4911;Slac_ENSLPGG00000009291	2.4249440861388093e-86	1.0203924391597908e-30	Scil_g1712;Slac_ENSLPGG00000010742	5.466690339879743e-170	2.659673989508751e-05	Scil_g9294;Slac_ENSLPGG00000014205	1.180247370448147e-97	1.8371287932877145e-07	Scil_g1791;Slac_ENSLPGG00000006262	3.579076682091046e-90	2.0125053597831658e-106				Scil_g2690;Slac_ENSLPGG00000028953	6.280257465976477e-132	4.542147874787075e-35	Scil_g6646;Slac_ENSLPGG00000020424	3.232539875223154e-115	2.8566513018215486e-156				Scil_g8206;Slac_ENSLPGG00000011935	2.1461722083144153e-05	1.2003091581542824e-13						
			Scil_g6323;Slac_ENSLPGG00000002326	7.433823139731406e-183	6.813175420404343e-71	Scil_g4752;Slac_ENSLPGG00000007608	3.6062035799832598e-217	1.2107091812447733e-16	Scil_g9293;Slac_ENSLPGG00000011571	8.019716807373262e-220	2.898364963731895e-101	Scil_g5248;Slac_ENSLPGG00000019939	2.327018957595338e-155	7.746866494854593e-09	Scil_g9720;Slac_ENSLPGG00000010538	7.310017971205648e-163	7.308255219812879e-65	Scil_g8589;Slac_ENSLPGG00000012828	1.612282928240386e-10	4.31589716696821e-83	Scil_g7729;Slac_ENSLPGG00000007104	5.846338704301907e-31	4.44032764978253e-147				Scil_g9552;Slac_ENSLPGG00000002404	3.929892712684242e-74	3.959183914797521e-100	Scil_g8322;Slac_ENSLPGG00000001999	1.8513224425020405e-70	8.623073600022336e-105				Scil_g8322;Slac_ENSLPGG00000001999	2.517089929300285e-29	5.282137987483498e-41	Scil_g9100;Slac_ENSLPGG00000011888	4.757648511826956e-25	5.037058947144447e-07	Scil_g2682;Slac_ENSLPGG00000029732	4.0506678015819136e-173	0.0024608389478888515				Scil_g5976;Slac_ENSLPGG00000006723	7.832955113633625e-06	1.0853367265518621e-95	Scil_g7126;Slac_ENSLPGG00000026137	2.191020141787556e-174	1.0314353168124e-29	Scil_g12646;Slac_ENSLPGG00000025642	9.205028561517116e-49	7.827107222733968e-08	Scil_g1581;Slac_ENSLPGG00000012011	1.7908905131782413e-08	8.05220648358865e-35	Scil_g9294;Slac_ENSLPGG00000014205	1.8317661088229341e-13	2.2503600861128894e-99	Scil_g12359;Slac_ENSLPGG00000015888	0.00021941352479210393	3.2773867627099684e-238	Scil_g8844;Slac_ENSLPGG00000020856	2.9253442001137363e-15	0.0006056901173334648	Scil_g8438;Slac_ENSLPGG00000026812	7.711942944981567e-132	8.869768797925984e-19	Scil_g3084;Slac_ENSLPGG00000011626	2.23931401044754e-99	2.7121220528470996e-56	Scil_g10109;Slac_ENSLPGG00000016457	3.4829287635336846e-146	1.2977290165073255e-21	Scil_g3361;Slac_ENSLPGG00000011974	1.6865584402560354e-132	5.423306842744482e-171	Scil_g8502;Slac_ENSLPGG00000026466	2.190168559660769e-139	9.581165797716305e-45	Scil_g8427;Slac_ENSLPGG00000017323	7.819323192875134e-140	2.9132178754735353e-101	Scil_g7247;Slac_ENSLPGG00000002394	2.0760098211877804e-44	5.3269958581323884e-185	Scil_g10145;Slac_ENSLPGG00000007322	1.7089317846235402e-39	2.8135505684963465e-111	Scil_g12596;Slac_ENSLPGG00000019196	0.003716799239435004	0.004727615906580463							Scil_g7598;Slac_ENSLPGG00000018326	5.140165316713512e-58	1.4088784224034323e-42	Scil_g267;Slac_ENSLPGG00000005083	0.002334639333459712	4.30302290121577e-10	Scil_g4792;Slac_ENSLPGG00000011839	1.176327538575084e-68	1.450531294006342e-10	Scil_g10622;Slac_ENSLPGG00000015371	7.706394076937999e-05	4.866622289447891e-104	Scil_g9293;Slac_ENSLPGG00000011571	1.068134353579263e-37	3.532626074807475e-19	Scil_g10622;Slac_ENSLPGG00000015371	4.2867825751862935e-41	1.512456452822081e-09	Scil_g12565;Slac_ENSLPGG00000019527	5.634709275197946e-40	3.9636058104633304e-53							Scil_g1960;Slac_ENSLPGG00000001288	1.7697978722686095e-82	5.885151292742098e-62	Scil_g9293;Slac_ENSLPGG00000004179	1.5683835358952403e-97	0.000631058918716341	Scil_g9293;Slac_ENSLPGG00000004179	1.5683835358952403e-97	0.0048005802558305725	Scil_g8427;Slac_ENSLPGG00000017323	3.8870103948071065e-74	2.9132178754735353e-101				Scil_g10372;Slac_ENSLPGG00000008330	1.913213127166631e-127	4.961674519059835e-27	Scil_g13584;Slac_ENSLPGG00000010731	1.2029324188583056e-129	8.728957961973727e-108												
			Scil_g9293;Slac_ENSLPGG00000014397	8.019716807373262e-220	6.514620800285567e-10	Scil_g1960;Slac_ENSLPGG00000001288	3.8411450141462353e-180	6.661197954218709e-26	Scil_g8502;Slac_ENSLPGG00000018844	4.329584583627883e-199	4.1308649675673045e-12	Scil_g13584;Slac_ENSLPGG00000010731	6.878801991793587e-166	1.9766319970207384e-32	Scil_g7102;Slac_ENSLPGG00000009965	4.311525574319819e-162	7.37085283583909e-98	Scil_g11267;Slac_ENSLPGG00000020792	3.743718923942767e-07	1.3001462954098866e-05	Scil_g6171;Slac_ENSLPGG00000020621	7.909127630957106e-10	0.0020994408562844914				Scil_g8438;Slac_ENSLPGG00000026812	1.7338273445857708e-72	1.1363106591959236e-240	Scil_g9720;Slac_ENSLPGG00000010538	4.453700516522345e-101	7.308255219812879e-65				Scil_g9552;Slac_ENSLPGG00000002404	4.476678404499022e-25	1.5438538648337203e-40	Scil_g2647;Slac_ENSLPGG00000007249	3.18092525499478e-37	9.356630316022365e-12	Scil_g11550;Slac_ENSLPGG00000014427	0.009802800545756414	2.924288204854903e-07				Scil_g1581;Slac_ENSLPGG00000012011	1.7908905131782413e-08	2.6540400230581553e-106	Scil_g1581;Slac_ENSLPGG00000012011	1.7908905131782413e-08	3.486706329437218e-23	Scil_g7598;Slac_ENSLPGG00000018326	1.0316136630632663e-56	1.4088784224034323e-42	Scil_g5780;Slac_ENSLPGG00000021520	8.075077859503192e-13	4.618501983265811e-43	Scil_g9294;Slac_ENSLPGG00000007322	1.8317661088229341e-13	4.367312583025213e-138	Scil_g5407;Slac_ENSLPGG00000016023	4.790139355705465e-12	8.883604756245486e-76	Scil_g6323;Slac_ENSLPGG00000002326	2.1689449027098066e-17	4.272187316186742e-152	Scil_g13572;Slac_ENSLPGG00000004809	2.5139323212437274e-135	8.153082959093245e-79	Scil_g4752;Slac_ENSLPGG00000007608	1.1880291122457046e-132	4.7602508905185056e-167	Scil_g4752;Slac_ENSLPGG00000007608	4.951080527237749e-136	8.189585294466516e-38	Scil_g10109;Slac_ENSLPGG00000016457	3.4829287635336846e-146	1.5216891882414615e-120	Scil_g4533;Slac_ENSLPGG00000022969	1.3986795553969162e-141	1.4255282721021671e-195	Scil_g8502;Slac_ENSLPGG00000026466	2.190168559660769e-139	8.607966133155261e-139	Scil_g1581;Slac_ENSLPGG00000012011	1.128910966587956e-63	2.6540400230581553e-106	Scil_g1581;Slac_ENSLPGG00000012011	1.128910966587956e-63	2.2399665254468968e-10	Scil_g8299;Slac_ENSLPGG00000019726	9.695257346542339e-91	2.4317967820867086e-80							Scil_g3529;Slac_ENSLPGG00000015982	1.709644369496369e-25	0.005128907749163811				Scil_g5780;Slac_ENSLPGG00000007158	4.769338653554217e-20	8.93280614491226e-29	Scil_g2370;Slac_ENSLPGG00000028380	0.0029992788157013686	0.0	Scil_g12296;Slac_ENSLPGG00000027192	5.40830234217624e-26	1.804050237213268e-66	Scil_g53;Slac_ENSLPGG00000009627	2.387755569004181e-44	9.741316745835511e-09	Scil_g11217;Slac_ENSLPGG00000030026	3.79039953431969e-32	2.2595120526508228e-198							Scil_g3084;Slac_ENSLPGG00000011626	2.537092796316525e-98	0.0001012659001299918	Scil_g3180;Slac_ENSLPGG00000009166	6.089949825709172e-63	5.630591365451985e-127	Scil_g9294;Slac_ENSLPGG00000007386	1.180247370448147e-97	6.3572363525876795e-06	Scil_g53;Slac_ENSLPGG00000009627	6.000685651043236e-88	5.0525466737479744e-92				Scil_g13124;Slac_ENSLPGG00000013980	6.8826285325766285e-130	4.147686860616949e-15	Scil_g8322;Slac_ENSLPGG00000001999	7.958567284299709e-134	8.623073600022336e-105												
			Scil_g2223;Slac_ENSLPGG00000007673	6.0558203027828816e-179	1.0785497809239814e-69	Scil_g6323;Slac_ENSLPGG00000002326	7.433823139731406e-183	5.370822801246522e-14	Scil_g2483;Slac_ENSLPGG00000028631	2.4208191274464857e-204	3.48661791849367e-170	Scil_g9720;Slac_ENSLPGG00000010538	7.310017971205648e-163	3.161013484890436e-29	Scil_g12156;Slac_ENSLPGG00000010719	2.863278841264775e-151	5.474485706302514e-153	Scil_g9800;Slac_ENSLPGG00000005542	9.635457943935905e-12	1.3157597019014679e-08	Scil_g5475;Slac_ENSLPGG00000020621	5.504883709462539e-11	0.0020994408562844914				Scil_g2647;Slac_ENSLPGG00000007249	2.4210806666174052e-63	4.502716064644152e-65	Scil_g8844;Slac_ENSLPGG00000020856	6.2035480416126905e-59	6.36851191606529e-73				Scil_g7102;Slac_ENSLPGG00000009965	4.254401882896996e-27	1.7494900609422647e-29	Scil_g2223;Slac_ENSLPGG00000007673	8.2561926845762e-31	6.153911755170069e-10	Scil_g9223;Slac_ENSLPGG00000025204	6.859132867249508e-26	1.647057221835827e-08				Scil_g4190;Slac_ENSLPGG00000009453	1.4526739381398871e-05	1.9034647016059514e-166	Scil_g6719;Slac_ENSLPGG00000011839	2.9062213286051093e-186	1.0904860702684006e-10	Scil_g7598;Slac_ENSLPGG00000026540	1.0316136630632663e-56	1.734890457684032e-290	Scil_g6719;Slac_ENSLPGG00000011839	2.9062213286051093e-186	2.7948484410571877e-05	Scil_g9294;Slac_ENSLPGG00000030375	1.8317661088229341e-13	2.8472670497856756e-10	Scil_g7247;Slac_ENSLPGG00000002394	1.27053640494436e-10	1.2421999547448373e-17	Scil_g6184;Slac_ENSLPGG00000011939	2.7644269655321644e-102	7.511652529205039e-73	Scil_g10109;Slac_ENSLPGG00000016457	2.014524605226169e-148	1.2977290165073255e-21	Scil_g8427;Slac_ENSLPGG00000017323	2.1560867680654236e-138	2.9132178754735353e-101	Scil_g1960;Slac_ENSLPGG00000002916	3.2286928073300084e-140	4.5097320754487453e-69	Scil_g8438;Slac_ENSLPGG00000026812	9.684420421181504e-139	0.0	Scil_g2647;Slac_ENSLPGG00000007249	5.136824972057981e-127	1.4587704785758155e-138	Scil_g10622;Slac_ENSLPGG00000015371	8.740363195160642e-136	7.277465353697326e-131	Scil_g2615;Slac_ENSLPGG00000027773	1.6728929040279154e-87	3.8848046226407475e-25	Scil_g10145;Slac_ENSLPGG00000002251	1.7089317846235402e-39	1.37429387778122e-14	Scil_g2615;Slac_ENSLPGG00000027773	1.6728929040279154e-87	2.7587317086942424e-42							Scil_g10843;Slac_ENSLPGG00000008220	6.501974571809078e-51	6.988410640007368e-06				Scil_g552;Slac_ENSLPGG00000010574	1.264869665065294e-33	8.30897622029287e-17	Scil_g4533;Slac_ENSLPGG00000022969	8.743177214458334e-06	1.4255282721021671e-195	Scil_g2223;Slac_ENSLPGG00000007673	1.2920388944610793e-26	1.0785497809239814e-69	Scil_g12515;Slac_ENSLPGG00000018880	1.9188121173157414e-51	8.068845571841603e-06	Scil_g10372;Slac_ENSLPGG00000008330	7.432158271116587e-38	7.301711167651742e-92							Scil_g10318;Slac_ENSLPGG00000002095	1.0844220647569434e-162	4.451622716046505e-12	Scil_g6171;Slac_ENSLPGG00000021402	9.395704875551866e-80	1.3562526099905913e-10	Scil_g1712;Slac_ENSLPGG00000011939	5.466690339879743e-170	1.1894092102643668e-09	Scil_g4752;Slac_ENSLPGG00000007608	3.459337609886802e-98	4.7602508905185056e-167				Scil_g12565;Slac_ENSLPGG00000019527	2.3363662739066283e-111	5.3740621225001405e-45	Scil_g2483;Slac_ENSLPGG00000028631	6.551856423543061e-127	3.48661791849367e-170												
			Scil_g5248;Slac_ENSLPGG00000019939	9.184157074467191e-224	7.746866494854593e-09	Scil_g13572;Slac_ENSLPGG00000004809	1.7340341221758836e-199	1.2310296622775963e-23	Scil_g9552;Slac_ENSLPGG00000002404	1.8227180675931493e-190	3.959183914797521e-100	Scil_g9552;Slac_ENSLPGG00000002404	3.799246804070475e-165	3.936831883841032e-26	Scil_g11217;Slac_ENSLPGG00000030026	2.946148279105504e-136	2.2595120526508228e-198	Scil_g272;Slac_ENSLPGG00000011745	1.1535610086568748e-16	0.0024457820492057923	Scil_g6184;Slac_ENSLPGG00000011939	6.156298609437376e-15	0.004165582345651806				Scil_g11217;Slac_ENSLPGG00000030026	4.245980281265512e-65	2.2595120526508228e-198	Scil_g13584;Slac_ENSLPGG00000010731	4.1750126703165807e-60	8.728957961973727e-108				Scil_g13584;Slac_ENSLPGG00000010731	6.810431046623132e-29	5.47384983164179e-38	Scil_g1960;Slac_ENSLPGG00000002916	5.18100236970194e-27	4.2685747651016555e-20	Scil_g12646;Slac_ENSLPGG00000025642	1.2202360681322494e-16	0.0005245110771136265				Scil_g12359;Slac_ENSLPGG00000015888	1.3366848353291036e-17	0.0	Scil_g4190;Slac_ENSLPGG00000009453	1.4526739381398871e-05	1.0112809678263152e-27	Scil_g5976;Slac_ENSLPGG00000006723	7.832955113633625e-06	2.998346346755087e-41	Scil_g4190;Slac_ENSLPGG00000011327	1.4526739381398871e-05	0.0003265740247694966	Scil_g9293;Slac_ENSLPGG00000004179	3.3061197861866916e-10	2.566557906837556e-08	Scil_g428;Slac_ENSLPGG00000008220	0.002509966033530099	2.6046158180555233e-83	Scil_g1925;Slac_ENSLPGG00000017593	1.1812933445308943e-15	7.168442322575209e-166	Scil_g3084;Slac_ENSLPGG00000011626	2.23931401044754e-99	0.0001012659001299918	Scil_g7102;Slac_ENSLPGG00000009965	3.646256109456295e-140	7.37085283583909e-98	Scil_g10372;Slac_ENSLPGG00000008330	3.503884926200857e-135	4.961674519059835e-27	Scil_g4533;Slac_ENSLPGG00000022969	1.3986795553969162e-141	6.91512882436127e-227	Scil_g8844;Slac_ENSLPGG00000020856	1.3830335720370416e-141	2.0623045951363143e-125	Scil_g8438;Slac_ENSLPGG00000026812	9.684420421181504e-139	1.1363106591959236e-240	Scil_g552;Slac_ENSLPGG00000010574	7.374919216586129e-83	1.2384865031876328e-105	Scil_g5638;Slac_ENSLPGG00000025835	2.34263091530167e-12	9.868832556251543e-11	Scil_g7247;Slac_ENSLPGG00000002394	2.0760098211877804e-44	2.431663115075622e-19							Scil_g5976;Slac_ENSLPGG00000006723	3.565502335452849e-09	2.998346346755087e-41				Scil_g2206;Slac_ENSLPGG00000008927	0.006963782452575129	1.7631125364337005e-05	Scil_g9127;Slac_ENSLPGG00000004375	1.1240061098392368e-10	8.282230156158138e-159	Scil_g12565;Slac_ENSLPGG00000019527	5.634709275197946e-40	5.3740621225001405e-45	Scil_g2223;Slac_ENSLPGG00000007673	1.2920388944610793e-26	2.8148323609875663e-12	Scil_g53;Slac_ENSLPGG00000009627	2.387755569004181e-44	5.0525466737479744e-92							Scil_g10318;Slac_ENSLPGG00000012055	1.0844220647569434e-162	2.5837843891576112e-25	Scil_g3180;Slac_ENSLPGG00000014308	6.089949825709172e-63	0.0	Scil_g6184;Slac_ENSLPGG00000010742	1.5848748352518866e-160	2.704952849086477e-13	Scil_g9127;Slac_ENSLPGG00000004375	3.7805902984793966e-76	6.643839758802514e-106				Scil_g9293;Slac_ENSLPGG00000014397	1.848905501105324e-135	6.514620800285567e-10	Scil_g8502;Slac_ENSLPGG00000026466	6.847087816941289e-126	8.607966133155261e-139												
			Scil_g9720;Slac_ENSLPGG00000010538	5.957553511123687e-267	3.161013484890436e-29	Scil_g9293;Slac_ENSLPGG00000011571	8.019716807373262e-220	0.00011333394622877717	Scil_g9720;Slac_ENSLPGG00000010538	5.957553511123687e-267	7.308255219812879e-65	Scil_g12565;Slac_ENSLPGG00000019527	4.447441707168477e-141	5.3740621225001405e-45	Scil_g5248;Slac_ENSLPGG00000024411	2.327018957595338e-155	1.2096505057732134e-06	Scil_g8589;Slac_ENSLPGG00000017421	1.612282928240386e-10	3.251689577084781e-05	Scil_g7553;Slac_ENSLPGG00000012055	9.04005113325931e-08	9.281690852235417e-14				Scil_g10318;Slac_ENSLPGG00000012055	5.375190660101532e-131	0.004024645954396675	Scil_g8502;Slac_ENSLPGG00000018844	6.574899579449861e-69	4.1308649675673045e-12				Scil_g1960;Slac_ENSLPGG00000001288	5.18100236970194e-27	0.0074329808728548	Scil_g2483;Slac_ENSLPGG00000028631	3.3513842386248627e-26	8.812292458685159e-11	Scil_g9294;Slac_ENSLPGG00000007322	2.59067259642541e-15	7.815306161457086e-05				Scil_g4190;Slac_ENSLPGG00000009116	1.4526739381398871e-05	7.486222593249006e-95	Scil_g4190;Slac_ENSLPGG00000009116	1.4526739381398871e-05	1.3140122620278754e-19	Scil_g8299;Slac_ENSLPGG00000019726	2.853727454281813e-12	2.042348270317083e-95	Scil_g12359;Slac_ENSLPGG00000015888	1.3366848353291036e-17	4.935249377866164e-124	Scil_g6171;Slac_ENSLPGG00000001057	4.727639792734349e-25	6.835545438316304e-08	Scil_g13524;Slac_ENSLPGG00000007525	1.1129170169553214e-05	0.0004814065481396461	Scil_g3361;Slac_ENSLPGG00000011974	2.2370872554791105e-19	2.734306360265464e-141	Scil_g3638;Slac_ENSLPGG00000014669	7.609938345296937e-154	6.752321915550898e-42	Scil_g1960;Slac_ENSLPGG00000002916	1.4663076413353046e-136	5.382979758273921e-31	Scil_g3361;Slac_ENSLPGG00000011974	1.6865584402560354e-132	2.0632845311203926e-41	Scil_g11217;Slac_ENSLPGG00000030026	2.2858280483352336e-116	0.0	Scil_g8438;Slac_ENSLPGG00000026812	9.684420421181504e-139	9.008339176744252e-205	Scil_g6646;Slac_ENSLPGG00000020424	3.2517818702365636e-142	2.8566513018215486e-156	Scil_g5407;Slac_ENSLPGG00000016023	4.689411822526514e-38	1.7535915481954252e-249	Scil_g792;Slac_ENSLPGG00000003499	1.0741828022168916e-77	1.704007404143944e-64	Scil_g10508;Slac_ENSLPGG00000018391	3.851059575050027e-121	3.2681580124010983e-12							Scil_g865;Slac_ENSLPGG00000013426	6.737207699135633e-10	0.002854941141071097				Scil_g5976;Slac_ENSLPGG00000006723	3.6074675017380922e-22	3.7333897815988094e-07	Scil_g7102;Slac_ENSLPGG00000009965	8.890771735071007e-11	3.3075375873091134e-60	Scil_g899;Slac_ENSLPGG00000009254	2.0885354009046587e-33	1.0387890797063537e-13	Scil_g6646;Slac_ENSLPGG00000020424	1.2853280083384515e-39	2.9860899267626854e-09	Scil_g3256;Slac_ENSLPGG00000002916	1.3159239168598115e-39	5.382979758273921e-31							Scil_g9720;Slac_ENSLPGG00000010538	1.1478200530141464e-135	3.161013484890436e-29	Scil_g1712;Slac_ENSLPGG00000011939	5.466690339879743e-170	0.004165582345651806	Scil_g9294;Slac_ENSLPGG00000008607	1.180247370448147e-97	1.920852587696648e-05	Scil_g12565;Slac_ENSLPGG00000019527	5.908657101234239e-97	3.9636058104633304e-53				Scil_g12296;Slac_ENSLPGG00000027192	2.8997712810352193e-122	1.804050237213268e-66	Scil_g8313;Slac_ENSLPGG00000009021	2.2157589528200856e-109	1.1115838810982365e-42												
			Scil_g10318;Slac_ENSLPGG00000012055	2.6930087639678053e-238	2.5837843891576112e-25	Scil_g8322;Slac_ENSLPGG00000001999	4.701934947101874e-195	1.9745916757015403e-14	Scil_g10372;Slac_ENSLPGG00000008330	5.879380775897471e-174	7.301711167651742e-92	Scil_g10109;Slac_ENSLPGG00000016457	1.9989566733503683e-149	1.2977290165073255e-21	Scil_g1960;Slac_ENSLPGG00000002916	5.229783324829319e-159	5.382979758273921e-31	Scil_g11267;Slac_ENSLPGG00000023554	3.743718923942767e-07	0.0004679449066411539	Scil_g272;Slac_ENSLPGG00000011745	1.1535610086568748e-16	1.6629345013821533e-68				Scil_g8844;Slac_ENSLPGG00000020856	2.2990625511157377e-52	6.36851191606529e-73	Scil_g5248;Slac_ENSLPGG00000021586	2.278276307296944e-93	3.684928387240296e-05				Scil_g2483;Slac_ENSLPGG00000028631	3.3513842386248627e-26	1.6655404954508939e-34	Scil_g13572;Slac_ENSLPGG00000004809	3.6327706562881966e-22	1.2310296622775963e-23	Scil_g5976;Slac_ENSLPGG00000006723	3.893180414783522e-06	0.0003767083138247837				Scil_g176;Slac_ENSLPGG00000001013	4.708169132071062e-40	4.661234839138393e-181	Scil_g5976;Slac_ENSLPGG00000006723	7.832955113633625e-06	4.43349274661153e-12	Scil_g2615;Slac_ENSLPGG00000027773	1.2850429709161183e-25	2.220877489333511e-24	Scil_g8299;Slac_ENSLPGG00000019726	2.853727454281813e-12	3.665136744073327e-52	Scil_g4190;Slac_ENSLPGG00000011327	5.797669049086736e-14	2.7852607713389627e-07	Scil_g176;Slac_ENSLPGG00000001013	0.004785743282520258	2.0470851098380528e-35	Scil_g3084;Slac_ENSLPGG00000011626	8.425355313686712e-14	1.3755682187615518e-21	Scil_g8313;Slac_ENSLPGG00000009021	2.223785574989105e-133	3.06291335588323e-28	Scil_g8313;Slac_ENSLPGG00000009021	2.223785574989105e-133	1.1115838810982365e-42	Scil_g3638;Slac_ENSLPGG00000014669	1.2325688050987257e-145	6.752321915550898e-42	Scil_g3151;Slac_ENSLPGG00000010983	2.091366084722021e-131	6.658906546425471e-123	Scil_g10622;Slac_ENSLPGG00000015371	8.740363195160642e-136	4.866622289447891e-104	Scil_g11217;Slac_ENSLPGG00000030026	2.2858280483352336e-116	2.2595120526508228e-198	Scil_g8135;Slac_ENSLPGG00000014782	5.486080198597251e-106	2.527012269453476e-230	Scil_g5407;Slac_ENSLPGG00000016023	4.689411822526514e-38	1.8357724272997555e-63	Scil_g1581;Slac_ENSLPGG00000012011	1.128910966587956e-63	6.710137361643054e-19							Scil_g5638;Slac_ENSLPGG00000012506	2.442009960064657e-11	0.004491821784609876				Scil_g3316;Slac_ENSLPGG00000004765	3.708069857312851e-18	1.112498669388086e-12	Scil_g10648;Slac_ENSLPGG00000020432	5.807120919191439e-18	1.0583482297855798e-35	Scil_g10727;Slac_ENSLPGG00000029327	7.842958330504175e-41	1.177325430920987e-46	Scil_g12296;Slac_ENSLPGG00000027192	5.40830234217624e-26	8.956376984659124e-14	Scil_g10622;Slac_ENSLPGG00000015371	4.2867825751862935e-41	7.277465353697326e-131							Scil_g6184;Slac_ENSLPGG00000011939	1.5848748352518866e-160	1.9411559775035762e-60	Scil_g9294;Slac_ENSLPGG00000008607	1.180247370448147e-97	6.232214211367398e-10	Scil_g10318;Slac_ENSLPGG00000012055	1.0844220647569434e-162	1.3477149522931497e-08	Scil_g4911;Slac_ENSLPGG00000009291	2.4249440861388093e-86	2.168851175657556e-68				Scil_g2682;Slac_ENSLPGG00000029835	2.851616630006899e-29	4.304829482507168e-28	Scil_g9552;Slac_ENSLPGG00000002404	2.9485198006204135e-136	3.959183914797521e-100												
			Scil_g9293;Slac_ENSLPGG00000011571	8.019716807373262e-220	3.532626074807475e-19	Scil_g13124;Slac_ENSLPGG00000013980	3.126717791224233e-203	2.854812366418276e-06	Scil_g3716;Slac_ENSLPGG00000021862	2.4960418642465242e-204	1.669341644817942e-184	Scil_g9293;Slac_ENSLPGG00000004519	2.951490176649077e-162	0.00010686538706661993	Scil_g2483;Slac_ENSLPGG00000028631	4.803739012017477e-159	3.48661791849367e-170	Scil_g12781;Slac_ENSLPGG00000012981	0.004458486538692887	5.709841529482738e-115	Scil_g792;Slac_ENSLPGG00000000967	0.0031089579823336913	5.797109576557609e-98				Scil_g6646;Slac_ENSLPGG00000020424	6.64871936919306e-66	2.8566513018215486e-156	Scil_g9552;Slac_ENSLPGG00000002404	1.957368299162268e-60	3.959183914797521e-100				Scil_g2690;Slac_ENSLPGG00000028953	7.757594510111616e-27	1.4380263417189476e-32	Scil_g10622;Slac_ENSLPGG00000015371	1.6274254764909302e-24	1.363111948185245e-16	Scil_g10145;Slac_ENSLPGG00000007322	2.920414551419203e-06	7.815306161457086e-05				Scil_g11800;Slac_ENSLPGG00000021800	5.9411453070139785e-53	1.1381464439371139e-76	Scil_g2615;Slac_ENSLPGG00000027773	1.2850429709161183e-25	2.0399578531813405e-32	Scil_g12721;Slac_ENSLPGG00000018326	8.54858194858048e-177	1.4088784224034323e-42	Scil_g13539;Slac_ENSLPGG00000015888	3.2137585698642266e-123	4.935249377866164e-124	Scil_g12646;Slac_ENSLPGG00000025642	5.34817325187724e-11	1.0298996084671615e-50	Scil_g10145;Slac_ENSLPGG00000012981	6.0270802803340506e-05	1.843649911360033e-09	Scil_g10909;Slac_ENSLPGG00000010260	2.850718570464579e-28	1.3531591608160544e-133	Scil_g13124;Slac_ENSLPGG00000013980	6.693642595961373e-85	4.147686860616949e-15	Scil_g13124;Slac_ENSLPGG00000013980	6.693642595961373e-85	2.6873996838215967e-06	Scil_g8806;Slac_ENSLPGG00000011674	2.2169537854916817e-147	3.8048786731711764e-116	Scil_g2893;Slac_ENSLPGG00000008469	4.065461872630448e-115	0.0	Scil_g10109;Slac_ENSLPGG00000016457	3.4829287635336846e-146	1.6282933870722111e-142	Scil_g12596;Slac_ENSLPGG00000019196	7.235802197841815e-133	9.96460447504559e-36	Scil_g792;Slac_ENSLPGG00000003499	1.0741828022168916e-77	1.5934870302055995e-239	Scil_g5780;Slac_ENSLPGG00000001139	1.7124136431645906e-51	2.220192107785784e-51	Scil_g10145;Slac_ENSLPGG00000007322	1.7089317846235402e-39	2.741077422849366e-72							Scil_g4454;Slac_ENSLPGG00000008996	6.517105502438327e-05	8.114213636011657e-10				Scil_g2168;Slac_ENSLPGG00000017442	5.709570502643175e-41	1.3539257403136136e-29	Scil_g6390;Slac_ENSLPGG00000000928	2.2814404912275424e-07	4.661208847568651e-308	Scil_g12515;Slac_ENSLPGG00000018880	1.9188121173157414e-51	1.3357303230437117e-11	Scil_g8844;Slac_ENSLPGG00000020856	1.5181222013118335e-37	1.2724947354457843e-11	Scil_g3151;Slac_ENSLPGG00000010983	8.810529728442239e-32	4.878130040153945e-56							Scil_g53;Slac_ENSLPGG00000009627	6.000685651043236e-88	1.8083363914675516e-28	Scil_g9294;Slac_ENSLPGG00000007322	1.180247370448147e-97	1.9741700939934922e-05	Scil_g13524;Slac_ENSLPGG00000011839	2.796627642960414e-122	5.504165610605989e-08	Scil_g2483;Slac_ENSLPGG00000028631	3.7457952427140016e-82	3.48661791849367e-170				Scil_g13124;Slac_ENSLPGG00000010195	6.8826285325766285e-130	8.286679837350897e-82	Scil_g9293;Slac_ENSLPGG00000004179	1.848905501105324e-135	0.00041922201390155815												
			Scil_g5475;Slac_ENSLPGG00000003671	1.295333448185283e-264	1.0199371661577197e-09	Scil_g2223;Slac_ENSLPGG00000007673	6.0558203027828816e-179	6.153911755170069e-10	Scil_g5475;Slac_ENSLPGG00000003671	1.295333448185283e-264	2.0029821817149136e-07	Scil_g7102;Slac_ENSLPGG00000009965	4.311525574319819e-162	9.436398427869401e-33	Scil_g9552;Slac_ENSLPGG00000002404	3.799246804070475e-165	3.959183914797521e-100	Scil_g12088;Slac_ENSLPGG00000008894	0.00031251480544534693	7.634391811976898e-06	Scil_g9800;Slac_ENSLPGG00000005542	9.635457943935905e-12	4.580241370306288e-31				Scil_g5475;Slac_ENSLPGG00000003671	3.0351770064971186e-97	2.0029821817149136e-07	Scil_g2647;Slac_ENSLPGG00000007249	9.019673846657847e-70	4.502716064644152e-65				Scil_g8438;Slac_ENSLPGG00000026812	2.8368115872844475e-23	8.912577019423766e-44	Scil_g13584;Slac_ENSLPGG00000010731	6.810431046623132e-29	3.724813971953972e-05	Scil_g254;Slac_ENSLPGG00000018987	0.006992377719157117	0.005126783558705426				Scil_g13539;Slac_ENSLPGG00000015888	3.2137585698642266e-123	0.0	Scil_g11800;Slac_ENSLPGG00000021800	5.9411453070139785e-53	3.4870863580976598e-25	Scil_g4190;Slac_ENSLPGG00000009116	1.4526739381398871e-05	1.5947295401734247e-05	Scil_g9800;Slac_ENSLPGG00000005542	2.527768294461531e-33	1.8150332978803672e-25	Scil_g9100;Slac_ENSLPGG00000011888	3.4065700948295293e-19	1.520586732171978e-11	Scil_g12781;Slac_ENSLPGG00000012981	0.0006759310779593418	1.843649911360033e-09	Scil_g13124;Slac_ENSLPGG00000010195	2.4700708771473767e-14	3.982444247594398e-189	Scil_g12565;Slac_ENSLPGG00000019527	4.3497956641956415e-114	5.3740621225001405e-45	Scil_g10109;Slac_ENSLPGG00000016457	2.014524605226169e-148	5.977307338815889e-86	Scil_g6323;Slac_ENSLPGG00000002326	1.6132222769508814e-137	6.813175420404343e-71	Scil_g13234;Slac_ENSLPGG00000024124	3.2167110153814714e-132	1.965634674815435e-151	Scil_g12565;Slac_ENSLPGG00000019527	3.9076127707410365e-126	2.305788251232889e-194	Scil_g3361;Slac_ENSLPGG00000011974	1.6865584402560354e-132	7.67347883547446e-58	Scil_g10843;Slac_ENSLPGG00000008220	5.8510968977090995e-08	1.883193958619205e-293	Scil_g552;Slac_ENSLPGG00000010574	7.374919216586129e-83	1.4365597544263252e-11	Scil_g5407;Slac_ENSLPGG00000016023	4.689411822526514e-38	2.3568259521769404e-88							Scil_g428;Slac_ENSLPGG00000008220	1.7489813165686334e-24	6.988410640007368e-06				Scil_g8135;Slac_ENSLPGG00000014782	5.555708572225854e-56	1.6080956501015201e-46	Scil_g10727;Slac_ENSLPGG00000029327	3.2073037781796224e-06	5.259698767315557e-234	Scil_g12596;Slac_ENSLPGG00000019196	2.0912025700054204e-33	2.4062036471071187e-43	Scil_g10372;Slac_ENSLPGG00000008330	7.432158271116587e-38	2.513207193349884e-11	Scil_g13572;Slac_ENSLPGG00000004809	7.5346445708339414e-34	3.772283687197882e-51							Scil_g5248;Slac_ENSLPGG00000024411	9.136900725565167e-151	0.00026913458432165766	Scil_g10318;Slac_ENSLPGG00000012055	1.0844220647569434e-162	9.281690852235417e-14	Scil_g3180;Slac_ENSLPGG00000014308	6.089949825709172e-63	6.816162808273352e-123	Scil_g8502;Slac_ENSLPGG00000026466	4.682376714067803e-80	8.607966133155261e-139				Scil_g2647;Slac_ENSLPGG00000007249	1.4196895377201495e-139	5.000617743495758e-30	Scil_g8502;Slac_ENSLPGG00000018844	6.847087816941289e-126	4.1308649675673045e-12												
			Scil_g10622;Slac_ENSLPGG00000015371	1.7332811683782205e-197	7.972200943429613e-33	Scil_g1712;Slac_ENSLPGG00000011939	4.493884412913796e-269	5.403832430581517e-26	Scil_g9127;Slac_ENSLPGG00000004375	1.102681786919194e-186	6.643839758802514e-106	Scil_g8313;Slac_ENSLPGG00000009021	6.323963500206006e-147	3.06291335588323e-28	Scil_g1960;Slac_ENSLPGG00000001288	5.229783324829319e-159	1.7179326704524777e-43	Scil_g12781;Slac_ENSLPGG00000004729	0.004458486538692887	0.003272662075955218	Scil_g8589;Slac_ENSLPGG00000012828	1.612282928240386e-10	0.0				Scil_g1960;Slac_ENSLPGG00000001288	3.4946129930820525e-60	1.7179326704524777e-43	Scil_g12565;Slac_ENSLPGG00000019527	6.46552971936543e-78	3.9636058104633304e-53				Scil_g9720;Slac_ENSLPGG00000010538	2.9735396817518055e-36	1.6774426413380397e-27	Scil_g10372;Slac_ENSLPGG00000008330	9.217137134987261e-26	3.6501174565651694e-09							Scil_g9800;Slac_ENSLPGG00000005542	2.527768294461531e-33	1.910046459190571e-133	Scil_g12721;Slac_ENSLPGG00000026540	8.54858194858048e-177	1.0732608612704924e-90	Scil_g1742;Slac_ENSLPGG00000004571	0.008244165478071764	0.00042813422828801365	Scil_g176;Slac_ENSLPGG00000001013	4.708169132071062e-40	7.203642670587824e-62	Scil_g4190;Slac_ENSLPGG00000009453	5.797669049086736e-14	1.9034647016059514e-166	Scil_g9048;Slac_ENSLPGG00000005542	1.3461409145371213e-06	0.0011223174462202425	Scil_g12565;Slac_ENSLPGG00000019527	4.000473441695683e-22	0.0018941311001579716	Scil_g9293;Slac_ENSLPGG00000004519	1.1287742971164978e-130	0.00010686538706661993	Scil_g9127;Slac_ENSLPGG00000004375	1.529933106180136e-148	6.643839758802514e-106	Scil_g899;Slac_ENSLPGG00000009254	1.6375404150214944e-141	1.0387890797063537e-13	Scil_g12515;Slac_ENSLPGG00000018880	7.1391131449806045e-152	1.990353587399928e-275	Scil_g3361;Slac_ENSLPGG00000011974	1.6865584402560354e-132	2.378405632425756e-41	Scil_g899;Slac_ENSLPGG00000009254	1.6375404150214944e-141	3.4530296125796683e-90	Scil_g10145;Slac_ENSLPGG00000007322	1.7089317846235402e-39	4.367312583025213e-138	Scil_g10147;Slac_ENSLPGG00000006923	2.8155538420449976e-98	1.4667217063885343e-05	Scil_g552;Slac_ENSLPGG00000010574	7.374919216586129e-83	8.30897622029287e-17							Scil_g552;Slac_ENSLPGG00000010574	6.750946414581581e-06	1.4365597544263252e-11				Scil_g5638;Slac_ENSLPGG00000012506	3.589478087806527e-17	9.635409087626589e-07	Scil_g12156;Slac_ENSLPGG00000010719	0.008400573736369302	7.227858696425718e-125	Scil_g8313;Slac_ENSLPGG00000009021	8.445063114817834e-35	3.06291335588323e-28	Scil_g8313;Slac_ENSLPGG00000009021	8.445063114817834e-35	4.144498238528136e-10	Scil_g6646;Slac_ENSLPGG00000020424	1.2853280083384515e-39	2.8566513018215486e-156							Scil_g12565;Slac_ENSLPGG00000019527	5.908657101234239e-97	5.3740621225001405e-45	Scil_g5475;Slac_ENSLPGG00000020621	4.169493034827786e-185	0.0020994408562844914	Scil_g9293;Slac_ENSLPGG00000004519	1.5683835358952403e-97	0.0014830252242113335	Scil_g6171;Slac_ENSLPGG00000003671	9.395704875551866e-80	2.0029821817149136e-07				Scil_g9100;Slac_ENSLPGG00000017185	1.0035499257504597e-104	3.68466924349509e-29	Scil_g12565;Slac_ENSLPGG00000019527	2.3363662739066283e-111	3.9636058104633304e-53												
			Scil_g5475;Slac_ENSLPGG00000022382	1.295333448185283e-264	2.711690826516311e-05	Scil_g1712;Slac_ENSLPGG00000010742	4.493884412913796e-269	9.422669666121207e-08	Scil_g13344;Slac_ENSLPGG00000027561	3.684802757238553e-41	0.0004192094813403405	Scil_g9100;Slac_ENSLPGG00000011888	8.429123104358075e-154	3.4081145930049474e-28	Scil_g6646;Slac_ENSLPGG00000020424	6.79722916540545e-161	2.8566513018215486e-156	Scil_g792;Slac_ENSLPGG00000000967	0.0031089579823336913	1.0706929979609531e-05	Scil_g8589;Slac_ENSLPGG00000017421	1.612282928240386e-10	3.3237449623677834e-14				Scil_g10909;Slac_ENSLPGG00000010260	1.267586401434031e-78	1.3761025001221455e-53	Scil_g3716;Slac_ENSLPGG00000021862	1.111008276494043e-72	1.669341644817942e-184				Scil_g10372;Slac_ENSLPGG00000008330	9.217137134987261e-26	5.097665826230279e-10	Scil_g9720;Slac_ENSLPGG00000010538	2.9735396817518055e-36	4.771574432457165e-13							Scil_g8299;Slac_ENSLPGG00000019726	2.853727454281813e-12	4.765071710597479e-231	Scil_g176;Slac_ENSLPGG00000006340	4.708169132071062e-40	0.00010420264618437881	Scil_g176;Slac_ENSLPGG00000001013	4.708169132071062e-40	1.3429988285082262e-74	Scil_g4190;Slac_ENSLPGG00000009116	1.4526739381398871e-05	2.103933839621119e-08	Scil_g9293;Slac_ENSLPGG00000004000	3.3061197861866916e-10	0.0015044966193986783	Scil_g254;Slac_ENSLPGG00000018987	0.0003287041951745968	4.5613751967468534e-113	Scil_g13584;Slac_ENSLPGG00000010731	7.130086218585994e-19	5.014954881967916e-49	Scil_g4752;Slac_ENSLPGG00000007608	1.1880291122457046e-132	8.189585294466516e-38	Scil_g10622;Slac_ENSLPGG00000015371	1.2340067778400036e-130	7.277465353697326e-131	Scil_g13035;Slac_ENSLPGG00000007086	4.615942427024598e-138	1.1676298269618592e-24	Scil_g6646;Slac_ENSLPGG00000020424	3.2517818702365636e-142	0.0	Scil_g2690;Slac_ENSLPGG00000028953	3.3994163992846197e-146	1.2851431031629589e-09	Scil_g9250;Slac_ENSLPGG00000028683	5.271924765515633e-138	6.089579012366993e-65	Scil_g10147;Slac_ENSLPGG00000006923	2.8155538420449976e-98	1.1412759737695886e-64	Scil_g4454;Slac_ENSLPGG00000008996	1.4238794793202459e-11	8.114213636011657e-10	Scil_g792;Slac_ENSLPGG00000003499	1.0741828022168916e-77	4.976330832031721e-53							Scil_g5203;Slac_ENSLPGG00000027198	3.0220762322368726e-13	4.717460210382705e-06				Scil_g8299;Slac_ENSLPGG00000019726	7.570995151915207e-20	2.4317967820867086e-80	Scil_g3716;Slac_ENSLPGG00000021862	8.531630342534222e-08	1.851555656931008e-184	Scil_g10648;Slac_ENSLPGG00000020432	6.461962366397271e-43	4.0719557848007575e-18	Scil_g13584;Slac_ENSLPGG00000010731	3.1329373072839724e-38	2.087913516037731e-12	Scil_g7102;Slac_ENSLPGG00000009965	5.437743478737564e-41	7.37085283583909e-98							Scil_g6323;Slac_ENSLPGG00000002326	7.69606424892292e-70	6.813175420404343e-71	Scil_g3180;Slac_ENSLPGG00000011374	6.089949825709172e-63	1.3654716350227405e-31	Scil_g6323;Slac_ENSLPGG00000002326	7.69606424892292e-70	0.0062050758545679876	Scil_g9552;Slac_ENSLPGG00000002404	2.8279957610913924e-73	3.959183914797521e-100				Scil_g8313;Slac_ENSLPGG00000009021	2.2157589528200856e-109	3.06291335588323e-28	Scil_g12596;Slac_ENSLPGG00000019196	3.13015728695144e-135	9.96460447504559e-36												
			Scil_g10372;Slac_ENSLPGG00000008330	5.879380775897471e-174	4.961674519059835e-27	Scil_g9100;Slac_ENSLPGG00000011888	8.119309318280844e-257	5.037058947144447e-07	Scil_g5248;Slac_ENSLPGG00000019939	9.184157074467191e-224	2.3792066558181335e-05	Scil_g4752;Slac_ENSLPGG00000007608	2.0673769055725418e-169	8.189585294466516e-38	Scil_g10109;Slac_ENSLPGG00000016457	1.9989566733503683e-149	5.977307338815889e-86	Scil_g12359;Slac_ENSLPGG00000015888	3.5086369533434676e-09	1.529161192885655e-06	Scil_g9800;Slac_ENSLPGG00000008029	9.635457943935905e-12	7.253113055451048e-09				Scil_g12156;Slac_ENSLPGG00000010719	1.363835490523637e-60	5.474485706302514e-153	Scil_g7102;Slac_ENSLPGG00000009965	1.635209772088287e-57	7.37085283583909e-98				Scil_g13035;Slac_ENSLPGG00000007086	1.6664007050442343e-23	1.4213468089021206e-23	Scil_g8322;Slac_ENSLPGG00000001999	2.517089929300285e-29	1.9745916757015403e-14							Scil_g4190;Slac_ENSLPGG00000011327	1.4526739381398871e-05	2.7852607713389627e-07	Scil_g9800;Slac_ENSLPGG00000005542	2.527768294461531e-33	3.345452897616728e-10	Scil_g5407;Slac_ENSLPGG00000016023	1.227686137985719e-08	1.8357724272997555e-63	Scil_g11800;Slac_ENSLPGG00000021800	5.9411453070139785e-53	1.339088460859457e-13	Scil_g10843;Slac_ENSLPGG00000008220	1.5474631061637937e-06	1.883193958619205e-293	Scil_g254;Slac_ENSLPGG00000007525	0.0003287041951745968	0.0004814065481396461	Scil_g13572;Slac_ENSLPGG00000004809	8.29953005826583e-21	1.6691363907945846e-158	Scil_g8502;Slac_ENSLPGG00000018844	3.867430370413941e-134	2.2732309812431514e-09	Scil_g9552;Slac_ENSLPGG00000002404	5.0215353605445114e-135	3.959183914797521e-100	Scil_g9293;Slac_ENSLPGG00000014397	2.4492817883719566e-122	6.514620800285567e-10	Scil_g12156;Slac_ENSLPGG00000010719	3.071896165372726e-136	0.0	Scil_g12596;Slac_ENSLPGG00000019196	7.235802197841815e-133	0.00013081042936712595	Scil_g12156;Slac_ENSLPGG00000010719	3.071896165372726e-136	5.474485706302514e-153	Scil_g13539;Slac_ENSLPGG00000015888	4.3305419583516825e-67	0.0	Scil_g3316;Slac_ENSLPGG00000004765	8.735432749180825e-55	7.913438270815899e-09	Scil_g5780;Slac_ENSLPGG00000001139	1.7124136431645906e-51	1.818054962923476e-39							Scil_g3316;Slac_ENSLPGG00000004765	0.00011664189808447789	7.913438270815899e-09				Scil_g9698;Slac_ENSLPGG00000003607	1.0579051199663903e-17	2.721144425599708e-27	Scil_g9417;Slac_ENSLPGG00000028683	2.238086545232582e-05	0.0	Scil_g2647;Slac_ENSLPGG00000007249	2.8020317364851457e-33	5.000617743495758e-30	Scil_g10727;Slac_ENSLPGG00000029327	7.842958330504175e-41	8.458554472685082e-09	Scil_g9294;Slac_ENSLPGG00000008607	1.845163126877124e-36	0.006194834814392549							Scil_g1791;Slac_ENSLPGG00000006262	3.579076682091046e-90	1.164211650612726e-23	Scil_g5976;Slac_ENSLPGG00000006723	6.565204011830113e-12	1.7892823037220047e-272	Scil_g3638;Slac_ENSLPGG00000014669	2.045559106565098e-63	1.5066298894362372e-08	Scil_g898;Slac_ENSLPGG00000026505	1.590402236426435e-87	4.5830107918985423e-125				Scil_g9552;Slac_ENSLPGG00000002404	2.9485198006204135e-136	3.936831883841032e-26	Scil_g1791;Slac_ENSLPGG00000006262	4.0636074727132244e-104	2.0125053597831658e-106												
			Scil_g13124;Slac_ENSLPGG00000010195	3.126717791224233e-203	8.286679837350897e-82	Scil_g9552;Slac_ENSLPGG00000002404	1.8227180675931493e-190	8.442628938169933e-06	Scil_g9293;Slac_ENSLPGG00000004179	8.019716807373262e-220	0.00041922201390155815	Scil_g2682;Slac_ENSLPGG00000029835	7.195332893653639e-06	4.304829482507168e-28	Scil_g13344;Slac_ENSLPGG00000027561	3.09344823611869e-31	0.0004192094813403405	Scil_g792;Slac_ENSLPGG00000001761	0.0031089579823336913	2.917348363104554e-07	Scil_g9800;Slac_ENSLPGG00000018604	9.635457943935905e-12	5.878143508340714e-07				Scil_g7102;Slac_ENSLPGG00000009965	1.1382437728909706e-64	7.37085283583909e-98	Scil_g1960;Slac_ENSLPGG00000002916	2.213824322766958e-62	5.382979758273921e-31				Scil_g8502;Slac_ENSLPGG00000026466	3.422792487459297e-31	1.1530829377607945e-16	Scil_g8844;Slac_ENSLPGG00000020856	2.343926156463714e-23	4.4425310596806055e-10							Scil_g1742;Slac_ENSLPGG00000004571	0.008244165478071764	0.006618918859644189	Scil_g5407;Slac_ENSLPGG00000016023	1.227686137985719e-08	7.563468357527801e-58	Scil_g1581;Slac_ENSLPGG00000012011	1.7908905131782413e-08	2.2399665254468968e-10	Scil_g428;Slac_ENSLPGG00000008220	1.0174043620730253e-33	1.2091826890933321e-86	Scil_g8299;Slac_ENSLPGG00000019726	1.1518774997361669e-16	4.765071710597479e-231				Scil_g10622;Slac_ENSLPGG00000015371	6.341621708403022e-16	2.648536640328042e-25	Scil_g9552;Slac_ENSLPGG00000002404	5.0215353605445114e-135	3.936831883841032e-26	Scil_g1791;Slac_ENSLPGG00000006262	3.1842794033423888e-121	2.0125053597831658e-106	Scil_g7102;Slac_ENSLPGG00000009965	2.4329756369163848e-139	9.436398427869401e-33	Scil_g3084;Slac_ENSLPGG00000011626	1.4812881157245512e-117	1.5752449222504522e-116	Scil_g12156;Slac_ENSLPGG00000010719	3.071896165372726e-136	7.227858696425718e-125	Scil_g8322;Slac_ENSLPGG00000001999	5.565533061090922e-143	8.623073600022336e-105	Scil_g8135;Slac_ENSLPGG00000014506	5.486080198597251e-106	2.874786336523376e-69	Scil_g10145;Slac_ENSLPGG00000014205	1.7089317846235402e-39	3.661922717301213e-72	Scil_g5638;Slac_ENSLPGG00000012506	2.34263091530167e-12	9.635409087626589e-07							Scil_g8135;Slac_ENSLPGG00000014782	9.90552997477325e-51	6.139298948428567e-20				Scil_g865;Slac_ENSLPGG00000013426	1.4207865480300073e-05	2.1961072339577743e-10	Scil_g3638;Slac_ENSLPGG00000014669	3.96732119965371e-16	1.196606433877545e-24	Scil_g3151;Slac_ENSLPGG00000010983	8.810529728442239e-32	2.511957324870183e-21	Scil_g2483;Slac_ENSLPGG00000028631	1.1045373800493697e-35	2.2620027326239407e-08	Scil_g5248;Slac_ENSLPGG00000024411	2.918086057540766e-32	1.2096505057732134e-06							Scil_g13572;Slac_ENSLPGG00000004809	5.115827063564917e-85	8.153082959093245e-79	Scil_g6184;Slac_ENSLPGG00000010742	1.5848748352518866e-160	2.659673989508751e-05	Scil_g3180;Slac_ENSLPGG00000009166	6.089949825709172e-63	1.1988328640332207e-29	Scil_g899;Slac_ENSLPGG00000009254	1.5742828249514944e-82	3.4530296125796683e-90				Scil_g9100;Slac_ENSLPGG00000011888	1.0035499257504597e-104	3.4081145930049474e-28	Scil_g8427;Slac_ENSLPGG00000017323	6.170621570223789e-101	2.9132178754735353e-101												
			Scil_g13344;Slac_ENSLPGG00000027561	3.684802757238553e-41	9.40318661909724e-05	Scil_g3361;Slac_ENSLPGG00000011974	8.789617725297002e-195	8.847397402732747e-07	Scil_g53;Slac_ENSLPGG00000009627	7.77918991188751e-193	5.0525466737479744e-92	Scil_g13124;Slac_ENSLPGG00000013980	1.440043622425943e-159	4.147686860616949e-15	Scil_g5248;Slac_ENSLPGG00000019939	2.327018957595338e-155	2.3792066558181335e-05	Scil_g792;Slac_ENSLPGG00000022488	0.0031089579823336913	5.550151831180229e-08	Scil_g11267;Slac_ENSLPGG00000020792	3.743718923942767e-07	2.631337201907897e-07				Scil_g9293;Slac_ENSLPGG00000004179	1.1747218219988391e-73	0.00041922201390155815	Scil_g5248;Slac_ENSLPGG00000024411	2.278276307296944e-93	1.2096505057732134e-06				Scil_g1960;Slac_ENSLPGG00000002916	5.18100236970194e-27	2.2309294441442368e-05	Scil_g2690;Slac_ENSLPGG00000028953	7.757594510111616e-27	3.0399264093256375e-07							Scil_g5407;Slac_ENSLPGG00000016023	1.227686137985719e-08	1.7535915481954252e-249	Scil_g176;Slac_ENSLPGG00000001013	4.708169132071062e-40	2.3644937023119663e-26	Scil_g13539;Slac_ENSLPGG00000011536	3.2137585698642266e-123	0.0019672836793141746	Scil_g5780;Slac_ENSLPGG00000007158	8.075077859503192e-13	1.1563274204231615e-28	Scil_g1712;Slac_ENSLPGG00000010742	0.000499811719460323	1.320008519200075e-62				Scil_g1712;Slac_ENSLPGG00000010742	3.2305790447645873e-103	0.0005641161180508278	Scil_g6646;Slac_ENSLPGG00000020424	9.958944134607921e-140	1.2124572891053823e-17	Scil_g11217;Slac_ENSLPGG00000030026	7.717693690583104e-112	2.2595120526508228e-198	Scil_g10622;Slac_ENSLPGG00000015371	8.740363195160642e-136	7.972200943429613e-33	Scil_g8844;Slac_ENSLPGG00000020856	1.3830335720370416e-141	2.61632199909736e-152	Scil_g3638;Slac_ENSLPGG00000014669	1.2325688050987257e-145	1.196606433877545e-24	Scil_g1960;Slac_ENSLPGG00000001288	3.2286928073300084e-140	1.7179326704524777e-43	Scil_g5780;Slac_ENSLPGG00000019065	1.7124136431645906e-51	3.963630388475844e-25	Scil_g8135;Slac_ENSLPGG00000014782	5.486080198597251e-106	6.139298948428567e-20	Scil_g5780;Slac_ENSLPGG00000019065	1.7124136431645906e-51	7.743669357816417e-22							Scil_g8135;Slac_ENSLPGG00000014506	9.90552997477325e-51	9.524202563562673e-07				Scil_g1581;Slac_ENSLPGG00000012011	0.004124937668434619	6.710137361643054e-19	Scil_g6646;Slac_ENSLPGG00000020424	3.550513764625891e-05	7.815201365590943e-111	Scil_g13584;Slac_ENSLPGG00000010731	3.1329373072839724e-38	1.9766319970207384e-32	Scil_g8806;Slac_ENSLPGG00000011674	7.08072970929218e-33	5.168331142295478e-19	Scil_g2647;Slac_ENSLPGG00000007249	2.8020317364851457e-33	4.502716064644152e-65							Scil_g8806;Slac_ENSLPGG00000011674	4.398474113149168e-80	3.8048786731711764e-116	Scil_g6184;Slac_ENSLPGG00000011939	1.5848748352518866e-160	0.004165582345651806	Scil_g3180;Slac_ENSLPGG00000011374	6.089949825709172e-63	9.163408264304248e-15	Scil_g2893;Slac_ENSLPGG00000008469	3.526374974284579e-42	3.641744759946759e-217				Scil_g8322;Slac_ENSLPGG00000001999	7.958567284299709e-134	8.618432519461951e-31	Scil_g3716;Slac_ENSLPGG00000021862	2.924003797643012e-102	1.669341644817942e-184												
			Scil_g1712;Slac_ENSLPGG00000010742	4.493884412913796e-269	9.87478864177323e-33	Scil_g9100;Slac_ENSLPGG00000017185	8.119309318280844e-257	0.00011212336916085439	Scil_g13584;Slac_ENSLPGG00000010731	3.6585541820476346e-190	8.728957961973727e-108	Scil_g13124;Slac_ENSLPGG00000010195	1.440043622425943e-159	8.286679837350897e-82	Scil_g3151;Slac_ENSLPGG00000010983	1.864551246993008e-149	4.878130040153945e-56	Scil_g792;Slac_ENSLPGG00000030274	0.0031089579823336913	2.0803608500911152e-07	Scil_g9800;Slac_ENSLPGG00000004714	9.635457943935905e-12	0.00010853327070902735				Scil_g4911;Slac_ENSLPGG00000009291	1.5341543968365e-85	2.168851175657556e-68	Scil_g5248;Slac_ENSLPGG00000019939	2.278276307296944e-93	2.3792066558181335e-05				Scil_g13124;Slac_ENSLPGG00000010195	3.1358211541605034e-25	6.313111000925158e-44	Scil_g13344;Slac_ENSLPGG00000027561	3.7963158454915305e-07	0.0026684269733856267							Scil_g552;Slac_ENSLPGG00000010574	1.202444248862245e-07	1.2384865031876328e-105	Scil_g552;Slac_ENSLPGG00000010574	1.202444248862245e-07	4.894074318047236e-15	Scil_g12359;Slac_ENSLPGG00000011536	1.3366848353291036e-17	0.0019672836793141746	Scil_g8135;Slac_ENSLPGG00000014506	6.553039098870591e-124	1.4603725288083677e-51	Scil_g12359;Slac_ENSLPGG00000015888	0.00021941352479210393	0.0				Scil_g9552;Slac_ENSLPGG00000002404	1.2056083143464404e-15	1.8673254938481502e-75	Scil_g7102;Slac_ENSLPGG00000009965	3.646256109456295e-140	9.436398427869401e-33	Scil_g2223;Slac_ENSLPGG00000007673	1.5474661940858883e-105	7.12339383590789e-10	Scil_g8313;Slac_ENSLPGG00000009021	6.515314154565603e-135	3.06291335588323e-28	Scil_g2690;Slac_ENSLPGG00000028953	3.3994163992846197e-146	2.9648300136302245e-58	Scil_g13124;Slac_ENSLPGG00000010195	1.0074299480610764e-46	3.504317935448154e-256	Scil_g7102;Slac_ENSLPGG00000009965	2.4329756369163848e-139	7.37085283583909e-98	Scil_g2125;Slac_ENSLPGG00000027899	7.978194181701999e-06	8.039398819345128e-20	Scil_g5780;Slac_ENSLPGG00000019065	1.7124136431645906e-51	0.00012544770944453683	Scil_g8135;Slac_ENSLPGG00000014782	5.486080198597251e-106	1.6080956501015201e-46							Scil_g13539;Slac_ENSLPGG00000011536	3.2390411560243117e-13	0.0019672836793141746				Scil_g4454;Slac_ENSLPGG00000008996	3.156239768081342e-13	8.412140064051407e-08	Scil_g3916;Slac_ENSLPGG00000008240	3.3960031686632927e-15	1.3536784388301194e-139	Scil_g8322;Slac_ENSLPGG00000001999	4.5403459215787064e-42	8.618432519461951e-31	Scil_g3151;Slac_ENSLPGG00000010983	8.810529728442239e-32	0.0005225285347193832	Scil_g1960;Slac_ENSLPGG00000002916	1.985765120453364e-36	5.382979758273921e-31							Scil_g898;Slac_ENSLPGG00000026505	1.590402236426435e-87	3.3658349896174976e-75	Scil_g7553;Slac_ENSLPGG00000012055	1.2373343278976536e-136	9.281690852235417e-14	Scil_g5248;Slac_ENSLPGG00000021586	9.136900725565167e-151	0.00631563726543241	Scil_g5248;Slac_ENSLPGG00000010551	9.136900725565167e-151	7.060343438230766e-14				Scil_g13584;Slac_ENSLPGG00000010731	1.2029324188583056e-129	1.9766319970207384e-32	Scil_g9720;Slac_ENSLPGG00000010538	1.2868940109952086e-152	7.308255219812879e-65												
			Scil_g6184;Slac_ENSLPGG00000010742	3.6522866491868463e-268	9.87478864177323e-33	Scil_g8313;Slac_ENSLPGG00000009021	5.132110108058735e-184	2.1981316045548347e-11	Scil_g11217;Slac_ENSLPGG00000030026	4.44949211956563e-199	2.2595120526508228e-198	Scil_g9293;Slac_ENSLPGG00000014397	2.951490176649077e-162	6.514620800285567e-10	Scil_g8427;Slac_ENSLPGG00000017323	1.1938737976081495e-134	2.9132178754735353e-101				Scil_g5583;Slac_ENSLPGG00000023072	4.138503057383643e-13	8.806617402345044e-07				Scil_g10622;Slac_ENSLPGG00000015371	3.322863946791369e-65	7.277465353697326e-131	Scil_g9127;Slac_ENSLPGG00000004375	6.862518484939717e-61	6.643839758802514e-106				Scil_g10622;Slac_ENSLPGG00000015371	1.6274254764909302e-24	3.802098367759588e-21	Scil_g53;Slac_ENSLPGG00000009627	1.4604718783238208e-19	7.814572005140388e-17							Scil_g428;Slac_ENSLPGG00000008220	1.0174043620730253e-33	1.883193958619205e-293	Scil_g5780;Slac_ENSLPGG00000001139	8.075077859503192e-13	1.054166534823435e-68	Scil_g5780;Slac_ENSLPGG00000007158	8.075077859503192e-13	4.783934187983361e-28	Scil_g12721;Slac_ENSLPGG00000026540	8.54858194858048e-177	4.506940669841179e-76	Scil_g3594;Slac_ENSLPGG00000002394	4.389802062249534e-11	5.3269958581323884e-185				Scil_g2483;Slac_ENSLPGG00000028631	1.690648412327514e-20	6.046424815151989e-52	Scil_g10622;Slac_ENSLPGG00000015371	1.2340067778400036e-130	7.972200943429613e-33	Scil_g898;Slac_ENSLPGG00000026505	1.4956574481413863e-134	4.5830107918985423e-125	Scil_g9293;Slac_ENSLPGG00000011571	2.4492817883719566e-122	3.532626074807475e-19	Scil_g6946;Slac_ENSLPGG00000024429	2.0874464023264398e-138	2.2639346242107668e-247	Scil_g13234;Slac_ENSLPGG00000024124	3.2167110153814714e-132	1.7454981312831177e-68	Scil_g2483;Slac_ENSLPGG00000028631	1.1710970285540393e-134	3.48661791849367e-170	Scil_g3316;Slac_ENSLPGG00000004765	8.735432749180825e-55	1.9012852349390307e-49	Scil_g5780;Slac_ENSLPGG00000007158	1.7124136431645906e-51	4.783934187983361e-28	Scil_g9698;Slac_ENSLPGG00000003607	2.1174761704086054e-09	2.721144425599708e-27							Scil_g12865;Slac_ENSLPGG00000023608	3.9193702326635484e-05	6.237421945159137e-08				Scil_g8269;Slac_ENSLPGG00000004338	6.462189454281107e-12	1.7202906695413105e-05	Scil_g9552;Slac_ENSLPGG00000002404	0.004055187829412092	5.516707173694662e-82	Scil_g8844;Slac_ENSLPGG00000020856	1.5181222013118335e-37	9.60524078610222e-34	Scil_g4752;Slac_ENSLPGG00000007608	1.6578365960155006e-32	2.051242816476243e-15	Scil_g1960;Slac_ENSLPGG00000001288	1.985765120453364e-36	1.7179326704524777e-43							Scil_g9293;Slac_ENSLPGG00000004519	1.5683835358952403e-97	0.00010686538706661993	Scil_g13524;Slac_ENSLPGG00000011839	2.796627642960414e-122	1.1626458581484574e-05	Scil_g6171;Slac_ENSLPGG00000021402	9.395704875551866e-80	5.8262508545917534e-05	Scil_g9720;Slac_ENSLPGG00000010538	1.1478200530141464e-135	7.308255219812879e-65				Scil_g6646;Slac_ENSLPGG00000020424	3.232539875223154e-115	1.2124572891053823e-17	Scil_g7102;Slac_ENSLPGG00000009965	2.4460549544083734e-120	7.37085283583909e-98												
			Scil_g13572;Slac_ENSLPGG00000004809	1.7340341221758836e-199	8.153082959093245e-79	Scil_g8844;Slac_ENSLPGG00000020856	2.82615707213856e-178	4.4425310596806055e-10	Scil_g1960;Slac_ENSLPGG00000002916	3.8411450141462353e-180	5.382979758273921e-31	Scil_g8844;Slac_ENSLPGG00000020856	2.07757562715874e-158	9.60524078610222e-34	Scil_g10622;Slac_ENSLPGG00000015371	6.338822533726596e-157	7.277465353697326e-131				Scil_g11267;Slac_ENSLPGG00000023554	3.743718923942767e-07	0.00027574990803420516				Scil_g6946;Slac_ENSLPGG00000024429	7.260064560330068e-57	1.6537847204483554e-110	Scil_g8427;Slac_ENSLPGG00000017323	1.1685998167737437e-58	2.9132178754735353e-101				Scil_g13572;Slac_ENSLPGG00000004809	3.6327706562881966e-22	5.963034993405129e-49	Scil_g12296;Slac_ENSLPGG00000027192	1.9807774607994926e-26	3.3286493105544603e-13							Scil_g130;Slac_ENSLPGG00000015888	3.038769567278182e-97	0.0	Scil_g428;Slac_ENSLPGG00000008220	1.0174043620730253e-33	3.167540637684572e-23	Scil_g5780;Slac_ENSLPGG00000001139	8.075077859503192e-13	2.220192107785784e-51	Scil_g5976;Slac_ENSLPGG00000006723	7.832955113633625e-06	5.638707431122879e-18	Scil_g7553;Slac_ENSLPGG00000012055	4.992187421418872e-07	2.19234091664274e-21				Scil_g53;Slac_ENSLPGG00000009627	5.379736448264538e-18	5.621883779611767e-10	Scil_g2647;Slac_ENSLPGG00000007249	9.577440439427229e-118	5.000617743495758e-30	Scil_g12515;Slac_ENSLPGG00000018880	1.3592850107523488e-160	6.333978704324807e-162	Scil_g8438;Slac_ENSLPGG00000026812	9.684420421181504e-139	8.869768797925984e-19	Scil_g10622;Slac_ENSLPGG00000015371	8.740363195160642e-136	1.1842560603528828e-215	Scil_g4752;Slac_ENSLPGG00000007608	4.951080527237749e-136	8.798925100418609e-67	Scil_g12515;Slac_ENSLPGG00000018880	7.1391131449806045e-152	6.333978704324807e-162	Scil_g5780;Slac_ENSLPGG00000001139	1.7124136431645906e-51	1.2820925521881469e-64	Scil_g12721;Slac_ENSLPGG00000026540	6.274956197302803e-61	1.734890457684032e-290	Scil_g12721;Slac_ENSLPGG00000026540	6.274956197302803e-61	0.0							Scil_g6432;Slac_ENSLPGG00000001593	7.692553290931109e-06	1.4501431785274845e-06				Scil_g4454;Slac_ENSLPGG00000024989	3.156239768081342e-13	0.001224637285983019	Scil_g455;Slac_ENSLPGG00000008236	0.0003605516847497859	4.049453320720712e-17	Scil_g6646;Slac_ENSLPGG00000020424	1.2853280083384515e-39	1.2124572891053823e-17	Scil_g1960;Slac_ENSLPGG00000001288	1.985765120453364e-36	2.6178751083484434e-11	Scil_g4752;Slac_ENSLPGG00000007608	1.6578365960155006e-32	4.7602508905185056e-167							Scil_g5475;Slac_ENSLPGG00000003671	4.169493034827786e-185	1.0199371661577197e-09	Scil_g3180;Slac_ENSLPGG00000015198	6.089949825709172e-63	2.380087486426294e-24	Scil_g7553;Slac_ENSLPGG00000012055	1.2373343278976536e-136	1.3477149522931497e-08	Scil_g1712;Slac_ENSLPGG00000011939	5.466690339879743e-170	3.848690199495851e-18				Scil_g5248;Slac_ENSLPGG00000019939	1.8229917120391009e-116	7.746866494854593e-09	Scil_g9127;Slac_ENSLPGG00000004375	3.7475180573296457e-106	6.643839758802514e-106												
			Scil_g1960;Slac_ENSLPGG00000001288	3.8411450141462353e-180	5.885151292742098e-62	Scil_g5475;Slac_ENSLPGG00000022382	1.295333448185283e-264	0.009079633528980611	Scil_g1791;Slac_ENSLPGG00000006262	1.533310905061664e-157	2.0125053597831658e-106	Scil_g12156;Slac_ENSLPGG00000010719	2.863278841264775e-151	8.243606754940854e-33	Scil_g8844;Slac_ENSLPGG00000020856	2.07757562715874e-158	6.36851191606529e-73				Scil_g1400;Slac_ENSLPGG00000015562	4.9710602863166417e-08	0.00046284244365523797				Scil_g2223;Slac_ENSLPGG00000007673	1.5626538048413212e-58	7.12339383590789e-10	Scil_g13572;Slac_ENSLPGG00000004809	4.8490970750146423e-73	3.772283687197882e-51				Scil_g3716;Slac_ENSLPGG00000021862	2.5264260903847175e-19	3.039889488693248e-22	Scil_g5248;Slac_ENSLPGG00000019939	2.644070458528744e-20	0.0012373971669953775							Scil_g176;Slac_ENSLPGG00000004179	4.708169132071062e-40	2.566557906837556e-08	Scil_g5780;Slac_ENSLPGG00000006271	8.075077859503192e-13	3.910247545886394e-05	Scil_g6241;Slac_ENSLPGG00000002720	3.02949917376751e-52	0.0008641401461996182	Scil_g5407;Slac_ENSLPGG00000016023	1.227686137985719e-08	1.622022999014291e-43	Scil_g1581;Slac_ENSLPGG00000012011	2.636296745571722e-07	2.6540400230581553e-106				Scil_g9100;Slac_ENSLPGG00000017185	3.641661681087841e-57	4.084696503843633e-14	Scil_g6323;Slac_ENSLPGG00000002326	8.90647349729818e-134	6.813175420404343e-71	Scil_g12565;Slac_ENSLPGG00000019527	4.3497956641956415e-114	3.9636058104633304e-53	Scil_g8502;Slac_ENSLPGG00000018844	2.190168559660769e-139	2.2732309812431514e-09	Scil_g7102;Slac_ENSLPGG00000009965	2.4329756369163848e-139	4.841134272084201e-190	Scil_g10727;Slac_ENSLPGG00000029327	1.2725363578676662e-104	5.259698767315557e-234	Scil_g3638;Slac_ENSLPGG00000014669	1.2325688050987257e-145	1.0341465535349035e-37	Scil_g5638;Slac_ENSLPGG00000012506	2.34263091530167e-12	1.9282914766473626e-08	Scil_g12781;Slac_ENSLPGG00000004729	6.388261027111742e-60	1.5028802308077826e-13	Scil_g10145;Slac_ENSLPGG00000014205	1.7089317846235402e-39	6.684661803218372e-99							Scil_g11800;Slac_ENSLPGG00000021800	4.753147524721509e-07	0.0011838276923605811				Scil_g6241;Slac_ENSLPGG00000002720	2.293745319801755e-28	0.0002946679420724894	Scil_g9721;Slac_ENSLPGG00000010538	1.9751226539828384e-53	3.084957708805901e-173	Scil_g10109;Slac_ENSLPGG00000016457	7.768998673171147e-44	1.2977290165073255e-21	Scil_g10109;Slac_ENSLPGG00000016457	7.768998673171147e-44	6.350593362814874e-07	Scil_g5248;Slac_ENSLPGG00000021586	2.918086057540766e-32	3.684928387240296e-05							Scil_g4752;Slac_ENSLPGG00000007608	3.459337609886802e-98	8.189585294466516e-38	Scil_g1742;Slac_ENSLPGG00000004571	3.798647156803432e-190	3.0000174092113735e-12	Scil_g6184;Slac_ENSLPGG00000011939	1.5848748352518866e-160	1.1894092102643668e-09	Scil_g11217;Slac_ENSLPGG00000030026	1.1898754821400538e-83	2.2595120526508228e-198				Scil_g13572;Slac_ENSLPGG00000004809	3.124360708919214e-121	8.153082959093245e-79	Scil_g899;Slac_ENSLPGG00000009254	3.3387544520931506e-131	3.4530296125796683e-90												
			Scil_g6184;Slac_ENSLPGG00000011939	3.6522866491868463e-268	1.9411559775035762e-60	Scil_g9127;Slac_ENSLPGG00000004375	1.102681786919194e-186	9.377724473202716e-14	Scil_g7102;Slac_ENSLPGG00000009965	1.717819657259668e-184	7.37085283583909e-98	Scil_g8438;Slac_ENSLPGG00000026812	1.033645134557843e-140	8.869768797925984e-19	Scil_g2690;Slac_ENSLPGG00000028953	1.4801592141196945e-159	5.465589737058946e-12				Scil_g12781;Slac_ENSLPGG00000012981	0.004458486538692887	6.510219449485247e-272				Scil_g12565;Slac_ENSLPGG00000019527	7.039873469065043e-72	3.9636058104633304e-53	Scil_g6646;Slac_ENSLPGG00000020424	1.027693016039049e-51	2.8566513018215486e-156				Scil_g899;Slac_ENSLPGG00000009254	5.25803528050071e-31	2.3277516519936157e-18	Scil_g899;Slac_ENSLPGG00000009254	5.25803528050071e-31	1.523015714377989e-05							Scil_g2615;Slac_ENSLPGG00000027773	1.2850429709161183e-25	3.8848046226407475e-25	Scil_g1526;Slac_ENSLPGG00000026673	5.0026042048331175e-22	0.0004832242677282447	Scil_g9800;Slac_ENSLPGG00000005083	2.527768294461531e-33	1.5330789444289382e-13	Scil_g5780;Slac_ENSLPGG00000001139	8.075077859503192e-13	2.2333618963525797e-42	Scil_g4190;Slac_ENSLPGG00000009116	5.797669049086736e-14	7.486222593249006e-95				Scil_g10648;Slac_ENSLPGG00000020432	2.418069736917249e-25	1.1716818952039217e-33	Scil_g9127;Slac_ENSLPGG00000004375	1.529933106180136e-148	4.092281823682723e-28	Scil_g3638;Slac_ENSLPGG00000014669	7.609938345296937e-154	1.0341465535349035e-37	Scil_g8322;Slac_ENSLPGG00000001999	5.565533061090922e-143	8.618432519461951e-31	Scil_g13035;Slac_ENSLPGG00000007086	4.615942427024598e-138	1.5825293255924431e-68	Scil_g3151;Slac_ENSLPGG00000010983	2.091366084722021e-131	1.3697328843771611e-14	Scil_g3151;Slac_ENSLPGG00000010983	2.091366084722021e-131	4.878130040153945e-56	Scil_g6432;Slac_ENSLPGG00000001593	4.0024488980391175e-56	3.094093173528089e-68	Scil_g2125;Slac_ENSLPGG00000027899	7.978194181701999e-06	2.2967947634161234e-05	Scil_g10147;Slac_ENSLPGG00000006923	2.8155538420449976e-98	1.0891507068197214e-14							Scil_g6573;Slac_ENSLPGG00000001774	0.00042815151837422705	0.004464869488401082				Scil_g5780;Slac_ENSLPGG00000019065	4.769338653554217e-20	7.743669357816417e-22	Scil_g12515;Slac_ENSLPGG00000018880	2.755593080196683e-48	9.104937249588135e-13	Scil_g9250;Slac_ENSLPGG00000028683	3.194321931852111e-41	1.429361472231043e-57	Scil_g10648;Slac_ENSLPGG00000020432	6.461962366397271e-43	0.0011464518797808358	Scil_g1791;Slac_ENSLPGG00000006262	3.2671865976993313e-35	2.0125053597831658e-106							Scil_g10622;Slac_ENSLPGG00000015371	6.871182138462703e-81	7.972200943429613e-33	Scil_g8589;Slac_ENSLPGG00000012828	5.301839687899924e-111	0.0	Scil_g10727;Slac_ENSLPGG00000029327	1.6808015664091792e-89	0.00021008154578739448	Scil_g5248;Slac_ENSLPGG00000021586	9.136900725565167e-151	3.684928387240296e-05				Scil_g1960;Slac_ENSLPGG00000001288	6.306552480614765e-130	5.885151292742098e-62	Scil_g2690;Slac_ENSLPGG00000028953	6.280257465976477e-132	5.465589737058946e-12												
			Scil_g2690;Slac_ENSLPGG00000028953	8.38465212710001e-178	4.542147874787075e-35	Scil_g2690;Slac_ENSLPGG00000028953	8.38465212710001e-178	3.0399264093256375e-07	Scil_g8844;Slac_ENSLPGG00000020856	2.82615707213856e-178	6.36851191606529e-73	Scil_g13572;Slac_ENSLPGG00000004809	1.0247871213964262e-142	8.153082959093245e-79	Scil_g53;Slac_ENSLPGG00000009627	2.5330480360471757e-145	5.0525466737479744e-92				Scil_g792;Slac_ENSLPGG00000001761	0.0031089579823336913	3.3685300848896664e-12				Scil_g8502;Slac_ENSLPGG00000026466	8.198007530054436e-60	8.607966133155261e-139	Scil_g12596;Slac_ENSLPGG00000019196	1.4576986891755845e-67	9.96460447504559e-36				Scil_g12296;Slac_ENSLPGG00000027192	1.9807774607994926e-26	9.590366371804594e-05	Scil_g7102;Slac_ENSLPGG00000009965	4.254401882896996e-27	0.0008380550938494989							Scil_g13539;Slac_ENSLPGG00000012055	3.2137585698642266e-123	2.19234091664274e-21	Scil_g5780;Slac_ENSLPGG00000007158	8.075077859503192e-13	4.7278428448667675e-26	Scil_g130;Slac_ENSLPGG00000011536	3.038769567278182e-97	0.0019672836793141746	Scil_g4190;Slac_ENSLPGG00000008750	1.4526739381398871e-05	0.00039525429256032763	Scil_g13637;Slac_ENSLPGG00000017789	2.883900710309911e-07	1.9455213731655336e-56				Scil_g8313;Slac_ENSLPGG00000009021	5.210430814143051e-20	4.2209662761810416e-20	Scil_g3151;Slac_ENSLPGG00000010983	4.4520447465475665e-132	2.511957324870183e-21	Scil_g12156;Slac_ENSLPGG00000010719	2.831514959563161e-130	5.474485706302514e-153	Scil_g12296;Slac_ENSLPGG00000027192	4.998613850484266e-127	1.804050237213268e-66	Scil_g9250;Slac_ENSLPGG00000028683	5.271924765515633e-138	3.2179420118599674e-36	Scil_g6646;Slac_ENSLPGG00000020424	3.2517818702365636e-142	7.815201365590943e-111	Scil_g2690;Slac_ENSLPGG00000028953	3.3994163992846197e-146	5.465589737058946e-12	Scil_g4454;Slac_ENSLPGG00000003977	1.4238794793202459e-11	5.022720896313377e-06	Scil_g5780;Slac_ENSLPGG00000003645	1.7124136431645906e-51	7.364139433469236e-17	Scil_g4454;Slac_ENSLPGG00000024989	1.4238794793202459e-11	0.001224637285983019							Scil_g5592;Slac_ENSLPGG00000024879	0.00048476720230067663	2.9032172242379645e-12				Scil_g10276;Slac_ENSLPGG00000005266	6.419724133461787e-06	2.114535297935719e-39	Scil_g9745;Slac_ENSLPGG00000010538	1.629667046633467e-52	3.084957708805901e-173	Scil_g8806;Slac_ENSLPGG00000011674	7.08072970929218e-33	3.8048786731711764e-116	Scil_g1791;Slac_ENSLPGG00000006262	3.2671865976993313e-35	1.0244840099958309e-07	Scil_g10109;Slac_ENSLPGG00000016457	7.768998673171147e-44	5.977307338815889e-86							Scil_g8313;Slac_ENSLPGG00000009021	2.8096118484062536e-83	3.06291335588323e-28	Scil_g13524;Slac_ENSLPGG00000007525	2.796627642960414e-122	5.560924111031682e-19	Scil_g5248;Slac_ENSLPGG00000005369	9.136900725565167e-151	0.008877332328887818	Scil_g12156;Slac_ENSLPGG00000010719	1.056585605853846e-61	5.474485706302514e-153				Scil_g7102;Slac_ENSLPGG00000009965	2.4460549544083734e-120	9.436398427869401e-33	Scil_g13234;Slac_ENSLPGG00000024124	5.262125983873594e-122	2.744362743817061e-69												
			Scil_g10909;Slac_ENSLPGG00000010260	2.28891007541165e-230	2.412924934131644e-38	Scil_g53;Slac_ENSLPGG00000009627	7.77918991188751e-193	7.814572005140388e-17	Scil_g13124;Slac_ENSLPGG00000013980	3.126717791224233e-203	2.6873996838215967e-06	Scil_g9100;Slac_ENSLPGG00000017185	8.429123104358075e-154	3.68466924349509e-29	Scil_g8502;Slac_ENSLPGG00000018844	2.2432094135289236e-151	4.1308649675673045e-12				Scil_g512;Slac_ENSLPGG00000012055	1.7376698732526147e-07	9.281690852235417e-14				Scil_g9127;Slac_ENSLPGG00000004375	8.581195583930896e-67	6.643839758802514e-106	Scil_g9124;Slac_ENSLPGG00000019035	3.449127592113356e-76	3.3272553401634185e-43				Scil_g10109;Slac_ENSLPGG00000016457	9.738525318242609e-20	1.5915245197710092e-19	Scil_g13035;Slac_ENSLPGG00000007086	1.6664007050442343e-23	4.299084521050052e-08							Scil_g12359;Slac_ENSLPGG00000012055	1.3366848353291036e-17	2.19234091664274e-21	Scil_g9815;Slac_ENSLPGG00000028025	0.0010678210337600475	1.791977381816941e-27	Scil_g5780;Slac_ENSLPGG00000006271	8.075077859503192e-13	1.472116136036607e-07	Scil_g552;Slac_ENSLPGG00000010574	1.202444248862245e-07	1.0616641448790795e-15	Scil_g5976;Slac_ENSLPGG00000006723	1.522062129264596e-12	1.0853367265518621e-95				Scil_g8806;Slac_ENSLPGG00000011674	1.2487667622631606e-16	1.2613715680232881e-113	Scil_g8427;Slac_ENSLPGG00000017323	2.1560867680654236e-138	2.333992275801153e-10	Scil_g3716;Slac_ENSLPGG00000021862	5.99382516886498e-92	1.669341644817942e-184	Scil_g12565;Slac_ENSLPGG00000019527	3.9076127707410365e-126	5.3740621225001405e-45	Scil_g2647;Slac_ENSLPGG00000007249	5.136824972057981e-127	5.4542068545133883e-129	Scil_g1960;Slac_ENSLPGG00000001288	3.2286928073300084e-140	6.246852829715456e-17	Scil_g1960;Slac_ENSLPGG00000002916	3.2286928073300084e-140	5.382979758273921e-31	Scil_g130;Slac_ENSLPGG00000015888	4.0112072596266123e-53	0.0	Scil_g10843;Slac_ENSLPGG00000008220	5.8510968977090995e-08	6.988410640007368e-06	Scil_g3316;Slac_ENSLPGG00000004765	8.735432749180825e-55	1.112498669388086e-12							Scil_g5592;Slac_ENSLPGG00000027633	0.00048476720230067663	1.3543352425329576e-06				Scil_g10508;Slac_ENSLPGG00000012949	2.4416232723445192e-08	0.0	Scil_g9493;Slac_ENSLPGG00000011571	0.007946002510224504	2.110374489830032e-74	Scil_g2206;Slac_ENSLPGG00000008927	4.1859626309607827e-41	1.143125098030077e-76	Scil_g9250;Slac_ENSLPGG00000028683	3.194321931852111e-41	1.4293641445334839e-11	Scil_g2690;Slac_ENSLPGG00000028953	3.151077888671481e-37	5.465589737058946e-12							Scil_g8427;Slac_ENSLPGG00000017323	3.8870103948071065e-74	2.333992275801153e-10	Scil_g6171;Slac_ENSLPGG00000020621	9.395704875551866e-80	0.0020994408562844914	Scil_g7321;Slac_ENSLPGG00000014536	5.930847674605021e-125	1.6713606910148e-09	Scil_g9293;Slac_ENSLPGG00000004179	1.5683835358952403e-97	0.00041922201390155815				Scil_g1791;Slac_ENSLPGG00000006262	4.0636074727132244e-104	1.164211650612726e-23	Scil_g11217;Slac_ENSLPGG00000030026	3.0300660819734227e-109	2.2595120526508228e-198												
			Scil_g4752;Slac_ENSLPGG00000007608	3.6062035799832598e-217	8.189585294466516e-38	Scil_g9124;Slac_ENSLPGG00000019035	2.1980065212529816e-207	3.6679386549328435e-22	Scil_g1960;Slac_ENSLPGG00000001288	3.8411450141462353e-180	1.7179326704524777e-43	Scil_g8806;Slac_ENSLPGG00000011674	1.0830553870433625e-125	3.8048786731711764e-116	Scil_g8313;Slac_ENSLPGG00000009021	6.323963500206006e-147	1.1115838810982365e-42				Scil_g12359;Slac_ENSLPGG00000012055	3.5086369533434676e-09	9.281690852235417e-14				Scil_g53;Slac_ENSLPGG00000009627	6.011618319399642e-62	5.0525466737479744e-92	Scil_g5248;Slac_ENSLPGG00000010551	2.278276307296944e-93	7.060343438230766e-14				Scil_g8427;Slac_ENSLPGG00000017323	2.521212611022661e-22	3.2819625622210575e-16	Scil_g9100;Slac_ENSLPGG00000017185	4.757648511826956e-25	0.00011212336916085439							Scil_g5780;Slac_ENSLPGG00000021520	8.075077859503192e-13	2.406906189302973e-12	Scil_g7598;Slac_ENSLPGG00000026540	1.0316136630632663e-56	1.0732608612704924e-90	Scil_g428;Slac_ENSLPGG00000008220	1.0174043620730253e-33	6.988410640007368e-06	Scil_g2615;Slac_ENSLPGG00000027773	1.2850429709161183e-25	0.0030795829876607227	Scil_g5407;Slac_ENSLPGG00000016023	4.790139355705465e-12	1.7535915481954252e-249				Scil_g8438;Slac_ENSLPGG00000026812	1.1833813004343874e-20	5.681340517490585e-48	Scil_g898;Slac_ENSLPGG00000026505	1.4956574481413863e-134	3.3658349896174976e-75	Scil_g899;Slac_ENSLPGG00000009254	2.5228771248932444e-131	3.4530296125796683e-90	Scil_g9293;Slac_ENSLPGG00000004000	2.4492817883719566e-122	0.003278021509044548	Scil_g2483;Slac_ENSLPGG00000028631	1.1710970285540393e-134	8.105810487656094e-269	Scil_g13572;Slac_ENSLPGG00000004809	2.8512104660799104e-135	2.2277266519579853e-58	Scil_g3716;Slac_ENSLPGG00000021862	4.657248853766761e-104	1.669341644817942e-184	Scil_g792;Slac_ENSLPGG00000001761	1.0741828022168916e-77	6.291484519645972e-69	Scil_g9698;Slac_ENSLPGG00000003607	2.1174761704086054e-09	2.7334136881334237e-08	Scil_g12721;Slac_ENSLPGG00000018326	6.274956197302803e-61	1.487170876744384e-72							Scil_g1929;Slac_ENSLPGG00000017167	0.00025844979145206193	0.0007911283481224101				Scil_g10145;Slac_ENSLPGG00000014205	2.3180500186608853e-14	6.684661803218372e-99	Scil_g3256;Slac_ENSLPGG00000002916	1.4286035850631508e-08	6.919613503053608e-05	Scil_g3256;Slac_ENSLPGG00000001288	1.3159239168598115e-39	5.885151292742098e-62	Scil_g12596;Slac_ENSLPGG00000019196	2.0912025700054204e-33	1.7627441534437368e-05	Scil_g8844;Slac_ENSLPGG00000020856	1.5181222013118335e-37	6.36851191606529e-73							Scil_g3638;Slac_ENSLPGG00000014669	2.045559106565098e-63	6.752321915550898e-42	Scil_g9800;Slac_ENSLPGG00000008029	5.841018448193116e-147	7.253113055451048e-09	Scil_g9194;Slac_ENSLPGG00000014536	5.898830227810446e-140	1.6713606910148e-09	Scil_g13584;Slac_ENSLPGG00000010731	8.705571607741827e-89	8.728957961973727e-108				Scil_g9250;Slac_ENSLPGG00000028683	5.7746026627104943e-98	1.429361472231043e-57	Scil_g2223;Slac_ENSLPGG00000007673	9.174614163292671e-123	7.12339383590789e-10												
			Scil_g8322;Slac_ENSLPGG00000001999	4.701934947101874e-195	8.618432519461951e-31	Scil_g2483;Slac_ENSLPGG00000028631	2.4208191274464857e-204	8.812292458685159e-11	Scil_g6646;Slac_ENSLPGG00000020424	1.3993094756793536e-177	2.8566513018215486e-156	Scil_g53;Slac_ENSLPGG00000009627	2.5330480360471757e-145	1.8083363914675516e-28	Scil_g3716;Slac_ENSLPGG00000021862	8.334447354496326e-136	1.669341644817942e-184				Scil_g6478;Slac_ENSLPGG00000003671	6.228490159714127e-05	4.0343780813769214e-16				Scil_g5248;Slac_ENSLPGG00000024411	1.0532875804502493e-85	1.2096505057732134e-06	Scil_g10909;Slac_ENSLPGG00000010260	1.6856990682172185e-88	1.3761025001221455e-53				Scil_g8313;Slac_ENSLPGG00000009021	7.847941190702094e-25	2.3531161329478632e-07	Scil_g8313;Slac_ENSLPGG00000009021	7.847941190702094e-25	2.1981316045548347e-11							Scil_g5780;Slac_ENSLPGG00000001139	8.075077859503192e-13	1.2820925521881469e-64	Scil_g5780;Slac_ENSLPGG00000019065	8.075077859503192e-13	3.3875333664234066e-08	Scil_g10276;Slac_ENSLPGG00000005266	3.3711767944830166e-06	3.373245846227511e-05	Scil_g8135;Slac_ENSLPGG00000014782	6.553039098870591e-124	7.511582536667917e-60	Scil_g4454;Slac_ENSLPGG00000008996	6.321122707182059e-10	1.5660012384512366e-29				Scil_g10372;Slac_ENSLPGG00000008330	2.085140234756488e-12	4.698298156306525e-09	Scil_g9293;Slac_ENSLPGG00000014397	1.1287742971164978e-130	6.514620800285567e-10	Scil_g13572;Slac_ENSLPGG00000004809	2.5139323212437274e-135	3.772283687197882e-51	Scil_g6646;Slac_ENSLPGG00000020424	3.2517818702365636e-142	1.2124572891053823e-17	Scil_g3638;Slac_ENSLPGG00000014669	1.2325688050987257e-145	4.03566774226837e-12	Scil_g8806;Slac_ENSLPGG00000011674	2.2169537854916817e-147	4.15732808686187e-58	Scil_g6946;Slac_ENSLPGG00000024429	2.0874464023264398e-138	1.6537847204483554e-110	Scil_g10843;Slac_ENSLPGG00000010973	5.8510968977090995e-08	1.1028157598999744e-16	Scil_g6432;Slac_ENSLPGG00000001593	4.0024488980391175e-56	1.4501431785274845e-06	Scil_g3804;Slac_ENSLPGG00000008240	3.001239821820938e-09	0.0029252401956780874							Scil_g10035;Slac_ENSLPGG00000016216	1.6828169732908277e-07	0.007349079836330982				Scil_g6013;Slac_ENSLPGG00000000463	1.2697609364861623e-19	1.0344016110711177e-23	Scil_g3256;Slac_ENSLPGG00000001288	1.4286035850631508e-08	6.246852829715456e-17	Scil_g1492;Slac_ENSLPGG00000007868	7.545423925236786e-35	4.332076472461795e-51	Scil_g2647;Slac_ENSLPGG00000007249	2.8020317364851457e-33	0.000289686189016528	Scil_g10648;Slac_ENSLPGG00000020432	6.461962366397271e-43	1.6142545983886282e-46							Scil_g10372;Slac_ENSLPGG00000008330	1.0664588497875014e-74	4.961674519059835e-27	Scil_g7729;Slac_ENSLPGG00000007104	4.105415624102138e-147	4.44032764978253e-147	Scil_g10318;Slac_ENSLPGG00000002095	1.0844220647569434e-162	0.0025877451922031777	Scil_g6646;Slac_ENSLPGG00000020424	1.1903212790273652e-69	2.8566513018215486e-156				Scil_g899;Slac_ENSLPGG00000009254	3.3387544520931506e-131	1.0387890797063537e-13	Scil_g10109;Slac_ENSLPGG00000016457	5.363888223878153e-109	5.977307338815889e-86												
			Scil_g8844;Slac_ENSLPGG00000020856	2.82615707213856e-178	9.60524078610222e-34	Scil_g5248;Slac_ENSLPGG00000019939	9.184157074467191e-224	0.0012373971669953775	Scil_g10109;Slac_ENSLPGG00000016457	3.418921459024882e-185	5.977307338815889e-86	Scil_g3151;Slac_ENSLPGG00000010983	1.864551246993008e-149	2.511957324870183e-21	Scil_g12565;Slac_ENSLPGG00000019527	4.447441707168477e-141	3.9636058104633304e-53				Scil_g6478;Slac_ENSLPGG00000020621	6.228490159714127e-05	0.0020994408562844914				Scil_g3361;Slac_ENSLPGG00000011974	1.011357823052085e-70	7.67347883547446e-58	Scil_g9293;Slac_ENSLPGG00000004179	7.310752068739718e-87	0.00041922201390155815				Scil_g53;Slac_ENSLPGG00000009627	1.4604718783238208e-19	1.1360638541062e-11	Scil_g6323;Slac_ENSLPGG00000002326	7.857404655396956e-26	5.370822801246522e-14							Scil_g8135;Slac_ENSLPGG00000014782	6.553039098870591e-124	2.527012269453476e-230	Scil_g428;Slac_ENSLPGG00000010973	1.0174043620730253e-33	0.001980423329131279	Scil_g5780;Slac_ENSLPGG00000003645	8.075077859503192e-13	7.364139433469236e-17	Scil_g130;Slac_ENSLPGG00000015888	3.038769567278182e-97	4.935249377866164e-124	Scil_g3316;Slac_ENSLPGG00000004765	0.00020131795790806882	1.9012852349390307e-49				Scil_g8502;Slac_ENSLPGG00000026466	2.014344585288032e-18	1.9150496320993168e-07	Scil_g9293;Slac_ENSLPGG00000004000	1.1287742971164978e-130	0.003278021509044548	Scil_g8502;Slac_ENSLPGG00000018844	3.867430370413941e-134	4.1308649675673045e-12	Scil_g10727;Slac_ENSLPGG00000029327	1.2725363578676662e-104	1.177325430920987e-46	Scil_g8313;Slac_ENSLPGG00000009021	6.515314154565603e-135	7.404834299360518e-57	Scil_g8313;Slac_ENSLPGG00000009021	6.515314154565603e-135	1.7464228293717215e-06	Scil_g13234;Slac_ENSLPGG00000024124	3.2167110153814714e-132	2.744362743817061e-69	Scil_g5780;Slac_ENSLPGG00000007158	1.7124136431645906e-51	1.2143326670897745e-90	Scil_g2151;Slac_ENSLPGG00000006993	5.1627748462471725e-15	7.782149200713181e-15	Scil_g2125;Slac_ENSLPGG00000027899	7.978194181701999e-06	2.395930781699351e-18							Scil_g2536;Slac_ENSLPGG00000030214	2.5939509287340304e-05	0.009040097015406479				Scil_g5592;Slac_ENSLPGG00000027633	8.968057247972324e-12	0.0036604227762853454	Scil_g9493;Slac_ENSLPGG00000014397	0.007946002510224504	2.949995427985947e-109	Scil_g4752;Slac_ENSLPGG00000007608	1.6578365960155006e-32	8.189585294466516e-38	Scil_g8322;Slac_ENSLPGG00000001999	4.5403459215787064e-42	1.918791369939745e-05	Scil_g3084;Slac_ENSLPGG00000011626	4.6500804576614106e-33	2.7121220528470996e-56							Scil_g10909;Slac_ENSLPGG00000010260	3.615138494963173e-114	2.412924934131644e-38	Scil_g9800;Slac_ENSLPGG00000018604	5.841018448193116e-147	5.878143508340714e-07	Scil_g9194;Slac_ENSLPGG00000011935	5.898830227810446e-140	0.000341368738201194	Scil_g8844;Slac_ENSLPGG00000020856	1.0977522314469613e-67	6.36851191606529e-73				Scil_g8438;Slac_ENSLPGG00000026812	5.6658914097535356e-114	8.869768797925984e-19	Scil_g10622;Slac_ENSLPGG00000015371	4.379267899854331e-127	7.277465353697326e-131												
			Scil_g3361;Slac_ENSLPGG00000011974	8.789617725297002e-195	2.0632845311203926e-41	Scil_g13344;Slac_ENSLPGG00000027561	3.684802757238553e-41	0.0026684269733856267	Scil_g8427;Slac_ENSLPGG00000017323	9.197135816581088e-177	2.9132178754735353e-101	Scil_g5248;Slac_ENSLPGG00000024411	2.327018957595338e-155	0.00026913458432165766	Scil_g2893;Slac_ENSLPGG00000008469	3.416092388596415e-141	3.641744759946759e-217				Scil_g792;Slac_ENSLPGG00000022488	0.0031089579823336913	3.509777242944072e-05				Scil_g898;Slac_ENSLPGG00000026505	8.472662142344133e-71	4.5830107918985423e-125	Scil_g899;Slac_ENSLPGG00000009254	2.218417267502665e-62	3.4530296125796683e-90				Scil_g6323;Slac_ENSLPGG00000002326	7.857404655396956e-26	7.758715821055858e-28	Scil_g8427;Slac_ENSLPGG00000017323	2.521212611022661e-22	1.4531566689172435e-07							Scil_g12721;Slac_ENSLPGG00000026540	8.54858194858048e-177	1.6846350349653484e-167	Scil_g8135;Slac_ENSLPGG00000014782	6.553039098870591e-124	1.0024042859314997e-58	Scil_g11800;Slac_ENSLPGG00000021800	5.9411453070139785e-53	0.0011838276923605811	Scil_g5780;Slac_ENSLPGG00000006271	8.075077859503192e-13	1.0229771297781507e-17	Scil_g7247;Slac_ENSLPGG00000002394	1.27053640494436e-10	5.3269958581323884e-185				Scil_g12296;Slac_ENSLPGG00000027192	4.379906835346062e-14	1.0639833620945948e-43	Scil_g13124;Slac_ENSLPGG00000010195	6.693642595961373e-85	8.286679837350897e-82	Scil_g6946;Slac_ENSLPGG00000024429	2.245935051637104e-143	1.6537847204483554e-110	Scil_g9293;Slac_ENSLPGG00000004519	2.4492817883719566e-122	0.00010686538706661993	Scil_g898;Slac_ENSLPGG00000026505	6.420321187906607e-144	9.157546727474932e-298	Scil_g13035;Slac_ENSLPGG00000007086	4.615942427024598e-138	6.759362419851532e-31	Scil_g8313;Slac_ENSLPGG00000009021	6.515314154565603e-135	1.1115838810982365e-42	Scil_g4454;Slac_ENSLPGG00000008996	1.4238794793202459e-11	1.5660012384512366e-29	Scil_g5638;Slac_ENSLPGG00000012506	2.34263091530167e-12	0.004491821784609876	Scil_g5780;Slac_ENSLPGG00000009955	1.7124136431645906e-51	0.00023352210689433467							Scil_g13539;Slac_ENSLPGG00000015888	3.2390411560243117e-13	2.3890365827408978e-05				Scil_g10508;Slac_ENSLPGG00000018391	2.4416232723445192e-08	3.2681580124010983e-12	Scil_g2393;Slac_ENSLPGG00000028380	5.773585746331965e-30	0.0	Scil_g1791;Slac_ENSLPGG00000006262	3.2671865976993313e-35	1.164211650612726e-23	Scil_g9552;Slac_ENSLPGG00000002404	6.059984081567439e-37	7.231888329703779e-16	Scil_g12596;Slac_ENSLPGG00000019196	2.0912025700054204e-33	9.96460447504559e-36							Scil_g7102;Slac_ENSLPGG00000009965	1.01794184207112e-79	9.436398427869401e-33	Scil_g1581;Slac_ENSLPGG00000012011	1.2011994131643254e-98	1.0908059930960524e-07	Scil_g1742;Slac_ENSLPGG00000004571	3.798647156803432e-190	0.00520149776872726	Scil_g1960;Slac_ENSLPGG00000001288	1.7697978722686095e-82	1.7179326704524777e-43				Scil_g9720;Slac_ENSLPGG00000010538	1.2868940109952086e-152	3.161013484890436e-29	Scil_g8844;Slac_ENSLPGG00000020856	8.598935866062354e-137	6.36851191606529e-73												
			Scil_g898;Slac_ENSLPGG00000026505	2.6993486284459314e-204	3.3658349896174976e-75	Scil_g13584;Slac_ENSLPGG00000010731	3.6585541820476346e-190	3.724813971953972e-05	Scil_g1712;Slac_ENSLPGG00000011939	4.493884412913796e-269	3.848690199495851e-18	Scil_g4911;Slac_ENSLPGG00000009291	6.800158371790932e-149	1.0203924391597908e-30	Scil_g1791;Slac_ENSLPGG00000006262	3.944993406931303e-142	2.0125053597831658e-106				Scil_g12781;Slac_ENSLPGG00000004729	0.004458486538692887	9.237401175856769e-06				Scil_g899;Slac_ENSLPGG00000009254	5.584797463990857e-59	3.4530296125796683e-90	Scil_g1960;Slac_ENSLPGG00000001288	2.213824322766958e-62	1.7179326704524777e-43				Scil_g11217;Slac_ENSLPGG00000030026	8.188227833622356e-22	4.510134876156982e-30	Scil_g3716;Slac_ENSLPGG00000021862	2.5264260903847175e-19	8.742219998526195e-10							Scil_g428;Slac_ENSLPGG00000010973	1.0174043620730253e-33	1.1028157598999744e-16	Scil_g12359;Slac_ENSLPGG00000015888	1.3366848353291036e-17	1.5830105251132872e-09	Scil_g9698;Slac_ENSLPGG00000003607	0.00018961275223916912	2.7334136881334237e-08	Scil_g13539;Slac_ENSLPGG00000008987	3.2137585698642266e-123	0.0003682328182331135	Scil_g10843;Slac_ENSLPGG00000010973	1.5474631061637937e-06	1.1028157598999744e-16				Scil_g6946;Slac_ENSLPGG00000024429	1.5642368771053066e-17	7.497547066851103e-84	Scil_g12156;Slac_ENSLPGG00000010719	2.831514959563161e-130	8.243606754940854e-33	Scil_g2647;Slac_ENSLPGG00000007249	9.577440439427229e-118	4.502716064644152e-65	Scil_g3151;Slac_ENSLPGG00000010983	2.091366084722021e-131	2.511957324870183e-21	Scil_g13572;Slac_ENSLPGG00000004809	2.8512104660799104e-135	8.690144757512029e-142	Scil_g9124;Slac_ENSLPGG00000019035	4.254453415965047e-132	7.529014787723042e-150	Scil_g12565;Slac_ENSLPGG00000019527	3.9076127707410365e-126	3.9636058104633304e-53	Scil_g428;Slac_ENSLPGG00000008220	4.175250432571053e-28	1.883193958619205e-293	Scil_g130;Slac_ENSLPGG00000011536	4.0112072596266123e-53	0.0019672836793141746	Scil_g4454;Slac_ENSLPGG00000008996	1.4238794793202459e-11	8.412140064051407e-08							Scil_g9297;Slac_ENSLPGG00000017442	0.0022649008019035815	0.005017796047592088				Scil_g480;Slac_ENSLPGG00000010615	3.713763942863207e-13	4.4086985823551165e-25	Scil_g1710;Slac_ENSLPGG00000017185	1.7387110964430242e-30	2.2755056584257245e-07	Scil_g10372;Slac_ENSLPGG00000008330	7.432158271116587e-38	4.961674519059835e-27	Scil_g2206;Slac_ENSLPGG00000008927	4.1859626309607827e-41	3.011757268599366e-13	Scil_g5248;Slac_ENSLPGG00000019939	2.918086057540766e-32	2.3792066558181335e-05							Scil_g3716;Slac_ENSLPGG00000021862	1.457833778588822e-103	1.0957328769868086e-20	Scil_g272;Slac_ENSLPGG00000011745	4.4020482414545957e-138	1.6629345013821533e-68	Scil_g9800;Slac_ENSLPGG00000004714	5.841018448193116e-147	2.1963403759764245e-06	Scil_g10372;Slac_ENSLPGG00000008330	1.0664588497875014e-74	7.301711167651742e-92				Scil_g8844;Slac_ENSLPGG00000020856	8.598935866062354e-137	9.60524078610222e-34	Scil_g13572;Slac_ENSLPGG00000004809	3.124360708919214e-121	3.772283687197882e-51												
			Scil_g13584;Slac_ENSLPGG00000010731	3.6585541820476346e-190	1.9766319970207384e-32	Scil_g13124;Slac_ENSLPGG00000010195	3.126717791224233e-203	1.0756285661407212e-08	Scil_g5248;Slac_ENSLPGG00000010551	9.184157074467191e-224	7.060343438230766e-14	Scil_g8502;Slac_ENSLPGG00000018844	2.2432094135289236e-151	2.2732309812431514e-09	Scil_g9127;Slac_ENSLPGG00000004375	2.5506687612283145e-138	6.643839758802514e-106				Scil_g12088;Slac_ENSLPGG00000008894	0.00031251480544534693	0.0009672509339176299				Scil_g9720;Slac_ENSLPGG00000010538	4.917109897313178e-87	7.308255219812879e-65	Scil_g53;Slac_ENSLPGG00000009627	6.919238879405953e-60	5.0525466737479744e-92				Scil_g10727;Slac_ENSLPGG00000029327	1.8346145827871748e-14	8.14090918279639e-11	Scil_g9552;Slac_ENSLPGG00000002404	4.476678404499022e-25	8.442628938169933e-06							Scil_g8135;Slac_ENSLPGG00000014506	6.553039098870591e-124	2.874786336523376e-69	Scil_g10276;Slac_ENSLPGG00000005266	3.3711767944830166e-06	0.001040072136653323	Scil_g5780;Slac_ENSLPGG00000019065	8.075077859503192e-13	0.00012544770944453683	Scil_g5780;Slac_ENSLPGG00000003645	8.075077859503192e-13	8.339418529211123e-12	Scil_g13524;Slac_ENSLPGG00000011839	1.1129170169553214e-05	9.31254328396097e-40				Scil_g13035;Slac_ENSLPGG00000007086	1.2287726825989373e-10	4.246956407515698e-92	Scil_g2690;Slac_ENSLPGG00000028953	4.584850493671837e-145	4.542147874787075e-35	Scil_g13584;Slac_ENSLPGG00000010731	7.518428030730751e-127	8.728957961973727e-108	Scil_g13572;Slac_ENSLPGG00000004809	2.8512104660799104e-135	8.153082959093245e-79	Scil_g1791;Slac_ENSLPGG00000006262	1.474487753595764e-115	3.162527868131232e-210	Scil_g12515;Slac_ENSLPGG00000018880	7.1391131449806045e-152	9.104937249588135e-13	Scil_g2647;Slac_ENSLPGG00000007249	5.136824972057981e-127	4.502716064644152e-65	Scil_g10145;Slac_ENSLPGG00000014205	1.7089317846235402e-39	2.2503600861128894e-99	Scil_g5780;Slac_ENSLPGG00000006271	1.7124136431645906e-51	1.472116136036607e-07	Scil_g10145;Slac_ENSLPGG00000002251	1.7089317846235402e-39	7.2410356844662e-05							Scil_g130;Slac_ENSLPGG00000011536	2.5508794587154686e-11	0.0019672836793141746				Scil_g2206;Slac_ENSLPGG00000008251	0.006963782452575129	0.0018142846495661598	Scil_g8992;Slac_ENSLPGG00000020148	2.687803101786107e-35	4.009916980574879e-13	Scil_g3084;Slac_ENSLPGG00000011626	4.6500804576614106e-33	0.0001012659001299918	Scil_g7102;Slac_ENSLPGG00000009965	5.437743478737564e-41	1.2945906957872892e-11	Scil_g13124;Slac_ENSLPGG00000013980	5.25206617654619e-24	2.6873996838215967e-06							Scil_g8438;Slac_ENSLPGG00000026812	8.050542178317267e-90	8.869768797925984e-19	Scil_g4454;Slac_ENSLPGG00000004947	3.284144031726754e-68	1.3534218847680995e-14	Scil_g272;Slac_ENSLPGG00000011745	4.4020482414545957e-138	8.785573694382287e-36	Scil_g10109;Slac_ENSLPGG00000016457	3.960446921005685e-81	5.977307338815889e-86				Scil_g9127;Slac_ENSLPGG00000004375	3.7475180573296457e-106	4.092281823682723e-28	Scil_g9250;Slac_ENSLPGG00000028683	5.7746026627104943e-98	6.089579012366993e-65												
			Scil_g53;Slac_ENSLPGG00000009627	7.77918991188751e-193	1.8083363914675516e-28	Scil_g5475;Slac_ENSLPGG00000003671	1.295333448185283e-264	0.00027720892671967813	Scil_g12156;Slac_ENSLPGG00000010719	2.209389321751401e-174	5.474485706302514e-153	Scil_g10622;Slac_ENSLPGG00000015371	6.338822533726596e-157	7.972200943429613e-33	Scil_g899;Slac_ENSLPGG00000009254	8.135971964112676e-147	3.4530296125796683e-90				Scil_g792;Slac_ENSLPGG00000030274	0.0031089579823336913	1.7252733415306524e-08				Scil_g10372;Slac_ENSLPGG00000008330	7.006226590431303e-52	7.301711167651742e-92	Scil_g8313;Slac_ENSLPGG00000009021	1.0367214605733794e-64	1.1115838810982365e-42				Scil_g5248;Slac_ENSLPGG00000010551	2.644070458528744e-20	3.967982022429426e-06	Scil_g6184;Slac_ENSLPGG00000011939	5.4473870678083475e-09	5.403832430581517e-26							Scil_g176;Slac_ENSLPGG00000004000	4.708169132071062e-40	0.0015044966193986783	Scil_g13539;Slac_ENSLPGG00000015888	3.2137585698642266e-123	1.5830105251132872e-09	Scil_g480;Slac_ENSLPGG00000010615	0.009624626957442097	6.938615082109267e-12	Scil_g12359;Slac_ENSLPGG00000008987	1.3366848353291036e-17	0.0003682328182331135	Scil_g13524;Slac_ENSLPGG00000007525	1.1129170169553214e-05	5.6755860237284635e-83				Scil_g9124;Slac_ENSLPGG00000019035	1.5299585925061261e-24	4.0289932204317014e-54	Scil_g13035;Slac_ENSLPGG00000007086	2.556948867572166e-121	1.1676298269618592e-24	Scil_g10372;Slac_ENSLPGG00000008330	1.912979881471033e-135	7.301711167651742e-92	Scil_g12156;Slac_ENSLPGG00000010719	3.071896165372726e-136	8.243606754940854e-33	Scil_g899;Slac_ENSLPGG00000009254	1.6375404150214944e-141	4.475282783693001e-227	Scil_g899;Slac_ENSLPGG00000009254	1.6375404150214944e-141	1.0149697898177453e-48	Scil_g2893;Slac_ENSLPGG00000008469	4.065461872630448e-115	3.641744759946759e-217	Scil_g10145;Slac_ENSLPGG00000030375	1.7089317846235402e-39	2.8472670497856756e-10	Scil_g6241;Slac_ENSLPGG00000002720	8.13400126756962e-59	0.0008641401461996182	Scil_g4454;Slac_ENSLPGG00000003977	1.4238794793202459e-11	0.004951429584442369							Scil_g5478;Slac_ENSLPGG00000015099	5.404371269018159e-06	8.894212548360123e-05				Scil_g6432;Slac_ENSLPGG00000001593	7.62659949985566e-12	4.298847216809792e-10	Scil_g11065;Slac_ENSLPGG00000026756	1.568012243905704e-51	8.504659512207727e-23	Scil_g7102;Slac_ENSLPGG00000009965	5.437743478737564e-41	9.436398427869401e-33	Scil_g5248;Slac_ENSLPGG00000019939	2.918086057540766e-32	0.00033575227238594234	Scil_g9552;Slac_ENSLPGG00000002404	6.059984081567439e-37	3.959183914797521e-100							Scil_g12296;Slac_ENSLPGG00000027192	2.518698405210266e-60	1.804050237213268e-66	Scil_g865;Slac_ENSLPGG00000013426	5.423056199089706e-60	3.3129901704959856e-54	Scil_g9800;Slac_ENSLPGG00000008029	5.841018448193116e-147	3.5400330391982375e-05	Scil_g3361;Slac_ENSLPGG00000011974	3.875058604343026e-72	7.67347883547446e-58				Scil_g13234;Slac_ENSLPGG00000024124	5.262125983873594e-122	1.5429330505535007e-18	Scil_g53;Slac_ENSLPGG00000009627	4.1686824855212585e-114	5.0525466737479744e-92												
			Scil_g8806;Slac_ENSLPGG00000011674	6.003775783168802e-181	3.8048786731711764e-116	Scil_g6184;Slac_ENSLPGG00000010742	3.6522866491868463e-268	9.422669666121207e-08	Scil_g3361;Slac_ENSLPGG00000011974	8.789617725297002e-195	7.67347883547446e-58	Scil_g10318;Slac_ENSLPGG00000012055	4.9135268996406164e-92	2.5837843891576112e-25	Scil_g4911;Slac_ENSLPGG00000009291	6.800158371790932e-149	2.168851175657556e-68										Scil_g6184;Slac_ENSLPGG00000011939	3.746034577714982e-136	3.848690199495851e-18	Scil_g11217;Slac_ENSLPGG00000030026	4.591856762452543e-69	2.2595120526508228e-198				Scil_g898;Slac_ENSLPGG00000026505	1.4124408807626031e-21	3.83332119509891e-43	Scil_g898;Slac_ENSLPGG00000026505	1.4124408807626031e-21	1.7261422591349517e-22							Scil_g6241;Slac_ENSLPGG00000002720	3.02949917376751e-52	0.00589018339355581	Scil_g9698;Slac_ENSLPGG00000003607	0.00018961275223916912	0.004996869906724597	Scil_g8135;Slac_ENSLPGG00000014782	6.553039098870591e-124	6.139298948428567e-20	Scil_g130;Slac_ENSLPGG00000008987	3.038769567278182e-97	0.0003682328182331135	Scil_g8269;Slac_ENSLPGG00000004338	3.241726017266313e-15	2.8393477480341395e-18				Scil_g6184;Slac_ENSLPGG00000010742	2.7644269655321644e-102	0.0005641161180508278	Scil_g899;Slac_ENSLPGG00000009254	2.5228771248932444e-131	1.0387890797063537e-13	Scil_g3151;Slac_ENSLPGG00000010983	4.4520447465475665e-132	4.878130040153945e-56	Scil_g2647;Slac_ENSLPGG00000007249	5.136824972057981e-127	5.000617743495758e-30	Scil_g1960;Slac_ENSLPGG00000001288	3.2286928073300084e-140	3.3132955920739e-08	Scil_g10648;Slac_ENSLPGG00000020432	6.0944796742108695e-130	1.0583482297855798e-35	Scil_g13572;Slac_ENSLPGG00000004809	2.8512104660799104e-135	3.772283687197882e-51	Scil_g2151;Slac_ENSLPGG00000006993	5.1627748462471725e-15	2.2617542535908175e-85	Scil_g12781;Slac_ENSLPGG00000012981	6.388261027111742e-60	9.53479232173829e-17	Scil_g5780;Slac_ENSLPGG00000007158	1.7124136431645906e-51	8.93280614491226e-29							Scil_g178;Slac_ENSLPGG00000008750	0.0021267676353237883	1.3014600539860488e-43				Scil_g4454;Slac_ENSLPGG00000003977	3.156239768081342e-13	0.004951429584442369	Scil_g9420;Slac_ENSLPGG00000018181	4.7874880493876727e-14	1.80179114112914e-70	Scil_g12156;Slac_ENSLPGG00000010719	6.396736662024265e-38	8.243606754940854e-33	Scil_g3256;Slac_ENSLPGG00000001288	1.3159239168598115e-39	2.6178751083484434e-11	Scil_g9250;Slac_ENSLPGG00000028683	3.194321931852111e-41	6.089579012366993e-65							Scil_g6171;Slac_ENSLPGG00000001057	9.395704875551866e-80	0.002605558624769482	Scil_g12646;Slac_ENSLPGG00000025642	8.742210410214433e-22	8.126914951233063e-07	Scil_g5976;Slac_ENSLPGG00000006723	6.565204011830113e-12	2.7902339147417e-09	Scil_g9293;Slac_ENSLPGG00000004519	1.5683835358952403e-97	0.0032723837075047833				Scil_g3151;Slac_ENSLPGG00000010983	1.5161923649903748e-116	2.511957324870183e-21	Scil_g5248;Slac_ENSLPGG00000021586	1.8229917120391009e-116	3.684928387240296e-05												
			Scil_g9127;Slac_ENSLPGG00000004375	1.102681786919194e-186	4.092281823682723e-28	Scil_g13234;Slac_ENSLPGG00000024124	1.8077842991171444e-162	1.9649334591363453e-05	Scil_g13572;Slac_ENSLPGG00000004809	1.7340341221758836e-199	3.772283687197882e-51	Scil_g3361;Slac_ENSLPGG00000011974	3.1694815546622253e-158	2.0632845311203926e-41	Scil_g9293;Slac_ENSLPGG00000004179	2.951490176649077e-162	0.00041922201390155815										Scil_g1960;Slac_ENSLPGG00000002916	3.4946129930820525e-60	5.382979758273921e-31	Scil_g3638;Slac_ENSLPGG00000014669	4.0797339513842514e-52	1.0341465535349035e-37				Scil_g10648;Slac_ENSLPGG00000020432	3.5474789088253905e-15	3.161638959141465e-11	Scil_g10909;Slac_ENSLPGG00000010260	1.1392609237415073e-15	5.382515468141466e-06							Scil_g10276;Slac_ENSLPGG00000005266	3.3711767944830166e-06	3.7974666502368006e-11	Scil_g130;Slac_ENSLPGG00000015888	3.038769567278182e-97	1.5830105251132872e-09	Scil_g130;Slac_ENSLPGG00000015888	3.038769567278182e-97	2.3890365827408978e-05	Scil_g7598;Slac_ENSLPGG00000026540	1.0316136630632663e-56	4.506940669841179e-76	Scil_g1289;Slac_ENSLPGG00000029464	1.6330995530031739e-06	5.198225779229145e-07				Scil_g3151;Slac_ENSLPGG00000010983	9.702350814858161e-08	1.7966874868352286e-43	Scil_g13584;Slac_ENSLPGG00000010731	7.518428030730751e-127	1.9766319970207384e-32	Scil_g13234;Slac_ENSLPGG00000024124	2.881415489101577e-132	2.744362743817061e-69	Scil_g9124;Slac_ENSLPGG00000019035	4.254453415965047e-132	2.5582298873795133e-44	Scil_g9124;Slac_ENSLPGG00000019035	4.254453415965047e-132	1.2832709573693336e-66	Scil_g7102;Slac_ENSLPGG00000009965	2.4329756369163848e-139	3.3075375873091134e-60	Scil_g4533;Slac_ENSLPGG00000022969	1.3986795553969162e-141	6.70554443153993e-106	Scil_g4454;Slac_ENSLPGG00000024989	1.4238794793202459e-11	0.0022236768069555587	Scil_g13539;Slac_ENSLPGG00000011536	4.3305419583516825e-67	0.0019672836793141746	Scil_g6432;Slac_ENSLPGG00000001593	4.0024488980391175e-56	4.298847216809792e-10													Scil_g10145;Slac_ENSLPGG00000007322	2.3180500186608853e-14	2.741077422849366e-72				Scil_g13124;Slac_ENSLPGG00000013980	5.25206617654619e-24	4.147686860616949e-15	Scil_g13124;Slac_ENSLPGG00000010195	5.25206617654619e-24	8.599753521345595e-21	Scil_g8313;Slac_ENSLPGG00000009021	8.445063114817834e-35	1.1115838810982365e-42							Scil_g5475;Slac_ENSLPGG00000022382	4.169493034827786e-185	2.711690826516311e-05	Scil_g9800;Slac_ENSLPGG00000005542	5.841018448193116e-147	4.580241370306288e-31	Scil_g1581;Slac_ENSLPGG00000012011	1.2011994131643254e-98	6.511193960353024e-05	Scil_g1960;Slac_ENSLPGG00000002916	1.7697978722686095e-82	5.382979758273921e-31				Scil_g10109;Slac_ENSLPGG00000016457	5.363888223878153e-109	1.2977290165073255e-21	Scil_g9293;Slac_ENSLPGG00000004519	1.848905501105324e-135	0.0032723837075047833												
			Scil_g8313;Slac_ENSLPGG00000009021	5.132110108058735e-184	3.06291335588323e-28	Scil_g898;Slac_ENSLPGG00000026505	2.6993486284459314e-204	1.7261422591349517e-22	Scil_g898;Slac_ENSLPGG00000026505	2.6993486284459314e-204	4.5830107918985423e-125	Scil_g1476;Slac_ENSLPGG00000023230	7.56516123012547e-108	2.2983490902897245e-76	Scil_g13124;Slac_ENSLPGG00000013980	1.440043622425943e-159	2.6873996838215967e-06										Scil_g1712;Slac_ENSLPGG00000010742	5.952017289858439e-141	4.180675232010378e-08	Scil_g12156;Slac_ENSLPGG00000010719	6.671233607157058e-56	5.474485706302514e-153				Scil_g6646;Slac_ENSLPGG00000020424	7.759700847226086e-25	1.4924770249146837e-40	Scil_g8806;Slac_ENSLPGG00000011674	1.5900958300442982e-15	2.3184934279229128e-17							Scil_g1526;Slac_ENSLPGG00000026673	5.0026042048331175e-22	1.1209371891216487e-12	Scil_g5780;Slac_ENSLPGG00000003645	8.075077859503192e-13	1.5196854724596047e-05	Scil_g8135;Slac_ENSLPGG00000014506	6.553039098870591e-124	9.524202563562673e-07	Scil_g5780;Slac_ENSLPGG00000019065	8.075077859503192e-13	3.812483605538002e-12	Scil_g5638;Slac_ENSLPGG00000012506	3.269352613839281e-11	1.9282914766473626e-08				Scil_g7321;Slac_ENSLPGG00000011935	4.799375341098888e-105	1.2003091581542824e-13	Scil_g1791;Slac_ENSLPGG00000006262	3.1842794033423888e-121	1.164211650612726e-23	Scil_g13035;Slac_ENSLPGG00000007086	2.556948867572166e-121	6.647145796917893e-26	Scil_g3716;Slac_ENSLPGG00000021862	4.657248853766761e-104	1.0957328769868086e-20	Scil_g3716;Slac_ENSLPGG00000021862	4.657248853766761e-104	1.7533083262493065e-286	Scil_g12296;Slac_ENSLPGG00000027192	4.998613850484266e-127	1.5992656817953006e-06	Scil_g898;Slac_ENSLPGG00000026505	6.420321187906607e-144	4.5830107918985423e-125	Scil_g9698;Slac_ENSLPGG00000003607	2.1174761704086054e-09	6.684336818671931e-10	Scil_g10015;Slac_ENSLPGG00000022563	5.0822851813294865e-53	1.6413073316877914e-08	Scil_g5780;Slac_ENSLPGG00000003645	1.7124136431645906e-51	3.054305818830776e-10													Scil_g10725;Slac_ENSLPGG00000025548	0.0014283309046038892	7.83749914263324e-12				Scil_g9124;Slac_ENSLPGG00000019035	2.9090937196544534e-39	2.5582298873795133e-44	Scil_g6946;Slac_ENSLPGG00000024429	3.6414183853451957e-34	2.5375360642645898e-09	Scil_g6946;Slac_ENSLPGG00000024429	3.6414183853451957e-34	1.6537847204483554e-110							Scil_g6184;Slac_ENSLPGG00000010742	1.5848748352518866e-160	9.87478864177323e-33	Scil_g1638;Slac_ENSLPGG00000009445	6.806062471931183e-22	7.450635607028214e-93	Scil_g8363;Slac_ENSLPGG00000014536	3.190231175109534e-105	1.6713606910148e-09	Scil_g10909;Slac_ENSLPGG00000010260	3.615138494963173e-114	1.3761025001221455e-53				Scil_g10622;Slac_ENSLPGG00000015371	4.379267899854331e-127	7.972200943429613e-33	Scil_g1960;Slac_ENSLPGG00000001288	6.306552480614765e-130	1.7179326704524777e-43												
			Scil_g2483;Slac_ENSLPGG00000028631	2.4208191274464857e-204	3.4013484223464646e-25	Scil_g3716;Slac_ENSLPGG00000021862	2.4960418642465242e-204	8.742219998526195e-10	Scil_g13234;Slac_ENSLPGG00000024124	1.8077842991171444e-162	2.744362743817061e-69	Scil_g6646;Slac_ENSLPGG00000020424	6.79722916540545e-161	1.2124572891053823e-17	Scil_g13572;Slac_ENSLPGG00000004809	1.0247871213964262e-142	3.772283687197882e-51										Scil_g2893;Slac_ENSLPGG00000008469	4.930793974006179e-41	3.641744759946759e-217	Scil_g4911;Slac_ENSLPGG00000009291	6.119197547869049e-80	2.168851175657556e-68				Scil_g2893;Slac_ENSLPGG00000008469	1.2323240192787631e-26	1.6058919907708083e-38	Scil_g10109;Slac_ENSLPGG00000016457	9.738525318242609e-20	7.144827877388162e-05							Scil_g5780;Slac_ENSLPGG00000007158	8.075077859503192e-13	1.2143326670897745e-90	Scil_g9048;Slac_ENSLPGG00000005542	0.0006816163843164766	3.345452897616728e-10	Scil_g552;Slac_ENSLPGG00000010574	1.202444248862245e-07	1.4365597544263252e-11	Scil_g9048;Slac_ENSLPGG00000005542	0.0006816163843164766	1.8150332978803672e-25	Scil_g1742;Slac_ENSLPGG00000004571	9.567234706251402e-09	0.006618918859644189				Scil_g6646;Slac_ENSLPGG00000020424	2.12140670784085e-22	2.674718382119713e-39	Scil_g8003;Slac_ENSLPGG00000004270	4.342441853225872e-132	5.578624835196838e-94	Scil_g9294;Slac_ENSLPGG00000008607	2.4995133416142377e-53	0.006194834814392549	Scil_g4533;Slac_ENSLPGG00000022969	1.3986795553969162e-141	1.0796008570484853e-36	Scil_g1960;Slac_ENSLPGG00000002916	3.2286928073300084e-140	3.3915334349713295e-06	Scil_g2223;Slac_ENSLPGG00000007673	2.6629420863270718e-117	2.1262019957080524e-05	Scil_g8502;Slac_ENSLPGG00000018844	2.190168559660769e-139	4.1308649675673045e-12	Scil_g12781;Slac_ENSLPGG00000004729	6.388261027111742e-60	2.1664820881777917e-57	Scil_g8135;Slac_ENSLPGG00000014506	5.486080198597251e-106	9.524202563562673e-07	Scil_g2151;Slac_ENSLPGG00000006993	5.1627748462471725e-15	1.1701138596407978e-22													Scil_g5780;Slac_ENSLPGG00000009955	4.769338653554217e-20	0.00023352210689433467				Scil_g8427;Slac_ENSLPGG00000017323	6.549928662815316e-40	2.333992275801153e-10	Scil_g13124;Slac_ENSLPGG00000013980	5.25206617654619e-24	0.00024969150860498557	Scil_g8438;Slac_ENSLPGG00000026812	9.561161019083593e-39	1.1363106591959236e-240							Scil_g3151;Slac_ENSLPGG00000010983	2.2724878528282157e-60	2.511957324870183e-21	Scil_g5638;Slac_ENSLPGG00000012506	4.7202734416415495e-85	5.418699801307463e-09	Scil_g3180;Slac_ENSLPGG00000015198	6.089949825709172e-63	0.003178896113277786	Scil_g8313;Slac_ENSLPGG00000009021	2.8096118484062536e-83	1.1115838810982365e-42				Scil_g2483;Slac_ENSLPGG00000028631	6.551856423543061e-127	3.4013484223464646e-25	Scil_g2893;Slac_ENSLPGG00000008469	1.0150715543948034e-123	3.641744759946759e-217												
			Scil_g3638;Slac_ENSLPGG00000014669	8.055367761703355e-157	6.752321915550898e-42	Scil_g6184;Slac_ENSLPGG00000011939	3.6522866491868463e-268	5.403832430581517e-26	Scil_g899;Slac_ENSLPGG00000009254	2.5252932439059766e-179	3.4530296125796683e-90	Scil_g1791;Slac_ENSLPGG00000006262	3.944993406931303e-142	1.164211650612726e-23	Scil_g2223;Slac_ENSLPGG00000007673	4.3204846775651536e-154	7.12339383590789e-10										Scil_g8313;Slac_ENSLPGG00000009021	1.596289033325565e-57	1.1115838810982365e-42	Scil_g1712;Slac_ENSLPGG00000011939	2.6901936332220396e-88	3.848690199495851e-18				Scil_g13234;Slac_ENSLPGG00000024124	1.3554830852236867e-25	2.1362662336170455e-26	Scil_g13124;Slac_ENSLPGG00000010195	3.1358211541605034e-25	1.0756285661407212e-08							Scil_g12359;Slac_ENSLPGG00000008987	1.3366848353291036e-17	2.8046743766921693e-09	Scil_g6432;Slac_ENSLPGG00000001593	1.968947387535804e-07	2.992840835081184e-13	Scil_g5592;Slac_ENSLPGG00000027633	0.0008458127119799861	1.3543352425329576e-06	Scil_g5592;Slac_ENSLPGG00000027633	0.0008458127119799861	0.0018266677180171123	Scil_g428;Slac_ENSLPGG00000008220	0.002509966033530099	1.883193958619205e-293				Scil_g1791;Slac_ENSLPGG00000006262	5.145038774077994e-11	1.3554620187783523e-21	Scil_g9721;Slac_ENSLPGG00000010538	9.316631529933065e-162	3.161013484890436e-29	Scil_g11065;Slac_ENSLPGG00000026756	3.67918731036632e-160	1.2508677563975932e-139	Scil_g10648;Slac_ENSLPGG00000020432	6.0944796742108695e-130	4.0719557848007575e-18	Scil_g12565;Slac_ENSLPGG00000019527	3.9076127707410365e-126	1.0749942790754885e-30	Scil_g2893;Slac_ENSLPGG00000008469	4.065461872630448e-115	1.0017971296966472e-57	Scil_g13035;Slac_ENSLPGG00000007086	4.615942427024598e-138	6.647145796917893e-26	Scil_g1289;Slac_ENSLPGG00000029464	9.207521663951288e-08	5.198225779229145e-07	Scil_g428;Slac_ENSLPGG00000008220	4.175250432571053e-28	6.988410640007368e-06	Scil_g5780;Slac_ENSLPGG00000006271	1.7124136431645906e-51	6.0929611158299225e-06													Scil_g5592;Slac_ENSLPGG00000024879	8.968057247972324e-12	2.4400445314514987e-13				Scil_g1925;Slac_ENSLPGG00000017593	1.4459985745201009e-28	7.56918913214084e-65	Scil_g12156;Slac_ENSLPGG00000010719	6.396736662024265e-38	7.872487938019253e-09	Scil_g8322;Slac_ENSLPGG00000001999	4.5403459215787064e-42	8.623073600022336e-105							Scil_g8844;Slac_ENSLPGG00000020856	1.0977522314469613e-67	9.60524078610222e-34	Scil_g4454;Slac_ENSLPGG00000008996	3.284144031726754e-68	5.132126172762355e-12	Scil_g9800;Slac_ENSLPGG00000005542	5.841018448193116e-147	2.923728631029336e-07	Scil_g13572;Slac_ENSLPGG00000004809	5.115827063564917e-85	3.772283687197882e-51				Scil_g10648;Slac_ENSLPGG00000020432	9.95054578048598e-83	4.0719557848007575e-18	Scil_g6946;Slac_ENSLPGG00000024429	1.8905985442545066e-101	1.6537847204483554e-110												
			Scil_g12296;Slac_ENSLPGG00000027192	3.383163099003035e-164	1.804050237213268e-66	Scil_g10909;Slac_ENSLPGG00000010260	2.28891007541165e-230	5.382515468141466e-06	Scil_g5248;Slac_ENSLPGG00000024411	9.184157074467191e-224	1.2096505057732134e-06	Scil_g3638;Slac_ENSLPGG00000014669	3.0397548594067224e-143	6.752321915550898e-42	Scil_g3361;Slac_ENSLPGG00000011974	3.1694815546622253e-158	7.67347883547446e-58										Scil_g8322;Slac_ENSLPGG00000001999	6.078939338694174e-65	8.623073600022336e-105	Scil_g2893;Slac_ENSLPGG00000008469	5.862929205233186e-48	3.641744759946759e-217				Scil_g4533;Slac_ENSLPGG00000022969	6.856052937877449e-17	3.086913193009028e-26	Scil_g2370;Slac_ENSLPGG00000028380	2.908447953025687e-19	1.9744369038879046e-20							Scil_g5780;Slac_ENSLPGG00000019065	8.075077859503192e-13	3.963630388475844e-25	Scil_g8832;Slac_ENSLPGG00000016670	0.005243785180414339	0.005936350382905826	Scil_g12359;Slac_ENSLPGG00000015888	1.3366848353291036e-17	2.3890365827408978e-05	Scil_g6432;Slac_ENSLPGG00000001593	1.968947387535804e-07	0.00176418637073856	Scil_g176;Slac_ENSLPGG00000001013	0.004785743282520258	4.661234839138393e-181				Scil_g3638;Slac_ENSLPGG00000014669	5.769392557088092e-12	4.38254024693174e-06	Scil_g10372;Slac_ENSLPGG00000008330	1.912979881471033e-135	4.961674519059835e-27	Scil_g2690;Slac_ENSLPGG00000028953	4.584850493671837e-145	5.465589737058946e-12	Scil_g2483;Slac_ENSLPGG00000028631	1.1710970285540393e-134	3.4013484223464646e-25	Scil_g11065;Slac_ENSLPGG00000026756	1.695876787064981e-153	0.0	Scil_g1791;Slac_ENSLPGG00000006262	1.474487753595764e-115	4.776306845772698e-73	Scil_g10648;Slac_ENSLPGG00000020432	6.0944796742108695e-130	1.6142545983886282e-46	Scil_g5780;Slac_ENSLPGG00000009955	1.7124136431645906e-51	0.004930329160779248	Scil_g12721;Slac_ENSLPGG00000018326	6.274956197302803e-61	1.4088784224034323e-42	Scil_g968;Slac_ENSLPGG00000007421	4.601425424448639e-15	8.249186877144156e-08													Scil_g10145;Slac_ENSLPGG00000002251	2.3180500186608853e-14	7.2410356844662e-05				Scil_g3361;Slac_ENSLPGG00000011974	2.8819188713364076e-35	2.0632845311203926e-41	Scil_g9124;Slac_ENSLPGG00000019035	2.9090937196544534e-39	1.581724766882556e-10	Scil_g10727;Slac_ENSLPGG00000029327	7.842958330504175e-41	4.161742797296685e-48							Scil_g2690;Slac_ENSLPGG00000028953	2.3885252817712023e-67	4.542147874787075e-35	Scil_g5976;Slac_ENSLPGG00000010043	6.565204011830113e-12	2.2583627192593658e-05	Scil_g1492;Slac_ENSLPGG00000007868	4.952446940985111e-77	1.0903374134336209e-05	Scil_g8322;Slac_ENSLPGG00000001999	1.371935610466606e-75	8.623073600022336e-105				Scil_g3638;Slac_ENSLPGG00000014669	1.5948665462031745e-111	6.752321915550898e-42	Scil_g5248;Slac_ENSLPGG00000010551	1.8229917120391009e-116	7.060343438230766e-14												
			Scil_g9552;Slac_ENSLPGG00000002404	1.8227180675931493e-190	3.936831883841032e-26	Scil_g1476;Slac_ENSLPGG00000023230	2.2110279484102844e-189	8.850291578849852e-18	Scil_g10909;Slac_ENSLPGG00000010260	2.28891007541165e-230	1.3761025001221455e-53	Scil_g8427;Slac_ENSLPGG00000017323	1.1938737976081495e-134	2.333992275801153e-10	Scil_g5248;Slac_ENSLPGG00000010551	2.327018957595338e-155	7.060343438230766e-14										Scil_g10109;Slac_ENSLPGG00000016457	6.527622233798161e-62	5.977307338815889e-86	Scil_g1791;Slac_ENSLPGG00000006262	7.673969684947332e-54	2.0125053597831658e-106				Scil_g9127;Slac_ENSLPGG00000004375	7.793875238862484e-22	1.6556351312148525e-12	Scil_g5475;Slac_ENSLPGG00000003671	3.8885948140016275e-09	0.00027720892671967813							Scil_g13539;Slac_ENSLPGG00000008987	3.2137585698642266e-123	2.8046743766921693e-09	Scil_g5478;Slac_ENSLPGG00000015099	8.012044965842136e-98	3.912371940894172e-11	Scil_g2168;Slac_ENSLPGG00000017442	3.898345643130085e-06	0.005017796047592088	Scil_g5478;Slac_ENSLPGG00000015099	8.012044965842136e-98	1.3005438991610421e-06	Scil_g10075;Slac_ENSLPGG00000026678	7.431891595890717e-06	0.0002662014506978686				Scil_g13234;Slac_ENSLPGG00000024124	6.107358484173054e-16	8.236986145653858e-57	Scil_g12515;Slac_ENSLPGG00000018880	1.3592850107523488e-160	1.3357303230437117e-11	Scil_g9293;Slac_ENSLPGG00000004519	1.1287742971164978e-130	0.0032723837075047833	Scil_g898;Slac_ENSLPGG00000026505	6.420321187906607e-144	3.3658349896174976e-75	Scil_g4911;Slac_ENSLPGG00000009291	3.454109394803012e-91	4.6178304387170354e-29	Scil_g3716;Slac_ENSLPGG00000021862	4.657248853766761e-104	1.851555656931008e-184	Scil_g1791;Slac_ENSLPGG00000006262	1.474487753595764e-115	2.0125053597831658e-106	Scil_g5780;Slac_ENSLPGG00000021520	1.7124136431645906e-51	2.406906189302973e-12	Scil_g10145;Slac_ENSLPGG00000012981	1.7089317846235402e-39	9.53479232173829e-17	Scil_g12781;Slac_ENSLPGG00000004729	6.388261027111742e-60	4.196668465042948e-08													Scil_g1929;Slac_ENSLPGG00000017167	2.2326052532558027e-32	6.432984065546964e-35				Scil_g13124;Slac_ENSLPGG00000010195	5.25206617654619e-24	8.286679837350897e-82	Scil_g1492;Slac_ENSLPGG00000007868	7.545423925236786e-35	1.9301467047959252e-08	Scil_g12156;Slac_ENSLPGG00000010719	6.396736662024265e-38	5.474485706302514e-153							Scil_g7553;Slac_ENSLPGG00000012055	1.2373343278976536e-136	2.5837843891576112e-25	Scil_g2615;Slac_ENSLPGG00000027773	4.905712456756043e-63	4.298986378018275e-46	Scil_g7729;Slac_ENSLPGG00000007104	4.105415624102138e-147	1.8787619998722825e-15	Scil_g9124;Slac_ENSLPGG00000019035	5.033088933049471e-96	3.3272553401634185e-43				Scil_g898;Slac_ENSLPGG00000026505	4.308549653003146e-109	3.3658349896174976e-75	Scil_g1960;Slac_ENSLPGG00000002916	6.306552480614765e-130	5.382979758273921e-31												
			Scil_g3716;Slac_ENSLPGG00000021862	2.4960418642465242e-204	1.0957328769868086e-20	Scil_g10318;Slac_ENSLPGG00000002095	2.6930087639678053e-238	2.006532611201994e-05	Scil_g8313;Slac_ENSLPGG00000009021	5.132110108058735e-184	1.1115838810982365e-42	Scil_g6184;Slac_ENSLPGG00000011939	1.4568704947031035e-94	1.9411559775035762e-60	Scil_g5248;Slac_ENSLPGG00000021586	2.327018957595338e-155	3.684928387240296e-05										Scil_g8427;Slac_ENSLPGG00000017323	3.342430794526215e-51	2.9132178754735353e-101	Scil_g3151;Slac_ENSLPGG00000010983	4.2202114456494796e-51	4.878130040153945e-56				Scil_g12156;Slac_ENSLPGG00000010719	4.307638169955547e-23	3.1213542341542496e-42	Scil_g3361;Slac_ENSLPGG00000011974	1.5782893716669746e-22	8.847397402732747e-07							Scil_g5780;Slac_ENSLPGG00000003645	8.075077859503192e-13	2.569371131594741e-29	Scil_g5477;Slac_ENSLPGG00000015099	1.3302213120803827e-34	3.912371940894172e-11	Scil_g1929;Slac_ENSLPGG00000017167	6.856824170855991e-14	0.0007911283481224101	Scil_g5477;Slac_ENSLPGG00000015099	1.3302213120803827e-34	1.3005438991610421e-06	Scil_g2615;Slac_ENSLPGG00000027773	1.1936524356455992e-05	3.8848046226407475e-25				Scil_g898;Slac_ENSLPGG00000026505	2.383733669487323e-19	3.6248827062454925e-153	Scil_g3361;Slac_ENSLPGG00000011974	3.847907015032516e-138	2.0632845311203926e-41	Scil_g11217;Slac_ENSLPGG00000004638	7.717693690583104e-112	1.532310558670535e-05	Scil_g6946;Slac_ENSLPGG00000024429	2.0874464023264398e-138	6.736045434283082e-18	Scil_g10909;Slac_ENSLPGG00000010260	3.1461408832123198e-99	2.617533668083889e-162	Scil_g3804;Slac_ENSLPGG00000008240	5.610690873142577e-128	1.3536784388301194e-139	Scil_g4911;Slac_ENSLPGG00000009291	3.454109394803012e-91	2.168851175657556e-68	Scil_g5780;Slac_ENSLPGG00000006271	1.7124136431645906e-51	3.281503665775716e-15	Scil_g1638;Slac_ENSLPGG00000027899	8.970322427469508e-16	2.2967947634161234e-05	Scil_g6241;Slac_ENSLPGG00000002720	8.13400126756962e-59	0.0002946679420724894													Scil_g151;Slac_ENSLPGG00000013344	3.921109115091443e-08	1.567819230605768e-11				Scil_g9552;Slac_ENSLPGG00000002404	6.059984081567439e-37	3.936831883841032e-26	Scil_g8427;Slac_ENSLPGG00000017323	6.549928662815316e-40	0.00016126134098110132	Scil_g3716;Slac_ENSLPGG00000021862	1.4501957580047944e-34	1.669341644817942e-184							Scil_g9194;Slac_ENSLPGG00000011935	5.898830227810446e-140	1.3450411135448757e-39	Scil_g9698;Slac_ENSLPGG00000003607	2.104561369049522e-68	2.000682304404197e-57	Scil_g4454;Slac_ENSLPGG00000024989	3.284144031726754e-68	4.557250979897408e-05	Scil_g9250;Slac_ENSLPGG00000028683	3.429591532861922e-55	6.089579012366993e-65				Scil_g53;Slac_ENSLPGG00000009627	4.1686824855212585e-114	1.8083363914675516e-28	Scil_g13035;Slac_ENSLPGG00000007086	6.465733781934701e-120	6.647145796917893e-26												
			Scil_g7102;Slac_ENSLPGG00000009965	1.717819657259668e-184	9.436398427869401e-33	Scil_g3638;Slac_ENSLPGG00000014669	8.055367761703355e-157	1.0125729864122536e-10	Scil_g1712;Slac_ENSLPGG00000010742	4.493884412913796e-269	4.180675232010378e-08	Scil_g1925;Slac_ENSLPGG00000017593	3.7542346207751636e-142	7.56918913214084e-65	Scil_g6946;Slac_ENSLPGG00000024429	4.2944620418640047e-131	1.6537847204483554e-110										Scil_g5248;Slac_ENSLPGG00000010551	1.0532875804502493e-85	7.060343438230766e-14	Scil_g10109;Slac_ENSLPGG00000016457	2.0184921920392736e-58	5.977307338815889e-86				Scil_g9100;Slac_ENSLPGG00000017185	4.757648511826956e-25	0.0002568825384319566	Scil_g8438;Slac_ENSLPGG00000026812	2.8368115872844475e-23	2.0374560573456832e-09							Scil_g7598;Slac_ENSLPGG00000026540	1.0316136630632663e-56	1.6846350349653484e-167	Scil_g178;Slac_ENSLPGG00000008750	1.8425620263868077e-10	6.654500958766382e-37	Scil_g6013;Slac_ENSLPGG00000000463	0.0005720082909392913	0.0006846033531999288	Scil_g178;Slac_ENSLPGG00000008750	1.8425620263868077e-10	0.00039525429256032763	Scil_g552;Slac_ENSLPGG00000010574	0.004333927100957106	1.2384865031876328e-105				Scil_g11217;Slac_ENSLPGG00000030026	4.972739488196418e-21	3.3084285854707017e-37	Scil_g9250;Slac_ENSLPGG00000028683	1.3597991978866639e-139	1.429361472231043e-57	Scil_g3361;Slac_ENSLPGG00000011974	3.847907015032516e-138	7.67347883547446e-58	Scil_g2223;Slac_ENSLPGG00000007673	2.6629420863270718e-117	1.0785497809239814e-69	Scil_g10648;Slac_ENSLPGG00000020432	6.0944796742108695e-130	1.080360766558531e-56	Scil_g1476;Slac_ENSLPGG00000023230	2.827738935474228e-113	7.430610416414084e-227	Scil_g9124;Slac_ENSLPGG00000019035	4.254453415965047e-132	3.3272553401634185e-43	Scil_g12781;Slac_ENSLPGG00000012981	6.388261027111742e-60	9.44836059885975e-51	Scil_g208;Slac_ENSLPGG00000014308	0.0013166104720825783	3.0688413085708033e-06	Scil_g8269;Slac_ENSLPGG00000004338	1.6802943233196284e-06	1.7202906695413105e-05													Scil_g9048;Slac_ENSLPGG00000005083	0.002822988499331996	2.845748174400489e-115				Scil_g5248;Slac_ENSLPGG00000021586	2.918086057540766e-32	1.7411706854794535e-05	Scil_g1925;Slac_ENSLPGG00000017593	1.4459985745201009e-28	5.410916743092192e-12	Scil_g8427;Slac_ENSLPGG00000017323	6.549928662815316e-40	2.9132178754735353e-101							Scil_g8502;Slac_ENSLPGG00000018844	4.682376714067803e-80	2.2732309812431514e-09	Scil_g4454;Slac_ENSLPGG00000024989	3.284144031726754e-68	2.2621230820243437e-06	Scil_g8363;Slac_ENSLPGG00000011935	3.190231175109534e-105	0.000341368738201194	Scil_g13234;Slac_ENSLPGG00000024124	4.50466516928562e-65	2.744362743817061e-69				Scil_g6946;Slac_ENSLPGG00000024429	1.8905985442545066e-101	6.736045434283082e-18	Scil_g12156;Slac_ENSLPGG00000010719	7.58545683046066e-123	5.474485706302514e-153												
			Scil_g1791;Slac_ENSLPGG00000006262	1.533310905061664e-157	1.164211650612726e-23	Scil_g10318;Slac_ENSLPGG00000012055	2.6930087639678053e-238	3.6369101926159253e-08	Scil_g4911;Slac_ENSLPGG00000009291	2.0933715634038223e-215	2.168851175657556e-68	Scil_g12296;Slac_ENSLPGG00000027192	2.0753975258458954e-147	1.804050237213268e-66	Scil_g9293;Slac_ENSLPGG00000004519	2.951490176649077e-162	0.0032723837075047833										Scil_g6184;Slac_ENSLPGG00000010742	3.746034577714982e-136	4.180675232010378e-08	Scil_g2690;Slac_ENSLPGG00000028953	1.7007982058413797e-54	5.465589737058946e-12				Scil_g10909;Slac_ENSLPGG00000010260	1.1392609237415073e-15	9.163449851253187e-27	Scil_g2893;Slac_ENSLPGG00000008469	1.2323240192787631e-26	5.348352379656088e-06							Scil_g130;Slac_ENSLPGG00000008987	3.038769567278182e-97	2.8046743766921693e-09	Scil_g270;Slac_ENSLPGG00000007585	0.00040570609824724626	7.390719179738542e-05	Scil_g5592;Slac_ENSLPGG00000024879	0.0008458127119799861	2.9032172242379645e-12	Scil_g178;Slac_ENSLPGG00000011327	1.8425620263868077e-10	0.0003265740247694966	Scil_g4454;Slac_ENSLPGG00000003977	6.321122707182059e-10	5.022720896313377e-06				Scil_g12156;Slac_ENSLPGG00000010719	1.1718271649876832e-17	9.550489345760385e-38	Scil_g9124;Slac_ENSLPGG00000019035	4.446610370747838e-128	2.5582298873795133e-44	Scil_g10648;Slac_ENSLPGG00000020432	1.1604582047795361e-126	1.6142545983886282e-46	Scil_g3804;Slac_ENSLPGG00000008240	5.610690873142577e-128	2.079376046061837e-53	Scil_g10912;Slac_ENSLPGG00000011256	9.560968674137605e-135	5.7908512217132814e-179	Scil_g2483;Slac_ENSLPGG00000028631	1.1710970285540393e-134	4.344478176308161e-35	Scil_g10727;Slac_ENSLPGG00000029327	1.2725363578676662e-104	4.161742797296685e-48	Scil_g10015;Slac_ENSLPGG00000022563	5.0822851813294865e-53	8.439068289318445e-55	Scil_g480;Slac_ENSLPGG00000010615	3.092830560358061e-15	6.938615082109267e-12	Scil_g10015;Slac_ENSLPGG00000022563	5.0822851813294865e-53	8.474717647685418e-17													Scil_g5780;Slac_ENSLPGG00000006271	4.769338653554217e-20	6.0929611158299225e-06				Scil_g9745;Slac_ENSLPGG00000010538	4.861628818518777e-50	3.161013484890436e-29	Scil_g3638;Slac_ENSLPGG00000014669	6.371870979821441e-47	4.8801294050399694e-08	Scil_g12296;Slac_ENSLPGG00000027192	5.40830234217624e-26	0.008803816976399361							Scil_g9293;Slac_ENSLPGG00000014397	1.5683835358952403e-97	6.514620800285567e-10	Scil_g208;Slac_ENSLPGG00000009166	2.6548209437680143e-07	5.630591365451985e-127	Scil_g865;Slac_ENSLPGG00000013426	5.423056199089706e-60	5.115175416205212e-22	Scil_g2690;Slac_ENSLPGG00000028953	2.3885252817712023e-67	5.465589737058946e-12				Scil_g10909;Slac_ENSLPGG00000010260	4.029297331216679e-108	2.412924934131644e-38	Scil_g3151;Slac_ENSLPGG00000010983	1.5161923649903748e-116	4.878130040153945e-56												
			Scil_g8502;Slac_ENSLPGG00000018844	4.329584583627883e-199	2.2732309812431514e-09	Scil_g7102;Slac_ENSLPGG00000009965	1.717819657259668e-184	0.0008380550938494989	Scil_g3151;Slac_ENSLPGG00000010983	5.110249195983151e-156	4.878130040153945e-56	Scil_g898;Slac_ENSLPGG00000026505	4.429369527428124e-142	3.3658349896174976e-75	Scil_g10372;Slac_ENSLPGG00000008330	1.6920269179713243e-141	7.301711167651742e-92										Scil_g9194;Slac_ENSLPGG00000014536	1.0901885833784844e-117	2.442134044403989e-35	Scil_g6946;Slac_ENSLPGG00000024429	1.9479627825075647e-48	1.6537847204483554e-110				Scil_g2370;Slac_ENSLPGG00000028380	2.908447953025687e-19	6.0230412998993706e-30	Scil_g10727;Slac_ENSLPGG00000029327	1.8346145827871748e-14	6.2553640911819535e-18							Scil_g9698;Slac_ENSLPGG00000003607	0.00018961275223916912	6.684336818671931e-10				Scil_g13539;Slac_ENSLPGG00000015888	3.2137585698642266e-123	2.3890365827408978e-05	Scil_g386;Slac_ENSLPGG00000007568	0.006468176328378787	0.00033653861851677723	Scil_g176;Slac_ENSLPGG00000004179	0.004785743282520258	2.566557906837556e-08				Scil_g3164;Slac_ENSLPGG00000026756	2.61991494705424e-22	5.647288783852184e-53	Scil_g6946;Slac_ENSLPGG00000024429	2.245935051637104e-143	6.736045434283082e-18	Scil_g4533;Slac_ENSLPGG00000022969	1.3918004063906746e-142	6.70554443153993e-106	Scil_g11217;Slac_ENSLPGG00000004638	2.2858280483352336e-116	0.00028259928740763477	Scil_g4062;Slac_ENSLPGG00000006246	5.070704162096851e-112	1.173059059723395e-147	Scil_g6390;Slac_ENSLPGG00000000928	2.460270925587279e-110	4.661208847568651e-308	Scil_g9293;Slac_ENSLPGG00000004519	2.4492817883719566e-122	0.0032723837075047833	Scil_g10145;Slac_ENSLPGG00000023276	1.7089317846235402e-39	6.421293992453257e-19	Scil_g130;Slac_ENSLPGG00000015888	4.0112072596266123e-53	2.3890365827408978e-05	Scil_g1638;Slac_ENSLPGG00000027899	8.970322427469508e-16	2.395930781699351e-18													Scil_g2151;Slac_ENSLPGG00000006993	3.655574881998411e-08	1.1701138596407978e-22				Scil_g2206;Slac_ENSLPGG00000013974	4.1859626309607827e-41	9.011092163486792e-15	Scil_g3361;Slac_ENSLPGG00000011974	2.8819188713364076e-35	1.4345243165073682e-06	Scil_g9293;Slac_ENSLPGG00000004179	1.068134353579263e-37	0.00041922201390155815							Scil_g6171;Slac_ENSLPGG00000003671	9.395704875551866e-80	1.0199371661577197e-09	Scil_g9800;Slac_ENSLPGG00000004714	5.841018448193116e-147	0.00010853327070902735	Scil_g7321;Slac_ENSLPGG00000011935	5.930847674605021e-125	0.000341368738201194	Scil_g3638;Slac_ENSLPGG00000014669	2.045559106565098e-63	1.0341465535349035e-37				Scil_g3361;Slac_ENSLPGG00000011974	2.57182664165895e-128	2.0632845311203926e-41	Scil_g898;Slac_ENSLPGG00000026505	4.308549653003146e-109	4.5830107918985423e-125												
			Scil_g9124;Slac_ENSLPGG00000019035	2.1980065212529816e-207	2.5582298873795133e-44	Scil_g13035;Slac_ENSLPGG00000007086	1.1142082493636086e-164	4.299084521050052e-08	Scil_g6184;Slac_ENSLPGG00000011939	3.6522866491868463e-268	3.848690199495851e-18	Scil_g9127;Slac_ENSLPGG00000004375	2.5506687612283145e-138	4.092281823682723e-28	Scil_g10727;Slac_ENSLPGG00000029327	7.513425537122112e-124	4.161742797296685e-48										Scil_g13572;Slac_ENSLPGG00000004809	6.211280322015052e-75	3.772283687197882e-51	Scil_g898;Slac_ENSLPGG00000026505	6.237728852407429e-73	4.5830107918985423e-125				Scil_g3151;Slac_ENSLPGG00000010983	1.0598791415625622e-26	1.4309148485453567e-17	Scil_g6184;Slac_ENSLPGG00000010742	5.4473870678083475e-09	9.422669666121207e-08							Scil_g5780;Slac_ENSLPGG00000006271	8.075077859503192e-13	3.281503665775716e-15				Scil_g6432;Slac_ENSLPGG00000001593	1.968947387535804e-07	1.4501431785274845e-06	Scil_g386;Slac_ENSLPGG00000028356	0.006468176328378787	0.0006225547009254802	Scil_g13637;Slac_ENSLPGG00000003949	2.883900710309911e-07	0.00035539468837293643				Scil_g2893;Slac_ENSLPGG00000008469	0.0002693231162098799	1.1853873879067225e-77	Scil_g3716;Slac_ENSLPGG00000021862	5.99382516886498e-92	1.0957328769868086e-20	Scil_g10909;Slac_ENSLPGG00000010260	3.834276722510581e-101	1.3761025001221455e-53	Scil_g13234;Slac_ENSLPGG00000024124	3.2167110153814714e-132	1.5429330505535007e-18	Scil_g10727;Slac_ENSLPGG00000029327	1.2725363578676662e-104	1.9694695397759444e-19	Scil_g1925;Slac_ENSLPGG00000017593	3.632065566440853e-123	1.523383703346509e-52	Scil_g11065;Slac_ENSLPGG00000026756	1.695876787064981e-153	1.2508677563975932e-139	Scil_g9493;Slac_ENSLPGG00000004179	2.3299686698791692e-12	2.566557906837556e-08	Scil_g12865;Slac_ENSLPGG00000023608	6.315377043284139e-10	6.237421945159137e-08	Scil_g208;Slac_ENSLPGG00000014308	0.0013166104720825783	4.077548810356864e-07													Scil_g1638;Slac_ENSLPGG00000027899	5.0201047232408515e-08	2.395930781699351e-18				Scil_g9293;Slac_ENSLPGG00000004000	1.068134353579263e-37	0.003278021509044548	Scil_g13035;Slac_ENSLPGG00000007086	2.637054200175372e-35	2.202500471075308e-12	Scil_g9721;Slac_ENSLPGG00000010538	2.095203587606155e-52	7.308255219812879e-65							Scil_g13124;Slac_ENSLPGG00000010195	3.4084473963593155e-86	8.286679837350897e-82	Scil_g4454;Slac_ENSLPGG00000003977	3.284144031726754e-68	0.0074695489443738885	Scil_g2615;Slac_ENSLPGG00000027773	4.905712456756043e-63	1.9624605491612938e-17	Scil_g7102;Slac_ENSLPGG00000009965	1.01794184207112e-79	7.37085283583909e-98				Scil_g10727;Slac_ENSLPGG00000029327	4.154369703068339e-87	1.177325430920987e-46	Scil_g13124;Slac_ENSLPGG00000013980	6.8826285325766285e-130	2.6873996838215967e-06												
			Scil_g10318;Slac_ENSLPGG00000002095	2.6930087639678053e-238	4.451622716046505e-12	Scil_g10109;Slac_ENSLPGG00000016457	3.418921459024882e-185	7.144827877388162e-05	Scil_g2893;Slac_ENSLPGG00000008469	5.5970310281644425e-148	3.641744759946759e-217	Scil_g2483;Slac_ENSLPGG00000028631	4.803739012017477e-159	3.4013484223464646e-25	Scil_g898;Slac_ENSLPGG00000026505	4.429369527428124e-142	4.5830107918985423e-125										Scil_g1791;Slac_ENSLPGG00000006262	3.0871441974381464e-58	2.0125053597831658e-106	Scil_g8993;Slac_ENSLPGG00000020148	6.5732965106086234e-59	2.7616246220214846e-62				Scil_g3361;Slac_ENSLPGG00000011974	1.5782893716669746e-22	1.6044871488565256e-34	Scil_g3151;Slac_ENSLPGG00000010983	1.0598791415625622e-26	2.5171224680497587e-06							Scil_g9048;Slac_ENSLPGG00000005542	0.0006816163843164766	1.910046459190571e-133				Scil_g9048;Slac_ENSLPGG00000005083	0.0006816163843164766	1.5330789444289382e-13				Scil_g3398;Slac_ENSLPGG00000029433	7.228954400692122e-07	1.3517527159896298e-114				Scil_g899;Slac_ENSLPGG00000009254	6.3311784006809556e-18	3.5615714470410053e-34	Scil_g10727;Slac_ENSLPGG00000029327	3.725604810183045e-109	1.177325430920987e-46	Scil_g10727;Slac_ENSLPGG00000029327	3.725604810183045e-109	4.161742797296685e-48	Scil_g12515;Slac_ENSLPGG00000018880	7.1391131449806045e-152	1.3357303230437117e-11	Scil_g8992;Slac_ENSLPGG00000020148	6.181710734412899e-151	2.4482970773062416e-99	Scil_g9721;Slac_ENSLPGG00000010538	5.11511745648546e-151	3.084957708805901e-173	Scil_g2223;Slac_ENSLPGG00000007673	2.6629420863270718e-117	7.12339383590789e-10	Scil_g5780;Slac_ENSLPGG00000003645	1.7124136431645906e-51	2.569371131594741e-29	Scil_g13539;Slac_ENSLPGG00000015888	4.3305419583516825e-67	2.3890365827408978e-05	Scil_g8569;Slac_ENSLPGG00000010551	2.4847546736130456e-08	0.0003769891567401784													Scil_g208;Slac_ENSLPGG00000014308	0.0023539175442629854	4.077548810356864e-07				Scil_g6946;Slac_ENSLPGG00000024429	3.6414183853451957e-34	6.736045434283082e-18	Scil_g6390;Slac_ENSLPGG00000000928	1.7889657943570487e-33	2.036813204195749e-07	Scil_g4911;Slac_ENSLPGG00000009291	1.0528521642195071e-25	2.168851175657556e-68							Scil_g5248;Slac_ENSLPGG00000019939	9.136900725565167e-151	7.746866494854593e-09	Scil_g8541;Slac_ENSLPGG00000003655	1.287194390336262e-18	2.4333006163561664e-30	Scil_g3804;Slac_ENSLPGG00000008240	1.4819496653635062e-46	5.050313149981768e-10	Scil_g10648;Slac_ENSLPGG00000020432	4.2567587350998005e-88	1.6142545983886282e-46				Scil_g13035;Slac_ENSLPGG00000007086	6.465733781934701e-120	1.1676298269618592e-24	Scil_g10727;Slac_ENSLPGG00000029327	4.154369703068339e-87	4.161742797296685e-48												
			Scil_g3151;Slac_ENSLPGG00000010983	5.110249195983151e-156	2.511957324870183e-21	Scil_g10727;Slac_ENSLPGG00000029327	5.2879013753706336e-216	6.2553640911819535e-18	Scil_g9293;Slac_ENSLPGG00000004519	8.019716807373262e-220	0.0032723837075047833	Scil_g10372;Slac_ENSLPGG00000008330	1.6920269179713243e-141	4.961674519059835e-27	Scil_g13234;Slac_ENSLPGG00000024124	3.7544851097034814e-139	2.744362743817061e-69										Scil_g10727;Slac_ENSLPGG00000029327	1.4278147545987724e-68	4.161742797296685e-48	Scil_g9250;Slac_ENSLPGG00000028683	8.789130085628189e-50	6.089579012366993e-65				Scil_g3638;Slac_ENSLPGG00000014669	3.06451969298832e-22	1.777232481381318e-05	Scil_g9127;Slac_ENSLPGG00000004375	7.793875238862484e-22	9.377724473202716e-14							Scil_g5780;Slac_ENSLPGG00000009955	8.075077859503192e-13	0.004930329160779248				Scil_g2125;Slac_ENSLPGG00000027899	9.671828238748487e-06	2.2967947634161234e-05				Scil_g9503;Slac_ENSLPGG00000004000	0.0010095329276942403	0.0015044966193986783				Scil_g8363;Slac_ENSLPGG00000011935	3.045842843057214e-90	1.2003091581542824e-13	Scil_g13234;Slac_ENSLPGG00000024124	2.881415489101577e-132	1.5429330505535007e-18	Scil_g9721;Slac_ENSLPGG00000010538	9.316631529933065e-162	7.308255219812879e-65	Scil_g1925;Slac_ENSLPGG00000017593	3.632065566440853e-123	7.56918913214084e-65	Scil_g8353;Slac_ENSLPGG00000019766	2.0492440486218787e-125	3.1934679495940717e-164	Scil_g9745;Slac_ENSLPGG00000010538	6.083517751300122e-149	3.084957708805901e-173	Scil_g9745;Slac_ENSLPGG00000010538	6.083517751300122e-149	7.308255219812879e-65	Scil_g428;Slac_ENSLPGG00000010973	4.175250432571053e-28	1.1028157598999744e-16	Scil_g2609;Slac_ENSLPGG00000011839	2.5496084693932424e-33	1.2034060637604468e-07	Scil_g13297;Slac_ENSLPGG00000018213	3.090632002482448e-07	0.0003630018729630507													Scil_g12721;Slac_ENSLPGG00000018326	3.4969939917331685e-06	1.487170876744384e-72				Scil_g8438;Slac_ENSLPGG00000026812	9.561161019083593e-39	8.869768797925984e-19	Scil_g4533;Slac_ENSLPGG00000022969	1.0034892743230954e-35	1.7289765555586021e-09	Scil_g9745;Slac_ENSLPGG00000010538	4.861628818518777e-50	7.308255219812879e-65							Scil_g5475;Slac_ENSLPGG00000020621	4.169493034827786e-185	0.007680656845531507	Scil_g208;Slac_ENSLPGG00000014308	2.6548209437680143e-07	0.0	Scil_g8589;Slac_ENSLPGG00000012828	5.301839687899924e-111	3.559670471207553e-54	Scil_g8502;Slac_ENSLPGG00000018844	4.682376714067803e-80	4.1308649675673045e-12				Scil_g5475;Slac_ENSLPGG00000003671	1.4775950835570399e-67	1.0199371661577197e-09	Scil_g3638;Slac_ENSLPGG00000014669	1.5948665462031745e-111	1.0341465535349035e-37												
			Scil_g1925;Slac_ENSLPGG00000017593	4.5482799357800166e-175	7.56918913214084e-65	Scil_g8427;Slac_ENSLPGG00000017323	9.197135816581088e-177	1.4531566689172435e-07	Scil_g6184;Slac_ENSLPGG00000010742	3.6522866491868463e-268	4.180675232010378e-08	Scil_g13035;Slac_ENSLPGG00000007086	6.21446002587088e-150	1.1676298269618592e-24	Scil_g3638;Slac_ENSLPGG00000014669	3.0397548594067224e-143	1.0341465535349035e-37										Scil_g5248;Slac_ENSLPGG00000019939	1.0532875804502493e-85	2.3792066558181335e-05	Scil_g2370;Slac_ENSLPGG00000028380	1.2677505955116455e-76	4.225227451960782e-99				Scil_g1791;Slac_ENSLPGG00000006262	2.3652297932029573e-19	2.5055042704632905e-25	Scil_g6646;Slac_ENSLPGG00000020424	7.759700847226086e-25	2.3712017800185022e-07							Scil_g2168;Slac_ENSLPGG00000017442	3.898345643130085e-06	3.346511657416158e-05				Scil_g5478;Slac_ENSLPGG00000015099	8.012044965842136e-98	8.894212548360123e-05				Scil_g9503;Slac_ENSLPGG00000004179	0.0010095329276942403	2.566557906837556e-08				Scil_g8353;Slac_ENSLPGG00000019766	2.126233061202383e-12	7.4163124953151e-111	Scil_g12296;Slac_ENSLPGG00000027192	5.830383179030522e-117	1.804050237213268e-66	Scil_g9250;Slac_ENSLPGG00000028683	1.3597991978866639e-139	6.089579012366993e-65	Scil_g4911;Slac_ENSLPGG00000009291	3.454109394803012e-91	1.0203924391597908e-30	Scil_g9493;Slac_ENSLPGG00000014397	2.27678165470496e-131	0.0	Scil_g2370;Slac_ENSLPGG00000028380	4.488418388653064e-18	0.0	Scil_g10909;Slac_ENSLPGG00000010260	3.1461408832123198e-99	1.3761025001221455e-53	Scil_g8269;Slac_ENSLPGG00000004338	1.6802943233196284e-06	2.8393477480341395e-18	Scil_g13000;Slac_ENSLPGG00000029928	3.39341625169788e-27	7.579824736628398e-08	Scil_g1929;Slac_ENSLPGG00000017167	1.7674415855301177e-06	6.432984065546964e-35													Scil_g5780;Slac_ENSLPGG00000001139	4.769338653554217e-20	1.818054962923476e-39				Scil_g9293;Slac_ENSLPGG00000004519	1.068134353579263e-37	0.00010686538706661993	Scil_g9745;Slac_ENSLPGG00000010538	4.861628818518777e-50	1.8855243062459508e-05	Scil_g9124;Slac_ENSLPGG00000019035	2.9090937196544534e-39	3.3272553401634185e-43							Scil_g9124;Slac_ENSLPGG00000019035	5.033088933049471e-96	2.5582298873795133e-44	Scil_g1970;Slac_ENSLPGG00000009445	1.0284454998381085e-42	7.450635607028214e-93	Scil_g1289;Slac_ENSLPGG00000029464	1.4419377413258943e-74	0.0007712284259622517	Scil_g6946;Slac_ENSLPGG00000024429	5.477263527960614e-63	1.6537847204483554e-110				Scil_g9293;Slac_ENSLPGG00000004519	1.848905501105324e-135	0.00010686538706661993	Scil_g10648;Slac_ENSLPGG00000020432	9.95054578048598e-83	1.6142545983886282e-46												
			Scil_g13234;Slac_ENSLPGG00000024124	1.8077842991171444e-162	1.5429330505535007e-18	Scil_g3151;Slac_ENSLPGG00000010983	5.110249195983151e-156	2.5171224680497587e-06	Scil_g6946;Slac_ENSLPGG00000024429	9.680664986658487e-162	1.6537847204483554e-110	Scil_g10727;Slac_ENSLPGG00000029327	7.513425537122112e-124	1.177325430920987e-46	Scil_g10648;Slac_ENSLPGG00000020432	9.495826844820962e-127	1.6142545983886282e-46										Scil_g7321;Slac_ENSLPGG00000011935	8.443203684061415e-124	4.303345849185861e-42	Scil_g2223;Slac_ENSLPGG00000007673	2.3349283062122266e-60	7.12339383590789e-10				Scil_g6184;Slac_ENSLPGG00000011939	5.4473870678083475e-09	3.841413126916719e-15	Scil_g4911;Slac_ENSLPGG00000009291	4.715567786659775e-20	2.31479779646013e-12							Scil_g968;Slac_ENSLPGG00000007421	0.0014073629046861868	0.00015509177876514045				Scil_g5477;Slac_ENSLPGG00000015099	1.3302213120803827e-34	8.894212548360123e-05				Scil_g11800;Slac_ENSLPGG00000021800	1.6159647655385748e-08	1.1381464439371139e-76				Scil_g10109;Slac_ENSLPGG00000016457	4.018427853674737e-20	9.562523853252367e-10	Scil_g3256;Slac_ENSLPGG00000001288	7.956077814738781e-159	5.885151292742098e-62	Scil_g10912;Slac_ENSLPGG00000011256	2.980475856563998e-115	7.083999090583611e-76	Scil_g1791;Slac_ENSLPGG00000006262	1.474487753595764e-115	1.164211650612726e-23	Scil_g1925;Slac_ENSLPGG00000017593	3.632065566440853e-123	3.499069210513219e-48	Scil_g1960;Slac_ENSLPGG00000002916	3.2286928073300084e-140	6.919613503053608e-05	Scil_g10912;Slac_ENSLPGG00000011256	9.560968674137605e-135	7.083999090583611e-76	Scil_g9493;Slac_ENSLPGG00000004000	2.3299686698791692e-12	0.0015044966193986783	Scil_g1929;Slac_ENSLPGG00000017167	1.7674415855301177e-06	0.0007911283481224101	Scil_g480;Slac_ENSLPGG00000010615	3.092830560358061e-15	4.4086985823551165e-25													Scil_g10207;Slac_ENSLPGG00000027146	2.6297547854583247e-09	3.911581387040837e-09				Scil_g2483;Slac_ENSLPGG00000028631	1.1045373800493697e-35	3.4013484223464646e-25	Scil_g2206;Slac_ENSLPGG00000020387	4.1859626309607827e-41	3.9517589182161367e-05	Scil_g11217;Slac_ENSLPGG00000004638	3.79039953431969e-32	1.532310558670535e-05							Scil_g10648;Slac_ENSLPGG00000020432	4.2567587350998005e-88	4.0719557848007575e-18	Scil_g12539;Slac_ENSLPGG00000024858	7.2408603089323e-51	7.515948784619903e-54	Scil_g6498;Slac_ENSLPGG00000003492	1.2923519339490272e-64	3.527211836864961e-09	Scil_g4533;Slac_ENSLPGG00000022969	1.2388936454946454e-62	6.70554443153993e-106				Scil_g9293;Slac_ENSLPGG00000004000	1.848905501105324e-135	0.003278021509044548	Scil_g5248;Slac_ENSLPGG00000024411	1.8229917120391009e-116	1.2096505057732134e-06												
			Scil_g5475;Slac_ENSLPGG00000020621	1.295333448185283e-264	0.007680656845531507	Scil_g1791;Slac_ENSLPGG00000006262	1.533310905061664e-157	5.219415620128418e-07	Scil_g2223;Slac_ENSLPGG00000007673	6.0558203027828816e-179	7.12339383590789e-10	Scil_g1712;Slac_ENSLPGG00000011939	1.3300903801495556e-102	1.9411559775035762e-60	Scil_g11217;Slac_ENSLPGG00000004638	2.946148279105504e-136	1.532310558670535e-05										Scil_g6171;Slac_ENSLPGG00000003671	4.283642587552604e-09	2.0029821817149136e-07	Scil_g6184;Slac_ENSLPGG00000010742	2.0437623425766398e-95	4.180675232010378e-08				Scil_g6946;Slac_ENSLPGG00000024429	6.2603353992599925e-19	3.6426871512602277e-13	Scil_g13234;Slac_ENSLPGG00000024124	1.3554830852236867e-25	1.9649334591363453e-05							Scil_g2125;Slac_ENSLPGG00000027899	9.671828238748487e-06	8.039398819345128e-20				Scil_g178;Slac_ENSLPGG00000008750	1.8425620263868077e-10	1.3014600539860488e-43				Scil_g9493;Slac_ENSLPGG00000004179	0.00025682824076576704	2.566557906837556e-08				Scil_g8003;Slac_ENSLPGG00000004270	1.2875557559558428e-15	6.921109123786698e-246	Scil_g9745;Slac_ENSLPGG00000010538	2.943041936319009e-161	3.161013484890436e-29	Scil_g9745;Slac_ENSLPGG00000010538	2.943041936319009e-161	7.308255219812879e-65	Scil_g2893;Slac_ENSLPGG00000008469	4.065461872630448e-115	2.907903653442144e-18	Scil_g9745;Slac_ENSLPGG00000010538	6.083517751300122e-149	3.442240220104841e-151	Scil_g898;Slac_ENSLPGG00000026505	6.420321187906607e-144	7.714129174419357e-31	Scil_g3256;Slac_ENSLPGG00000028868	5.327713515480944e-142	3.246417234390367e-07	Scil_g1526;Slac_ENSLPGG00000026673	1.0741465276677377e-12	1.1209371891216487e-12	Scil_g5761;Slac_ENSLPGG00000012632	3.428876897051664e-60	0.00022759646105808043	Scil_g13000;Slac_ENSLPGG00000029928	3.39341625169788e-27	2.8331302238844433e-12													Scil_g2125;Slac_ENSLPGG00000027899	0.003912648592698859	2.395930781699351e-18				Scil_g6323;Slac_ENSLPGG00000002326	1.612004730269666e-33	6.813175420404343e-71	Scil_g9721;Slac_ENSLPGG00000010538	2.095203587606155e-52	1.8855243062459508e-05	Scil_g3256;Slac_ENSLPGG00000001288	1.3159239168598115e-39	1.7179326704524777e-43							Scil_g2483;Slac_ENSLPGG00000028631	3.7457952427140016e-82	3.4013484223464646e-25	Scil_g6498;Slac_ENSLPGG00000003492	1.2923519339490272e-64	2.7403114425080322e-08	Scil_g1638;Slac_ENSLPGG00000009445	6.806062471931183e-22	9.387414755190674e-45	Scil_g1712;Slac_ENSLPGG00000010742	5.466690339879743e-170	4.180675232010378e-08				Scil_g3716;Slac_ENSLPGG00000021862	2.924003797643012e-102	1.0957328769868086e-20	Scil_g13124;Slac_ENSLPGG00000010195	6.8826285325766285e-130	0.007526628337725498												
			Scil_g6171;Slac_ENSLPGG00000022382	1.7399426912413675e-74	2.711690826516311e-05	Scil_g6171;Slac_ENSLPGG00000022382	1.7399426912413675e-74	0.009079633528980611	Scil_g3638;Slac_ENSLPGG00000014669	8.055367761703355e-157	1.0341465535349035e-37	Scil_g9124;Slac_ENSLPGG00000019035	7.3324231054268265e-121	2.5582298873795133e-44	Scil_g8353;Slac_ENSLPGG00000019766	1.490031832718346e-128	9.467587355928259e-49										Scil_g13234;Slac_ENSLPGG00000024124	3.1734013630346153e-54	2.744362743817061e-69	Scil_g5475;Slac_ENSLPGG00000003671	9.475761741841123e-100	2.0029821817149136e-07				Scil_g8993;Slac_ENSLPGG00000020148	6.193652346407716e-33	6.806860283708047e-14	Scil_g4533;Slac_ENSLPGG00000022969	6.856052937877449e-17	1.6892146735656398e-12							Scil_g8832;Slac_ENSLPGG00000016670	0.005243785180414339	1.7480696677301966e-13				Scil_g340;Slac_ENSLPGG00000012059	3.6048010171983975e-12	0.0001556996154803443				Scil_g10145;Slac_ENSLPGG00000030375	6.0270802803340506e-05	2.8472670497856756e-10				Scil_g9194;Slac_ENSLPGG00000011935	2.044288777335072e-61	1.2003091581542824e-13	Scil_g10648;Slac_ENSLPGG00000020432	1.1604582047795361e-126	4.0719557848007575e-18	Scil_g9124;Slac_ENSLPGG00000019035	4.446610370747838e-128	3.3272553401634185e-43	Scil_g10912;Slac_ENSLPGG00000011256	9.560968674137605e-135	2.2171253351216003e-39	Scil_g13124;Slac_ENSLPGG00000010195	1.0074299480610764e-46	8.711393443583144e-76	Scil_g10912;Slac_ENSLPGG00000011256	9.560968674137605e-135	3.1419073425181974e-71	Scil_g4062;Slac_ENSLPGG00000006246	5.070704162096851e-112	6.733599364933415e-86	Scil_g13539;Slac_ENSLPGG00000012055	4.3305419583516825e-67	2.19234091664274e-21	Scil_g9627;Slac_ENSLPGG00000005266	8.910939567034843e-09	3.373245846227511e-05	Scil_g9836;Slac_ENSLPGG00000007303	1.5350612548577186e-31	0.0028691838101910787													Scil_g2679;Slac_ENSLPGG00000008029	1.8236233148970298e-09	1.0569690518647481e-11				Scil_g1476;Slac_ENSLPGG00000023230	2.6023909446367075e-36	2.2983490902897245e-76	Scil_g8003;Slac_ENSLPGG00000004270	2.5211348410897138e-29	4.6184018442352405e-24	Scil_g3361;Slac_ENSLPGG00000011974	2.8819188713364076e-35	7.67347883547446e-58							Scil_g9250;Slac_ENSLPGG00000028683	3.429591532861922e-55	1.429361472231043e-57	Scil_g10725;Slac_ENSLPGG00000025548	1.5543774660431347e-42	1.2057179905366592e-43	Scil_g12539;Slac_ENSLPGG00000024858	7.2408603089323e-51	5.901946872640864e-22	Scil_g3151;Slac_ENSLPGG00000010983	2.2724878528282157e-60	4.878130040153945e-56				Scil_g8806;Slac_ENSLPGG00000011674	5.717263390510375e-114	3.8048786731711764e-116	Scil_g9124;Slac_ENSLPGG00000019035	1.3520486796637278e-81	3.3272553401634185e-43												
			Scil_g10109;Slac_ENSLPGG00000016457	3.418921459024882e-185	1.2977290165073255e-21	Scil_g1925;Slac_ENSLPGG00000017593	4.5482799357800166e-175	2.7948258453143686e-13	Scil_g9124;Slac_ENSLPGG00000019035	2.1980065212529816e-207	3.3272553401634185e-43	Scil_g899;Slac_ENSLPGG00000009254	8.135971964112676e-147	1.0387890797063537e-13	Scil_g13035;Slac_ENSLPGG00000007086	6.21446002587088e-150	6.647145796917893e-26										Scil_g3638;Slac_ENSLPGG00000014669	5.503208260553225e-60	1.0341465535349035e-37	Scil_g10727;Slac_ENSLPGG00000029327	2.943826772783682e-73	4.161742797296685e-48				Scil_g9629;Slac_ENSLPGG00000010538	1.9913006407357843e-27	1.6774426413380397e-27	Scil_g1791;Slac_ENSLPGG00000006262	2.3652297932029573e-19	5.219415620128418e-07							Scil_g9048;Slac_ENSLPGG00000028207	0.0006816163843164766	1.5591700570090591e-12				Scil_g386;Slac_ENSLPGG00000007568	0.006468176328378787	1.060264523551367e-05				Scil_g3385;Slac_ENSLPGG00000013606	0.0007112778901294088	0.0001595871079724291				Scil_g2370;Slac_ENSLPGG00000028380	5.264338977005436e-16	2.69024241495316e-18	Scil_g4533;Slac_ENSLPGG00000022969	1.3918004063906746e-142	1.0796008570484853e-36	Scil_g3256;Slac_ENSLPGG00000001288	7.956077814738781e-159	1.7179326704524777e-43	Scil_g9745;Slac_ENSLPGG00000010538	6.083517751300122e-149	3.161013484890436e-29	Scil_g2370;Slac_ENSLPGG00000028380	4.488418388653064e-18	9.35184558608867e-201	Scil_g10909;Slac_ENSLPGG00000010260	3.1461408832123198e-99	1.0502646397514796e-38	Scil_g11217;Slac_ENSLPGG00000004638	2.2858280483352336e-116	1.532310558670535e-05	Scil_g10145;Slac_ENSLPGG00000012981	1.7089317846235402e-39	9.44836059885975e-51	Scil_g2168;Slac_ENSLPGG00000017442	1.571294457186265e-07	0.005017796047592088	Scil_g1638;Slac_ENSLPGG00000009812	8.970322427469508e-16	0.0010438254101044514													Scil_g5203;Slac_ENSLPGG00000027198	5.971900857282421e-07	4.526518117944262e-06				Scil_g3638;Slac_ENSLPGG00000014669	6.371870979821441e-47	6.752321915550898e-42	Scil_g8353;Slac_ENSLPGG00000019766	1.7358248324139875e-31	7.021351741160292e-19	Scil_g3638;Slac_ENSLPGG00000014669	6.371870979821441e-47	1.0341465535349035e-37							Scil_g13234;Slac_ENSLPGG00000024124	4.50466516928562e-65	1.5429330505535007e-18	Scil_g10843;Slac_ENSLPGG00000008220	1.8521824952002003e-49	9.125798317363784e-20	Scil_g10725;Slac_ENSLPGG00000025548	1.5543774660431347e-42	6.498149185112574e-14	Scil_g2223;Slac_ENSLPGG00000007673	4.4579411900806424e-73	7.12339383590789e-10				Scil_g5248;Slac_ENSLPGG00000021586	1.8229917120391009e-116	1.7411706854794535e-05	Scil_g10909;Slac_ENSLPGG00000010260	4.029297331216679e-108	1.3761025001221455e-53												
			Scil_g9250;Slac_ENSLPGG00000028683	2.6497218865618705e-173	1.429361472231043e-57	Scil_g8806;Slac_ENSLPGG00000011674	6.003775783168802e-181	2.3184934279229128e-17	Scil_g4533;Slac_ENSLPGG00000022969	7.506118655366502e-175	6.70554443153993e-106	Scil_g6946;Slac_ENSLPGG00000024429	4.2944620418640047e-131	6.736045434283082e-18	Scil_g8993;Slac_ENSLPGG00000020148	7.252236826779822e-118	2.7616246220214846e-62										Scil_g9293;Slac_ENSLPGG00000004519	1.1747218219988391e-73	0.0032723837075047833	Scil_g10648;Slac_ENSLPGG00000020432	1.3859039755628669e-71	1.6142545983886282e-46				Scil_g9124;Slac_ENSLPGG00000019035	1.4171253512393097e-13	9.845170862667476e-26	Scil_g7553;Slac_ENSLPGG00000012055	3.573099808551323e-20	3.6369101926159253e-08							Scil_g6013;Slac_ENSLPGG00000000463	0.0005720082909392913	0.0027394311528223447										Scil_g3385;Slac_ENSLPGG00000000505	0.0007112778901294088	0.0008491996606474841				Scil_g1476;Slac_ENSLPGG00000023230	3.6408993065184416e-24	1.0874649074731318e-11	Scil_g1925;Slac_ENSLPGG00000017593	7.032462050028304e-119	7.56918913214084e-65	Scil_g3256;Slac_ENSLPGG00000028868	7.956077814738781e-159	3.246417234390367e-07	Scil_g8353;Slac_ENSLPGG00000019766	2.0492440486218787e-125	2.1136523826566947e-27	Scil_g9721;Slac_ENSLPGG00000010538	5.11511745648546e-151	3.442240220104841e-151	Scil_g8992;Slac_ENSLPGG00000020148	6.181710734412899e-151	4.009916980574879e-13	Scil_g9721;Slac_ENSLPGG00000010538	5.11511745648546e-151	7.308255219812879e-65	Scil_g130;Slac_ENSLPGG00000008987	4.0112072596266123e-53	2.8046743766921693e-09	Scil_g2536;Slac_ENSLPGG00000030214	0.0023000622132124176	0.009040097015406479	Scil_g2168;Slac_ENSLPGG00000017442	1.571294457186265e-07	1.3539257403136136e-29													Scil_g968;Slac_ENSLPGG00000007421	5.511293402457103e-07	8.249186877144156e-08				Scil_g6390;Slac_ENSLPGG00000000928	1.7889657943570487e-33	1.1206989324336354e-39	Scil_g1476;Slac_ENSLPGG00000023230	2.6023909446367075e-36	1.5236600958372986e-19	Scil_g13234;Slac_ENSLPGG00000024124	4.0150077133028764e-38	2.744362743817061e-69							Scil_g6171;Slac_ENSLPGG00000003831	9.395704875551866e-80	1.9753386794871567e-12	Scil_g5583;Slac_ENSLPGG00000023072	3.059685191254236e-153	8.806617402345044e-07	Scil_g9698;Slac_ENSLPGG00000003607	2.104561369049522e-68	1.0959801936333658e-13	Scil_g13124;Slac_ENSLPGG00000013980	3.4084473963593155e-86	2.6873996838215967e-06				Scil_g1925;Slac_ENSLPGG00000017593	4.2800437018847376e-107	7.56918913214084e-65	Scil_g3361;Slac_ENSLPGG00000011974	2.57182664165895e-128	7.67347883547446e-58												
			Scil_g10648;Slac_ENSLPGG00000020432	2.3400360247395093e-204	4.0719557848007575e-18	Scil_g899;Slac_ENSLPGG00000009254	2.5252932439059766e-179	1.523015714377989e-05	Scil_g2690;Slac_ENSLPGG00000028953	8.38465212710001e-178	5.465589737058946e-12	Scil_g8353;Slac_ENSLPGG00000019766	1.490031832718346e-128	2.1136523826566947e-27	Scil_g4533;Slac_ENSLPGG00000022969	1.8106888236106536e-122	6.70554443153993e-106										Scil_g7321;Slac_ENSLPGG00000014536	8.443203684061415e-124	2.442134044403989e-35	Scil_g13035;Slac_ENSLPGG00000007086	8.649003164520141e-55	6.647145796917893e-26				Scil_g1925;Slac_ENSLPGG00000017593	2.4936840325115736e-20	3.450999182928017e-35	Scil_g3638;Slac_ENSLPGG00000014669	3.06451969298832e-22	1.0125729864122536e-10							Scil_g5592;Slac_ENSLPGG00000027633	0.0008458127119799861	1.8474543655268955e-19										Scil_g428;Slac_ENSLPGG00000010973	0.002509966033530099	1.1028157598999744e-16				Scil_g8993;Slac_ENSLPGG00000020148	3.742148543146573e-14	2.78918592477133e-13	Scil_g2206;Slac_ENSLPGG00000008927	4.403406639912815e-22	1.143125098030077e-76	Scil_g865;Slac_ENSLPGG00000013426	2.3341907887448427e-157	6.617948250082446e-21	Scil_g8003;Slac_ENSLPGG00000004270	3.430144378200772e-132	5.578624835196838e-94	Scil_g6390;Slac_ENSLPGG00000000928	2.460270925587279e-110	1.295770564287673e-220	Scil_g4062;Slac_ENSLPGG00000006246	5.070704162096851e-112	5.934383852200335e-153	Scil_g9493;Slac_ENSLPGG00000014397	2.27678165470496e-131	3.2063291580291506e-206	Scil_g968;Slac_ENSLPGG00000007421	4.601425424448639e-15	0.00015509177876514045	Scil_g9297;Slac_ENSLPGG00000017442	2.5863864963538156e-07	0.005017796047592088	Scil_g12865;Slac_ENSLPGG00000023608	6.315377043284139e-10	4.304500149690762e-12													Scil_g2645;Slac_ENSLPGG00000029285	0.0016158518255380597	7.164494724547287e-15				Scil_g4911;Slac_ENSLPGG00000009291	1.0528521642195071e-25	1.0203924391597908e-30	Scil_g2206;Slac_ENSLPGG00000010787	4.1859626309607827e-41	7.523869066413557e-05	Scil_g6390;Slac_ENSLPGG00000000928	1.7889657943570487e-33	6.922692494741555e-129							Scil_g10109;Slac_ENSLPGG00000016457	3.960446921005685e-81	1.2977290165073255e-21	Scil_g6562;Slac_ENSLPGG00000000167	9.217726708157462e-45	0.00021169251656336313	Scil_g8541;Slac_ENSLPGG00000003655	1.287194390336262e-18	8.175617660133769e-19	Scil_g2370;Slac_ENSLPGG00000028380	1.269616078721243e-102	4.225227451960782e-99				Scil_g8427;Slac_ENSLPGG00000017323	6.170621570223789e-101	2.333992275801153e-10	Scil_g5475;Slac_ENSLPGG00000003671	1.4775950835570399e-67	2.0029821817149136e-07												
			Scil_g7553;Slac_ENSLPGG00000012055	2.4222632454790468e-242	2.5837843891576112e-25	Scil_g4533;Slac_ENSLPGG00000022969	7.506118655366502e-175	1.6892146735656398e-12	Scil_g10727;Slac_ENSLPGG00000029327	5.2879013753706336e-216	4.161742797296685e-48	Scil_g5475;Slac_ENSLPGG00000003671	2.603790570228733e-127	1.0199371661577197e-09	Scil_g13124;Slac_ENSLPGG00000010195	1.440043622425943e-159	0.007526628337725498										Scil_g2690;Slac_ENSLPGG00000028953	1.9728948142615564e-64	5.465589737058946e-12	Scil_g4533;Slac_ENSLPGG00000022969	6.379846462569769e-53	6.70554443153993e-106				Scil_g3164;Slac_ENSLPGG00000026756	3.272957791264278e-22	1.6609530823132508e-30	Scil_g9124;Slac_ENSLPGG00000019035	1.4171253512393097e-13	3.6679386549328435e-22							Scil_g6432;Slac_ENSLPGG00000001593	1.968947387535804e-07	3.094093173528089e-68										Scil_g4454;Slac_ENSLPGG00000024989	6.321122707182059e-10	0.0022236768069555587				Scil_g3716;Slac_ENSLPGG00000021862	1.237513029218839e-18	1.2668065792887388e-09	Scil_g10912;Slac_ENSLPGG00000011256	2.980475856563998e-115	2.2171253351216003e-39	Scil_g8353;Slac_ENSLPGG00000019766	2.603646857454287e-118	9.467587355928259e-49	Scil_g9721;Slac_ENSLPGG00000010538	5.11511745648546e-151	3.161013484890436e-29	Scil_g12220;Slac_ENSLPGG00000004594	6.00418407125488e-100	7.344763907956648e-96	Scil_g3256;Slac_ENSLPGG00000001288	5.327713515480944e-142	6.246852829715456e-17	Scil_g8992;Slac_ENSLPGG00000020148	6.181710734412899e-151	2.7616246220214846e-62	Scil_g11267;Slac_ENSLPGG00000020792	2.037739009598718e-05	2.81824819010465e-13	Scil_g254;Slac_ENSLPGG00000018987	0.001157345376022238	7.039459622604765e-250	Scil_g2609;Slac_ENSLPGG00000011839	2.5496084693932424e-33	1.450531294006342e-10													Scil_g6711;Slac_ENSLPGG00000014533	8.434965326442037e-05	0.009652786052629859				Scil_g5248;Slac_ENSLPGG00000019939	2.918086057540766e-32	7.746866494854593e-09	Scil_g3716;Slac_ENSLPGG00000021862	1.4501957580047944e-34	5.9700087731460395e-06	Scil_g2223;Slac_ENSLPGG00000007673	1.2920388944610793e-26	7.12339383590789e-10							Scil_g1925;Slac_ENSLPGG00000017593	1.4925623328084514e-83	7.56918913214084e-65	Scil_g9071;Slac_ENSLPGG00000017904	2.4689009992468022e-57	0.00015490249221911408	Scil_g4454;Slac_ENSLPGG00000008996	3.284144031726754e-68	0.0013036711765881423	Scil_g6184;Slac_ENSLPGG00000011939	1.5848748352518866e-160	3.848690199495851e-18				Scil_g9124;Slac_ENSLPGG00000019035	1.3520486796637278e-81	2.5582298873795133e-44	Scil_g12296;Slac_ENSLPGG00000027192	2.8997712810352193e-122	0.008803816976399361												
			Scil_g1476;Slac_ENSLPGG00000023230	2.2110279484102844e-189	2.2983490902897245e-76	Scil_g6946;Slac_ENSLPGG00000024429	9.680664986658487e-162	3.1739301784227264e-11	Scil_g10318;Slac_ENSLPGG00000012055	2.6930087639678053e-238	0.004024645954396675	Scil_g1712;Slac_ENSLPGG00000010742	1.3300903801495556e-102	9.87478864177323e-33	Scil_g9124;Slac_ENSLPGG00000019035	7.3324231054268265e-121	3.3272553401634185e-43										Scil_g13124;Slac_ENSLPGG00000010195	2.510924435411201e-66	0.007526628337725498	Scil_g3361;Slac_ENSLPGG00000011974	4.133807291202378e-65	7.67347883547446e-58				Scil_g8806;Slac_ENSLPGG00000011674	1.5900958300442982e-15	9.620370139309145e-10	Scil_g12156;Slac_ENSLPGG00000010719	4.307638169955547e-23	6.27040141038556e-13							Scil_g2679;Slac_ENSLPGG00000028207	2.2346960867811288e-23	1.5591700570090591e-12										Scil_g9000;Slac_ENSLPGG00000027245	3.706792156576491e-05	1.8272695194875426e-09				Scil_g12220;Slac_ENSLPGG00000004594	5.837063733880751e-12	1.455189851895095e-131	Scil_g1476;Slac_ENSLPGG00000023230	7.385344574828344e-104	2.2983490902897245e-76	Scil_g13124;Slac_ENSLPGG00000010195	6.693642595961373e-85	0.007526628337725498	Scil_g9168;Slac_ENSLPGG00000007363	7.513065415713719e-151	3.2168293172039397e-74	Scil_g1476;Slac_ENSLPGG00000023230	2.827738935474228e-113	8.750261827995532e-09	Scil_g12220;Slac_ENSLPGG00000004594	6.00418407125488e-100	6.607699011825383e-59	Scil_g8353;Slac_ENSLPGG00000019766	2.0492440486218787e-125	9.467587355928259e-49	Scil_g13000;Slac_ENSLPGG00000029928	3.39341625169788e-27	2.400681215310377e-98	Scil_g254;Slac_ENSLPGG00000011839	0.001157345376022238	1.2034060637604468e-07	Scil_g9627;Slac_ENSLPGG00000005266	8.910939567034843e-09	2.114535297935719e-39													Scil_g5780;Slac_ENSLPGG00000003645	4.769338653554217e-20	3.054305818830776e-10				Scil_g3256;Slac_ENSLPGG00000028868	1.3159239168598115e-39	2.7375550175479056e-05	Scil_g8438;Slac_ENSLPGG00000026812	9.561161019083593e-39	1.5443531090971996e-05	Scil_g2206;Slac_ENSLPGG00000020387	4.1859626309607827e-41	1.858654992687279e-11							Scil_g9552;Slac_ENSLPGG00000002404	2.8279957610913924e-73	3.936831883841032e-26	Scil_g9503;Slac_ENSLPGG00000004519	6.336262308259084e-40	4.5243128665507855e-05	Scil_g208;Slac_ENSLPGG00000014308	2.6548209437680143e-07	6.816162808273352e-123	Scil_g9194;Slac_ENSLPGG00000011935	5.898830227810446e-140	4.303345849185861e-42				Scil_g4911;Slac_ENSLPGG00000009291	2.54633051855732e-106	1.0203924391597908e-30	Scil_g4911;Slac_ENSLPGG00000009291	2.54633051855732e-106	2.168851175657556e-68												
			Scil_g7321;Slac_ENSLPGG00000011935	2.5082794551296523e-275	1.3450411135448757e-39	Scil_g4911;Slac_ENSLPGG00000009291	2.0933715634038223e-215	2.31479779646013e-12	Scil_g10648;Slac_ENSLPGG00000020432	2.3400360247395093e-204	1.6142545983886282e-46	Scil_g10648;Slac_ENSLPGG00000020432	9.495826844820962e-127	4.0719557848007575e-18	Scil_g1476;Slac_ENSLPGG00000023230	7.56516123012547e-108	5.223691763040609e-33										Scil_g9124;Slac_ENSLPGG00000019035	1.0206834152151669e-67	3.3272553401634185e-43	Scil_g6184;Slac_ENSLPGG00000011939	2.0437623425766398e-95	3.848690199495851e-18				Scil_g9250;Slac_ENSLPGG00000028683	1.5637657574953375e-17	1.2002867284157125e-12	Scil_g1712;Slac_ENSLPGG00000010742	9.714010563315234e-10	9.422669666121207e-08							Scil_g9836;Slac_ENSLPGG00000007303	0.0048953891006019426	0.00012465642137441765										Scil_g12359;Slac_ENSLPGG00000012055	0.00021941352479210393	2.19234091664274e-21				Scil_g10912;Slac_ENSLPGG00000011256	4.566016828700626e-09	1.765219047180333e-65	Scil_g10741;Slac_ENSLPGG00000010615	3.605520915928787e-169	5.980524550575253e-11	Scil_g9293;Slac_ENSLPGG00000004179	1.1287742971164978e-130	0.00041922201390155815	Scil_g10909;Slac_ENSLPGG00000010260	3.1461408832123198e-99	2.412924934131644e-38	Scil_g8003;Slac_ENSLPGG00000004270	3.430144378200772e-132	4.262215166611071e-41	Scil_g8003;Slac_ENSLPGG00000004270	3.430144378200772e-132	5.021282615077031e-99	Scil_g6390;Slac_ENSLPGG00000000928	2.460270925587279e-110	6.922692494741555e-129	Scil_g12781;Slac_ENSLPGG00000023276	6.388261027111742e-60	6.421293992453257e-19	Scil_g254;Slac_ENSLPGG00000007525	0.001157345376022238	4.912879220835159e-25	Scil_g11208;Slac_ENSLPGG00000028225	3.3402820584865002e-40	0.00463188634286544													Scil_g1638;Slac_ENSLPGG00000009812	5.0201047232408515e-08	0.0010438254101044514				Scil_g2206;Slac_ENSLPGG00000020387	4.1859626309607827e-41	2.0186617573470594e-19	Scil_g9071;Slac_ENSLPGG00000017904	1.756022147312694e-23	2.4183620119939854e-13	Scil_g9293;Slac_ENSLPGG00000004519	1.068134353579263e-37	0.0032723837075047833							Scil_g13035;Slac_ENSLPGG00000007086	2.639933657800347e-63	1.1676298269618592e-24	Scil_g8269;Slac_ENSLPGG00000004338	5.502192638442971e-62	6.484784199850565e-16	Scil_g5638;Slac_ENSLPGG00000012506	4.7202734416415495e-85	0.00014073784976499266	Scil_g8993;Slac_ENSLPGG00000020148	7.016671981054652e-73	2.7616246220214846e-62				Scil_g6171;Slac_ENSLPGG00000020621	1.8541642254970424e-60	0.007680656845531507	Scil_g2370;Slac_ENSLPGG00000028380	1.4642708276231891e-97	4.225227451960782e-99												
			Scil_g5248;Slac_ENSLPGG00000021586	9.184157074467191e-224	1.7411706854794535e-05	Scil_g12296;Slac_ENSLPGG00000027192	3.383163099003035e-164	3.3286493105544603e-13	Scil_g13124;Slac_ENSLPGG00000010195	3.126717791224233e-203	0.007526628337725498	Scil_g9250;Slac_ENSLPGG00000028683	2.721435095952227e-130	1.429361472231043e-57	Scil_g2370;Slac_ENSLPGG00000028380	8.301935740949479e-119	4.225227451960782e-99										Scil_g9194;Slac_ENSLPGG00000011935	1.0901885833784844e-117	4.303345849185861e-42	Scil_g1712;Slac_ENSLPGG00000010742	2.6901936332220396e-88	4.180675232010378e-08				Scil_g1712;Slac_ENSLPGG00000011939	9.714010563315234e-10	3.841413126916719e-15	Scil_g1712;Slac_ENSLPGG00000011939	9.714010563315234e-10	5.403832430581517e-26							Scil_g8547;Slac_ENSLPGG00000010087	0.0007833547383473981	0.009689194577760013										Scil_g10725;Slac_ENSLPGG00000025548	0.0005078940843049197	1.6897524375766262e-08				Scil_g4533;Slac_ENSLPGG00000022969	7.416187283045901e-15	3.2698837902110687e-34	Scil_g1710;Slac_ENSLPGG00000011888	2.695382602065431e-158	3.4081145930049474e-28	Scil_g2893;Slac_ENSLPGG00000008469	1.1923001404242734e-94	3.641744759946759e-217	Scil_g13124;Slac_ENSLPGG00000010195	1.0074299480610764e-46	8.286679837350897e-82	Scil_g3256;Slac_ENSLPGG00000001288	5.327713515480944e-142	3.3132955920739e-08	Scil_g9168;Slac_ENSLPGG00000007363	7.513065415713719e-151	2.1772805589233556e-17	Scil_g3804;Slac_ENSLPGG00000008240	5.610690873142577e-128	3.6050752385326326e-33	Scil_g1638;Slac_ENSLPGG00000027899	8.970322427469508e-16	8.039398819345128e-20	Scil_g402;Slac_ENSLPGG00000019508	3.0815957779789786e-09	0.0029097808017405015	Scil_g9297;Slac_ENSLPGG00000017442	2.5863864963538156e-07	1.3539257403136136e-29													Scil_g3804;Slac_ENSLPGG00000008240	0.00010278154694991752	0.0029252401956780874				Scil_g2206;Slac_ENSLPGG00000011938	4.1859626309607827e-41	1.929366245869577e-05	Scil_g12463;Slac_ENSLPGG00000010851	4.433351596331764e-34	1.90089103661177e-28	Scil_g1492;Slac_ENSLPGG00000007868	7.545423925236786e-35	1.5500312999257935e-28							Scil_g9293;Slac_ENSLPGG00000004000	1.5683835358952403e-97	0.003278021509044548	Scil_g2206;Slac_ENSLPGG00000020387	1.0001481920852157e-24	4.493259274582253e-30	Scil_g6454;Slac_ENSLPGG00000011075	8.095199901803195e-97	0.0003708994798448105	Scil_g3164;Slac_ENSLPGG00000026756	5.827865601367016e-79	1.2508677563975932e-139				Scil_g1476;Slac_ENSLPGG00000023230	3.544465932639498e-70	2.2983490902897245e-76	Scil_g5248;Slac_ENSLPGG00000019939	1.8229917120391009e-116	2.3792066558181335e-05												
			Scil_g6171;Slac_ENSLPGG00000003831	1.7399426912413675e-74	1.9753386794871567e-12	Scil_g8003;Slac_ENSLPGG00000004270	1.0907363755000279e-169	3.8041702806849793e-23	Scil_g5248;Slac_ENSLPGG00000021586	9.184157074467191e-224	3.684928387240296e-05	Scil_g6184;Slac_ENSLPGG00000010742	1.4568704947031035e-94	9.87478864177323e-33	Scil_g9250;Slac_ENSLPGG00000028683	2.721435095952227e-130	6.089579012366993e-65										Scil_g5248;Slac_ENSLPGG00000021586	1.0532875804502493e-85	3.684928387240296e-05	Scil_g11217;Slac_ENSLPGG00000004638	4.591856762452543e-69	1.532310558670535e-05				Scil_g1476;Slac_ENSLPGG00000023230	3.855203503525637e-09	2.3957706688135345e-09	Scil_g6171;Slac_ENSLPGG00000003671	0.00029036937957290643	0.00027720892671967813							Scil_g5478;Slac_ENSLPGG00000015099	8.012044965842136e-98	1.7850212451237403e-30										Scil_g12781;Slac_ENSLPGG00000023276	0.0006759310779593418	6.421293992453257e-19				Scil_g4062;Slac_ENSLPGG00000006246	0.005380966345068638	7.311182380590482e-07	Scil_g8353;Slac_ENSLPGG00000019766	2.603646857454287e-118	2.1136523826566947e-27	Scil_g6390;Slac_ENSLPGG00000000928	1.1921216419028054e-102	6.922692494741555e-129	Scil_g1476;Slac_ENSLPGG00000023230	2.827738935474228e-113	2.2983490902897245e-76	Scil_g9493;Slac_ENSLPGG00000011571	2.27678165470496e-131	2.874968475550528e-157	Scil_g11065;Slac_ENSLPGG00000026756	1.695876787064981e-153	8.504659512207727e-23	Scil_g12296;Slac_ENSLPGG00000027192	4.998613850484266e-127	0.008803816976399361	Scil_g5761;Slac_ENSLPGG00000012744	3.428876897051664e-60	1.562153645506186e-07	Scil_g402;Slac_ENSLPGG00000022031	3.0815957779789786e-09	1.934308093695544e-09	Scil_g2536;Slac_ENSLPGG00000030214	0.0023000622132124176	1.2476007937758226e-12													Scil_g9000;Slac_ENSLPGG00000027245	0.0007766816971491721	0.0020301388968828916				Scil_g11217;Slac_ENSLPGG00000004638	3.79039953431969e-32	0.00028259928740763477	Scil_g6323;Slac_ENSLPGG00000002326	1.612004730269666e-33	4.50451851052565e-12	Scil_g2893;Slac_ENSLPGG00000008469	6.46484033181541e-33	3.641744759946759e-217							Scil_g8993;Slac_ENSLPGG00000020148	7.016671981054652e-73	2.6497068512720957e-36	Scil_g7113;Slac_ENSLPGG00000001833	3.406864929288282e-18	7.968474315469796e-53	Scil_g10843;Slac_ENSLPGG00000008220	1.8521824952002003e-49	1.032236898468495e-07	Scil_g9194;Slac_ENSLPGG00000014536	5.898830227810446e-140	2.442134044403989e-35				Scil_g5248;Slac_ENSLPGG00000024411	1.8229917120391009e-116	0.00026913458432165766	Scil_g11217;Slac_ENSLPGG00000004638	3.0300660819734227e-109	1.532310558670535e-05												
			Scil_g9293;Slac_ENSLPGG00000004519	8.019716807373262e-220	0.00010686538706661993	Scil_g11217;Slac_ENSLPGG00000004638	4.44949211956563e-199	0.002920941987572301	Scil_g2370;Slac_ENSLPGG00000028380	2.182416856644336e-211	4.225227451960782e-99	Scil_g9293;Slac_ENSLPGG00000004000	2.951490176649077e-162	0.003278021509044548	Scil_g3594;Slac_ENSLPGG00000002394	7.656339146352985e-162	1.883042909819768e-33										Scil_g3151;Slac_ENSLPGG00000010983	3.562871497295854e-52	4.878130040153945e-56	Scil_g13234;Slac_ENSLPGG00000024124	4.695137719241873e-61	2.744362743817061e-69				Scil_g6390;Slac_ENSLPGG00000000928	1.0745609560455904e-16	2.7035778569545156e-29	Scil_g9250;Slac_ENSLPGG00000028683	1.5637657574953375e-17	1.8915719792119694e-19							Scil_g5477;Slac_ENSLPGG00000015099	1.3302213120803827e-34	1.7850212451237403e-30										Scil_g9048;Slac_ENSLPGG00000005542	1.3461409145371213e-06	1.910046459190571e-133				Scil_g6454;Slac_ENSLPGG00000022449	6.858095676389127e-26	9.07222299769613e-26	Scil_g3256;Slac_ENSLPGG00000002916	7.956077814738781e-159	4.5097320754487453e-69	Scil_g9493;Slac_ENSLPGG00000011571	1.6437894554212709e-118	2.898364963731895e-101	Scil_g8992;Slac_ENSLPGG00000020148	6.181710734412899e-151	2.6497068512720957e-36	Scil_g3164;Slac_ENSLPGG00000026756	0.00031576174076018454	0.0	Scil_g9493;Slac_ENSLPGG00000014397	2.27678165470496e-131	2.949995427985947e-109	Scil_g9293;Slac_ENSLPGG00000004179	2.4492817883719566e-122	0.00041922201390155815	Scil_g6241;Slac_ENSLPGG00000002720	8.13400126756962e-59	0.00589018339355581	Scil_g402;Slac_ENSLPGG00000002171	3.0815957779789786e-09	2.0033528474106121e-25	Scil_g2125;Slac_ENSLPGG00000009812	7.978194181701999e-06	0.0010438254101044514													Scil_g792;Slac_ENSLPGG00000003499	1.641646920059079e-05	4.976330832031721e-53				Scil_g1710;Slac_ENSLPGG00000017185	1.609891795418574e-48	3.68466924349509e-29	Scil_g9168;Slac_ENSLPGG00000007363	3.5436367347219758e-37	1.0100077948533649e-23	Scil_g10909;Slac_ENSLPGG00000010260	1.2286307853739737e-27	1.3761025001221455e-53							Scil_g12156;Slac_ENSLPGG00000010719	1.056585605853846e-61	8.243606754940854e-33	Scil_g3316;Slac_ENSLPGG00000004765	1.519302958619698e-66	7.112668730081287e-07	Scil_g8541;Slac_ENSLPGG00000011766	1.287194390336262e-18	3.776351670000907e-29	Scil_g6390;Slac_ENSLPGG00000000928	5.156840093399957e-32	6.922692494741555e-129				Scil_g2370;Slac_ENSLPGG00000028380	1.4642708276231891e-97	1.7537019458222814e-38	Scil_g6171;Slac_ENSLPGG00000003671	1.8541642254970424e-60	2.0029821817149136e-07												
			Scil_g8427;Slac_ENSLPGG00000017323	9.197135816581088e-177	2.333992275801153e-10	Scil_g6646;Slac_ENSLPGG00000020424	1.3993094756793536e-177	2.3712017800185022e-07	Scil_g9194;Slac_ENSLPGG00000014536	1.7865176390895007e-221	2.442134044403989e-35	Scil_g5475;Slac_ENSLPGG00000022382	2.603790570228733e-127	2.711690826516311e-05	Scil_g6184;Slac_ENSLPGG00000011939	1.4568704947031035e-94	3.848690199495851e-18										Scil_g4533;Slac_ENSLPGG00000022969	3.2376569795864203e-47	6.70554443153993e-106	Scil_g7321;Slac_ENSLPGG00000014536	3.09936001794689e-92	2.442134044403989e-35				Scil_g10912;Slac_ENSLPGG00000011256	3.4075561377306387e-18	1.3358803255775022e-30	Scil_g5475;Slac_ENSLPGG00000022382	3.8885948140016275e-09	0.009079633528980611							Scil_g386;Slac_ENSLPGG00000007568	0.006468176328378787	2.3439290446575988e-07										Scil_g1400;Slac_ENSLPGG00000024185	2.3245660809128147e-06	2.7411986500058925e-06				Scil_g3256;Slac_ENSLPGG00000002916	1.611987904772327e-09	5.6799755517671594e-36	Scil_g1492;Slac_ENSLPGG00000007868	1.6801179289912673e-118	4.332076472461795e-51	Scil_g1925;Slac_ENSLPGG00000017593	7.032462050028304e-119	1.0521161362232414e-08	Scil_g3256;Slac_ENSLPGG00000001288	5.327713515480944e-142	5.885151292742098e-62	Scil_g9503;Slac_ENSLPGG00000011571	1.6771192045042746e-50	2.874968475550528e-157	Scil_g8353;Slac_ENSLPGG00000019766	2.0492440486218787e-125	5.177118848192536e-67	Scil_g3256;Slac_ENSLPGG00000001288	5.327713515480944e-142	1.7179326704524777e-43	Scil_g792;Slac_ENSLPGG00000030274	1.0741828022168916e-77	4.792398824938848e-06	Scil_g413;Slac_ENSLPGG00000000696	0.001583566651221751	0.004627863696509668	Scil_g6217;Slac_ENSLPGG00000028030	3.338949391722428e-23	0.00013100968601483087													Scil_g12781;Slac_ENSLPGG00000004729	1.7753457956571693e-32	4.196668465042948e-08				Scil_g12463;Slac_ENSLPGG00000010851	4.433351596331764e-34	1.3662746664668557e-142	Scil_g2893;Slac_ENSLPGG00000008469	6.46484033181541e-33	3.8132540660097496e-07	Scil_g4062;Slac_ENSLPGG00000006246	2.4275618325928744e-32	6.733599364933415e-86							Scil_g2893;Slac_ENSLPGG00000008469	3.526374974284579e-42	2.907903653442144e-18	Scil_g9493;Slac_ENSLPGG00000004519	2.9515426081567275e-32	4.5243128665507855e-05	Scil_g208;Slac_ENSLPGG00000009166	2.6548209437680143e-07	1.1988328640332207e-29	Scil_g13035;Slac_ENSLPGG00000007086	2.639933657800347e-63	6.647145796917893e-26				Scil_g12156;Slac_ENSLPGG00000010719	7.58545683046066e-123	8.243606754940854e-33	Scil_g3594;Slac_ENSLPGG00000002394	1.4988664616076513e-94	1.883042909819768e-33												
			Scil_g899;Slac_ENSLPGG00000009254	2.5252932439059766e-179	1.0387890797063537e-13	Scil_g9194;Slac_ENSLPGG00000014536	1.7865176390895007e-221	1.1734089487601698e-11	Scil_g6171;Slac_ENSLPGG00000003671	1.7399426912413675e-74	2.0029821817149136e-07	Scil_g13234;Slac_ENSLPGG00000024124	3.7544851097034814e-139	1.5429330505535007e-18	Scil_g10909;Slac_ENSLPGG00000010260	7.497390912948725e-127	1.3761025001221455e-53										Scil_g13124;Slac_ENSLPGG00000013980	2.510924435411201e-66	2.6873996838215967e-06	Scil_g6390;Slac_ENSLPGG00000000928	5.502852482135317e-31	6.922692494741555e-129				Scil_g8353;Slac_ENSLPGG00000019766	1.6000596593325662e-15	1.0233135816171873e-44	Scil_g8993;Slac_ENSLPGG00000020148	6.193652346407716e-33	1.746006324025709e-16							Scil_g386;Slac_ENSLPGG00000028356	0.006468176328378787	4.114409685965847e-17										Scil_g9000;Slac_ENSLPGG00000012713	3.706792156576491e-05	9.231319347629389e-07				Scil_g6390;Slac_ENSLPGG00000000928	0.0012544917580860169	2.476711995346214e-13	Scil_g10912;Slac_ENSLPGG00000021349	2.980475856563998e-115	0.00022049414074647497	Scil_g3256;Slac_ENSLPGG00000002916	7.956077814738781e-159	5.382979758273921e-31	Scil_g4062;Slac_ENSLPGG00000006246	5.070704162096851e-112	2.928932634954862e-19	Scil_g3256;Slac_ENSLPGG00000002916	5.327713515480944e-142	3.3915334349713295e-06	Scil_g9417;Slac_ENSLPGG00000028683	4.5205869634179163e-100	0.0	Scil_g1925;Slac_ENSLPGG00000017593	3.632065566440853e-123	1.0521161362232414e-08	Scil_g5761;Slac_ENSLPGG00000012632	3.428876897051664e-60	4.601839834566056e-57	Scil_g429;Slac_ENSLPGG00000010487	0.004242208558980064	0.0002110686266372586	Scil_g8547;Slac_ENSLPGG00000010087	0.00422174344177619	0.00227205435873775													Scil_g2125;Slac_ENSLPGG00000009812	0.003912648592698859	0.0010438254101044514				Scil_g1710;Slac_ENSLPGG00000011888	1.609891795418574e-48	3.4081145930049474e-28	Scil_g548;Slac_ENSLPGG00000010832	1.369656123838872e-37	1.3006303886412755e-12	Scil_g13124;Slac_ENSLPGG00000010195	5.25206617654619e-24	0.007526628337725498							Scil_g899;Slac_ENSLPGG00000009254	1.5742828249514944e-82	1.0387890797063537e-13	Scil_g9815;Slac_ENSLPGG00000028025	4.830247271194087e-52	8.520709141520494e-46	Scil_g6498;Slac_ENSLPGG00000020053	1.2923519339490272e-64	0.00030001471022419676	Scil_g7321;Slac_ENSLPGG00000014536	5.930847674605021e-125	2.442134044403989e-35				Scil_g6171;Slac_ENSLPGG00000003831	1.8541642254970424e-60	1.9753386794871567e-12	Scil_g1925;Slac_ENSLPGG00000017593	4.2800437018847376e-107	1.0521161362232414e-08												
			Scil_g13035;Slac_ENSLPGG00000007086	1.1142082493636086e-164	1.1676298269618592e-24	Scil_g12156;Slac_ENSLPGG00000010719	2.209389321751401e-174	6.27040141038556e-13	Scil_g8993;Slac_ENSLPGG00000020148	6.789717221602786e-164	2.7616246220214846e-62	Scil_g3594;Slac_ENSLPGG00000002394	7.656339146352985e-162	8.224819778313836e-10	Scil_g1925;Slac_ENSLPGG00000017593	3.7542346207751636e-142	1.0521161362232414e-08										Scil_g7553;Slac_ENSLPGG00000012055	1.6542102799396755e-117	0.004024645954396675	Scil_g9194;Slac_ENSLPGG00000014536	5.318216985308373e-74	2.442134044403989e-35				Scil_g10236;Slac_ENSLPGG00000018880	1.6394324914414769e-24	1.0697833489978751e-23	Scil_g9629;Slac_ENSLPGG00000010538	1.9913006407357843e-27	4.771574432457165e-13							Scil_g386;Slac_ENSLPGG00000021058	0.006468176328378787	0.00152027626881847										Scil_g10276;Slac_ENSLPGG00000005266	3.23081607331972e-11	3.7974666502368006e-11				Scil_g9629;Slac_ENSLPGG00000010538	2.1965893713101433e-11	3.845183737422159e-24	Scil_g5475;Slac_ENSLPGG00000022382	1.3292296394539845e-10	2.711690826516311e-05	Scil_g1476;Slac_ENSLPGG00000023230	7.385344574828344e-104	5.223691763040609e-33	Scil_g6390;Slac_ENSLPGG00000000928	2.460270925587279e-110	1.1206989324336354e-39	Scil_g9503;Slac_ENSLPGG00000014397	1.6771192045042746e-50	0.0	Scil_g9503;Slac_ENSLPGG00000011571	1.6771192045042746e-50	2.110374489830032e-74	Scil_g2370;Slac_ENSLPGG00000028380	4.488418388653064e-18	4.225227451960782e-99	Scil_g11267;Slac_ENSLPGG00000023554	2.037739009598718e-05	0.0003803585283128048				Scil_g254;Slac_ENSLPGG00000018987	0.001157345376022238	1.3415721302813278e-256													Scil_g6760;Slac_ENSLPGG00000003655	1.4790170904772538e-07	1.514901166292821e-11				Scil_g3804;Slac_ENSLPGG00000008240	6.703845802634672e-42	2.079376046061837e-53	Scil_g5971;Slac_ENSLPGG00000021720	8.726915964439146e-34	4.802662219431314e-15	Scil_g13035;Slac_ENSLPGG00000007086	2.637054200175372e-35	6.647145796917893e-26							Scil_g9127;Slac_ENSLPGG00000004375	3.7805902984793966e-76	4.092281823682723e-28	Scil_g552;Slac_ENSLPGG00000010574	3.552831621492361e-38	5.179417381722239e-12	Scil_g3316;Slac_ENSLPGG00000004765	1.519302958619698e-66	0.0009075811127417323	Scil_g13124;Slac_ENSLPGG00000010195	3.4084473963593155e-86	0.007526628337725498				Scil_g2893;Slac_ENSLPGG00000008469	1.0150715543948034e-123	2.907903653442144e-18	Scil_g6390;Slac_ENSLPGG00000000928	1.4048989510805208e-65	6.922692494741555e-129												
			Scil_g4911;Slac_ENSLPGG00000009291	2.0933715634038223e-215	1.0203924391597908e-30	Scil_g9250;Slac_ENSLPGG00000028683	2.6497218865618705e-173	1.8915719792119694e-19	Scil_g9250;Slac_ENSLPGG00000028683	2.6497218865618705e-173	6.089579012366993e-65	Scil_g2893;Slac_ENSLPGG00000008469	3.416092388596415e-141	2.907903653442144e-18	Scil_g1712;Slac_ENSLPGG00000010742	1.3300903801495556e-102	4.180675232010378e-08										Scil_g2370;Slac_ENSLPGG00000028380	2.8536787558946503e-63	4.225227451960782e-99	Scil_g3594;Slac_ENSLPGG00000002394	1.3637485298182172e-73	1.883042909819768e-33				Scil_g4062;Slac_ENSLPGG00000006246	1.5601679073517297e-14	2.2175257822777808e-16	Scil_g1476;Slac_ENSLPGG00000023230	3.855203503525637e-09	8.850291578849852e-18							Scil_g458;Slac_ENSLPGG00000013606	6.40309415658149e-14	0.0001595871079724291										Scil_g6432;Slac_ENSLPGG00000001593	0.002267531833456019	3.094093173528089e-68				Scil_g455;Slac_ENSLPGG00000008236	1.655418365786462e-09	1.5271365830891525e-83	Scil_g455;Slac_ENSLPGG00000008236	1.6503778390077814e-110	7.774724969998724e-77	Scil_g12296;Slac_ENSLPGG00000027192	5.830383179030522e-117	0.008803816976399361	Scil_g10793;Slac_ENSLPGG00000007363	1.418432260572787e-130	3.2168293172039397e-74	Scil_g2393;Slac_ENSLPGG00000028380	1.9901801935933732e-154	9.35184558608867e-201	Scil_g9493;Slac_ENSLPGG00000011571	2.27678165470496e-131	2.110374489830032e-74	Scil_g1476;Slac_ENSLPGG00000023230	2.827738935474228e-113	5.223691763040609e-33	Scil_g13539;Slac_ENSLPGG00000008987	4.3305419583516825e-67	2.8046743766921693e-09				Scil_g254;Slac_ENSLPGG00000011839	0.001157345376022238	1.450531294006342e-10													Scil_g13000;Slac_ENSLPGG00000029928	6.956087450201381e-13	2.8331302238844433e-12				Scil_g2893;Slac_ENSLPGG00000008469	6.46484033181541e-33	2.907903653442144e-18	Scil_g4911;Slac_ENSLPGG00000009291	1.0528521642195071e-25	0.00012916450019994526	Scil_g2370;Slac_ENSLPGG00000028380	9.191698524361428e-24	4.225227451960782e-99							Scil_g13584;Slac_ENSLPGG00000010731	8.705571607741827e-89	1.9766319970207384e-32	Scil_g11267;Slac_ENSLPGG00000020792	5.74194457398664e-143	2.631337201907897e-07	Scil_g9071;Slac_ENSLPGG00000017904	2.4689009992468022e-57	9.002915660547612e-13	Scil_g11217;Slac_ENSLPGG00000004638	1.1898754821400538e-83	1.532310558670535e-05				Scil_g5475;Slac_ENSLPGG00000022382	1.4775950835570399e-67	2.711690826516311e-05	Scil_g6171;Slac_ENSLPGG00000001057	1.8541642254970424e-60	0.0006556926158877126												
			Scil_g10727;Slac_ENSLPGG00000029327	5.2879013753706336e-216	1.177325430920987e-46	Scil_g2370;Slac_ENSLPGG00000028380	2.182416856644336e-211	1.9744369038879046e-20	Scil_g7321;Slac_ENSLPGG00000011935	2.5082794551296523e-275	4.303345849185861e-42	Scil_g10909;Slac_ENSLPGG00000010260	7.497390912948725e-127	2.412924934131644e-38	Scil_g6184;Slac_ENSLPGG00000010742	1.4568704947031035e-94	4.180675232010378e-08										Scil_g10648;Slac_ENSLPGG00000020432	2.7368448364674213e-69	1.6142545983886282e-46	Scil_g13124;Slac_ENSLPGG00000010195	7.064631373595451e-75	0.007526628337725498				Scil_g12220;Slac_ENSLPGG00000004594	4.397246166060545e-16	3.767053649535749e-26	Scil_g1925;Slac_ENSLPGG00000017593	2.4936840325115736e-20	2.7948258453143686e-13							Scil_g458;Slac_ENSLPGG00000000505	6.40309415658149e-14	0.0008491996606474841										Scil_g6711;Slac_ENSLPGG00000018673	5.44337586217915e-06	1.920656260325209e-05				Scil_g9168;Slac_ENSLPGG00000007363	1.5787868417094685e-09	1.7179342491567475e-17	Scil_g865;Slac_ENSLPGG00000013426	2.3341907887448427e-157	6.535231825217502e-10	Scil_g9493;Slac_ENSLPGG00000014397	1.6437894554212709e-118	3.2063291580291506e-206	Scil_g10912;Slac_ENSLPGG00000021349	9.560968674137605e-135	0.00022049414074647497	Scil_g13687;Slac_ENSLPGG00000010551	1.3130253835517724e-101	1.2684018536184879e-57	Scil_g3256;Slac_ENSLPGG00000002916	5.327713515480944e-142	6.919613503053608e-05	Scil_g10912;Slac_ENSLPGG00000021349	9.560968674137605e-135	0.007868136067536493	Scil_g2609;Slac_ENSLPGG00000011839	2.5496084693932424e-33	9.31254328396097e-40				Scil_g254;Slac_ENSLPGG00000007525	0.001157345376022238	6.8121822133019086e-40													Scil_g2536;Slac_ENSLPGG00000030214	0.00027176577344127683	1.2476007937758226e-12				Scil_g8003;Slac_ENSLPGG00000004270	2.5211348410897138e-29	5.578624835196838e-94	Scil_g2206;Slac_ENSLPGG00000013974	4.1859626309607827e-41	0.0034573262747086015	Scil_g1476;Slac_ENSLPGG00000023230	2.6023909446367075e-36	5.223691763040609e-33							Scil_g7321;Slac_ENSLPGG00000011935	5.930847674605021e-125	1.3450411135448757e-39	Scil_g2125;Slac_ENSLPGG00000009445	7.232207162105824e-15	7.450635607028214e-93	Scil_g552;Slac_ENSLPGG00000010574	3.552831621492361e-38	0.0005891234943415587	Scil_g3594;Slac_ENSLPGG00000002394	1.0155220402706718e-112	1.883042909819768e-33				Scil_g5475;Slac_ENSLPGG00000020621	1.4775950835570399e-67	0.007680656845531507	Scil_g3164;Slac_ENSLPGG00000026756	3.2002980373849365e-113	1.2508677563975932e-139												
			Scil_g9194;Slac_ENSLPGG00000014536	1.7865176390895007e-221	2.3412831869630676e-27	Scil_g7553;Slac_ENSLPGG00000012055	2.4222632454790468e-242	3.6369101926159253e-08	Scil_g1476;Slac_ENSLPGG00000023230	2.2110279484102844e-189	5.223691763040609e-33	Scil_g3716;Slac_ENSLPGG00000021862	8.334447354496326e-136	1.0957328769868086e-20	Scil_g9294;Slac_ENSLPGG00000008607	5.590915565154804e-187	0.006194834814392549										Scil_g10912;Slac_ENSLPGG00000011256	2.997278584874441e-38	7.083999090583611e-76	Scil_g1476;Slac_ENSLPGG00000023230	2.1343276533604387e-59	5.223691763040609e-33				Scil_g8003;Slac_ENSLPGG00000004270	3.474487958038278e-22	3.9537121545668246e-33	Scil_g6390;Slac_ENSLPGG00000000928	1.0745609560455904e-16	3.28894940774319e-22																			Scil_g10145;Slac_ENSLPGG00000007322	6.0270802803340506e-05	4.367312583025213e-138				Scil_g9503;Slac_ENSLPGG00000011571	1.1038183862527732e-07	5.620090685238867e-06	Scil_g2206;Slac_ENSLPGG00000020387	4.403406639912815e-22	2.0186617573470594e-19	Scil_g2370;Slac_ENSLPGG00000028380	3.1894241417095747e-35	4.225227451960782e-99	Scil_g2370;Slac_ENSLPGG00000028380	4.488418388653064e-18	1.7537019458222814e-38	Scil_g9417;Slac_ENSLPGG00000028683	4.5205869634179163e-100	3.2179420118599674e-36	Scil_g455;Slac_ENSLPGG00000008236	8.623535028175615e-108	4.049453320720712e-17	Scil_g4454;Slac_ENSLPGG00000008996	1.9703874266385865e-126	6.580418703057666e-08	Scil_g12865;Slac_ENSLPGG00000023608	6.315377043284139e-10	2.288919037360478e-45				Scil_g402;Slac_ENSLPGG00000022031	3.0815957779789786e-09	9.068102115904676e-07													Scil_g8569;Slac_ENSLPGG00000010551	1.2363113595549379e-07	0.0003769891567401784				Scil_g4533;Slac_ENSLPGG00000022969	1.0034892743230954e-35	1.0796008570484853e-36	Scil_g1710;Slac_ENSLPGG00000017185	1.609891795418574e-48	0.005264203246500389	Scil_g4533;Slac_ENSLPGG00000022969	1.0034892743230954e-35	6.70554443153993e-106							Scil_g10727;Slac_ENSLPGG00000029327	1.6808015664091792e-89	1.177325430920987e-46	Scil_g10145;Slac_ENSLPGG00000012981	9.141519554639596e-66	6.510219449485247e-272	Scil_g5583;Slac_ENSLPGG00000023072	3.059685191254236e-153	2.9082894835209276e-06	Scil_g7321;Slac_ENSLPGG00000011935	5.930847674605021e-125	4.303345849185861e-42				Scil_g6171;Slac_ENSLPGG00000003671	1.8541642254970424e-60	1.0199371661577197e-09	Scil_g8993;Slac_ENSLPGG00000020148	8.527329760814655e-97	2.7616246220214846e-62												
			Scil_g6171;Slac_ENSLPGG00000003671	1.7399426912413675e-74	1.0199371661577197e-09	Scil_g8993;Slac_ENSLPGG00000020148	6.789717221602786e-164	1.746006324025709e-16	Scil_g13035;Slac_ENSLPGG00000007086	1.1142082493636086e-164	6.647145796917893e-26	Scil_g4533;Slac_ENSLPGG00000022969	1.8106888236106536e-122	1.0796008570484853e-36	Scil_g5475;Slac_ENSLPGG00000003671	2.603790570228733e-127	2.0029821817149136e-07										Scil_g9250;Slac_ENSLPGG00000028683	5.232994766301021e-44	6.089579012366993e-65	Scil_g1925;Slac_ENSLPGG00000017593	1.6746270423181589e-68	1.0521161362232414e-08				Scil_g6454;Slac_ENSLPGG00000022449	8.358122089206398e-10	6.2005871320382225e-09	Scil_g6946;Slac_ENSLPGG00000024429	6.2603353992599925e-19	3.1739301784227264e-11																			Scil_g8363;Slac_ENSLPGG00000014536	0.0038651321810831366	0.0017488495073275379				Scil_g6478;Slac_ENSLPGG00000002802	9.19572229747412e-25	0.0	Scil_g2206;Slac_ENSLPGG00000011938	4.403406639912815e-22	1.929366245869577e-05	Scil_g8992;Slac_ENSLPGG00000020148	5.147899554013049e-161	2.7616246220214846e-62	Scil_g548;Slac_ENSLPGG00000010832	5.884386158365744e-131	9.45061926070444e-61	Scil_g3476;Slac_ENSLPGG00000024781	5.616621565355855e-69	1.5889491898999282e-05	Scil_g12463;Slac_ENSLPGG00000010851	2.280223389198944e-49	1.5959878191709999e-59	Scil_g13124;Slac_ENSLPGG00000013980	1.0074299480610764e-46	2.6873996838215967e-06	Scil_g9161;Slac_ENSLPGG00000022320	2.1128202634712372e-37	1.9758679866635896e-13				Scil_g402;Slac_ENSLPGG00000011588	3.0815957779789786e-09	0.0077217836227961014													Scil_g13745;Slac_ENSLPGG00000012306	1.4782915150303907e-09	0.0001393398373780955				Scil_g548;Slac_ENSLPGG00000010832	1.369656123838872e-37	9.45061926070444e-61	Scil_g13234;Slac_ENSLPGG00000024124	4.0150077133028764e-38	1.799581779306547e-05	Scil_g1925;Slac_ENSLPGG00000017593	1.4459985745201009e-28	1.0521161362232414e-08							Scil_g13524;Slac_ENSLPGG00000007525	2.796627642960414e-122	1.2976177857252313e-07	Scil_g2206;Slac_ENSLPGG00000008927	1.0001481920852157e-24	2.2589767581800817e-08	Scil_g1970;Slac_ENSLPGG00000009445	1.0284454998381085e-42	9.387414755190674e-45	Scil_g8353;Slac_ENSLPGG00000019766	3.598731772153089e-64	9.467587355928259e-49				Scil_g8003;Slac_ENSLPGG00000004270	5.796074247875878e-94	5.578624835196838e-94	Scil_g9294;Slac_ENSLPGG00000008607	6.844399031368389e-103	0.006194834814392549												
			Scil_g6646;Slac_ENSLPGG00000020424	1.3993094756793536e-177	1.2124572891053823e-17	Scil_g3594;Slac_ENSLPGG00000002394	3.5220781732506785e-197	7.145860182182397e-06	Scil_g7321;Slac_ENSLPGG00000014536	2.5082794551296523e-275	2.442134044403989e-35	Scil_g5248;Slac_ENSLPGG00000021586	2.327018957595338e-155	1.7411706854794535e-05	Scil_g3164;Slac_ENSLPGG00000026756	1.3270090305959245e-142	1.2508677563975932e-139										Scil_g11217;Slac_ENSLPGG00000004638	4.245980281265512e-65	1.532310558670535e-05	Scil_g10318;Slac_ENSLPGG00000012055	6.603369413117707e-68	0.004024645954396675				Scil_g9417;Slac_ENSLPGG00000028683	0.0007195698108334535	1.2002867284157125e-12	Scil_g6171;Slac_ENSLPGG00000003831	0.00029036937957290643	0.0015641324272231186																			Scil_g10145;Slac_ENSLPGG00000023276	6.0270802803340506e-05	6.421293992453257e-19				Scil_g9503;Slac_ENSLPGG00000014397	1.1038183862527732e-07	8.052013589795468e-71	Scil_g9168;Slac_ENSLPGG00000007363	2.2697866568972352e-156	3.2168293172039397e-74	Scil_g4062;Slac_ENSLPGG00000006246	6.223153200505202e-104	6.733599364933415e-86	Scil_g3256;Slac_ENSLPGG00000002916	5.327713515480944e-142	4.5097320754487453e-69	Scil_g6454;Slac_ENSLPGG00000022449	1.4322505555045902e-20	4.8424055772978023e-26	Scil_g10793;Slac_ENSLPGG00000007363	1.418432260572787e-130	2.1772805589233556e-17	Scil_g13124;Slac_ENSLPGG00000010195	1.0074299480610764e-46	0.007526628337725498	Scil_g12721;Slac_ENSLPGG00000026540	6.274956197302803e-61	1.6846350349653484e-167				Scil_g402;Slac_ENSLPGG00000021619	3.0815957779789786e-09	6.167266246761484e-05													Scil_g10015;Slac_ENSLPGG00000022563	1.3831822941253683e-18	8.474717647685418e-17				Scil_g8353;Slac_ENSLPGG00000019766	1.7358248324139875e-31	2.1136523826566947e-27	Scil_g3476;Slac_ENSLPGG00000024781	2.1455730101786142e-31	1.2637581209000319e-23	Scil_g3256;Slac_ENSLPGG00000028868	1.3159239168598115e-39	3.246417234390367e-07							Scil_g8322;Slac_ENSLPGG00000001999	1.371935610466606e-75	8.618432519461951e-31	Scil_g8589;Slac_ENSLPGG00000017421	5.301839687899924e-111	3.3237449623677834e-14	Scil_g8269;Slac_ENSLPGG00000004338	5.502192638442971e-62	7.197840108134119e-08	Scil_g10727;Slac_ENSLPGG00000029327	1.6808015664091792e-89	4.161742797296685e-48				Scil_g8353;Slac_ENSLPGG00000019766	1.0464042329153313e-85	2.1136523826566947e-27	Scil_g10912;Slac_ENSLPGG00000011256	2.665401710348331e-88	7.083999090583611e-76												
			Scil_g2370;Slac_ENSLPGG00000028380	2.182416856644336e-211	1.7537019458222814e-38	Scil_g6171;Slac_ENSLPGG00000003671	1.7399426912413675e-74	0.00027720892671967813	Scil_g3164;Slac_ENSLPGG00000026756	6.264652052478109e-209	1.2508677563975932e-139	Scil_g2370;Slac_ENSLPGG00000028380	8.301935740949479e-119	1.7537019458222814e-38	Scil_g6390;Slac_ENSLPGG00000000928	9.189514729481061e-98	6.922692494741555e-129										Scil_g1925;Slac_ENSLPGG00000017593	2.3870164375299376e-59	1.0521161362232414e-08	Scil_g9629;Slac_ENSLPGG00000010538	4.2780065563414095e-61	7.308255219812879e-65				Scil_g7321;Slac_ENSLPGG00000011935	1.4396974416483862e-06	2.2446203456653885e-06	Scil_g11217;Slac_ENSLPGG00000004638	8.188227833622356e-22	0.002920941987572301																			Scil_g1638;Slac_ENSLPGG00000027899	3.0641446851002867e-07	8.039398819345128e-20				Scil_g4183;Slac_ENSLPGG00000022449	1.7034067676551285e-11	9.07222299769613e-26	Scil_g11217;Slac_ENSLPGG00000004638	7.717693690583104e-112	0.00028259928740763477	Scil_g8003;Slac_ENSLPGG00000004270	4.342441853225872e-132	0.0009594694237878879	Scil_g1492;Slac_ENSLPGG00000007868	4.875102461962703e-121	4.332076472461795e-51	Scil_g9230;Slac_ENSLPGG00000001288	4.1571607056312035e-101	3.3132955920739e-08	Scil_g3916;Slac_ENSLPGG00000008240	7.018414927760375e-68	1.3536784388301194e-139	Scil_g1492;Slac_ENSLPGG00000007868	4.875102461962703e-121	1.5500312999257935e-28	Scil_g9836;Slac_ENSLPGG00000007303	1.5350612548577186e-31	0.00012465642137441765				Scil_g402;Slac_ENSLPGG00000002171	3.0815957779789786e-09	1.9180965568394127e-18													Scil_g9297;Slac_ENSLPGG00000017442	0.005989127197029074	1.3539257403136136e-29				Scil_g2206;Slac_ENSLPGG00000010787	4.1859626309607827e-41	6.66853407732245e-12	Scil_g3804;Slac_ENSLPGG00000008240	6.703845802634672e-42	1.5286399662747134e-05	Scil_g8353;Slac_ENSLPGG00000019766	1.7358248324139875e-31	9.467587355928259e-49							Scil_g3361;Slac_ENSLPGG00000011974	3.875058604343026e-72	2.0632845311203926e-41	Scil_g10145;Slac_ENSLPGG00000007386	9.141519554639596e-66	6.54097176295152e-16	Scil_g2206;Slac_ENSLPGG00000020387	1.0001481920852157e-24	7.497957871072017e-19	Scil_g6184;Slac_ENSLPGG00000010742	1.5848748352518866e-160	4.180675232010378e-08				Scil_g10912;Slac_ENSLPGG00000011256	2.665401710348331e-88	2.2171253351216003e-39	Scil_g8353;Slac_ENSLPGG00000019766	1.0464042329153313e-85	9.467587355928259e-49												
			Scil_g4533;Slac_ENSLPGG00000022969	7.506118655366502e-175	1.0796008570484853e-36	Scil_g6171;Slac_ENSLPGG00000003831	1.7399426912413675e-74	0.0015641324272231186	Scil_g9194;Slac_ENSLPGG00000011935	1.7865176390895007e-221	4.303345849185861e-42	Scil_g8993;Slac_ENSLPGG00000020148	7.252236826779822e-118	2.6497068512720957e-36	Scil_g1712;Slac_ENSLPGG00000011939	1.3300903801495556e-102	3.848690199495851e-18										Scil_g13035;Slac_ENSLPGG00000007086	1.122946902103699e-57	6.647145796917893e-26	Scil_g9194;Slac_ENSLPGG00000011935	5.318216985308373e-74	4.303345849185861e-42				Scil_g3256;Slac_ENSLPGG00000002916	3.1868911479519825e-10	2.2309294441442368e-05	Scil_g7321;Slac_ENSLPGG00000011935	1.4396974416483862e-06	3.4797924186503026e-11																			Scil_g13000;Slac_ENSLPGG00000029928	0.00014173804448313674	2.400681215310377e-98				Scil_g10236;Slac_ENSLPGG00000018880	5.979730728868355e-15	1.7634352789953703e-44	Scil_g2206;Slac_ENSLPGG00000014001	4.403406639912815e-22	2.2252025859821583e-13	Scil_g151;Slac_ENSLPGG00000013344	2.5375968418638794e-141	2.5736575626952478e-36	Scil_g9420;Slac_ENSLPGG00000004782	4.731211575159038e-147	5.858558014061243e-16	Scil_g10401;Slac_ENSLPGG00000009693	5.595123383603605e-80	9.928278892294477e-211	Scil_g2393;Slac_ENSLPGG00000028380	1.9901801935933732e-154	0.0	Scil_g3256;Slac_ENSLPGG00000002916	5.327713515480944e-142	5.382979758273921e-31	Scil_g9161;Slac_ENSLPGG00000026665	2.1128202634712372e-37	4.4837236516005585e-06				Scil_g413;Slac_ENSLPGG00000000696	0.001583566651221751	0.00023086886079057742													Scil_g12721;Slac_ENSLPGG00000026540	3.4969939917331685e-06	0.0				Scil_g5248;Slac_ENSLPGG00000024411	2.918086057540766e-32	0.00026913458432165766	Scil_g1638;Slac_ENSLPGG00000026851	1.301893734272623e-33	6.856836930422313e-08	Scil_g3804;Slac_ENSLPGG00000008240	6.703845802634672e-42	3.6050752385326326e-33							Scil_g6646;Slac_ENSLPGG00000020424	1.1903212790273652e-69	1.2124572891053823e-17	Scil_g792;Slac_ENSLPGG00000000967	1.4915041772042246e-86	5.797109576557609e-98	Scil_g3916;Slac_ENSLPGG00000008240	8.042577274742336e-42	5.050313149981768e-10	Scil_g13687;Slac_ENSLPGG00000019939	5.850749396400135e-66	2.3792066558181335e-05				Scil_g6184;Slac_ENSLPGG00000010742	1.5800340672675745e-17	9.87478864177323e-33	Scil_g1476;Slac_ENSLPGG00000023230	3.544465932639498e-70	5.223691763040609e-33												
			Scil_g6946;Slac_ENSLPGG00000024429	9.680664986658487e-162	6.736045434283082e-18	Scil_g12220;Slac_ENSLPGG00000004594	1.0338009153721792e-158	1.9050489072319857e-14	Scil_g3594;Slac_ENSLPGG00000002394	3.5220781732506785e-197	1.883042909819768e-33	Scil_g11217;Slac_ENSLPGG00000004638	2.946148279105504e-136	0.00028259928740763477	Scil_g10912;Slac_ENSLPGG00000011256	3.9804693558217297e-103	7.083999090583611e-76										Scil_g8993;Slac_ENSLPGG00000020148	7.305603063121996e-53	2.7616246220214846e-62	Scil_g3164;Slac_ENSLPGG00000026756	3.1602601022099244e-80	1.2508677563975932e-139				Scil_g9503;Slac_ENSLPGG00000011571	5.410073307399298e-12	9.672876908662891e-13	Scil_g8353;Slac_ENSLPGG00000019766	1.6000596593325662e-15	2.9837527329960107e-09																			Scil_g9493;Slac_ENSLPGG00000004000	0.00025682824076576704	0.0015044966193986783				Scil_g9493;Slac_ENSLPGG00000014397	3.2114569952536735e-13	8.052013589795468e-71	Scil_g2370;Slac_ENSLPGG00000028380	3.1894241417095747e-35	1.7537019458222814e-38	Scil_g1492;Slac_ENSLPGG00000007868	1.6801179289912673e-118	1.5500312999257935e-28	Scil_g12220;Slac_ENSLPGG00000004594	6.00418407125488e-100	1.3020753409095207e-60	Scil_g6036;Slac_ENSLPGG00000011766	7.56075911085298e-139	0.00021140498874162454	Scil_g3476;Slac_ENSLPGG00000024781	5.616621565355855e-69	7.495103806455418e-22	Scil_g9493;Slac_ENSLPGG00000011571	2.27678165470496e-131	2.898364963731895e-101	Scil_g11208;Slac_ENSLPGG00000028225	3.3402820584865002e-40	0.0009362550570555717				Scil_g429;Slac_ENSLPGG00000010487	0.004242208558980064	0.0035162830543893223													Scil_g8541;Slac_ENSLPGG00000003655	0.00016566907869321643	1.514901166292821e-11				Scil_g2370;Slac_ENSLPGG00000028380	9.191698524361428e-24	1.7537019458222814e-38	Scil_g1492;Slac_ENSLPGG00000006855	7.545423925236786e-35	0.0003427885680761872	Scil_g8992;Slac_ENSLPGG00000020148	1.1652386219926172e-51	2.7616246220214846e-62							Scil_g5248;Slac_ENSLPGG00000021586	9.136900725565167e-151	1.7411706854794535e-05	Scil_g1526;Slac_ENSLPGG00000026673	7.098848553784464e-99	0.00015205853884522126	Scil_g9815;Slac_ENSLPGG00000028025	4.830247271194087e-52	2.1595156362415415e-23	Scil_g12296;Slac_ENSLPGG00000027192	2.518698405210266e-60	0.008803816976399361				Scil_g6171;Slac_ENSLPGG00000022382	1.8541642254970424e-60	2.711690826516311e-05	Scil_g4533;Slac_ENSLPGG00000022969	8.389187178288326e-91	6.70554443153993e-106												
			Scil_g6171;Slac_ENSLPGG00000020621	1.7399426912413675e-74	0.007680656845531507	Scil_g7321;Slac_ENSLPGG00000014536	2.5082794551296523e-275	1.1734089487601698e-11	Scil_g8353;Slac_ENSLPGG00000019766	1.2025988480741169e-164	9.467587355928259e-49	Scil_g6171;Slac_ENSLPGG00000003831	4.140231065806796e-34	1.9753386794871567e-12	Scil_g7321;Slac_ENSLPGG00000014536	1.0914521410172373e-93	2.442134044403989e-35										Scil_g1476;Slac_ENSLPGG00000023230	8.284746018658213e-55	5.223691763040609e-33	Scil_g9293;Slac_ENSLPGG00000004519	7.310752068739718e-87	0.0032723837075047833				Scil_g9493;Slac_ENSLPGG00000011571	2.4415046509237197e-10	9.672876908662891e-13	Scil_g3594;Slac_ENSLPGG00000002394	5.188995711560209e-35	7.145860182182397e-06																			Scil_g7167;Slac_ENSLPGG00000029175	4.464591055186879e-08	2.056049115920167e-09				Scil_g12463;Slac_ENSLPGG00000010851	0.0001961422492012965	9.187097551494116e-75	Scil_g863;Slac_ENSLPGG00000010615	1.456619928228121e-70	5.980524550575253e-11	Scil_g5475;Slac_ENSLPGG00000003671	1.3292296394539845e-10	2.0029821817149136e-07	Scil_g455;Slac_ENSLPGG00000008236	8.623535028175615e-108	7.774724969998724e-77	Scil_g9230;Slac_ENSLPGG00000002916	4.1571607056312035e-101	3.3915334349713295e-06	Scil_g3164;Slac_ENSLPGG00000026756	0.00031576174076018454	8.504659512207727e-23	Scil_g8003;Slac_ENSLPGG00000004270	3.430144378200772e-132	0.0009594694237878879	Scil_g2536;Slac_ENSLPGG00000030214	0.0023000622132124176	8.885581781223807e-20				Scil_g427;Slac_ENSLPGG00000018008	0.006519815255997415	0.004915364847247419													Scil_g5906;Slac_ENSLPGG00000017249	0.0029573335613908157	0.0005596642799923283				Scil_g9071;Slac_ENSLPGG00000017904	1.756022147312694e-23	3.194381922112019e-67	Scil_g8992;Slac_ENSLPGG00000020148	1.1652386219926172e-51	1.9145948671473567e-10	Scil_g2206;Slac_ENSLPGG00000010787	4.1859626309607827e-41	0.0022056602738712958							Scil_g1742;Slac_ENSLPGG00000027805	3.798647156803432e-190	1.1628240147129951e-05	Scil_g9000;Slac_ENSLPGG00000027245	3.4106570726295444e-48	4.333783556045231e-12	Scil_g1638;Slac_ENSLPGG00000027899	6.806062471931183e-22	1.7794118500883685e-19	Scil_g7247;Slac_ENSLPGG00000002394	3.076010491319471e-110	1.883042909819768e-33				Scil_g8993;Slac_ENSLPGG00000020148	8.527329760814655e-97	2.6497068512720957e-36	Scil_g9629;Slac_ENSLPGG00000010538	6.692380054467908e-83	7.308255219812879e-65												
			Scil_g12156;Slac_ENSLPGG00000010719	2.209389321751401e-174	8.243606754940854e-33	Scil_g9629;Slac_ENSLPGG00000010538	5.503381321174393e-151	4.771574432457165e-13	Scil_g11217;Slac_ENSLPGG00000004638	4.44949211956563e-199	1.532310558670535e-05	Scil_g6171;Slac_ENSLPGG00000003671	4.140231065806796e-34	1.0199371661577197e-09	Scil_g10318;Slac_ENSLPGG00000012055	4.9135268996406164e-92	0.004024645954396675										Scil_g9294;Slac_ENSLPGG00000008607	6.050050220841997e-90	0.006194834814392549	Scil_g13124;Slac_ENSLPGG00000013980	7.064631373595451e-75	2.6873996838215967e-06				Scil_g3256;Slac_ENSLPGG00000001288	3.1868911479519825e-10	0.0074329808728548	Scil_g6454;Slac_ENSLPGG00000022449	8.358122089206398e-10	3.850086366667959e-25																			Scil_g10145;Slac_ENSLPGG00000012981	6.0270802803340506e-05	9.44836059885975e-51				Scil_g9493;Slac_ENSLPGG00000011571	3.2114569952536735e-13	5.620090685238867e-06	Scil_g2206;Slac_ENSLPGG00000008251	4.403406639912815e-22	4.670788978404608e-15	Scil_g10725;Slac_ENSLPGG00000025548	1.301661386192424e-143	4.825440774757591e-28	Scil_g9493;Slac_ENSLPGG00000014397	2.27678165470496e-131	6.514620800285567e-10	Scil_g12599;Slac_ENSLPGG00000002394	8.522445184556589e-132	2.242551971070922e-06	Scil_g10793;Slac_ENSLPGG00000005401	1.418432260572787e-130	1.302281212900781e-21	Scil_g3164;Slac_ENSLPGG00000026756	0.00031576174076018454	1.2508677563975932e-139	Scil_g2168;Slac_ENSLPGG00000017442	1.571294457186265e-07	3.346511657416158e-05																			Scil_g9453;Slac_ENSLPGG00000008251	0.0012758037857199072	0.0018142846495661598				Scil_g5971;Slac_ENSLPGG00000021720	8.726915964439146e-34	2.7007558928165465e-79	Scil_g3347;Slac_ENSLPGG00000007508	2.2725985091712046e-30	9.854115703857017e-08	Scil_g11065;Slac_ENSLPGG00000026756	1.9485231936134334e-50	1.2508677563975932e-139							Scil_g2370;Slac_ENSLPGG00000028380	1.269616078721243e-102	1.7537019458222814e-38	Scil_g480;Slac_ENSLPGG00000010615	7.718560485718088e-20	4.89599548180118e-264	Scil_g11267;Slac_ENSLPGG00000020792	5.74194457398664e-143	2.6517327272132304e-05	Scil_g1925;Slac_ENSLPGG00000017593	1.4925623328084514e-83	1.0521161362232414e-08				Scil_g6171;Slac_ENSLPGG00000001057	1.8541642254970424e-60	0.002605558624769482	Scil_g4190;Slac_ENSLPGG00000009453	2.5109028752627364e-51	1.55284522600849e-15												
			Scil_g9194;Slac_ENSLPGG00000011935	1.7865176390895007e-221	1.3450411135448757e-39	Scil_g7321;Slac_ENSLPGG00000011935	2.5082794551296523e-275	3.4797924186503026e-11	Scil_g8363;Slac_ENSLPGG00000011935	2.968868846365254e-235	4.303345849185861e-42	Scil_g7321;Slac_ENSLPGG00000014536	1.0914521410172373e-93	2.3412831869630676e-27	Scil_g9194;Slac_ENSLPGG00000011935	1.0260565580010982e-104	4.303345849185861e-42										Scil_g3164;Slac_ENSLPGG00000026756	8.265747360985518e-63	1.2508677563975932e-139	Scil_g7321;Slac_ENSLPGG00000011935	3.09936001794689e-92	4.303345849185861e-42				Scil_g8541;Slac_ENSLPGG00000011766	2.0446371134598075e-16	1.4981197652114417e-17	Scil_g10912;Slac_ENSLPGG00000011256	3.4075561377306387e-18	1.375430043243866e-07																			Scil_g12781;Slac_ENSLPGG00000004729	0.0006759310779593418	2.1664820881777917e-57				Scil_g10793;Slac_ENSLPGG00000005401	2.3134483390552266e-12	1.019888053059025e-77	Scil_g9493;Slac_ENSLPGG00000011571	1.6437894554212709e-118	3.532626074807475e-19	Scil_g9417;Slac_ENSLPGG00000028683	2.7649947199670343e-142	6.089579012366993e-65	Scil_g865;Slac_ENSLPGG00000013426	1.3931757736205565e-137	6.535231825217502e-10	Scil_g191;Slac_ENSLPGG00000014397	0.0016099853387166589	0.0	Scil_g9420;Slac_ENSLPGG00000018181	4.731211575159038e-147	1.80179114112914e-70	Scil_g151;Slac_ENSLPGG00000013344	4.2479689171835866e-135	2.5736575626952478e-36	Scil_g9627;Slac_ENSLPGG00000005266	8.910939567034843e-09	3.7974666502368006e-11																			Scil_g6529;Slac_ENSLPGG00000000542	5.856532538022035e-05	3.4490620557484295e-05				Scil_g9721;Slac_ENSLPGG00000010538	2.095203587606155e-52	3.161013484890436e-29	Scil_g10909;Slac_ENSLPGG00000010260	1.2286307853739737e-27	2.7304525863009633e-08	Scil_g9493;Slac_ENSLPGG00000014397	3.038430848269835e-32	3.2063291580291506e-206							Scil_g3594;Slac_ENSLPGG00000002394	1.0155220402706718e-112	8.224819778313836e-10	Scil_g2206;Slac_ENSLPGG00000010787	1.0001481920852157e-24	1.762630133272547e-07	Scil_g9503;Slac_ENSLPGG00000004179	6.336262308259084e-40	0.0048005802558305725	Scil_g10318;Slac_ENSLPGG00000012055	1.0844220647569434e-162	0.004024645954396675				Scil_g1712;Slac_ENSLPGG00000010742	2.536218254345903e-23	9.87478864177323e-33	Scil_g6171;Slac_ENSLPGG00000003831	1.8541642254970424e-60	2.404097731159506e-05												
			Scil_g5248;Slac_ENSLPGG00000024411	9.184157074467191e-224	0.00026913458432165766	Scil_g8363;Slac_ENSLPGG00000011935	2.968868846365254e-235	3.4797924186503026e-11	Scil_g6390;Slac_ENSLPGG00000000928	2.0828502675948653e-109	6.922692494741555e-129	Scil_g10318;Slac_ENSLPGG00000002095	4.9135268996406164e-92	4.451622716046505e-12	Scil_g9194;Slac_ENSLPGG00000014536	1.0260565580010982e-104	2.442134044403989e-35										Scil_g12296;Slac_ENSLPGG00000027192	6.951151560063334e-62	0.008803816976399361	Scil_g8353;Slac_ENSLPGG00000019766	8.765752655777127e-57	9.467587355928259e-49				Scil_g8363;Slac_ENSLPGG00000011935	6.571717432331336e-07	2.2446203456653885e-06	Scil_g12220;Slac_ENSLPGG00000004594	4.397246166060545e-16	1.9050489072319857e-14																			Scil_g7729;Slac_ENSLPGG00000007104	2.147505868144943e-05	4.2440865743096257e-66				Scil_g10793;Slac_ENSLPGG00000007363	2.3134483390552266e-12	1.7179342491567475e-17	Scil_g5475;Slac_ENSLPGG00000003671	1.3292296394539845e-10	1.0199371661577197e-09	Scil_g3804;Slac_ENSLPGG00000008240	8.361636892909419e-127	3.6050752385326326e-33	Scil_g9493;Slac_ENSLPGG00000004519	2.27678165470496e-131	0.00010686538706661993	Scil_g191;Slac_ENSLPGG00000011571	0.0016099853387166589	2.874968475550528e-157	Scil_g13687;Slac_ENSLPGG00000010551	1.3130253835517724e-101	3.9055821642723787e-07	Scil_g12220;Slac_ENSLPGG00000004594	6.00418407125488e-100	3.2058474600134776e-22	Scil_g9297;Slac_ENSLPGG00000017442	2.5863864963538156e-07	3.346511657416158e-05																			Scil_g10147;Slac_ENSLPGG00000006923	1.123556243989571e-37	1.0891507068197214e-14				Scil_g3716;Slac_ENSLPGG00000021862	1.4501957580047944e-34	1.0957328769868086e-20	Scil_g9420;Slac_ENSLPGG00000004782	1.184079166241278e-41	0.0005074786283335534	Scil_g9417;Slac_ENSLPGG00000028683	1.1891723314715599e-41	6.089579012366993e-65							Scil_g7321;Slac_ENSLPGG00000014536	5.930847674605021e-125	2.3412831869630676e-27	Scil_g12781;Slac_ENSLPGG00000012981	1.0769954053511488e-75	6.510219449485247e-272	Scil_g4183;Slac_ENSLPGG00000011075	2.211448441731701e-47	0.0003708994798448105	Scil_g1476;Slac_ENSLPGG00000023230	1.4715140261263194e-72	5.223691763040609e-33				Scil_g3594;Slac_ENSLPGG00000002394	1.4988664616076513e-94	8.224819778313836e-10	Scil_g4062;Slac_ENSLPGG00000006246	6.987529920903288e-70	6.733599364933415e-86												
			Scil_g8993;Slac_ENSLPGG00000020148	6.789717221602786e-164	2.6497068512720957e-36	Scil_g6390;Slac_ENSLPGG00000000928	2.0828502675948653e-109	3.28894940774319e-22	Scil_g1925;Slac_ENSLPGG00000017593	4.5482799357800166e-175	1.0521161362232414e-08	Scil_g7553;Slac_ENSLPGG00000012055	7.512430928222242e-119	2.5837843891576112e-25	Scil_g7321;Slac_ENSLPGG00000011935	1.0914521410172373e-93	4.303345849185861e-42										Scil_g12220;Slac_ENSLPGG00000004594	7.179422098828918e-51	3.2058474600134776e-22	Scil_g10912;Slac_ENSLPGG00000011256	2.0251410369080494e-45	7.083999090583611e-76				Scil_g9503;Slac_ENSLPGG00000014397	5.410073307399298e-12	1.1727057470028741e-39	Scil_g6171;Slac_ENSLPGG00000022382	0.00029036937957290643	0.009079633528980611																			Scil_g9000;Slac_ENSLPGG00000016769	3.706792156576491e-05	3.904176663779367e-06				Scil_g8346;Slac_ENSLPGG00000011935	3.453642769994818e-71	1.2003091581542824e-13	Scil_g6390;Slac_ENSLPGG00000000928	1.1921216419028054e-102	1.1206989324336354e-39	Scil_g10912;Slac_ENSLPGG00000021349	2.980475856563998e-115	0.007868136067536493	Scil_g3916;Slac_ENSLPGG00000008240	7.018414927760375e-68	2.079376046061837e-53				Scil_g1710;Slac_ENSLPGG00000017185	7.828376516825086e-139	2.2755056584257245e-07	Scil_g4454;Slac_ENSLPGG00000003977	1.9703874266385865e-126	0.0013660571215794737	Scil_g8832;Slac_ENSLPGG00000016670	1.2128200635817152e-09	1.7480696677301966e-13																			Scil_g9048;Slac_ENSLPGG00000008029	0.002822988499331996	1.0569690518647481e-11				Scil_g9420;Slac_ENSLPGG00000004782	1.184079166241278e-41	5.858558014061243e-16	Scil_g455;Slac_ENSLPGG00000008236	1.018487228578448e-31	1.789791579990556e-13	Scil_g3476;Slac_ENSLPGG00000024781	2.1455730101786142e-31	7.57234572250414e-45							Scil_g9194;Slac_ENSLPGG00000014536	5.898830227810446e-140	2.3412831869630676e-27	Scil_g3398;Slac_ENSLPGG00000029433	3.6807904419021404e-75	1.200957901931375e-13	Scil_g10843;Slac_ENSLPGG00000010973	1.8521824952002003e-49	0.008299749898447636	Scil_g8363;Slac_ENSLPGG00000011935	3.190231175109534e-105	4.303345849185861e-42				Scil_g12646;Slac_ENSLPGG00000025642	2.4212319240202764e-72	0.000244742577161044	Scil_g12220;Slac_ENSLPGG00000004594	1.0899035348254265e-89	3.2058474600134776e-22												
			Scil_g9293;Slac_ENSLPGG00000004000	8.019716807373262e-220	0.003278021509044548	Scil_g1742;Slac_ENSLPGG00000027805	3.670059933201734e-227	0.002930626142980719	Scil_g12296;Slac_ENSLPGG00000027192	3.383163099003035e-164	0.008803816976399361	Scil_g7321;Slac_ENSLPGG00000011935	1.0914521410172373e-93	1.3450411135448757e-39	Scil_g6171;Slac_ENSLPGG00000003831	4.140231065806796e-34	2.404097731159506e-05										Scil_g3594;Slac_ENSLPGG00000002394	5.776836817104879e-81	1.883042909819768e-33	Scil_g12296;Slac_ENSLPGG00000027192	5.501661048374135e-57	0.008803816976399361				Scil_g9493;Slac_ENSLPGG00000014397	2.4415046509237197e-10	1.1727057470028741e-39	Scil_g10236;Slac_ENSLPGG00000018880	1.6394324914414769e-24	6.626306537757094e-08																			Scil_g5203;Slac_ENSLPGG00000027198	0.003387950596645308	3.691471073872874e-05				Scil_g6760;Slac_ENSLPGG00000011766	5.958323178114493e-10	7.751689823168463e-81	Scil_g2206;Slac_ENSLPGG00000013974	4.403406639912815e-22	9.011092163486792e-15	Scil_g9503;Slac_ENSLPGG00000011571	3.1088437102030843e-43	2.898364963731895e-101	Scil_g3256;Slac_ENSLPGG00000028868	5.327713515480944e-142	2.7375550175479056e-05				Scil_g9503;Slac_ENSLPGG00000014397	1.6771192045042746e-50	2.949995427985947e-109	Scil_g9503;Slac_ENSLPGG00000014397	1.6771192045042746e-50	3.2063291580291506e-206	Scil_g8547;Slac_ENSLPGG00000010087	0.00422174344177619	0.009689194577760013																			Scil_g863;Slac_ENSLPGG00000010615	2.2133628881032294e-07	4.4086985823551165e-25				Scil_g8992;Slac_ENSLPGG00000020148	1.1652386219926172e-51	2.6497068512720957e-36	Scil_g4062;Slac_ENSLPGG00000006246	2.4275618325928744e-32	4.354776352188796e-06	Scil_g865;Slac_ENSLPGG00000013426	7.827190919947059e-32	6.617948250082446e-21							Scil_g6171;Slac_ENSLPGG00000022382	9.395704875551866e-80	2.711690826516311e-05	Scil_g208;Slac_ENSLPGG00000015198	2.6548209437680143e-07	2.380087486426294e-24	Scil_g1526;Slac_ENSLPGG00000026673	7.098848553784464e-99	0.0013654304748886548	Scil_g10912;Slac_ENSLPGG00000011256	1.0558597740908803e-43	7.083999090583611e-76				Scil_g6390;Slac_ENSLPGG00000000928	1.4048989510805208e-65	1.1206989324336354e-39	Scil_g8003;Slac_ENSLPGG00000004270	5.796074247875878e-94	0.0009594694237878879												
			Scil_g8363;Slac_ENSLPGG00000011935	2.968868846365254e-235	1.3450411135448757e-39	Scil_g9194;Slac_ENSLPGG00000011935	1.7865176390895007e-221	3.4797924186503026e-11	Scil_g9629;Slac_ENSLPGG00000010538	5.503381321174393e-151	7.308255219812879e-65	Scil_g9194;Slac_ENSLPGG00000011935	1.0260565580010982e-104	1.3450411135448757e-39	Scil_g12296;Slac_ENSLPGG00000027192	2.0753975258458954e-147	0.008803816976399361										Scil_g8363;Slac_ENSLPGG00000014536	5.111125690855887e-113	2.442134044403989e-35	Scil_g6171;Slac_ENSLPGG00000003831	2.2054239690199396e-22	2.404097731159506e-05				Scil_g13687;Slac_ENSLPGG00000010551	1.6325271436482526e-08	3.967982022429426e-06	Scil_g3256;Slac_ENSLPGG00000001288	3.1868911479519825e-10	6.661197954218709e-26																			Scil_g176;Slac_ENSLPGG00000004000	0.004785743282520258	0.0015044966193986783				Scil_g13155;Slac_ENSLPGG00000025541	4.39888817298885e-15	0.0017576380883354951	Scil_g6498;Slac_ENSLPGG00000003492	5.38266634461158e-66	2.593087026597021e-15	Scil_g12220;Slac_ENSLPGG00000004594	2.8908321502952553e-85	3.2058474600134776e-22	Scil_g9493;Slac_ENSLPGG00000011571	2.27678165470496e-131	3.532626074807475e-19				Scil_g9230;Slac_ENSLPGG00000001288	4.1571607056312035e-101	6.246852829715456e-17	Scil_g552;Slac_ENSLPGG00000010574	5.638858845049972e-106	8.205917835561142e-20	Scil_g254;Slac_ENSLPGG00000018987	0.001157345376022238	1.0207238271509369e-292																			Scil_g2679;Slac_ENSLPGG00000028207	1.8236233148970298e-09	5.460363416184635e-11				Scil_g9168;Slac_ENSLPGG00000007363	3.5436367347219758e-37	3.2168293172039397e-74	Scil_g2370;Slac_ENSLPGG00000028380	9.191698524361428e-24	0.0030305253714175504	Scil_g9493;Slac_ENSLPGG00000011571	3.038430848269835e-32	2.898364963731895e-101							Scil_g1476;Slac_ENSLPGG00000023230	1.4715140261263194e-72	2.2983490902897245e-76	Scil_g968;Slac_ENSLPGG00000007421	8.543878377123236e-45	2.348376295721421e-13	Scil_g968;Slac_ENSLPGG00000007421	8.543878377123236e-45	4.239389236490818e-12	Scil_g10236;Slac_ENSLPGG00000018880	1.522526046659102e-75	6.333978704324807e-162				Scil_g12220;Slac_ENSLPGG00000004594	1.0899035348254265e-89	1.3020753409095207e-60	Scil_g9503;Slac_ENSLPGG00000014397	9.638396070064196e-67	3.2063291580291506e-206												
			Scil_g7321;Slac_ENSLPGG00000014536	2.5082794551296523e-275	2.3412831869630676e-27	Scil_g8353;Slac_ENSLPGG00000019766	1.2025988480741169e-164	2.9837527329960107e-09	Scil_g7553;Slac_ENSLPGG00000012055	2.4222632454790468e-242	0.004024645954396675	Scil_g10912;Slac_ENSLPGG00000011256	3.9804693558217297e-103	2.2171253351216003e-39	Scil_g4062;Slac_ENSLPGG00000006246	9.087134080924893e-86	6.733599364933415e-86										Scil_g8353;Slac_ENSLPGG00000019766	2.1038014287315383e-47	9.467587355928259e-49	Scil_g6171;Slac_ENSLPGG00000003671	2.2054239690199396e-22	2.0029821817149136e-07				Scil_g10401;Slac_ENSLPGG00000009693	5.6412378884695345e-08	1.218772520925024e-50	Scil_g8003;Slac_ENSLPGG00000004270	3.474487958038278e-22	3.8041702806849793e-23																			Scil_g12359;Slac_ENSLPGG00000008987	0.00021941352479210393	2.8046743766921693e-09				Scil_g2206;Slac_ENSLPGG00000008927	0.00045789314770081866	2.1485507510478007e-07	Scil_g10725;Slac_ENSLPGG00000025548	1.301661386192424e-143	3.225584967471835e-10	Scil_g4454;Slac_ENSLPGG00000008996	5.644033984089473e-94	6.580418703057666e-08	Scil_g13124;Slac_ENSLPGG00000013980	1.0074299480610764e-46	4.147686860616949e-15				Scil_g6036;Slac_ENSLPGG00000011766	7.56075911085298e-139	5.506624065225991e-115	Scil_g3316;Slac_ENSLPGG00000004765	5.272815534626212e-125	3.9693301278142095e-12	Scil_g254;Slac_ENSLPGG00000011839	0.001157345376022238	9.31254328396097e-40																			Scil_g2206;Slac_ENSLPGG00000020387	0.006963782452575129	0.00812073467596779				Scil_g13035;Slac_ENSLPGG00000007086	2.637054200175372e-35	1.1676298269618592e-24	Scil_g9417;Slac_ENSLPGG00000028683	1.1891723314715599e-41	1.4293641445334839e-11	Scil_g6454;Slac_ENSLPGG00000011075	2.80347484448913e-17	3.6923052876094957e-19							Scil_g9800;Slac_ENSLPGG00000008029	5.841018448193116e-147	2.1429507329778337e-15	Scil_g9503;Slac_ENSLPGG00000004179	6.336262308259084e-40	0.000631058918716341	Scil_g6760;Slac_ENSLPGG00000011766	1.257405804796029e-48	3.776351670000907e-29	Scil_g1742;Slac_ENSLPGG00000027805	3.798647156803432e-190	0.0023230261479473767				Scil_g4533;Slac_ENSLPGG00000022969	8.389187178288326e-91	1.0796008570484853e-36	Scil_g1742;Slac_ENSLPGG00000027805	4.0104983750338254e-78	0.0023230261479473767												
			Scil_g2893;Slac_ENSLPGG00000008469	5.5970310281644425e-148	2.907903653442144e-18	Scil_g2893;Slac_ENSLPGG00000008469	5.5970310281644425e-148	5.348352379656088e-06	Scil_g6171;Slac_ENSLPGG00000003831	1.7399426912413675e-74	2.404097731159506e-05	Scil_g10318;Slac_ENSLPGG00000017559	4.9135268996406164e-92	0.0002736502296537435	Scil_g6171;Slac_ENSLPGG00000003671	4.140231065806796e-34	2.0029821817149136e-07										Scil_g9629;Slac_ENSLPGG00000010538	1.257878859583763e-40	7.308255219812879e-65	Scil_g1289;Slac_ENSLPGG00000029464	1.059441542616686e-53	1.3011243402024127e-14				Scil_g12463;Slac_ENSLPGG00000010851	1.8973717530536855e-09	1.8285610782463055e-10	Scil_g4062;Slac_ENSLPGG00000006246	1.5601679073517297e-14	2.169697876948571e-08																			Scil_g9973;Slac_ENSLPGG00000006929	2.086931536644945e-06	0.0012415962812777639				Scil_g5853;Slac_ENSLPGG00000011935	9.231966560650581e-51	1.2003091581542824e-13	Scil_g8992;Slac_ENSLPGG00000020148	5.147899554013049e-161	2.6497068512720957e-36	Scil_g2206;Slac_ENSLPGG00000020387	4.403406639912815e-22	1.858654992687279e-11	Scil_g283;Slac_ENSLPGG00000015935	9.305664429554778e-86	3.2401081129749997e-12				Scil_g10401;Slac_ENSLPGG00000009693	5.595123383603605e-80	1.4858989434332318e-22	Scil_g865;Slac_ENSLPGG00000013426	1.3931757736205565e-137	6.617948250082446e-21	Scil_g254;Slac_ENSLPGG00000007525	0.001157345376022238	5.6755860237284635e-83																			Scil_g6217;Slac_ENSLPGG00000028030	7.050230235266364e-18	0.00013100968601483087				Scil_g12220;Slac_ENSLPGG00000004594	6.296109440882554e-27	1.3020753409095207e-60	Scil_g12220;Slac_ENSLPGG00000004594	6.296109440882554e-27	1.4216900377947237e-09	Scil_g6498;Slac_ENSLPGG00000003492	3.81711673440077e-34	3.154964982596741e-07							Scil_g6171;Slac_ENSLPGG00000020621	9.395704875551866e-80	0.007680656845531507	Scil_g8784;Slac_ENSLPGG00000012945	1.0499855983051466e-30	5.786099515584685e-36	Scil_g2206;Slac_ENSLPGG00000008927	1.0001481920852157e-24	9.776736647218626e-11	Scil_g8363;Slac_ENSLPGG00000014536	3.190231175109534e-105	2.442134044403989e-35				Scil_g10912;Slac_ENSLPGG00000021349	2.665401710348331e-88	0.00022049414074647497	Scil_g1289;Slac_ENSLPGG00000029464	1.6379318851455936e-75	1.3011243402024127e-14												
			Scil_g8003;Slac_ENSLPGG00000004270	1.0907363755000279e-169	5.578624835196838e-94	Scil_g8363;Slac_ENSLPGG00000014536	2.968868846365254e-235	1.1734089487601698e-11	Scil_g8363;Slac_ENSLPGG00000014536	2.968868846365254e-235	2.442134044403989e-35	Scil_g8363;Slac_ENSLPGG00000014536	7.582218674900909e-106	2.3412831869630676e-27	Scil_g9629;Slac_ENSLPGG00000010538	1.2423153532549106e-97	7.308255219812879e-65										Scil_g7247;Slac_ENSLPGG00000002394	4.688322791978525e-103	1.883042909819768e-33	Scil_g12220;Slac_ENSLPGG00000004594	2.3698997099583e-59	3.2058474600134776e-22				Scil_g455;Slac_ENSLPGG00000008236	3.6836902865385804e-09	0.001384404346033529	Scil_g1289;Slac_ENSLPGG00000029464	1.227729605869471e-23	1.9795568964594305e-07																			Scil_g968;Slac_ENSLPGG00000007421	5.078258132378944e-05	0.00015509177876514045				Scil_g5971;Slac_ENSLPGG00000021720	7.121234250365096e-05	3.970193103889025e-09	Scil_g1710;Slac_ENSLPGG00000017185	2.695382602065431e-158	3.68466924349509e-29	Scil_g9503;Slac_ENSLPGG00000014397	3.1088437102030843e-43	3.2063291580291506e-206	Scil_g9420;Slac_ENSLPGG00000018181	4.731211575159038e-147	3.861286206805184e-94				Scil_g9230;Slac_ENSLPGG00000002916	4.1571607056312035e-101	6.919613503053608e-05	Scil_g2393;Slac_ENSLPGG00000028380	1.9901801935933732e-154	4.225227451960782e-99	Scil_g402;Slac_ENSLPGG00000021127	3.0815957779789786e-09	5.842581879403586e-10																			Scil_g2679;Slac_ENSLPGG00000023020	1.8236233148970298e-09	4.3252478170499146e-05				Scil_g2206;Slac_ENSLPGG00000005820	4.1859626309607827e-41	0.001011811941688375	Scil_g9230;Slac_ENSLPGG00000002916	3.9924356932549016e-38	1.5684721637947277e-22	Scil_g5496;Slac_ENSLPGG00000014820	2.060794221855142e-42	9.576705732763362e-14							Scil_g6946;Slac_ENSLPGG00000024429	5.477263527960614e-63	6.736045434283082e-18	Scil_g6760;Slac_ENSLPGG00000003655	1.257405804796029e-48	2.4333006163561664e-30	Scil_g2125;Slac_ENSLPGG00000009445	7.232207162105824e-15	9.387414755190674e-45	Scil_g1492;Slac_ENSLPGG00000007868	4.952446940985111e-77	1.5500312999257935e-28				Scil_g1712;Slac_ENSLPGG00000011939	2.536218254345903e-23	1.9411559775035762e-60	Scil_g1492;Slac_ENSLPGG00000007868	4.52015750585495e-59	1.5500312999257935e-28												
			Scil_g12220;Slac_ENSLPGG00000004594	1.0338009153721792e-158	1.3020753409095207e-60	Scil_g1289;Slac_ENSLPGG00000029464	5.8887143626647764e-126	1.9795568964594305e-07	Scil_g10912;Slac_ENSLPGG00000011256	1.043376183157885e-145	7.083999090583611e-76	Scil_g6171;Slac_ENSLPGG00000022382	4.140231065806796e-34	2.711690826516311e-05	Scil_g8363;Slac_ENSLPGG00000014536	7.582218674900909e-106	2.442134044403989e-35										Scil_g8363;Slac_ENSLPGG00000011935	5.111125690855887e-113	4.303345849185861e-42	Scil_g7553;Slac_ENSLPGG00000012055	7.590151852661637e-95	0.004024645954396675				Scil_g6478;Slac_ENSLPGG00000002802	1.8006036865530047e-07	1.2195348216266931e-38	Scil_g3256;Slac_ENSLPGG00000002916	3.1868911479519825e-10	4.2685747651016555e-20																			Scil_g6241;Slac_ENSLPGG00000002720	0.00020291390122775335	0.00589018339355581				Scil_g8207;Slac_ENSLPGG00000011935	1.2699717819684192e-44	1.2003091581542824e-13	Scil_g1492;Slac_ENSLPGG00000006855	1.6801179289912673e-118	1.0546014274244098e-10	Scil_g3316;Slac_ENSLPGG00000004765	1.7408446668177837e-133	3.9693301278142095e-12	Scil_g2393;Slac_ENSLPGG00000028380	1.9901801935933732e-154	1.7537019458222814e-38				Scil_g5971;Slac_ENSLPGG00000021720	0.000327040984340973	8.448857706794958e-07	Scil_g9493;Slac_ENSLPGG00000004519	2.27678165470496e-131	0.0032723837075047833	Scil_g402;Slac_ENSLPGG00000022031	3.0815957779789786e-09	2.292794652138308e-16																			Scil_g11208;Slac_ENSLPGG00000028225	1.9961985493060086e-06	0.00463188634286544				Scil_g1638;Slac_ENSLPGG00000026851	1.301893734272623e-33	2.1954594971659047e-39	Scil_g6454;Slac_ENSLPGG00000011075	2.80347484448913e-17	2.1721597013048545e-07	Scil_g10725;Slac_ENSLPGG00000025548	6.697223638728763e-31	4.825440774757591e-28							Scil_g8363;Slac_ENSLPGG00000011935	3.190231175109534e-105	1.3450411135448757e-39	Scil_g2206;Slac_ENSLPGG00000008251	1.0001481920852157e-24	8.013657335507385e-14	Scil_g12359;Slac_ENSLPGG00000012055	4.4238244671661537e-51	1.3477149522931497e-08	Scil_g9493;Slac_ENSLPGG00000011571	2.9515426081567275e-32	2.898364963731895e-101				Scil_g9629;Slac_ENSLPGG00000010538	6.692380054467908e-83	3.161013484890436e-29	Scil_g7247;Slac_ENSLPGG00000002394	1.8866332575949762e-54	1.883042909819768e-33												
			Scil_g8353;Slac_ENSLPGG00000019766	1.2025988480741169e-164	2.1136523826566947e-27	Scil_g10912;Slac_ENSLPGG00000011256	1.043376183157885e-145	1.375430043243866e-07	Scil_g12220;Slac_ENSLPGG00000004594	1.0338009153721792e-158	3.2058474600134776e-22	Scil_g8003;Slac_ENSLPGG00000004270	1.2035489001751693e-118	5.578624835196838e-94	Scil_g6171;Slac_ENSLPGG00000001057	4.140231065806796e-34	0.0006556926158877126										Scil_g10236;Slac_ENSLPGG00000018880	2.0778941588170607e-58	6.333978704324807e-162	Scil_g4062;Slac_ENSLPGG00000006246	7.644639356304848e-24	6.733599364933415e-86				Scil_g4183;Slac_ENSLPGG00000022449	3.4822315845025206e-07	6.2005871320382225e-09	Scil_g9071;Slac_ENSLPGG00000017904	1.7167663512367496e-12	8.845379084177898e-15																			Scil_g12815;Slac_ENSLPGG00000012644	0.0003403547029330384	6.682418109870904e-08				Scil_g8206;Slac_ENSLPGG00000011935	7.79203682048336e-60	1.2003091581542824e-13	Scil_g3804;Slac_ENSLPGG00000008240	8.361636892909419e-127	2.079376046061837e-53	Scil_g12599;Slac_ENSLPGG00000002394	1.0520185258318438e-149	1.883042909819768e-33	Scil_g12539;Slac_ENSLPGG00000024858	2.231078204861092e-56	2.7315752955464747e-68				Scil_g191;Slac_ENSLPGG00000014397	0.0016099853387166589	2.949995427985947e-109	Scil_g9503;Slac_ENSLPGG00000011571	1.6771192045042746e-50	2.898364963731895e-101	Scil_g402;Slac_ENSLPGG00000016891	3.0815957779789786e-09	2.0074428359120599e-10																			Scil_g9048;Slac_ENSLPGG00000023020	0.002822988499331996	4.3252478170499146e-05				Scil_g10909;Slac_ENSLPGG00000010260	1.2286307853739737e-27	2.412924934131644e-38	Scil_g10912;Slac_ENSLPGG00000011256	1.0953891152332477e-32	3.291789993119733e-08	Scil_g548;Slac_ENSLPGG00000010832	1.369656123838872e-37	1.5668742821915783e-07							Scil_g7247;Slac_ENSLPGG00000002394	3.076010491319471e-110	8.224819778313836e-10	Scil_g5780;Slac_ENSLPGG00000001139	6.822039089494287e-32	6.961724691825717e-39	Scil_g8784;Slac_ENSLPGG00000013036	1.0499855983051466e-30	1.5795248147998368e-29	Scil_g9503;Slac_ENSLPGG00000011571	6.336262308259084e-40	2.898364963731895e-101				Scil_g10318;Slac_ENSLPGG00000012055	1.589611768983524e-10	2.5837843891576112e-25	Scil_g9503;Slac_ENSLPGG00000011571	9.638396070064196e-67	2.898364963731895e-101												
			Scil_g8363;Slac_ENSLPGG00000014536	2.968868846365254e-235	2.3412831869630676e-27	Scil_g10912;Slac_ENSLPGG00000021349	1.043376183157885e-145	0.006870911196515657	Scil_g4062;Slac_ENSLPGG00000006246	3.976628289568287e-87	6.733599364933415e-86	Scil_g6390;Slac_ENSLPGG00000000928	9.189514729481061e-98	1.1206989324336354e-39	Scil_g1492;Slac_ENSLPGG00000007868	2.1159011052951553e-110	1.5500312999257935e-28										Scil_g6390;Slac_ENSLPGG00000000928	9.148885312601965e-24	6.922692494741555e-129	Scil_g10912;Slac_ENSLPGG00000021349	2.0251410369080494e-45	0.007868136067536493				Scil_g6760;Slac_ENSLPGG00000011766	1.2330162898770352e-08	1.4981197652114417e-17	Scil_g1742;Slac_ENSLPGG00000027805	2.2109095673028494e-12	0.002930626142980719																			Scil_g1400;Slac_ENSLPGG00000014139	2.3245660809128147e-06	4.5826922131258467e-10				Scil_g3312;Slac_ENSLPGG00000005591	3.793409224386837e-05	0.005303371723451428	Scil_g9417;Slac_ENSLPGG00000028683	2.7649947199670343e-142	1.429361472231043e-57	Scil_g5496;Slac_ENSLPGG00000014820	3.5138442133577173e-163	9.576705732763362e-14	Scil_g9417;Slac_ENSLPGG00000028683	4.5205869634179163e-100	1.429361472231043e-57				Scil_g191;Slac_ENSLPGG00000011571	0.0016099853387166589	2.110374489830032e-74	Scil_g283;Slac_ENSLPGG00000015935	9.305664429554778e-86	9.738386024499675e-17	Scil_g402;Slac_ENSLPGG00000013283	3.0815957779789786e-09	8.045106496890013e-21																			Scil_g9048;Slac_ENSLPGG00000028207	0.002822988499331996	5.460363416184635e-11				Scil_g865;Slac_ENSLPGG00000013426	7.827190919947059e-32	6.535231825217502e-10	Scil_g9493;Slac_ENSLPGG00000014397	3.038430848269835e-32	9.891994540582709e-08	Scil_g2206;Slac_ENSLPGG00000014001	4.1859626309607827e-41	0.004094928469770093							Scil_g4533;Slac_ENSLPGG00000022969	1.2388936454946454e-62	1.0796008570484853e-36	Scil_g8784;Slac_ENSLPGG00000013036	1.0499855983051466e-30	4.161641188606108e-47	Scil_g8784;Slac_ENSLPGG00000012945	1.0499855983051466e-30	1.2488585644169446e-18	Scil_g5638;Slac_ENSLPGG00000012506	4.7202734416415495e-85	6.394214333064026e-07				Scil_g6184;Slac_ENSLPGG00000011939	1.5800340672675745e-17	1.9411559775035762e-60	Scil_g10236;Slac_ENSLPGG00000018880	9.845518117194766e-97	6.333978704324807e-162												
			Scil_g9629;Slac_ENSLPGG00000010538	5.503381321174393e-151	3.161013484890436e-29	Scil_g1492;Slac_ENSLPGG00000007868	7.842301685042869e-128	1.2934374603831318e-18	Scil_g1742;Slac_ENSLPGG00000027805	3.670059933201734e-227	0.0023230261479473767	Scil_g9194;Slac_ENSLPGG00000014536	1.0260565580010982e-104	2.3412831869630676e-27	Scil_g10236;Slac_ENSLPGG00000018880	1.6578480991107056e-115	6.333978704324807e-162										Scil_g4062;Slac_ENSLPGG00000006246	4.1897896374889285e-20	6.733599364933415e-86	Scil_g8363;Slac_ENSLPGG00000011935	1.3725227769202939e-68	4.303345849185861e-42				Scil_g8346;Slac_ENSLPGG00000011935	0.00029420998214435036	2.2446203456653885e-06	Scil_g5638;Slac_ENSLPGG00000012506	5.854975726480628e-07	0.0019081565275844048																			Scil_g12781;Slac_ENSLPGG00000012981	0.0006759310779593418	9.44836059885975e-51				Scil_g9230;Slac_ENSLPGG00000002916	0.0023843949980808985	5.6799755517671594e-36	Scil_g4062;Slac_ENSLPGG00000006246	6.223153200505202e-104	2.928932634954862e-19	Scil_g9194;Slac_ENSLPGG00000014536	1.709538587159516e-19	2.442134044403989e-35	Scil_g151;Slac_ENSLPGG00000013344	4.2479689171835866e-135	3.577549343166164e-18							Scil_g548;Slac_ENSLPGG00000010832	5.884386158365744e-131	1.5668742821915783e-07	Scil_g402;Slac_ENSLPGG00000010506	3.0815957779789786e-09	9.363943635115448e-18																			Scil_g9048;Slac_ENSLPGG00000005542	0.002822988499331996	0.0019192995362923425				Scil_g3347;Slac_ENSLPGG00000007508	2.2725985091712046e-30	2.4875269046456503e-28	Scil_g3312;Slac_ENSLPGG00000018877	9.11724884071195e-31	1.0451772114417153e-13	Scil_g8003;Slac_ENSLPGG00000004270	2.5211348410897138e-29	0.0009594694237878879							Scil_g8003;Slac_ENSLPGG00000004270	8.056294861813127e-73	5.578624835196838e-94	Scil_g12359;Slac_ENSLPGG00000012055	4.4238244671661537e-51	9.281690852235417e-14	Scil_g8996;Slac_ENSLPGG00000027389	4.133271344687636e-32	0.0010082658236696767	Scil_g12220;Slac_ENSLPGG00000004594	1.2205820973241452e-59	3.2058474600134776e-22				Scil_g1742;Slac_ENSLPGG00000027805	4.0104983750338254e-78	1.1628240147129951e-05	Scil_g7321;Slac_ENSLPGG00000014536	5.577715893867446e-13	2.442134044403989e-35												
			Scil_g10318;Slac_ENSLPGG00000017559	2.6930087639678053e-238	0.0002736502296537435	Scil_g7247;Slac_ENSLPGG00000002394	2.930503165469239e-160	7.145860182182397e-06	Scil_g9294;Slac_ENSLPGG00000008607	8.57163699705322e-199	0.006194834814392549	Scil_g1492;Slac_ENSLPGG00000007868	2.1159011052951553e-110	4.332076472461795e-51	Scil_g9493;Slac_ENSLPGG00000014397	1.0966284320389135e-80	3.2063291580291506e-206										Scil_g3256;Slac_ENSLPGG00000002916	9.251044654563549e-36	5.382979758273921e-31	Scil_g7247;Slac_ENSLPGG00000002394	4.571753685594215e-58	1.883042909819768e-33				Scil_g5853;Slac_ENSLPGG00000011935	1.078265767461276e-07	2.2446203456653885e-06	Scil_g8541;Slac_ENSLPGG00000011766	2.0446371134598075e-16	1.1486904717713135e-29																			Scil_g10145;Slac_ENSLPGG00000014205	6.0270802803340506e-05	2.2503600861128894e-99							Scil_g5638;Slac_ENSLPGG00000012506	3.498413361079208e-27	7.036054100266313e-10	Scil_g1132;Slac_ENSLPGG00000008926	3.658931873908389e-75	2.2575973253275367e-18	Scil_g9493;Slac_ENSLPGG00000004000	2.27678165470496e-131	0.003278021509044548							Scil_g9417;Slac_ENSLPGG00000028683	4.5205869634179163e-100	6.089579012366993e-65	Scil_g402;Slac_ENSLPGG00000026264	3.0815957779789786e-09	0.00015024768015957634																			Scil_g13745;Slac_ENSLPGG00000024377	1.4782915150303907e-09	0.0070629875398362674				Scil_g2206;Slac_ENSLPGG00000014001	4.1859626309607827e-41	2.2252025859821583e-13	Scil_g9493;Slac_ENSLPGG00000011571	3.038430848269835e-32	0.0015227726781909135	Scil_g3916;Slac_ENSLPGG00000008240	1.5685057846917763e-29	3.6050752385326326e-33							Scil_g13524;Slac_ENSLPGG00000011839	2.796627642960414e-122	0.00023796853818428576	Scil_g1638;Slac_ENSLPGG00000027899	6.806062471931183e-22	2.5395351300756727e-21	Scil_g9000;Slac_ENSLPGG00000027245	3.4106570726295444e-48	0.0005463853001394477	Scil_g9629;Slac_ENSLPGG00000010538	1.6926579842254407e-91	7.308255219812879e-65				Scil_g1492;Slac_ENSLPGG00000007868	4.52015750585495e-59	4.332076472461795e-51	Scil_g10912;Slac_ENSLPGG00000021349	2.665401710348331e-88	0.007868136067536493												
			Scil_g11217;Slac_ENSLPGG00000004638	4.44949211956563e-199	0.00028259928740763477	Scil_g4062;Slac_ENSLPGG00000006246	3.976628289568287e-87	2.169697876948571e-08	Scil_g7247;Slac_ENSLPGG00000002394	2.930503165469239e-160	1.883042909819768e-33	Scil_g12646;Slac_ENSLPGG00000025642	5.922702008091697e-78	0.000244742577161044	Scil_g7553;Slac_ENSLPGG00000012055	7.512430928222242e-119	0.004024645954396675										Scil_g8003;Slac_ENSLPGG00000004270	2.680369815036154e-57	0.0009594694237878879	Scil_g8363;Slac_ENSLPGG00000014536	1.3725227769202939e-68	2.442134044403989e-35				Scil_g8569;Slac_ENSLPGG00000010551	0.0033928145353648836	3.967982022429426e-06	Scil_g3804;Slac_ENSLPGG00000008240	2.937771531059127e-08	1.8326736777284825e-09																			Scil_g5592;Slac_ENSLPGG00000027633	0.0005420483527671311	1.8474543655268955e-19							Scil_g12220;Slac_ENSLPGG00000004594	2.8908321502952553e-85	1.3020753409095207e-60	Scil_g1492;Slac_ENSLPGG00000006855	1.6801179289912673e-118	0.00013953360878467893	Scil_g9350;Slac_ENSLPGG00000016018	6.053887375246753e-138	9.131746071512445e-40							Scil_g3916;Slac_ENSLPGG00000008240	7.018414927760375e-68	3.6050752385326326e-33	Scil_g402;Slac_ENSLPGG00000021619	3.0815957779789786e-09	1.6399873834076546e-06																			Scil_g9453;Slac_ENSLPGG00000014570	0.0012758037857199072	4.552962326251618e-05				Scil_g3476;Slac_ENSLPGG00000024781	2.1455730101786142e-31	1.160981800851679e-84	Scil_g8541;Slac_ENSLPGG00000011766	1.4314226492453286e-23	3.423949851976863e-07	Scil_g3164;Slac_ENSLPGG00000026756	7.83247235371473e-05	1.2508677563975932e-139							Scil_g6390;Slac_ENSLPGG00000000928	5.156840093399957e-32	1.1206989324336354e-39	Scil_g12815;Slac_ENSLPGG00000012644	3.3312260096529243e-39	2.893953261727905e-38	Scil_g3398;Slac_ENSLPGG00000029433	3.6807904419021404e-75	1.689322999209379e-11	Scil_g7553;Slac_ENSLPGG00000012055	1.2373343278976536e-136	0.004024645954396675				Scil_g11217;Slac_ENSLPGG00000004638	3.0300660819734227e-109	0.00028259928740763477	Scil_g9493;Slac_ENSLPGG00000014397	2.96309757852025e-50	3.2063291580291506e-206												
			Scil_g3594;Slac_ENSLPGG00000002394	3.5220781732506785e-197	8.224819778313836e-10	Scil_g272;Slac_ENSLPGG00000011745	1.6698566275906178e-222	2.7820968292060053e-14	Scil_g6171;Slac_ENSLPGG00000001057	1.7399426912413675e-74	0.0006556926158877126	Scil_g12220;Slac_ENSLPGG00000004594	3.656681214073056e-105	1.3020753409095207e-60	Scil_g1742;Slac_ENSLPGG00000027805	1.9261729532718055e-123	0.0023230261479473767										Scil_g9503;Slac_ENSLPGG00000014397	7.604298156689081e-20	3.2063291580291506e-206	Scil_g9493;Slac_ENSLPGG00000011571	2.202169687342322e-34	2.898364963731895e-101				Scil_g191;Slac_ENSLPGG00000014397	0.0064137147944474055	1.1727057470028741e-39	Scil_g6454;Slac_ENSLPGG00000011075	8.358122089206398e-10	2.0379467980033377e-14																			Scil_g9161;Slac_ENSLPGG00000022320	0.0001034419493519234	1.9758679866635896e-13							Scil_g548;Slac_ENSLPGG00000010832	1.694618204734456e-145	9.45061926070444e-61	Scil_g6498;Slac_ENSLPGG00000020053	5.38266634461158e-66	1.350219890075338e-06	Scil_g9230;Slac_ENSLPGG00000001288	4.1571607056312035e-101	5.885151292742098e-62							Scil_g6454;Slac_ENSLPGG00000022449	1.4322505555045902e-20	2.4750552854716887e-41	Scil_g402;Slac_ENSLPGG00000015884	3.0815957779789786e-09	3.085417346090047e-05																			Scil_g9836;Slac_ENSLPGG00000007303	5.513549469848907e-17	0.0028691838101910787				Scil_g13234;Slac_ENSLPGG00000024124	4.0150077133028764e-38	1.5429330505535007e-18	Scil_g1970;Slac_ENSLPGG00000026851	9.750932358838642e-37	6.856836930422313e-08	Scil_g10912;Slac_ENSLPGG00000011256	1.0953891152332477e-32	7.083999090583611e-76							Scil_g9800;Slac_ENSLPGG00000004714	5.841018448193116e-147	4.7223883449744205e-15	Scil_g6498;Slac_ENSLPGG00000020053	1.2923519339490272e-64	0.0011058481767286753	Scil_g2206;Slac_ENSLPGG00000008251	1.0001481920852157e-24	6.951631222400424e-11	Scil_g8003;Slac_ENSLPGG00000004270	8.056294861813127e-73	0.0009594694237878879				Scil_g1289;Slac_ENSLPGG00000029464	1.6379318851455936e-75	2.762844991880154e-13	Scil_g1712;Slac_ENSLPGG00000011939	2.536218254345903e-23	3.848690199495851e-18												
			Scil_g6390;Slac_ENSLPGG00000000928	2.0828502675948653e-109	1.1206989324336354e-39	Scil_g6454;Slac_ENSLPGG00000022449	2.5988487410348625e-193	3.850086366667959e-25	Scil_g8003;Slac_ENSLPGG00000004270	1.0907363755000279e-169	0.0009594694237878879	Scil_g3804;Slac_ENSLPGG00000008240	4.605335114898953e-84	2.079376046061837e-53	Scil_g1289;Slac_ENSLPGG00000029464	2.7614947802334066e-80	1.3011243402024127e-14										Scil_g6454;Slac_ENSLPGG00000011075	9.325476026369619e-75	3.6923052876094957e-19	Scil_g9294;Slac_ENSLPGG00000008607	4.6584158780251396e-73	0.006194834814392549				Scil_g191;Slac_ENSLPGG00000011571	0.0064137147944474055	9.672876908662891e-13	Scil_g9417;Slac_ENSLPGG00000028683	0.0007195698108334535	1.8915719792119694e-19																			Scil_g2168;Slac_ENSLPGG00000017442	0.0010594230460048	3.346511657416158e-05							Scil_g12599;Slac_ENSLPGG00000002394	1.0520185258318438e-149	8.224819778313836e-10	Scil_g9230;Slac_ENSLPGG00000001288	9.85603211134795e-130	1.7179326704524777e-43	Scil_g2168;Slac_ENSLPGG00000017442	2.5034226395769036e-120	1.6672221442580664e-14							Scil_g1492;Slac_ENSLPGG00000006855	4.875102461962703e-121	0.00013953360878467893	Scil_g402;Slac_ENSLPGG00000002171	3.0815957779789786e-09	4.121953478547103e-49																			Scil_g9784;Slac_ENSLPGG00000017293	0.0008951975544605362	2.650498951436358e-06				Scil_g455;Slac_ENSLPGG00000008236	1.018487228578448e-31	7.774724969998724e-77	Scil_g10725;Slac_ENSLPGG00000025548	6.697223638728763e-31	0.007487467687369709	Scil_g6498;Slac_ENSLPGG00000020053	3.81711673440077e-34	1.350219890075338e-06							Scil_g8353;Slac_ENSLPGG00000019766	3.598731772153089e-64	2.1136523826566947e-27	Scil_g283;Slac_ENSLPGG00000015935	7.693791571515437e-59	7.1116542018869305e-09	Scil_g8346;Slac_ENSLPGG00000011935	1.6743086104704536e-94	0.000341368738201194	Scil_g1289;Slac_ENSLPGG00000029464	1.4419377413258943e-74	1.3011243402024127e-14				Scil_g4062;Slac_ENSLPGG00000006246	6.987529920903288e-70	2.928932634954862e-19	Scil_g6184;Slac_ENSLPGG00000010742	1.5800340672675745e-17	4.180675232010378e-08												
			Scil_g272;Slac_ENSLPGG00000011745	1.6698566275906178e-222	4.2253443304332e-44	Scil_g9071;Slac_ENSLPGG00000017904	8.717002298944823e-140	8.845379084177898e-15	Scil_g1289;Slac_ENSLPGG00000029464	5.8887143626647764e-126	1.3011243402024127e-14	Scil_g3476;Slac_ENSLPGG00000024781	4.334665868065728e-102	1.160981800851679e-84	Scil_g6454;Slac_ENSLPGG00000022449	1.9050573213743844e-97	2.4750552854716887e-41										Scil_g1289;Slac_ENSLPGG00000029464	4.943139545224811e-38	1.3011243402024127e-14	Scil_g865;Slac_ENSLPGG00000013426	6.331905418949844e-42	6.617948250082446e-21							Scil_g3476;Slac_ENSLPGG00000024781	4.731613166199503e-09	1.007340503306213e-21																			Scil_g1400;Slac_ENSLPGG00000015562	2.3245660809128147e-06	0.003998188800198132							Scil_g3256;Slac_ENSLPGG00000028868	7.956077814738781e-159	2.7375550175479056e-05	Scil_g1132;Slac_ENSLPGG00000009493	3.658931873908389e-75	8.61901041892892e-05	Scil_g3476;Slac_ENSLPGG00000024781	5.616621565355855e-69	1.160981800851679e-84							Scil_g3476;Slac_ENSLPGG00000024781	5.616621565355855e-69	7.57234572250414e-45	Scil_g429;Slac_ENSLPGG00000010487	0.004242208558980064	3.4253777725181775e-25																			Scil_g10035;Slac_ENSLPGG00000016216	0.000569413664021193	0.001159733371839105				Scil_g4062;Slac_ENSLPGG00000006246	2.4275618325928744e-32	2.928932634954862e-19	Scil_g11065;Slac_ENSLPGG00000026756	1.9485231936134334e-50	0.0068913423352248045	Scil_g3347;Slac_ENSLPGG00000007508	2.2725985091712046e-30	1.1136063017525332e-05							Scil_g272;Slac_ENSLPGG00000011745	4.4020482414545957e-138	4.2253443304332e-44	Scil_g2151;Slac_ENSLPGG00000006993	3.726953363351766e-36	4.764683672254321e-08	Scil_g7113;Slac_ENSLPGG00000001833	3.406864929288282e-18	1.2442595792842063e-06	Scil_g4062;Slac_ENSLPGG00000006246	9.347464033952838e-21	6.733599364933415e-86				Scil_g8541;Slac_ENSLPGG00000011766	6.14985551959929e-70	6.424279466496312e-54	Scil_g1712;Slac_ENSLPGG00000010742	2.536218254345903e-23	4.180675232010378e-08												
			Scil_g10912;Slac_ENSLPGG00000011256	1.043376183157885e-145	2.2171253351216003e-39	Scil_g3256;Slac_ENSLPGG00000001288	2.60698942674615e-95	6.661197954218709e-26	Scil_g6454;Slac_ENSLPGG00000022449	2.5988487410348625e-193	2.4750552854716887e-41	Scil_g5475;Slac_ENSLPGG00000020621	2.603790570228733e-127	0.007680656845531507	Scil_g3476;Slac_ENSLPGG00000024781	4.334665868065728e-102	7.57234572250414e-45										Scil_g9493;Slac_ENSLPGG00000011571	1.2301559046943514e-47	2.898364963731895e-101	Scil_g9493;Slac_ENSLPGG00000014397	2.202169687342322e-34	3.2063291580291506e-206							Scil_g10912;Slac_ENSLPGG00000021349	3.4075561377306387e-18	0.006870911196515657																			Scil_g928;Slac_ENSLPGG00000016178	0.0011207531185961738	1.501419928130465e-05							Scil_g9350;Slac_ENSLPGG00000016018	9.825223969695222e-159	9.131746071512445e-40	Scil_g9493;Slac_ENSLPGG00000004179	1.6437894554212709e-118	0.00041922201390155815	Scil_g12815;Slac_ENSLPGG00000012644	2.6176033659390733e-130	1.2610207866014905e-16							Scil_g5496;Slac_ENSLPGG00000014820	1.4032387722181626e-133	9.576705732763362e-14	Scil_g427;Slac_ENSLPGG00000018008	0.006519815255997415	2.269395476419778e-06																			Scil_g8547;Slac_ENSLPGG00000010087	8.51714614846807e-11	0.00227205435873775				Scil_g9230;Slac_ENSLPGG00000002916	3.9924356932549016e-38	4.5097320754487453e-69	Scil_g3312;Slac_ENSLPGG00000005591	9.11724884071195e-31	2.1729417562033227e-12	Scil_g1638;Slac_ENSLPGG00000026851	1.301893734272623e-33	3.435672027214082e-07							Scil_g11217;Slac_ENSLPGG00000004638	1.1898754821400538e-83	0.00028259928740763477	Scil_g428;Slac_ENSLPGG00000008220	2.3269850990252727e-30	9.125798317363784e-20	Scil_g6760;Slac_ENSLPGG00000003655	1.257405804796029e-48	8.175617660133769e-19	Scil_g272;Slac_ENSLPGG00000011745	4.4020482414545957e-138	8.908210932401408e-15				Scil_g8541;Slac_ENSLPGG00000003655	6.14985551959929e-70	9.40828911176657e-21	Scil_g10318;Slac_ENSLPGG00000012055	1.589611768983524e-10	0.004024645954396675												
			Scil_g1742;Slac_ENSLPGG00000027805	3.670059933201734e-227	1.1628240147129951e-05	Scil_g10236;Slac_ENSLPGG00000018880	1.4221876891009659e-195	6.626306537757094e-08	Scil_g10236;Slac_ENSLPGG00000018880	1.4221876891009659e-195	6.333978704324807e-162	Scil_g1289;Slac_ENSLPGG00000029464	2.7614947802334066e-80	2.762844991880154e-13	Scil_g9503;Slac_ENSLPGG00000011571	2.625874160586213e-79	2.898364963731895e-101										Scil_g1581;Slac_ENSLPGG00000012011	5.803903680624964e-52	0.0019448265295240832	Scil_g3804;Slac_ENSLPGG00000008240	1.4391833133065743e-37	3.6050752385326326e-33							Scil_g9503;Slac_ENSLPGG00000011571	5.410073307399298e-12	0.00011333394622877717																			Scil_g2790;Slac_ENSLPGG00000019707	0.0003643598587491646	0.0037592289107381055							Scil_g9230;Slac_ENSLPGG00000001288	9.85603211134795e-130	5.885151292742098e-62	Scil_g3916;Slac_ENSLPGG00000008240	2.7560666887662833e-46	3.6050752385326326e-33	Scil_g10147;Slac_ENSLPGG00000006923	1.6618876574246577e-148	0.0010849360860405476							Scil_g2168;Slac_ENSLPGG00000017442	2.5034226395769036e-120	3.932741514472264e-15																						Scil_g191;Slac_ENSLPGG00000001013	2.6498240031433006e-05	1.420649847920241e-15				Scil_g8541;Slac_ENSLPGG00000011766	1.4314226492453286e-23	6.424279466496312e-54	Scil_g3916;Slac_ENSLPGG00000008240	1.5685057846917763e-29	1.5286399662747134e-05	Scil_g9230;Slac_ENSLPGG00000002916	3.9924356932549016e-38	5.382979758273921e-31							Scil_g10318;Slac_ENSLPGG00000017559	1.0844220647569434e-162	0.0002736502296537435	Scil_g11267;Slac_ENSLPGG00000023554	5.74194457398664e-143	0.00027574990803420516	Scil_g283;Slac_ENSLPGG00000015935	7.693791571515437e-59	7.097709171101251e-11	Scil_g5248;Slac_ENSLPGG00000024411	9.136900725565167e-151	1.2096505057732134e-06				Scil_g9194;Slac_ENSLPGG00000011935	3.4090526762999094e-14	1.3450411135448757e-39	Scil_g5638;Slac_ENSLPGG00000012506	3.164117205647379e-77	6.394214333064026e-07												
			Scil_g12646;Slac_ENSLPGG00000025642	1.4608025134838514e-58	0.000244742577161044	Scil_g3804;Slac_ENSLPGG00000008240	5.117983564924714e-123	1.8326736777284825e-09	Scil_g10912;Slac_ENSLPGG00000021349	1.043376183157885e-145	0.007868136067536493	Scil_g4062;Slac_ENSLPGG00000006246	9.087134080924893e-86	2.928932634954862e-19	Scil_g9503;Slac_ENSLPGG00000014397	2.625874160586213e-79	3.2063291580291506e-206										Scil_g9800;Slac_ENSLPGG00000005542	5.321707393142917e-79	1.6120114620635982e-07	Scil_g1492;Slac_ENSLPGG00000007868	2.414831228835172e-55	1.5500312999257935e-28							Scil_g2206;Slac_ENSLPGG00000013974	3.5103848586580926e-05	0.0004901760059143347																			Scil_g9784;Slac_ENSLPGG00000017293	0.0017320630111903603	0.0003188228322439033							Scil_g9493;Slac_ENSLPGG00000014397	1.6437894554212709e-118	6.514620800285567e-10	Scil_g13687;Slac_ENSLPGG00000024411	2.92698171042716e-65	1.2096505057732134e-06	Scil_g8996;Slac_ENSLPGG00000027389	3.2865037224117454e-49	1.4180978265069578e-20							Scil_g9230;Slac_ENSLPGG00000001288	4.1571607056312035e-101	1.7179326704524777e-43																						Scil_g254;Slac_ENSLPGG00000018987	1.914791029382852e-12	1.3415721302813278e-256				Scil_g5475;Slac_ENSLPGG00000003671	4.8255454822332445e-11	1.0199371661577197e-09	Scil_g2206;Slac_ENSLPGG00000008251	4.1859626309607827e-41	0.0015728660306544304	Scil_g12220;Slac_ENSLPGG00000004594	6.296109440882554e-27	3.2058474600134776e-22							Scil_g6454;Slac_ENSLPGG00000022449	8.095199901803195e-97	4.729009323723236e-59	Scil_g5592;Slac_ENSLPGG00000024879	5.541405827238133e-09	0.0	Scil_g5780;Slac_ENSLPGG00000001139	6.822039089494287e-32	1.0836060187155972e-07	Scil_g9503;Slac_ENSLPGG00000014397	6.336262308259084e-40	3.2063291580291506e-206				Scil_g6454;Slac_ENSLPGG00000022449	1.6118352340212025e-58	4.729009323723236e-59	Scil_g6184;Slac_ENSLPGG00000011939	1.5800340672675745e-17	3.848690199495851e-18												
			Scil_g6454;Slac_ENSLPGG00000022449	2.5988487410348625e-193	4.729009323723236e-59	Scil_g9417;Slac_ENSLPGG00000028683	3.87407078352086e-111	1.8915719792119694e-19	Scil_g9493;Slac_ENSLPGG00000014397	1.1957752526203634e-109	3.2063291580291506e-206	Scil_g9629;Slac_ENSLPGG00000010538	1.2423153532549106e-97	3.161013484890436e-29	Scil_g5638;Slac_ENSLPGG00000012506	2.6686207396112425e-128	6.394214333064026e-07										Scil_g865;Slac_ENSLPGG00000013426	2.012570195727005e-59	6.617948250082446e-21	Scil_g6454;Slac_ENSLPGG00000022449	1.2321050778477347e-65	2.4750552854716887e-41							Scil_g9493;Slac_ENSLPGG00000011571	2.4415046509237197e-10	0.00011333394622877717																			Scil_g6013;Slac_ENSLPGG00000000463	0.0006396790368632658	0.0027394311528223447							Scil_g151;Slac_ENSLPGG00000013344	2.5375968418638794e-141	3.577549343166164e-18	Scil_g6498;Slac_ENSLPGG00000003492	5.38266634461158e-66	3.154964982596741e-07	Scil_g10725;Slac_ENSLPGG00000025548	2.120654794857653e-99	3.225584967471835e-10							Scil_g5203;Slac_ENSLPGG00000027198	7.419203618948408e-130	1.5449918119745799e-12																						Scil_g254;Slac_ENSLPGG00000011839	1.914791029382852e-12	1.450531294006342e-10				Scil_g3916;Slac_ENSLPGG00000008240	1.5685057846917763e-29	2.079376046061837e-53	Scil_g10793;Slac_ENSLPGG00000007363	2.0719589253502654e-27	1.0100077948533649e-23	Scil_g4454;Slac_ENSLPGG00000003977	3.257426339636494e-25	0.0013660571215794737							Scil_g12220;Slac_ENSLPGG00000004594	1.2205820973241452e-59	1.3020753409095207e-60	Scil_g9000;Slac_ENSLPGG00000012713	3.4106570726295444e-48	0.00021320333919392514	Scil_g6478;Slac_ENSLPGG00000003671	1.1894457884695337e-90	8.952767135888432e-07	Scil_g6454;Slac_ENSLPGG00000022449	8.095199901803195e-97	2.4750552854716887e-41				Scil_g7321;Slac_ENSLPGG00000011935	5.577715893867446e-13	1.3450411135448757e-39	Scil_g9493;Slac_ENSLPGG00000011571	2.96309757852025e-50	2.898364963731895e-101												
			Scil_g1492;Slac_ENSLPGG00000007868	7.842301685042869e-128	4.332076472461795e-51	Scil_g6454;Slac_ENSLPGG00000011075	2.5988487410348625e-193	2.0379467980033377e-14	Scil_g1492;Slac_ENSLPGG00000007868	7.842301685042869e-128	1.5500312999257935e-28	Scil_g6171;Slac_ENSLPGG00000001057	4.140231065806796e-34	0.002605558624769482	Scil_g9493;Slac_ENSLPGG00000011571	1.0966284320389135e-80	2.898364963731895e-101										Scil_g6454;Slac_ENSLPGG00000022449	9.325476026369619e-75	2.4750552854716887e-41	Scil_g6171;Slac_ENSLPGG00000001057	2.2054239690199396e-22	0.0006556926158877126							Scil_g4183;Slac_ENSLPGG00000011075	3.4822315845025206e-07	2.0379467980033377e-14																			Scil_g8784;Slac_ENSLPGG00000014570	0.0010437869569094249	0.0040320885724559555							Scil_g12539;Slac_ENSLPGG00000024858	1.0449933571677178e-83	2.7315752955464747e-68	Scil_g3476;Slac_ENSLPGG00000024781	2.2495047734617395e-20	7.57234572250414e-45	Scil_g4454;Slac_ENSLPGG00000003977	1.9703874266385865e-126	4.205255557246916e-06							Scil_g9493;Slac_ENSLPGG00000004179	2.27678165470496e-131	0.00041922201390155815																						Scil_g254;Slac_ENSLPGG00000007525	1.914791029382852e-12	6.8121822133019086e-40				Scil_g2206;Slac_ENSLPGG00000008251	4.1859626309607827e-41	4.670788978404608e-15	Scil_g5638;Slac_ENSLPGG00000012506	1.4990294028075043e-32	0.00738217071904122	Scil_g5203;Slac_ENSLPGG00000027198	3.398760534221814e-36	1.5449918119745799e-12							Scil_g1492;Slac_ENSLPGG00000007868	4.952446940985111e-77	4.332076472461795e-51	Scil_g10145;Slac_ENSLPGG00000014205	9.141519554639596e-66	2.4286240129030872e-23	Scil_g10145;Slac_ENSLPGG00000012981	9.141519554639596e-66	7.370948704646787e-30	Scil_g9493;Slac_ENSLPGG00000014397	2.9515426081567275e-32	3.2063291580291506e-206				Scil_g3804;Slac_ENSLPGG00000008240	1.337084652253437e-51	2.079376046061837e-53	Scil_g4454;Slac_ENSLPGG00000008996	4.799033429540774e-74	6.580418703057666e-08												
			Scil_g6171;Slac_ENSLPGG00000001057	1.7399426912413675e-74	0.002605558624769482	Scil_g5638;Slac_ENSLPGG00000012506	2.2774550213834944e-152	0.0019081565275844048	Scil_g272;Slac_ENSLPGG00000011745	1.6698566275906178e-222	8.908210932401408e-15	Scil_g6171;Slac_ENSLPGG00000020621	4.140231065806796e-34	0.007680656845531507	Scil_g12220;Slac_ENSLPGG00000004594	3.656681214073056e-105	3.2058474600134776e-22										Scil_g3804;Slac_ENSLPGG00000008240	9.40516582772996e-34	3.6050752385326326e-33	Scil_g13687;Slac_ENSLPGG00000021586	2.538710221221242e-55	3.684928387240296e-05							Scil_g7321;Slac_ENSLPGG00000014536	1.4396974416483862e-06	1.1734089487601698e-11																			Scil_g9048;Slac_ENSLPGG00000028207	1.3461409145371213e-06	1.5591700570090591e-12							Scil_g2206;Slac_ENSLPGG00000010787	4.403406639912815e-22	6.66853407732245e-12	Scil_g9230;Slac_ENSLPGG00000028868	9.85603211134795e-130	3.246417234390367e-07	Scil_g9503;Slac_ENSLPGG00000011571	1.6771192045042746e-50	3.532626074807475e-19							Scil_g10725;Slac_ENSLPGG00000025548	2.120654794857653e-99	4.825440774757591e-28																						Scil_g267;Slac_ENSLPGG00000005083	0.002334639333459712	2.845748174400489e-115				Scil_g1492;Slac_ENSLPGG00000006855	7.545423925236786e-35	1.0546014274244098e-10	Scil_g9420;Slac_ENSLPGG00000018181	1.184079166241278e-41	3.243207542934895e-09	Scil_g9815;Slac_ENSLPGG00000028025	1.0851289380439643e-27	3.3920691028260114e-16							Scil_g10912;Slac_ENSLPGG00000011256	1.0558597740908803e-43	2.2171253351216003e-39	Scil_g208;Slac_ENSLPGG00000011374	2.6548209437680143e-07	1.3654716350227405e-31	Scil_g13687;Slac_ENSLPGG00000005369	5.850749396400135e-66	0.008877332328887818	Scil_g9417;Slac_ENSLPGG00000028683	9.41279673359646e-31	6.089579012366993e-65				Scil_g1492;Slac_ENSLPGG00000006855	4.52015750585495e-59	1.0546014274244098e-10	Scil_g4183;Slac_ENSLPGG00000022449	1.0805566578709724e-54	2.4750552854716887e-41												
			Scil_g3804;Slac_ENSLPGG00000008240	5.117983564924714e-123	2.079376046061837e-53	Scil_g455;Slac_ENSLPGG00000008236	1.2437126824478338e-103	2.295301076072252e-06	Scil_g9503;Slac_ENSLPGG00000014397	2.220151461027726e-92	3.2063291580291506e-206	Scil_g9071;Slac_ENSLPGG00000017904	2.2078775895030755e-110	3.194381922112019e-67	Scil_g1581;Slac_ENSLPGG00000012011	9.633087419874901e-85	0.0019448265295240832										Scil_g1742;Slac_ENSLPGG00000027805	1.1288893846802433e-81	0.0023230261479473767	Scil_g8003;Slac_ENSLPGG00000004270	2.6736094255783155e-63	0.0009594694237878879							Scil_g1492;Slac_ENSLPGG00000007868	2.2399840486998778e-07	1.2934374603831318e-18																			Scil_g8832;Slac_ENSLPGG00000016670	0.006622989585143619	1.7480696677301966e-13							Scil_g10793;Slac_ENSLPGG00000007363	3.2989471512773003e-124	3.2168293172039397e-74	Scil_g4454;Slac_ENSLPGG00000003977	5.644033984089473e-94	0.0013660571215794737	Scil_g5203;Slac_ENSLPGG00000027198	7.419203618948408e-130	1.7491526269555e-18							Scil_g8269;Slac_ENSLPGG00000004338	1.465114603584991e-77	3.94689794101048e-06																						Scil_g267;Slac_ENSLPGG00000005542	0.002334639333459712	0.0019192995362923425				Scil_g9420;Slac_ENSLPGG00000018181	1.184079166241278e-41	3.861286206805184e-94	Scil_g5203;Slac_ENSLPGG00000027198	3.398760534221814e-36	0.0004789479922645604	Scil_g9331;Slac_ENSLPGG00000001861	1.3167502451553305e-36	7.130847028255194e-05							Scil_g8363;Slac_ENSLPGG00000014536	3.190231175109534e-105	2.3412831869630676e-27	Scil_g10793;Slac_ENSLPGG00000005401	4.1953662477593635e-36	2.8849319943444077e-06	Scil_g10793;Slac_ENSLPGG00000005401	4.1953662477593635e-36	3.124394702611672e-13	Scil_g1581;Slac_ENSLPGG00000012011	1.2011994131643254e-98	0.0019448265295240832				Scil_g3256;Slac_ENSLPGG00000002916	1.022530426407309e-44	4.5097320754487453e-69	Scil_g6454;Slac_ENSLPGG00000022449	1.6118352340212025e-58	2.4750552854716887e-41												
			Scil_g9071;Slac_ENSLPGG00000017904	8.717002298944823e-140	3.194381922112019e-67	Scil_g1492;Slac_ENSLPGG00000006855	7.842301685042869e-128	4.152102646204361e-06	Scil_g6454;Slac_ENSLPGG00000011075	2.5988487410348625e-193	3.6923052876094957e-19	Scil_g6454;Slac_ENSLPGG00000022449	1.9050573213743844e-97	4.729009323723236e-59	Scil_g4190;Slac_ENSLPGG00000009453	4.644006420430598e-33	1.55284522600849e-15										Scil_g1492;Slac_ENSLPGG00000007868	2.8406789945888525e-47	1.5500312999257935e-28	Scil_g9503;Slac_ENSLPGG00000011571	7.921014333766046e-31	2.898364963731895e-101							Scil_g2206;Slac_ENSLPGG00000020387	3.5103848586580926e-05	3.858487610361753e-08																			Scil_g2125;Slac_ENSLPGG00000027899	0.008064271496165015	8.039398819345128e-20							Scil_g5496;Slac_ENSLPGG00000014820	3.5138442133577173e-163	2.620578377314697e-16	Scil_g5203;Slac_ENSLPGG00000027198	1.1409251225529609e-144	1.5449918119745799e-12	Scil_g9071;Slac_ENSLPGG00000017904	3.3701899247250518e-40	3.194381922112019e-67							Scil_g6454;Slac_ENSLPGG00000011075	1.4322505555045902e-20	3.6923052876094957e-19																						Scil_g267;Slac_ENSLPGG00000023020	0.002334639333459712	4.3252478170499146e-05				Scil_g1970;Slac_ENSLPGG00000026851	9.750932358838642e-37	2.1954594971659047e-39	Scil_g2125;Slac_ENSLPGG00000026851	2.8538049419446323e-33	6.856836930422313e-08	Scil_g9503;Slac_ENSLPGG00000011571	1.4338984677402368e-23	2.898364963731895e-101							Scil_g1289;Slac_ENSLPGG00000029464	1.4419377413258943e-74	2.762844991880154e-13	Scil_g928;Slac_ENSLPGG00000015697	1.9882623228741798e-45	2.4236558510733902e-11	Scil_g928;Slac_ENSLPGG00000015697	1.9882623228741798e-45	3.361942287043576e-10	Scil_g6171;Slac_ENSLPGG00000001057	9.395704875551866e-80	0.0006556926158877126				Scil_g10318;Slac_ENSLPGG00000002095	1.589611768983524e-10	4.451622716046505e-12	Scil_g8541;Slac_ENSLPGG00000011766	6.14985551959929e-70	2.0105369160193262e-08												
			Scil_g4062;Slac_ENSLPGG00000006246	3.976628289568287e-87	2.928932634954862e-19	Scil_g9800;Slac_ENSLPGG00000005083	9.48023987730771e-156	4.431444955771938e-16	Scil_g3804;Slac_ENSLPGG00000008240	5.117983564924714e-123	3.6050752385326326e-33	Scil_g8363;Slac_ENSLPGG00000011935	7.582218674900909e-106	1.3450411135448757e-39	Scil_g8363;Slac_ENSLPGG00000011935	7.582218674900909e-106	4.303345849185861e-42										Scil_g8346;Slac_ENSLPGG00000011935	4.862152066962563e-90	4.303345849185861e-42	Scil_g1742;Slac_ENSLPGG00000027805	4.777372555196243e-69	0.0023230261479473767							Scil_g8363;Slac_ENSLPGG00000014536	6.571717432331336e-07	1.1734089487601698e-11																			Scil_g6478;Slac_ENSLPGG00000001057	0.007595049382840505	6.835545438316304e-08							Scil_g5592;Slac_ENSLPGG00000027633	3.8824618482007976e-134	0.0007267486762986831	Scil_g6454;Slac_ENSLPGG00000022449	2.400091995302938e-19	2.4750552854716887e-41	Scil_g5496;Slac_ENSLPGG00000014820	1.4032387722181626e-133	2.620578377314697e-16							Scil_g13000;Slac_ENSLPGG00000029928	1.1462792027365378e-97	7.55965493874983e-21																						Scil_g267;Slac_ENSLPGG00000008029	0.002334639333459712	1.0569690518647481e-11				Scil_g9417;Slac_ENSLPGG00000028683	1.1891723314715599e-41	1.429361472231043e-57	Scil_g1929;Slac_ENSLPGG00000017167	4.203229345827449e-25	0.0004869668628283978	Scil_g645;Slac_ENSLPGG00000017340	3.574389552373022e-36	1.2939881671370807e-15							Scil_g1526;Slac_ENSLPGG00000023162	7.098848553784464e-99	4.862702982723841e-30	Scil_g6478;Slac_ENSLPGG00000003671	1.1894457884695337e-90	4.0343780813769214e-16	Scil_g2206;Slac_ENSLPGG00000010787	1.0001481920852157e-24	0.00030971510745518316	Scil_g3256;Slac_ENSLPGG00000001288	3.94434284736057e-34	1.7179326704524777e-43				Scil_g5638;Slac_ENSLPGG00000012506	3.164117205647379e-77	7.036054100266313e-10	Scil_g9194;Slac_ENSLPGG00000014536	3.4090526762999094e-14	2.442134044403989e-35												
			Scil_g1289;Slac_ENSLPGG00000029464	5.8887143626647764e-126	2.762844991880154e-13	Scil_g3916;Slac_ENSLPGG00000008240	1.701960133797263e-131	1.8326736777284825e-09	Scil_g9503;Slac_ENSLPGG00000011571	2.220151461027726e-92	2.898364963731895e-101	Scil_g1742;Slac_ENSLPGG00000027805	1.9261729532718055e-123	1.1628240147129951e-05	Scil_g10912;Slac_ENSLPGG00000021349	3.9804693558217297e-103	0.007868136067536493										Scil_g272;Slac_ENSLPGG00000011745	4.4208974711021544e-104	8.908210932401408e-15	Scil_g10236;Slac_ENSLPGG00000018880	3.106346624842757e-67	6.333978704324807e-162							Scil_g4183;Slac_ENSLPGG00000022449	3.4822315845025206e-07	3.850086366667959e-25																			Scil_g9161;Slac_ENSLPGG00000026665	0.0001034419493519234	4.4837236516005585e-06							Scil_g2893;Slac_ENSLPGG00000008469	1.1923001404242734e-94	2.907903653442144e-18	Scil_g548;Slac_ENSLPGG00000010832	1.694618204734456e-145	1.5668742821915783e-07	Scil_g1710;Slac_ENSLPGG00000017185	7.828376516825086e-139	3.68466924349509e-29							Scil_g13687;Slac_ENSLPGG00000010551	1.3130253835517724e-101	7.060343438230766e-14																						Scil_g402;Slac_ENSLPGG00000022031	0.00012423506349302512	9.068102115904676e-07				Scil_g6498;Slac_ENSLPGG00000003492	3.81711673440077e-34	2.593087026597021e-15	Scil_g9453;Slac_ENSLPGG00000012945	2.056781849066872e-32	1.0530127366564674e-06	Scil_g9230;Slac_ENSLPGG00000001288	3.9924356932549016e-38	1.7179326704524777e-43							Scil_g1581;Slac_ENSLPGG00000012011	1.2011994131643254e-98	5.053861825484296e-05	Scil_g9453;Slac_ENSLPGG00000012945	9.085190326555412e-21	5.786099515584685e-36	Scil_g6711;Slac_ENSLPGG00000014533	9.246671477449805e-28	0.0010879664404985156	Scil_g6454;Slac_ENSLPGG00000011075	8.095199901803195e-97	3.6923052876094957e-19				Scil_g7247;Slac_ENSLPGG00000002394	1.8866332575949762e-54	8.224819778313836e-10	Scil_g1581;Slac_ENSLPGG00000012011	8.817170440672149e-69	0.0019448265295240832												
			Scil_g455;Slac_ENSLPGG00000008236	1.2437126824478338e-103	7.774724969998724e-77	Scil_g9493;Slac_ENSLPGG00000011571	1.1957752526203634e-109	0.00011333394622877717	Scil_g4190;Slac_ENSLPGG00000009453	1.0136329003550786e-08	1.55284522600849e-15	Scil_g865;Slac_ENSLPGG00000013426	5.2120924906301383e-95	6.535231825217502e-10	Scil_g3804;Slac_ENSLPGG00000008240	4.605335114898953e-84	3.6050752385326326e-33										Scil_g9493;Slac_ENSLPGG00000014397	1.2301559046943514e-47	3.2063291580291506e-206	Scil_g4190;Slac_ENSLPGG00000009453	2.8016602861769484e-11	1.55284522600849e-15							Scil_g12539;Slac_ENSLPGG00000024858	0.00036706872392722265	1.8968035290082435e-14																			Scil_g254;Slac_ENSLPGG00000018987	0.0003287041951745968	1.0207238271509369e-292							Scil_g6498;Slac_ENSLPGG00000020053	5.38266634461158e-66	0.00013605932074935457	Scil_g2536;Slac_ENSLPGG00000030214	4.5809904470145814e-151	3.5429188297330837e-09	Scil_g1492;Slac_ENSLPGG00000006855	4.875102461962703e-121	1.0546014274244098e-10							Scil_g10401;Slac_ENSLPGG00000009693	5.595123383603605e-80	1.8270096672043233e-85																						Scil_g402;Slac_ENSLPGG00000011588	0.00012423506349302512	0.0077217836227961014				Scil_g9493;Slac_ENSLPGG00000011571	3.038430848269835e-32	3.532626074807475e-19	Scil_g9350;Slac_ENSLPGG00000016018	1.3827260362803755e-37	3.7271879521360873e-07	Scil_g10912;Slac_ENSLPGG00000021349	1.0953891152332477e-32	0.007868136067536493							Scil_g12539;Slac_ENSLPGG00000024858	7.2408603089323e-51	2.7315752955464747e-68	Scil_g2790;Slac_ENSLPGG00000019707	8.903801089339332e-48	8.248256679403289e-17	Scil_g928;Slac_ENSLPGG00000016178	1.9882623228741798e-45	6.268485207720969e-16	Scil_g9800;Slac_ENSLPGG00000005542	5.841018448193116e-147	1.6120114620635982e-07				Scil_g4454;Slac_ENSLPGG00000003977	4.799033429540774e-74	4.205255557246916e-06	Scil_g3804;Slac_ENSLPGG00000008240	1.337084652253437e-51	3.6050752385326326e-33												
			Scil_g7247;Slac_ENSLPGG00000002394	2.930503165469239e-160	8.224819778313836e-10	Scil_g3256;Slac_ENSLPGG00000002916	2.60698942674615e-95	4.2685747651016555e-20	Scil_g3256;Slac_ENSLPGG00000001288	2.60698942674615e-95	1.7179326704524777e-43	Scil_g3256;Slac_ENSLPGG00000002916	5.452006744648249e-91	4.5097320754487453e-69	Scil_g13687;Slac_ENSLPGG00000024411	2.1753177914457852e-108	1.2096505057732134e-06										Scil_g3256;Slac_ENSLPGG00000001288	9.251044654563549e-36	1.7179326704524777e-43	Scil_g13687;Slac_ENSLPGG00000010551	2.538710221221242e-55	7.060343438230766e-14							Scil_g7247;Slac_ENSLPGG00000002394	1.1102385386689204e-05	7.145860182182397e-06																			Scil_g254;Slac_ENSLPGG00000011839	0.0003287041951745968	9.31254328396097e-40							Scil_g13745;Slac_ENSLPGG00000024377	9.984088792248443e-78	1.3972524494513694e-23	Scil_g552;Slac_ENSLPGG00000010574	1.944937404840483e-65	8.205917835561142e-20	Scil_g12463;Slac_ENSLPGG00000010851	2.280223389198944e-49	1.3662746664668557e-142							Scil_g9294;Slac_ENSLPGG00000008607	2.162840819613641e-37	0.006194834814392549																						Scil_g402;Slac_ENSLPGG00000021619	0.00012423506349302512	6.167266246761484e-05				Scil_g863;Slac_ENSLPGG00000010615	5.176086206049916e-41	5.980524550575253e-11	Scil_g6498;Slac_ENSLPGG00000003492	3.81711673440077e-34	0.007742288289071499	Scil_g5475;Slac_ENSLPGG00000003671	4.8255454822332445e-11	2.0029821817149136e-07							Scil_g5638;Slac_ENSLPGG00000012506	4.7202734416415495e-85	7.036054100266313e-10	Scil_g9493;Slac_ENSLPGG00000004179	2.9515426081567275e-32	0.000631058918716341	Scil_g208;Slac_ENSLPGG00000011374	2.6548209437680143e-07	9.163408264304248e-15	Scil_g3804;Slac_ENSLPGG00000008240	1.4819496653635062e-46	3.6050752385326326e-33				Scil_g9503;Slac_ENSLPGG00000011571	9.638396070064196e-67	3.532626074807475e-19	Scil_g865;Slac_ENSLPGG00000013426	1.454863381222511e-59	6.617948250082446e-21												
			Scil_g1526;Slac_ENSLPGG00000023162	1.4880051560529757e-149	4.862702982723841e-30	Scil_g8541;Slac_ENSLPGG00000011766	1.146115424193619e-47	1.1486904717713135e-29	Scil_g865;Slac_ENSLPGG00000013426	2.1079741372904187e-126	6.617948250082446e-21	Scil_g1581;Slac_ENSLPGG00000012011	9.633087419874901e-85	5.053861825484296e-05	Scil_g7247;Slac_ENSLPGG00000002394	1.94921464642178e-112	1.883042909819768e-33										Scil_g5853;Slac_ENSLPGG00000011935	6.216385737852435e-80	4.303345849185861e-42	Scil_g6454;Slac_ENSLPGG00000011075	1.2321050778477347e-65	3.6923052876094957e-19							Scil_g9168;Slac_ENSLPGG00000007363	4.4382931778230876e-05	2.575994288774385e-15																			Scil_g254;Slac_ENSLPGG00000007525	0.0003287041951745968	5.6755860237284635e-83							Scil_g9230;Slac_ENSLPGG00000002916	9.85603211134795e-130	4.5097320754487453e-69	Scil_g9493;Slac_ENSLPGG00000004519	1.6437894554212709e-118	0.0032723837075047833	Scil_g6454;Slac_ENSLPGG00000022449	1.4322505555045902e-20	4.729009323723236e-59							Scil_g13687;Slac_ENSLPGG00000021586	1.3130253835517724e-101	3.684928387240296e-05																						Scil_g402;Slac_ENSLPGG00000002171	0.00012423506349302512	1.9180965568394127e-18				Scil_g4454;Slac_ENSLPGG00000003977	3.257426339636494e-25	4.205255557246916e-06	Scil_g9230;Slac_ENSLPGG00000001288	3.9924356932549016e-38	2.6178751083484434e-11	Scil_g1929;Slac_ENSLPGG00000017167	4.203229345827449e-25	1.0105858529738278e-10							Scil_g9629;Slac_ENSLPGG00000010538	1.6926579842254407e-91	3.161013484890436e-29	Scil_g5780;Slac_ENSLPGG00000007158	6.822039089494287e-32	3.3393614168035766e-18	Scil_g9493;Slac_ENSLPGG00000004179	2.9515426081567275e-32	0.0048005802558305725	Scil_g9698;Slac_ENSLPGG00000003607	2.104561369049522e-68	8.433623375033906e-11				Scil_g4183;Slac_ENSLPGG00000022449	1.0805566578709724e-54	4.729009323723236e-59	Scil_g4454;Slac_ENSLPGG00000003977	4.799033429540774e-74	0.0013660571215794737												
			Scil_g9168;Slac_ENSLPGG00000007363	7.232053495919805e-101	3.2168293172039397e-74	Scil_g9168;Slac_ENSLPGG00000007363	7.232053495919805e-101	2.575994288774385e-15	Scil_g5638;Slac_ENSLPGG00000012506	2.2774550213834944e-152	6.394214333064026e-07	Scil_g9168;Slac_ENSLPGG00000007363	1.6792548946744693e-66	3.2168293172039397e-74	Scil_g8003;Slac_ENSLPGG00000004270	1.2035489001751693e-118	0.0009594694237878879										Scil_g9417;Slac_ENSLPGG00000028683	4.952690763118984e-43	6.089579012366993e-65	Scil_g1492;Slac_ENSLPGG00000006855	2.414831228835172e-55	0.00013953360878467893							Scil_g548;Slac_ENSLPGG00000010832	1.8121203463307201e-07	6.623043250353997e-14																			Scil_g347;Slac_ENSLPGG00000015421	0.008163427024107387	2.647520278078056e-06							Scil_g9420;Slac_ENSLPGG00000004782	2.897784845171342e-163	5.858558014061243e-16	Scil_g283;Slac_ENSLPGG00000015935	3.5017648494680412e-40	9.738386024499675e-17	Scil_g10793;Slac_ENSLPGG00000005401	1.418432260572787e-130	4.161226659295904e-109							Scil_g13687;Slac_ENSLPGG00000024411	1.3130253835517724e-101	1.2096505057732134e-06																						Scil_g429;Slac_ENSLPGG00000010487	0.00023998907785801368	0.0035162830543893223				Scil_g10912;Slac_ENSLPGG00000011256	1.0953891152332477e-32	2.2171253351216003e-39	Scil_g8547;Slac_ENSLPGG00000010087	3.7794394924241863e-41	0.00098769424619722	Scil_g313;Slac_ENSLPGG00000029231	3.532421267697919e-26	6.27298892959851e-08							Scil_g455;Slac_ENSLPGG00000008236	1.1836393128128447e-36	7.774724969998724e-77	Scil_g8784;Slac_ENSLPGG00000011679	1.0499855983051466e-30	2.200679508389915e-09	Scil_g1132;Slac_ENSLPGG00000008926	5.3003396614962664e-83	0.006910277004534133	Scil_g865;Slac_ENSLPGG00000013426	5.423056199089706e-60	6.617948250082446e-21				Scil_g2206;Slac_ENSLPGG00000008927	3.8427685016444203e-75	1.143125098030077e-76	Scil_g13687;Slac_ENSLPGG00000010551	1.5600481977929334e-74	7.060343438230766e-14												
			Scil_g3916;Slac_ENSLPGG00000008240	1.701960133797263e-131	2.079376046061837e-53	Scil_g4183;Slac_ENSLPGG00000022449	4.096161506216909e-118	3.850086366667959e-25	Scil_g13687;Slac_ENSLPGG00000019939	3.122225469839726e-129	2.3792066558181335e-05	Scil_g5638;Slac_ENSLPGG00000012506	2.6686207396112425e-128	7.036054100266313e-10	Scil_g865;Slac_ENSLPGG00000013426	5.2120924906301383e-95	6.617948250082446e-21										Scil_g6171;Slac_ENSLPGG00000001057	4.283642587552604e-09	0.0006556926158877126	Scil_g9503;Slac_ENSLPGG00000014397	7.921014333766046e-31	3.2063291580291506e-206							Scil_g8541;Slac_ENSLPGG00000003655	2.0446371134598075e-16	7.81461903690976e-08																												Scil_g12129;Slac_ENSLPGG00000010554	4.3570568125132695e-137	1.2627343975808865e-33	Scil_g9230;Slac_ENSLPGG00000002916	9.85603211134795e-130	5.382979758273921e-31	Scil_g6498;Slac_ENSLPGG00000003492	1.328602721239005e-22	2.593087026597021e-15							Scil_g6432;Slac_ENSLPGG00000001593	8.921844317736951e-120	9.75289532536796e-12																						Scil_g427;Slac_ENSLPGG00000018008	3.132899676104081e-06	0.004915364847247419				Scil_g6454;Slac_ENSLPGG00000011075	2.80347484448913e-17	1.732893564165767e-21	Scil_g8784;Slac_ENSLPGG00000012945	8.142504589067801e-22	1.0530127366564674e-06	Scil_g9230;Slac_ENSLPGG00000028868	3.9924356932549016e-38	3.246417234390367e-07							Scil_g3804;Slac_ENSLPGG00000008240	1.4819496653635062e-46	2.079376046061837e-53	Scil_g10015;Slac_ENSLPGG00000022563	4.800034890065439e-50	9.056505337328188e-10	Scil_g6573;Slac_ENSLPGG00000001774	5.6710084031744045e-31	6.653428776517677e-07	Scil_g8346;Slac_ENSLPGG00000011935	1.6743086104704536e-94	4.303345849185861e-42				Scil_g12463;Slac_ENSLPGG00000010851	4.3460958038120623e-60	1.3662746664668557e-142	Scil_g7321;Slac_ENSLPGG00000011935	5.577715893867446e-13	4.303345849185861e-42												
			Scil_g1492;Slac_ENSLPGG00000006855	7.842301685042869e-128	1.0546014274244098e-10	Scil_g1132;Slac_ENSLPGG00000008926	2.523420423261515e-206	1.531232995998816e-08	Scil_g3916;Slac_ENSLPGG00000008240	1.701960133797263e-131	3.6050752385326326e-33	Scil_g10912;Slac_ENSLPGG00000021349	3.9804693558217297e-103	0.00022049414074647497	Scil_g13687;Slac_ENSLPGG00000021586	2.1753177914457852e-108	3.684928387240296e-05										Scil_g13687;Slac_ENSLPGG00000019939	1.2569949463208585e-43	2.3792066558181335e-05	Scil_g3916;Slac_ENSLPGG00000008240	9.872365770531333e-42	3.6050752385326326e-33							Scil_g3916;Slac_ENSLPGG00000008240	9.374551201461182e-05	1.8326736777284825e-09																												Scil_g9493;Slac_ENSLPGG00000004519	1.6437894554212709e-118	0.00010686538706661993	Scil_g2206;Slac_ENSLPGG00000014001	4.403406639912815e-22	0.004094928469770093	Scil_g9503;Slac_ENSLPGG00000014397	1.6771192045042746e-50	6.514620800285567e-10							Scil_g2536;Slac_ENSLPGG00000030214	1.279699980471059e-136	3.5429188297330837e-09																												Scil_g10725;Slac_ENSLPGG00000025548	6.697223638728763e-31	3.225584967471835e-10	Scil_g9896;Slac_ENSLPGG00000023496	1.5515179907681383e-34	0.0017557002777709798	Scil_g1970;Slac_ENSLPGG00000027899	9.750932358838642e-37	2.1475408258923468e-07							Scil_g12646;Slac_ENSLPGG00000025642	8.742210410214433e-22	0.000244742577161044	Scil_g2045;Slac_ENSLPGG00000020888	2.442208052154282e-41	5.743542558574498e-43	Scil_g5780;Slac_ENSLPGG00000007158	6.822039089494287e-32	9.743523775364285e-08	Scil_g6171;Slac_ENSLPGG00000003831	9.395704875551866e-80	2.404097731159506e-05				Scil_g7321;Slac_ENSLPGG00000014536	5.577715893867446e-13	2.3412831869630676e-27	Scil_g1492;Slac_ENSLPGG00000006855	4.52015750585495e-59	0.00013953360878467893												
			Scil_g3256;Slac_ENSLPGG00000001288	2.60698942674615e-95	5.885151292742098e-62	Scil_g5971;Slac_ENSLPGG00000021720	1.6842400893503441e-96	2.9573136505831804e-23	Scil_g13687;Slac_ENSLPGG00000024411	3.122225469839726e-129	1.2096505057732134e-06	Scil_g9800;Slac_ENSLPGG00000005083	3.598773865081431e-54	1.124330201580065e-23	Scil_g3256;Slac_ENSLPGG00000002916	5.452006744648249e-91	5.382979758273921e-31										Scil_g1492;Slac_ENSLPGG00000006855	2.8406789945888525e-47	0.00013953360878467893	Scil_g13687;Slac_ENSLPGG00000019939	2.538710221221242e-55	2.3792066558181335e-05							Scil_g2206;Slac_ENSLPGG00000008927	3.5103848586580926e-05	4.582965869804628e-19																												Scil_g10793;Slac_ENSLPGG00000005401	3.2989471512773003e-124	4.161226659295904e-109	Scil_g2206;Slac_ENSLPGG00000010787	4.403406639912815e-22	0.0022056602738712958	Scil_g2609;Slac_ENSLPGG00000011839	7.950642770247123e-141	0.00023796853818428576							Scil_g12129;Slac_ENSLPGG00000010554	4.7943568488775107e-110	5.126043017858373e-27																												Scil_g9493;Slac_ENSLPGG00000014397	3.038430848269835e-32	6.514620800285567e-10	Scil_g12539;Slac_ENSLPGG00000024858	1.2918527674079677e-22	2.557007204581811e-08	Scil_g8547;Slac_ENSLPGG00000010087	3.7794394924241863e-41	6.428399142631757e-14							Scil_g3256;Slac_ENSLPGG00000002916	3.94434284736057e-34	4.5097320754487453e-69	Scil_g6573;Slac_ENSLPGG00000001774	5.6710084031744045e-31	8.710618210673265e-10	Scil_g792;Slac_ENSLPGG00000000967	1.4915041772042246e-86	4.512474901489642e-11	Scil_g3256;Slac_ENSLPGG00000028868	3.94434284736057e-34	3.246417234390367e-07				Scil_g3476;Slac_ENSLPGG00000024781	2.1488956030949202e-65	1.160981800851679e-84	Scil_g9194;Slac_ENSLPGG00000011935	3.4090526762999094e-14	4.303345849185861e-42												
			Scil_g9800;Slac_ENSLPGG00000004714	9.48023987730771e-156	4.7223883449744205e-15	Scil_g865;Slac_ENSLPGG00000013426	2.1079741372904187e-126	0.005307371856244519	Scil_g1581;Slac_ENSLPGG00000012011	5.239835152417541e-137	0.0019448265295240832	Scil_g7247;Slac_ENSLPGG00000002394	1.94921464642178e-112	8.224819778313836e-10	Scil_g13687;Slac_ENSLPGG00000010551	2.1753177914457852e-108	7.060343438230766e-14										Scil_g9503;Slac_ENSLPGG00000011571	7.604298156689081e-20	2.898364963731895e-101	Scil_g1581;Slac_ENSLPGG00000012011	3.6231300232942306e-37	0.0019448265295240832							Scil_g10725;Slac_ENSLPGG00000025548	5.303611646113177e-07	1.1958460200687325e-09																												Scil_g5203;Slac_ENSLPGG00000027198	1.1409251225529609e-144	1.7491526269555e-18	Scil_g6454;Slac_ENSLPGG00000011075	2.400091995302938e-19	3.6923052876094957e-19	Scil_g9503;Slac_ENSLPGG00000004519	1.6771192045042746e-50	0.00010686538706661993							Scil_g1132;Slac_ENSLPGG00000009493	1.1958446544789634e-69	8.61901041892892e-05																												Scil_g9350;Slac_ENSLPGG00000016018	1.3827260362803755e-37	9.131746071512445e-40	Scil_g10401;Slac_ENSLPGG00000009693	4.470849820121763e-27	8.241651189628354e-21	Scil_g8541;Slac_ENSLPGG00000011766	1.4314226492453286e-23	2.0105369160193262e-08							Scil_g9800;Slac_ENSLPGG00000005083	5.841018448193116e-147	1.124330201580065e-23	Scil_g4134;Slac_ENSLPGG00000018450	9.944983941582443e-26	5.385311817264831e-45	Scil_g1970;Slac_ENSLPGG00000027899	1.0284454998381085e-42	1.7794118500883685e-19	Scil_g3256;Slac_ENSLPGG00000002916	3.94434284736057e-34	5.382979758273921e-31				Scil_g9071;Slac_ENSLPGG00000017904	6.732635558228759e-66	3.194381922112019e-67	Scil_g3256;Slac_ENSLPGG00000002916	1.022530426407309e-44	5.382979758273921e-31												
			Scil_g10912;Slac_ENSLPGG00000021349	1.043376183157885e-145	0.00022049414074647497	Scil_g2206;Slac_ENSLPGG00000008927	1.4268740080321066e-86	4.582965869804628e-19	Scil_g9493;Slac_ENSLPGG00000011571	1.1957752526203634e-109	2.898364963731895e-101	Scil_g3916;Slac_ENSLPGG00000008240	3.231079584223045e-76	2.079376046061837e-53	Scil_g9417;Slac_ENSLPGG00000028683	1.1070794056629593e-85	6.089579012366993e-65										Scil_g5638;Slac_ENSLPGG00000012506	1.371556489431947e-68	6.394214333064026e-07	Scil_g4183;Slac_ENSLPGG00000022449	1.9328168299250404e-41	2.4750552854716887e-41							Scil_g3385;Slac_ENSLPGG00000013606	4.60213844138946e-08	0.000922678073984472																												Scil_g9503;Slac_ENSLPGG00000011571	3.1088437102030843e-43	3.532626074807475e-19	Scil_g5638;Slac_ENSLPGG00000012506	3.498413361079208e-27	6.394214333064026e-07	Scil_g1526;Slac_ENSLPGG00000023162	4.6680693423310086e-67	4.862702982723841e-30							Scil_g12815;Slac_ENSLPGG00000012644	2.6176033659390733e-130	0.009745553271228292																												Scil_g3312;Slac_ENSLPGG00000005591	9.11724884071195e-31	1.0919858717207004e-50	Scil_g3164;Slac_ENSLPGG00000026756	7.83247235371473e-05	0.0068913423352248045	Scil_g3312;Slac_ENSLPGG00000018877	9.11724884071195e-31	2.1201919848233518e-05							Scil_g9071;Slac_ENSLPGG00000017904	2.4689009992468022e-57	3.194381922112019e-67	Scil_g5780;Slac_ENSLPGG00000003645	6.822039089494287e-32	8.555926411623185e-05	Scil_g9453;Slac_ENSLPGG00000012945	9.085190326555412e-21	1.2488585644169446e-18	Scil_g6498;Slac_ENSLPGG00000020053	1.2923519339490272e-64	1.350219890075338e-06				Scil_g455;Slac_ENSLPGG00000008236	1.1160296491421674e-52	7.774724969998724e-77	Scil_g9503;Slac_ENSLPGG00000004179	9.638396070064196e-67	0.00041922201390155815												
			Scil_g13687;Slac_ENSLPGG00000019939	3.122225469839726e-129	7.746866494854593e-09	Scil_g6498;Slac_ENSLPGG00000003492	9.886420699751124e-137	6.79165278736314e-05	Scil_g8346;Slac_ENSLPGG00000011935	6.238324302277083e-218	4.303345849185861e-42	Scil_g9493;Slac_ENSLPGG00000011571	1.0966284320389135e-80	3.532626074807475e-19	Scil_g6454;Slac_ENSLPGG00000011075	1.9050573213743844e-97	3.6923052876094957e-19										Scil_g8541;Slac_ENSLPGG00000011766	2.148159297298708e-16	2.0105369160193262e-08	Scil_g13687;Slac_ENSLPGG00000024411	2.538710221221242e-55	1.2096505057732134e-06							Scil_g10793;Slac_ENSLPGG00000005401	0.00010515633729460215	1.723887322106786e-10																												Scil_g9453;Slac_ENSLPGG00000008251	7.752476681575691e-104	4.670788978404608e-15	Scil_g9350;Slac_ENSLPGG00000016018	9.825223969695222e-159	0.001464777277311494	Scil_g2125;Slac_ENSLPGG00000027899	1.030098665143005e-67	6.273158257151112e-10							Scil_g9230;Slac_ENSLPGG00000028868	4.1571607056312035e-101	3.246417234390367e-07																												Scil_g2125;Slac_ENSLPGG00000026851	2.8538049419446323e-33	2.1954594971659047e-39	Scil_g9453;Slac_ENSLPGG00000014570	2.056781849066872e-32	1.2177387478916778e-06	Scil_g1492;Slac_ENSLPGG00000006855	7.545423925236786e-35	0.00013953360878467893							Scil_g3256;Slac_ENSLPGG00000001288	3.94434284736057e-34	5.885151292742098e-62	Scil_g8784;Slac_ENSLPGG00000005398	1.0499855983051466e-30	1.222652689898963e-06	Scil_g12781;Slac_ENSLPGG00000012981	1.0769954053511488e-75	7.370948704646787e-30	Scil_g4454;Slac_ENSLPGG00000008996	3.284144031726754e-68	6.580418703057666e-08				Scil_g13687;Slac_ENSLPGG00000019939	1.5600481977929334e-74	7.746866494854593e-09	Scil_g9417;Slac_ENSLPGG00000028683	6.406974381252898e-58	6.089579012366993e-65												
			Scil_g5638;Slac_ENSLPGG00000012506	2.2774550213834944e-152	7.036054100266313e-10	Scil_g12463;Slac_ENSLPGG00000010851	1.5633003431681924e-86	2.4629292381277884e-33	Scil_g13687;Slac_ENSLPGG00000010551	3.122225469839726e-129	7.060343438230766e-14	Scil_g3256;Slac_ENSLPGG00000001288	5.452006744648249e-91	5.885151292742098e-62	Scil_g4454;Slac_ENSLPGG00000008996	3.706663423434533e-89	6.580418703057666e-08										Scil_g3916;Slac_ENSLPGG00000008240	3.609495548258627e-47	3.6050752385326326e-33	Scil_g3476;Slac_ENSLPGG00000024781	7.70836388456797e-20	7.57234572250414e-45							Scil_g1492;Slac_ENSLPGG00000006855	2.2399840486998778e-07	4.152102646204361e-06																												Scil_g9453;Slac_ENSLPGG00000013258	7.752476681575691e-104	2.2291185466983853e-09	Scil_g12129;Slac_ENSLPGG00000010554	4.3570568125132695e-137	5.126043017858373e-27	Scil_g2206;Slac_ENSLPGG00000008927	1.717522215741258e-25	1.143125098030077e-76							Scil_g9350;Slac_ENSLPGG00000016018	6.053887375246753e-138	0.001464777277311494																												Scil_g5638;Slac_ENSLPGG00000012506	1.4990294028075043e-32	7.036054100266313e-10	Scil_g6454;Slac_ENSLPGG00000022449	2.80347484448913e-17	5.105376860363737e-10	Scil_g1638;Slac_ENSLPGG00000027899	1.301893734272623e-33	2.1475408258923468e-07							Scil_g5583;Slac_ENSLPGG00000023072	3.059685191254236e-153	3.1673618724671446e-16	Scil_g5780;Slac_ENSLPGG00000006271	6.822039089494287e-32	6.018245629279889e-06	Scil_g428;Slac_ENSLPGG00000008220	2.3269850990252727e-30	1.032236898468495e-07	Scil_g3476;Slac_ENSLPGG00000024781	2.0867053994461558e-20	7.57234572250414e-45				Scil_g5971;Slac_ENSLPGG00000021720	7.735947322699045e-69	2.7007558928165465e-79	Scil_g13687;Slac_ENSLPGG00000021586	1.5600481977929334e-74	3.684928387240296e-05												
			Scil_g6454;Slac_ENSLPGG00000011075	2.5988487410348625e-193	1.732893564165767e-21	Scil_g3476;Slac_ENSLPGG00000024781	6.368390744696838e-65	1.007340503306213e-21	Scil_g4454;Slac_ENSLPGG00000008996	3.8894617618898823e-78	6.580418703057666e-08	Scil_g8541;Slac_ENSLPGG00000003655	4.708310254106961e-33	9.40828911176657e-21	Scil_g3256;Slac_ENSLPGG00000001288	5.452006744648249e-91	1.7179326704524777e-43										Scil_g6171;Slac_ENSLPGG00000003831	4.283642587552604e-09	2.404097731159506e-05	Scil_g4454;Slac_ENSLPGG00000008996	4.5308016223468144e-38	6.580418703057666e-08							Scil_g455;Slac_ENSLPGG00000008236	3.6836902865385804e-09	2.295301076072252e-06																												Scil_g6454;Slac_ENSLPGG00000011075	2.400091995302938e-19	1.732893564165767e-21	Scil_g10401;Slac_ENSLPGG00000009693	5.204919245077118e-81	1.8270096672043233e-85	Scil_g6573;Slac_ENSLPGG00000001774	2.4290148812340734e-120	5.5336845091324314e-11							Scil_g12599;Slac_ENSLPGG00000002394	8.522445184556589e-132	1.883042909819768e-33																												Scil_g12539;Slac_ENSLPGG00000024858	1.2918527674079677e-22	2.7315752955464747e-68	Scil_g13745;Slac_ENSLPGG00000024377	2.4887480633750244e-36	9.680405321029262e-05	Scil_g1970;Slac_ENSLPGG00000026851	9.750932358838642e-37	3.435672027214082e-07							Scil_g5971;Slac_ENSLPGG00000021720	2.421300782011076e-38	2.7007558928165465e-79	Scil_g928;Slac_ENSLPGG00000016178	1.9882623228741798e-45	2.3037707902477756e-19	Scil_g6573;Slac_ENSLPGG00000005942	5.6710084031744045e-31	1.0130743786702808e-07	Scil_g6498;Slac_ENSLPGG00000003492	1.2923519339490272e-64	3.154964982596741e-07				Scil_g9493;Slac_ENSLPGG00000011571	2.96309757852025e-50	3.532626074807475e-19	Scil_g8363;Slac_ENSLPGG00000014536	5.0060638538233815e-14	2.442134044403989e-35												
			Scil_g9800;Slac_ENSLPGG00000005083	9.48023987730771e-156	1.124330201580065e-23	Scil_g13155;Slac_ENSLPGG00000025541	5.726781495820915e-103	4.106056186050165e-11	Scil_g9417;Slac_ENSLPGG00000028683	3.87407078352086e-111	6.089579012366993e-65	Scil_g455;Slac_ENSLPGG00000008236	9.055194966555323e-72	7.774724969998724e-77	Scil_g13687;Slac_ENSLPGG00000019939	2.1753177914457852e-108	2.3792066558181335e-05										Scil_g3476;Slac_ENSLPGG00000024781	3.7823666103790384e-24	7.57234572250414e-45	Scil_g8346;Slac_ENSLPGG00000011935	5.850198154917252e-73	4.303345849185861e-42							Scil_g5583;Slac_ENSLPGG00000023072	0.0002616891186223847	1.9006885533602426e-06																												Scil_g2206;Slac_ENSLPGG00000005820	4.403406639912815e-22	0.001011811941688375	Scil_g9453;Slac_ENSLPGG00000011679	7.752476681575691e-104	2.683640499495103e-06	Scil_g1929;Slac_ENSLPGG00000017167	1.3796483600493414e-80	4.059213680124567e-14							Scil_g1132;Slac_ENSLPGG00000008926	1.1958446544789634e-69	2.2575973253275367e-18																												Scil_g9230;Slac_ENSLPGG00000028868	3.9924356932549016e-38	2.7375550175479056e-05	Scil_g9453;Slac_ENSLPGG00000010787	2.056781849066872e-32	7.523869066413557e-05	Scil_g5638;Slac_ENSLPGG00000012506	1.4990294028075043e-32	6.394214333064026e-07							Scil_g4062;Slac_ENSLPGG00000006246	9.347464033952838e-21	2.928932634954862e-19	Scil_g1970;Slac_ENSLPGG00000027899	1.0284454998381085e-42	2.5395351300756727e-21	Scil_g13687;Slac_ENSLPGG00000021586	5.850749396400135e-66	0.00631563726543241	Scil_g13687;Slac_ENSLPGG00000021586	5.850749396400135e-66	3.684928387240296e-05				Scil_g12539;Slac_ENSLPGG00000024858	6.763034597232629e-53	2.7315752955464747e-68	Scil_g3476;Slac_ENSLPGG00000024781	2.1488956030949202e-65	7.57234572250414e-45												
			Scil_g3256;Slac_ENSLPGG00000002916	2.60698942674615e-95	4.5097320754487453e-69	Scil_g1526;Slac_ENSLPGG00000023162	1.4880051560529757e-149	1.0696789564057544e-08	Scil_g9800;Slac_ENSLPGG00000005542	9.48023987730771e-156	1.6120114620635982e-07	Scil_g9503;Slac_ENSLPGG00000011571	2.625874160586213e-79	3.532626074807475e-19	Scil_g1492;Slac_ENSLPGG00000006855	2.1159011052951553e-110	0.00013953360878467893										Scil_g9800;Slac_ENSLPGG00000005083	5.321707393142917e-79	7.230080945253314e-06	Scil_g6498;Slac_ENSLPGG00000020053	1.882953006819727e-44	1.350219890075338e-06							Scil_g12463;Slac_ENSLPGG00000010851	1.8973717530536855e-09	2.4629292381277884e-33																												Scil_g9503;Slac_ENSLPGG00000014397	3.1088437102030843e-43	6.514620800285567e-10	Scil_g928;Slac_ENSLPGG00000015697	6.047707746450295e-14	3.7606681679114696e-37	Scil_g1710;Slac_ENSLPGG00000011888	7.828376516825086e-139	3.4081145930049474e-28							Scil_g8996;Slac_ENSLPGG00000027389	3.2865037224117454e-49	6.160617844196293e-07																												Scil_g3312;Slac_ENSLPGG00000018877	9.11724884071195e-31	1.5668001742992288e-37	Scil_g313;Slac_ENSLPGG00000029231	3.532421267697919e-26	0.007654311621271535	Scil_g4454;Slac_ENSLPGG00000008996	3.257426339636494e-25	6.580418703057666e-08							Scil_g6454;Slac_ENSLPGG00000011075	8.095199901803195e-97	1.732893564165767e-21	Scil_g6573;Slac_ENSLPGG00000005942	5.6710084031744045e-31	2.9943991623993777e-15	Scil_g2151;Slac_ENSLPGG00000006993	3.726953363351766e-36	0.003200321442623736	Scil_g4183;Slac_ENSLPGG00000011075	2.211448441731701e-47	3.6923052876094957e-19				Scil_g1581;Slac_ENSLPGG00000012011	8.817170440672149e-69	5.053861825484296e-05	Scil_g10725;Slac_ENSLPGG00000025548	2.804852194960664e-39	4.825440774757591e-28												
			Scil_g8346;Slac_ENSLPGG00000011935	6.238324302277083e-218	1.3450411135448757e-39	Scil_g8541;Slac_ENSLPGG00000003655	1.146115424193619e-47	7.81461903690976e-08	Scil_g3256;Slac_ENSLPGG00000028868	2.60698942674615e-95	3.246417234390367e-07	Scil_g1526;Slac_ENSLPGG00000023162	5.173687108079556e-77	4.862702982723841e-30	Scil_g4183;Slac_ENSLPGG00000011075	3.0006040599031106e-87	3.6923052876094957e-19										Scil_g5583;Slac_ENSLPGG00000023072	1.4866435744947478e-73	2.998557883866538e-09	Scil_g9417;Slac_ENSLPGG00000028683	5.399945915754303e-33	6.089579012366993e-65							Scil_g8363;Slac_ENSLPGG00000011935	6.571717432331336e-07	3.4797924186503026e-11																												Scil_g1526;Slac_ENSLPGG00000023162	3.7168746054691496e-64	4.862702982723841e-30	Scil_g9194;Slac_ENSLPGG00000011935	1.709538587159516e-19	4.303345849185861e-42	Scil_g12129;Slac_ENSLPGG00000010554	4.7943568488775107e-110	1.2627343975808865e-33							Scil_g9503;Slac_ENSLPGG00000004519	1.6771192045042746e-50	0.0032723837075047833																												Scil_g8541;Slac_ENSLPGG00000003655	1.4314226492453286e-23	9.40828911176657e-21	Scil_g5496;Slac_ENSLPGG00000014820	2.060794221855142e-42	8.036894823389654e-05	Scil_g2125;Slac_ENSLPGG00000027899	2.8538049419446323e-33	2.1475408258923468e-07							Scil_g4454;Slac_ENSLPGG00000003977	3.284144031726754e-68	4.205255557246916e-06	Scil_g2168;Slac_ENSLPGG00000017442	2.456663280013788e-06	8.746558191180393e-14	Scil_g480;Slac_ENSLPGG00000010615	7.718560485718088e-20	1.0135894909294644e-56	Scil_g9503;Slac_ENSLPGG00000004179	6.336262308259084e-40	0.00041922201390155815				Scil_g3385;Slac_ENSLPGG00000013606	1.885241745545524e-11	1.9618534083990846e-10	Scil_g7553;Slac_ENSLPGG00000012055	5.451985905029846e-56	0.004024645954396675												
			Scil_g9417;Slac_ENSLPGG00000028683	3.87407078352086e-111	1.429361472231043e-57	Scil_g9503;Slac_ENSLPGG00000011571	2.220151461027726e-92	0.00011333394622877717	Scil_g3256;Slac_ENSLPGG00000002916	2.60698942674615e-95	5.382979758273921e-31	Scil_g12539;Slac_ENSLPGG00000024858	1.0586157984607387e-98	2.7315752955464747e-68	Scil_g4454;Slac_ENSLPGG00000003977	3.706663423434533e-89	0.0013660571215794737										Scil_g1132;Slac_ENSLPGG00000008926	3.592330180950803e-97	2.2575973253275367e-18	Scil_g8569;Slac_ENSLPGG00000021586	3.301636262983605e-39	3.684928387240296e-05							Scil_g8996;Slac_ENSLPGG00000027389	6.870041811952564e-18	5.169950889733636e-08																												Scil_g9453;Slac_ENSLPGG00000012945	7.752476681575691e-104	7.651688797584175e-26	Scil_g13687;Slac_ENSLPGG00000019939	2.92698171042716e-65	2.3792066558181335e-05	Scil_g8269;Slac_ENSLPGG00000004338	1.465114603584991e-77	0.001914399365841848							Scil_g5638;Slac_ENSLPGG00000012506	7.914825578157619e-30	6.394214333064026e-07																												Scil_g5203;Slac_ENSLPGG00000027198	3.398760534221814e-36	1.7491526269555e-18	Scil_g9503;Slac_ENSLPGG00000011571	1.4338984677402368e-23	0.0015227726781909135	Scil_g2206;Slac_ENSLPGG00000008251	4.1859626309607827e-41	0.0007856183374335829							Scil_g8346;Slac_ENSLPGG00000011935	1.6743086104704536e-94	1.3450411135448757e-39	Scil_g6529;Slac_ENSLPGG00000000542	5.99748544501482e-22	1.738764691630327e-18	Scil_g2045;Slac_ENSLPGG00000020888	2.442208052154282e-41	3.340781969930934e-28	Scil_g10725;Slac_ENSLPGG00000025548	1.5543774660431347e-42	4.825440774757591e-28				Scil_g3916;Slac_ENSLPGG00000008240	1.9648735679011954e-41	2.079376046061837e-53	Scil_g9493;Slac_ENSLPGG00000004519	2.96309757852025e-50	0.0032723837075047833												
			Scil_g8541;Slac_ENSLPGG00000003655	1.146115424193619e-47	9.40828911176657e-21	Scil_g2206;Slac_ENSLPGG00000008251	1.4268740080321066e-86	2.268912044819083e-08	Scil_g9800;Slac_ENSLPGG00000005083	9.48023987730771e-156	7.230080945253314e-06	Scil_g9417;Slac_ENSLPGG00000028683	1.1070794056629593e-85	1.429361472231043e-57	Scil_g6498;Slac_ENSLPGG00000020053	5.303953106691169e-98	1.350219890075338e-06										Scil_g5853;Slac_ENSLPGG00000014536	6.216385737852435e-80	2.442134044403989e-35	Scil_g272;Slac_ENSLPGG00000011745	1.9175770011614284e-78	8.908210932401408e-15							Scil_g2206;Slac_ENSLPGG00000011938	3.5103848586580926e-05	0.00864781886507922																												Scil_g9453;Slac_ENSLPGG00000014570	7.752476681575691e-104	5.642196009546153e-20	Scil_g13297;Slac_ENSLPGG00000018213	9.398461925937273e-35	5.825022677968175e-40	Scil_g9453;Slac_ENSLPGG00000013258	4.6731217585328485e-73	2.2291185466983853e-09							Scil_g6498;Slac_ENSLPGG00000020053	1.328602721239005e-22	1.350219890075338e-06																												Scil_g9230;Slac_ENSLPGG00000001288	3.9924356932549016e-38	5.885151292742098e-62	Scil_g9453;Slac_ENSLPGG00000011679	2.056781849066872e-32	0.001099551317384427	Scil_g2125;Slac_ENSLPGG00000026851	2.8538049419446323e-33	3.435672027214082e-07							Scil_g9168;Slac_ENSLPGG00000007363	2.6558675402018507e-39	3.2168293172039397e-74	Scil_g5203;Slac_ENSLPGG00000027198	1.2874598100904535e-24	8.712042786933828e-27	Scil_g5203;Slac_ENSLPGG00000027198	1.2874598100904535e-24	1.4620585047903767e-12	Scil_g1492;Slac_ENSLPGG00000006855	4.952446940985111e-77	0.00013953360878467893				Scil_g9800;Slac_ENSLPGG00000005083	1.5153703518870904e-27	1.124330201580065e-23	Scil_g3316;Slac_ENSLPGG00000004765	1.3195806526392497e-47	3.9693301278142095e-12												
			Scil_g13524;Slac_ENSLPGG00000007525	8.280768608284176e-33	1.2976177857252313e-07	Scil_g8346;Slac_ENSLPGG00000011935	6.238324302277083e-218	3.4797924186503026e-11	Scil_g1132;Slac_ENSLPGG00000008926	2.523420423261515e-206	2.2575973253275367e-18	Scil_g2206;Slac_ENSLPGG00000008927	7.187792383971008e-119	1.143125098030077e-76	Scil_g3256;Slac_ENSLPGG00000028868	5.452006744648249e-91	3.246417234390367e-07										Scil_g12359;Slac_ENSLPGG00000012055	1.9304548292510384e-58	0.004024645954396675	Scil_g10725;Slac_ENSLPGG00000025548	5.236084440582848e-25	4.825440774757591e-28							Scil_g5971;Slac_ENSLPGG00000021720	1.1549710074676708e-10	2.9573136505831804e-23																												Scil_g9420;Slac_ENSLPGG00000018181	2.897784845171342e-163	3.861286206805184e-94	Scil_g13000;Slac_ENSLPGG00000029928	5.603271362854492e-111	7.55965493874983e-21	Scil_g1970;Slac_ENSLPGG00000026851	1.1778824038207252e-87	2.1954594971659047e-39							Scil_g13297;Slac_ENSLPGG00000018213	8.090268662816997e-34	5.825022677968175e-40																												Scil_g9453;Slac_ENSLPGG00000012945	2.056781849066872e-32	7.651688797584175e-26	Scil_g13745;Slac_ENSLPGG00000012306	2.4887480633750244e-36	0.0005530777668249586	Scil_g9503;Slac_ENSLPGG00000014397	1.4338984677402368e-23	3.2063291580291506e-206							Scil_g9503;Slac_ENSLPGG00000011571	6.336262308259084e-40	3.532626074807475e-19	Scil_g3738;Slac_ENSLPGG00000013280	5.531269750429809e-78	0.00014000489721090407	Scil_g8784;Slac_ENSLPGG00000011679	1.0499855983051466e-30	9.982580842469747e-09	Scil_g1132;Slac_ENSLPGG00000008926	5.3003396614962664e-83	2.2575973253275367e-18				Scil_g7553;Slac_ENSLPGG00000012055	5.451985905029846e-56	2.5837843891576112e-25	Scil_g8269;Slac_ENSLPGG00000004338	1.6249425448358977e-69	3.94689794101048e-06												
			Scil_g12539;Slac_ENSLPGG00000024858	3.421131629871232e-100	2.7315752955464747e-68	Scil_g10793;Slac_ENSLPGG00000007363	1.9768741730767228e-106	2.575994288774385e-15	Scil_g1492;Slac_ENSLPGG00000006855	7.842301685042869e-128	0.00013953360878467893	Scil_g6454;Slac_ENSLPGG00000011075	1.9050573213743844e-97	1.732893564165767e-21	Scil_g4183;Slac_ENSLPGG00000022449	3.0006040599031106e-87	2.4750552854716887e-41										Scil_g3316;Slac_ENSLPGG00000004765	3.366749075944008e-34	3.9693301278142095e-12	Scil_g3256;Slac_ENSLPGG00000001288	6.5693186728515626e-21	1.7179326704524777e-43							Scil_g6711;Slac_ENSLPGG00000009025	8.124990998450373e-10	0.00024004222425575957																												Scil_g9493;Slac_ENSLPGG00000004000	1.6437894554212709e-118	0.003278021509044548	Scil_g12865;Slac_ENSLPGG00000023608	5.893141931214216e-118	7.93601484077302e-05	Scil_g1846;Slac_ENSLPGG00000015884	1.0729934086005267e-144	1.3931861443855277e-07							Scil_g13687;Slac_ENSLPGG00000019939	1.3130253835517724e-101	2.3792066558181335e-05																												Scil_g10912;Slac_ENSLPGG00000021349	1.0953891152332477e-32	0.00022049414074647497	Scil_g4183;Slac_ENSLPGG00000011075	4.923672380520055e-08	2.1721597013048545e-07	Scil_g928;Slac_ENSLPGG00000016178	1.9915814341170639e-28	6.211649555153535e-16							Scil_g12359;Slac_ENSLPGG00000012055	4.4238244671661537e-51	2.5837843891576112e-25	Scil_g9973;Slac_ENSLPGG00000006929	1.4509653951052227e-33	0.0015752136088964988	Scil_g6529;Slac_ENSLPGG00000000542	5.99748544501482e-22	7.592857144683699e-09	Scil_g9815;Slac_ENSLPGG00000028025	4.830247271194087e-52	3.3920691028260114e-16				Scil_g13155;Slac_ENSLPGG00000025541	8.22348900134841e-50	1.5361509531527551e-33	Scil_g9493;Slac_ENSLPGG00000004179	2.96309757852025e-50	0.00041922201390155815												
			Scil_g9800;Slac_ENSLPGG00000008029	9.48023987730771e-156	2.1429507329778337e-15	Scil_g12539;Slac_ENSLPGG00000024858	3.421131629871232e-100	1.8968035290082435e-14	Scil_g9493;Slac_ENSLPGG00000004179	1.1957752526203634e-109	0.00041922201390155815	Scil_g6498;Slac_ENSLPGG00000003492	5.303953106691169e-98	2.593087026597021e-15	Scil_g8346;Slac_ENSLPGG00000011935	4.380396117135662e-69	4.303345849185861e-42										Scil_g8269;Slac_ENSLPGG00000004338	1.993699474292843e-52	3.94689794101048e-06	Scil_g8541;Slac_ENSLPGG00000011766	9.08174680924606e-19	2.0105369160193262e-08							Scil_g13155;Slac_ENSLPGG00000025541	0.00019059390498267172	4.106056186050165e-11																												Scil_g2125;Slac_ENSLPGG00000027899	3.010623064881322e-63	6.273158257151112e-10	Scil_g2206;Slac_ENSLPGG00000008251	4.403406639912815e-22	0.0007856183374335829	Scil_g5638;Slac_ENSLPGG00000012506	7.914825578157619e-30	7.036054100266313e-10							Scil_g1846;Slac_ENSLPGG00000015884	1.0729934086005267e-144	9.260489127110691e-09																												Scil_g5475;Slac_ENSLPGG00000022382	4.8255454822332445e-11	2.711690826516311e-05	Scil_g8784;Slac_ENSLPGG00000014570	8.142504589067801e-22	1.2177387478916778e-06	Scil_g9350;Slac_ENSLPGG00000016018	1.3827260362803755e-37	0.001464777277311494							Scil_g3916;Slac_ENSLPGG00000008240	8.042577274742336e-42	2.079376046061837e-53	Scil_g10145;Slac_ENSLPGG00000007322	9.141519554639596e-66	1.9741700939934922e-05	Scil_g8784;Slac_ENSLPGG00000005398	1.0499855983051466e-30	2.528496503711901e-08	Scil_g13687;Slac_ENSLPGG00000010551	5.850749396400135e-66	7.060343438230766e-14				Scil_g8996;Slac_ENSLPGG00000027389	4.2121740498679915e-59	1.4180978265069578e-20	Scil_g13687;Slac_ENSLPGG00000024411	1.5600481977929334e-74	1.2096505057732134e-06												
			Scil_g5971;Slac_ENSLPGG00000021720	1.6842400893503441e-96	2.7007558928165465e-79	Scil_g9800;Slac_ENSLPGG00000008029	9.48023987730771e-156	7.373189200188125e-07	Scil_g4183;Slac_ENSLPGG00000022449	4.096161506216909e-118	2.4750552854716887e-41	Scil_g2206;Slac_ENSLPGG00000013974	7.187792383971008e-119	9.011092163486792e-15	Scil_g10725;Slac_ENSLPGG00000025548	7.304875684594177e-85	4.825440774757591e-28										Scil_g4454;Slac_ENSLPGG00000008996	1.8572301477282273e-41	6.580418703057666e-08	Scil_g9493;Slac_ENSLPGG00000004179	2.202169687342322e-34	0.00041922201390155815							Scil_g2206;Slac_ENSLPGG00000008251	3.5103848586580926e-05	2.268912044819083e-08																												Scil_g3916;Slac_ENSLPGG00000008240	2.7560666887662833e-46	2.079376046061837e-53	Scil_g13687;Slac_ENSLPGG00000010551	2.92698171042716e-65	7.060343438230766e-14	Scil_g3312;Slac_ENSLPGG00000005591	5.368501549027695e-83	1.0919858717207004e-50							Scil_g2894;Slac_ENSLPGG00000019707	1.4492797990721123e-148	1.664904330736905e-05																												Scil_g645;Slac_ENSLPGG00000017340	3.574389552373022e-36	5.828180967476836e-08	Scil_g10793;Slac_ENSLPGG00000005401	2.0719589253502654e-27	1.9435599107717408e-14	Scil_g2536;Slac_ENSLPGG00000030214	7.764871976051948e-37	3.5429188297330837e-09							Scil_g9417;Slac_ENSLPGG00000028683	9.41279673359646e-31	1.429361472231043e-57	Scil_g9784;Slac_ENSLPGG00000017293	6.318417168023661e-11	2.7032904129322214e-19	Scil_g9503;Slac_ENSLPGG00000004519	6.336262308259084e-40	0.0014830252242113335	Scil_g9800;Slac_ENSLPGG00000005083	5.841018448193116e-147	7.230080945253314e-06				Scil_g9194;Slac_ENSLPGG00000014536	3.4090526762999094e-14	2.3412831869630676e-27	Scil_g6454;Slac_ENSLPGG00000011075	1.6118352340212025e-58	3.6923052876094957e-19												
			Scil_g10793;Slac_ENSLPGG00000007363	1.9768741730767228e-106	3.2168293172039397e-74	Scil_g5583;Slac_ENSLPGG00000023072	1.0627452716237264e-181	1.9006885533602426e-06	Scil_g4183;Slac_ENSLPGG00000011075	4.096161506216909e-118	3.6923052876094957e-19	Scil_g13687;Slac_ENSLPGG00000019939	2.1753177914457852e-108	7.746866494854593e-09	Scil_g3916;Slac_ENSLPGG00000008240	3.231079584223045e-76	3.6050752385326326e-33										Scil_g9493;Slac_ENSLPGG00000004179	1.2301559046943514e-47	0.00041922201390155815	Scil_g1132;Slac_ENSLPGG00000009493	6.260345730737661e-61	8.61901041892892e-05							Scil_g10793;Slac_ENSLPGG00000007363	0.00010515633729460215	2.575994288774385e-15																												Scil_g3347;Slac_ENSLPGG00000007508	5.604704518602571e-58	2.4875269046456503e-28	Scil_g9503;Slac_ENSLPGG00000004179	3.1088437102030843e-43	0.00041922201390155815	Scil_g2536;Slac_ENSLPGG00000030214	1.279699980471059e-136	1.1904823129216072e-05							Scil_g9503;Slac_ENSLPGG00000004179	1.6771192045042746e-50	0.00041922201390155815																												Scil_g1638;Slac_ENSLPGG00000027899	1.301893734272623e-33	6.273158257151112e-10	Scil_g9800;Slac_ENSLPGG00000005083	5.4679377323500855e-12	0.0001059562660806433	Scil_g6454;Slac_ENSLPGG00000022449	2.80347484448913e-17	2.4750552854716887e-41							Scil_g9493;Slac_ENSLPGG00000011571	2.9515426081567275e-32	3.532626074807475e-19	Scil_g6432;Slac_ENSLPGG00000001593	4.4287160920340336e-39	2.9620233670974e-07	Scil_g3738;Slac_ENSLPGG00000013280	5.531269750429809e-78	1.0356021681620566e-06	Scil_g8269;Slac_ENSLPGG00000004338	5.502192638442971e-62	3.94689794101048e-06				Scil_g9503;Slac_ENSLPGG00000014397	9.638396070064196e-67	6.514620800285567e-10	Scil_g13297;Slac_ENSLPGG00000018213	3.0365332750443945e-43	5.825022677968175e-40												
			Scil_g865;Slac_ENSLPGG00000013426	2.1079741372904187e-126	6.535231825217502e-10	Scil_g9800;Slac_ENSLPGG00000004714	9.48023987730771e-156	0.000312664285355511	Scil_g9815;Slac_ENSLPGG00000028025	4.391217475073731e-127	3.3920691028260114e-16	Scil_g9800;Slac_ENSLPGG00000004714	3.598773865081431e-54	4.7223883449744205e-15	Scil_g9800;Slac_ENSLPGG00000005542	3.598773865081431e-54	1.6120114620635982e-07										Scil_g8207;Slac_ENSLPGG00000014536	1.9525257488245713e-100	2.442134044403989e-35	Scil_g1132;Slac_ENSLPGG00000008926	6.260345730737661e-61	2.2575973253275367e-18							Scil_g13687;Slac_ENSLPGG00000019939	1.6325271436482526e-08	0.0012373971669953775																												Scil_g4454;Slac_ENSLPGG00000003977	5.644033984089473e-94	4.205255557246916e-06	Scil_g6432;Slac_ENSLPGG00000001593	1.2286171136788503e-119	9.75289532536796e-12	Scil_g6036;Slac_ENSLPGG00000011766	7.56075911085298e-139	6.424279466496312e-54							Scil_g645;Slac_ENSLPGG00000017340	1.5833033814670858e-38	1.2939881671370807e-15																												Scil_g1970;Slac_ENSLPGG00000027899	9.750932358838642e-37	6.273158257151112e-10	Scil_g1526;Slac_ENSLPGG00000023162	3.638024183155569e-14	1.257681104572302e-06	Scil_g9453;Slac_ENSLPGG00000011679	2.056781849066872e-32	2.683640499495103e-06							Scil_g4183;Slac_ENSLPGG00000022449	2.211448441731701e-47	4.729009323723236e-59	Scil_g9048;Slac_ENSLPGG00000005542	2.4413691500777468e-39	4.580241370306288e-31	Scil_g10145;Slac_ENSLPGG00000014205	9.141519554639596e-66	1.8371287932877145e-07	Scil_g552;Slac_ENSLPGG00000010574	3.552831621492361e-38	8.205917835561142e-20				Scil_g9417;Slac_ENSLPGG00000028683	6.406974381252898e-58	1.429361472231043e-57	Scil_g3916;Slac_ENSLPGG00000008240	1.9648735679011954e-41	3.6050752385326326e-33												
			Scil_g1581;Slac_ENSLPGG00000012011	5.239835152417541e-137	5.053861825484296e-05	Scil_g6498;Slac_ENSLPGG00000020053	9.886420699751124e-137	0.002425094680785206	Scil_g8269;Slac_ENSLPGG00000004338	1.678912788500725e-109	3.94689794101048e-06	Scil_g1492;Slac_ENSLPGG00000006855	2.1159011052951553e-110	1.0546014274244098e-10	Scil_g9800;Slac_ENSLPGG00000005083	3.598773865081431e-54	7.230080945253314e-06										Scil_g4183;Slac_ENSLPGG00000011075	4.1235711815286173e-48	3.6923052876094957e-19	Scil_g8269;Slac_ENSLPGG00000004338	4.961329145157312e-26	3.94689794101048e-06							Scil_g480;Slac_ENSLPGG00000010615	4.141020845777045e-10	2.1691117335051996e-07																												Scil_g6454;Slac_ENSLPGG00000022449	2.400091995302938e-19	4.729009323723236e-59	Scil_g8996;Slac_ENSLPGG00000027389	7.605859841006223e-40	6.160617844196293e-07	Scil_g6573;Slac_ENSLPGG00000005942	2.4290148812340734e-120	2.1599819749161668e-07							Scil_g1929;Slac_ENSLPGG00000017167	1.3796483600493414e-80	1.0105858529738278e-10																												Scil_g6498;Slac_ENSLPGG00000020053	3.81711673440077e-34	0.00013605932074935457	Scil_g9896;Slac_ENSLPGG00000002568	1.5515179907681383e-34	0.0011862812945904896	Scil_g928;Slac_ENSLPGG00000015697	1.9915814341170639e-28	3.7606681679114696e-37							Scil_g1492;Slac_ENSLPGG00000006855	4.952446940985111e-77	1.0546014274244098e-10	Scil_g8784;Slac_ENSLPGG00000014570	1.0499855983051466e-30	7.270913536306624e-10	Scil_g4134;Slac_ENSLPGG00000018450	9.944983941582443e-26	3.144328788215225e-16	Scil_g3916;Slac_ENSLPGG00000008240	8.042577274742336e-42	3.6050752385326326e-33				Scil_g13637;Slac_ENSLPGG00000003949	3.364952031450409e-46	0.00011925256504507517	Scil_g13687;Slac_ENSLPGG00000019939	1.5600481977929334e-74	2.3792066558181335e-05												
			Scil_g12463;Slac_ENSLPGG00000010851	1.5633003431681924e-86	1.3662746664668557e-142	Scil_g4183;Slac_ENSLPGG00000011075	4.096161506216909e-118	2.0379467980033377e-14	Scil_g13687;Slac_ENSLPGG00000021586	3.122225469839726e-129	3.684928387240296e-05	Scil_g12463;Slac_ENSLPGG00000010851	2.914446546199139e-73	1.3662746664668557e-142	Scil_g6498;Slac_ENSLPGG00000003492	5.303953106691169e-98	3.154964982596741e-07										Scil_g13687;Slac_ENSLPGG00000010551	1.2569949463208585e-43	7.060343438230766e-14	Scil_g283;Slac_ENSLPGG00000015935	9.566704328117179e-32	9.738386024499675e-17							Scil_g6478;Slac_ENSLPGG00000002802	1.8006036865530047e-07	2.2322300311249892e-44																												Scil_g2645;Slac_ENSLPGG00000029285	4.068872996564535e-132	5.067720469260824e-24	Scil_g8909;Slac_ENSLPGG00000003277	2.812740259543237e-86	0.0013033296779786719	Scil_g12599;Slac_ENSLPGG00000002394	8.522445184556589e-132	8.224819778313836e-10							Scil_g1970;Slac_ENSLPGG00000026851	1.1778824038207252e-87	3.435672027214082e-07																												Scil_g2125;Slac_ENSLPGG00000027899	2.8538049419446323e-33	6.273158257151112e-10	Scil_g1132;Slac_ENSLPGG00000008926	1.4096269756374601e-08	0.0009828239379638052	Scil_g9784;Slac_ENSLPGG00000017293	1.7185038765358024e-34	2.8015083935754752e-09							Scil_g2206;Slac_ENSLPGG00000008927	1.0001481920852157e-24	1.143125098030077e-76	Scil_g12781;Slac_ENSLPGG00000004729	1.0769954053511488e-75	9.237401175856769e-06	Scil_g10015;Slac_ENSLPGG00000022563	4.800034890065439e-50	0.0007049907128884073	Scil_g8569;Slac_ENSLPGG00000019939	7.399706961159974e-49	2.3792066558181335e-05				Scil_g865;Slac_ENSLPGG00000013426	1.454863381222511e-59	6.535231825217502e-10	Scil_g3256;Slac_ENSLPGG00000028868	1.022530426407309e-44	3.246417234390367e-07												
			Scil_g9503;Slac_ENSLPGG00000011571	2.220151461027726e-92	3.532626074807475e-19	Scil_g13687;Slac_ENSLPGG00000019939	3.122225469839726e-129	0.0012373971669953775	Scil_g283;Slac_ENSLPGG00000015935	9.650822380001413e-90	9.738386024499675e-17	Scil_g5971;Slac_ENSLPGG00000021720	3.6908416920837287e-85	2.7007558928165465e-79	Scil_g272;Slac_ENSLPGG00000011745	9.052140989864065e-59	8.908210932401408e-15										Scil_g9698;Slac_ENSLPGG00000003607	4.359692258006234e-41	8.433623375033906e-11	Scil_g5638;Slac_ENSLPGG00000012506	5.911669581360935e-48	6.394214333064026e-07							Scil_g5203;Slac_ENSLPGG00000027198	0.009483217478716638	3.1141306560694875e-09																												Scil_g12463;Slac_ENSLPGG00000010851	6.764444076832675e-47	1.3662746664668557e-142	Scil_g10997;Slac_ENSLPGG00000020828	2.4629172035862535e-13	2.208991744735936e-06	Scil_g2151;Slac_ENSLPGG00000006993	1.2919841095261332e-84	2.285977235400164e-07							Scil_g9453;Slac_ENSLPGG00000011679	4.6731217585328485e-73	2.683640499495103e-06																												Scil_g8547;Slac_ENSLPGG00000010087	3.7794394924241863e-41	5.482070075741699e-13	Scil_g12129;Slac_ENSLPGG00000010554	4.914509058078291e-36	1.6669164139741097e-06	Scil_g13297;Slac_ENSLPGG00000018213	3.579725883650626e-21	5.825022677968175e-40							Scil_g3476;Slac_ENSLPGG00000024781	2.0867053994461558e-20	1.160981800851679e-84	Scil_g6241;Slac_ENSLPGG00000002720	0.008190897301440677	0.00046105774558193496	Scil_g12815;Slac_ENSLPGG00000012644	3.3312260096529243e-39	1.6217792490895853e-16	Scil_g2206;Slac_ENSLPGG00000020387	1.0001481920852157e-24	1.858654992687279e-11				Scil_g2206;Slac_ENSLPGG00000020387	3.8427685016444203e-75	2.0186617573470594e-19	Scil_g2206;Slac_ENSLPGG00000020387	3.8427685016444203e-75	1.858654992687279e-11												
			Scil_g3476;Slac_ENSLPGG00000024781	6.368390744696838e-65	1.160981800851679e-84	Scil_g10725;Slac_ENSLPGG00000025548	2.3858934134097268e-98	1.1958460200687325e-09	Scil_g10725;Slac_ENSLPGG00000025548	2.3858934134097268e-98	4.825440774757591e-28	Scil_g9493;Slac_ENSLPGG00000014397	1.0966284320389135e-80	6.514620800285567e-10	Scil_g9493;Slac_ENSLPGG00000004179	1.0966284320389135e-80	0.00041922201390155815										Scil_g1132;Slac_ENSLPGG00000009493	3.592330180950803e-97	8.61901041892892e-05	Scil_g13297;Slac_ENSLPGG00000018213	2.7723608650183336e-26	5.825022677968175e-40							Scil_g4134;Slac_ENSLPGG00000018450	0.0018774477176334734	0.00023603111335164617																												Scil_g3312;Slac_ENSLPGG00000005591	3.114097876588004e-93	1.0919858717207004e-50	Scil_g968;Slac_ENSLPGG00000007421	1.3877690235401307e-50	5.627509981332239e-08	Scil_g6454;Slac_ENSLPGG00000011075	1.4322505555045902e-20	1.732893564165767e-21							Scil_g12865;Slac_ENSLPGG00000023608	1.2942850562654317e-94	7.93601484077302e-05																												Scil_g6454;Slac_ENSLPGG00000022449	2.80347484448913e-17	4.729009323723236e-59	Scil_g13539;Slac_ENSLPGG00000012055	8.172911743544704e-35	1.387948377241347e-06	Scil_g9453;Slac_ENSLPGG00000010787	2.056781849066872e-32	0.0022056602738712958							Scil_g8541;Slac_ENSLPGG00000003655	1.287194390336262e-18	9.40828911176657e-21	Scil_g9453;Slac_ENSLPGG00000008251	9.085190326555412e-21	8.013657335507385e-14	Scil_g9784;Slac_ENSLPGG00000017293	6.318417168023661e-11	3.89326454120499e-22	Scil_g8541;Slac_ENSLPGG00000011766	1.287194390336262e-18	2.0105369160193262e-08				Scil_g9168;Slac_ENSLPGG00000007363	2.6603166080681035e-50	3.2168293172039397e-74	Scil_g8363;Slac_ENSLPGG00000011935	5.0060638538233815e-14	4.303345849185861e-42												
			Scil_g5583;Slac_ENSLPGG00000023072	1.0627452716237264e-181	3.1673618724671446e-16	Scil_g548;Slac_ENSLPGG00000010832	2.113568264538276e-47	6.623043250353997e-14	Scil_g3476;Slac_ENSLPGG00000024781	6.368390744696838e-65	7.57234572250414e-45	Scil_g4454;Slac_ENSLPGG00000003977	3.706663423434533e-89	4.205255557246916e-06	Scil_g9493;Slac_ENSLPGG00000004519	1.0966284320389135e-80	0.0032723837075047833										Scil_g13687;Slac_ENSLPGG00000024411	1.2569949463208585e-43	1.2096505057732134e-06	Scil_g6498;Slac_ENSLPGG00000003492	1.882953006819727e-44	3.154964982596741e-07							Scil_g5853;Slac_ENSLPGG00000014536	1.078265767461276e-07	1.1734089487601698e-11																												Scil_g2679;Slac_ENSLPGG00000028207	2.250306787409682e-135	1.867859734453791e-12	Scil_g8269;Slac_ENSLPGG00000004338	3.458395420330147e-21	3.94689794101048e-06	Scil_g13155;Slac_ENSLPGG00000025541	1.6992802469183227e-52	1.5361509531527551e-33							Scil_g8909;Slac_ENSLPGG00000003277	3.408935516667968e-114	0.0013033296779786719																												Scil_g8784;Slac_ENSLPGG00000012945	8.142504589067801e-22	7.651688797584175e-26	Scil_g8784;Slac_ENSLPGG00000011679	8.142504589067801e-22	0.001099551317384427	Scil_g9453;Slac_ENSLPGG00000012945	2.056781849066872e-32	0.0023427679384132806							Scil_g10725;Slac_ENSLPGG00000025548	1.5543774660431347e-42	3.225584967471835e-10	Scil_g9453;Slac_ENSLPGG00000005398	9.085190326555412e-21	1.222652689898963e-06	Scil_g10145;Slac_ENSLPGG00000007386	9.141519554639596e-66	6.3572363525876795e-06	Scil_g3316;Slac_ENSLPGG00000004765	1.519302958619698e-66	3.9693301278142095e-12				Scil_g9800;Slac_ENSLPGG00000004714	1.5153703518870904e-27	4.7223883449744205e-15	Scil_g283;Slac_ENSLPGG00000015935	1.295203554751965e-48	9.738386024499675e-17												
			Scil_g2206;Slac_ENSLPGG00000008927	1.4268740080321066e-86	1.143125098030077e-76	Scil_g8784;Slac_ENSLPGG00000011679	9.908067367798732e-107	2.3187367149704943e-06	Scil_g3316;Slac_ENSLPGG00000004765	2.5146566203678497e-113	3.9693301278142095e-12	Scil_g272;Slac_ENSLPGG00000011745	9.052140989864065e-59	4.2253443304332e-44	Scil_g9815;Slac_ENSLPGG00000028025	2.5943830107589645e-91	3.3920691028260114e-16										Scil_g9815;Slac_ENSLPGG00000028025	1.2334701219321744e-40	3.3920691028260114e-16	Scil_g9800;Slac_ENSLPGG00000005542	8.580204748756964e-49	1.6120114620635982e-07							Scil_g13297;Slac_ENSLPGG00000018213	1.3296519700192192e-05	2.7014716093219345e-09																												Scil_g2679;Slac_ENSLPGG00000023020	2.250306787409682e-135	4.41597248476896e-13	Scil_g9503;Slac_ENSLPGG00000004519	3.1088437102030843e-43	0.0032723837075047833	Scil_g2206;Slac_ENSLPGG00000011938	1.717522215741258e-25	1.929366245869577e-05							Scil_g2125;Slac_ENSLPGG00000027899	1.030098665143005e-67	2.1475408258923468e-07																												Scil_g1970;Slac_ENSLPGG00000009812	9.750932358838642e-37	1.0932512191403664e-05	Scil_g9503;Slac_ENSLPGG00000014397	1.4338984677402368e-23	9.891994540582709e-08	Scil_g9896;Slac_ENSLPGG00000023496	1.5515179907681383e-34	0.003328653231476809							Scil_g10236;Slac_ENSLPGG00000018880	1.522526046659102e-75	1.3357303230437117e-11	Scil_g9048;Slac_ENSLPGG00000018604	2.4413691500777468e-39	5.878143508340714e-07	Scil_g1638;Slac_ENSLPGG00000009812	6.806062471931183e-22	4.775086399302592e-05	Scil_g283;Slac_ENSLPGG00000015935	7.693791571515437e-59	9.738386024499675e-17				Scil_g9493;Slac_ENSLPGG00000014397	2.96309757852025e-50	6.514620800285567e-10	Scil_g3256;Slac_ENSLPGG00000001288	1.022530426407309e-44	1.7179326704524777e-43												
			Scil_g8541;Slac_ENSLPGG00000011766	1.146115424193619e-47	6.424279466496312e-54	Scil_g5853;Slac_ENSLPGG00000014536	3.150883873850938e-164	1.1734089487601698e-11	Scil_g5583;Slac_ENSLPGG00000023072	1.0627452716237264e-181	2.998557883866538e-09	Scil_g10236;Slac_ENSLPGG00000018880	1.6578480991107056e-115	1.3357303230437117e-11	Scil_g5583;Slac_ENSLPGG00000023072	1.3161909326979802e-54	2.998557883866538e-09										Scil_g6498;Slac_ENSLPGG00000003492	5.560617980312229e-50	3.154964982596741e-07	Scil_g4454;Slac_ENSLPGG00000003977	4.5308016223468144e-38	0.0013660571215794737							Scil_g10401;Slac_ENSLPGG00000009693	5.6412378884695345e-08	1.1711737869069389e-15																												Scil_g2125;Slac_ENSLPGG00000026851	3.010623064881322e-63	2.1954594971659047e-39	Scil_g9784;Slac_ENSLPGG00000017293	3.17517132447666e-113	2.8015083935754752e-09	Scil_g10843;Slac_ENSLPGG00000010973	2.6990193104064622e-33	0.0034540098597519364							Scil_g6013;Slac_ENSLPGG00000000463	3.743091368113425e-133	3.6938955685557964e-05																												Scil_g10793;Slac_ENSLPGG00000007363	2.0719589253502654e-27	3.2168293172039397e-74	Scil_g283;Slac_ENSLPGG00000015935	8.049620221262874e-10	0.004340654767589437	Scil_g151;Slac_ENSLPGG00000013344	3.492488208984423e-30	2.5736575626952478e-36							Scil_g9800;Slac_ENSLPGG00000020639	5.841018448193116e-147	9.895814052081766e-05	Scil_g151;Slac_ENSLPGG00000013344	2.758978597892045e-15	0.0002749473501504076	Scil_g8784;Slac_ENSLPGG00000014570	1.0499855983051466e-30	1.5423671158748107e-08	Scil_g8996;Slac_ENSLPGG00000027389	4.133271344687636e-32	6.160617844196293e-07				Scil_g10318;Slac_ENSLPGG00000017559	1.589611768983524e-10	0.0002736502296537435	Scil_g8996;Slac_ENSLPGG00000027389	4.2121740498679915e-59	6.160617844196293e-07												
			Scil_g4183;Slac_ENSLPGG00000022449	4.096161506216909e-118	4.729009323723236e-59	Scil_g3347;Slac_ENSLPGG00000007508	5.427141116821287e-118	1.6127034457216267e-06	Scil_g6498;Slac_ENSLPGG00000020053	9.886420699751124e-137	1.350219890075338e-06	Scil_g8541;Slac_ENSLPGG00000011766	4.708310254106961e-33	6.424279466496312e-54	Scil_g283;Slac_ENSLPGG00000015935	1.1957759020888877e-67	9.738386024499675e-17										Scil_g4183;Slac_ENSLPGG00000022449	4.1235711815286173e-48	2.4750552854716887e-41	Scil_g9503;Slac_ENSLPGG00000004179	7.921014333766046e-31	0.00041922201390155815							Scil_g8784;Slac_ENSLPGG00000011679	4.457110325608104e-06	2.3187367149704943e-06																												Scil_g283;Slac_ENSLPGG00000015935	3.5017648494680412e-40	3.2401081129749997e-12	Scil_g9815;Slac_ENSLPGG00000028025	8.748635699441967e-19	3.3920691028260114e-16	Scil_g4134;Slac_ENSLPGG00000018450	5.114768111560498e-35	1.974438038682659e-45							Scil_g6498;Slac_ENSLPGG00000003492	1.328602721239005e-22	3.154964982596741e-07																												Scil_g9896;Slac_ENSLPGG00000002568	1.5515179907681383e-34	1.9453016396592235e-22	Scil_g6529;Slac_ENSLPGG00000000542	7.337232802425154e-31	7.113164270053461e-06	Scil_g4183;Slac_ENSLPGG00000011075	4.923672380520055e-08	3.6923052876094957e-19							Scil_g11267;Slac_ENSLPGG00000020792	5.74194457398664e-143	0.0002737767557969287	Scil_g5906;Slac_ENSLPGG00000017249	4.627345826650801e-39	5.236301527281433e-14	Scil_g9493;Slac_ENSLPGG00000004519	2.9515426081567275e-32	0.0014830252242113335	Scil_g2206;Slac_ENSLPGG00000014001	1.0001481920852157e-24	0.004094928469770093				Scil_g8363;Slac_ENSLPGG00000011935	5.0060638538233815e-14	1.3450411135448757e-39	Scil_g9800;Slac_ENSLPGG00000005542	1.5153703518870904e-27	1.6120114620635982e-07												
			Scil_g10236;Slac_ENSLPGG00000018880	1.4221876891009659e-195	1.3357303230437117e-11	Scil_g6478;Slac_ENSLPGG00000002802	9.55745693875112e-137	2.2322300311249892e-44	Scil_g5853;Slac_ENSLPGG00000014536	3.150883873850938e-164	2.442134044403989e-35	Scil_g10725;Slac_ENSLPGG00000025548	7.304875684594177e-85	3.225584967471835e-10	Scil_g1132;Slac_ENSLPGG00000008926	1.508062244012337e-63	2.2575973253275367e-18										Scil_g2206;Slac_ENSLPGG00000010787	2.4905717815906032e-33	0.0022056602738712958	Scil_g3316;Slac_ENSLPGG00000004765	3.932862546548349e-25	3.9693301278142095e-12							Scil_g865;Slac_ENSLPGG00000013426	2.0572529927731692e-07	0.005307371856244519																												Scil_g2679;Slac_ENSLPGG00000008029	2.250306787409682e-135	2.1429507329778337e-15	Scil_g1846;Slac_ENSLPGG00000015884	5.952638547018589e-149	9.260489127110691e-09	Scil_g10035;Slac_ENSLPGG00000016216	1.0941805473129457e-128	8.825241983550712e-08							Scil_g9230;Slac_ENSLPGG00000002916	4.1571607056312035e-101	5.382979758273921e-31																												Scil_g13745;Slac_ENSLPGG00000024377	2.4887480633750244e-36	1.3972524494513694e-23	Scil_g928;Slac_ENSLPGG00000015697	1.9915814341170639e-28	5.9488766456650836e-05	Scil_g12129;Slac_ENSLPGG00000010554	4.914509058078291e-36	5.126043017858373e-27							Scil_g13687;Slac_ENSLPGG00000019939	5.850749396400135e-66	7.746866494854593e-09	Scil_g2125;Slac_ENSLPGG00000027899	7.232207162105824e-15	2.5395351300756727e-21	Scil_g208;Slac_ENSLPGG00000015198	2.6548209437680143e-07	0.003178896113277786	Scil_g9493;Slac_ENSLPGG00000004179	2.9515426081567275e-32	0.00041922201390155815				Scil_g10236;Slac_ENSLPGG00000018880	9.845518117194766e-97	1.3357303230437117e-11	Scil_g9503;Slac_ENSLPGG00000004519	9.638396070064196e-67	0.0032723837075047833												
			Scil_g9493;Slac_ENSLPGG00000011571	1.1957752526203634e-109	3.532626074807475e-19	Scil_g8996;Slac_ENSLPGG00000027389	1.0299057004386634e-64	5.169950889733636e-08	Scil_g6498;Slac_ENSLPGG00000003492	9.886420699751124e-137	3.154964982596741e-07	Scil_g4183;Slac_ENSLPGG00000011075	3.0006040599031106e-87	1.732893564165767e-21	Scil_g313;Slac_ENSLPGG00000029231	5.155603322391385e-78	6.27298892959851e-08										Scil_g6498;Slac_ENSLPGG00000020053	5.560617980312229e-50	1.350219890075338e-06	Scil_g2206;Slac_ENSLPGG00000020387	4.2038282623182897e-32	1.858654992687279e-11							Scil_g283;Slac_ENSLPGG00000015935	0.003194838166964164	6.294345850060868e-08																												Scil_g10997;Slac_ENSLPGG00000020828	2.4629172035862535e-13	1.2861289811140886e-12	Scil_g645;Slac_ENSLPGG00000017340	1.812751393687764e-118	1.2939881671370807e-15	Scil_g1132;Slac_ENSLPGG00000009493	1.1958446544789634e-69	1.0648916230382638e-07							Scil_g9815;Slac_ENSLPGG00000028025	3.7227879223574454e-17	3.3920691028260114e-16																												Scil_g9331;Slac_ENSLPGG00000001861	1.3167502451553305e-36	2.8618698113264884e-06	Scil_g9297;Slac_ENSLPGG00000017442	1.56991437495321e-29	7.590650076747325e-05	Scil_g8784;Slac_ENSLPGG00000012945	8.142504589067801e-22	0.0023427679384132806							Scil_g548;Slac_ENSLPGG00000010832	3.0075427307294755e-23	9.45061926070444e-61	Scil_g9453;Slac_ENSLPGG00000011679	9.085190326555412e-21	2.200679508389915e-09	Scil_g428;Slac_ENSLPGG00000010973	2.3269850990252727e-30	0.008299749898447636	Scil_g9294;Slac_ENSLPGG00000008607	1.180247370448147e-97	0.006194834814392549				Scil_g10725;Slac_ENSLPGG00000025548	2.804852194960664e-39	3.225584967471835e-10	Scil_g4183;Slac_ENSLPGG00000011075	1.0805566578709724e-54	3.6923052876094957e-19												
			Scil_g6498;Slac_ENSLPGG00000003492	9.886420699751124e-137	2.593087026597021e-15	Scil_g1132;Slac_ENSLPGG00000009493	2.523420423261515e-206	0.000168271640203564	Scil_g5853;Slac_ENSLPGG00000011935	3.150883873850938e-164	4.303345849185861e-42	Scil_g10793;Slac_ENSLPGG00000007363	5.649559306126133e-65	3.2168293172039397e-74	Scil_g8996;Slac_ENSLPGG00000027389	8.285041700328388e-61	6.160617844196293e-07										Scil_g13155;Slac_ENSLPGG00000025541	3.4711758175437145e-37	0.0002879964005366056	Scil_g3256;Slac_ENSLPGG00000002916	6.5693186728515626e-21	5.382979758273921e-31							Scil_g8784;Slac_ENSLPGG00000014570	4.457110325608104e-06	3.2280796960503845e-07																												Scil_g9453;Slac_ENSLPGG00000011679	7.752476681575691e-104	2.3521188597386696e-10	Scil_g566;Slac_ENSLPGG00000012732	2.6416066097654928e-135	0.002490841745581272	Scil_g852;Slac_ENSLPGG00000005314	4.3107570660675167e-134	2.97995600931785e-29							Scil_g2206;Slac_ENSLPGG00000020387	1.717522215741258e-25	1.858654992687279e-11																												Scil_g313;Slac_ENSLPGG00000029231	3.532421267697919e-26	9.52710696758072e-07	Scil_g6573;Slac_ENSLPGG00000001774	5.51206322698873e-22	0.0029430703866504004	Scil_g552;Slac_ENSLPGG00000010574	1.949279752542285e-18	8.205917835561142e-20							Scil_g10843;Slac_ENSLPGG00000010973	1.8521824952002003e-49	0.0034540098597519364	Scil_g9973;Slac_ENSLPGG00000025079	1.4509653951052227e-33	0.001756690398617617	Scil_g151;Slac_ENSLPGG00000013344	2.758978597892045e-15	7.571669534193513e-09	Scil_g9503;Slac_ENSLPGG00000004519	6.336262308259084e-40	0.0032723837075047833				Scil_g9800;Slac_ENSLPGG00000008029	1.5153703518870904e-27	2.1429507329778337e-15	Scil_g176;Slac_ENSLPGG00000004179	8.415208052090102e-09	0.00041922201390155815												
			Scil_g13687;Slac_ENSLPGG00000021586	3.122225469839726e-129	1.7411706854794535e-05	Scil_g6711;Slac_ENSLPGG00000009025	2.9667378866034045e-58	0.00024004222425575957	Scil_g9493;Slac_ENSLPGG00000004519	1.1957752526203634e-109	0.0032723837075047833	Scil_g13524;Slac_ENSLPGG00000007525	0.0015563327988630216	1.2976177857252313e-07	Scil_g3316;Slac_ENSLPGG00000004765	7.411079116192518e-80	3.9693301278142095e-12										Scil_g10912;Slac_ENSLPGG00000021349	2.997278584874441e-38	0.007868136067536493	Scil_g9698;Slac_ENSLPGG00000003607	4.554547402355332e-36	8.433623375033906e-11							Scil_g6711;Slac_ENSLPGG00000014533	8.124990998450373e-10	0.009441736863038269																												Scil_g9230;Slac_ENSLPGG00000028868	9.85603211134795e-130	2.7375550175479056e-05	Scil_g2125;Slac_ENSLPGG00000027899	3.010623064881322e-63	2.1475408258923468e-07	Scil_g10401;Slac_ENSLPGG00000009693	5.595123383603605e-80	5.0227407080739e-47							Scil_g6036;Slac_ENSLPGG00000011766	7.56075911085298e-139	2.0105369160193262e-08																												Scil_g1929;Slac_ENSLPGG00000017167	4.203229345827449e-25	4.059213680124567e-14	Scil_g151;Slac_ENSLPGG00000013344	3.492488208984423e-30	0.00018589512791408085	Scil_g10997;Slac_ENSLPGG00000020828	1.127435442356876e-24	2.208991744735936e-06							Scil_g865;Slac_ENSLPGG00000013426	5.423056199089706e-60	6.535231825217502e-10	Scil_g9048;Slac_ENSLPGG00000028207	2.4413691500777468e-39	5.835591950286911e-07	Scil_g2168;Slac_ENSLPGG00000017442	2.456663280013788e-06	3.458315981662844e-12	Scil_g928;Slac_ENSLPGG00000015697	1.9882623228741798e-45	3.7606681679114696e-37				Scil_g13687;Slac_ENSLPGG00000021586	1.5600481977929334e-74	1.7411706854794535e-05	Scil_g5407;Slac_ENSLPGG00000016023	1.9175697282713495e-09	5.216202156014161e-15												
			Scil_g1132;Slac_ENSLPGG00000008926	2.523420423261515e-206	9.366424220594736e-20	Scil_g283;Slac_ENSLPGG00000015935	9.650822380001413e-90	6.294345850060868e-08	Scil_g8541;Slac_ENSLPGG00000011766	1.146115424193619e-47	2.0105369160193262e-08	Scil_g4183;Slac_ENSLPGG00000022449	3.0006040599031106e-87	4.729009323723236e-59	Scil_g2206;Slac_ENSLPGG00000020387	7.187792383971008e-119	1.858654992687279e-11										Scil_g283;Slac_ENSLPGG00000015935	4.741608952486985e-34	9.738386024499675e-17	Scil_g9815;Slac_ENSLPGG00000028025	9.582764820333371e-35	3.3920691028260114e-16							Scil_g6498;Slac_ENSLPGG00000003492	0.0006459374733358963	6.79165278736314e-05																												Scil_g9194;Slac_ENSLPGG00000011935	1.709538587159516e-19	1.3450411135448757e-39	Scil_g2168;Slac_ENSLPGG00000017442	2.8500343812602166e-67	3.932741514472264e-15	Scil_g9453;Slac_ENSLPGG00000014570	4.6731217585328485e-73	5.642196009546153e-20							Scil_g9784;Slac_ENSLPGG00000017293	8.506651103238429e-82	2.8015083935754752e-09																												Scil_g9493;Slac_ENSLPGG00000004000	3.038430848269835e-32	0.003278021509044548	Scil_g9453;Slac_ENSLPGG00000008251	2.056781849066872e-32	0.0015728660306544304	Scil_g9503;Slac_ENSLPGG00000004519	1.4338984677402368e-23	0.0032723837075047833							Scil_g10912;Slac_ENSLPGG00000021349	1.0558597740908803e-43	0.00022049414074647497	Scil_g9453;Slac_ENSLPGG00000010787	9.085190326555412e-21	1.762630133272547e-07	Scil_g2790;Slac_ENSLPGG00000019707	8.903801089339332e-48	1.6117905711869905e-05	Scil_g4183;Slac_ENSLPGG00000022449	2.211448441731701e-47	2.4750552854716887e-41				Scil_g3256;Slac_ENSLPGG00000001288	1.022530426407309e-44	5.885151292742098e-62	Scil_g9800;Slac_ENSLPGG00000005083	1.5153703518870904e-27	7.230080945253314e-06												
			Scil_g4454;Slac_ENSLPGG00000003977	3.8894617618898823e-78	4.205255557246916e-06	Scil_g928;Slac_ENSLPGG00000015697	3.670490504814812e-95	7.493196829361637e-10	Scil_g4454;Slac_ENSLPGG00000003977	3.8894617618898823e-78	0.0013660571215794737	Scil_g13155;Slac_ENSLPGG00000025541	7.167734513676803e-64	1.5361509531527551e-33	Scil_g8541;Slac_ENSLPGG00000011766	4.708310254106961e-33	2.0105369160193262e-08										Scil_g10401;Slac_ENSLPGG00000009693	3.7500003943297306e-14	1.8270096672043233e-85	Scil_g9800;Slac_ENSLPGG00000005083	8.580204748756964e-49	7.230080945253314e-06							Scil_g1638;Slac_ENSLPGG00000027899	5.766032092900048e-08	9.219565571441372e-06																												Scil_g928;Slac_ENSLPGG00000015697	6.047707746450295e-14	1.2285712840311137e-16	Scil_g9896;Slac_ENSLPGG00000002568	7.944710995739469e-79	1.862128625856078e-12	Scil_g1526;Slac_ENSLPGG00000026673	4.6680693423310086e-67	1.7513831195774005e-06							Scil_g3312;Slac_ENSLPGG00000018877	5.368501549027695e-83	2.1201919848233518e-05																												Scil_g9503;Slac_ENSLPGG00000004000	1.4338984677402368e-23	0.003278021509044548	Scil_g852;Slac_ENSLPGG00000005314	3.0057710797444866e-32	0.0009030179611026495	Scil_g1132;Slac_ENSLPGG00000008926	1.4096269756374601e-08	2.2575973253275367e-18							Scil_g1526;Slac_ENSLPGG00000026673	7.098848553784464e-99	1.7513831195774005e-06	Scil_g6478;Slac_ENSLPGG00000020621	1.1894457884695337e-90	0.0020994408562844914	Scil_g9048;Slac_ENSLPGG00000028207	2.4413691500777468e-39	1.6261757201848536e-08	Scil_g6478;Slac_ENSLPGG00000003671	1.1894457884695337e-90	2.0029821817149136e-07				Scil_g9800;Slac_ENSLPGG00000020639	1.5153703518870904e-27	9.895814052081766e-05	Scil_g3385;Slac_ENSLPGG00000000505	1.885241745545524e-11	0.0008184736757873754												
			Scil_g5853;Slac_ENSLPGG00000011935	3.150883873850938e-164	1.3450411135448757e-39	Scil_g6760;Slac_ENSLPGG00000011766	3.7394238592174746e-91	1.1486904717713135e-29	Scil_g9503;Slac_ENSLPGG00000004179	2.220151461027726e-92	0.00041922201390155815	Scil_g9503;Slac_ENSLPGG00000014397	2.625874160586213e-79	6.514620800285567e-10	Scil_g9698;Slac_ENSLPGG00000003607	1.0729868392140009e-44	8.433623375033906e-11										Scil_g10725;Slac_ENSLPGG00000025548	1.2289456452652255e-52	4.825440774757591e-28	Scil_g2206;Slac_ENSLPGG00000010787	4.2038282623182897e-32	0.0022056602738712958							Scil_g1638;Slac_ENSLPGG00000026851	5.766032092900048e-08	7.52366831313503e-12																												Scil_g1132;Slac_ENSLPGG00000008926	3.658931873908389e-75	9.366424220594736e-20	Scil_g9453;Slac_ENSLPGG00000013258	7.752476681575691e-104	0.007983614854092479	Scil_g12865;Slac_ENSLPGG00000023608	1.2942850562654317e-94	0.0003477216202388123							Scil_g852;Slac_ENSLPGG00000005314	4.3107570660675167e-134	1.8309422054652549e-09																												Scil_g10793;Slac_ENSLPGG00000005401	2.0719589253502654e-27	4.161226659295904e-109	Scil_g4183;Slac_ENSLPGG00000022449	4.923672380520055e-08	5.105376860363737e-10	Scil_g1581;Slac_ENSLPGG00000012011	2.815810958142029e-08	0.0019448265295240832							Scil_g12463;Slac_ENSLPGG00000010851	1.7048471877491714e-38	1.3662746664668557e-142	Scil_g9048;Slac_ENSLPGG00000008029	2.4413691500777468e-39	7.253113055451048e-09	Scil_g9453;Slac_ENSLPGG00000008251	9.085190326555412e-21	6.951631222400424e-11	Scil_g9493;Slac_ENSLPGG00000004519	2.9515426081567275e-32	0.0032723837075047833				Scil_g9493;Slac_ENSLPGG00000004000	2.96309757852025e-50	0.003278021509044548	Scil_g552;Slac_ENSLPGG00000010574	7.019063680379234e-34	8.205917835561142e-20												
			Scil_g9493;Slac_ENSLPGG00000014397	1.1957752526203634e-109	6.514620800285567e-10	Scil_g6711;Slac_ENSLPGG00000014533	2.9667378866034045e-58	0.009441736863038269	Scil_g9503;Slac_ENSLPGG00000004519	2.220151461027726e-92	0.0032723837075047833	Scil_g1526;Slac_ENSLPGG00000026673	5.173687108079556e-77	1.7513831195774005e-06	Scil_g9503;Slac_ENSLPGG00000004179	2.625874160586213e-79	0.00041922201390155815										Scil_g9503;Slac_ENSLPGG00000004179	7.604298156689081e-20	0.00041922201390155815	Scil_g12359;Slac_ENSLPGG00000012055	3.635206275936883e-25	0.004024645954396675							Scil_g2206;Slac_ENSLPGG00000014001	3.5103848586580926e-05	0.0008056279694483696																												Scil_g4134;Slac_ENSLPGG00000018450	2.568658219510307e-58	1.974438038682659e-45	Scil_g928;Slac_ENSLPGG00000016178	6.047707746450295e-14	6.211649555153535e-16	Scil_g13687;Slac_ENSLPGG00000021586	1.3130253835517724e-101	1.7411706854794535e-05							Scil_g2206;Slac_ENSLPGG00000008251	1.717522215741258e-25	0.0007856183374335829																												Scil_g9453;Slac_ENSLPGG00000014570	2.056781849066872e-32	5.642196009546153e-20	Scil_g9800;Slac_ENSLPGG00000008029	5.4679377323500855e-12	0.0027229842857553564	Scil_g9297;Slac_ENSLPGG00000017442	1.56991437495321e-29	3.932741514472264e-15							Scil_g13155;Slac_ENSLPGG00000025541	1.002992994323754e-53	1.5361509531527551e-33	Scil_g792;Slac_ENSLPGG00000001761	1.4915041772042246e-86	3.3685300848896664e-12	Scil_g12088;Slac_ENSLPGG00000008894	3.263016765965988e-79	0.005380559114401514	Scil_g5583;Slac_ENSLPGG00000023072	3.059685191254236e-153	2.998557883866538e-09				Scil_g6454;Slac_ENSLPGG00000011075	1.6118352340212025e-58	1.732893564165767e-21	Scil_g2168;Slac_ENSLPGG00000017442	2.7470098497082133e-34	3.932741514472264e-15												
			Scil_g9503;Slac_ENSLPGG00000014397	2.220151461027726e-92	6.514620800285567e-10	Scil_g2206;Slac_ENSLPGG00000013974	1.4268740080321066e-86	0.0004901760059143347	Scil_g5203;Slac_ENSLPGG00000027198	4.8293228259730146e-57	1.5449918119745799e-12	Scil_g10793;Slac_ENSLPGG00000005401	5.649559306126133e-65	4.161226659295904e-109	Scil_g5853;Slac_ENSLPGG00000014536	9.747829557542407e-65	2.442134044403989e-35										Scil_g8996;Slac_ENSLPGG00000027389	2.28203675015853e-25	6.160617844196293e-07	Scil_g8996;Slac_ENSLPGG00000027389	8.31176879360281e-29	6.160617844196293e-07							Scil_g12815;Slac_ENSLPGG00000012644	0.0014160475793908098	3.0857826957065565e-06																												Scil_g1846;Slac_ENSLPGG00000015884	5.952638547018589e-149	1.3931861443855277e-07	Scil_g313;Slac_ENSLPGG00000029231	5.05729659497233e-27	6.27298892959851e-08	Scil_g2125;Slac_ENSLPGG00000026851	1.030098665143005e-67	2.1954594971659047e-39							Scil_g2125;Slac_ENSLPGG00000026851	1.030098665143005e-67	3.435672027214082e-07																												Scil_g4183;Slac_ENSLPGG00000011075	4.923672380520055e-08	1.732893564165767e-21	Scil_g2045;Slac_ENSLPGG00000020888	8.048914066496034e-14	0.005134804125825898	Scil_g10401;Slac_ENSLPGG00000009693	4.470849820121763e-27	1.8270096672043233e-85							Scil_g13637;Slac_ENSLPGG00000003949	4.3334116194184956e-30	0.00011925256504507517	Scil_g6711;Slac_ENSLPGG00000018673	9.246671477449805e-28	0.00578712585176478	Scil_g8784;Slac_ENSLPGG00000013258	1.0499855983051466e-30	0.00024071350450847917	Scil_g4454;Slac_ENSLPGG00000003977	3.284144031726754e-68	0.0013660571215794737				Scil_g8363;Slac_ENSLPGG00000014536	5.0060638538233815e-14	2.3412831869630676e-27	Scil_g313;Slac_ENSLPGG00000029231	6.882656499714913e-38	6.27298892959851e-08												
			Scil_g4183;Slac_ENSLPGG00000011075	4.096161506216909e-118	1.732893564165767e-21	Scil_g2206;Slac_ENSLPGG00000010787	1.4268740080321066e-86	0.0017290655744509047	Scil_g1132;Slac_ENSLPGG00000009493	2.523420423261515e-206	8.61901041892892e-05	Scil_g2206;Slac_ENSLPGG00000020387	7.187792383971008e-119	2.0186617573470594e-19	Scil_g928;Slac_ENSLPGG00000015697	8.215490874984415e-83	3.7606681679114696e-37										Scil_g313;Slac_ENSLPGG00000029231	5.355708071424482e-26	6.27298892959851e-08	Scil_g9000;Slac_ENSLPGG00000027245	2.1176955894805682e-35	0.00887012416938921							Scil_g8784;Slac_ENSLPGG00000012945	4.457110325608104e-06	5.7773941196747505e-08																												Scil_g1526;Slac_ENSLPGG00000026673	3.7168746054691496e-64	1.7513831195774005e-06	Scil_g9453;Slac_ENSLPGG00000008251	7.752476681575691e-104	0.0007856183374335829	Scil_g1970;Slac_ENSLPGG00000027899	1.1778824038207252e-87	6.273158257151112e-10							Scil_g566;Slac_ENSLPGG00000012732	9.120286367526178e-104	0.002490841745581272																												Scil_g10401;Slac_ENSLPGG00000009693	4.470849820121763e-27	5.0227407080739e-47	Scil_g10997;Slac_ENSLPGG00000020828	1.127435442356876e-24	0.00017548775413917387	Scil_g9800;Slac_ENSLPGG00000005083	5.4679377323500855e-12	7.230080945253314e-06							Scil_g8996;Slac_ENSLPGG00000027389	4.133271344687636e-32	1.4180978265069578e-20	Scil_g512;Slac_ENSLPGG00000012055	6.214137589794434e-75	9.281690852235417e-14	Scil_g6241;Slac_ENSLPGG00000002720	0.008190897301440677	0.007255329744738758	Scil_g1133;Slac_ENSLPGG00000008926	1.608801229372555e-88	2.2575973253275367e-18				Scil_g2206;Slac_ENSLPGG00000010787	3.8427685016444203e-75	6.66853407732245e-12	Scil_g1638;Slac_ENSLPGG00000027899	2.7457626834945253e-42	2.1475408258923468e-07												
			Scil_g548;Slac_ENSLPGG00000010832	2.113568264538276e-47	9.45061926070444e-61	Scil_g10015;Slac_ENSLPGG00000022563	9.879328767416386e-60	0.004553237377843292	Scil_g9000;Slac_ENSLPGG00000027245	3.028955565299767e-110	0.00887012416938921	Scil_g2206;Slac_ENSLPGG00000014001	7.187792383971008e-119	2.2252025859821583e-13	Scil_g8269;Slac_ENSLPGG00000004338	8.216006338102964e-102	3.94689794101048e-06										Scil_g928;Slac_ENSLPGG00000015697	1.0905951156399398e-41	3.7606681679114696e-37	Scil_g5583;Slac_ENSLPGG00000023072	1.3924330757024412e-59	2.998557883866538e-09							Scil_g2206;Slac_ENSLPGG00000010787	3.5103848586580926e-05	0.0017290655744509047																												Scil_g9194;Slac_ENSLPGG00000014536	1.709538587159516e-19	2.3412831869630676e-27	Scil_g9453;Slac_ENSLPGG00000012945	7.752476681575691e-104	0.0023427679384132806	Scil_g2645;Slac_ENSLPGG00000029285	1.8160204526603641e-124	5.067720469260824e-24							Scil_g9453;Slac_ENSLPGG00000008251	4.6731217585328485e-73	0.0007856183374335829																												Scil_g1132;Slac_ENSLPGG00000008926	1.4096269756374601e-08	9.366424220594736e-20	Scil_g4134;Slac_ENSLPGG00000018450	8.5755206271421e-18	3.2092348354750844e-09	Scil_g6711;Slac_ENSLPGG00000009025	1.8604014907515917e-26	0.00610741058171942							Scil_g1132;Slac_ENSLPGG00000008926	5.3003396614962664e-83	9.366424220594736e-20	Scil_g9453;Slac_ENSLPGG00000014570	9.085190326555412e-21	7.270913536306624e-10	Scil_g1970;Slac_ENSLPGG00000009812	1.0284454998381085e-42	4.775086399302592e-05	Scil_g8207;Slac_ENSLPGG00000014536	1.4804891081956675e-73	2.442134044403989e-35				Scil_g4134;Slac_ENSLPGG00000018450	4.0409525599845864e-47	1.974438038682659e-45	Scil_g6498;Slac_ENSLPGG00000003492	1.0832910387587856e-48	3.154964982596741e-07												
			Scil_g1132;Slac_ENSLPGG00000009493	2.523420423261515e-206	1.0648916230382638e-07	Scil_g4134;Slac_ENSLPGG00000018450	2.754297829758692e-80	0.00023603111335164617	Scil_g928;Slac_ENSLPGG00000015697	3.670490504814812e-95	3.7606681679114696e-37	Scil_g13687;Slac_ENSLPGG00000024411	2.1753177914457852e-108	0.00026913458432165766	Scil_g552;Slac_ENSLPGG00000010574	2.197425537499738e-34	8.205917835561142e-20										Scil_g8784;Slac_ENSLPGG00000011679	5.128221086425697e-48	2.683640499495103e-06	Scil_g4183;Slac_ENSLPGG00000011075	1.9328168299250404e-41	3.6923052876094957e-19							Scil_g928;Slac_ENSLPGG00000015697	4.418811494023422e-06	7.493196829361637e-10																												Scil_g13155;Slac_ENSLPGG00000025541	1.101509494363721e-35	1.5361509531527551e-33	Scil_g13687;Slac_ENSLPGG00000021586	2.92698171042716e-65	3.684928387240296e-05	Scil_g2125;Slac_ENSLPGG00000009812	1.030098665143005e-67	1.0932512191403664e-05							Scil_g13155;Slac_ENSLPGG00000025541	1.6992802469183227e-52	0.0002879964005366056																												Scil_g9800;Slac_ENSLPGG00000005083	5.4679377323500855e-12	1.124330201580065e-23	Scil_g8996;Slac_ENSLPGG00000027389	2.4939537480025203e-14	0.0005101750803156195	Scil_g283;Slac_ENSLPGG00000015935	8.049620221262874e-10	9.738386024499675e-17							Scil_g8541;Slac_ENSLPGG00000011766	1.287194390336262e-18	6.424279466496312e-54	Scil_g1400;Slac_ENSLPGG00000015562	1.7272643670302387e-74	0.00046284244365523797	Scil_g512;Slac_ENSLPGG00000012055	6.214137589794434e-75	1.3477149522931497e-08	Scil_g10401;Slac_ENSLPGG00000009693	3.5579687962478285e-12	1.8270096672043233e-85				Scil_g1526;Slac_ENSLPGG00000023162	4.0834552924289713e-10	4.862702982723841e-30	Scil_g9815;Slac_ENSLPGG00000028025	8.969639446586069e-35	3.3920691028260114e-16												
			Scil_g13637;Slac_ENSLPGG00000003949	8.403663292253851e-86	0.00011925256504507517	Scil_g5203;Slac_ENSLPGG00000027198	4.8293228259730146e-57	3.1141306560694875e-09	Scil_g8996;Slac_ENSLPGG00000027389	1.0299057004386634e-64	6.160617844196293e-07	Scil_g8346;Slac_ENSLPGG00000011935	4.380396117135662e-69	1.3450411135448757e-39	Scil_g5853;Slac_ENSLPGG00000011935	9.747829557542407e-65	4.303345849185861e-42										Scil_g9503;Slac_ENSLPGG00000004519	7.604298156689081e-20	0.0032723837075047833	Scil_g928;Slac_ENSLPGG00000015697	2.3902854205524584e-21	3.7606681679114696e-37							Scil_g6498;Slac_ENSLPGG00000020053	0.0006459374733358963	0.002425094680785206																												Scil_g8784;Slac_ENSLPGG00000012945	2.0833287114681465e-05	7.651688797584175e-26	Scil_g5906;Slac_ENSLPGG00000017249	3.4546847877025594e-97	2.768839688949311e-06	Scil_g2206;Slac_ENSLPGG00000008251	1.717522215741258e-25	4.670788978404608e-15							Scil_g5906;Slac_ENSLPGG00000017249	6.536372333828591e-115	2.768839688949311e-06																												Scil_g9503;Slac_ENSLPGG00000011571	1.4338984677402368e-23	3.532626074807475e-19	Scil_g3738;Slac_ENSLPGG00000013280	1.02800239953041e-10	1.2389364755263325e-07	Scil_g4183;Slac_ENSLPGG00000022449	4.923672380520055e-08	2.4750552854716887e-41							Scil_g4183;Slac_ENSLPGG00000011075	2.211448441731701e-47	1.732893564165767e-21	Scil_g792;Slac_ENSLPGG00000030274	1.4915041772042246e-86	1.7252733415306524e-08	Scil_g9453;Slac_ENSLPGG00000005398	9.085190326555412e-21	2.528496503711901e-08	Scil_g2206;Slac_ENSLPGG00000008251	1.0001481920852157e-24	0.0007856183374335829				Scil_g8269;Slac_ENSLPGG00000004338	1.6249425448358977e-69	0.001914399365841848	Scil_g9698;Slac_ENSLPGG00000003607	7.404885461100622e-26	8.433623375033906e-11												
			Scil_g1526;Slac_ENSLPGG00000026673	1.4880051560529757e-149	1.7513831195774005e-06	Scil_g10793;Slac_ENSLPGG00000005401	1.9768741730767228e-106	1.723887322106786e-10	Scil_g8206;Slac_ENSLPGG00000014536	6.733408596302241e-140	2.442134044403989e-35	Scil_g2206;Slac_ENSLPGG00000010787	7.187792383971008e-119	6.66853407732245e-12	Scil_g8207;Slac_ENSLPGG00000014536	1.9403014461768608e-77	2.442134044403989e-35										Scil_g968;Slac_ENSLPGG00000007421	4.549930696781543e-38	5.627509981332239e-08	Scil_g6760;Slac_ENSLPGG00000011766	1.3106662372267285e-26	2.0105369160193262e-08							Scil_g9453;Slac_ENSLPGG00000014570	0.00016236880741429826	3.2280796960503845e-07																												Scil_g10401;Slac_ENSLPGG00000009693	5.204919245077118e-81	5.0227407080739e-47	Scil_g6711;Slac_ENSLPGG00000009025	2.1751347749618733e-10	0.00610741058171942	Scil_g13539;Slac_ENSLPGG00000012055	5.062504603720681e-123	2.5837843891576112e-25							Scil_g8948;Slac_ENSLPGG00000015099	7.456107016268565e-55	1.4036443592741276e-07																												Scil_g12129;Slac_ENSLPGG00000010554	4.914509058078291e-36	1.2627343975808865e-33	Scil_g9800;Slac_ENSLPGG00000004714	5.4679377323500855e-12	0.00444614193607038	Scil_g8784;Slac_ENSLPGG00000011679	8.142504589067801e-22	2.683640499495103e-06							Scil_g2206;Slac_ENSLPGG00000008251	1.0001481920852157e-24	4.670788978404608e-15	Scil_g5592;Slac_ENSLPGG00000027633	5.541405827238133e-09	6.4982647629064575e-28	Scil_g13297;Slac_ENSLPGG00000018213	1.3991341348293713e-33	3.2741846487945175e-06	Scil_g2206;Slac_ENSLPGG00000010787	1.0001481920852157e-24	0.0022056602738712958				Scil_g1638;Slac_ENSLPGG00000026851	2.7457626834945253e-42	2.1954594971659047e-39	Scil_g11800;Slac_ENSLPGG00000021800	5.497527920711258e-39	0.00655068339121218												
			Scil_g13687;Slac_ENSLPGG00000024411	3.122225469839726e-129	0.00026913458432165766	Scil_g2206;Slac_ENSLPGG00000014001	1.4268740080321066e-86	0.0008056279694483696	Scil_g3347;Slac_ENSLPGG00000007508	5.427141116821287e-118	1.1136063017525332e-05	Scil_g1132;Slac_ENSLPGG00000008926	1.508062244012337e-63	9.366424220594736e-20	Scil_g8784;Slac_ENSLPGG00000013258	4.461475634554319e-97	0.007983614854092479										Scil_g9493;Slac_ENSLPGG00000004519	1.2301559046943514e-47	0.0032723837075047833	Scil_g5853;Slac_ENSLPGG00000011935	1.5835711730393113e-44	4.303345849185861e-42							Scil_g10276;Slac_ENSLPGG00000005266	1.0335657433758347e-07	0.000697969784530869																												Scil_g9896;Slac_ENSLPGG00000002568	7.944710995739469e-79	1.9453016396592235e-22	Scil_g13745;Slac_ENSLPGG00000024377	9.984088792248443e-78	9.346843956973962e-07	Scil_g2206;Slac_ENSLPGG00000013974	1.717522215741258e-25	9.011092163486792e-15							Scil_g1970;Slac_ENSLPGG00000027899	1.1778824038207252e-87	2.1475408258923468e-07																												Scil_g5496;Slac_ENSLPGG00000014820	2.060794221855142e-42	2.620578377314697e-16	Scil_g13687;Slac_ENSLPGG00000019939	2.7220194856556577e-05	0.00033575227238594234	Scil_g9836;Slac_ENSLPGG00000007303	1.887646547764e-23	0.0009572338780791472							Scil_g10793;Slac_ENSLPGG00000005401	4.1953662477593635e-36	4.161226659295904e-109	Scil_g13745;Slac_ENSLPGG00000024377	9.538753720775364e-06	2.6360278579130662e-08	Scil_g9048;Slac_ENSLPGG00000005542	2.4413691500777468e-39	2.923728631029336e-07	Scil_g1132;Slac_ENSLPGG00000009493	5.3003396614962664e-83	8.61901041892892e-05				Scil_g5583;Slac_ENSLPGG00000023072	4.971580209673624e-29	3.1673618724671446e-16	Scil_g6498;Slac_ENSLPGG00000020053	1.0832910387587856e-48	1.350219890075338e-06												
			Scil_g8269;Slac_ENSLPGG00000004338	1.678912788500725e-109	0.001914399365841848	Scil_g5853;Slac_ENSLPGG00000011935	3.150883873850938e-164	3.4797924186503026e-11	Scil_g2206;Slac_ENSLPGG00000020387	1.4268740080321066e-86	1.858654992687279e-11	Scil_g10843;Slac_ENSLPGG00000010973	3.637087306041292e-123	0.0034540098597519364	Scil_g13297;Slac_ENSLPGG00000018213	1.0013452524793496e-50	5.825022677968175e-40										Scil_g6478;Slac_ENSLPGG00000003671	3.5660726191727276e-50	2.0029821817149136e-07	Scil_g2206;Slac_ENSLPGG00000008251	4.2038282623182897e-32	0.0007856183374335829							Scil_g5853;Slac_ENSLPGG00000011935	1.078265767461276e-07	3.4797924186503026e-11																												Scil_g968;Slac_ENSLPGG00000007421	1.3877690235401307e-50	1.1962675262850768e-08	Scil_g12815;Slac_ENSLPGG00000012644	1.436954381091711e-94	0.009745553271228292	Scil_g2206;Slac_ENSLPGG00000020387	1.717522215741258e-25	2.0186617573470594e-19							Scil_g2206;Slac_ENSLPGG00000010787	1.717522215741258e-25	0.0022056602738712958																												Scil_g1581;Slac_ENSLPGG00000012011	2.815810958142029e-08	5.053861825484296e-05	Scil_g8784;Slac_ENSLPGG00000013036	8.142504589067801e-22	0.0008620821172902365	Scil_g852;Slac_ENSLPGG00000005314	3.0057710797444866e-32	1.8309422054652549e-09							Scil_g9698;Slac_ENSLPGG00000003607	2.104561369049522e-68	8.63324075701957e-05	Scil_g2645;Slac_ENSLPGG00000029285	0.00033795497270141676	0.009106085496210782	Scil_g9453;Slac_ENSLPGG00000011679	9.085190326555412e-21	9.982580842469747e-09	Scil_g928;Slac_ENSLPGG00000016178	1.9882623228741798e-45	6.211649555153535e-16				Scil_g1940;Slac_ENSLPGG00000000546	2.152800843350219e-36	2.791744354253102e-40	Scil_g10401;Slac_ENSLPGG00000009693	2.718312967351277e-34	1.8270096672043233e-85												
			Scil_g4134;Slac_ENSLPGG00000018450	2.754297829758692e-80	1.974438038682659e-45	Scil_g2206;Slac_ENSLPGG00000011938	1.4268740080321066e-86	0.00864781886507922	Scil_g9698;Slac_ENSLPGG00000003607	4.176555091390801e-95	8.433623375033906e-11	Scil_g8996;Slac_ENSLPGG00000027389	8.285041700328388e-61	1.4180978265069578e-20	Scil_g2206;Slac_ENSLPGG00000010787	7.187792383971008e-119	0.0022056602738712958										Scil_g13687;Slac_ENSLPGG00000021586	1.2569949463208585e-43	3.684928387240296e-05	Scil_g313;Slac_ENSLPGG00000029231	2.55877081203369e-25	6.27298892959851e-08							Scil_g9048;Slac_ENSLPGG00000005083	0.00022788214109136683	4.431444955771938e-16																												Scil_g2536;Slac_ENSLPGG00000030214	4.5809904470145814e-151	1.1904823129216072e-05	Scil_g1929;Slac_ENSLPGG00000017167	5.073557688136568e-49	1.0105858529738278e-10	Scil_g2206;Slac_ENSLPGG00000010787	1.717522215741258e-25	6.66853407732245e-12							Scil_g9000;Slac_ENSLPGG00000027245	1.8231255252859538e-06	0.00887012416938921																												Scil_g10741;Slac_ENSLPGG00000010615	6.89977248793836e-44	5.980524550575253e-11	Scil_g2645;Slac_ENSLPGG00000029285	1.9720753540869246e-19	4.048674627662557e-05	Scil_g13745;Slac_ENSLPGG00000012306	2.4887480633750244e-36	1.197393881049367e-06							Scil_g2206;Slac_ENSLPGG00000013974	1.0001481920852157e-24	9.011092163486792e-15	Scil_g792;Slac_ENSLPGG00000022488	1.4915041772042246e-86	3.509777242944072e-05	Scil_g5592;Slac_ENSLPGG00000024879	5.541405827238133e-09	1.0990596031140872e-41	Scil_g10145;Slac_ENSLPGG00000012981	9.141519554639596e-66	3.7347188304903795e-05				Scil_g548;Slac_ENSLPGG00000010832	2.647718755490275e-40	9.45061926070444e-61	Scil_g548;Slac_ENSLPGG00000010832	2.647718755490275e-40	1.5668742821915783e-07												
			Scil_g13155;Slac_ENSLPGG00000025541	5.726781495820915e-103	1.5361509531527551e-33	Scil_g3738;Slac_ENSLPGG00000013280	1.9149129549620013e-131	1.2680038012969087e-08	Scil_g2206;Slac_ENSLPGG00000008251	1.4268740080321066e-86	0.0007856183374335829	Scil_g9800;Slac_ENSLPGG00000008029	3.598773865081431e-54	2.1429507329778337e-15	Scil_g3398;Slac_ENSLPGG00000029433	1.0325409566138982e-74	5.909714768375026e-06										Scil_g2206;Slac_ENSLPGG00000020387	2.4905717815906032e-33	1.858654992687279e-11	Scil_g3398;Slac_ENSLPGG00000029433	1.3694786941205975e-30	5.909714768375026e-06							Scil_g6760;Slac_ENSLPGG00000003655	1.2330162898770352e-08	7.81461903690976e-08																												Scil_g12865;Slac_ENSLPGG00000023608	5.893141931214216e-118	0.0003477216202388123	Scil_g2125;Slac_ENSLPGG00000026851	3.010623064881322e-63	3.435672027214082e-07	Scil_g3347;Slac_ENSLPGG00000007508	1.1870739102679978e-31	2.4875269046456503e-28							Scil_g313;Slac_ENSLPGG00000029231	1.3331464527161092e-08	6.27298892959851e-08																												Scil_g9453;Slac_ENSLPGG00000005398	2.056781849066872e-32	3.0195526377610373e-09	Scil_g6217;Slac_ENSLPGG00000028030	8.689186615933818e-34	0.007761446083344081	Scil_g13745;Slac_ENSLPGG00000024377	2.4887480633750244e-36	9.346843956973962e-07							Scil_g10793;Slac_ENSLPGG00000007363	4.1953662477593635e-36	3.2168293172039397e-74	Scil_g9453;Slac_ENSLPGG00000001551	9.085190326555412e-21	0.005448020101109182	Scil_g13745;Slac_ENSLPGG00000024377	9.538753720775364e-06	4.728540267199237e-12	Scil_g5853;Slac_ENSLPGG00000011935	7.473576160686528e-56	4.303345849185861e-42				Scil_g10843;Slac_ENSLPGG00000010973	9.395442859056902e-78	0.0034540098597519364	Scil_g5203;Slac_ENSLPGG00000027198	2.6887732788314986e-23	1.5449918119745799e-12												
			Scil_g8996;Slac_ENSLPGG00000027389	1.0299057004386634e-64	1.4180978265069578e-20	Scil_g1526;Slac_ENSLPGG00000026673	1.4880051560529757e-149	0.0048706843706428134	Scil_g8569;Slac_ENSLPGG00000019939	8.912916080279021e-94	2.3792066558181335e-05	Scil_g548;Slac_ENSLPGG00000010832	3.632592778067305e-60	9.45061926070444e-61	Scil_g2206;Slac_ENSLPGG00000008251	7.187792383971008e-119	0.0007856183374335829										Scil_g9000;Slac_ENSLPGG00000027245	9.898690112706387e-49	0.00887012416938921	Scil_g8207;Slac_ENSLPGG00000014536	2.9374827842370764e-45	2.442134044403989e-35							Scil_g9453;Slac_ENSLPGG00000012945	0.00016236880741429826	5.7773941196747505e-08																												Scil_g848;Slac_ENSLPGG00000027631	1.3170840328812067e-50	5.120386261533688e-06	Scil_g3312;Slac_ENSLPGG00000018877	3.114097876588004e-93	2.1201919848233518e-05	Scil_g9503;Slac_ENSLPGG00000004000	1.6771192045042746e-50	0.003278021509044548							Scil_g9453;Slac_ENSLPGG00000010787	4.6731217585328485e-73	0.0022056602738712958																												Scil_g1526;Slac_ENSLPGG00000023162	3.638024183155569e-14	4.862702982723841e-30	Scil_g12815;Slac_ENSLPGG00000012644	8.42931737452028e-20	0.00030076039704298867	Scil_g968;Slac_ENSLPGG00000007421	9.59192014926628e-30	5.627509981332239e-08							Scil_g2206;Slac_ENSLPGG00000020387	1.0001481920852157e-24	2.0186617573470594e-19	Scil_g10035;Slac_ENSLPGG00000016216	2.4513512383679115e-15	2.2180720325263455e-16	Scil_g2125;Slac_ENSLPGG00000009812	7.232207162105824e-15	4.775086399302592e-05	Scil_g12359;Slac_ENSLPGG00000012055	4.4238244671661537e-51	0.004024645954396675				Scil_g272;Slac_ENSLPGG00000011745	4.652783760012029e-10	4.2253443304332e-44	Scil_g3385;Slac_ENSLPGG00000013606	1.885241745545524e-11	0.005888966981709433												
			Scil_g13524;Slac_ENSLPGG00000011839	8.280768608284176e-33	0.00023796853818428576	Scil_g2206;Slac_ENSLPGG00000020387	1.4268740080321066e-86	3.858487610361753e-08	Scil_g8207;Slac_ENSLPGG00000014536	4.112264272359534e-164	2.442134044403989e-35	Scil_g9493;Slac_ENSLPGG00000004519	1.0966284320389135e-80	0.00010686538706661993	Scil_g8569;Slac_ENSLPGG00000021586	1.7894243764152615e-54	3.684928387240296e-05										Scil_g548;Slac_ENSLPGG00000010832	4.192041793171719e-14	1.5668742821915783e-07	Scil_g8784;Slac_ENSLPGG00000011679	4.126375244293354e-38	2.683640499495103e-06							Scil_g3398;Slac_ENSLPGG00000029433	0.0005499857252249996	0.0026526132981539623																												Scil_g3476;Slac_ENSLPGG00000024781	2.2495047734617395e-20	1.160981800851679e-84	Scil_g3347;Slac_ENSLPGG00000007508	5.604704518602571e-58	1.1136063017525332e-05	Scil_g9230;Slac_ENSLPGG00000002916	4.1571607056312035e-101	4.5097320754487453e-69							Scil_g9896;Slac_ENSLPGG00000002568	4.2813577989825094e-47	1.862128625856078e-12																												Scil_g928;Slac_ENSLPGG00000016178	1.9915814341170639e-28	4.879997472761123e-10	Scil_g9048;Slac_ENSLPGG00000008029	3.768892463920302e-09	0.0027229842857553564	Scil_g3316;Slac_ENSLPGG00000004765	1.6225225049275553e-26	3.9693301278142095e-12							Scil_g2206;Slac_ENSLPGG00000010787	1.0001481920852157e-24	6.66853407732245e-12	Scil_g9896;Slac_ENSLPGG00000002568	0.00046564910391421626	4.3899903841093855e-13	Scil_g5906;Slac_ENSLPGG00000017249	4.627345826650801e-39	1.2034916414435503e-07	Scil_g151;Slac_ENSLPGG00000013344	2.758978597892045e-15	2.5736575626952478e-36				Scil_g9493;Slac_ENSLPGG00000004519	2.96309757852025e-50	0.00010686538706661993	Scil_g3398;Slac_ENSLPGG00000029433	9.264662636606445e-32	5.909714768375026e-06												
			Scil_g5853;Slac_ENSLPGG00000014536	3.150883873850938e-164	2.3412831869630676e-27	Scil_g10997;Slac_ENSLPGG00000020828	1.1185304826820408e-47	0.0006429469523733698	Scil_g8784;Slac_ENSLPGG00000011679	9.908067367798732e-107	2.683640499495103e-06	Scil_g13637;Slac_ENSLPGG00000003949	1.4793892182074927e-45	0.00011925256504507517	Scil_g2206;Slac_ENSLPGG00000014001	7.187792383971008e-119	0.004094928469770093										Scil_g2206;Slac_ENSLPGG00000008251	2.4905717815906032e-33	0.0007856183374335829	Scil_g5853;Slac_ENSLPGG00000014536	1.5835711730393113e-44	2.442134044403989e-35							Scil_g313;Slac_ENSLPGG00000029231	1.9805327762861937e-07	9.488371070482428e-05																												Scil_g8996;Slac_ENSLPGG00000027389	7.605859841006223e-40	1.4180978265069578e-20	Scil_g9297;Slac_ENSLPGG00000017442	2.40779040093834e-68	3.932741514472264e-15	Scil_g1132;Slac_ENSLPGG00000008926	1.1958446544789634e-69	9.366424220594736e-20							Scil_g9453;Slac_ENSLPGG00000012945	4.6731217585328485e-73	0.0023427679384132806																												Scil_g9453;Slac_ENSLPGG00000010787	2.056781849066872e-32	6.66853407732245e-12	Scil_g9048;Slac_ENSLPGG00000005083	3.768892463920302e-09	0.0001059562660806433	Scil_g13745;Slac_ENSLPGG00000018065	2.4887480633750244e-36	0.0011078097941634231							Scil_g9503;Slac_ENSLPGG00000004519	6.336262308259084e-40	0.00010686538706661993	Scil_g12129;Slac_ENSLPGG00000010554	0.0003303893264109402	5.2925967925666004e-49	Scil_g9048;Slac_ENSLPGG00000008029	2.4413691500777468e-39	3.5400330391982375e-05	Scil_g968;Slac_ENSLPGG00000007421	8.543878377123236e-45	5.627509981332239e-08				Scil_g13524;Slac_ENSLPGG00000011839	1.3976075630822367e-12	0.00023796853818428576	Scil_g8569;Slac_ENSLPGG00000021586	2.8070546722766534e-38	3.684928387240296e-05												
			Scil_g3347;Slac_ENSLPGG00000007508	5.427141116821287e-118	2.4875269046456503e-28	Scil_g1638;Slac_ENSLPGG00000026851	2.2763576435337092e-28	7.52366831313503e-12	Scil_g13297;Slac_ENSLPGG00000018213	3.676381813883234e-46	5.825022677968175e-40	Scil_g13687;Slac_ENSLPGG00000021586	2.1753177914457852e-108	1.7411706854794535e-05	Scil_g8207;Slac_ENSLPGG00000011935	1.9403014461768608e-77	4.303345849185861e-42										Scil_g4454;Slac_ENSLPGG00000003977	1.8572301477282273e-41	0.0013660571215794737	Scil_g2206;Slac_ENSLPGG00000014001	4.2038282623182897e-32	0.004094928469770093							Scil_g6760;Slac_ENSLPGG00000011766	1.2330162898770352e-08	1.1486904717713135e-29																												Scil_g13687;Slac_ENSLPGG00000019939	2.92698171042716e-65	7.746866494854593e-09	Scil_g2393;Slac_ENSLPGG00000028380	1.845755092684784e-141	4.225227451960782e-99	Scil_g3312;Slac_ENSLPGG00000018877	5.368501549027695e-83	1.5668001742992288e-37							Scil_g9453;Slac_ENSLPGG00000013258	4.6731217585328485e-73	0.007983614854092479																												Scil_g2790;Slac_ENSLPGG00000019707	3.654546200735491e-26	0.0003308982790262828	Scil_g2393;Slac_ENSLPGG00000028380	1.7455028640399786e-46	0.0030305253714175504	Scil_g9896;Slac_ENSLPGG00000002568	1.5515179907681383e-34	1.862128625856078e-12							Scil_g3256;Slac_ENSLPGG00000028868	3.94434284736057e-34	2.7375550175479056e-05	Scil_g12088;Slac_ENSLPGG00000008894	3.263016765965988e-79	0.0009672509339176299	Scil_g1133;Slac_ENSLPGG00000008926	1.608801229372555e-88	0.006910277004534133	Scil_g13297;Slac_ENSLPGG00000018213	1.3991341348293713e-33	5.825022677968175e-40				Scil_g2206;Slac_ENSLPGG00000014001	3.8427685016444203e-75	2.2252025859821583e-13	Scil_g272;Slac_ENSLPGG00000011745	4.652783760012029e-10	8.908210932401408e-15												
			Scil_g10725;Slac_ENSLPGG00000025548	2.3858934134097268e-98	3.225584967471835e-10	Scil_g3312;Slac_ENSLPGG00000005591	1.1149430941599726e-50	2.6928860112553685e-19	Scil_g8207;Slac_ENSLPGG00000011935	4.112264272359534e-164	4.303345849185861e-42	Scil_g8784;Slac_ENSLPGG00000013036	4.461475634554319e-97	1.1798166033669584e-18	Scil_g6711;Slac_ENSLPGG00000009025	2.3983875164051418e-70	0.00610741058171942										Scil_g8206;Slac_ENSLPGG00000014536	7.383137842387024e-69	2.442134044403989e-35	Scil_g1638;Slac_ENSLPGG00000027899	1.4272873239454315e-09	2.1475408258923468e-07							Scil_g8346;Slac_ENSLPGG00000011935	0.00029420998214435036	3.4797924186503026e-11																												Scil_g6432;Slac_ENSLPGG00000001593	1.2286171136788503e-119	0.0020825868590593406	Scil_g8784;Slac_ENSLPGG00000011679	2.0833287114681465e-05	2.683640499495103e-06	Scil_g13297;Slac_ENSLPGG00000018213	8.090268662816997e-34	1.9313672660072607e-14							Scil_g9297;Slac_ENSLPGG00000017442	4.7414446855595875e-59	3.932741514472264e-15																												Scil_g2125;Slac_ENSLPGG00000009812	2.8538049419446323e-33	1.0932512191403664e-05	Scil_g6036;Slac_ENSLPGG00000011766	1.2482653700464854e-24	3.423949851976863e-07	Scil_g9493;Slac_ENSLPGG00000004519	3.038430848269835e-32	0.0032723837075047833							Scil_g13687;Slac_ENSLPGG00000024411	5.850749396400135e-66	0.00026913458432165766	Scil_g9297;Slac_ENSLPGG00000017442	1.1896022757395399e-22	8.746558191180393e-14	Scil_g5853;Slac_ENSLPGG00000014536	7.473576160686528e-56	1.6713606910148e-09	Scil_g8207;Slac_ENSLPGG00000011935	1.4804891081956675e-73	4.303345849185861e-42				Scil_g2206;Slac_ENSLPGG00000013974	3.8427685016444203e-75	9.011092163486792e-15	Scil_g2206;Slac_ENSLPGG00000008251	3.8427685016444203e-75	0.0007856183374335829												
			Scil_g11267;Slac_ENSLPGG00000020792	2.539578074439377e-208	0.0002737767557969287	Scil_g8207;Slac_ENSLPGG00000011935	4.112264272359534e-164	3.4797924186503026e-11	Scil_g3398;Slac_ENSLPGG00000029433	4.887123871351116e-120	5.909714768375026e-06	Scil_g2206;Slac_ENSLPGG00000008251	7.187792383971008e-119	4.670788978404608e-15	Scil_g8784;Slac_ENSLPGG00000011679	4.461475634554319e-97	2.683640499495103e-06										Scil_g13297;Slac_ENSLPGG00000018213	7.165486666973289e-22	5.825022677968175e-40	Scil_g3256;Slac_ENSLPGG00000028868	6.5693186728515626e-21	3.246417234390367e-07							Scil_g8784;Slac_ENSLPGG00000005398	4.457110325608104e-06	0.0016057653891606441																												Scil_g9503;Slac_ENSLPGG00000004519	3.1088437102030843e-43	0.00010686538706661993	Scil_g852;Slac_ENSLPGG00000005314	1.4341300662797377e-125	1.8309422054652549e-09	Scil_g9784;Slac_ENSLPGG00000017293	8.506651103238429e-82	1.1853542770408634e-06							Scil_g3347;Slac_ENSLPGG00000007508	1.1870739102679978e-31	1.1136063017525332e-05																												Scil_g6711;Slac_ENSLPGG00000009025	1.8604014907515917e-26	6.295317644540952e-07	Scil_g6573;Slac_ENSLPGG00000005942	5.51206322698873e-22	0.002422260846290664	Scil_g2266;Slac_ENSLPGG00000027805	1.6287007537209932e-43	0.0023230261479473767							Scil_g6478;Slac_ENSLPGG00000002802	1.1894457884695337e-90	7.9256697159611e-137	Scil_g1929;Slac_ENSLPGG00000017167	0.0027012050929478017	4.867265605309407e-07	Scil_g5853;Slac_ENSLPGG00000011935	7.473576160686528e-56	0.000341368738201194	Scil_g1638;Slac_ENSLPGG00000027899	6.806062471931183e-22	2.1475408258923468e-07				Scil_g4183;Slac_ENSLPGG00000011075	1.0805566578709724e-54	1.732893564165767e-21	Scil_g176;Slac_ENSLPGG00000004519	8.415208052090102e-09	0.0032723837075047833												
			Scil_g10793;Slac_ENSLPGG00000005401	1.9768741730767228e-106	4.161226659295904e-109	Scil_g6573;Slac_ENSLPGG00000001774	1.808943214236265e-56	0.00017162836288579092	Scil_g928;Slac_ENSLPGG00000016178	3.670490504814812e-95	6.211649555153535e-16	Scil_g5583;Slac_ENSLPGG00000023072	1.3161909326979802e-54	3.1673618724671446e-16	Scil_g10997;Slac_ENSLPGG00000020828	7.642886454202565e-74	2.208991744735936e-06										Scil_g6760;Slac_ENSLPGG00000011766	2.120759194629177e-32	2.0105369160193262e-08	Scil_g10401;Slac_ENSLPGG00000009693	3.687173212429622e-14	1.8270096672043233e-85							Scil_g10997;Slac_ENSLPGG00000020828	0.0001907987152189588	0.0006429469523733698																												Scil_g10147;Slac_ENSLPGG00000006923	2.2059059183829814e-150	0.0010849360860405476	Scil_g13155;Slac_ENSLPGG00000025541	1.101509494363721e-35	0.0002879964005366056	Scil_g9453;Slac_ENSLPGG00000012945	4.6731217585328485e-73	7.651688797584175e-26							Scil_g13745;Slac_ENSLPGG00000012306	1.723531041180612e-42	1.197393881049367e-06																												Scil_g9800;Slac_ENSLPGG00000020639	5.4679377323500855e-12	9.895814052081766e-05	Scil_g1846;Slac_ENSLPGG00000015884	6.70392959920678e-37	0.0016182938865021168	Scil_g13687;Slac_ENSLPGG00000019939	2.7220194856556577e-05	2.3792066558181335e-05							Scil_g9493;Slac_ENSLPGG00000004519	2.9515426081567275e-32	0.00010686538706661993	Scil_g2536;Slac_ENSLPGG00000030214	1.1000851270696005e-09	3.4536808598602308e-12	Scil_g8569;Slac_ENSLPGG00000005369	7.399706961159974e-49	0.008877332328887818	Scil_g6760;Slac_ENSLPGG00000011766	1.257405804796029e-48	2.0105369160193262e-08				Scil_g10276;Slac_ENSLPGG00000005266	3.836348021216016e-24	0.0010235712081337444	Scil_g968;Slac_ENSLPGG00000007421	4.879847019732234e-33	5.627509981332239e-08												
			Scil_g2206;Slac_ENSLPGG00000008251	1.4268740080321066e-86	4.670788978404608e-15	Scil_g3074;Slac_ENSLPGG00000029003	2.3763888428549936e-109	0.00013954334484069168	Scil_g8569;Slac_ENSLPGG00000024411	8.912916080279021e-94	1.2096505057732134e-06	Scil_g6498;Slac_ENSLPGG00000020053	5.303953106691169e-98	0.00013605932074935457	Scil_g6760;Slac_ENSLPGG00000011766	3.0951524221344593e-58	2.0105369160193262e-08										Scil_g10997;Slac_ENSLPGG00000020828	6.756659742564301e-17	2.208991744735936e-06	Scil_g2045;Slac_ENSLPGG00000020888	5.884102353831392e-31	4.548942576825777e-05							Scil_g3312;Slac_ENSLPGG00000018877	0.0006560633883811899	9.038284291233422e-12																												Scil_g9297;Slac_ENSLPGG00000017442	2.40779040093834e-68	1.6672221442580664e-14	Scil_g2894;Slac_ENSLPGG00000019707	1.0434908738021485e-156	1.664904330736905e-05	Scil_g2206;Slac_ENSLPGG00000014001	1.717522215741258e-25	2.2252025859821583e-13							Scil_g13745;Slac_ENSLPGG00000024377	1.723531041180612e-42	9.346843956973962e-07																												Scil_g9815;Slac_ENSLPGG00000028025	1.0851289380439643e-27	5.483241383028338e-06	Scil_g2168;Slac_ENSLPGG00000017442	1.4152585156163187e-10	7.590650076747325e-05	Scil_g9493;Slac_ENSLPGG00000004179	3.038430848269835e-32	0.00041922201390155815							Scil_g8269;Slac_ENSLPGG00000004338	5.502192638442971e-62	0.001914399365841848	Scil_g13745;Slac_ENSLPGG00000018065	9.538753720775364e-06	0.0022121254350914383	Scil_g8207;Slac_ENSLPGG00000011935	1.4804891081956675e-73	0.000341368738201194	Scil_g8569;Slac_ENSLPGG00000010551	7.399706961159974e-49	7.060343438230766e-14				Scil_g8784;Slac_ENSLPGG00000014570	2.1798362641679393e-34	5.642196009546153e-20	Scil_g8569;Slac_ENSLPGG00000010551	2.8070546722766534e-38	7.060343438230766e-14												
			Scil_g9815;Slac_ENSLPGG00000028025	4.391217475073731e-127	5.483241383028338e-06	Scil_g6760;Slac_ENSLPGG00000003655	3.7394238592174746e-91	7.81461903690976e-08	Scil_g13155;Slac_ENSLPGG00000025541	5.726781495820915e-103	0.0002879964005366056	Scil_g8784;Slac_ENSLPGG00000014570	4.461475634554319e-97	5.642196009546153e-20	Scil_g1638;Slac_ENSLPGG00000027899	5.040504522579827e-57	2.1475408258923468e-07										Scil_g3256;Slac_ENSLPGG00000028868	9.251044654563549e-36	3.246417234390367e-07	Scil_g548;Slac_ENSLPGG00000010832	4.398517727257713e-21	1.5668742821915783e-07							Scil_g9048;Slac_ENSLPGG00000028207	0.00022788214109136683	0.000265055600759393																												Scil_g13687;Slac_ENSLPGG00000024411	2.92698171042716e-65	0.00026913458432165766	Scil_g8547;Slac_ENSLPGG00000010087	1.7132907192872393e-96	6.428399142631757e-14	Scil_g2679;Slac_ENSLPGG00000023020	3.087782107183475e-98	4.41597248476896e-13							Scil_g9836;Slac_ENSLPGG00000007303	1.8313746524458704e-46	0.0009572338780791472																												Scil_g8784;Slac_ENSLPGG00000013258	8.142504589067801e-22	2.2291185466983853e-09	Scil_g2679;Slac_ENSLPGG00000008029	2.2169069572025633e-15	0.0027229842857553564	Scil_g2790;Slac_ENSLPGG00000019707	3.654546200735491e-26	1.664904330736905e-05							Scil_g12088;Slac_ENSLPGG00000008894	3.263016765965988e-79	1.2790228529831583e-08	Scil_g8948;Slac_ENSLPGG00000015099	4.034845827274647e-09	2.5717955473671345e-05	Scil_g8207;Slac_ENSLPGG00000014536	1.4804891081956675e-73	1.6713606910148e-09	Scil_g8909;Slac_ENSLPGG00000003277	5.138961339011713e-28	0.0013033296779786719				Scil_g2206;Slac_ENSLPGG00000008251	3.8427685016444203e-75	4.670788978404608e-15	Scil_g2206;Slac_ENSLPGG00000014001	3.8427685016444203e-75	0.004094928469770093												
			Scil_g5203;Slac_ENSLPGG00000027198	4.8293228259730146e-57	1.7491526269555e-18	Scil_g8569;Slac_ENSLPGG00000019939	8.912916080279021e-94	0.0012373971669953775	Scil_g6478;Slac_ENSLPGG00000002802	9.55745693875112e-137	5.470861898371375e-17	Scil_g1638;Slac_ENSLPGG00000026851	5.040504522579827e-57	2.1954594971659047e-39	Scil_g9503;Slac_ENSLPGG00000004519	2.625874160586213e-79	0.0032723837075047833										Scil_g8207;Slac_ENSLPGG00000011935	1.9525257488245713e-100	4.303345849185861e-42	Scil_g5203;Slac_ENSLPGG00000027198	1.2845719457576047e-16	1.5449918119745799e-12							Scil_g2790;Slac_ENSLPGG00000019707	0.001146782495292344	0.0010541763460486472																												Scil_g13687;Slac_ENSLPGG00000021586	2.92698171042716e-65	1.7411706854794535e-05	Scil_g13745;Slac_ENSLPGG00000018065	9.984088792248443e-78	0.0011078097941634231	Scil_g848;Slac_ENSLPGG00000027631	7.650909473629385e-43	5.120386261533688e-06							Scil_g13539;Slac_ENSLPGG00000012055	5.062504603720681e-123	0.004024645954396675																												Scil_g13745;Slac_ENSLPGG00000012306	2.4887480633750244e-36	3.936543261477197e-11	Scil_g13155;Slac_ENSLPGG00000025541	2.3700604612108568e-12	2.7734351110943734e-09	Scil_g13000;Slac_ENSLPGG00000029928	3.864019469778575e-26	7.55965493874983e-21							Scil_g12815;Slac_ENSLPGG00000012644	3.3312260096529243e-39	1.2610207866014905e-16	Scil_g13000;Slac_ENSLPGG00000029928	3.14423690753096e-11	1.4405037251317173e-08	Scil_g9453;Slac_ENSLPGG00000014570	9.085190326555412e-21	1.5423671158748107e-08	Scil_g8784;Slac_ENSLPGG00000011679	1.0499855983051466e-30	2.683640499495103e-06				Scil_g10793;Slac_ENSLPGG00000005401	1.3853223905306347e-38	4.161226659295904e-109	Scil_g928;Slac_ENSLPGG00000016178	2.151537326025624e-43	6.211649555153535e-16												
			Scil_g283;Slac_ENSLPGG00000015935	9.650822380001413e-90	3.2401081129749997e-12	Scil_g8784;Slac_ENSLPGG00000012945	9.908067367798732e-107	5.7773941196747505e-08	Scil_g12359;Slac_ENSLPGG00000012055	2.3673971546455122e-64	0.004024645954396675	Scil_g6760;Slac_ENSLPGG00000011766	3.0951524221344593e-58	6.424279466496312e-54	Scil_g5203;Slac_ENSLPGG00000027198	3.2478336231273958e-65	1.5449918119745799e-12										Scil_g9784;Slac_ENSLPGG00000017293	1.643207425746711e-18	2.8015083935754752e-09	Scil_g9493;Slac_ENSLPGG00000004519	2.202169687342322e-34	0.0032723837075047833							Scil_g9350;Slac_ENSLPGG00000016018	6.216939856415856e-07	1.9127065309465643e-11																												Scil_g8784;Slac_ENSLPGG00000013258	2.0833287114681465e-05	2.2291185466983853e-09	Scil_g13745;Slac_ENSLPGG00000012306	9.984088792248443e-78	1.197393881049367e-06	Scil_g9453;Slac_ENSLPGG00000008251	4.6731217585328485e-73	4.670788978404608e-15							Scil_g2266;Slac_ENSLPGG00000027805	3.0566393638807264e-95	0.0023230261479473767																												Scil_g9503;Slac_ENSLPGG00000004519	1.4338984677402368e-23	0.00010686538706661993	Scil_g9627;Slac_ENSLPGG00000004782	1.7932220930488746e-07	0.0005074786283335534	Scil_g12865;Slac_ENSLPGG00000023608	1.1343331966755646e-31	7.93601484077302e-05							Scil_g6498;Slac_ENSLPGG00000003492	1.2923519339490272e-64	2.593087026597021e-15	Scil_g8832;Slac_ENSLPGG00000016670	8.952643799901973e-06	8.540477802335521e-11	Scil_g9453;Slac_ENSLPGG00000010787	9.085190326555412e-21	0.00030971510745518316	Scil_g5853;Slac_ENSLPGG00000014536	7.473576160686528e-56	2.442134044403989e-35				Scil_g10997;Slac_ENSLPGG00000020828	1.9178858659264772e-33	1.2861289811140886e-12	Scil_g9000;Slac_ENSLPGG00000027245	1.7040602224870464e-49	0.00887012416938921												
			Scil_g10843;Slac_ENSLPGG00000010973	3.747611749487966e-86	0.0034540098597519364	Scil_g8784;Slac_ENSLPGG00000005398	9.908067367798732e-107	0.0016057653891606441	Scil_g552;Slac_ENSLPGG00000010574	2.2211708095371986e-15	8.205917835561142e-20	Scil_g283;Slac_ENSLPGG00000015935	1.1957759020888877e-67	3.2401081129749997e-12	Scil_g928;Slac_ENSLPGG00000016178	8.215490874984415e-83	6.211649555153535e-16										Scil_g2790;Slac_ENSLPGG00000019707	7.000288926828309e-44	1.664904330736905e-05	Scil_g1638;Slac_ENSLPGG00000026851	1.4272873239454315e-09	3.435672027214082e-07							Scil_g9048;Slac_ENSLPGG00000008029	0.00022788214109136683	7.373189200188125e-07																												Scil_g5906;Slac_ENSLPGG00000017249	3.4546847877025594e-97	1.605152083691467e-05	Scil_g9836;Slac_ENSLPGG00000007303	1.184747785266684e-89	0.0009572338780791472	Scil_g5971;Slac_ENSLPGG00000021720	0.000327040984340973	2.7007558928165465e-79							Scil_g9896;Slac_ENSLPGG00000023496	4.2813577989825094e-47	0.003328653231476809																												Scil_g13539;Slac_ENSLPGG00000012055	8.172911743544704e-35	2.5837843891576112e-25	Scil_g267;Slac_ENSLPGG00000005083	6.286048656896046e-10	0.0001059562660806433	Scil_g2393;Slac_ENSLPGG00000028380	1.7455028640399786e-46	4.225227451960782e-99							Scil_g8784;Slac_ENSLPGG00000014570	1.0499855983051466e-30	5.642196009546153e-20	Scil_g9836;Slac_ENSLPGG00000007303	7.154250033357604e-05	0.0015920201155038387	Scil_g792;Slac_ENSLPGG00000030274	1.4915041772042246e-86	1.0994885878194232e-05	Scil_g6478;Slac_ENSLPGG00000002802	1.1894457884695337e-90	5.470861898371375e-17				Scil_g8784;Slac_ENSLPGG00000011679	2.1798362641679393e-34	2.3521188597386696e-10	Scil_g151;Slac_ENSLPGG00000013344	6.029235748119242e-46	2.5736575626952478e-36												
			Scil_g9493;Slac_ENSLPGG00000004519	1.1957752526203634e-109	0.00010686538706661993	Scil_g968;Slac_ENSLPGG00000007421	1.9843083766966807e-56	9.954357868190939e-06	Scil_g10401;Slac_ENSLPGG00000009693	1.1975395837494819e-51	1.8270096672043233e-85	Scil_g2206;Slac_ENSLPGG00000005820	7.187792383971008e-119	0.001011811941688375	Scil_g9000;Slac_ENSLPGG00000027245	4.757326901490837e-77	0.00887012416938921										Scil_g5203;Slac_ENSLPGG00000027198	1.955941771428503e-23	1.5449918119745799e-12	Scil_g8569;Slac_ENSLPGG00000024411	3.301636262983605e-39	1.2096505057732134e-06							Scil_g6478;Slac_ENSLPGG00000022382	1.8006036865530047e-07	0.009079633528980611																												Scil_g2151;Slac_ENSLPGG00000006993	4.753812926854784e-72	2.285977235400164e-07	Scil_g9000;Slac_ENSLPGG00000027245	7.73877935353729e-15	0.00887012416938921	Scil_g9453;Slac_ENSLPGG00000010787	4.6731217585328485e-73	6.66853407732245e-12							Scil_g6711;Slac_ENSLPGG00000009025	2.617263631111518e-06	0.00610741058171942																												Scil_g928;Slac_ENSLPGG00000015697	1.9915814341170639e-28	1.2285712840311137e-16	Scil_g271;Slac_ENSLPGG00000011745	5.187320315125221e-05	5.7926557063189896e-08	Scil_g9453;Slac_ENSLPGG00000008251	2.056781849066872e-32	0.0007856183374335829							Scil_g1940;Slac_ENSLPGG00000000546	4.6899714183151624e-35	2.791744354253102e-40	Scil_g13745;Slac_ENSLPGG00000012306	9.538753720775364e-06	1.7295054205436874e-08	Scil_g2645;Slac_ENSLPGG00000029285	0.00033795497270141676	0.00032384785123023066	Scil_g6432;Slac_ENSLPGG00000001593	4.4287160920340336e-39	9.75289532536796e-12				Scil_g10793;Slac_ENSLPGG00000007363	1.3853223905306347e-38	3.2168293172039397e-74	Scil_g13155;Slac_ENSLPGG00000025541	8.22348900134841e-50	0.0002879964005366056												
			Scil_g3074;Slac_ENSLPGG00000029003	2.3763888428549936e-109	7.206247055923804e-33	Scil_g1638;Slac_ENSLPGG00000027899	2.2763576435337092e-28	9.219565571441372e-06	Scil_g6478;Slac_ENSLPGG00000003671	9.55745693875112e-137	2.0029821817149136e-07	Scil_g9800;Slac_ENSLPGG00000020639	3.598773865081431e-54	9.895814052081766e-05	Scil_g151;Slac_ENSLPGG00000013344	7.207403119974544e-51	2.5736575626952478e-36										Scil_g3398;Slac_ENSLPGG00000029433	4.844889370814952e-53	5.909714768375026e-06	Scil_g6478;Slac_ENSLPGG00000003671	2.0734403965038545e-36	2.0029821817149136e-07							Scil_g8784;Slac_ENSLPGG00000013036	4.457110325608104e-06	3.9827063320721106e-05																												Scil_g1132;Slac_ENSLPGG00000009493	3.658931873908389e-75	1.0648916230382638e-07	Scil_g9896;Slac_ENSLPGG00000023496	7.944710995739469e-79	0.003328653231476809	Scil_g1970;Slac_ENSLPGG00000009812	1.1778824038207252e-87	1.0932512191403664e-05							Scil_g8832;Slac_ENSLPGG00000016670	3.7475442979230136e-37	0.0003434224468361648																												Scil_g852;Slac_ENSLPGG00000005314	3.0057710797444866e-32	2.97995600931785e-29	Scil_g267;Slac_ENSLPGG00000008029	6.286048656896046e-10	0.0027229842857553564	Scil_g13687;Slac_ENSLPGG00000010551	2.7220194856556577e-05	7.060343438230766e-14							Scil_g8784;Slac_ENSLPGG00000011679	1.0499855983051466e-30	2.3521188597386696e-10	Scil_g114;Slac_ENSLPGG00000027385	2.9072643911487857e-25	2.6898221278483166e-06	Scil_g2125;Slac_ENSLPGG00000027899	7.232207162105824e-15	1.7794118500883685e-19	Scil_g5906;Slac_ENSLPGG00000017249	4.627345826650801e-39	2.768839688949311e-06				Scil_g2168;Slac_ENSLPGG00000017442	2.7470098497082133e-34	1.6672221442580664e-14	Scil_g12815;Slac_ENSLPGG00000012644	9.407814810608596e-30	0.009745553271228292												
			Scil_g8784;Slac_ENSLPGG00000013036	9.908067367798732e-107	1.1798166033669584e-18	Scil_g8784;Slac_ENSLPGG00000013036	9.908067367798732e-107	3.9827063320721106e-05	Scil_g2206;Slac_ENSLPGG00000014001	1.4268740080321066e-86	0.004094928469770093	Scil_g8784;Slac_ENSLPGG00000012945	4.461475634554319e-97	7.651688797584175e-26	Scil_g8569;Slac_ENSLPGG00000019939	1.7894243764152615e-54	2.3792066558181335e-05										Scil_g8569;Slac_ENSLPGG00000019939	1.741908601865482e-30	2.3792066558181335e-05	Scil_g968;Slac_ENSLPGG00000007421	1.5241740993064444e-26	5.627509981332239e-08							Scil_g9453;Slac_ENSLPGG00000010787	0.00016236880741429826	0.0017290655744509047																												Scil_g3312;Slac_ENSLPGG00000018877	3.114097876588004e-93	1.5668001742992288e-37	Scil_g9453;Slac_ENSLPGG00000010787	7.752476681575691e-104	0.0022056602738712958	Scil_g5906;Slac_ENSLPGG00000017249	6.536372333828591e-115	1.605152083691467e-05							Scil_g13745;Slac_ENSLPGG00000018065	1.723531041180612e-42	0.0011078097941634231																												Scil_g9493;Slac_ENSLPGG00000004519	3.038430848269835e-32	0.00010686538706661993	Scil_g392;Slac_ENSLPGG00000009800	0.008462746159149078	0.005502105959246289	Scil_g6432;Slac_ENSLPGG00000001593	7.081000257745506e-18	9.75289532536796e-12							Scil_g1132;Slac_ENSLPGG00000009493	5.3003396614962664e-83	1.0648916230382638e-07	Scil_g254;Slac_ENSLPGG00000011839	4.7861042738356356e-32	1.1626458581484574e-05	Scil_g9896;Slac_ENSLPGG00000002568	0.00046564910391421626	3.6412893771384373e-23	Scil_g6711;Slac_ENSLPGG00000009025	9.246671477449805e-28	0.00610741058171942				Scil_g283;Slac_ENSLPGG00000015935	1.295203554751965e-48	3.2401081129749997e-12	Scil_g928;Slac_ENSLPGG00000015697	2.151537326025624e-43	3.7606681679114696e-37												
			Scil_g512;Slac_ENSLPGG00000012055	1.414558408333157e-88	2.5837843891576112e-25	Scil_g480;Slac_ENSLPGG00000010615	6.3755549952831205e-49	2.1691117335051996e-07	Scil_g313;Slac_ENSLPGG00000029231	4.21404119971032e-56	6.27298892959851e-08	Scil_g8269;Slac_ENSLPGG00000004338	8.216006338102964e-102	0.001914399365841848	Scil_g13155;Slac_ENSLPGG00000025541	7.167734513676803e-64	0.0002879964005366056										Scil_g928;Slac_ENSLPGG00000016178	1.0905951156399398e-41	6.211649555153535e-16	Scil_g8569;Slac_ENSLPGG00000019939	3.301636262983605e-39	2.3792066558181335e-05							Scil_g3738;Slac_ENSLPGG00000013280	0.000159017883257285	1.2680038012969087e-08																												Scil_g12815;Slac_ENSLPGG00000012644	1.436954381091711e-94	1.2610207866014905e-16	Scil_g6013;Slac_ENSLPGG00000000463	4.666132633158189e-75	3.6938955685557964e-05	Scil_g645;Slac_ENSLPGG00000017340	1.5833033814670858e-38	5.828180967476836e-08							Scil_g8547;Slac_ENSLPGG00000010087	3.7168217314481456e-22	6.428399142631757e-14																												Scil_g848;Slac_ENSLPGG00000027631	4.738552972171029e-21	5.120386261533688e-06	Scil_g478;Slac_ENSLPGG00000004305	4.328712206454093e-21	0.0019958458829469313	Scil_g8996;Slac_ENSLPGG00000027389	2.4939537480025203e-14	6.160617844196293e-07							Scil_g928;Slac_ENSLPGG00000015697	1.9882623228741798e-45	1.2285712840311137e-16	Scil_g254;Slac_ENSLPGG00000007525	4.7861042738356356e-32	5.560924111031682e-19	Scil_g3074;Slac_ENSLPGG00000029003	1.4039981877043045e-66	0.0010783147366094249	Scil_g548;Slac_ENSLPGG00000010832	3.0075427307294755e-23	1.5668742821915783e-07				Scil_g1526;Slac_ENSLPGG00000026673	4.0834552924289713e-10	1.7513831195774005e-06	Scil_g5906;Slac_ENSLPGG00000017249	2.6875902193975e-16	2.768839688949311e-06												
			Scil_g8784;Slac_ENSLPGG00000011679	9.908067367798732e-107	2.3521188597386696e-10	Scil_g2045;Slac_ENSLPGG00000020888	2.6764103969423014e-91	4.600267822274913e-06	Scil_g8569;Slac_ENSLPGG00000010551	8.912916080279021e-94	7.060343438230766e-14	Scil_g10997;Slac_ENSLPGG00000020828	7.642886454202565e-74	1.2861289811140886e-12	Scil_g8569;Slac_ENSLPGG00000024411	1.7894243764152615e-54	1.2096505057732134e-06										Scil_g512;Slac_ENSLPGG00000012055	4.7113788669892976e-55	0.004024645954396675	Scil_g3347;Slac_ENSLPGG00000007508	9.082027667523117e-37	1.1136063017525332e-05							Scil_g512;Slac_ENSLPGG00000012055	0.0004890228537000254	3.6369101926159253e-08																												Scil_g1970;Slac_ENSLPGG00000026851	1.5663423779564997e-35	2.1954594971659047e-39	Scil_g2790;Slac_ENSLPGG00000019707	2.678995746156686e-06	1.664904330736905e-05	Scil_g6432;Slac_ENSLPGG00000001593	8.921844317736951e-120	0.0020825868590593406							Scil_g2206;Slac_ENSLPGG00000014001	1.717522215741258e-25	0.004094928469770093																												Scil_g9453;Slac_ENSLPGG00000008251	2.056781849066872e-32	4.670788978404608e-15				Scil_g13539;Slac_ENSLPGG00000012055	8.172911743544704e-35	0.004024645954396675							Scil_g6498;Slac_ENSLPGG00000020053	1.2923519339490272e-64	0.00013605932074935457	Scil_g402;Slac_ENSLPGG00000021127	0.002831292277208948	0.004444679533062995	Scil_g8569;Slac_ENSLPGG00000021586	7.399706961159974e-49	0.00631563726543241	Scil_g2168;Slac_ENSLPGG00000017442	2.456663280013788e-06	3.932741514472264e-15				Scil_g13297;Slac_ENSLPGG00000018213	3.0365332750443945e-43	1.9313672660072607e-14	Scil_g6711;Slac_ENSLPGG00000009025	2.3341775053361774e-57	0.00610741058171942												
			Scil_g6478;Slac_ENSLPGG00000002802	9.55745693875112e-137	7.9256697159611e-137	Scil_g13297;Slac_ENSLPGG00000018213	3.676381813883234e-46	2.7014716093219345e-09	Scil_g1133;Slac_ENSLPGG00000008926	4.042644050264953e-151	2.2575973253275367e-18	Scil_g6711;Slac_ENSLPGG00000009025	2.3983875164051418e-70	6.295317644540952e-07	Scil_g548;Slac_ENSLPGG00000010832	3.632592778067305e-60	1.5668742821915783e-07										Scil_g2045;Slac_ENSLPGG00000020888	1.9029549217106236e-35	4.548942576825777e-05	Scil_g8206;Slac_ENSLPGG00000011935	7.158392268407372e-39	4.303345849185861e-42							Scil_g9453;Slac_ENSLPGG00000008251	0.00016236880741429826	2.268912044819083e-08																												Scil_g6711;Slac_ENSLPGG00000009025	2.1751347749618733e-10	6.295317644540952e-07	Scil_g1970;Slac_ENSLPGG00000027899	1.5663423779564997e-35	2.1475408258923468e-07	Scil_g6529;Slac_ENSLPGG00000000542	7.570374593366946e-44	2.6582021854742975e-16							Scil_g9331;Slac_ENSLPGG00000001861	3.2500230310847e-10	7.130847028255194e-05																												Scil_g2045;Slac_ENSLPGG00000020888	8.048914066496034e-14	1.8381466112990128e-12				Scil_g9800;Slac_ENSLPGG00000005542	5.4679377323500855e-12	1.6120114620635982e-07							Scil_g9493;Slac_ENSLPGG00000014397	2.9515426081567275e-32	6.514620800285567e-10	Scil_g402;Slac_ENSLPGG00000022031	0.002831292277208948	1.1390053361411855e-06	Scil_g10035;Slac_ENSLPGG00000016216	2.4513512383679115e-15	0.0001931781701696786	Scil_g8784;Slac_ENSLPGG00000013258	1.0499855983051466e-30	0.007983614854092479				Scil_g6498;Slac_ENSLPGG00000003492	1.0832910387587856e-48	2.593087026597021e-15	Scil_g8784;Slac_ENSLPGG00000011679	2.1798362641679393e-34	2.683640499495103e-06												
			Scil_g12359;Slac_ENSLPGG00000012055	2.3673971546455122e-64	2.5837843891576112e-25	Scil_g12359;Slac_ENSLPGG00000012055	2.3673971546455122e-64	3.6369101926159253e-08	Scil_g968;Slac_ENSLPGG00000007421	1.9843083766966807e-56	5.627509981332239e-08	Scil_g3256;Slac_ENSLPGG00000028868	5.452006744648249e-91	2.7375550175479056e-05	Scil_g176;Slac_ENSLPGG00000004179	1.664270103728279e-07	0.00041922201390155815										Scil_g1940;Slac_ENSLPGG00000000546	2.1649036433771732e-17	6.532624862841407e-07	Scil_g1133;Slac_ENSLPGG00000008926	5.1477092313701435e-49	2.2575973253275367e-18							Scil_g9453;Slac_ENSLPGG00000011679	0.00016236880741429826	2.3187367149704943e-06																												Scil_g8784;Slac_ENSLPGG00000013036	2.0833287114681465e-05	1.1798166033669584e-18	Scil_g8948;Slac_ENSLPGG00000015099	3.192704456017068e-72	1.4036443592741276e-07	Scil_g12088;Slac_ENSLPGG00000008894	2.440546274650487e-35	1.2790228529831583e-08							Scil_g267;Slac_ENSLPGG00000005083	4.285319044962744e-10	7.230080945253314e-06																												Scil_g9297;Slac_ENSLPGG00000017442	1.56991437495321e-29	1.6672221442580664e-14				Scil_g5906;Slac_ENSLPGG00000017249	5.174419612461301e-21	2.768839688949311e-06							Scil_g10015;Slac_ENSLPGG00000022563	4.800034890065439e-50	0.0002550193693695616	Scil_g402;Slac_ENSLPGG00000013283	0.002831292277208948	0.007325123895317493	Scil_g12129;Slac_ENSLPGG00000010554	0.0003303893264109402	1.009425034912119e-51	Scil_g1638;Slac_ENSLPGG00000026851	6.806062471931183e-22	3.435672027214082e-07				Scil_g13687;Slac_ENSLPGG00000024411	1.5600481977929334e-74	0.00026913458432165766	Scil_g10145;Slac_ENSLPGG00000012981	1.374538399839971e-38	3.7347188304903795e-05												
			Scil_g9698;Slac_ENSLPGG00000003607	4.176555091390801e-95	8.63324075701957e-05	Scil_g8784;Slac_ENSLPGG00000014570	9.908067367798732e-107	3.2280796960503845e-07	Scil_g6760;Slac_ENSLPGG00000011766	3.7394238592174746e-91	2.0105369160193262e-08	Scil_g5853;Slac_ENSLPGG00000011935	9.747829557542407e-65	1.3450411135448757e-39	Scil_g968;Slac_ENSLPGG00000007421	7.021105672156707e-67	5.627509981332239e-08										Scil_g8569;Slac_ENSLPGG00000024411	1.741908601865482e-30	1.2096505057732134e-06	Scil_g9503;Slac_ENSLPGG00000004519	7.921014333766046e-31	0.0032723837075047833							Scil_g9453;Slac_ENSLPGG00000001551	0.00016236880741429826	0.0030073189741299947																												Scil_g9503;Slac_ENSLPGG00000004000	3.1088437102030843e-43	0.003278021509044548	Scil_g8832;Slac_ENSLPGG00000016670	3.88811206147979e-65	0.0003434224468361648	Scil_g6498;Slac_ENSLPGG00000020053	1.328602721239005e-22	0.00013605932074935457							Scil_g267;Slac_ENSLPGG00000005542	4.285319044962744e-10	1.6120114620635982e-07																												Scil_g283;Slac_ENSLPGG00000015935	8.049620221262874e-10	3.2401081129749997e-12				Scil_g8909;Slac_ENSLPGG00000003277	9.88525168600528e-34	0.0013033296779786719							Scil_g2151;Slac_ENSLPGG00000006993	3.726953363351766e-36	2.285977235400164e-07	Scil_g402;Slac_ENSLPGG00000010506	0.002831292277208948	0.006092615259995692	Scil_g9297;Slac_ENSLPGG00000017442	1.1896022757395399e-22	3.458315981662844e-12	Scil_g2790;Slac_ENSLPGG00000019707	8.903801089339332e-48	1.664904330736905e-05				Scil_g10401;Slac_ENSLPGG00000009693	2.718312967351277e-34	5.0227407080739e-47	Scil_g2790;Slac_ENSLPGG00000019707	5.491010559397047e-43	1.664904330736905e-05												
			Scil_g2206;Slac_ENSLPGG00000013974	1.4268740080321066e-86	9.011092163486792e-15	Scil_g9453;Slac_ENSLPGG00000014570	1.041992355450003e-42	3.2280796960503845e-07	Scil_g2206;Slac_ENSLPGG00000010787	1.4268740080321066e-86	0.0022056602738712958	Scil_g5853;Slac_ENSLPGG00000014536	9.747829557542407e-65	2.3412831869630676e-27	Scil_g8784;Slac_ENSLPGG00000012945	4.461475634554319e-97	0.0023427679384132806										Scil_g8784;Slac_ENSLPGG00000012945	5.128221086425697e-48	0.0023427679384132806	Scil_g11800;Slac_ENSLPGG00000021800	1.1079747803344202e-12	0.00655068339121218							Scil_g3312;Slac_ENSLPGG00000005591	0.0006560633883811899	2.6928860112553685e-19																												Scil_g645;Slac_ENSLPGG00000017340	1.812751393687764e-118	5.828180967476836e-08	Scil_g2266;Slac_ENSLPGG00000027805	1.4185031398007377e-109	0.0023230261479473767	Scil_g9453;Slac_ENSLPGG00000011679	4.6731217585328485e-73	2.3521188597386696e-10							Scil_g274;Slac_ENSLPGG00000011664	2.7426491230776473e-06	0.0002267509451700141																												Scil_g9896;Slac_ENSLPGG00000023496	1.5515179907681383e-34	0.00010386832024772968				Scil_g6217;Slac_ENSLPGG00000028030	8.689186615933818e-34	7.65275355858925e-07							Scil_g1638;Slac_ENSLPGG00000026851	6.806062471931183e-22	2.1954594971659047e-39	Scil_g402;Slac_ENSLPGG00000021619	0.002831292277208948	0.002846871655798682	Scil_g1929;Slac_ENSLPGG00000017167	0.0027012050929478017	1.3185020821447945e-08	Scil_g5496;Slac_ENSLPGG00000014820	8.824223870739615e-19	9.576705732763362e-14				Scil_g9698;Slac_ENSLPGG00000003607	7.404885461100622e-26	8.63324075701957e-05	Scil_g1638;Slac_ENSLPGG00000026851	2.7457626834945253e-42	3.435672027214082e-07												
			Scil_g2206;Slac_ENSLPGG00000014001	1.4268740080321066e-86	2.2252025859821583e-13	Scil_g9698;Slac_ENSLPGG00000003607	4.176555091390801e-95	1.739591313550339e-05	Scil_g12815;Slac_ENSLPGG00000012644	1.720955826849749e-67	0.009745553271228292	Scil_g12359;Slac_ENSLPGG00000012055	1.477672773774837e-13	2.5837843891576112e-25	Scil_g6478;Slac_ENSLPGG00000002802	1.3696367226620593e-60	5.470861898371375e-17										Scil_g8206;Slac_ENSLPGG00000011935	7.383137842387024e-69	4.303345849185861e-42	Scil_g10145;Slac_ENSLPGG00000012981	4.310257482957996e-37	3.7347188304903795e-05							Scil_g9627;Slac_ENSLPGG00000005266	0.003089581982112186	0.000697969784530869																												Scil_g2168;Slac_ENSLPGG00000017442	2.8500343812602166e-67	1.6672221442580664e-14	Scil_g8784;Slac_ENSLPGG00000012945	2.0833287114681465e-05	0.0023427679384132806	Scil_g9230;Slac_ENSLPGG00000028868	4.1571607056312035e-101	2.7375550175479056e-05							Scil_g271;Slac_ENSLPGG00000011745	8.88292234780271e-96	8.908210932401408e-15																												Scil_g6573;Slac_ENSLPGG00000001774	5.51206322698873e-22	5.5336845091324314e-11				Scil_g13687;Slac_ENSLPGG00000024411	2.7220194856556577e-05	1.2096505057732134e-06							Scil_g848;Slac_ENSLPGG00000027631	1.457276902152255e-21	5.120386261533688e-06	Scil_g402;Slac_ENSLPGG00000002171	0.002831292277208948	8.105067294518772e-29	Scil_g5592;Slac_ENSLPGG00000027633	5.541405827238133e-09	2.5066878894333485e-06	Scil_g12781;Slac_ENSLPGG00000012981	1.0769954053511488e-75	3.7347188304903795e-05				Scil_g12815;Slac_ENSLPGG00000012644	9.407814810608596e-30	1.2610207866014905e-16	Scil_g2206;Slac_ENSLPGG00000010787	3.8427685016444203e-75	0.0022056602738712958												
			Scil_g12815;Slac_ENSLPGG00000012644	1.720955826849749e-67	1.2610207866014905e-16	Scil_g9896;Slac_ENSLPGG00000002568	1.5601001982437897e-19	6.08580594808894e-12	Scil_g548;Slac_ENSLPGG00000010832	2.113568264538276e-47	1.5668742821915783e-07	Scil_g9493;Slac_ENSLPGG00000004000	1.0966284320389135e-80	0.003278021509044548	Scil_g12359;Slac_ENSLPGG00000012055	1.477672773774837e-13	0.004024645954396675										Scil_g10145;Slac_ENSLPGG00000012981	2.749523763268255e-41	3.7347188304903795e-05	Scil_g8206;Slac_ENSLPGG00000014536	7.158392268407372e-39	2.442134044403989e-35							Scil_g8569;Slac_ENSLPGG00000019939	0.0033928145353648836	0.0012373971669953775																												Scil_g8547;Slac_ENSLPGG00000010087	1.7132907192872393e-96	5.482070075741699e-13	Scil_g1970;Slac_ENSLPGG00000026851	1.5663423779564997e-35	3.435672027214082e-07	Scil_g9815;Slac_ENSLPGG00000028025	3.7227879223574454e-17	5.483241383028338e-06							Scil_g321;Slac_ENSLPGG00000011969	5.47478236363688e-59	4.4372662402430685e-05																												Scil_g9800;Slac_ENSLPGG00000004714	5.4679377323500855e-12	4.7223883449744205e-15				Scil_g13687;Slac_ENSLPGG00000021586	2.7220194856556577e-05	3.684928387240296e-05							Scil_g6573;Slac_ENSLPGG00000001774	5.6710084031744045e-31	5.5336845091324314e-11	Scil_g429;Slac_ENSLPGG00000010487	6.366782475182987e-05	1.1726200151416078e-07	Scil_g9453;Slac_ENSLPGG00000013258	9.085190326555412e-21	0.00024071350450847917	Scil_g8569;Slac_ENSLPGG00000021586	7.399706961159974e-49	3.684928387240296e-05				Scil_g9048;Slac_ENSLPGG00000005083	1.2850400112213864e-38	1.124330201580065e-23	Scil_g2125;Slac_ENSLPGG00000027899	6.334665188580222e-26	2.1475408258923468e-07												
			Scil_g8207;Slac_ENSLPGG00000014536	4.112264272359534e-164	2.3412831869630676e-27	Scil_g12815;Slac_ENSLPGG00000012644	1.720955826849749e-67	3.0857826957065565e-06	Scil_g512;Slac_ENSLPGG00000012055	1.414558408333157e-88	0.004024645954396675	Scil_g3738;Slac_ENSLPGG00000013280	4.8334224394011836e-80	1.4500999815176517e-33	Scil_g176;Slac_ENSLPGG00000004519	1.664270103728279e-07	0.0032723837075047833										Scil_g1638;Slac_ENSLPGG00000027899	1.9871016669203724e-14	2.1475408258923468e-07	Scil_g8784;Slac_ENSLPGG00000012945	4.126375244293354e-38	0.0023427679384132806							Scil_g6478;Slac_ENSLPGG00000003831	1.8006036865530047e-07	0.0015641324272231186																												Scil_g8784;Slac_ENSLPGG00000011679	2.0833287114681465e-05	2.3521188597386696e-10	Scil_g8784;Slac_ENSLPGG00000013258	2.0833287114681465e-05	0.007983614854092479	Scil_g9453;Slac_ENSLPGG00000001551	4.6731217585328485e-73	2.489206243611907e-06							Scil_g392;Slac_ENSLPGG00000009800	1.422501461014177e-14	0.0005757164772576197																												Scil_g13297;Slac_ENSLPGG00000018213	3.579725883650626e-21	1.9313672660072607e-14				Scil_g2045;Slac_ENSLPGG00000020888	8.048914066496034e-14	4.548942576825777e-05							Scil_g4134;Slac_ENSLPGG00000018450	9.944983941582443e-26	1.974438038682659e-45				Scil_g13000;Slac_ENSLPGG00000029928	3.14423690753096e-11	2.043416805853611e-05	Scil_g5203;Slac_ENSLPGG00000027198	1.2874598100904535e-24	1.5449918119745799e-12				Scil_g1638;Slac_ENSLPGG00000027899	2.7457626834945253e-42	6.273158257151112e-10	Scil_g12359;Slac_ENSLPGG00000012055	1.1261083506346657e-13	0.004024645954396675												
			Scil_g6760;Slac_ENSLPGG00000003655	3.7394238592174746e-91	9.40828911176657e-21	Scil_g2125;Slac_ENSLPGG00000026851	7.537571535397402e-30	7.52366831313503e-12	Scil_g8909;Slac_ENSLPGG00000003277	1.9058091377534432e-72	0.0013033296779786719	Scil_g3398;Slac_ENSLPGG00000029433	1.0325409566138982e-74	5.781490924713239e-07	Scil_g10401;Slac_ENSLPGG00000009693	2.4044236497706994e-39	1.8270096672043233e-85										Scil_g6478;Slac_ENSLPGG00000002802	3.5660726191727276e-50	5.470861898371375e-17	Scil_g552;Slac_ENSLPGG00000010574	2.8245908474863716e-13	8.205917835561142e-20							Scil_g9048;Slac_ENSLPGG00000023020	0.00022788214109136683	0.00010797120483584228																												Scil_g9453;Slac_ENSLPGG00000001551	7.752476681575691e-104	2.489206243611907e-06	Scil_g6036;Slac_ENSLPGG00000011766	3.346912720733224e-107	2.0105369160193262e-08	Scil_g6711;Slac_ENSLPGG00000014533	2.617263631111518e-06	4.1486027001370666e-07							Scil_g478;Slac_ENSLPGG00000004305	1.73761239993212e-51	3.6740644417102746e-05																												Scil_g9784;Slac_ENSLPGG00000017293	1.7185038765358024e-34	1.1853542770408634e-06				Scil_g8269;Slac_ENSLPGG00000004338	4.595624493956679e-15	3.94689794101048e-06							Scil_g5853;Slac_ENSLPGG00000011935	7.473576160686528e-56	1.3450411135448757e-39				Scil_g2536;Slac_ENSLPGG00000030214	1.1000851270696005e-09	1.3831323580608214e-09	Scil_g3398;Slac_ENSLPGG00000029433	3.6807904419021404e-75	5.909714768375026e-06				Scil_g2645;Slac_ENSLPGG00000029285	6.593573815263135e-39	5.067720469260824e-24	Scil_g10997;Slac_ENSLPGG00000020828	1.9178858659264772e-33	2.208991744735936e-06												
			Scil_g8206;Slac_ENSLPGG00000014536	6.733408596302241e-140	2.3412831869630676e-27	Scil_g313;Slac_ENSLPGG00000029231	4.21404119971032e-56	9.488371070482428e-05	Scil_g8206;Slac_ENSLPGG00000011935	6.733408596302241e-140	4.303345849185861e-42	Scil_g5592;Slac_ENSLPGG00000027633	1.7917880668904657e-175	0.0007267486762986831	Scil_g2790;Slac_ENSLPGG00000019707	8.469490205362808e-79	1.664904330736905e-05										Scil_g552;Slac_ENSLPGG00000010574	5.5768642266984116e-08	8.205917835561142e-20	Scil_g12815;Slac_ENSLPGG00000012644	1.247890213783356e-16	0.009745553271228292							Scil_g8948;Slac_ENSLPGG00000015099	8.468745486340047e-06	0.009548515285279644																												Scil_g13297;Slac_ENSLPGG00000018213	9.398461925937273e-35	1.9313672660072607e-14	Scil_g9331;Slac_ENSLPGG00000001861	1.1631982211269812e-55	7.130847028255194e-05	Scil_g2206;Slac_ENSLPGG00000005820	1.717522215741258e-25	0.001011811941688375							Scil_g497;Slac_ENSLPGG00000012592	0.00047732284609767773	0.003601732332786809																												Scil_g968;Slac_ENSLPGG00000007421	9.59192014926628e-30	1.1962675262850768e-08				Scil_g9503;Slac_ENSLPGG00000004179	1.4338984677402368e-23	0.00041922201390155815							Scil_g9815;Slac_ENSLPGG00000028025	4.830247271194087e-52	5.483241383028338e-06				Scil_g13745;Slac_ENSLPGG00000018065	9.538753720775364e-06	0.004162837302536249	Scil_g1940;Slac_ENSLPGG00000000546	4.6899714183151624e-35	6.532624862841407e-07				Scil_g9503;Slac_ENSLPGG00000004519	9.638396070064196e-67	0.00010686538706661993	Scil_g3347;Slac_ENSLPGG00000007508	1.9931141181024513e-19	1.1136063017525332e-05												
			Scil_g8569;Slac_ENSLPGG00000019939	8.912916080279021e-94	7.746866494854593e-09	Scil_g1940;Slac_ENSLPGG00000000546	5.16669459903713e-59	7.388929477668698e-08	Scil_g6432;Slac_ENSLPGG00000001593	5.1336289779883026e-39	9.75289532536796e-12	Scil_g6760;Slac_ENSLPGG00000003655	3.0951524221344593e-58	9.40828911176657e-21	Scil_g6478;Slac_ENSLPGG00000003831	1.3696367226620593e-60	2.404097731159506e-05										Scil_g8569;Slac_ENSLPGG00000010551	1.741908601865482e-30	7.060343438230766e-14	Scil_g8569;Slac_ENSLPGG00000010551	3.301636262983605e-39	7.060343438230766e-14							Scil_g928;Slac_ENSLPGG00000016178	4.418811494023422e-06	0.0017443460792399214																												Scil_g10015;Slac_ENSLPGG00000022563	1.2317781568618737e-12	0.0002550193693695616	Scil_g13539;Slac_ENSLPGG00000012055	2.4699374905497742e-127	0.004024645954396675	Scil_g9297;Slac_ENSLPGG00000017442	4.7414446855595875e-59	1.6672221442580664e-14																																					Scil_g9453;Slac_ENSLPGG00000011679	2.056781849066872e-32	2.3521188597386696e-10				Scil_g1132;Slac_ENSLPGG00000009493	1.4096269756374601e-08	8.61901041892892e-05							Scil_g9493;Slac_ENSLPGG00000004000	2.9515426081567275e-32	0.003278021509044548				Scil_g8206;Slac_ENSLPGG00000011935	4.660555141550041e-35	0.000341368738201194	Scil_g9453;Slac_ENSLPGG00000011679	9.085190326555412e-21	2.683640499495103e-06				Scil_g968;Slac_ENSLPGG00000007421	4.879847019732234e-33	1.1962675262850768e-08	Scil_g5583;Slac_ENSLPGG00000023072	4.971580209673624e-29	2.998557883866538e-09												
			Scil_g3256;Slac_ENSLPGG00000028868	2.60698942674615e-95	2.7375550175479056e-05	Scil_g2790;Slac_ENSLPGG00000019707	2.2719066723895912e-88	0.0010541763460486472	Scil_g1638;Slac_ENSLPGG00000027899	2.2763576435337092e-28	2.1475408258923468e-07	Scil_g313;Slac_ENSLPGG00000029231	5.155603322391385e-78	9.52710696758072e-07	Scil_g8569;Slac_ENSLPGG00000010551	1.7894243764152615e-54	7.060343438230766e-14										Scil_g9048;Slac_ENSLPGG00000005542	5.556755528874442e-17	1.6120114620635982e-07	Scil_g512;Slac_ENSLPGG00000012055	3.2873322724443467e-31	0.004024645954396675							Scil_g3074;Slac_ENSLPGG00000029003	0.008356919830113092	0.00013954334484069168																												Scil_g928;Slac_ENSLPGG00000016178	6.047707746450295e-14	4.879997472761123e-10	Scil_g6217;Slac_ENSLPGG00000028030	2.5740232738532253e-18	7.65275355858925e-07	Scil_g6711;Slac_ENSLPGG00000009025	2.617263631111518e-06	6.295317644540952e-07																																					Scil_g8784;Slac_ENSLPGG00000011679	8.142504589067801e-22	2.3521188597386696e-10				Scil_g566;Slac_ENSLPGG00000012732	8.524882451877817e-32	0.002490841745581272							Scil_g8207;Slac_ENSLPGG00000011935	1.4804891081956675e-73	1.3450411135448757e-39				Scil_g8948;Slac_ENSLPGG00000015099	4.034845827274647e-09	0.008128260865936092	Scil_g3347;Slac_ENSLPGG00000007508	3.081657994114369e-41	1.1136063017525332e-05				Scil_g6711;Slac_ENSLPGG00000009025	2.3341775053361774e-57	6.295317644540952e-07	Scil_g1132;Slac_ENSLPGG00000008926	0.0003436788336779155	2.2575973253275367e-18												
			Scil_g8207;Slac_ENSLPGG00000011935	4.112264272359534e-164	1.3450411135448757e-39	Scil_g3398;Slac_ENSLPGG00000029433	4.887123871351116e-120	0.0026526132981539623	Scil_g10997;Slac_ENSLPGG00000020828	1.1185304826820408e-47	2.208991744735936e-06	Scil_g8784;Slac_ENSLPGG00000011679	4.461475634554319e-97	2.3521188597386696e-10	Scil_g6432;Slac_ENSLPGG00000001593	7.962893538726741e-34	9.75289532536796e-12										Scil_g3347;Slac_ENSLPGG00000007508	6.964245501536812e-41	1.1136063017525332e-05	Scil_g13155;Slac_ENSLPGG00000025541	5.05101632567367e-34	0.0002879964005366056							Scil_g2645;Slac_ENSLPGG00000029285	0.0006348177232891387	1.6667263539029387e-06																												Scil_g2266;Slac_ENSLPGG00000027805	1.4185031398007377e-109	1.1628240147129951e-05	Scil_g267;Slac_ENSLPGG00000005083	5.885782606862505e-37	7.230080945253314e-06	Scil_g3074;Slac_ENSLPGG00000029003	4.983070607551141e-06	7.206247055923804e-33																																					Scil_g151;Slac_ENSLPGG00000013344	3.492488208984423e-30	3.577549343166164e-18				Scil_g2168;Slac_ENSLPGG00000017442	1.4152585156163187e-10	3.932741514472264e-15							Scil_g512;Slac_ENSLPGG00000012055	6.214137589794434e-75	2.5837843891576112e-25				Scil_g8832;Slac_ENSLPGG00000016670	8.952643799901973e-06	1.6082615435890858e-05	Scil_g1970;Slac_ENSLPGG00000026851	1.0284454998381085e-42	3.435672027214082e-07				Scil_g9815;Slac_ENSLPGG00000028025	8.969639446586069e-35	5.483241383028338e-06	Scil_g5853;Slac_ENSLPGG00000014536	1.7955554698928446e-15	2.442134044403989e-35												
			Scil_g2206;Slac_ENSLPGG00000010787	1.4268740080321066e-86	6.66853407732245e-12	Scil_g512;Slac_ENSLPGG00000012055	1.414558408333157e-88	3.6369101926159253e-08	Scil_g6478;Slac_ENSLPGG00000003831	9.55745693875112e-137	2.404097731159506e-05	Scil_g4134;Slac_ENSLPGG00000018450	8.404315379515551e-79	1.974438038682659e-45	Scil_g3347;Slac_ENSLPGG00000007508	3.901517593480032e-67	1.1136063017525332e-05										Scil_g1638;Slac_ENSLPGG00000026851	1.9871016669203724e-14	3.435672027214082e-07	Scil_g8207;Slac_ENSLPGG00000011935	2.9374827842370764e-45	4.303345849185861e-42							Scil_g6478;Slac_ENSLPGG00000003671	1.8006036865530047e-07	0.00027720892671967813																												Scil_g6711;Slac_ENSLPGG00000014533	2.1751347749618733e-10	4.1486027001370666e-07	Scil_g267;Slac_ENSLPGG00000005542	5.885782606862505e-37	1.6120114620635982e-07	Scil_g2679;Slac_ENSLPGG00000008029	3.087782107183475e-98	2.1429507329778337e-15																																					Scil_g2536;Slac_ENSLPGG00000030214	7.764871976051948e-37	1.1904823129216072e-05				Scil_g8948;Slac_ENSLPGG00000015099	6.36995141371294e-31	1.4036443592741276e-07							Scil_g6478;Slac_ENSLPGG00000003831	1.1894457884695337e-90	1.9753386794871567e-12				Scil_g8206;Slac_ENSLPGG00000014536	4.660555141550041e-35	1.6713606910148e-09	Scil_g12815;Slac_ENSLPGG00000012644	3.3312260096529243e-39	0.009745553271228292				Scil_g13524;Slac_ENSLPGG00000007525	1.3976075630822367e-12	1.2976177857252313e-07	Scil_g12781;Slac_ENSLPGG00000012981	7.887729027413803e-32	3.7347188304903795e-05												
			Scil_g9800;Slac_ENSLPGG00000020639	9.48023987730771e-156	9.895814052081766e-05	Scil_g6478;Slac_ENSLPGG00000022382	9.55745693875112e-137	0.009079633528980611	Scil_g2045;Slac_ENSLPGG00000020888	2.6764103969423014e-91	4.548942576825777e-05	Scil_g3347;Slac_ENSLPGG00000007508	3.901517593480032e-67	2.4875269046456503e-28	Scil_g11800;Slac_ENSLPGG00000021800	1.0210844766463247e-69	0.00655068339121218										Scil_g1133;Slac_ENSLPGG00000009493	1.3466041603141555e-71	8.61901041892892e-05	Scil_g5906;Slac_ENSLPGG00000017249	7.108634088928132e-11	2.768839688949311e-06							Scil_g9453;Slac_ENSLPGG00000005398	0.00016236880741429826	0.0016057653891606441																												Scil_g6529;Slac_ENSLPGG00000000542	1.121140392200826e-65	2.6582021854742975e-16	Scil_g274;Slac_ENSLPGG00000011664	7.348827385286439e-08	0.0002267509451700141	Scil_g2679;Slac_ENSLPGG00000028207	3.087782107183475e-98	1.867859734453791e-12																																					Scil_g6711;Slac_ENSLPGG00000014533	1.8604014907515917e-26	4.1486027001370666e-07				Scil_g9453;Slac_ENSLPGG00000013258	2.056781849066872e-32	0.007983614854092479							Scil_g9503;Slac_ENSLPGG00000014397	6.336262308259084e-40	6.514620800285567e-10				Scil_g9836;Slac_ENSLPGG00000007303	7.154250033357604e-05	0.006433185104763459	Scil_g313;Slac_ENSLPGG00000029231	2.3362069436866995e-26	6.27298892959851e-08				Scil_g9048;Slac_ENSLPGG00000008029	1.2850400112213864e-38	2.1429507329778337e-15	Scil_g2045;Slac_ENSLPGG00000020888	1.2242659258082136e-44	4.548942576825777e-05												
			Scil_g9503;Slac_ENSLPGG00000004519	2.220151461027726e-92	0.00010686538706661993	Scil_g6478;Slac_ENSLPGG00000003671	9.55745693875112e-137	0.00027720892671967813	Scil_g151;Slac_ENSLPGG00000013344	9.667655340794264e-27	2.5736575626952478e-36	Scil_g1940;Slac_ENSLPGG00000000546	1.2606880653176618e-33	2.791744354253102e-40	Scil_g8206;Slac_ENSLPGG00000011935	4.954809955860979e-24	4.303345849185861e-42										Scil_g2206;Slac_ENSLPGG00000014001	2.4905717815906032e-33	0.004094928469770093	Scil_g2168;Slac_ENSLPGG00000017442	3.7201856669969126e-05	3.932741514472264e-15							Scil_g6529;Slac_ENSLPGG00000000542	0.0023941677325636265	1.5365180387017026e-05																												Scil_g9896;Slac_ENSLPGG00000023496	7.944710995739469e-79	0.00010386832024772968	Scil_g271;Slac_ENSLPGG00000011745	2.479594692950588e-31	8.908210932401408e-15	Scil_g10015;Slac_ENSLPGG00000022563	5.7931825853129444e-39	0.0002550193693695616																																					Scil_g8784;Slac_ENSLPGG00000014570	8.142504589067801e-22	5.642196009546153e-20				Scil_g9048;Slac_ENSLPGG00000005083	3.768892463920302e-09	7.230080945253314e-06							Scil_g8784;Slac_ENSLPGG00000013258	1.0499855983051466e-30	2.2291185466983853e-09				Scil_g13745;Slac_ENSLPGG00000012306	9.538753720775364e-06	1.2850615319875733e-09	Scil_g9048;Slac_ENSLPGG00000005542	2.4413691500777468e-39	1.6120114620635982e-07				Scil_g8569;Slac_ENSLPGG00000019939	2.8070546722766534e-38	7.746866494854593e-09	Scil_g9048;Slac_ENSLPGG00000005083	1.2850400112213864e-38	7.230080945253314e-06												
			Scil_g8784;Slac_ENSLPGG00000005398	9.908067367798732e-107	3.0195526377610373e-09	Scil_g6478;Slac_ENSLPGG00000003831	9.55745693875112e-137	0.0015641324272231186	Scil_g10145;Slac_ENSLPGG00000012981	2.330253098099134e-104	3.7347188304903795e-05	Scil_g13524;Slac_ENSLPGG00000011839	0.0015563327988630216	0.00023796853818428576	Scil_g9230;Slac_ENSLPGG00000001288	7.298882244062682e-29	1.7179326704524777e-43										Scil_g151;Slac_ENSLPGG00000013344	2.870575910966797e-19	2.5736575626952478e-36	Scil_g2790;Slac_ENSLPGG00000019707	2.289932879899429e-36	1.664904330736905e-05							Scil_g9627;Slac_ENSLPGG00000004782	0.003089581982112186	1.712123578432791e-05																												Scil_g852;Slac_ENSLPGG00000005314	1.4341300662797377e-125	2.97995600931785e-29	Scil_g321;Slac_ENSLPGG00000011969	8.457003961874762e-66	4.4372662402430685e-05	Scil_g13687;Slac_ENSLPGG00000024411	1.3130253835517724e-101	0.00026913458432165766																																					Scil_g9503;Slac_ENSLPGG00000014397	1.4338984677402368e-23	6.514620800285567e-10				Scil_g1846;Slac_ENSLPGG00000015884	6.70392959920678e-37	9.260489127110691e-09							Scil_g6760;Slac_ENSLPGG00000003655	1.257405804796029e-48	9.40828911176657e-21				Scil_g114;Slac_ENSLPGG00000027385	2.9072643911487857e-25	4.2193542008811905e-07	Scil_g9784;Slac_ENSLPGG00000017293	6.318417168023661e-11	2.8015083935754752e-09				Scil_g5203;Slac_ENSLPGG00000027198	2.6887732788314986e-23	1.7491526269555e-18	Scil_g1940;Slac_ENSLPGG00000000546	2.152800843350219e-36	6.532624862841407e-07												
			Scil_g6498;Slac_ENSLPGG00000020053	9.886420699751124e-137	0.00013605932074935457	Scil_g928;Slac_ENSLPGG00000016178	3.670490504814812e-95	0.0017443460792399214	Scil_g8784;Slac_ENSLPGG00000013258	9.908067367798732e-107	0.007983614854092479	Scil_g1132;Slac_ENSLPGG00000009493	1.508062244012337e-63	1.0648916230382638e-07	Scil_g2168;Slac_ENSLPGG00000017442	7.257439971850898e-30	3.932741514472264e-15										Scil_g1133;Slac_ENSLPGG00000008926	1.3466041603141555e-71	2.2575973253275367e-18	Scil_g151;Slac_ENSLPGG00000013344	8.154484111381587e-09	2.5736575626952478e-36							Scil_g114;Slac_ENSLPGG00000027385	0.0006382724033120417	0.005467421238118516																												Scil_g13745;Slac_ENSLPGG00000012306	9.984088792248443e-78	3.936543261477197e-11	Scil_g329;Slac_ENSLPGG00000026649	1.9062766363081763e-08	0.0030710996085872157	Scil_g8948;Slac_ENSLPGG00000015099	7.456107016268565e-55	0.0002737767557969287																																					Scil_g6529;Slac_ENSLPGG00000000542	7.337232802425154e-31	2.6582021854742975e-16				Scil_g3398;Slac_ENSLPGG00000029433	8.740977725111525e-08	5.909714768375026e-06							Scil_g6760;Slac_ENSLPGG00000011766	1.257405804796029e-48	6.424279466496312e-54				Scil_g254;Slac_ENSLPGG00000011839	4.7861042738356356e-32	5.504165610605989e-08	Scil_g1133;Slac_ENSLPGG00000009493	1.608801229372555e-88	8.61901041892892e-05				Scil_g9453;Slac_ENSLPGG00000014570	4.327858497939192e-26	5.642196009546153e-20	Scil_g1929;Slac_ENSLPGG00000017167	6.97689847060085e-37	1.0105858529738278e-10												
			Scil_g2206;Slac_ENSLPGG00000020387	1.4268740080321066e-86	2.0186617573470594e-19	Scil_g3312;Slac_ENSLPGG00000018877	1.1149430941599726e-50	9.038284291233422e-12	Scil_g8784;Slac_ENSLPGG00000012945	9.908067367798732e-107	0.0023427679384132806	Scil_g9503;Slac_ENSLPGG00000004519	2.625874160586213e-79	0.00010686538706661993	Scil_g2045;Slac_ENSLPGG00000020888	3.960794751751522e-62	4.548942576825777e-05										Scil_g2125;Slac_ENSLPGG00000027899	9.685621364141972e-29	2.1475408258923468e-07	Scil_g6478;Slac_ENSLPGG00000002802	2.0734403965038545e-36	5.470861898371375e-17																																					Scil_g1929;Slac_ENSLPGG00000017167	5.073557688136568e-49	4.059213680124567e-14	Scil_g392;Slac_ENSLPGG00000009800	1.615794214794336e-05	0.0005757164772576197	Scil_g9896;Slac_ENSLPGG00000023496	4.2813577989825094e-47	0.00010386832024772968																																					Scil_g9836;Slac_ENSLPGG00000007303	1.887646547764e-23	1.3771631053129664e-06				Scil_g6036;Slac_ENSLPGG00000011766	1.2482653700464854e-24	2.0105369160193262e-08							Scil_g313;Slac_ENSLPGG00000029231	2.3362069436866995e-26	9.52710696758072e-07				Scil_g321;Slac_ENSLPGG00000011969	5.201512778955545e-06	8.924999064424353e-05	Scil_g1970;Slac_ENSLPGG00000027899	1.0284454998381085e-42	2.1475408258923468e-07				Scil_g6760;Slac_ENSLPGG00000011766	2.7299521378760657e-60	6.424279466496312e-54	Scil_g9784;Slac_ENSLPGG00000017293	5.333759159696177e-20	2.8015083935754752e-09												
			Scil_g1638;Slac_ENSLPGG00000026851	2.2763576435337092e-28	2.1954594971659047e-39	Scil_g9048;Slac_ENSLPGG00000005083	2.987962565879083e-67	4.431444955771938e-16	Scil_g1638;Slac_ENSLPGG00000026851	2.2763576435337092e-28	3.435672027214082e-07	Scil_g8207;Slac_ENSLPGG00000011935	1.9403014461768608e-77	1.3450411135448757e-39	Scil_g10145;Slac_ENSLPGG00000012981	4.5875274989097e-62	3.7347188304903795e-05										Scil_g8569;Slac_ENSLPGG00000021586	1.741908601865482e-30	3.684928387240296e-05	Scil_g10997;Slac_ENSLPGG00000020828	2.9982707026258755e-20	2.208991744735936e-06																																					Scil_g9815;Slac_ENSLPGG00000028025	8.748635699441967e-19	5.483241383028338e-06	Scil_g478;Slac_ENSLPGG00000004305	7.970601739097367e-49	3.6740644417102746e-05	Scil_g2894;Slac_ENSLPGG00000019707	1.4492797990721123e-148	0.0003308982790262828																																					Scil_g9800;Slac_ENSLPGG00000008029	5.4679377323500855e-12	2.1429507329778337e-15				Scil_g8784;Slac_ENSLPGG00000013258	8.142504589067801e-22	0.007983614854092479							Scil_g9503;Slac_ENSLPGG00000004000	6.336262308259084e-40	0.003278021509044548				Scil_g402;Slac_ENSLPGG00000013283	0.002831292277208948	0.00914956232503422	Scil_g13000;Slac_ENSLPGG00000029928	3.14423690753096e-11	7.55965493874983e-21				Scil_g8784;Slac_ENSLPGG00000005398	2.1798362641679393e-34	3.0195526377610373e-09	Scil_g13000;Slac_ENSLPGG00000029928	7.281913550665176e-16	7.55965493874983e-21												
			Scil_g3312;Slac_ENSLPGG00000005591	1.1149430941599726e-50	1.0919858717207004e-50	Scil_g1970;Slac_ENSLPGG00000026851	2.432112725515365e-51	7.52366831313503e-12	Scil_g9048;Slac_ENSLPGG00000005542	2.987962565879083e-67	1.6120114620635982e-07	Scil_g9815;Slac_ENSLPGG00000028025	2.5943830107589645e-91	5.483241383028338e-06	Scil_g1638;Slac_ENSLPGG00000026851	5.040504522579827e-57	3.435672027214082e-07										Scil_g2125;Slac_ENSLPGG00000026851	9.685621364141972e-29	3.435672027214082e-07	Scil_g5496;Slac_ENSLPGG00000014820	1.8861016010932887e-08	9.576705732763362e-14																																					Scil_g1970;Slac_ENSLPGG00000027899	1.5663423779564997e-35	6.273158257151112e-10	Scil_g497;Slac_ENSLPGG00000012592	0.0012166363255381029	0.003601732332786809	Scil_g9896;Slac_ENSLPGG00000002568	4.2813577989825094e-47	1.9453016396592235e-22																																					Scil_g4183;Slac_ENSLPGG00000022449	4.923672380520055e-08	4.729009323723236e-59				Scil_g12815;Slac_ENSLPGG00000012644	8.42931737452028e-20	0.009745553271228292							Scil_g3738;Slac_ENSLPGG00000013280	5.531269750429809e-78	1.4500999815176517e-33				Scil_g402;Slac_ENSLPGG00000021619	0.002831292277208948	0.004738445472870924	Scil_g10997;Slac_ENSLPGG00000020828	1.8770616640259057e-07	2.208991744735936e-06				Scil_g8784;Slac_ENSLPGG00000013036	2.1798362641679393e-34	1.1798166033669584e-18	Scil_g8569;Slac_ENSLPGG00000019939	2.8070546722766534e-38	2.3792066558181335e-05												
			Scil_g3398;Slac_ENSLPGG00000029433	4.887123871351116e-120	5.781490924713239e-07	Scil_g5906;Slac_ENSLPGG00000017249	2.893742707511789e-52	1.6085724988960375e-05	Scil_g6478;Slac_ENSLPGG00000001057	9.55745693875112e-137	0.0006556926158877126	Scil_g9698;Slac_ENSLPGG00000003607	1.0729868392140009e-44	8.63324075701957e-05	Scil_g1132;Slac_ENSLPGG00000009493	1.508062244012337e-63	8.61901041892892e-05										Scil_g5906;Slac_ENSLPGG00000017249	1.4728466690585123e-20	2.768839688949311e-06	Scil_g928;Slac_ENSLPGG00000016178	2.3902854205524584e-21	6.211649555153535e-16																																					Scil_g2125;Slac_ENSLPGG00000009812	3.010623064881322e-63	1.0932512191403664e-05	Scil_g497;Slac_ENSLPGG00000024534	0.0012166363255381029	0.0003020881440710629	Scil_g13745;Slac_ENSLPGG00000012306	1.723531041180612e-42	3.936543261477197e-11																																					Scil_g2151;Slac_ENSLPGG00000006993	6.306586151018387e-29	2.285977235400164e-07				Scil_g9000;Slac_ENSLPGG00000027245	2.902553479019266e-13	0.00887012416938921							Scil_g8784;Slac_ENSLPGG00000012945	1.0499855983051466e-30	7.651688797584175e-26				Scil_g402;Slac_ENSLPGG00000015884	0.002831292277208948	0.0006833600647966191	Scil_g512;Slac_ENSLPGG00000012055	6.214137589794434e-75	0.004024645954396675				Scil_g9350;Slac_ENSLPGG00000016018	1.622388902798572e-16	9.131746071512445e-40	Scil_g6478;Slac_ENSLPGG00000002802	4.3297761255432755e-23	5.470861898371375e-17												
			Scil_g10015;Slac_ENSLPGG00000022563	9.879328767416386e-60	0.0002550193693695616	Scil_g8206;Slac_ENSLPGG00000014536	6.733408596302241e-140	1.1734089487601698e-11	Scil_g2790;Slac_ENSLPGG00000019707	2.2719066723895912e-88	1.664904330736905e-05	Scil_g2206;Slac_ENSLPGG00000011938	7.187792383971008e-119	1.929366245869577e-05	Scil_g9048;Slac_ENSLPGG00000005542	1.3585986370891582e-70	1.6120114620635982e-07										Scil_g9453;Slac_ENSLPGG00000012945	1.431562571666625e-10	0.0023427679384132806	Scil_g2125;Slac_ENSLPGG00000027899	4.788288697922128e-12	2.1475408258923468e-07																																					Scil_g8948;Slac_ENSLPGG00000015099	3.192704456017068e-72	0.0002737767557969287				Scil_g428;Slac_ENSLPGG00000010973	3.31898630864165e-08	0.0034540098597519364																																					Scil_g8784;Slac_ENSLPGG00000013036	8.142504589067801e-22	1.1798166033669584e-18				Scil_g6013;Slac_ENSLPGG00000000463	1.361877411596724e-06	3.6938955685557964e-05							Scil_g6478;Slac_ENSLPGG00000001057	1.1894457884695337e-90	0.002605558624769482				Scil_g402;Slac_ENSLPGG00000002171	0.002831292277208948	0.0018845757150106957	Scil_g9350;Slac_ENSLPGG00000016018	4.374581794061396e-16	0.001464777277311494				Scil_g3347;Slac_ENSLPGG00000007508	1.9931141181024513e-19	2.4875269046456503e-28	Scil_g8346;Slac_ENSLPGG00000011935	1.9004792223373075e-09	4.303345849185861e-42												
			Scil_g928;Slac_ENSLPGG00000015697	3.670490504814812e-95	1.2285712840311137e-16	Scil_g8207;Slac_ENSLPGG00000014536	4.112264272359534e-164	1.1734089487601698e-11	Scil_g11800;Slac_ENSLPGG00000021800	3.876270646078162e-46	0.00655068339121218	Scil_g6478;Slac_ENSLPGG00000002802	1.3696367226620593e-60	7.9256697159611e-137	Scil_g8909;Slac_ENSLPGG00000003277	6.566938968008148e-60	0.0013033296779786719										Scil_g6432;Slac_ENSLPGG00000001593	2.8903154641712158e-21	9.75289532536796e-12	Scil_g6711;Slac_ENSLPGG00000009025	9.126624167546279e-24	0.00610741058171942																																					Scil_g9453;Slac_ENSLPGG00000010787	7.752476681575691e-104	6.66853407732245e-12				Scil_g10741;Slac_ENSLPGG00000010615	1.629936803826792e-110	5.980524550575253e-11																																					Scil_g5592;Slac_ENSLPGG00000027633	1.243717024663163e-30	0.0007267486762986831				Scil_g2894;Slac_ENSLPGG00000019707	1.296431295314478e-34	1.664904330736905e-05							Scil_g283;Slac_ENSLPGG00000015935	7.693791571515437e-59	3.2401081129749997e-12				Scil_g429;Slac_ENSLPGG00000010487	6.366782475182987e-05	0.0008936619361968514	Scil_g9453;Slac_ENSLPGG00000010787	9.085190326555412e-21	0.0022056602738712958				Scil_g6478;Slac_ENSLPGG00000002802	4.3297761255432755e-23	7.9256697159611e-137	Scil_g9048;Slac_ENSLPGG00000005542	1.2850400112213864e-38	1.6120114620635982e-07												
			Scil_g6573;Slac_ENSLPGG00000001774	1.808943214236265e-56	5.5336845091324314e-11	Scil_g12088;Slac_ENSLPGG00000008894	5.999773004791421e-84	0.002777402299950485	Scil_g5906;Slac_ENSLPGG00000017249	2.893742707511789e-52	2.768839688949311e-06	Scil_g1638;Slac_ENSLPGG00000027899	5.040504522579827e-57	6.273158257151112e-10	Scil_g1940;Slac_ENSLPGG00000000546	1.2606880653176618e-33	6.532624862841407e-07										Scil_g1970;Slac_ENSLPGG00000026851	2.8622448850682307e-25	3.435672027214082e-07	Scil_g9453;Slac_ENSLPGG00000011679	1.2305403272584198e-08	2.683640499495103e-06																																					Scil_g8784;Slac_ENSLPGG00000014570	2.0833287114681465e-05	5.642196009546153e-20				Scil_g313;Slac_ENSLPGG00000029231	1.3331464527161092e-08	9.52710696758072e-07																																					Scil_g5475;Slac_ENSLPGG00000020621	4.8255454822332445e-11	0.007680656845531507				Scil_g9048;Slac_ENSLPGG00000005542	3.768892463920302e-09	1.6120114620635982e-07							Scil_g1133;Slac_ENSLPGG00000008926	1.608801229372555e-88	9.366424220594736e-20							Scil_g9453;Slac_ENSLPGG00000008251	9.085190326555412e-21	0.0007856183374335829				Scil_g8784;Slac_ENSLPGG00000012945	2.1798362641679393e-34	7.651688797584175e-26	Scil_g6760;Slac_ENSLPGG00000011766	2.7299521378760657e-60	2.0105369160193262e-08												
			Scil_g9503;Slac_ENSLPGG00000004000	2.220151461027726e-92	0.003278021509044548	Scil_g151;Slac_ENSLPGG00000013344	9.667655340794264e-27	1.7523491010416198e-11	Scil_g6711;Slac_ENSLPGG00000009025	2.9667378866034045e-58	0.00610741058171942	Scil_g928;Slac_ENSLPGG00000015697	8.215490874984415e-83	1.2285712840311137e-16	Scil_g5496;Slac_ENSLPGG00000014820	2.900767905618216e-23	9.576705732763362e-14										Scil_g12781;Slac_ENSLPGG00000012981	3.288470671636366e-13	3.7347188304903795e-05	Scil_g1133;Slac_ENSLPGG00000009493	5.1477092313701435e-49	8.61901041892892e-05																																					Scil_g6573;Slac_ENSLPGG00000001774	2.149220098748175e-71	5.5336845091324314e-11				Scil_g9836;Slac_ENSLPGG00000007303	1.8313746524458704e-46	1.3771631053129664e-06																																					Scil_g8996;Slac_ENSLPGG00000027389	2.4939537480025203e-14	1.4180978265069578e-20				Scil_g13155;Slac_ENSLPGG00000025541	2.3700604612108568e-12	0.0002879964005366056							Scil_g2206;Slac_ENSLPGG00000005820	1.0001481920852157e-24	0.001011811941688375							Scil_g12865;Slac_ENSLPGG00000023608	9.443802870344454e-28	7.93601484077302e-05				Scil_g6711;Slac_ENSLPGG00000014533	2.3341775053361774e-57	4.1486027001370666e-07	Scil_g8569;Slac_ENSLPGG00000024411	2.8070546722766534e-38	1.2096505057732134e-06												
			Scil_g10997;Slac_ENSLPGG00000020828	1.1185304826820408e-47	1.2861289811140886e-12	Scil_g9453;Slac_ENSLPGG00000012945	1.041992355450003e-42	5.7773941196747505e-08	Scil_g9048;Slac_ENSLPGG00000005083	2.987962565879083e-67	7.230080945253314e-06	Scil_g5203;Slac_ENSLPGG00000027198	3.2478336231273958e-65	1.7491526269555e-18	Scil_g1970;Slac_ENSLPGG00000027899	5.21243859072783e-44	2.1475408258923468e-07										Scil_g9453;Slac_ENSLPGG00000011679	1.431562571666625e-10	2.683640499495103e-06	Scil_g9453;Slac_ENSLPGG00000010787	1.2305403272584198e-08	0.0022056602738712958																																					Scil_g9836;Slac_ENSLPGG00000007303	1.184747785266684e-89	1.3771631053129664e-06				Scil_g9973;Slac_ENSLPGG00000025079	1.1700139021046096e-83	0.00375903094538836																																					Scil_g1638;Slac_ENSLPGG00000009812	1.301893734272623e-33	1.0932512191403664e-05				Scil_g8832;Slac_ENSLPGG00000016670	8.68480625330564e-19	0.0003434224468361648							Scil_g5203;Slac_ENSLPGG00000027198	1.2874598100904535e-24	1.7491526269555e-18							Scil_g9048;Slac_ENSLPGG00000005083	2.4413691500777468e-39	7.230080945253314e-06				Scil_g8569;Slac_ENSLPGG00000021586	2.8070546722766534e-38	1.7411706854794535e-05	Scil_g8948;Slac_ENSLPGG00000015099	1.245667125566126e-09	1.4036443592741276e-07												
			Scil_g3738;Slac_ENSLPGG00000013280	1.9149129549620013e-131	1.4500999815176517e-33	Scil_g9350;Slac_ENSLPGG00000016018	3.565883600653292e-41	1.9127065309465643e-11	Scil_g8569;Slac_ENSLPGG00000021586	8.912916080279021e-94	3.684928387240296e-05	Scil_g8784;Slac_ENSLPGG00000013258	4.461475634554319e-97	2.2291185466983853e-09	Scil_g2125;Slac_ENSLPGG00000027899	5.114290825457778e-62	2.1475408258923468e-07										Scil_g8784;Slac_ENSLPGG00000013258	5.128221086425697e-48	0.007983614854092479	Scil_g6432;Slac_ENSLPGG00000001593	2.913902050136658e-12	9.75289532536796e-12																																					Scil_g8784;Slac_ENSLPGG00000005398	2.0833287114681465e-05	3.0195526377610373e-09				Scil_g9453;Slac_ENSLPGG00000005398	4.6731217585328485e-73	3.0195526377610373e-09																																					Scil_g8784;Slac_ENSLPGG00000005398	8.142504589067801e-22	3.0195526377610373e-09				Scil_g267;Slac_ENSLPGG00000005083	6.286048656896046e-10	7.230080945253314e-06							Scil_g1970;Slac_ENSLPGG00000026851	1.0284454998381085e-42	2.1954594971659047e-39							Scil_g8206;Slac_ENSLPGG00000011935	4.660555141550041e-35	4.303345849185861e-42				Scil_g5906;Slac_ENSLPGG00000017249	2.6875902193975e-16	1.605152083691467e-05	Scil_g6432;Slac_ENSLPGG00000001593	4.080624472109457e-21	9.75289532536796e-12												
			Scil_g8784;Slac_ENSLPGG00000012945	9.908067367798732e-107	7.651688797584175e-26	Scil_g1133;Slac_ENSLPGG00000008926	4.042644050264953e-151	1.531232995998816e-08	Scil_g9784;Slac_ENSLPGG00000017293	3.528961533679044e-43	2.8015083935754752e-09	Scil_g8207;Slac_ENSLPGG00000014536	1.9403014461768608e-77	2.3412831869630676e-27	Scil_g9350;Slac_ENSLPGG00000016018	1.7155658833960883e-34	0.001464777277311494										Scil_g8909;Slac_ENSLPGG00000003277	4.994251439553302e-27	0.0013033296779786719	Scil_g9048;Slac_ENSLPGG00000005083	8.137139332974278e-18	7.230080945253314e-06																																					Scil_g9453;Slac_ENSLPGG00000005398	7.752476681575691e-104	3.0195526377610373e-09				Scil_g5592;Slac_ENSLPGG00000027633	4.473436634999021e-15	0.0007267486762986831																																					Scil_g1132;Slac_ENSLPGG00000009493	1.4096269756374601e-08	1.0648916230382638e-07				Scil_g267;Slac_ENSLPGG00000005542	6.286048656896046e-10	1.6120114620635982e-07							Scil_g968;Slac_ENSLPGG00000007421	8.543878377123236e-45	1.1962675262850768e-08							Scil_g6478;Slac_ENSLPGG00000001057	1.1894457884695337e-90	0.0006556926158877126				Scil_g9627;Slac_ENSLPGG00000005266	2.8899299153207404e-09	0.0010235712081337444	Scil_g6478;Slac_ENSLPGG00000003671	4.3297761255432755e-23	2.0029821817149136e-07												
			Scil_g6711;Slac_ENSLPGG00000009025	2.9667378866034045e-58	6.295317644540952e-07	Scil_g10401;Slac_ENSLPGG00000009693	1.1975395837494819e-51	1.1711737869069389e-15	Scil_g1940;Slac_ENSLPGG00000000546	5.16669459903713e-59	6.532624862841407e-07	Scil_g8784;Slac_ENSLPGG00000005398	4.461475634554319e-97	3.0195526377610373e-09	Scil_g6478;Slac_ENSLPGG00000003671	1.3696367226620593e-60	2.0029821817149136e-07										Scil_g3312;Slac_ENSLPGG00000018877	3.1463032297828725e-12	2.1201919848233518e-05	Scil_g9048;Slac_ENSLPGG00000005542	8.137139332974278e-18	1.6120114620635982e-07																																					Scil_g10035;Slac_ENSLPGG00000016216	2.3522947866920717e-100	8.825241983550712e-08				Scil_g13745;Slac_ENSLPGG00000024377	1.723531041180612e-42	1.3972524494513694e-23																																					Scil_g10997;Slac_ENSLPGG00000020828	1.127435442356876e-24	1.2861289811140886e-12				Scil_g274;Slac_ENSLPGG00000011664	0.00017069744479674212	0.0002267509451700141							Scil_g13297;Slac_ENSLPGG00000018213	1.3991341348293713e-33	1.9313672660072607e-14							Scil_g8784;Slac_ENSLPGG00000012945	1.0499855983051466e-30	0.0023427679384132806				Scil_g1132;Slac_ENSLPGG00000008926	0.0003436788336779155	9.366424220594736e-20	Scil_g6013;Slac_ENSLPGG00000000463	7.054131366309327e-28	3.6938955685557964e-05												
			Scil_g2125;Slac_ENSLPGG00000026851	7.537571535397402e-30	2.1954594971659047e-39	Scil_g9453;Slac_ENSLPGG00000011679	1.041992355450003e-42	2.3187367149704943e-06	Scil_g2168;Slac_ENSLPGG00000017442	2.51709472915495e-10	3.932741514472264e-15	Scil_g6711;Slac_ENSLPGG00000014533	2.3983875164051418e-70	4.1486027001370666e-07	Scil_g9784;Slac_ENSLPGG00000017293	1.6232458727815301e-37	2.8015083935754752e-09										Scil_g9896;Slac_ENSLPGG00000002568	3.356981552622062e-08	1.862128625856078e-12	Scil_g9453;Slac_ENSLPGG00000008251	1.2305403272584198e-08	0.0007856183374335829																																					Scil_g2609;Slac_ENSLPGG00000011839	8.75593596651743e-144	0.00023796853818428576				Scil_g5761;Slac_ENSLPGG00000012632	1.1962543785811677e-97	3.232034310226335e-05																																					Scil_g4134;Slac_ENSLPGG00000018450	8.5755206271421e-18	1.974438038682659e-45				Scil_g271;Slac_ENSLPGG00000011745	5.187320315125221e-05	8.908210932401408e-15							Scil_g1638;Slac_ENSLPGG00000027899	6.806062471931183e-22	6.273158257151112e-10							Scil_g13687;Slac_ENSLPGG00000024411	5.850749396400135e-66	1.2096505057732134e-06				Scil_g928;Slac_ENSLPGG00000016178	2.151537326025624e-43	4.879997472761123e-10	Scil_g6478;Slac_ENSLPGG00000001057	4.3297761255432755e-23	0.0006556926158877126												
			Scil_g928;Slac_ENSLPGG00000016178	3.670490504814812e-95	4.879997472761123e-10	Scil_g1970;Slac_ENSLPGG00000027899	2.432112725515365e-51	9.219565571441372e-06	Scil_g2125;Slac_ENSLPGG00000026851	7.537571535397402e-30	3.435672027214082e-07	Scil_g11267;Slac_ENSLPGG00000020792	9.37083824206965e-74	0.0002737767557969287	Scil_g9048;Slac_ENSLPGG00000005083	1.3585986370891582e-70	7.230080945253314e-06										Scil_g12815;Slac_ENSLPGG00000012644	5.118537898055462e-19	0.009745553271228292	Scil_g3312;Slac_ENSLPGG00000018877	4.795598550765599e-14	2.1201919848233518e-05																																					Scil_g9784;Slac_ENSLPGG00000017293	3.17517132447666e-113	1.1853542770408634e-06				Scil_g8547;Slac_ENSLPGG00000010087	3.7168217314481456e-22	5.482070075741699e-13																																					Scil_g12865;Slac_ENSLPGG00000023608	1.1343331966755646e-31	0.0003477216202388123				Scil_g321;Slac_ENSLPGG00000011969	7.492857810662611e-17	4.4372662402430685e-05							Scil_g8207;Slac_ENSLPGG00000014536	1.4804891081956675e-73	2.3412831869630676e-27							Scil_g2045;Slac_ENSLPGG00000020888	2.442208052154282e-41	4.548942576825777e-05				Scil_g8346;Slac_ENSLPGG00000011935	1.9004792223373075e-09	1.3450411135448757e-39	Scil_g8784;Slac_ENSLPGG00000012945	2.1798362641679393e-34	0.0023427679384132806												
			Scil_g6478;Slac_ENSLPGG00000003831	9.55745693875112e-137	1.9753386794871567e-12	Scil_g9048;Slac_ENSLPGG00000008029	2.987962565879083e-67	7.373189200188125e-07	Scil_g9896;Slac_ENSLPGG00000002568	1.5601001982437897e-19	1.862128625856078e-12	Scil_g13297;Slac_ENSLPGG00000018213	1.0013452524793496e-50	1.9313672660072607e-14	Scil_g9896;Slac_ENSLPGG00000002568	2.9407287341508366e-34	1.862128625856078e-12										Scil_g13745;Slac_ENSLPGG00000024377	3.019798473966803e-11	9.346843956973962e-07	Scil_g1940;Slac_ENSLPGG00000000546	1.02644292685691e-40	6.532624862841407e-07																																					Scil_g313;Slac_ENSLPGG00000029231	5.05729659497233e-27	9.52710696758072e-07				Scil_g3074;Slac_ENSLPGG00000027778	4.983070607551141e-06	0.0021572535559234995																																					Scil_g3738;Slac_ENSLPGG00000013280	1.02800239953041e-10	1.4500999815176517e-33				Scil_g329;Slac_ENSLPGG00000026649	0.0048846411090036	0.0030710996085872157							Scil_g13687;Slac_ENSLPGG00000021586	5.850749396400135e-66	1.7411706854794535e-05							Scil_g9297;Slac_ENSLPGG00000017442	1.1896022757395399e-22	3.932741514472264e-15				Scil_g12359;Slac_ENSLPGG00000012055	1.1261083506346657e-13	2.5837843891576112e-25	Scil_g6478;Slac_ENSLPGG00000003831	4.3297761255432755e-23	2.404097731159506e-05												
			Scil_g6760;Slac_ENSLPGG00000011766	3.7394238592174746e-91	6.424279466496312e-54	Scil_g2168;Slac_ENSLPGG00000017442	2.51709472915495e-10	2.2688481608443976e-05	Scil_g9453;Slac_ENSLPGG00000013258	1.041992355450003e-42	0.007983614854092479	Scil_g2151;Slac_ENSLPGG00000006993	2.567257899386912e-50	2.285977235400164e-07	Scil_g13000;Slac_ENSLPGG00000029928	2.373700967208328e-31	7.55965493874983e-21										Scil_g11800;Slac_ENSLPGG00000021800	3.1029359674411086e-09	0.00655068339121218	Scil_g2125;Slac_ENSLPGG00000026851	4.788288697922128e-12	3.435672027214082e-07																																					Scil_g8269;Slac_ENSLPGG00000004338	3.458395420330147e-21	0.001914399365841848				Scil_g9627;Slac_ENSLPGG00000004782	0.0004725344828090843	5.858558014061243e-16																																					Scil_g9973;Slac_ENSLPGG00000025079	9.720076207556075e-22	0.00375903094538836				Scil_g392;Slac_ENSLPGG00000009800	0.008462746159149078	0.0005757164772576197							Scil_g9350;Slac_ENSLPGG00000016018	4.374581794061396e-16	9.131746071512445e-40							Scil_g13745;Slac_ENSLPGG00000024377	9.538753720775364e-06	9.346843956973962e-07				Scil_g3074;Slac_ENSLPGG00000029003	4.6166989120718154e-27	7.206247055923804e-33	Scil_g1132;Slac_ENSLPGG00000009493	0.0003436788336779155	8.61901041892892e-05												
			Scil_g1940;Slac_ENSLPGG00000000546	5.16669459903713e-59	2.791744354253102e-40	Scil_g10035;Slac_ENSLPGG00000016216	2.0508264279483914e-33	0.005058553334372293	Scil_g1970;Slac_ENSLPGG00000027899	2.432112725515365e-51	2.1475408258923468e-07	Scil_g9350;Slac_ENSLPGG00000016018	1.7155658833960883e-34	9.131746071512445e-40	Scil_g12781;Slac_ENSLPGG00000012981	6.2440482423213955e-25	3.7347188304903795e-05										Scil_g2168;Slac_ENSLPGG00000017442	2.9346489622538626e-07	3.932741514472264e-15	Scil_g8909;Slac_ENSLPGG00000003277	1.5274374588126885e-14	0.0013033296779786719																																					Scil_g6036;Slac_ENSLPGG00000011766	3.346912720733224e-107	6.424279466496312e-54				Scil_g13745;Slac_ENSLPGG00000018065	1.723531041180612e-42	0.004045537278292543																																					Scil_g9453;Slac_ENSLPGG00000013258	2.056781849066872e-32	2.2291185466983853e-09				Scil_g478;Slac_ENSLPGG00000004305	4.328712206454093e-21	3.6740644417102746e-05							Scil_g3398;Slac_ENSLPGG00000029433	3.6807904419021404e-75	5.781490924713239e-07							Scil_g6478;Slac_ENSLPGG00000003831	1.1894457884695337e-90	2.404097731159506e-05				Scil_g9627;Slac_ENSLPGG00000004782	2.8899299153207404e-09	5.858558014061243e-16	Scil_g8909;Slac_ENSLPGG00000003277	1.162233546563016e-28	0.0013033296779786719												
			Scil_g6478;Slac_ENSLPGG00000003671	9.55745693875112e-137	1.0199371661577197e-09	Scil_g2151;Slac_ENSLPGG00000006993	2.642177693649232e-54	5.737163520841797e-05	Scil_g1133;Slac_ENSLPGG00000009493	4.042644050264953e-151	8.61901041892892e-05	Scil_g8569;Slac_ENSLPGG00000019939	1.7894243764152615e-54	7.746866494854593e-09	Scil_g5906;Slac_ENSLPGG00000017249	1.9981454029630132e-26	2.768839688949311e-06										Scil_g6711;Slac_ENSLPGG00000009025	2.0724022293288623e-19	0.00610741058171942	Scil_g1970;Slac_ENSLPGG00000027899	1.0515353259515255e-10	2.1475408258923468e-07																																					Scil_g13539;Slac_ENSLPGG00000012055	2.4699374905497742e-127	2.5837843891576112e-25				Scil_g2266;Slac_ENSLPGG00000027805	3.0566393638807264e-95	1.1628240147129951e-05																																					Scil_g6432;Slac_ENSLPGG00000001593	7.081000257745506e-18	0.0020825868590593406				Scil_g497;Slac_ENSLPGG00000012592	4.757402767412055e-07	0.003601732332786809							Scil_g3347;Slac_ENSLPGG00000007508	3.081657994114369e-41	2.4875269046456503e-28							Scil_g8206;Slac_ENSLPGG00000014536	4.660555141550041e-35	2.442134044403989e-35				Scil_g9048;Slac_ENSLPGG00000028207	1.2850400112213864e-38	1.867859734453791e-12	Scil_g5853;Slac_ENSLPGG00000011935	1.7955554698928446e-15	4.303345849185861e-42												
			Scil_g2045;Slac_ENSLPGG00000020888	2.6764103969423014e-91	1.8381466112990128e-12	Scil_g9048;Slac_ENSLPGG00000023020	2.987962565879083e-67	0.00010797120483584228	Scil_g2125;Slac_ENSLPGG00000027899	7.537571535397402e-30	2.1475408258923468e-07	Scil_g2125;Slac_ENSLPGG00000026851	5.114290825457778e-62	2.1954594971659047e-39	Scil_g9453;Slac_ENSLPGG00000008251	1.3091304539461676e-37	0.0007856183374335829										Scil_g9230;Slac_ENSLPGG00000001288	9.094945773207965e-13	1.7179326704524777e-43	Scil_g9784;Slac_ENSLPGG00000017293	8.118177542155282e-11	2.8015083935754752e-09																																					Scil_g10843;Slac_ENSLPGG00000010973	0.009030127559563401	0.0034540098597519364				Scil_g9331;Slac_ENSLPGG00000001861	3.2500230310847e-10	2.8618698113264884e-06																																					Scil_g2266;Slac_ENSLPGG00000027805	1.6287007537209932e-43	1.1628240147129951e-05				Scil_g497;Slac_ENSLPGG00000024534	4.757402767412055e-07	0.0003020881440710629							Scil_g6478;Slac_ENSLPGG00000003671	1.1894457884695337e-90	1.0199371661577197e-09							Scil_g3312;Slac_ENSLPGG00000018877	8.769989209059896e-13	2.1201919848233518e-05				Scil_g3312;Slac_ENSLPGG00000005591	1.0698912107509578e-32	1.0919858717207004e-50	Scil_g8784;Slac_ENSLPGG00000013258	2.1798362641679393e-34	0.007983614854092479												
			Scil_g9048;Slac_ENSLPGG00000005083	2.987962565879083e-67	1.124330201580065e-23	Scil_g6529;Slac_ENSLPGG00000000542	5.623223997709888e-49	1.5365180387017026e-05	Scil_g3312;Slac_ENSLPGG00000018877	1.1149430941599726e-50	2.1201919848233518e-05	Scil_g480;Slac_ENSLPGG00000010615	4.6459984567484385e-146	5.980524550575253e-11	Scil_g8206;Slac_ENSLPGG00000014536	4.954809955860979e-24	2.442134044403989e-35										Scil_g1970;Slac_ENSLPGG00000027899	2.8622448850682307e-25	2.1475408258923468e-07	Scil_g9896;Slac_ENSLPGG00000002568	4.5991886228938126e-08	1.862128625856078e-12																																					Scil_g2790;Slac_ENSLPGG00000019707	2.678995746156686e-06	0.0003308982790262828				Scil_g8652;Slac_ENSLPGG00000005266	8.761457751330137e-05	0.0010235712081337444																																					Scil_g2645;Slac_ENSLPGG00000029285	1.9720753540869246e-19	5.067720469260824e-24													Scil_g8784;Slac_ENSLPGG00000013036	1.0499855983051466e-30	1.1798166033669584e-18							Scil_g11800;Slac_ENSLPGG00000021800	7.385854216695023e-41	0.00655068339121218				Scil_g1970;Slac_ENSLPGG00000026851	1.961925325947212e-20	2.1954594971659047e-39	Scil_g12865;Slac_ENSLPGG00000023608	5.002825507999253e-19	7.93601484077302e-05												
			Scil_g1133;Slac_ENSLPGG00000008926	4.042644050264953e-151	9.366424220594736e-20	Scil_g8206;Slac_ENSLPGG00000011935	6.733408596302241e-140	3.4797924186503026e-11	Scil_g12781;Slac_ENSLPGG00000012981	9.36552596455844e-36	3.7347188304903795e-05	Scil_g968;Slac_ENSLPGG00000007421	7.021105672156707e-67	1.1962675262850768e-08	Scil_g9453;Slac_ENSLPGG00000012945	1.3091304539461676e-37	0.0023427679384132806										Scil_g6478;Slac_ENSLPGG00000003831	3.5660726191727276e-50	2.404097731159506e-05	Scil_g6478;Slac_ENSLPGG00000003831	2.0734403965038545e-36	2.404097731159506e-05																																					Scil_g13745;Slac_ENSLPGG00000018065	9.984088792248443e-78	0.004045537278292543				Scil_g9627;Slac_ENSLPGG00000005266	0.0004725344828090843	0.0010235712081337444																																					Scil_g10147;Slac_ENSLPGG00000006923	3.1512144274543886e-38	0.0010849360860405476													Scil_g428;Slac_ENSLPGG00000010973	2.3269850990252727e-30	0.0034540098597519364							Scil_g2536;Slac_ENSLPGG00000030214	1.1000851270696005e-09	3.5429188297330837e-09				Scil_g2045;Slac_ENSLPGG00000020888	1.2242659258082136e-44	1.8381466112990128e-12	Scil_g9453;Slac_ENSLPGG00000011679	4.327858497939192e-26	2.683640499495103e-06												
			Scil_g8784;Slac_ENSLPGG00000014570	9.908067367798732e-107	5.642196009546153e-20	Scil_g9784;Slac_ENSLPGG00000017293	3.528961533679044e-43	5.030651029268111e-06	Scil_g9453;Slac_ENSLPGG00000008251	1.041992355450003e-42	0.0007856183374335829	Scil_g9453;Slac_ENSLPGG00000012945	1.3091304539461676e-37	7.651688797584175e-26	Scil_g12815;Slac_ENSLPGG00000012644	1.8469437520280114e-42	0.009745553271228292										Scil_g9048;Slac_ENSLPGG00000005083	5.556755528874442e-17	7.230080945253314e-06	Scil_g12781;Slac_ENSLPGG00000012981	6.926135446656516e-20	3.7347188304903795e-05																																					Scil_g9331;Slac_ENSLPGG00000001861	1.1631982211269812e-55	2.8618698113264884e-06				Scil_g222;Slac_ENSLPGG00000020201	0.0035587747898912082	0.006520914891909981																																					Scil_g9048;Slac_ENSLPGG00000005083	3.768892463920302e-09	1.124330201580065e-23													Scil_g9048;Slac_ENSLPGG00000008029	2.4413691500777468e-39	2.1429507329778337e-15							Scil_g9000;Slac_ENSLPGG00000027245	3.4106570726295444e-48	0.00887012416938921				Scil_g8207;Slac_ENSLPGG00000011935	1.3431497357677264e-05	1.3450411135448757e-39	Scil_g9230;Slac_ENSLPGG00000001288	3.7691661274080483e-17	1.7179326704524777e-43												
			Scil_g6478;Slac_ENSLPGG00000022382	9.55745693875112e-137	2.711690826516311e-05	Scil_g9230;Slac_ENSLPGG00000001288	1.6329289607559043e-16	6.661197954218709e-26	Scil_g9453;Slac_ENSLPGG00000012945	1.041992355450003e-42	0.0023427679384132806	Scil_g176;Slac_ENSLPGG00000004519	1.664270103728279e-07	0.00010686538706661993	Scil_g6478;Slac_ENSLPGG00000001057	1.3696367226620593e-60	0.0006556926158877126										Scil_g9453;Slac_ENSLPGG00000008251	1.431562571666625e-10	0.0007856183374335829	Scil_g9230;Slac_ENSLPGG00000002916	1.0946832096453287e-05	5.382979758273921e-31																																					Scil_g5475;Slac_ENSLPGG00000020621	1.3292296394539845e-10	0.007680656845531507				Scil_g267;Slac_ENSLPGG00000005083	4.285319044962744e-10	1.124330201580065e-23																																					Scil_g10035;Slac_ENSLPGG00000016216	1.7706961362486155e-22	8.825241983550712e-08													Scil_g3074;Slac_ENSLPGG00000029003	1.4039981877043045e-66	7.206247055923804e-33							Scil_g9896;Slac_ENSLPGG00000002568	0.00046564910391421626	1.862128625856078e-12				Scil_g313;Slac_ENSLPGG00000029231	6.882656499714913e-38	9.52710696758072e-07	Scil_g9453;Slac_ENSLPGG00000012945	4.327858497939192e-26	0.0023427679384132806												
			Scil_g1638;Slac_ENSLPGG00000027899	2.2763576435337092e-28	6.273158257151112e-10	Scil_g2645;Slac_ENSLPGG00000029285	2.0740184708313862e-21	1.6667263539029387e-06	Scil_g9453;Slac_ENSLPGG00000011679	1.041992355450003e-42	2.683640499495103e-06	Scil_g928;Slac_ENSLPGG00000016178	8.215490874984415e-83	4.879997472761123e-10	Scil_g9230;Slac_ENSLPGG00000002916	7.298882244062682e-29	5.382979758273921e-31										Scil_g9453;Slac_ENSLPGG00000010787	1.431562571666625e-10	0.0022056602738712958	Scil_g645;Slac_ENSLPGG00000017340	0.0012616639110439767	1.2939881671370807e-15																																					Scil_g2393;Slac_ENSLPGG00000028380	1.845755092684784e-141	1.7537019458222814e-38				Scil_g267;Slac_ENSLPGG00000023020	4.285319044962744e-10	4.41597248476896e-13																																					Scil_g5906;Slac_ENSLPGG00000017249	5.174419612461301e-21	1.605152083691467e-05													Scil_g151;Slac_ENSLPGG00000013344	2.758978597892045e-15	3.577549343166164e-18							Scil_g9453;Slac_ENSLPGG00000013258	9.085190326555412e-21	0.007983614854092479				Scil_g10015;Slac_ENSLPGG00000022563	3.12986187974056e-28	0.0002550193693695616	Scil_g9297;Slac_ENSLPGG00000017442	2.0581399714365463e-10	3.932741514472264e-15												
			Scil_g6432;Slac_ENSLPGG00000001593	5.1336289779883026e-39	0.0020825868590593406	Scil_g1133;Slac_ENSLPGG00000009493	4.042644050264953e-151	0.000168271640203564	Scil_g1970;Slac_ENSLPGG00000026851	2.432112725515365e-51	3.435672027214082e-07	Scil_g9503;Slac_ENSLPGG00000004000	2.625874160586213e-79	0.003278021509044548	Scil_g1133;Slac_ENSLPGG00000008926	8.403015077952536e-44	2.2575973253275367e-18										Scil_g9230;Slac_ENSLPGG00000002916	9.094945773207965e-13	5.382979758273921e-31	Scil_g6478;Slac_ENSLPGG00000001057	2.0734403965038545e-36	0.0006556926158877126																																					Scil_g9973;Slac_ENSLPGG00000025079	1.6899877982058918e-54	0.00375903094538836				Scil_g267;Slac_ENSLPGG00000020639	4.285319044962744e-10	9.895814052081766e-05																																					Scil_g2393;Slac_ENSLPGG00000028380	1.7455028640399786e-46	1.7537019458222814e-38													Scil_g2206;Slac_ENSLPGG00000014001	1.0001481920852157e-24	2.2252025859821583e-13							Scil_g9896;Slac_ENSLPGG00000023496	0.00046564910391421626	0.003328653231476809				Scil_g3398;Slac_ENSLPGG00000029433	9.264662636606445e-32	5.781490924713239e-07	Scil_g8207;Slac_ENSLPGG00000014536	1.3431497357677264e-05	2.442134044403989e-35												
			Scil_g13297;Slac_ENSLPGG00000018213	3.676381813883234e-46	1.9313672660072607e-14	Scil_g9896;Slac_ENSLPGG00000023496	1.5601001982437897e-19	0.002421357920551328	Scil_g9350;Slac_ENSLPGG00000016018	3.565883600653292e-41	0.001464777277311494	Scil_g6478;Slac_ENSLPGG00000003831	1.3696367226620593e-60	1.9753386794871567e-12	Scil_g1970;Slac_ENSLPGG00000026851	5.21243859072783e-44	3.435672027214082e-07										Scil_g6478;Slac_ENSLPGG00000001057	3.5660726191727276e-50	0.0006556926158877126	Scil_g13745;Slac_ENSLPGG00000018065	0.00019398447438854572	0.0011078097941634231																																					Scil_g6573;Slac_ENSLPGG00000005942	2.149220098748175e-71	2.1599819749161668e-07				Scil_g271;Slac_ENSLPGG00000011745	8.88292234780271e-96	4.2253443304332e-44																																					Scil_g9048;Slac_ENSLPGG00000008029	3.768892463920302e-09	2.1429507329778337e-15													Scil_g9453;Slac_ENSLPGG00000011679	9.085190326555412e-21	2.3521188597386696e-10							Scil_g2125;Slac_ENSLPGG00000027899	7.232207162105824e-15	2.1475408258923468e-07				Scil_g6760;Slac_ENSLPGG00000003655	2.7299521378760657e-60	9.40828911176657e-21	Scil_g1970;Slac_ENSLPGG00000027899	1.961925325947212e-20	2.1475408258923468e-07												
			Scil_g10401;Slac_ENSLPGG00000009693	1.1975395837494819e-51	5.0227407080739e-47	Scil_g9048;Slac_ENSLPGG00000028207	2.987962565879083e-67	0.000265055600759393	Scil_g12865;Slac_ENSLPGG00000023608	1.5016727836587936e-30	7.93601484077302e-05	Scil_g9230;Slac_ENSLPGG00000001288	7.298882244062682e-29	5.885151292742098e-62	Scil_g1929;Slac_ENSLPGG00000017167	5.192380783683105e-13	1.0105858529738278e-10										Scil_g9453;Slac_ENSLPGG00000013258	1.431562571666625e-10	0.007983614854092479	Scil_g9896;Slac_ENSLPGG00000023496	4.5991886228938126e-08	0.003328653231476809																																					Scil_g6217;Slac_ENSLPGG00000028030	2.5740232738532253e-18	2.8460786375008032e-08				Scil_g267;Slac_ENSLPGG00000008029	4.285319044962744e-10	2.1429507329778337e-15																																					Scil_g6424;Slac_ENSLPGG00000011123	7.983091232443373e-34	0.0027828374406887297													Scil_g6529;Slac_ENSLPGG00000000542	5.99748544501482e-22	2.6582021854742975e-16							Scil_g9453;Slac_ENSLPGG00000012945	9.085190326555412e-21	0.0023427679384132806				Scil_g176;Slac_ENSLPGG00000004519	8.415208052090102e-09	0.00010686538706661993	Scil_g9836;Slac_ENSLPGG00000007303	3.911224462915432e-18	0.0009572338780791472												
			Scil_g2206;Slac_ENSLPGG00000011938	1.4268740080321066e-86	1.929366245869577e-05	Scil_g9453;Slac_ENSLPGG00000008251	1.041992355450003e-42	2.268912044819083e-08	Scil_g9453;Slac_ENSLPGG00000010787	1.041992355450003e-42	0.0022056602738712958	Scil_g428;Slac_ENSLPGG00000010973	3.5297362114388666e-45	0.0034540098597519364	Scil_g512;Slac_ENSLPGG00000012055	1.0083430968893254e-54	0.004024645954396675										Scil_g9350;Slac_ENSLPGG00000016018	2.940975943517144e-15	0.001464777277311494	Scil_g9350;Slac_ENSLPGG00000016018	2.612249793902866e-10	0.001464777277311494																																					Scil_g2894;Slac_ENSLPGG00000019707	1.0434908738021485e-156	0.0003308982790262828				Scil_g317;Slac_ENSLPGG00000004015	4.960391809100916e-06	0.007400663864405453																																					Scil_g6036;Slac_ENSLPGG00000011766	1.2482653700464854e-24	6.424279466496312e-54													Scil_g2206;Slac_ENSLPGG00000011938	1.0001481920852157e-24	1.929366245869577e-05							Scil_g12129;Slac_ENSLPGG00000010554	0.0003303893264109402	5.126043017858373e-27				Scil_g1929;Slac_ENSLPGG00000017167	6.97689847060085e-37	4.059213680124567e-14	Scil_g8207;Slac_ENSLPGG00000011935	1.3431497357677264e-05	4.303345849185861e-42												
			Scil_g6711;Slac_ENSLPGG00000014533	2.9667378866034045e-58	4.1486027001370666e-07	Scil_g9453;Slac_ENSLPGG00000010787	1.041992355450003e-42	0.0017290655744509047	Scil_g9230;Slac_ENSLPGG00000001288	1.6329289607559043e-16	1.7179326704524777e-43	Scil_g6529;Slac_ENSLPGG00000000542	2.2057471559731688e-50	2.6582021854742975e-16	Scil_g2125;Slac_ENSLPGG00000026851	5.114290825457778e-62	3.435672027214082e-07										Scil_g13745;Slac_ENSLPGG00000018065	3.019798473966803e-11	0.0011078097941634231	Scil_g9453;Slac_ENSLPGG00000012945	1.2305403272584198e-08	0.0023427679384132806																																					Scil_g1970;Slac_ENSLPGG00000009812	1.5663423779564997e-35	1.0932512191403664e-05				Scil_g321;Slac_ENSLPGG00000011969	5.47478236363688e-59	2.519088446753971e-07																																					Scil_g13745;Slac_ENSLPGG00000018065	2.4887480633750244e-36	0.004045537278292543													Scil_g8569;Slac_ENSLPGG00000024411	7.399706961159974e-49	0.00026913458432165766							Scil_g9230;Slac_ENSLPGG00000001288	6.016165881983089e-05	1.7179326704524777e-43				Scil_g3312;Slac_ENSLPGG00000018877	1.0698912107509578e-32	1.5668001742992288e-37	Scil_g1970;Slac_ENSLPGG00000026851	1.961925325947212e-20	3.435672027214082e-07												
			Scil_g3074;Slac_ENSLPGG00000027778	2.3763888428549936e-109	0.0021572535559234995	Scil_g9453;Slac_ENSLPGG00000005398	1.041992355450003e-42	0.0016057653891606441	Scil_g13745;Slac_ENSLPGG00000012306	3.7450874611346483e-19	1.197393881049367e-06	Scil_g1970;Slac_ENSLPGG00000026851	5.21243859072783e-44	2.1954594971659047e-39	Scil_g9453;Slac_ENSLPGG00000010787	1.3091304539461676e-37	0.0022056602738712958										Scil_g12865;Slac_ENSLPGG00000023608	1.2617531799717037e-10	7.93601484077302e-05	Scil_g9297;Slac_ENSLPGG00000017442	1.456019992507746e-17	3.932741514472264e-15																																					Scil_g12088;Slac_ENSLPGG00000008894	1.0465142274751056e-13	1.2790228529831583e-08				Scil_g392;Slac_ENSLPGG00000009800	1.422501461014177e-14	3.2906176915845424e-17																																					Scil_g13687;Slac_ENSLPGG00000019939	2.7220194856556577e-05	7.746866494854593e-09													Scil_g9048;Slac_ENSLPGG00000023020	2.4413691500777468e-39	4.41597248476896e-13							Scil_g8948;Slac_ENSLPGG00000015099	4.034845827274647e-09	1.4036443592741276e-07				Scil_g2790;Slac_ENSLPGG00000019707	5.491010559397047e-43	0.0003308982790262828	Scil_g9350;Slac_ENSLPGG00000016018	1.622388902798572e-16	0.001464777277311494												
			Scil_g428;Slac_ENSLPGG00000010973	1.547529629180057e-59	0.0034540098597519364	Scil_g2125;Slac_ENSLPGG00000027899	7.537571535397402e-30	9.219565571441372e-06	Scil_g9230;Slac_ENSLPGG00000028868	1.6329289607559043e-16	3.246417234390367e-07	Scil_g2045;Slac_ENSLPGG00000020888	3.960794751751522e-62	1.8381466112990128e-12	Scil_g9453;Slac_ENSLPGG00000011679	1.3091304539461676e-37	2.683640499495103e-06										Scil_g9836;Slac_ENSLPGG00000007303	2.6711790548455464e-13	0.0009572338780791472	Scil_g12865;Slac_ENSLPGG00000023608	1.5134129573857157e-10	7.93601484077302e-05																																					Scil_g5761;Slac_ENSLPGG00000012632	6.56320193024377e-99	3.232034310226335e-05				Scil_g478;Slac_ENSLPGG00000004305	1.73761239993212e-51	1.2911500309925277e-07																																					Scil_g10015;Slac_ENSLPGG00000022563	5.399592939885361e-06	0.0002550193693695616													Scil_g2645;Slac_ENSLPGG00000029285	0.00033795497270141676	5.067720469260824e-24							Scil_g8569;Slac_ENSLPGG00000024411	7.399706961159974e-49	1.2096505057732134e-06				Scil_g6478;Slac_ENSLPGG00000020621	4.3297761255432755e-23	0.007680656845531507	Scil_g9453;Slac_ENSLPGG00000008251	4.327858497939192e-26	0.0007856183374335829												
			Scil_g9493;Slac_ENSLPGG00000004000	1.1957752526203634e-109	0.003278021509044548	Scil_g9297;Slac_ENSLPGG00000017442	3.894503481940993e-30	2.2688481608443976e-05	Scil_g2536;Slac_ENSLPGG00000030214	7.590585119571276e-19	3.5429188297330837e-09	Scil_g151;Slac_ENSLPGG00000013344	7.207403119974544e-51	3.577549343166164e-18	Scil_g9453;Slac_ENSLPGG00000013258	1.3091304539461676e-37	0.007983614854092479										Scil_g13000;Slac_ENSLPGG00000029928	3.0176484997899582e-05	7.55965493874983e-21	Scil_g1970;Slac_ENSLPGG00000026851	1.0515353259515255e-10	3.435672027214082e-07																																					Scil_g8652;Slac_ENSLPGG00000005266	4.99955787823777e-07	0.0010235712081337444				Scil_g497;Slac_ENSLPGG00000012592	0.00047732284609767773	1.6185130147485276e-18																																					Scil_g6217;Slac_ENSLPGG00000028030	8.689186615933818e-34	2.8460786375008032e-08													Scil_g10401;Slac_ENSLPGG00000009693	3.5579687962478285e-12	5.0227407080739e-47							Scil_g2125;Slac_ENSLPGG00000026851	7.232207162105824e-15	3.435672027214082e-07				Scil_g9503;Slac_ENSLPGG00000004000	9.638396070064196e-67	0.003278021509044548	Scil_g9896;Slac_ENSLPGG00000002568	2.0850678834719052e-23	1.862128625856078e-12												
			Scil_g8784;Slac_ENSLPGG00000013258	9.908067367798732e-107	2.2291185466983853e-09	Scil_g5496;Slac_ENSLPGG00000014820	1.4329437713439175e-31	4.444148508116669e-05	Scil_g5496;Slac_ENSLPGG00000014820	1.4329437713439175e-31	9.576705732763362e-14	Scil_g8206;Slac_ENSLPGG00000011935	4.954809955860979e-24	1.3450411135448757e-39	Scil_g9297;Slac_ENSLPGG00000017442	8.238178303675544e-34	3.932741514472264e-15										Scil_g5496;Slac_ENSLPGG00000014820	1.629465416862852e-16	9.576705732763362e-14	Scil_g13745;Slac_ENSLPGG00000024377	0.00019398447438854572	9.346843956973962e-07																																					Scil_g9627;Slac_ENSLPGG00000005266	2.2045998605725183e-05	0.0010235712081337444				Scil_g497;Slac_ENSLPGG00000009593	0.00047732284609767773	1.927089599443903e-17																																					Scil_g1846;Slac_ENSLPGG00000015884	6.70392959920678e-37	1.3931861443855277e-07													Scil_g9453;Slac_ENSLPGG00000012945	9.085190326555412e-21	7.651688797584175e-26							Scil_g13155;Slac_ENSLPGG00000025541	1.002992994323754e-53	0.0002879964005366056				Scil_g1132;Slac_ENSLPGG00000009493	0.0003436788336779155	1.0648916230382638e-07	Scil_g5496;Slac_ENSLPGG00000014820	2.9045483462765355e-13	9.576705732763362e-14												
			Scil_g8206;Slac_ENSLPGG00000011935	6.733408596302241e-140	1.3450411135448757e-39	Scil_g2536;Slac_ENSLPGG00000030214	7.590585119571276e-19	0.0002972646128640109	Scil_g13000;Slac_ENSLPGG00000029928	2.749618899050908e-23	7.55965493874983e-21	Scil_g12815;Slac_ENSLPGG00000012644	1.8469437520280114e-42	1.2610207866014905e-16	Scil_g6217;Slac_ENSLPGG00000028030	6.564918971223606e-88	7.65275355858925e-07										Scil_g9297;Slac_ENSLPGG00000017442	2.463008973525421e-15	3.932741514472264e-15	Scil_g9230;Slac_ENSLPGG00000001288	1.0946832096453287e-05	1.7179326704524777e-43																																					Scil_g9627;Slac_ENSLPGG00000004782	2.2045998605725183e-05	5.858558014061243e-16				Scil_g497;Slac_ENSLPGG00000006356	0.00047732284609767773	3.2632950270809215e-16																																					Scil_g12815;Slac_ENSLPGG00000012644	8.42931737452028e-20	1.2610207866014905e-16													Scil_g3074;Slac_ENSLPGG00000027778	1.4039981877043045e-66	0.0021572535559234995							Scil_g13745;Slac_ENSLPGG00000018065	9.538753720775364e-06	0.0011078097941634231				Scil_g1638;Slac_ENSLPGG00000009812	2.7457626834945253e-42	1.0932512191403664e-05	Scil_g13745;Slac_ENSLPGG00000024377	1.5191582529175584e-21	9.346843956973962e-07												
			Scil_g6478;Slac_ENSLPGG00000020621	9.55745693875112e-137	0.007680656845531507	Scil_g13745;Slac_ENSLPGG00000024377	3.7450874611346483e-19	1.5306107502583237e-06	Scil_g9836;Slac_ENSLPGG00000007303	1.3820818944101524e-23	0.0009572338780791472	Scil_g2168;Slac_ENSLPGG00000017442	7.257439971850898e-30	1.6672221442580664e-14	Scil_g12129;Slac_ENSLPGG00000010554	3.718386325670683e-46	5.126043017858373e-27										Scil_g645;Slac_ENSLPGG00000017340	2.1146790181258947e-09	1.2939881671370807e-15	Scil_g2536;Slac_ENSLPGG00000030214	0.00035389189578194195	3.5429188297330837e-09																																					Scil_g114;Slac_ENSLPGG00000027385	5.29382737990231e-06	7.471396274444275e-05				Scil_g497;Slac_ENSLPGG00000028596	0.00047732284609767773	1.1032332293030497e-18																																					Scil_g3398;Slac_ENSLPGG00000029433	8.740977725111525e-08	5.781490924713239e-07													Scil_g6711;Slac_ENSLPGG00000009025	9.246671477449805e-28	6.295317644540952e-07							Scil_g1929;Slac_ENSLPGG00000017167	0.0027012050929478017	1.0105858529738278e-10				Scil_g6478;Slac_ENSLPGG00000003831	4.3297761255432755e-23	1.9753386794871567e-12	Scil_g9453;Slac_ENSLPGG00000010787	4.327858497939192e-26	0.0022056602738712958												
			Scil_g968;Slac_ENSLPGG00000007421	1.9843083766966807e-56	1.1962675262850768e-08	Scil_g9453;Slac_ENSLPGG00000001551	1.041992355450003e-42	0.0030073189741299947	Scil_g13745;Slac_ENSLPGG00000024377	3.7450874611346483e-19	9.346843956973962e-07	Scil_g3074;Slac_ENSLPGG00000029003	1.5370863427024178e-78	7.206247055923804e-33	Scil_g1133;Slac_ENSLPGG00000009493	8.403015077952536e-44	8.61901041892892e-05										Scil_g12129;Slac_ENSLPGG00000010554	1.5567431334086378e-06	5.126043017858373e-27	Scil_g8784;Slac_ENSLPGG00000013258	4.126375244293354e-38	0.007983614854092479																																					Scil_g208;Slac_ENSLPGG00000021849	7.991937506527592e-50	0.0056387930643182526																																											Scil_g2609;Slac_ENSLPGG00000011839	3.332707961085678e-33	0.00023796853818428576													Scil_g928;Slac_ENSLPGG00000016178	1.9882623228741798e-45	4.879997472761123e-10							Scil_g13745;Slac_ENSLPGG00000012306	9.538753720775364e-06	1.197393881049367e-06				Scil_g9453;Slac_ENSLPGG00000012945	4.327858497939192e-26	7.651688797584175e-26	Scil_g2536;Slac_ENSLPGG00000030214	2.910263978477767e-17	3.5429188297330837e-09												
			Scil_g313;Slac_ENSLPGG00000029231	4.21404119971032e-56	9.52710696758072e-07	Scil_g9836;Slac_ENSLPGG00000007303	1.3820818944101524e-23	0.0005063505055584172	Scil_g8948;Slac_ENSLPGG00000015099	5.703838648917407e-12	1.4036443592741276e-07	Scil_g9048;Slac_ENSLPGG00000005083	1.3585986370891582e-70	1.124330201580065e-23	Scil_g13745;Slac_ENSLPGG00000024377	1.7428135241117832e-17	9.346843956973962e-07										Scil_g13745;Slac_ENSLPGG00000012306	3.019798473966803e-11	1.197393881049367e-06	Scil_g13745;Slac_ENSLPGG00000012306	0.00019398447438854572	1.197393881049367e-06																																					Scil_g222;Slac_ENSLPGG00000020201	6.653059393006381e-06	0.006520914891909981																																											Scil_g8269;Slac_ENSLPGG00000004338	4.595624493956679e-15	0.001914399365841848													Scil_g2045;Slac_ENSLPGG00000020888	2.442208052154282e-41	1.8381466112990128e-12							Scil_g9836;Slac_ENSLPGG00000007303	7.154250033357604e-05	0.0009572338780791472				Scil_g2125;Slac_ENSLPGG00000027899	6.334665188580222e-26	6.273158257151112e-10	Scil_g12129;Slac_ENSLPGG00000010554	1.3466457343984313e-08	5.126043017858373e-27												
			Scil_g8569;Slac_ENSLPGG00000024411	8.912916080279021e-94	0.00026913458432165766	Scil_g8948;Slac_ENSLPGG00000015099	5.703838648917407e-12	0.009548515285279644	Scil_g9896;Slac_ENSLPGG00000023496	1.5601001982437897e-19	0.003328653231476809	Scil_g9453;Slac_ENSLPGG00000014570	1.3091304539461676e-37	5.642196009546153e-20	Scil_g9836;Slac_ENSLPGG00000007303	2.3199733900812416e-37	0.0009572338780791472										Scil_g9896;Slac_ENSLPGG00000023496	3.356981552622062e-08	0.003328653231476809	Scil_g8832;Slac_ENSLPGG00000016670	0.007420016416353711	0.0003434224468361648																																					Scil_g267;Slac_ENSLPGG00000005083	5.885782606862505e-37	1.124330201580065e-23																																											Scil_g8948;Slac_ENSLPGG00000015099	6.36995141371294e-31	0.0002737767557969287													Scil_g9048;Slac_ENSLPGG00000028207	2.4413691500777468e-39	1.867859734453791e-12							Scil_g8832;Slac_ENSLPGG00000016670	8.952643799901973e-06	0.0003434224468361648				Scil_g12865;Slac_ENSLPGG00000023608	5.002825507999253e-19	0.0003477216202388123	Scil_g3312;Slac_ENSLPGG00000018877	1.0698912107509578e-32	2.1201919848233518e-05												
			Scil_g3312;Slac_ENSLPGG00000018877	1.1149430941599726e-50	1.5668001742992288e-37	Scil_g9230;Slac_ENSLPGG00000002916	1.6329289607559043e-16	4.2685747651016555e-20	Scil_g9297;Slac_ENSLPGG00000017442	3.894503481940993e-30	3.932741514472264e-15	Scil_g6432;Slac_ENSLPGG00000001593	7.962893538726741e-34	0.0020825868590593406	Scil_g12865;Slac_ENSLPGG00000023608	6.980775180419845e-27	7.93601484077302e-05										Scil_g9230;Slac_ENSLPGG00000028868	9.094945773207965e-13	3.246417234390367e-07	Scil_g8948;Slac_ENSLPGG00000015099	9.312268065016753e-10	1.4036443592741276e-07																																					Scil_g267;Slac_ENSLPGG00000023020	5.885782606862505e-37	4.41597248476896e-13																																											Scil_g1526;Slac_ENSLPGG00000026673	3.638024183155569e-14	1.7513831195774005e-06													Scil_g6573;Slac_ENSLPGG00000005942	5.6710084031744045e-31	2.1599819749161668e-07							Scil_g9230;Slac_ENSLPGG00000028868	6.016165881983089e-05	3.246417234390367e-07				Scil_g928;Slac_ENSLPGG00000015697	2.151537326025624e-43	1.2285712840311137e-16	Scil_g1133;Slac_ENSLPGG00000008926	3.881881739423755e-05	2.2575973253275367e-18												
			Scil_g1970;Slac_ENSLPGG00000026851	2.432112725515365e-51	2.1954594971659047e-39	Scil_g13745;Slac_ENSLPGG00000012306	3.7450874611346483e-19	0.0013163177240984472	Scil_g566;Slac_ENSLPGG00000012732	1.7602558178785204e-06	0.002490841745581272	Scil_g9973;Slac_ENSLPGG00000025079	3.829982180983336e-68	0.00375903094538836	Scil_g2536;Slac_ENSLPGG00000030214	8.733746467948858e-24	3.5429188297330837e-09										Scil_g8948;Slac_ENSLPGG00000015099	6.165124261164571e-08	1.4036443592741276e-07	Scil_g9230;Slac_ENSLPGG00000028868	1.0946832096453287e-05	3.246417234390367e-07																																					Scil_g267;Slac_ENSLPGG00000020639	5.885782606862505e-37	9.895814052081766e-05																																											Scil_g9048;Slac_ENSLPGG00000023020	3.768892463920302e-09	4.41597248476896e-13													Scil_g9048;Slac_ENSLPGG00000005083	2.4413691500777468e-39	1.124330201580065e-23							Scil_g10912;Slac_ENSLPGG00000021349	1.0558597740908803e-43	0.007868136067536493				Scil_g2206;Slac_ENSLPGG00000011938	3.8427685016444203e-75	1.929366245869577e-05	Scil_g9230;Slac_ENSLPGG00000002916	3.7691661274080483e-17	5.382979758273921e-31												
			Scil_g480;Slac_ENSLPGG00000010615	6.3755549952831205e-49	5.980524550575253e-11	Scil_g645;Slac_ENSLPGG00000017340	7.347434667390241e-11	1.5260907771143116e-05	Scil_g13745;Slac_ENSLPGG00000018065	3.7450874611346483e-19	0.0011078097941634231	Scil_g3312;Slac_ENSLPGG00000005591	4.4611378436888564e-38	1.0919858717207004e-50	Scil_g9230;Slac_ENSLPGG00000028868	7.298882244062682e-29	3.246417234390367e-07										Scil_g2536;Slac_ENSLPGG00000030214	5.467901193060652e-07	3.5429188297330837e-09	Scil_g9836;Slac_ENSLPGG00000007303	6.528983269369424e-06	0.0009572338780791472																																					Scil_g271;Slac_ENSLPGG00000011745	2.479594692950588e-31	4.2253443304332e-44																																											Scil_g9453;Slac_ENSLPGG00000001551	2.056781849066872e-32	2.489206243611907e-06													Scil_g6478;Slac_ENSLPGG00000020621	1.1894457884695337e-90	0.007680656845531507							Scil_g9230;Slac_ENSLPGG00000002916	6.016165881983089e-05	5.382979758273921e-31				Scil_g11267;Slac_ENSLPGG00000020792	1.4110099946678976e-26	0.0002737767557969287	Scil_g13745;Slac_ENSLPGG00000012306	1.5191582529175584e-21	1.197393881049367e-06												
			Scil_g9048;Slac_ENSLPGG00000008029	2.987962565879083e-67	2.1429507329778337e-15	Scil_g114;Slac_ENSLPGG00000027385	3.4375806476765463e-47	0.005467421238118516	Scil_g9230;Slac_ENSLPGG00000002916	1.6329289607559043e-16	5.382979758273921e-31	Scil_g6573;Slac_ENSLPGG00000005942	1.445410382086121e-35	2.1599819749161668e-07	Scil_g9896;Slac_ENSLPGG00000023496	2.9407287341508366e-34	0.003328653231476809										Scil_g9331;Slac_ENSLPGG00000001861	6.290009063093395e-06	7.130847028255194e-05	Scil_g9453;Slac_ENSLPGG00000013258	1.2305403272584198e-08	0.007983614854092479																																					Scil_g267;Slac_ENSLPGG00000008029	5.885782606862505e-37	2.1429507329778337e-15																																											Scil_g6573;Slac_ENSLPGG00000005942	5.51206322698873e-22	2.1599819749161668e-07													Scil_g8784;Slac_ENSLPGG00000005398	1.0499855983051466e-30	3.0195526377610373e-09							Scil_g321;Slac_ENSLPGG00000011969	5.201512778955545e-06	4.4372662402430685e-05				Scil_g480;Slac_ENSLPGG00000010615	2.1150613533600607e-55	5.980524550575253e-11	Scil_g2125;Slac_ENSLPGG00000026851	6.334665188580222e-26	3.435672027214082e-07												
			Scil_g848;Slac_ENSLPGG00000027631	1.3695592102510583e-53	5.120386261533688e-06	Scil_g260;Slac_ENSLPGG00000029003	0.007292028979676525	0.00013954334484069168	Scil_g645;Slac_ENSLPGG00000017340	7.347434667390241e-11	1.2939881671370807e-15	Scil_g9048;Slac_ENSLPGG00000023020	1.3585986370891582e-70	4.41597248476896e-13	Scil_g13745;Slac_ENSLPGG00000012306	1.7428135241117832e-17	1.197393881049367e-06										Scil_g321;Slac_ENSLPGG00000011969	0.006217950837794188	4.4372662402430685e-05	Scil_g497;Slac_ENSLPGG00000012592	0.0011440369149989728	0.003601732332786809																																					Scil_g317;Slac_ENSLPGG00000004015	3.4140535334446645e-07	0.007400663864405453																																											Scil_g2894;Slac_ENSLPGG00000019707	1.296431295314478e-34	0.0003308982790262828													Scil_g5853;Slac_ENSLPGG00000014536	7.473576160686528e-56	2.3412831869630676e-27							Scil_g402;Slac_ENSLPGG00000015884	0.002831292277208948	9.260489127110691e-09				Scil_g3738;Slac_ENSLPGG00000013280	6.901148057750623e-21	1.4500999815176517e-33	Scil_g9453;Slac_ENSLPGG00000013258	4.327858497939192e-26	0.007983614854092479												
			Scil_g2645;Slac_ENSLPGG00000029285	2.0740184708313862e-21	5.067720469260824e-24	Scil_g321;Slac_ENSLPGG00000011969	0.0016630681300663676	0.0027438983410178236	Scil_g12129;Slac_ENSLPGG00000010554	4.4684632677048716e-13	5.126043017858373e-27	Scil_g9896;Slac_ENSLPGG00000002568	2.9407287341508366e-34	1.9453016396592235e-22	Scil_g3312;Slac_ENSLPGG00000018877	4.4611378436888564e-38	2.1201919848233518e-05										Scil_g402;Slac_ENSLPGG00000015884	5.91453912469994e-05	9.260489127110691e-09																																								Scil_g321;Slac_ENSLPGG00000011969	8.457003961874762e-66	2.519088446753971e-07																																											Scil_g2679;Slac_ENSLPGG00000008029	2.2169069572025633e-15	2.1429507329778337e-15													Scil_g2168;Slac_ENSLPGG00000017442	2.456663280013788e-06	1.6672221442580664e-14							Scil_g402;Slac_ENSLPGG00000002171	0.002831292277208948	3.6116294613368106e-17				Scil_g9784;Slac_ENSLPGG00000017293	5.333759159696177e-20	1.1853542770408634e-06	Scil_g512;Slac_ENSLPGG00000012055	5.1767101240108096e-17	0.004024645954396675												
			Scil_g9453;Slac_ENSLPGG00000012945	1.041992355450003e-42	7.651688797584175e-26	Scil_g402;Slac_ENSLPGG00000015884	8.147832180044499e-11	0.0016698005323156212	Scil_g9331;Slac_ENSLPGG00000001861	1.0145898625582127e-10	7.130847028255194e-05	Scil_g848;Slac_ENSLPGG00000027631	6.561489580859013e-54	5.120386261533688e-06	Scil_g8832;Slac_ENSLPGG00000016670	4.6296337666130026e-14	0.0003434224468361648										Scil_g402;Slac_ENSLPGG00000002171	5.91453912469994e-05	3.6116294613368106e-17																																								Scil_g329;Slac_ENSLPGG00000026649	1.9062766363081763e-08	0.004289970132342219																																											Scil_g2168;Slac_ENSLPGG00000017442	1.4152585156163187e-10	1.6672221442580664e-14													Scil_g9453;Slac_ENSLPGG00000008251	9.085190326555412e-21	4.670788978404608e-15							Scil_g497;Slac_ENSLPGG00000012592	5.6597231481682015e-05	0.003601732332786809				Scil_g151;Slac_ENSLPGG00000013344	6.029235748119242e-46	3.577549343166164e-18	Scil_g13745;Slac_ENSLPGG00000018065	1.5191582529175584e-21	0.0011078097941634231												
			Scil_g9350;Slac_ENSLPGG00000016018	3.565883600653292e-41	9.131746071512445e-40	Scil_g478;Slac_ENSLPGG00000004305	0.0006236602712978376	0.0002602160088536398	Scil_g274;Slac_ENSLPGG00000011664	0.0056428187535223105	0.0002267509451700141	Scil_g9453;Slac_ENSLPGG00000008251	1.3091304539461676e-37	4.670788978404608e-15	Scil_g13745;Slac_ENSLPGG00000018065	1.7428135241117832e-17	0.0011078097941634231																																																				Scil_g392;Slac_ENSLPGG00000009800	1.615794214794336e-05	3.2906176915845424e-17																																											Scil_g13687;Slac_ENSLPGG00000024411	2.7220194856556577e-05	0.00026913458432165766													Scil_g8569;Slac_ENSLPGG00000019939	7.399706961159974e-49	7.746866494854593e-09							Scil_g497;Slac_ENSLPGG00000024534	5.6597231481682015e-05	0.0003020881440710629				Scil_g6498;Slac_ENSLPGG00000020053	1.0832910387587856e-48	0.00013605932074935457	Scil_g9230;Slac_ENSLPGG00000028868	3.7691661274080483e-17	3.246417234390367e-07												
			Scil_g1133;Slac_ENSLPGG00000009493	4.042644050264953e-151	1.0648916230382638e-07	Scil_g484;Slac_ENSLPGG00000011282	0.0001956305427714416	2.864436076534854e-07	Scil_g321;Slac_ENSLPGG00000011969	0.0016630681300663676	4.4372662402430685e-05	Scil_g2125;Slac_ENSLPGG00000027899	5.114290825457778e-62	6.273158257151112e-10	Scil_g645;Slac_ENSLPGG00000017340	2.822155782214022e-29	1.2939881671370807e-15																																																				Scil_g461;Slac_ENSLPGG00000013628	0.005991095011724523	0.007516026185799564																																											Scil_g2679;Slac_ENSLPGG00000023020	2.2169069572025633e-15	4.41597248476896e-13													Scil_g3312;Slac_ENSLPGG00000018877	8.769989209059896e-13	1.5668001742992288e-37													Scil_g8652;Slac_ENSLPGG00000005266	2.1852215635678788e-11	0.0010235712081337444	Scil_g8832;Slac_ENSLPGG00000016670	8.280861537023595e-17	0.0003434224468361648												
			Scil_g9973;Slac_ENSLPGG00000025079	6.801912918476919e-98	0.00375903094538836	Scil_g497;Slac_ENSLPGG00000012592	1.0043674260557614e-08	1.3820300643574372e-10	Scil_g355;Slac_ENSLPGG00000000505	0.007609872431326082	0.0008184736757873754	Scil_g9048;Slac_ENSLPGG00000028207	1.3585986370891582e-70	1.867859734453791e-12	Scil_g566;Slac_ENSLPGG00000012732	4.358299492680848e-20	0.002490841745581272																																																				Scil_g478;Slac_ENSLPGG00000004305	7.970601739097367e-49	1.2911500309925277e-07																																											Scil_g9048;Slac_ENSLPGG00000028207	3.768892463920302e-09	1.867859734453791e-12													Scil_g6432;Slac_ENSLPGG00000001593	4.4287160920340336e-39	0.0020825868590593406													Scil_g3256;Slac_ENSLPGG00000028868	1.022530426407309e-44	2.7375550175479056e-05	Scil_g9896;Slac_ENSLPGG00000023496	2.0850678834719052e-23	0.003328653231476809												
			Scil_g9048;Slac_ENSLPGG00000023020	2.987962565879083e-67	4.41597248476896e-13	Scil_g497;Slac_ENSLPGG00000009593	1.0043674260557614e-08	0.0003124591717179352	Scil_g402;Slac_ENSLPGG00000015884	8.147832180044499e-11	9.260489127110691e-09	Scil_g9048;Slac_ENSLPGG00000008029	1.3585986370891582e-70	2.1429507329778337e-15	Scil_g9331;Slac_ENSLPGG00000001861	2.63149066999594e-24	7.130847028255194e-05																																																				Scil_g497;Slac_ENSLPGG00000012592	0.0012166363255381029	1.6185130147485276e-18																																											Scil_g13155;Slac_ENSLPGG00000025541	2.3700604612108568e-12	1.5361509531527551e-33													Scil_g1970;Slac_ENSLPGG00000027899	1.0284454998381085e-42	6.273158257151112e-10													Scil_g9453;Slac_ENSLPGG00000011679	4.327858497939192e-26	2.3521188597386696e-10	Scil_g645;Slac_ENSLPGG00000017340	2.2208664908855235e-11	1.2939881671370807e-15												
			Scil_g6478;Slac_ENSLPGG00000001057	9.55745693875112e-137	0.002605558624769482	Scil_g497;Slac_ENSLPGG00000006356	1.0043674260557614e-08	0.0002829673073730237	Scil_g402;Slac_ENSLPGG00000002171	8.147832180044499e-11	3.6116294613368106e-17	Scil_g9453;Slac_ENSLPGG00000001551	1.3091304539461676e-37	2.489206243611907e-06	Scil_g8948;Slac_ENSLPGG00000015099	1.6561989565515343e-10	1.4036443592741276e-07																																																				Scil_g497;Slac_ENSLPGG00000009593	0.0012166363255381029	1.927089599443903e-17																																											Scil_g13687;Slac_ENSLPGG00000021586	2.7220194856556577e-05	1.7411706854794535e-05													Scil_g6711;Slac_ENSLPGG00000014533	9.246671477449805e-28	4.1486027001370666e-07													Scil_g2206;Slac_ENSLPGG00000005820	3.8427685016444203e-75	0.001011811941688375	Scil_g8547;Slac_ENSLPGG00000010087	3.890922769480036e-09	6.428399142631757e-14												
			Scil_g8569;Slac_ENSLPGG00000021586	8.912916080279021e-94	1.7411706854794535e-05	Scil_g497;Slac_ENSLPGG00000028596	1.0043674260557614e-08	2.362492271901091e-06	Scil_g478;Slac_ENSLPGG00000004305	0.0006236602712978376	3.6740644417102746e-05	Scil_g1970;Slac_ENSLPGG00000027899	5.21243859072783e-44	6.273158257151112e-10	Scil_g8547;Slac_ENSLPGG00000010087	5.845219804405865e-10	6.428399142631757e-14																																																				Scil_g497;Slac_ENSLPGG00000006356	0.0012166363255381029	3.2632950270809215e-16																																											Scil_g9048;Slac_ENSLPGG00000020639	3.768892463920302e-09	9.895814052081766e-05													Scil_g1133;Slac_ENSLPGG00000009493	1.608801229372555e-88	1.0648916230382638e-07													Scil_g10035;Slac_ENSLPGG00000016216	1.8899907509733194e-11	8.825241983550712e-08	Scil_g1133;Slac_ENSLPGG00000009493	3.881881739423755e-05	8.61901041892892e-05												
			Scil_g151;Slac_ENSLPGG00000013344	9.667655340794264e-27	3.577549343166164e-18	Scil_g497;Slac_ENSLPGG00000024534	1.0043674260557614e-08	1.1457669768140912e-13				Scil_g6478;Slac_ENSLPGG00000003671	1.3696367226620593e-60	1.0199371661577197e-09	Scil_g274;Slac_ENSLPGG00000011664	0.0003262569026234591	0.0002267509451700141																																																				Scil_g497;Slac_ENSLPGG00000028596	0.0012166363255381029	1.1032332293030497e-18																																											Scil_g9627;Slac_ENSLPGG00000004782	1.7932220930488746e-07	5.858558014061243e-16													Scil_g5496;Slac_ENSLPGG00000014820	8.824223870739615e-19	2.620578377314697e-16													Scil_g5496;Slac_ENSLPGG00000014820	2.9045483462765355e-13	2.620578377314697e-16	Scil_g566;Slac_ENSLPGG00000012732	5.706838430429105e-06	0.002490841745581272												
			Scil_g1638;Slac_ENSLPGG00000009812	2.2763576435337092e-28	1.0932512191403664e-05							Scil_g6573;Slac_ENSLPGG00000001774	1.445410382086121e-35	5.5336845091324314e-11	Scil_g321;Slac_ENSLPGG00000011969	9.919569578021393e-16	4.4372662402430685e-05																																																				Scil_g497;Slac_ENSLPGG00000024534	0.0012166363255381029	1.0929786008756827e-38																																											Scil_g2679;Slac_ENSLPGG00000028207	2.2169069572025633e-15	1.867859734453791e-12													Scil_g2790;Slac_ENSLPGG00000019707	8.903801089339332e-48	0.0003308982790262828													Scil_g8784;Slac_ENSLPGG00000013258	2.1798362641679393e-34	2.2291185466983853e-09	Scil_g9331;Slac_ENSLPGG00000001861	3.265606929059393e-08	7.130847028255194e-05												
			Scil_g2125;Slac_ENSLPGG00000027899	7.537571535397402e-30	6.273158257151112e-10							Scil_g8569;Slac_ENSLPGG00000021586	1.7894243764152615e-54	1.7411706854794535e-05	Scil_g402;Slac_ENSLPGG00000015884	1.1754607881891583e-10	9.260489127110691e-09																																																																																																	Scil_g9627;Slac_ENSLPGG00000005266	1.7932220930488746e-07	0.0010235712081337444													Scil_g480;Slac_ENSLPGG00000010615	7.718560485718088e-20	5.980524550575253e-11													Scil_g9453;Slac_ENSLPGG00000010787	4.327858497939192e-26	6.66853407732245e-12	Scil_g321;Slac_ENSLPGG00000011969	0.004582339513197038	4.4372662402430685e-05												
			Scil_g9453;Slac_ENSLPGG00000014570	1.041992355450003e-42	5.642196009546153e-20							Scil_g2645;Slac_ENSLPGG00000029285	3.112413211470775e-32	5.067720469260824e-24	Scil_g402;Slac_ENSLPGG00000002171	1.1754607881891583e-10	3.6116294613368106e-17																																																																																																	Scil_g5761;Slac_ENSLPGG00000012632	3.34374455574117e-16	3.232034310226335e-05													Scil_g9453;Slac_ENSLPGG00000010787	9.085190326555412e-21	6.66853407732245e-12													Scil_g9453;Slac_ENSLPGG00000005398	4.327858497939192e-26	3.0195526377610373e-09	Scil_g402;Slac_ENSLPGG00000015884	4.2741057001542785e-07	9.260489127110691e-09												
			Scil_g2206;Slac_ENSLPGG00000005820	1.4268740080321066e-86	0.001011811941688375							Scil_g1133;Slac_ENSLPGG00000009493	8.403015077952536e-44	1.0648916230382638e-07	Scil_g478;Slac_ENSLPGG00000004305	0.000746119834422433	3.6740644417102746e-05																																																																																																	Scil_g114;Slac_ENSLPGG00000027385	6.212611563766946e-21	7.471396274444275e-05													Scil_g1638;Slac_ENSLPGG00000009812	6.806062471931183e-22	1.0932512191403664e-05													Scil_g176;Slac_ENSLPGG00000004000	8.415208052090102e-09	0.003278021509044548	Scil_g402;Slac_ENSLPGG00000002171	4.2741057001542785e-07	3.6116294613368106e-17												
			Scil_g9048;Slac_ENSLPGG00000028207	2.987962565879083e-67	1.867859734453791e-12							Scil_g1638;Slac_ENSLPGG00000009812	5.040504522579827e-57	1.0932512191403664e-05																																																																																																				Scil_g222;Slac_ENSLPGG00000020201	0.0006642655682010646	0.006520914891909981													Scil_g9973;Slac_ENSLPGG00000025079	1.4509653951052227e-33	0.00375903094538836													Scil_g2151;Slac_ENSLPGG00000006993	1.6515360984810232e-19	2.285977235400164e-07	Scil_g458;Slac_ENSLPGG00000013606	5.798494475649882e-05	0.005888966981709433												
			Scil_g2168;Slac_ENSLPGG00000017442	2.51709472915495e-10	1.6672221442580664e-14							Scil_g8569;Slac_ENSLPGG00000024411	1.7894243764152615e-54	0.00026913458432165766																																																																																																				Scil_g267;Slac_ENSLPGG00000005083	6.286048656896046e-10	1.124330201580065e-23													Scil_g8206;Slac_ENSLPGG00000011935	4.660555141550041e-35	1.3450411135448757e-39													Scil_g848;Slac_ENSLPGG00000027631	3.4631647225163947e-44	5.120386261533688e-06	Scil_g458;Slac_ENSLPGG00000000505	5.798494475649882e-05	0.0008184736757873754												
			Scil_g1970;Slac_ENSLPGG00000027899	2.432112725515365e-51	6.273158257151112e-10							Scil_g2790;Slac_ENSLPGG00000019707	8.469490205362808e-79	0.0003308982790262828																																																																																																				Scil_g267;Slac_ENSLPGG00000023020	6.286048656896046e-10	4.41597248476896e-13													Scil_g3312;Slac_ENSLPGG00000005591	8.769989209059896e-13	1.0919858717207004e-50													Scil_g9973;Slac_ENSLPGG00000025079	9.664961693704148e-46	0.00375903094538836															
			Scil_g6573;Slac_ENSLPGG00000005942	1.808943214236265e-56	2.1599819749161668e-07							Scil_g10401;Slac_ENSLPGG00000009693	2.4044236497706994e-39	5.0227407080739e-47																																																																																																				Scil_g267;Slac_ENSLPGG00000020639	6.286048656896046e-10	9.895814052081766e-05													Scil_g6478;Slac_ENSLPGG00000022382	1.1894457884695337e-90	2.711690826516311e-05													Scil_g6478;Slac_ENSLPGG00000001057	4.3297761255432755e-23	0.002605558624769482															
			Scil_g9784;Slac_ENSLPGG00000017293	3.528961533679044e-43	1.1853542770408634e-06							Scil_g9453;Slac_ENSLPGG00000005398	1.3091304539461676e-37	3.0195526377610373e-09																																																																																																				Scil_g271;Slac_ENSLPGG00000011745	5.187320315125221e-05	4.2253443304332e-44													Scil_g9048;Slac_ENSLPGG00000020639	2.4413691500777468e-39	9.895814052081766e-05													Scil_g6573;Slac_ENSLPGG00000005942	7.312288946422982e-31	2.1599819749161668e-07															
			Scil_g2151;Slac_ENSLPGG00000006993	2.642177693649232e-54	2.285977235400164e-07							Scil_g9048;Slac_ENSLPGG00000020639	1.3585986370891582e-70	9.895814052081766e-05																																																																																																				Scil_g267;Slac_ENSLPGG00000008029	6.286048656896046e-10	2.1429507329778337e-15													Scil_g13745;Slac_ENSLPGG00000024377	9.538753720775364e-06	1.3972524494513694e-23													Scil_g9048;Slac_ENSLPGG00000020639	1.2850400112213864e-38	9.895814052081766e-05															
			Scil_g2790;Slac_ENSLPGG00000019707	2.2719066723895912e-88	0.0003308982790262828							Scil_g9230;Slac_ENSLPGG00000002916	7.298882244062682e-29	4.5097320754487453e-69																																																																																																				Scil_g321;Slac_ENSLPGG00000011969	7.492857810662611e-17	2.519088446753971e-07													Scil_g9453;Slac_ENSLPGG00000014570	9.085190326555412e-21	5.642196009546153e-20													Scil_g9896;Slac_ENSLPGG00000002568	2.0850678834719052e-23	1.9453016396592235e-22															
			Scil_g6529;Slac_ENSLPGG00000000542	5.623223997709888e-49	2.6582021854742975e-16							Scil_g6478;Slac_ENSLPGG00000022382	1.3696367226620593e-60	2.711690826516311e-05																																																																																																				Scil_g329;Slac_ENSLPGG00000026649	0.0048846411090036	0.004289970132342219													Scil_g1970;Slac_ENSLPGG00000009812	1.0284454998381085e-42	1.0932512191403664e-05													Scil_g6573;Slac_ENSLPGG00000001774	7.312288946422982e-31	5.5336845091324314e-11															
			Scil_g9453;Slac_ENSLPGG00000013258	1.041992355450003e-42	2.2291185466983853e-09							Scil_g9453;Slac_ENSLPGG00000010787	1.3091304539461676e-37	6.66853407732245e-12																																																																																																				Scil_g360;Slac_ENSLPGG00000003949	0.006206402131639787	0.00011925256504507517													Scil_g9453;Slac_ENSLPGG00000005398	9.085190326555412e-21	3.0195526377610373e-09													Scil_g2125;Slac_ENSLPGG00000026851	6.334665188580222e-26	2.1954594971659047e-39															
			Scil_g5906;Slac_ENSLPGG00000017249	2.893742707511789e-52	1.605152083691467e-05							Scil_g512;Slac_ENSLPGG00000012055	1.0083430968893254e-54	2.5837843891576112e-25																																																																																																				Scil_g392;Slac_ENSLPGG00000009800	0.008462746159149078	3.2906176915845424e-17													Scil_g12865;Slac_ENSLPGG00000023608	9.443802870344454e-28	0.0003477216202388123													Scil_g5853;Slac_ENSLPGG00000011935	1.7955554698928446e-15	1.3450411135448757e-39															
			Scil_g12088;Slac_ENSLPGG00000008894	5.999773004791421e-84	1.2790228529831583e-08							Scil_g2125;Slac_ENSLPGG00000009812	5.114290825457778e-62	1.0932512191403664e-05																																																																																																				Scil_g208;Slac_ENSLPGG00000021849	1.9422762664173966e-30	0.0056387930643182526													Scil_g9784;Slac_ENSLPGG00000017293	6.318417168023661e-11	1.1853542770408634e-06													Scil_g9453;Slac_ENSLPGG00000008251	4.327858497939192e-26	4.670788978404608e-15															
			Scil_g9896;Slac_ENSLPGG00000002568	1.5601001982437897e-19	1.9453016396592235e-22							Scil_g1970;Slac_ENSLPGG00000009812	5.21243859072783e-44	1.0932512191403664e-05																																																																																																				Scil_g461;Slac_ENSLPGG00000013628	4.335017014923258e-09	0.007516026185799564													Scil_g2125;Slac_ENSLPGG00000009812	7.232207162105824e-15	1.0932512191403664e-05													Scil_g6478;Slac_ENSLPGG00000003671	4.3297761255432755e-23	1.0199371661577197e-09															
			Scil_g10035;Slac_ENSLPGG00000016216	2.0508264279483914e-33	8.825241983550712e-08							Scil_g10015;Slac_ENSLPGG00000022563	5.8654985060184544e-59	0.0002550193693695616																																																																																																				Scil_g478;Slac_ENSLPGG00000004305	4.328712206454093e-21	1.2911500309925277e-07													Scil_g9453;Slac_ENSLPGG00000013258	9.085190326555412e-21	2.2291185466983853e-09													Scil_g9836;Slac_ENSLPGG00000007303	3.911224462915432e-18	1.3771631053129664e-06															
			Scil_g2125;Slac_ENSLPGG00000009812	7.537571535397402e-30	1.0932512191403664e-05							Scil_g9784;Slac_ENSLPGG00000017293	1.6232458727815301e-37	1.1853542770408634e-06																																																																																																																			Scil_g10997;Slac_ENSLPGG00000020828	1.8770616640259057e-07	1.2861289811140886e-12													Scil_g6432;Slac_ENSLPGG00000001593	4.080624472109457e-21	0.0020825868590593406															
			Scil_g9453;Slac_ENSLPGG00000008251	1.041992355450003e-42	4.670788978404608e-15							Scil_g8206;Slac_ENSLPGG00000014536	4.954809955860979e-24	2.3412831869630676e-27																																																																																																																			Scil_g2125;Slac_ENSLPGG00000026851	7.232207162105824e-15	2.1954594971659047e-39													Scil_g5853;Slac_ENSLPGG00000014536	1.7955554698928446e-15	2.3412831869630676e-27															
			Scil_g9453;Slac_ENSLPGG00000011679	1.041992355450003e-42	2.3521188597386696e-10							Scil_g3074;Slac_ENSLPGG00000027778	1.5370863427024178e-78	0.0021572535559234995																																																																																																																			Scil_g5906;Slac_ENSLPGG00000017249	4.627345826650801e-39	1.605152083691467e-05													Scil_g9230;Slac_ENSLPGG00000001288	3.7691661274080483e-17	5.885151292742098e-62															
			Scil_g9453;Slac_ENSLPGG00000010787	1.041992355450003e-42	6.66853407732245e-12							Scil_g3312;Slac_ENSLPGG00000018877	4.4611378436888564e-38	1.5668001742992288e-37																																																																																																																			Scil_g9297;Slac_ENSLPGG00000017442	1.1896022757395399e-22	1.6672221442580664e-14													Scil_g6529;Slac_ENSLPGG00000000542	9.537852670221422e-31	2.6582021854742975e-16															
			Scil_g1970;Slac_ENSLPGG00000009812	2.432112725515365e-51	1.0932512191403664e-05							Scil_g176;Slac_ENSLPGG00000004000	1.664270103728279e-07	0.003278021509044548																																																																																																																			Scil_g8569;Slac_ENSLPGG00000021586	7.399706961159974e-49	1.7411706854794535e-05													Scil_g9048;Slac_ENSLPGG00000023020	1.2850400112213864e-38	4.41597248476896e-13															
			Scil_g12865;Slac_ENSLPGG00000023608	1.5016727836587936e-30	0.0003477216202388123							Scil_g12129;Slac_ENSLPGG00000010554	3.718386325670683e-46	1.2627343975808865e-33																																																																																																																			Scil_g2125;Slac_ENSLPGG00000027899	7.232207162105824e-15	6.273158257151112e-10													Scil_g1970;Slac_ENSLPGG00000027899	1.961925325947212e-20	6.273158257151112e-10															
			Scil_g9453;Slac_ENSLPGG00000005398	1.041992355450003e-42	3.0195526377610373e-09							Scil_g6217;Slac_ENSLPGG00000028030	6.564918971223606e-88	2.8460786375008032e-08																																																																																																																			Scil_g8206;Slac_ENSLPGG00000014536	4.660555141550041e-35	2.3412831869630676e-27													Scil_g9453;Slac_ENSLPGG00000001551	4.327858497939192e-26	2.489206243611907e-06															
			Scil_g13745;Slac_ENSLPGG00000024377	3.7450874611346483e-19	1.3972524494513694e-23							Scil_g9453;Slac_ENSLPGG00000011679	1.3091304539461676e-37	2.3521188597386696e-10																																																																																																																			Scil_g1929;Slac_ENSLPGG00000017167	0.0027012050929478017	4.059213680124567e-14													Scil_g12088;Slac_ENSLPGG00000008894	2.410807169875077e-07	1.2790228529831583e-08															
			Scil_g9048;Slac_ENSLPGG00000020639	2.987962565879083e-67	9.895814052081766e-05							Scil_g9297;Slac_ENSLPGG00000017442	8.238178303675544e-34	1.6672221442580664e-14																																																																																																																			Scil_g10035;Slac_ENSLPGG00000016216	2.4513512383679115e-15	8.825241983550712e-08													Scil_g8569;Slac_ENSLPGG00000024411	2.8070546722766534e-38	0.00026913458432165766															
			Scil_g2536;Slac_ENSLPGG00000030214	7.590585119571276e-19	1.1904823129216072e-05							Scil_g6478;Slac_ENSLPGG00000020621	1.3696367226620593e-60	0.007680656845531507																																																																																																																			Scil_g9896;Slac_ENSLPGG00000002568	0.00046564910391421626	1.9453016396592235e-22													Scil_g3074;Slac_ENSLPGG00000027778	4.6166989120718154e-27	0.0021572535559234995															
			Scil_g9230;Slac_ENSLPGG00000001288	1.6329289607559043e-16	5.885151292742098e-62							Scil_g9896;Slac_ENSLPGG00000023496	2.9407287341508366e-34	0.00010386832024772968																																																																																																																			Scil_g12129;Slac_ENSLPGG00000010554	0.0003303893264109402	1.2627343975808865e-33													Scil_g9230;Slac_ENSLPGG00000002916	3.7691661274080483e-17	4.5097320754487453e-69															
			Scil_g9297;Slac_ENSLPGG00000017442	3.894503481940993e-30	1.6672221442580664e-14							Scil_g5496;Slac_ENSLPGG00000014820	2.900767905618216e-23	2.620578377314697e-16																																																																																																																			Scil_g9230;Slac_ENSLPGG00000001288	6.016165881983089e-05	5.885151292742098e-62													Scil_g428;Slac_ENSLPGG00000010973	2.8700261777430204e-28	0.0034540098597519364															
			Scil_g13745;Slac_ENSLPGG00000012306	3.7450874611346483e-19	3.936543261477197e-11							Scil_g9836;Slac_ENSLPGG00000007303	2.3199733900812416e-37	1.3771631053129664e-06																																																																																																																			Scil_g8948;Slac_ENSLPGG00000015099	4.034845827274647e-09	0.0002737767557969287													Scil_g9297;Slac_ENSLPGG00000017442	2.0581399714365463e-10	1.6672221442580664e-14															
			Scil_g9453;Slac_ENSLPGG00000001551	1.041992355450003e-42	2.489206243611907e-06							Scil_g1133;Slac_ENSLPGG00000008926	8.403015077952536e-44	9.366424220594736e-20																																																																																																																			Scil_g5592;Slac_ENSLPGG00000027633	5.541405827238133e-09	0.0007267486762986831													Scil_g1133;Slac_ENSLPGG00000008926	3.881881739423755e-05	9.366424220594736e-20															
			Scil_g9896;Slac_ENSLPGG00000023496	1.5601001982437897e-19	0.00010386832024772968							Scil_g6478;Slac_ENSLPGG00000001057	1.3696367226620593e-60	0.002605558624769482																																																																																																																			Scil_g2536;Slac_ENSLPGG00000030214	1.1000851270696005e-09	1.1904823129216072e-05													Scil_g13745;Slac_ENSLPGG00000012306	1.5191582529175584e-21	3.936543261477197e-11															
			Scil_g5496;Slac_ENSLPGG00000014820	1.4329437713439175e-31	2.620578377314697e-16							Scil_g13745;Slac_ENSLPGG00000024377	1.7428135241117832e-17	1.3972524494513694e-23																																																																																																																			Scil_g9836;Slac_ENSLPGG00000007303	7.154250033357604e-05	1.3771631053129664e-06													Scil_g6478;Slac_ENSLPGG00000022382	4.3297761255432755e-23	2.711690826516311e-05															
			Scil_g9230;Slac_ENSLPGG00000002916	1.6329289607559043e-16	4.5097320754487453e-69							Scil_g1929;Slac_ENSLPGG00000017167	5.192380783683105e-13	4.059213680124567e-14																																																																																																																			Scil_g13745;Slac_ENSLPGG00000018065	9.538753720775364e-06	0.004045537278292543													Scil_g8207;Slac_ENSLPGG00000014536	1.3431497357677264e-05	2.3412831869630676e-27															
			Scil_g6424;Slac_ENSLPGG00000011123	4.49849151870249e-33	0.0027828374406887297							Scil_g6424;Slac_ENSLPGG00000011123	3.81603310638397e-57	0.0027828374406887297																																																																																																																			Scil_g9230;Slac_ENSLPGG00000002916	6.016165881983089e-05	4.5097320754487453e-69													Scil_g13745;Slac_ENSLPGG00000024377	1.5191582529175584e-21	1.3972524494513694e-23															
			Scil_g9836;Slac_ENSLPGG00000007303	1.3820818944101524e-23	1.3771631053129664e-06							Scil_g5906;Slac_ENSLPGG00000017249	1.9981454029630132e-26	1.605152083691467e-05																																																																																																																			Scil_g9453;Slac_ENSLPGG00000001551	9.085190326555412e-21	2.489206243611907e-06													Scil_g5592;Slac_ENSLPGG00000027633	4.347639972131248e-15	0.0007267486762986831															
			Scil_g8948;Slac_ENSLPGG00000015099	5.703838648917407e-12	0.0002737767557969287							Scil_g9453;Slac_ENSLPGG00000013258	1.3091304539461676e-37	2.2291185466983853e-09																																																																																																																			Scil_g13745;Slac_ENSLPGG00000012306	9.538753720775364e-06	3.936543261477197e-11													Scil_g9453;Slac_ENSLPGG00000013258	4.327858497939192e-26	2.2291185466983853e-09															
			Scil_g5592;Slac_ENSLPGG00000027633	1.0250977473380449e-08	0.0007267486762986831							Scil_g10035;Slac_ENSLPGG00000016216	5.456533346741866e-26	8.825241983550712e-08																																																																																																																			Scil_g9230;Slac_ENSLPGG00000028868	6.016165881983089e-05	2.7375550175479056e-05													Scil_g1970;Slac_ENSLPGG00000009812	1.961925325947212e-20	1.0932512191403664e-05															
			Scil_g9230;Slac_ENSLPGG00000028868	1.6329289607559043e-16	2.7375550175479056e-05							Scil_g2536;Slac_ENSLPGG00000030214	8.733746467948858e-24	1.1904823129216072e-05																																																																																																																			Scil_g6424;Slac_ENSLPGG00000011123	1.4034643676475913e-07	0.0027828374406887297													Scil_g2125;Slac_ENSLPGG00000009812	6.334665188580222e-26	1.0932512191403664e-05															
			Scil_g13745;Slac_ENSLPGG00000018065	3.7450874611346483e-19	0.004045537278292543							Scil_g12088;Slac_ENSLPGG00000008894	3.7719414836070574e-27	1.2790228529831583e-08																																																																																																																			Scil_g9896;Slac_ENSLPGG00000023496	0.00046564910391421626	0.00010386832024772968													Scil_g512;Slac_ENSLPGG00000012055	5.1767101240108096e-17	2.5837843891576112e-25															
			Scil_g645;Slac_ENSLPGG00000017340	7.347434667390241e-11	5.828180967476836e-08							Scil_g13745;Slac_ENSLPGG00000012306	1.7428135241117832e-17	3.936543261477197e-11																																																																																																																			Scil_g114;Slac_ENSLPGG00000027385	2.9072643911487857e-25	7.471396274444275e-05													Scil_g8948;Slac_ENSLPGG00000015099	1.245667125566126e-09	0.0002737767557969287															
			Scil_g9331;Slac_ENSLPGG00000001861	1.0145898625582127e-10	2.8618698113264884e-06							Scil_g9230;Slac_ENSLPGG00000028868	7.298882244062682e-29	2.7375550175479056e-05																																																																																																																			Scil_g254;Slac_ENSLPGG00000011839	4.7861042738356356e-32	0.00023796853818428576													Scil_g6424;Slac_ENSLPGG00000011123	1.1523164630714105e-23	0.0027828374406887297															
			Scil_g12129;Slac_ENSLPGG00000010554	4.4684632677048716e-13	1.2627343975808865e-33							Scil_g12865;Slac_ENSLPGG00000023608	6.980775180419845e-27	0.0003477216202388123																																																																																																																			Scil_g254;Slac_ENSLPGG00000009504	4.7861042738356356e-32	0.0007239334942330772													Scil_g2536;Slac_ENSLPGG00000030214	2.910263978477767e-17	1.1904823129216072e-05															
			Scil_g4792;Slac_ENSLPGG00000007525	0.0007933091170729534	1.2976177857252313e-07							Scil_g9331;Slac_ENSLPGG00000001861	2.63149066999594e-24	2.8618698113264884e-06																																																																																																																			Scil_g254;Slac_ENSLPGG00000007525	4.7861042738356356e-32	1.2976177857252313e-07													Scil_g13745;Slac_ENSLPGG00000018065	1.5191582529175584e-21	0.004045537278292543															
			Scil_g114;Slac_ENSLPGG00000027385	3.4375806476765463e-47	7.471396274444275e-05							Scil_g8948;Slac_ENSLPGG00000015099	1.6561989565515343e-10	0.0002737767557969287																																																																																																																			Scil_g321;Slac_ENSLPGG00000011969	5.201512778955545e-06	2.519088446753971e-07													Scil_g9896;Slac_ENSLPGG00000023496	2.0850678834719052e-23	0.00010386832024772968															
			Scil_g254;Slac_ENSLPGG00000011839	1.572313967726328e-66	0.00023796853818428576							Scil_g13745;Slac_ENSLPGG00000018065	1.7428135241117832e-17	0.004045537278292543																																																																																																																			Scil_g402;Slac_ENSLPGG00000021619	0.002831292277208948	0.0011298302433880583													Scil_g12129;Slac_ENSLPGG00000010554	1.3466457343984313e-08	1.2627343975808865e-33															
			Scil_g254;Slac_ENSLPGG00000009504	1.572313967726328e-66	0.0007239334942330772							Scil_g8547;Slac_ENSLPGG00000010087	5.845219804405865e-10	5.482070075741699e-13																																																																																																																			Scil_g402;Slac_ENSLPGG00000015884	0.002831292277208948	1.3931861443855277e-07													Scil_g1133;Slac_ENSLPGG00000009493	3.881881739423755e-05	1.0648916230382638e-07															
			Scil_g254;Slac_ENSLPGG00000007525	1.572313967726328e-66	1.2976177857252313e-07							Scil_g645;Slac_ENSLPGG00000017340	2.822155782214022e-29	5.828180967476836e-08																																																																																																																			Scil_g497;Slac_ENSLPGG00000012592	5.6597231481682015e-05	1.6185130147485276e-18													Scil_g645;Slac_ENSLPGG00000017340	2.2208664908855235e-11	5.828180967476836e-08															
			Scil_g260;Slac_ENSLPGG00000029003	0.007292028979676525	7.206247055923804e-33							Scil_g114;Slac_ENSLPGG00000027385	3.532791625174653e-38	7.471396274444275e-05																																																																																																																			Scil_g497;Slac_ENSLPGG00000009593	5.6597231481682015e-05	1.927089599443903e-17													Scil_g2679;Slac_ENSLPGG00000023020	2.1785651503505698e-08	4.41597248476896e-13															
			Scil_g260;Slac_ENSLPGG00000027778	0.007292028979676525	0.0021572535559234995							Scil_g254;Slac_ENSLPGG00000011839	3.3715363208501235e-37	0.00023796853818428576																																																																																																																			Scil_g497;Slac_ENSLPGG00000006356	5.6597231481682015e-05	3.2632950270809215e-16													Scil_g9230;Slac_ENSLPGG00000028868	3.7691661274080483e-17	2.7375550175479056e-05															
			Scil_g321;Slac_ENSLPGG00000011969	0.0016630681300663676	2.519088446753971e-07							Scil_g254;Slac_ENSLPGG00000009504	3.3715363208501235e-37	0.0007239334942330772																																																																																																																			Scil_g497;Slac_ENSLPGG00000028596	5.6597231481682015e-05	1.1032332293030497e-18													Scil_g2679;Slac_ENSLPGG00000008029	2.1785651503505698e-08	2.1429507329778337e-15															
			Scil_g402;Slac_ENSLPGG00000021619	8.147832180044499e-11	0.0011298302433880583							Scil_g254;Slac_ENSLPGG00000007525	3.3715363208501235e-37	1.2976177857252313e-07																																																																																																																			Scil_g497;Slac_ENSLPGG00000024534	5.6597231481682015e-05	1.0929786008756827e-38													Scil_g8547;Slac_ENSLPGG00000010087	3.890922769480036e-09	5.482070075741699e-13															
			Scil_g402;Slac_ENSLPGG00000015884	8.147832180044499e-11	1.3931861443855277e-07							Scil_g321;Slac_ENSLPGG00000011969	9.919569578021393e-16	2.519088446753971e-07																																																																																																																																		Scil_g2679;Slac_ENSLPGG00000028207	2.1785651503505698e-08	1.867859734453791e-12															
			Scil_g208;Slac_ENSLPGG00000021849	5.2997093163648024e-06	0.0056387930643182526							Scil_g402;Slac_ENSLPGG00000021619	1.1754607881891583e-10	0.0011298302433880583																																																																																																																																		Scil_g9331;Slac_ENSLPGG00000001861	3.265606929059393e-08	2.8618698113264884e-06															
			Scil_g478;Slac_ENSLPGG00000004305	0.0006236602712978376	1.2911500309925277e-07							Scil_g402;Slac_ENSLPGG00000015884	1.1754607881891583e-10	1.3931861443855277e-07																																																																																																																																		Scil_g114;Slac_ENSLPGG00000027385	5.360106023538906e-19	7.471396274444275e-05															
												Scil_g461;Slac_ENSLPGG00000013628	0.0003657644519545774	0.007516026185799564																																																																																																																																		Scil_g254;Slac_ENSLPGG00000011839	4.626795824202111e-16	0.00023796853818428576															
												Scil_g478;Slac_ENSLPGG00000004305	0.000746119834422433	1.2911500309925277e-07																																																																																																																																		Scil_g254;Slac_ENSLPGG00000009504	4.626795824202111e-16	0.0007239334942330772															
												Scil_g497;Slac_ENSLPGG00000012592	7.007471854909534e-13	1.6185130147485276e-18																																																																																																																																		Scil_g254;Slac_ENSLPGG00000007525	4.626795824202111e-16	1.2976177857252313e-07															
												Scil_g497;Slac_ENSLPGG00000009593	7.007471854909534e-13	1.927089599443903e-17																																																																																																																																		Scil_g321;Slac_ENSLPGG00000011969	0.004582339513197038	2.519088446753971e-07															
												Scil_g497;Slac_ENSLPGG00000006356	7.007471854909534e-13	3.2632950270809215e-16																																																																																																																																		Scil_g347;Slac_ENSLPGG00000020778	0.0015304071653888275	8.40181068042395e-21															
																																																																																																																																																Scil_g402;Slac_ENSLPGG00000021619	4.2741057001542785e-07	0.0011298302433880583															
																																																																																																																																																Scil_g402;Slac_ENSLPGG00000015884	4.2741057001542785e-07	1.3931861443855277e-07															
																																																																																																																																																Scil_g458;Slac_ENSLPGG00000018253	5.798494475649882e-05	3.21203868272557e-05															
																																																																																																																																																Scil_g458;Slac_ENSLPGG00000013606	5.798494475649882e-05	1.9618534083990846e-10															
