Scil_0;Slac_0	Scil_0;Slac_0_pval1	Scil_0;Slac_0_pval2	Scil_0;Slac_30	Scil_0;Slac_30_pval1	Scil_0;Slac_30_pval2	Scil_10;Slac_0	Scil_10;Slac_0_pval1	Scil_10;Slac_0_pval2	Scil_13;Slac_41	Scil_13;Slac_41_pval1	Scil_13;Slac_41_pval2	Scil_15;Slac_14	Scil_15;Slac_14_pval1	Scil_15;Slac_14_pval2	Scil_15;Slac_24	Scil_15;Slac_24_pval1	Scil_15;Slac_24_pval2	Scil_17;Slac_5	Scil_17;Slac_5_pval1	Scil_17;Slac_5_pval2	Scil_17;Slac_6	Scil_17;Slac_6_pval1	Scil_17;Slac_6_pval2	Scil_19;Slac_0	Scil_19;Slac_0_pval1	Scil_19;Slac_0_pval2	Scil_2;Slac_0	Scil_2;Slac_0_pval1	Scil_2;Slac_0_pval2	Scil_2;Slac_41	Scil_2;Slac_41_pval1	Scil_2;Slac_41_pval2	Scil_21;Slac_10	Scil_21;Slac_10_pval1	Scil_21;Slac_10_pval2	Scil_21;Slac_13	Scil_21;Slac_13_pval1	Scil_21;Slac_13_pval2	Scil_21;Slac_17	Scil_21;Slac_17_pval1	Scil_21;Slac_17_pval2	Scil_21;Slac_18	Scil_21;Slac_18_pval1	Scil_21;Slac_18_pval2	Scil_21;Slac_22	Scil_21;Slac_22_pval1	Scil_21;Slac_22_pval2	Scil_21;Slac_8	Scil_21;Slac_8_pval1	Scil_21;Slac_8_pval2	Scil_21;Slac_9	Scil_21;Slac_9_pval1	Scil_21;Slac_9_pval2	Scil_24;Slac_0	Scil_24;Slac_0_pval1	Scil_24;Slac_0_pval2	Scil_25;Slac_17	Scil_25;Slac_17_pval1	Scil_25;Slac_17_pval2	Scil_26;Slac_10	Scil_26;Slac_10_pval1	Scil_26;Slac_10_pval2	Scil_26;Slac_13	Scil_26;Slac_13_pval1	Scil_26;Slac_13_pval2	Scil_26;Slac_18	Scil_26;Slac_18_pval1	Scil_26;Slac_18_pval2	Scil_26;Slac_20	Scil_26;Slac_20_pval1	Scil_26;Slac_20_pval2	Scil_27;Slac_0	Scil_27;Slac_0_pval1	Scil_27;Slac_0_pval2	Scil_28;Slac_10	Scil_28;Slac_10_pval1	Scil_28;Slac_10_pval2	Scil_28;Slac_18	Scil_28;Slac_18_pval1	Scil_28;Slac_18_pval2	Scil_3;Slac_0	Scil_3;Slac_0_pval1	Scil_3;Slac_0_pval2	Scil_3;Slac_35	Scil_3;Slac_35_pval1	Scil_3;Slac_35_pval2	Scil_32;Slac_0	Scil_32;Slac_0_pval1	Scil_32;Slac_0_pval2	Scil_32;Slac_1	Scil_32;Slac_1_pval1	Scil_32;Slac_1_pval2	Scil_32;Slac_2	Scil_32;Slac_2_pval1	Scil_32;Slac_2_pval2	Scil_4;Slac_0	Scil_4;Slac_0_pval1	Scil_4;Slac_0_pval2	Scil_5;Slac_0	Scil_5;Slac_0_pval1	Scil_5;Slac_0_pval2	Scil_6;Slac_15	Scil_6;Slac_15_pval1	Scil_6;Slac_15_pval2	Scil_6;Slac_9	Scil_6;Slac_9_pval1	Scil_6;Slac_9_pval2	Scil_7;Slac_41	Scil_7;Slac_41_pval1	Scil_7;Slac_41_pval2	Scil_8;Slac_0	Scil_8;Slac_0_pval1	Scil_8;Slac_0_pval2	Scil_9;Slac_41	Scil_9;Slac_41_pval1	Scil_9;Slac_41_pval2
Scil_g9293;Slac_ENSLPGG00000014397	2.994790881698525e-10	0.0	Scil_g10318;Slac_ENSLPGG00000025488	1.9050675754389048e-121	2.787079609083102e-204	Scil_g9293;Slac_ENSLPGG00000014397	2.0327085962972233e-06	0.0	Scil_g13344;Slac_ENSLPGG00000026295	1.8133634757649674e-43	6.180312103992297e-13	Scil_g49;Slac_ENSLPGG00000007730	4.143112174747816e-191	1.131600810454147e-278	Scil_g7027;Slac_ENSLPGG00000001833	3.048418473498984e-19	2.2167866593897166e-223	Scil_g12565;Slac_ENSLPGG00000019527	2.194838742986127e-12	1.3092089829278838e-171	Scil_g12565;Slac_ENSLPGG00000019527	2.194838742986127e-12	5.013059666832366e-114	Scil_g53;Slac_ENSLPGG00000009627	9.396695462332134e-141	3.3464746558999474e-187	Scil_g2682;Slac_ENSLPGG00000029835	0.004262466735768607	3.3649780879602414e-207	Scil_g13344;Slac_ENSLPGG00000026295	8.750014240162469e-162	6.180312103992297e-13	Scil_g4792;Slac_ENSLPGG00000018987	2.7116418518025155e-120	2.4652339748246525e-172	Scil_g4792;Slac_ENSLPGG00000018987	2.7116418518025155e-120	6.881427880502258e-55	Scil_g4792;Slac_ENSLPGG00000018987	2.7116418518025155e-120	3.791882775025262e-229	Scil_g4792;Slac_ENSLPGG00000018987	2.7116418518025155e-120	3.0882825093222114e-93	Scil_g4792;Slac_ENSLPGG00000011839	2.7116418518025155e-120	0.003663675314723735	Scil_g4792;Slac_ENSLPGG00000007730	2.7116418518025155e-120	0.0	Scil_g4792;Slac_ENSLPGG00000007730	2.7116418518025155e-120	0.0	Scil_g8438;Slac_ENSLPGG00000026812	6.99964811790212e-82	0.0	Scil_g5543;Slac_ENSLPGG00000018326	1.7779663280076047e-19	1.1462170793757774e-39	Scil_g7428;Slac_ENSLPGG00000020343	8.817413249259053e-37	4.554183040904839e-122	Scil_g7428;Slac_ENSLPGG00000020343	8.817413249259053e-37	0.00585050513412949	Scil_g7428;Slac_ENSLPGG00000020343	8.817413249259053e-37	1.394075905156344e-194	Scil_g7428;Slac_ENSLPGG00000020343	8.817413249259053e-37	2.4335344342851464e-15	Scil_g9127;Slac_ENSLPGG00000004375	1.977057298311135e-68	1.6563954483441163e-231	Scil_g7466;Slac_ENSLPGG00000020343	1.549367092704069e-53	4.554183040904839e-122	Scil_g7466;Slac_ENSLPGG00000020343	1.549367092704069e-53	1.394075905156344e-194	Scil_g2683;Slac_ENSLPGG00000029835	2.4043092717114045e-229	3.3649780879602414e-207	Scil_g2683;Slac_ENSLPGG00000028676	2.4043092717114045e-229	5.391139173510967e-63	Scil_g9293;Slac_ENSLPGG00000014397	1.9689172488968712e-29	0.0	Scil_g2690;Slac_ENSLPGG00000028953	2.6163407344790857e-30	3.673961451406961e-51	Scil_g2690;Slac_ENSLPGG00000028953	2.6163407344790857e-30	1.0786595805322939e-100	Scil_g4752;Slac_ENSLPGG00000007608	1.181668131650734e-32	0.0	Scil_g9293;Slac_ENSLPGG00000014397	4.527283219803815e-81	0.0	Scil_g7027;Slac_ENSLPGG00000001833	0.0	0.0	Scil_g7027;Slac_ENSLPGG00000001833	0.0	0.0	Scil_g13344;Slac_ENSLPGG00000026295	2.2354949048171315e-230	6.180312103992297e-13	Scil_g9293;Slac_ENSLPGG00000014397	9.858524612877466e-18	0.0	Scil_g13344;Slac_ENSLPGG00000026295	4.2280584640883635e-162	6.180312103992297e-13
Scil_g9293;Slac_ENSLPGG00000011571	2.994790881698525e-10	1.152196916578078e-230	Scil_g7553;Slac_ENSLPGG00000019084	9.133444795757553e-80	1.26640156087933e-195	Scil_g2682;Slac_ENSLPGG00000029835	0.0004837664473299783	3.3649780879602414e-207	Scil_g4190;Slac_ENSLPGG00000008750	0.0007256594354911057	0.0008502748281006634	Scil_g49;Slac_ENSLPGG00000018987	4.143112174747816e-191	1.3501043026864786e-122	Scil_g49;Slac_ENSLPGG00000018987	4.143112174747816e-191	2.6386254863590804e-208	Scil_g53;Slac_ENSLPGG00000009627	0.00411438512885128	1.6487225079372301e-90	Scil_g53;Slac_ENSLPGG00000009627	0.00411438512885128	2.8200383954083344e-45	Scil_g9552;Slac_ENSLPGG00000002404	2.8966200318355968e-130	0.0	Scil_g2682;Slac_ENSLPGG00000028878	0.004262466735768607	0.00013200490981644388	Scil_g4190;Slac_ENSLPGG00000008750	0.004623551817919833	0.0008502748281006634	Scil_g4792;Slac_ENSLPGG00000007730	2.7116418518025155e-120	2.5033167562237615e-138	Scil_g4792;Slac_ENSLPGG00000007730	2.7116418518025155e-120	1.8063698951164836e-133	Scil_g4792;Slac_ENSLPGG00000007730	2.7116418518025155e-120	1.5161634843722148e-162	Scil_g11549;Slac_ENSLPGG00000011644	1.1713643061259217e-103	6.1229019721127105e-53	Scil_g4792;Slac_ENSLPGG00000018987	2.7116418518025155e-120	0.002248795489287147	Scil_g4792;Slac_ENSLPGG00000018987	2.7116418518025155e-120	4.5516359055595116e-128	Scil_g4792;Slac_ENSLPGG00000018987	2.7116418518025155e-120	8.336789136783278e-158	Scil_g8322;Slac_ENSLPGG00000001999	2.0417195104553522e-84	0.0	Scil_g6719;Slac_ENSLPGG00000018987	1.655143593183247e-87	3.791882775025262e-229	Scil_g9294;Slac_ENSLPGG00000014205	1.652537388756074e-07	1.138917376195275e-34	Scil_g9294;Slac_ENSLPGG00000007322	1.652537388756074e-07	0.00010156864810001513	Scil_g9294;Slac_ENSLPGG00000014205	1.652537388756074e-07	4.521702516592002e-33	Scil_g5248;Slac_ENSLPGG00000010551	8.532484722637033e-22	5.587896606794056e-09	Scil_g9293;Slac_ENSLPGG00000011571	1.9081593359737667e-58	1.152196916578078e-230	Scil_g11550;Slac_ENSLPGG00000011644	2.87805638359321e-06	6.967046751429623e-23	Scil_g11550;Slac_ENSLPGG00000011644	2.87805638359321e-06	6.1229019721127105e-53	Scil_g2683;Slac_ENSLPGG00000028878	2.4043092717114045e-229	0.00013200490981644388	Scil_g2683;Slac_ENSLPGG00000029790	2.4043092717114045e-229	3.759103187910297e-32	Scil_g12565;Slac_ENSLPGG00000019527	3.4330489231634714e-27	8.419026994279683e-47	Scil_g13124;Slac_ENSLPGG00000013980	1.5503120334201774e-32	0.0001226268084717703	Scil_g10109;Slac_ENSLPGG00000016457	1.2547793376441356e-32	1.172659020969659e-25	Scil_g9293;Slac_ENSLPGG00000014397	3.596945899188211e-28	0.0	Scil_g9293;Slac_ENSLPGG00000011571	4.527283219803815e-81	1.152196916578078e-230	Scil_g7027;Slac_ENSLPGG00000002726	0.0	3.6297406771570365e-58	Scil_g7027;Slac_ENSLPGG00000002726	0.0	2.8525309610750004e-28	Scil_g4190;Slac_ENSLPGG00000008750	4.08487956467953e-15	0.0008502748281006634	Scil_g9293;Slac_ENSLPGG00000011571	9.858524612877466e-18	1.152196916578078e-230			
Scil_g3084;Slac_ENSLPGG00000011626	8.613399630843172e-08	4.963128665858961e-135	Scil_g7553;Slac_ENSLPGG00000017177	9.133444795757553e-80	5.93110898396368e-142	Scil_g8322;Slac_ENSLPGG00000001999	0.00014773262290603944	0.0				Scil_g49;Slac_ENSLPGG00000011839	4.143112174747816e-191	1.90611515788076e-10	Scil_g49;Slac_ENSLPGG00000007730	4.143112174747816e-191	1.7449377494689486e-149	Scil_g9124;Slac_ENSLPGG00000019035	0.00037706160643633977	1.579919058221227e-140	Scil_g9124;Slac_ENSLPGG00000019035	0.00037706160643633977	1.5936908674360067e-98	Scil_g8438;Slac_ENSLPGG00000026812	2.207192559647979e-124	0.0	Scil_g9720;Slac_ENSLPGG00000010538	0.00022214843175045722	2.90053811501949e-178				Scil_g4792;Slac_ENSLPGG00000007525	2.7116418518025155e-120	5.8275722590133974e-15	Scil_g4792;Slac_ENSLPGG00000007525	2.7116418518025155e-120	1.7238257941089945e-05	Scil_g9294;Slac_ENSLPGG00000007322	6.872848653790563e-14	1.8319456033269103e-86	Scil_g11549;Slac_ENSLPGG00000001343	1.1713643061259217e-103	7.780841646108711e-18	Scil_g9294;Slac_ENSLPGG00000014205	6.872848653790563e-14	1.7093352219014287e-21	Scil_g4792;Slac_ENSLPGG00000007525	2.7116418518025155e-120	3.9611081585269763e-32	Scil_g13344;Slac_ENSLPGG00000027561	4.253317769963643e-08	7.099070201361565e-06	Scil_g9293;Slac_ENSLPGG00000011571	4.7359137419820165e-68	1.152196916578078e-230	Scil_g5543;Slac_ENSLPGG00000026540	1.7779663280076047e-19	5.082599674901194e-269	Scil_g4792;Slac_ENSLPGG00000018987	1.6351276080108644e-74	2.4652339748246525e-172	Scil_g9294;Slac_ENSLPGG00000014205	1.652537388756074e-07	2.581633367821644e-13	Scil_g9294;Slac_ENSLPGG00000007322	1.652537388756074e-07	1.3800881795140993e-25	Scil_g9294;Slac_ENSLPGG00000014205	1.652537388756074e-07	1.6709718112540287e-05	Scil_g9293;Slac_ENSLPGG00000014397	1.9081593359737667e-58	0.0	Scil_g4190;Slac_ENSLPGG00000009116	3.435380180458911e-06	2.3182165276087313e-13	Scil_g4190;Slac_ENSLPGG00000009116	3.435380180458911e-06	1.2402889402997416e-10	Scil_g2682;Slac_ENSLPGG00000029835	1.97191427578707e-176	3.3649780879602414e-207	Scil_g2683;Slac_ENSLPGG00000029296	2.4043092717114045e-229	2.6705455115763834e-21	Scil_g9293;Slac_ENSLPGG00000011571	1.9689172488968712e-29	1.152196916578078e-230	Scil_g1960;Slac_ENSLPGG00000001288	4.195846293458743e-28	5.609947236396795e-06	Scil_g9293;Slac_ENSLPGG00000014397	1.9689172488968712e-29	1.0741231000141901e-80	Scil_g2682;Slac_ENSLPGG00000029835	4.240137428842947e-06	3.3649780879602414e-207	Scil_g8322;Slac_ENSLPGG00000001999	5.123580890032053e-73	0.0	Scil_g6171;Slac_ENSLPGG00000022008	2.4314907110224978e-20	2.0774272697276016e-77	Scil_g6171;Slac_ENSLPGG00000022008	2.4314907110224978e-20	1.2662397728282719e-93				Scil_g2483;Slac_ENSLPGG00000028631	2.4743737086392722e-17	0.0			
Scil_g4752;Slac_ENSLPGG00000007608	9.582896611247217e-16	0.0	Scil_g10318;Slac_ENSLPGG00000009760	1.9050675754389048e-121	2.498785445450369e-32	Scil_g2682;Slac_ENSLPGG00000028878	0.0004837664473299783	0.00013200490981644388				Scil_g49;Slac_ENSLPGG00000007525	4.143112174747816e-191	1.2026125316824048e-14	Scil_g7027;Slac_ENSLPGG00000002726	3.048418473498984e-19	4.048195775242507e-16	Scil_g3716;Slac_ENSLPGG00000021862	0.0004169419968721095	3.157985375566818e-151	Scil_g8438;Slac_ENSLPGG00000026812	0.00017626211352477235	1.2995018716637574e-142	Scil_g8502;Slac_ENSLPGG00000026466	5.857498235599908e-129	0.0	Scil_g1712;Slac_ENSLPGG00000011939	3.768305164626268e-18	1.995873297028353e-49				Scil_g11549;Slac_ENSLPGG00000011644	1.1713643061259217e-103	6.967046751429623e-23	Scil_g9294;Slac_ENSLPGG00000007322	6.872848653790563e-14	0.00010156864810001513	Scil_g4792;Slac_ENSLPGG00000007525	2.7116418518025155e-120	3.993170464153228e-16	Scil_g4792;Slac_ENSLPGG00000007730	2.7116418518025155e-120	3.6133844128804866e-70	Scil_g9294;Slac_ENSLPGG00000007322	6.872848653790563e-14	1.9430152944582622e-16	Scil_g4792;Slac_ENSLPGG00000011839	2.7116418518025155e-120	6.871823708419816e-06	Scil_g4792;Slac_ENSLPGG00000011839	2.7116418518025155e-120	2.3607637339619418e-11	Scil_g9552;Slac_ENSLPGG00000002404	6.42089544811506e-83	0.0	Scil_g6719;Slac_ENSLPGG00000007730	1.655143593183247e-87	1.5161634843722148e-162	Scil_g9294;Slac_ENSLPGG00000007322	1.652537388756074e-07	1.0410796175330697e-20	Scil_g4792;Slac_ENSLPGG00000018987	1.6351276080108644e-74	6.881427880502258e-55	Scil_g4792;Slac_ENSLPGG00000018987	1.6351276080108644e-74	3.0882825093222114e-93	Scil_g9294;Slac_ENSLPGG00000007322	1.652537388756074e-07	0.00034639792692645955	Scil_g8322;Slac_ENSLPGG00000001999	2.5015032896121384e-62	0.0	Scil_g10276;Slac_ENSLPGG00000005266	0.009183778041415881	4.61019321846138e-22	Scil_g4190;Slac_ENSLPGG00000008750	3.435380180458911e-06	1.1333697489390906e-08	Scil_g2682;Slac_ENSLPGG00000028878	1.97191427578707e-176	0.00013200490981644388	Scil_g2683;Slac_ENSLPGG00000029732	2.4043092717114045e-229	0.0007568028209843997	Scil_g10109;Slac_ENSLPGG00000016457	1.2547793376441356e-32	5.878050781016792e-160	Scil_g2223;Slac_ENSLPGG00000007673	2.608332291432828e-29	5.472712324912966e-43	Scil_g12565;Slac_ENSLPGG00000019527	3.4330489231634714e-27	4.2697164052824775e-20	Scil_g9293;Slac_ENSLPGG00000011571	3.596945899188211e-28	1.152196916578078e-230	Scil_g3084;Slac_ENSLPGG00000011626	2.1164977796425206e-71	4.963128665858961e-135	Scil_g6171;Slac_ENSLPGG00000009899	2.4314907110224978e-20	2.1084427922628346e-60	Scil_g7113;Slac_ENSLPGG00000001833	3.6255057966147733e-175	0.0				Scil_g8502;Slac_ENSLPGG00000026466	3.900938968952003e-14	0.0			
Scil_g9720;Slac_ENSLPGG00000010538	3.6322791017014053e-40	2.90053811501949e-178	Scil_g10318;Slac_ENSLPGG00000025920	1.9050675754389048e-121	3.8306466062293196e-47	Scil_g9293;Slac_ENSLPGG00000011571	2.0327085962972233e-06	1.152196916578078e-230				Scil_g6719;Slac_ENSLPGG00000007730	4.667795661516825e-163	1.131600810454147e-278	Scil_g12646;Slac_ENSLPGG00000025642	8.903647736257294e-55	6.150472186775764e-43	Scil_g8438;Slac_ENSLPGG00000026812	0.00017626211352477235	2.8191049339599397e-148	Scil_g3716;Slac_ENSLPGG00000021862	0.0004169419968721095	1.589418180725739e-99	Scil_g6646;Slac_ENSLPGG00000020424	6.700552726405466e-136	0.0	Scil_g1712;Slac_ENSLPGG00000010742	3.768305164626268e-18	8.950646599793572e-07				Scil_g9294;Slac_ENSLPGG00000007322	6.872848653790563e-14	1.0410796175330697e-20	Scil_g9294;Slac_ENSLPGG00000014205	6.872848653790563e-14	2.581633367821644e-13	Scil_g9294;Slac_ENSLPGG00000014205	6.872848653790563e-14	5.661329922037294e-55	Scil_g9294;Slac_ENSLPGG00000007322	6.872848653790563e-14	1.3800881795140993e-25	Scil_g5248;Slac_ENSLPGG00000010551	2.810660535240795e-16	1.014107578893804e-10	Scil_g9294;Slac_ENSLPGG00000007322	6.872848653790563e-14	1.5533319931254813e-22	Scil_g4792;Slac_ENSLPGG00000007525	2.7116418518025155e-120	2.4280532106859597e-36	Scil_g898;Slac_ENSLPGG00000026505	4.195632951963799e-82	0.0	Scil_g5638;Slac_ENSLPGG00000025835	1.6695507424553902e-10	7.85761304520845e-10	Scil_g4792;Slac_ENSLPGG00000007525	1.6351276080108644e-74	5.8275722590133974e-15	Scil_g7247;Slac_ENSLPGG00000002394	2.2433899002151122e-38	6.648735159614982e-26	Scil_g4792;Slac_ENSLPGG00000007730	1.6351276080108644e-74	3.6133844128804866e-70	Scil_g4792;Slac_ENSLPGG00000007525	1.6351276080108644e-74	0.0022906553576113073	Scil_g3084;Slac_ENSLPGG00000011626	1.4975362601862456e-54	4.963128665858961e-135	Scil_g6013;Slac_ENSLPGG00000000463	1.1342712673850602e-28	1.0290658442549019e-08	Scil_g10276;Slac_ENSLPGG00000005266	0.009183778041415881	2.983390308508585e-07	Scil_g1712;Slac_ENSLPGG00000011939	8.482626028449065e-05	1.995873297028353e-49	Scil_g2683;Slac_ENSLPGG00000027981	2.4043092717114045e-229	0.0018552032946087893	Scil_g13584;Slac_ENSLPGG00000010731	1.317978231665591e-32	9.675335389896591e-267	Scil_g1960;Slac_ENSLPGG00000002916	4.195846293458743e-28	4.6702259707366504e-32	Scil_g10909;Slac_ENSLPGG00000010260	4.8090343206501666e-26	1.1873404838970361e-116	Scil_g8438;Slac_ENSLPGG00000026812	3.3000588504902226e-27	0.0	Scil_g9720;Slac_ENSLPGG00000010538	3.2500005883871665e-80	2.90053811501949e-178	Scil_g7113;Slac_ENSLPGG00000001833	3.6255057966147733e-175	0.0	Scil_g6171;Slac_ENSLPGG00000009899	2.4314907110224978e-20	3.9284303996595296e-27				Scil_g3084;Slac_ENSLPGG00000011626	1.6680726027748166e-14	4.963128665858961e-135			
Scil_g2647;Slac_ENSLPGG00000007249	5.11267528625326e-07	1.6357442903822157e-179	Scil_g7553;Slac_ENSLPGG00000025488	9.133444795757553e-80	2.787079609083102e-204	Scil_g9720;Slac_ENSLPGG00000010538	6.137569233927377e-16	2.90053811501949e-178				Scil_g7126;Slac_ENSLPGG00000002625	3.229961612740437e-165	1.372699587625209e-296	Scil_g49;Slac_ENSLPGG00000007525	4.143112174747816e-191	1.1234997919954914e-14	Scil_g1476;Slac_ENSLPGG00000023230	1.4844505186514793e-23	2.1930023983566287e-197	Scil_g1476;Slac_ENSLPGG00000023230	1.4844505186514793e-23	6.624979144563978e-157	Scil_g9127;Slac_ENSLPGG00000004375	3.1228341446852168e-142	1.6563954483441163e-231	Scil_g6184;Slac_ENSLPGG00000011939	1.9002527119876296e-28	1.995873297028353e-49				Scil_g9294;Slac_ENSLPGG00000014205	6.872848653790563e-14	1.138917376195275e-34	Scil_g5248;Slac_ENSLPGG00000010551	2.810660535240795e-16	0.0037588386462812434	Scil_g4792;Slac_ENSLPGG00000011839	2.7116418518025155e-120	6.039500918035304e-05	Scil_g9294;Slac_ENSLPGG00000014205	6.872848653790563e-14	4.521702516592002e-33	Scil_g8299;Slac_ENSLPGG00000019726	5.716139425277669e-91	1.5454624451643245e-81	Scil_g9294;Slac_ENSLPGG00000014205	6.872848653790563e-14	1.1536648230263885e-25	Scil_g10508;Slac_ENSLPGG00000018391	1.172101711968211e-118	1.2564638542575937e-72	Scil_g8502;Slac_ENSLPGG00000026466	6.25032991037051e-82	0.0	Scil_g6719;Slac_ENSLPGG00000007525	1.655143593183247e-87	3.993170464153228e-16	Scil_g4792;Slac_ENSLPGG00000007730	1.6351276080108644e-74	2.5033167562237615e-138	Scil_g5248;Slac_ENSLPGG00000010551	8.532484722637033e-22	0.0037588386462812434	Scil_g4792;Slac_ENSLPGG00000007525	1.6351276080108644e-74	1.0828951260361905e-08	Scil_g4792;Slac_ENSLPGG00000018987	1.6351276080108644e-74	5.762269752274783e-06	Scil_g10622;Slac_ENSLPGG00000015371	1.380732602656763e-60	7.913891238507608e-305	Scil_g5407;Slac_ENSLPGG00000016023	3.7126639860556673e-10	1.3017450756172705e-60	Scil_g5407;Slac_ENSLPGG00000016023	3.7126639860556673e-10	1.109699120521113e-58	Scil_g1712;Slac_ENSLPGG00000010742	8.482626028449065e-05	8.950646599793572e-07	Scil_g2682;Slac_ENSLPGG00000028676	1.97191427578707e-176	5.391139173510967e-63	Scil_g10909;Slac_ENSLPGG00000010260	4.8090343206501666e-26	1.039421481352097e-190	Scil_g10909;Slac_ENSLPGG00000010260	4.8090343206501666e-26	7.804406074934114e-53	Scil_g13584;Slac_ENSLPGG00000010731	1.317978231665591e-32	5.5460858294258525e-49	Scil_g2682;Slac_ENSLPGG00000028878	4.240137428842947e-06	0.00013200490981644388	Scil_g2682;Slac_ENSLPGG00000029835	0.0016399670208108149	3.3649780879602414e-207	Scil_g7113;Slac_ENSLPGG00000002726	3.6255057966147733e-175	3.6297406771570365e-58	Scil_g6171;Slac_ENSLPGG00000021402	2.4314907110224978e-20	3.140876910125486e-98				Scil_g8322;Slac_ENSLPGG00000001999	2.3608033328001996e-09	0.0			
Scil_g8438;Slac_ENSLPGG00000026812	1.482202537003268e-12	0.0	Scil_g7553;Slac_ENSLPGG00000025765	9.133444795757553e-80	2.8786681826425163e-147	Scil_g3084;Slac_ENSLPGG00000011626	0.0015932217832790715	4.963128665858961e-135				Scil_g6719;Slac_ENSLPGG00000018987	4.667795661516825e-163	1.3501043026864786e-122	Scil_g6719;Slac_ENSLPGG00000018987	4.667795661516825e-163	2.6386254863590804e-208	Scil_g10109;Slac_ENSLPGG00000016457	4.617050389237103e-09	1.6521162740116638e-108	Scil_g10109;Slac_ENSLPGG00000016457	4.617050389237103e-09	2.7937217810851597e-62	Scil_g8427;Slac_ENSLPGG00000017323	5.0657721401348874e-127	2.6260173313222563e-236	Scil_g7321;Slac_ENSLPGG00000011935	2.9309184245841873e-20	6.3374945321071405e-112				Scil_g4792;Slac_ENSLPGG00000011839	2.7116418518025155e-120	0.0016410694167748663	Scil_g8299;Slac_ENSLPGG00000019726	5.716139425277669e-91	3.856878434194793e-11	Scil_g8299;Slac_ENSLPGG00000019726	5.716139425277669e-91	3.693794179985513e-95	Scil_g4792;Slac_ENSLPGG00000007525	2.7116418518025155e-120	1.0828951260361905e-08	Scil_g10508;Slac_ENSLPGG00000012949	1.172101711968211e-118	1.0083071826795984e-138	Scil_g10508;Slac_ENSLPGG00000012949	1.172101711968211e-118	4.158510428091382e-240	Scil_g9294;Slac_ENSLPGG00000007322	6.872848653790563e-14	5.655621197163008e-32	Scil_g4752;Slac_ENSLPGG00000007608	2.4303175957943984e-79	0.0	Scil_g7598;Slac_ENSLPGG00000018326	1.558219111580941e-61	1.1462170793757774e-39	Scil_g5248;Slac_ENSLPGG00000010551	8.532484722637033e-22	0.0006940261241552783	Scil_g4792;Slac_ENSLPGG00000007730	1.6351276080108644e-74	1.8063698951164836e-133	Scil_g5407;Slac_ENSLPGG00000016023	8.167948354638251e-12	1.109699120521113e-58	Scil_g4792;Slac_ENSLPGG00000007730	1.6351276080108644e-74	4.729667782653058e-15	Scil_g53;Slac_ENSLPGG00000009627	2.614587476645723e-67	3.3464746558999474e-187	Scil_g4190;Slac_ENSLPGG00000008750	3.435380180458911e-06	8.469060618318465e-06	Scil_g6013;Slac_ENSLPGG00000000463	1.1342712673850602e-28	0.00026096542275558173	Scil_g7321;Slac_ENSLPGG00000014536	0.0018297587635661	4.447425120386484e-27	Scil_g2682;Slac_ENSLPGG00000029790	1.97191427578707e-176	3.759103187910297e-32	Scil_g1960;Slac_ENSLPGG00000001288	4.195846293458743e-28	4.0556484159166975e-43	Scil_g12220;Slac_ENSLPGG00000004594	4.101234208796754e-30	2.508092913189325e-77	Scil_g3638;Slac_ENSLPGG00000014669	3.3779325928262674e-33	7.894331968489789e-23	Scil_g3084;Slac_ENSLPGG00000011626	8.488743128598577e-22	4.963128665858961e-135	Scil_g2483;Slac_ENSLPGG00000028631	2.3631279581350617e-81	0.0	Scil_g6171;Slac_ENSLPGG00000021402	2.4314907110224978e-20	2.550566114792781e-45	Scil_g7113;Slac_ENSLPGG00000002726	3.6255057966147733e-175	2.8525309610750004e-28				Scil_g5248;Slac_ENSLPGG00000010551	1.2679982680699118e-32	1.1481621637587149e-70			
Scil_g8322;Slac_ENSLPGG00000001999	8.873586631028495e-07	0.0	Scil_g12359;Slac_ENSLPGG00000017177	3.252766774038796e-25	5.93110898396368e-142	Scil_g8438;Slac_ENSLPGG00000026812	0.00010719752979213449	0.0				Scil_g12646;Slac_ENSLPGG00000025642	8.903647736257294e-55	2.6525579321603863e-13	Scil_g49;Slac_ENSLPGG00000011839	4.143112174747816e-191	0.00611186985166198	Scil_g3638;Slac_ENSLPGG00000014669	2.8072272113146826e-07	4.906275970111657e-27	Scil_g3638;Slac_ENSLPGG00000014669	2.8072272113146826e-07	8.202656842058226e-40	Scil_g2690;Slac_ENSLPGG00000028953	1.858863634596534e-136	1.7008125274199186e-65	Scil_g6184;Slac_ENSLPGG00000010742	1.9002527119876296e-28	8.950646599793572e-07				Scil_g11549;Slac_ENSLPGG00000001343	1.1713643061259217e-103	4.849442462246411e-07	Scil_g10508;Slac_ENSLPGG00000012949	1.172101711968211e-118	6.10254986351763e-57	Scil_g10508;Slac_ENSLPGG00000018391	1.172101711968211e-118	8.80674281685354e-58	Scil_g8299;Slac_ENSLPGG00000019726	5.716139425277669e-91	6.70745421041514e-63	Scil_g3716;Slac_ENSLPGG00000021862	4.9369588323847404e-05	0.0005868610675220902	Scil_g10508;Slac_ENSLPGG00000018391	1.172101711968211e-118	1.083666763670672e-22	Scil_g9294;Slac_ENSLPGG00000014205	6.872848653790563e-14	4.187308454203387e-25	Scil_g2647;Slac_ENSLPGG00000007249	1.0858922397454198e-75	1.6357442903822157e-179	Scil_g6719;Slac_ENSLPGG00000011839	1.655143593183247e-87	6.039500918035304e-05	Scil_g5407;Slac_ENSLPGG00000016023	8.167948354638251e-12	1.3017450756172705e-60	Scil_g4792;Slac_ENSLPGG00000007525	1.6351276080108644e-74	1.7238257941089945e-05	Scil_g8299;Slac_ENSLPGG00000019726	3.1366148064803986e-21	6.70745421041514e-63	Scil_g5407;Slac_ENSLPGG00000016023	8.167948354638251e-12	2.2840334533411764e-18	Scil_g9552;Slac_ENSLPGG00000002404	6.032968374334811e-59	0.0	Scil_g1929;Slac_ENSLPGG00000017167	5.212282948142387e-08	4.23075403131817e-09	Scil_g2168;Slac_ENSLPGG00000017442	1.7998454532090124e-05	0.0028047335468007334	Scil_g7321;Slac_ENSLPGG00000011935	0.0018297587635661	6.3374945321071405e-112	Scil_g2682;Slac_ENSLPGG00000029296	1.97191427578707e-176	2.6705455115763834e-21	Scil_g10372;Slac_ENSLPGG00000008330	1.0828662679986097e-28	9.076562438298935e-170	Scil_g6323;Slac_ENSLPGG00000002326	8.43118350918693e-31	6.020533032838831e-76	Scil_g9293;Slac_ENSLPGG00000011571	1.9689172488968712e-29	9.652291852964913e-17	Scil_g8322;Slac_ENSLPGG00000001999	2.130969061808333e-20	0.0	Scil_g13584;Slac_ENSLPGG00000010731	8.830297466815829e-86	9.675335389896591e-267	Scil_g12359;Slac_ENSLPGG00000015888	5.515179856479624e-10	0.0	Scil_g12359;Slac_ENSLPGG00000015888	5.515179856479624e-10	0.0				Scil_g7102;Slac_ENSLPGG00000009965	4.783630652335782e-12	2.491111184419854e-253			
Scil_g9552;Slac_ENSLPGG00000002404	3.304486623886278e-08	0.0	Scil_g12359;Slac_ENSLPGG00000025488	3.252766774038796e-25	2.787079609083102e-204	Scil_g8844;Slac_ENSLPGG00000020856	5.4750347445063384e-05	1.0080776585813708e-179				Scil_g8299;Slac_ENSLPGG00000019726	1.469427077049009e-12	0.0	Scil_g4190;Slac_ENSLPGG00000009453	2.899251819478398e-05	1.4756910295882177e-48	Scil_g6390;Slac_ENSLPGG00000000928	0.0001498419865925557	2.5124961031891197e-263	Scil_g6390;Slac_ENSLPGG00000000928	0.0001498419865925557	9.10320839181306e-204	Scil_g2483;Slac_ENSLPGG00000028631	4.054508004057548e-127	0.0	Scil_g9194;Slac_ENSLPGG00000011935	0.0002383206781023225	6.3374945321071405e-112				Scil_g5248;Slac_ENSLPGG00000010551	2.810660535240795e-16	0.0006940261241552783	Scil_g792;Slac_ENSLPGG00000003499	7.801681153843504e-82	9.918775231512556e-12	Scil_g10508;Slac_ENSLPGG00000012949	1.172101711968211e-118	9.33088039317304e-176	Scil_g10508;Slac_ENSLPGG00000012949	1.172101711968211e-118	1.5193941358637149e-176	Scil_g10508;Slac_ENSLPGG00000018391	1.172101711968211e-118	8.557416813620929e-05	Scil_g8299;Slac_ENSLPGG00000019726	5.716139425277669e-91	6.546769520201781e-23	Scil_g1581;Slac_ENSLPGG00000012011	3.9616243298317514e-63	1.1461434224617746e-27	Scil_g12156;Slac_ENSLPGG00000010719	9.742270183927234e-79	0.0	Scil_g2615;Slac_ENSLPGG00000027773	1.700211750100034e-60	1.946968380942947e-23	Scil_g7247;Slac_ENSLPGG00000002394	2.2433899002151122e-38	9.825618829625603e-05	Scil_g13124;Slac_ENSLPGG00000010195	3.517466905257104e-05	6.7183990143688335e-22	Scil_g2615;Slac_ENSLPGG00000027773	5.520438235962826e-32	3.8335044618437055e-14	Scil_g13124;Slac_ENSLPGG00000010195	3.517466905257104e-05	0.001000220972689062	Scil_g8502;Slac_ENSLPGG00000018844	2.2223603154819783e-57	0.0011538952408238835	Scil_g2168;Slac_ENSLPGG00000017442	1.7998454532090124e-05	3.358478301543123e-08	Scil_g1929;Slac_ENSLPGG00000017167	5.212282948142387e-08	0.00026761402249912984	Scil_g8363;Slac_ENSLPGG00000011935	6.666885795512098e-07	6.3374945321071405e-112	Scil_g2682;Slac_ENSLPGG00000027981	1.97191427578707e-176	0.0018552032946087893	Scil_g12515;Slac_ENSLPGG00000018880	5.346446460598241e-35	0.0	Scil_g898;Slac_ENSLPGG00000026505	4.791095145702529e-28	1.437194838942823e-72	Scil_g13572;Slac_ENSLPGG00000004809	5.698177658595809e-32	1.296616134110668e-125	Scil_g2647;Slac_ENSLPGG00000007249	4.187849062456835e-24	1.6357442903822157e-179	Scil_g2647;Slac_ENSLPGG00000007249	4.4997904434986604e-86	1.6357442903822157e-179	Scil_g4190;Slac_ENSLPGG00000009453	0.006700570719412081	6.590504302001542e-85	Scil_g4190;Slac_ENSLPGG00000009453	0.006700570719412081	2.999904205182712e-54				Scil_g4752;Slac_ENSLPGG00000007608	1.6467605959324167e-18	0.0			
Scil_g8502;Slac_ENSLPGG00000026466	0.0001125842595486595	0.0	Scil_g7553;Slac_ENSLPGG00000020866	9.133444795757553e-80	1.408090205453169e-51	Scil_g8502;Slac_ENSLPGG00000026466	5.469440974067932e-06	0.0				Scil_g4190;Slac_ENSLPGG00000008750	2.899251819478398e-05	3.2875899999834076e-37	Scil_g4190;Slac_ENSLPGG00000011327	2.899251819478398e-05	0.004116007346990355	Scil_g10648;Slac_ENSLPGG00000020432	2.999095651452025e-15	1.2056035521515938e-29	Scil_g10648;Slac_ENSLPGG00000020432	2.999095651452025e-15	3.2079030839699014e-26	Scil_g2647;Slac_ENSLPGG00000007249	4.675395523310772e-111	1.6357442903822157e-179	Scil_g9194;Slac_ENSLPGG00000014536	0.0002383206781023225	4.447425120386484e-27				Scil_g8299;Slac_ENSLPGG00000019726	5.716139425277669e-91	1.0499234582526835e-42	Scil_g8806;Slac_ENSLPGG00000011674	0.0033881809952512588	0.009563585047381707	Scil_g2615;Slac_ENSLPGG00000027773	1.973424452152695e-87	1.946968380942947e-23	Scil_g2615;Slac_ENSLPGG00000027773	1.973424452152695e-87	3.8335044618437055e-14	Scil_g10622;Slac_ENSLPGG00000015371	2.6301101398561263e-06	0.0035537706858042722	Scil_g1581;Slac_ENSLPGG00000012011	3.9616243298317514e-63	6.2290114185022e-13	Scil_g10508;Slac_ENSLPGG00000012949	1.172101711968211e-118	0.0	Scil_g53;Slac_ENSLPGG00000009627	1.3132628594757515e-82	3.3464746558999474e-187	Scil_g7598;Slac_ENSLPGG00000026540	1.558219111580941e-61	5.082599674901194e-269	Scil_g4792;Slac_ENSLPGG00000011839	1.6351276080108644e-74	0.0016410694167748663	Scil_g2690;Slac_ENSLPGG00000028953	0.0019482749294495632	0.005825476550434856	Scil_g552;Slac_ENSLPGG00000010574	3.3406866451064763e-35	0.0002587691405966822	Scil_g9629;Slac_ENSLPGG00000010538	9.979529860670065e-08	0.00432373676926012	Scil_g898;Slac_ENSLPGG00000026505	3.1732460650114464e-60	0.0	Scil_g2679;Slac_ENSLPGG00000008029	2.6827265066635715e-07	0.0006989136754553602				Scil_g8363;Slac_ENSLPGG00000014536	6.666885795512098e-07	4.447425120386484e-27	Scil_g2682;Slac_ENSLPGG00000029732	1.97191427578707e-176	0.0007568028209843997	Scil_g898;Slac_ENSLPGG00000026505	4.791095145702529e-28	0.0	Scil_g3638;Slac_ENSLPGG00000014669	3.3779325928262674e-33	2.5887989694557483e-05	Scil_g2647;Slac_ENSLPGG00000007249	2.9388523517484767e-27	2.6147401603674214e-40	Scil_g9552;Slac_ENSLPGG00000002404	3.3557377367950697e-28	0.0	Scil_g8502;Slac_ENSLPGG00000026466	6.285446890746963e-69	0.0	Scil_g4190;Slac_ENSLPGG00000011327	0.006700570719412081	0.0016877695055628826	Scil_g9100;Slac_ENSLPGG00000011888	0.005274652655451618	0.0010408873887710998				Scil_g9552;Slac_ENSLPGG00000002404	7.633575180359256e-15	0.0			
Scil_g2483;Slac_ENSLPGG00000028631	3.9347779853216416e-11	0.0	Scil_g10318;Slac_ENSLPGG00000023681	1.9050675754389048e-121	0.00010054994571829715	Scil_g3716;Slac_ENSLPGG00000021862	4.8817581392999204e-05	0.0				Scil_g4190;Slac_ENSLPGG00000009453	2.899251819478398e-05	3.1604583026530097e-28	Scil_g6719;Slac_ENSLPGG00000007730	4.667795661516825e-163	1.7449377494689486e-149	Scil_g3804;Slac_ENSLPGG00000008240	4.834546480580381e-33	5.664561914368785e-134	Scil_g3804;Slac_ENSLPGG00000008240	4.834546480580381e-33	1.5987856170834255e-125	Scil_g7102;Slac_ENSLPGG00000009965	1.080445449250753e-131	2.491111184419854e-253	Scil_g7321;Slac_ENSLPGG00000014536	2.9309184245841873e-20	4.447425120386484e-27				Scil_g10508;Slac_ENSLPGG00000012949	1.172101711968211e-118	6.237655747045699e-217	Scil_g7247;Slac_ENSLPGG00000002394	1.0299157039374261e-43	6.648735159614982e-26	Scil_g792;Slac_ENSLPGG00000003499	7.801681153843504e-82	1.357194598266658e-60	Scil_g1581;Slac_ENSLPGG00000012011	3.9616243298317514e-63	0.0024777222422923853	Scil_g1581;Slac_ENSLPGG00000012011	3.9616243298317514e-63	0.007290250341968129	Scil_g792;Slac_ENSLPGG00000003499	7.801681153843504e-82	2.1509525367986333e-65	Scil_g8299;Slac_ENSLPGG00000019726	5.716139425277669e-91	9.233327271920263e-98	Scil_g10622;Slac_ENSLPGG00000015371	1.2228887018109659e-82	7.913891238507608e-305	Scil_g5976;Slac_ENSLPGG00000006723	1.2906681745631925e-08	1.572662634197501e-36	Scil_g2615;Slac_ENSLPGG00000027773	5.520438235962826e-32	2.66221771586867e-15	Scil_g9250;Slac_ENSLPGG00000028683	0.0016224924775295596	0.003798611801290183	Scil_g8135;Slac_ENSLPGG00000014782	6.622037490256478e-59	1.0509840262664914e-07	Scil_g8135;Slac_ENSLPGG00000014782	6.622037490256478e-59	0.003390317208934675	Scil_g8844;Slac_ENSLPGG00000020856	2.921285152742749e-62	1.0080776585813708e-179	Scil_g2679;Slac_ENSLPGG00000028207	2.6827265066635715e-07	0.002200414253468723							Scil_g11550;Slac_ENSLPGG00000014427	2.0927409859858815e-09	5.802379495571151e-09	Scil_g2647;Slac_ENSLPGG00000007249	2.9388523517484767e-27	1.6357442903822157e-179	Scil_g2647;Slac_ENSLPGG00000007249	2.9388523517484767e-27	1.1674826591905536e-05	Scil_g1960;Slac_ENSLPGG00000001288	4.195846293458743e-28	4.158989628188462e-07	Scil_g6646;Slac_ENSLPGG00000020424	8.81279017960577e-25	0.0	Scil_g2682;Slac_ENSLPGG00000028878	0.0016399670208108149	0.00013200490981644388	Scil_g13524;Slac_ENSLPGG00000007525	3.9828935246526745e-10	3.5619051390972777e-23	Scil_g1712;Slac_ENSLPGG00000010742	0.007940159433152901	1.1779388352604747e-20				Scil_g8438;Slac_ENSLPGG00000026812	2.820227672992253e-17	0.0			
Scil_g10109;Slac_ENSLPGG00000016457	1.770538732218707e-08	5.878050781016792e-160	Scil_g7553;Slac_ENSLPGG00000010570	9.133444795757553e-80	2.0632134805623925e-53	Scil_g7102;Slac_ENSLPGG00000009965	0.004028317548400838	2.491111184419854e-253				Scil_g6719;Slac_ENSLPGG00000011839	4.667795661516825e-163	1.90611515788076e-10	Scil_g6719;Slac_ENSLPGG00000007525	4.667795661516825e-163	1.1234997919954914e-14	Scil_g3916;Slac_ENSLPGG00000008240	3.3005172211924464e-17	5.664561914368785e-134	Scil_g3916;Slac_ENSLPGG00000008240	3.3005172211924464e-17	1.5987856170834255e-125	Scil_g9293;Slac_ENSLPGG00000014397	2.9924001020278993e-123	0.0	Scil_g10236;Slac_ENSLPGG00000018880	1.5668309604931468e-05	0.0				Scil_g1581;Slac_ENSLPGG00000012011	3.9616243298317514e-63	3.240762544138407e-05	Scil_g5407;Slac_ENSLPGG00000016023	2.7298323162782964e-40	0.001134752440304927	Scil_g1581;Slac_ENSLPGG00000012011	3.9616243298317514e-63	8.935930159934392e-07	Scil_g5407;Slac_ENSLPGG00000016023	2.7298323162782964e-40	1.109699120521113e-58	Scil_g5407;Slac_ENSLPGG00000016023	2.7298323162782964e-40	1.2723832026664155e-72	Scil_g2615;Slac_ENSLPGG00000027773	1.973424452152695e-87	2.3319795781240976e-06	Scil_g792;Slac_ENSLPGG00000003499	7.801681153843504e-82	5.716635146386202e-99	Scil_g13584;Slac_ENSLPGG00000010731	6.5505516690109825e-83	9.675335389896591e-267	Scil_g1194;Slac_ENSLPGG00000022231	4.035817761247049e-05	1.486829244349914e-24	Scil_g8135;Slac_ENSLPGG00000014782	6.622037490256478e-59	9.151422886198967e-15	Scil_g6323;Slac_ENSLPGG00000002326	8.459061796626204e-05	8.102529106634384e-06	Scil_g5780;Slac_ENSLPGG00000001139	4.70512583964381e-20	2.1318647841890573e-07	Scil_g8299;Slac_ENSLPGG00000019726	3.1366148064803986e-21	1.8858015803891509e-19	Scil_g899;Slac_ENSLPGG00000009254	7.144177438913124e-63	2.089719913428027e-254										Scil_g9223;Slac_ENSLPGG00000025204	9.512549210001223e-17	2.022422788296097e-09	Scil_g2483;Slac_ENSLPGG00000028631	6.549457678977496e-31	0.0	Scil_g8806;Slac_ENSLPGG00000011674	3.532694777869304e-32	7.453241332688346e-83	Scil_g1960;Slac_ENSLPGG00000002916	4.195846293458743e-28	1.8424861552155755e-17	Scil_g7102;Slac_ENSLPGG00000009965	8.619838140574781e-27	2.491111184419854e-253	Scil_g3716;Slac_ENSLPGG00000021862	4.345326670657666e-56	0.0	Scil_g4190;Slac_ENSLPGG00000009116	0.006700570719412081	1.3356495854071297e-16	Scil_g13524;Slac_ENSLPGG00000007525	3.9828935246526745e-10	2.4280532106859597e-36				Scil_g11217;Slac_ENSLPGG00000030026	1.2564413622721723e-15	0.0			
Scil_g10622;Slac_ENSLPGG00000015371	1.3844453011819185e-09	7.913891238507608e-305	Scil_g7553;Slac_ENSLPGG00000020578	9.133444795757553e-80	1.0679719099689804e-56	Scil_g4752;Slac_ENSLPGG00000007608	4.26187740825989e-06	0.0				Scil_g6719;Slac_ENSLPGG00000007525	4.667795661516825e-163	1.2026125316824048e-14	Scil_g5976;Slac_ENSLPGG00000006723	8.416891860372864e-07	1.479064500876953e-17	Scil_g3256;Slac_ENSLPGG00000001288	0.0004729652995293939	2.96892106482705e-44	Scil_g9721;Slac_ENSLPGG00000010538	1.8694311562318935e-144	3.2439041792665873e-119	Scil_g1960;Slac_ENSLPGG00000002916	1.5100002534512402e-127	1.8602628480511736e-27	Scil_g3594;Slac_ENSLPGG00000002394	0.0012435836311851885	1.2937479835425587e-20				Scil_g2615;Slac_ENSLPGG00000027773	1.973424452152695e-87	2.66221771586867e-15	Scil_g3804;Slac_ENSLPGG00000008240	1.2156355243671985e-09	0.002983343403362197	Scil_g5780;Slac_ENSLPGG00000001139	9.523472070261023e-52	1.7584177041274718e-41	Scil_g10508;Slac_ENSLPGG00000018391	1.172101711968211e-118	0.00017741661575307126	Scil_g2893;Slac_ENSLPGG00000008469	0.003207995053796637	1.2716820233087481e-12	Scil_g7247;Slac_ENSLPGG00000002394	1.0299157039374261e-43	1.8622701653685263e-59	Scil_g9294;Slac_ENSLPGG00000030375	6.872848653790563e-14	0.002058471191555939	Scil_g4533;Slac_ENSLPGG00000022969	6.373101193575329e-84	1.7582904385899225e-265	Scil_g8299;Slac_ENSLPGG00000019726	2.2478484626938152e-05	3.693794179985513e-95	Scil_g8299;Slac_ENSLPGG00000019726	3.1366148064803986e-21	1.0499234582526835e-42	Scil_g8806;Slac_ENSLPGG00000011674	0.0003558245337379777	0.009563585047381707	Scil_g10145;Slac_ENSLPGG00000002251	1.5470024824108228e-14	0.00012251065877010218	Scil_g10508;Slac_ENSLPGG00000012949	1.404300228753952e-10	1.9096561421987255e-60	Scil_g6646;Slac_ENSLPGG00000020424	3.641969539886402e-63	0.0													Scil_g10622;Slac_ENSLPGG00000015371	3.5743978695368e-30	7.913891238507608e-305	Scil_g13572;Slac_ENSLPGG00000004809	5.698177658595809e-32	1.4313808207016338e-87	Scil_g899;Slac_ENSLPGG00000009254	4.870713547806121e-28	1.0113333392263954e-55	Scil_g8844;Slac_ENSLPGG00000020856	1.2698640868690275e-19	1.0080776585813708e-179	Scil_g4752;Slac_ENSLPGG00000007608	3.7700902563568666e-87	0.0	Scil_g5407;Slac_ENSLPGG00000016023	0.0004107931177429307	5.2244029442935016e-98	Scil_g4190;Slac_ENSLPGG00000009116	0.006700570719412081	1.187914787539918e-27				Scil_g10622;Slac_ENSLPGG00000015371	6.394302271345599e-14	7.913891238507608e-305			
Scil_g3361;Slac_ENSLPGG00000011974	4.4204741936856534e-07	4.553275597361479e-205	Scil_g7553;Slac_ENSLPGG00000022959	9.133444795757553e-80	1.783385765627898e-41	Scil_g6946;Slac_ENSLPGG00000024429	9.548750729128278e-05	3.251273390160915e-290				Scil_g7126;Slac_ENSLPGG00000026137	3.229961612740437e-165	1.6047255062722863e-30	Scil_g176;Slac_ENSLPGG00000001013	5.692674651683935e-38	2.7387518804066343e-75	Scil_g9721;Slac_ENSLPGG00000010538	1.8694311562318935e-144	2.8811922956953454e-175	Scil_g9745;Slac_ENSLPGG00000010538	1.9996030176571677e-134	3.2439041792665873e-119	Scil_g13584;Slac_ENSLPGG00000010731	1.8835100405727935e-120	9.675335389896591e-267	Scil_g8363;Slac_ENSLPGG00000011935	1.9698488016938852e-14	6.3374945321071405e-112				Scil_g792;Slac_ENSLPGG00000003499	7.801681153843504e-82	3.421714269583402e-15	Scil_g10145;Slac_ENSLPGG00000014205	1.20737102316251e-40	2.581633367821644e-13	Scil_g5638;Slac_ENSLPGG00000025835	1.6400795514834958e-11	7.85761304520845e-10	Scil_g10145;Slac_ENSLPGG00000002251	1.20737102316251e-40	0.00012251065877010218	Scil_g7247;Slac_ENSLPGG00000002394	1.0299157039374261e-43	3.132385281564667e-40	Scil_g5780;Slac_ENSLPGG00000001139	9.523472070261023e-52	4.345251405310324e-05	Scil_g552;Slac_ENSLPGG00000010574	2.962245414170761e-82	1.422245420678335e-29	Scil_g9293;Slac_ENSLPGG00000014397	4.7359137419820165e-68	0.0	Scil_g10843;Slac_ENSLPGG00000008220	3.442660124587263e-51	0.0008756707499995294	Scil_g1581;Slac_ENSLPGG00000012011	0.0021290654095940187	3.240762544138407e-05	Scil_g5407;Slac_ENSLPGG00000016023	8.167948354638251e-12	0.001134752440304927	Scil_g5976;Slac_ENSLPGG00000006723	5.9615123536513044e-21	0.00020343861610822993	Scil_g1929;Slac_ENSLPGG00000017167	8.362637862288747e-33	0.005229860288598812	Scil_g4752;Slac_ENSLPGG00000007608	1.2204254508176307e-60	0.0													Scil_g8502;Slac_ENSLPGG00000026466	1.1482600547361892e-30	0.0	Scil_g2206;Slac_ENSLPGG00000008927	1.789730753399385e-35	4.196537548175195e-39	Scil_g2223;Slac_ENSLPGG00000007673	2.608332291432828e-29	4.935378689790075e-46	Scil_g8502;Slac_ENSLPGG00000026466	6.826417300204483e-22	0.0	Scil_g8438;Slac_ENSLPGG00000026812	9.070271730461371e-61	0.0	Scil_g7247;Slac_ENSLPGG00000002394	0.00033828856723639345	2.9862001037469835e-27	Scil_g5407;Slac_ENSLPGG00000016023	0.0004107931177429307	3.9859421032837844e-120				Scil_g8844;Slac_ENSLPGG00000020856	3.8394228733058374e-12	1.0080776585813708e-179			
Scil_g8427;Slac_ENSLPGG00000017323	0.0001180137873160895	2.6260173313222563e-236	Scil_g12359;Slac_ENSLPGG00000019084	3.252766774038796e-25	1.26640156087933e-195	Scil_g2647;Slac_ENSLPGG00000007249	2.8404688120166507e-05	1.6357442903822157e-179				Scil_g5976;Slac_ENSLPGG00000006723	8.416891860372864e-07	2.4380198909463805e-10	Scil_g428;Slac_ENSLPGG00000008220	7.352420249980202e-34	3.5153631292559257e-91	Scil_g9745;Slac_ENSLPGG00000010538	1.9996030176571677e-134	2.8811922956953454e-175	Scil_g3256;Slac_ENSLPGG00000001288	0.0004729652995293939	3.761669063371938e-12	Scil_g4752;Slac_ENSLPGG00000007608	2.161803729819203e-126	0.0	Scil_g8363;Slac_ENSLPGG00000014536	1.9698488016938852e-14	4.447425120386484e-27				Scil_g10508;Slac_ENSLPGG00000018391	1.172101711968211e-118	0.000232973285449148	Scil_g12721;Slac_ENSLPGG00000026540	3.730096607435771e-60	5.773803871383313e-249	Scil_g5407;Slac_ENSLPGG00000016023	2.7298323162782964e-40	1.1789178520790766e-50	Scil_g12721;Slac_ENSLPGG00000026540	3.730096607435771e-60	6.482581306320177e-265	Scil_g552;Slac_ENSLPGG00000010574	2.962245414170761e-82	7.993687709690774e-20	Scil_g552;Slac_ENSLPGG00000010574	2.962245414170761e-82	1.624723813509285e-05	Scil_g5780;Slac_ENSLPGG00000001139	9.523472070261023e-52	4.69500827060743e-21	Scil_g13572;Slac_ENSLPGG00000004809	2.2656171194169375e-81	1.7243835728527125e-186	Scil_g5407;Slac_ENSLPGG00000016023	0.0077271643268384685	1.1789178520790766e-50	Scil_g552;Slac_ENSLPGG00000010574	3.3406866451064763e-35	0.006184738003537365	Scil_g8135;Slac_ENSLPGG00000014782	6.622037490256478e-59	4.710820823420134e-11	Scil_g1581;Slac_ENSLPGG00000012011	0.0021290654095940187	0.0024777222422923853	Scil_g5780;Slac_ENSLPGG00000001139	4.70512583964381e-20	0.0008769924905383523	Scil_g1960;Slac_ENSLPGG00000002916	3.990761713287518e-64	1.8602628480511736e-27													Scil_g899;Slac_ENSLPGG00000009254	4.870713547806121e-28	2.089719913428027e-254	Scil_g7102;Slac_ENSLPGG00000009965	4.651753624006918e-30	2.0806625497661933e-14	Scil_g898;Slac_ENSLPGG00000026505	4.791095145702529e-28	5.303253961031819e-136	Scil_g13584;Slac_ENSLPGG00000010731	1.0189556894392329e-25	9.675335389896591e-267	Scil_g8844;Slac_ENSLPGG00000020856	3.829968426034676e-75	1.0080776585813708e-179	Scil_g7553;Slac_ENSLPGG00000012055	0.002413224741641516	0.0013159312919552733	Scil_g4190;Slac_ENSLPGG00000011327	0.006700570719412081	0.002660359306382542				Scil_g9720;Slac_ENSLPGG00000010538	4.83772709568078e-31	2.90053811501949e-178			
Scil_g13584;Slac_ENSLPGG00000010731	1.7273177650110448e-06	9.675335389896591e-267	Scil_g12359;Slac_ENSLPGG00000020578	3.252766774038796e-25	1.0679719099689804e-56	Scil_g11217;Slac_ENSLPGG00000030026	3.2661032254693935e-09	0.0				Scil_g176;Slac_ENSLPGG00000006340	5.692674651683935e-38	0.00019700462985319765	Scil_g12359;Slac_ENSLPGG00000015888	1.9269850757515327e-15	1.414267117274712e-109	Scil_g12515;Slac_ENSLPGG00000018880	2.6650382974266324e-121	3.0440385616654108e-21	Scil_g11065;Slac_ENSLPGG00000026756	3.796235329031768e-115	0.0005920260705566722	Scil_g1960;Slac_ENSLPGG00000001288	1.5100002534512402e-127	4.0556484159166975e-43	Scil_g7247;Slac_ENSLPGG00000002394	6.567192429264145e-13	1.2937479835425587e-20				Scil_g5407;Slac_ENSLPGG00000016023	2.7298323162782964e-40	1.3017450756172705e-60	Scil_g8135;Slac_ENSLPGG00000014782	7.268874910053745e-105	4.710820823420134e-11	Scil_g10145;Slac_ENSLPGG00000002251	1.20737102316251e-40	1.0703518826219367e-12	Scil_g792;Slac_ENSLPGG00000003499	7.801681153843504e-82	1.2846578336082924e-09	Scil_g8427;Slac_ENSLPGG00000017323	0.0009073511673455871	0.008442793900609624	Scil_g8135;Slac_ENSLPGG00000014782	7.268874910053745e-105	1.0227457240849187e-58	Scil_g5407;Slac_ENSLPGG00000016023	2.7298323162782964e-40	3.9859421032837844e-120	Scil_g9127;Slac_ENSLPGG00000004375	4.917849108161591e-87	1.6563954483441163e-231	Scil_g4454;Slac_ENSLPGG00000008996	0.00017831662689356796	2.383566135459776e-06	Scil_g5780;Slac_ENSLPGG00000001139	4.70512583964381e-20	8.266041589905523e-12	Scil_g8299;Slac_ENSLPGG00000019726	3.1366148064803986e-21	3.856878434194793e-11	Scil_g3316;Slac_ENSLPGG00000004765	5.249800466712749e-18	0.0022881634229067285	Scil_g9698;Slac_ENSLPGG00000003607	4.126970084431966e-15	0.0011976070643854799	Scil_g1960;Slac_ENSLPGG00000001288	3.990761713287518e-64	4.0556484159166975e-43													Scil_g5248;Slac_ENSLPGG00000010551	6.945787077049318e-31	1.1481621637587149e-70	Scil_g13035;Slac_ENSLPGG00000007086	1.2365579924609172e-31	3.0736783144049152e-27	Scil_g12596;Slac_ENSLPGG00000019196	1.091899954061848e-29	1.2431352884441626e-06	Scil_g11217;Slac_ENSLPGG00000030026	2.793755724915361e-29	0.0	Scil_g8427;Slac_ENSLPGG00000017323	2.7270190093475373e-62	2.6260173313222563e-236	Scil_g13524;Slac_ENSLPGG00000011839	3.9828935246526745e-10	3.187901163744036e-05	Scil_g7247;Slac_ENSLPGG00000002394	0.00033828856723639345	5.007210728751153e-45				Scil_g3151;Slac_ENSLPGG00000010983	1.0859840233832854e-07	3.83141568105036e-162			
Scil_g8844;Slac_ENSLPGG00000020856	0.0010532049486188582	1.0080776585813708e-179	Scil_g12359;Slac_ENSLPGG00000025765	3.252766774038796e-25	2.8786681826425163e-147	Scil_g9552;Slac_ENSLPGG00000002404	4.575061119744404e-06	0.0				Scil_g176;Slac_ENSLPGG00000001013	5.692674651683935e-38	9.900491958884998e-26	Scil_g6719;Slac_ENSLPGG00000011839	4.667795661516825e-163	0.00611186985166198	Scil_g11065;Slac_ENSLPGG00000026756	3.796235329031768e-115	7.439927040741268e-23	Scil_g3256;Slac_ENSLPGG00000002916	0.0004729652995293939	0.00011693882023847729	Scil_g8844;Slac_ENSLPGG00000020856	8.123947006223632e-138	1.0080776585813708e-179	Scil_g8346;Slac_ENSLPGG00000011935	1.864171430457975e-19	6.3374945321071405e-112				Scil_g5780;Slac_ENSLPGG00000001139	9.523472070261023e-52	8.266041589905523e-12	Scil_g9698;Slac_ENSLPGG00000003607	2.690221263203807e-11	0.0003665329044528859	Scil_g5780;Slac_ENSLPGG00000003645	9.523472070261023e-52	6.37289842198441e-13	Scil_g5780;Slac_ENSLPGG00000001139	9.523472070261023e-52	2.1318647841890573e-07	Scil_g4454;Slac_ENSLPGG00000008996	1.1103886230729967e-11	1.8020173989883424e-05	Scil_g5407;Slac_ENSLPGG00000016023	2.7298323162782964e-40	2.1332530687575003e-21	Scil_g2615;Slac_ENSLPGG00000027773	1.973424452152695e-87	0.0006305903810572271	Scil_g899;Slac_ENSLPGG00000009254	2.2363934088551003e-80	2.089719913428027e-254	Scil_g428;Slac_ENSLPGG00000008220	2.1258251928561174e-24	0.0008756707499995294	Scil_g10508;Slac_ENSLPGG00000018391	1.404300228753952e-10	0.000232973285449148	Scil_g10508;Slac_ENSLPGG00000012949	1.404300228753952e-10	6.10254986351763e-57	Scil_g2168;Slac_ENSLPGG00000017442	6.316963260491079e-43	0.0028047335468007334	Scil_g10145;Slac_ENSLPGG00000014205	1.5470024824108228e-14	1.6709718112540287e-05	Scil_g12565;Slac_ENSLPGG00000019527	3.6268708312887094e-65	8.419026994279683e-47													Scil_g2690;Slac_ENSLPGG00000028953	2.6163407344790857e-30	1.7008125274199186e-65	Scil_g12296;Slac_ENSLPGG00000027192	2.023509819452198e-30	6.005484139138008e-31	Scil_g10372;Slac_ENSLPGG00000008330	1.0828662679986097e-28	1.5063108505288581e-25	Scil_g2483;Slac_ENSLPGG00000028631	7.265350651882608e-30	0.0	Scil_g12156;Slac_ENSLPGG00000010719	5.558996386598562e-88	0.0	Scil_g12359;Slac_ENSLPGG00000012055	5.515179856479624e-10	0.0013159312919552733	Scil_g13524;Slac_ENSLPGG00000011839	3.9828935246526745e-10	2.3607637339619418e-11				Scil_g8313;Slac_ENSLPGG00000009021	7.487766455253768e-14	2.180674028483158e-84			
Scil_g5248;Slac_ENSLPGG00000010551	8.405721108634551e-46	1.1481621637587149e-70	Scil_g7553;Slac_ENSLPGG00000015015	9.133444795757553e-80	1.5596564314307863e-11	Scil_g53;Slac_ENSLPGG00000009627	3.322699669994245e-07	3.3464746558999474e-187				Scil_g1581;Slac_ENSLPGG00000012011	3.690890937832459e-10	1.1043109540803633e-23	Scil_g9800;Slac_ENSLPGG00000005542	1.5307012038912084e-30	2.2155380793958537e-16	Scil_g3256;Slac_ENSLPGG00000002916	0.0004729652995293939	3.453672138116687e-23	Scil_g2393;Slac_ENSLPGG00000028380	1.1715922687828896e-43	2.89248915066677e-208	Scil_g10622;Slac_ENSLPGG00000015371	1.5794138761750526e-122	7.913891238507608e-305	Scil_g272;Slac_ENSLPGG00000011745	5.536658986676173e-17	2.1259401974773072e-07				Scil_g12721;Slac_ENSLPGG00000026540	3.730096607435771e-60	0.0	Scil_g9417;Slac_ENSLPGG00000028683	0.005078072804095417	0.003798611801290183	Scil_g7247;Slac_ENSLPGG00000002394	1.0299157039374261e-43	1.4512784716372902e-32	Scil_g10145;Slac_ENSLPGG00000014205	1.20737102316251e-40	4.521702516592002e-33	Scil_g792;Slac_ENSLPGG00000003499	7.801681153843504e-82	2.0854187169266805e-07	Scil_g10147;Slac_ENSLPGG00000006923	2.0455780024077852e-97	3.307803204970514e-13	Scil_g3316;Slac_ENSLPGG00000004765	2.3045368986684485e-55	4.857855965547903e-16	Scil_g12596;Slac_ENSLPGG00000019196	3.966358307832477e-78	4.623428765436423e-09	Scil_g3316;Slac_ENSLPGG00000004765	0.00013593483313246811	5.6238260485352485e-05	Scil_g10508;Slac_ENSLPGG00000012949	1.404300228753952e-10	6.237655747045699e-217	Scil_g1929;Slac_ENSLPGG00000017167	8.362637862288747e-33	1.8801222452031248e-06	Scil_g1929;Slac_ENSLPGG00000017167	8.362637862288747e-33	0.00026761402249912984	Scil_g10145;Slac_ENSLPGG00000007322	1.5470024824108228e-14	0.00034639792692645955	Scil_g2690;Slac_ENSLPGG00000028953	9.57077121120737e-66	1.7008125274199186e-65													Scil_g6646;Slac_ENSLPGG00000020424	4.6370158205746026e-33	0.0	Scil_g3361;Slac_ENSLPGG00000011974	3.461138050828157e-32	7.350183021917888e-45	Scil_g6323;Slac_ENSLPGG00000002326	8.43118350918693e-31	8.482436389484453e-119	Scil_g3716;Slac_ENSLPGG00000021862	1.7968179199774513e-21	0.0	Scil_g10109;Slac_ENSLPGG00000016457	5.099758942267646e-76	5.878050781016792e-160	Scil_g12359;Slac_ENSLPGG00000008987	5.515179856479624e-10	6.53881726537894e-05	Scil_g7553;Slac_ENSLPGG00000012055	0.002413224741641516	4.0874491108281004e-05				Scil_g13584;Slac_ENSLPGG00000010731	6.073181293138957e-14	9.675335389896591e-267			
Scil_g12596;Slac_ENSLPGG00000019196	1.1242994341967465e-07	4.623428765436423e-09	Scil_g7553;Slac_ENSLPGG00000009760	9.133444795757553e-80	2.498785445450369e-32	Scil_g10622;Slac_ENSLPGG00000015371	5.672028373892852e-07	7.913891238507608e-305				Scil_g9800;Slac_ENSLPGG00000005542	1.5307012038912084e-30	1.7830748749378873e-10	Scil_g1581;Slac_ENSLPGG00000012011	3.690890937832459e-10	4.457564702462509e-27	Scil_g8992;Slac_ENSLPGG00000020148	3.358316871441814e-83	2.4461343453796475e-20	Scil_g8992;Slac_ENSLPGG00000020148	3.358316871441814e-83	8.363253365300092e-09	Scil_g13035;Slac_ENSLPGG00000007086	5.094716749739236e-117	1.916579196003528e-87	Scil_g1132;Slac_ENSLPGG00000008926	2.3020100435987276e-11	2.305627224004209e-06				Scil_g5780;Slac_ENSLPGG00000019065	9.523472070261023e-52	8.907515056546962e-05	Scil_g12721;Slac_ENSLPGG00000018326	3.730096607435771e-60	1.3611225677718924e-05	Scil_g12721;Slac_ENSLPGG00000026540	3.730096607435771e-60	5.082599674901194e-269	Scil_g5780;Slac_ENSLPGG00000007158	9.523472070261023e-52	5.42418213709586e-07	Scil_g9552;Slac_ENSLPGG00000002404	0.0033109988413432176	0.0009025453209104063	Scil_g5780;Slac_ENSLPGG00000007158	9.523472070261023e-52	1.3921670430557845e-07	Scil_g8135;Slac_ENSLPGG00000014506	7.268874910053745e-105	3.072845078965812e-33	Scil_g1791;Slac_ENSLPGG00000006262	1.7467171186072786e-65	4.185853560928421e-264	Scil_g552;Slac_ENSLPGG00000010574	3.968508489255173e-06	1.771231631264135e-06	Scil_g5976;Slac_ENSLPGG00000006723	5.9615123536513044e-21	8.673938493032852e-07	Scil_g2168;Slac_ENSLPGG00000017442	6.316963260491079e-43	0.00019031727096952697	Scil_g10508;Slac_ENSLPGG00000012949	1.404300228753952e-10	1.5193941358637149e-176	Scil_g8569;Slac_ENSLPGG00000010551	2.4511285158256255e-07	5.587896606794056e-09	Scil_g7102;Slac_ENSLPGG00000009965	5.083234356665121e-66	2.491111184419854e-253													Scil_g1960;Slac_ENSLPGG00000002916	4.195846293458743e-28	1.8602628480511736e-27	Scil_g13124;Slac_ENSLPGG00000010195	1.5503120334201774e-32	7.930255897158772e-108	Scil_g10727;Slac_ENSLPGG00000029327	5.3790944061414885e-31	1.847282400180876e-15	Scil_g9720;Slac_ENSLPGG00000010538	4.066775141441044e-46	2.90053811501949e-178	Scil_g6646;Slac_ENSLPGG00000020424	4.215278083872324e-82	0.0	Scil_g9161;Slac_ENSLPGG00000022320	8.521384917105139e-05	9.333787942764978e-10	Scil_g12359;Slac_ENSLPGG00000012055	5.515179856479624e-10	4.0874491108281004e-05				Scil_g12596;Slac_ENSLPGG00000019196	2.0362937777414225e-21	4.623428765436423e-09			
Scil_g7102;Slac_ENSLPGG00000009965	1.0148093577067543e-05	2.491111184419854e-253	Scil_g12359;Slac_ENSLPGG00000010570	3.252766774038796e-25	2.0632134805623925e-53	Scil_g2483;Slac_ENSLPGG00000028631	8.212857265746832e-07	0.0				Scil_g4190;Slac_ENSLPGG00000009116	2.899251819478398e-05	6.14592868531139e-18	Scil_g5780;Slac_ENSLPGG00000021520	4.438340479347271e-14	1.1192892414117911e-44	Scil_g2393;Slac_ENSLPGG00000028380	1.1715922687828896e-43	6.536389750916492e-246	Scil_g9420;Slac_ENSLPGG00000018181	8.088367322331501e-20	9.763934351042776e-46	Scil_g9293;Slac_ENSLPGG00000011571	2.9924001020278993e-123	1.152196916578078e-230	Scil_g8569;Slac_ENSLPGG00000010551	0.002318487703504653	1.1481621637587149e-70				Scil_g7247;Slac_ENSLPGG00000002394	1.0299157039374261e-43	9.825618829625603e-05	Scil_g480;Slac_ENSLPGG00000010615	4.9500489656182e-14	0.007465725051819325	Scil_g5780;Slac_ENSLPGG00000007158	9.523472070261023e-52	2.3171329481883538e-23	Scil_g12721;Slac_ENSLPGG00000018326	3.730096607435771e-60	1.9484642569970714e-21	Scil_g3316;Slac_ENSLPGG00000004765	2.3045368986684485e-55	1.806252451274713e-08	Scil_g10145;Slac_ENSLPGG00000014205	1.20737102316251e-40	1.1536648230263885e-25	Scil_g8135;Slac_ENSLPGG00000014782	7.268874910053745e-105	5.526486443458363e-95	Scil_g3638;Slac_ENSLPGG00000014669	1.0799503589608892e-86	1.3685670620374595e-29	Scil_g8135;Slac_ENSLPGG00000014782	3.943271927551883e-51	4.809124165610324e-15	Scil_g1929;Slac_ENSLPGG00000017167	8.362637862288747e-33	4.23075403131817e-09	Scil_g3804;Slac_ENSLPGG00000008240	0.00015802309589975523	0.002983343403362197	Scil_g10145;Slac_ENSLPGG00000007322	1.5470024824108228e-14	1.3800881795140993e-25	Scil_g792;Slac_ENSLPGG00000003499	0.00010786084218584756	0.0005454352148412773	Scil_g8438;Slac_ENSLPGG00000026812	9.878964361618745e-62	0.0													Scil_g7102;Slac_ENSLPGG00000009965	4.651753624006918e-30	2.491111184419854e-253	Scil_g10622;Slac_ENSLPGG00000015371	3.5743978695368e-30	0.0009489934237482608	Scil_g10622;Slac_ENSLPGG00000015371	3.5743978695368e-30	3.3780706849964336e-36	Scil_g1960;Slac_ENSLPGG00000001288	1.1896021272034631e-19	4.0556484159166975e-43	Scil_g12596;Slac_ENSLPGG00000019196	1.732496458595204e-84	4.623428765436423e-09	Scil_g9161;Slac_ENSLPGG00000026665	8.521384917105139e-05	0.0005594298294001904	Scil_g7729;Slac_ENSLPGG00000007104	1.1255891344811857e-06	1.1013325515884864e-22				Scil_g10372;Slac_ENSLPGG00000008330	1.2882547760750843e-10	9.076562438298935e-170			
Scil_g1791;Slac_ENSLPGG00000006262	1.0991542737376063e-10	4.185853560928421e-264	Scil_g12359;Slac_ENSLPGG00000020866	3.252766774038796e-25	1.408090205453169e-51	Scil_g12596;Slac_ENSLPGG00000019196	2.1531978088550084e-07	4.623428765436423e-09				Scil_g2615;Slac_ENSLPGG00000027773	2.131626370260261e-24	2.3067353164999476e-32	Scil_g130;Slac_ENSLPGG00000015888	6.028113154288905e-97	1.414267117274712e-109	Scil_g9420;Slac_ENSLPGG00000018181	8.088367322331501e-20	3.630673637054969e-70	Scil_g1710;Slac_ENSLPGG00000017185	1.9481011952880736e-70	0.006084162511327934	Scil_g898;Slac_ENSLPGG00000026505	3.6509294925666004e-131	0.0	Scil_g5853;Slac_ENSLPGG00000011935	7.004772526712423e-08	6.3374945321071405e-112				Scil_g10145;Slac_ENSLPGG00000014205	1.20737102316251e-40	1.138917376195275e-34	Scil_g10145;Slac_ENSLPGG00000007322	1.20737102316251e-40	0.00010156864810001513	Scil_g10145;Slac_ENSLPGG00000014205	1.20737102316251e-40	5.661329922037294e-55	Scil_g5780;Slac_ENSLPGG00000019065	9.523472070261023e-52	1.7021584360314615e-05	Scil_g5780;Slac_ENSLPGG00000019065	9.523472070261023e-52	0.008445174686407597	Scil_g5780;Slac_ENSLPGG00000019065	9.523472070261023e-52	0.006927108559854214	Scil_g130;Slac_ENSLPGG00000015888	2.5764296468008397e-54	0.0	Scil_g2483;Slac_ENSLPGG00000028631	4.2539167903862273e-79	0.0	Scil_g13539;Slac_ENSLPGG00000011536	1.161997758633e-12	0.005230032865004775	Scil_g3316;Slac_ENSLPGG00000004765	5.249800466712749e-18	0.0022173047821719837	Scil_g6390;Slac_ENSLPGG00000000928	0.0025058034030656716	0.006783896423522813	Scil_g5780;Slac_ENSLPGG00000007158	4.70512583964381e-20	5.42418213709586e-07	Scil_g9048;Slac_ENSLPGG00000005083	0.006032551762532256	6.428511881495556e-09	Scil_g13584;Slac_ENSLPGG00000010731	2.550675565631272e-59	9.675335389896591e-267													Scil_g53;Slac_ENSLPGG00000009627	7.355240300630066e-30	3.3464746558999474e-187	Scil_g2483;Slac_ENSLPGG00000028631	6.549457678977496e-31	2.8231962828041818e-11	Scil_g12515;Slac_ENSLPGG00000018880	5.346446460598241e-35	5.2075412385308345e-55	Scil_g898;Slac_ENSLPGG00000026505	3.1181823353106053e-31	0.0	Scil_g10622;Slac_ENSLPGG00000015371	1.4648544704681704e-72	7.913891238507608e-305				Scil_g12359;Slac_ENSLPGG00000008987	5.515179856479624e-10	0.001852208764674488				Scil_g8502;Slac_ENSLPGG00000018844	3.900938968952003e-14	0.0011538952408238835			
Scil_g10372;Slac_ENSLPGG00000008330	4.182197422728708e-06	9.076562438298935e-170	Scil_g12359;Slac_ENSLPGG00000009760	3.252766774038796e-25	2.498785445450369e-32	Scil_g8427;Slac_ENSLPGG00000017323	0.0012806071428835017	2.6260173313222563e-236				Scil_g11800;Slac_ENSLPGG00000021800	4.294439928570776e-56	1.243255156074208e-25	Scil_g8299;Slac_ENSLPGG00000019726	1.469427077049009e-12	3.1296260265785744e-53	Scil_g1710;Slac_ENSLPGG00000017185	1.9481011952880736e-70	6.725487470921888e-05	Scil_g5496;Slac_ENSLPGG00000014820	1.1581024234413817e-05	0.00529814206846426	Scil_g6946;Slac_ENSLPGG00000024429	7.094160675414116e-139	3.251273390160915e-290	Scil_g5853;Slac_ENSLPGG00000014536	7.004772526712423e-08	4.447425120386484e-27				Scil_g552;Slac_ENSLPGG00000010574	2.962245414170761e-82	0.006184738003537365	Scil_g2168;Slac_ENSLPGG00000017442	5.187076284972689e-06	0.00019031727096952697	Scil_g4454;Slac_ENSLPGG00000008996	1.1103886230729967e-11	2.383566135459776e-06	Scil_g3316;Slac_ENSLPGG00000004765	2.3045368986684485e-55	0.0022881634229067285	Scil_g3164;Slac_ENSLPGG00000026756	0.00041180051101167247	1.980424290559033e-18	Scil_g12781;Slac_ENSLPGG00000004729	6.2617030895827175e-58	8.196872635232278e-10	Scil_g5780;Slac_ENSLPGG00000003645	9.523472070261023e-52	6.4337355297277255e-09	Scil_g8844;Slac_ENSLPGG00000020856	1.1268631965209193e-82	1.0080776585813708e-179	Scil_g6432;Slac_ENSLPGG00000001593	2.55864963547607e-06	2.610966808913046e-05	Scil_g2168;Slac_ENSLPGG00000017442	6.316963260491079e-43	3.358478301543123e-08	Scil_g9417;Slac_ENSLPGG00000028683	7.058691544744355e-05	0.003798611801290183	Scil_g5780;Slac_ENSLPGG00000019065	4.70512583964381e-20	1.7021584360314615e-05	Scil_g13000;Slac_ENSLPGG00000029928	4.0491857652566885e-13	0.007779523979662398	Scil_g9124;Slac_ENSLPGG00000019035	1.240061847334908e-69	9.577032832453309e-83													Scil_g13572;Slac_ENSLPGG00000004809	5.698177658595809e-32	1.7243835728527125e-186	Scil_g12515;Slac_ENSLPGG00000018880	5.346446460598241e-35	1.8659767311661218e-08	Scil_g13035;Slac_ENSLPGG00000007086	1.2365579924609172e-31	3.2866189934017507e-62	Scil_g10109;Slac_ENSLPGG00000016457	2.892317313510048e-24	5.878050781016792e-160	Scil_g53;Slac_ENSLPGG00000009627	7.44980106828797e-70	3.3464746558999474e-187				Scil_g9161;Slac_ENSLPGG00000022320	8.521384917105139e-05	5.147312153721958e-06				Scil_g898;Slac_ENSLPGG00000026505	2.0367847367110465e-19	0.0			
Scil_g12565;Slac_ENSLPGG00000019527	6.86277603737645e-20	8.419026994279683e-47	Scil_g12359;Slac_ENSLPGG00000022959	3.252766774038796e-25	1.783385765627898e-41	Scil_g9127;Slac_ENSLPGG00000004375	0.00040417929364072773	1.6563954483441163e-231				Scil_g9815;Slac_ENSLPGG00000028025	1.2687676408392314e-05	1.9481484135242517e-27	Scil_g8135;Slac_ENSLPGG00000014782	6.9932110111897075e-112	2.216785442425679e-52	Scil_g6036;Slac_ENSLPGG00000011766	3.393801605311078e-11	3.9965383187050887e-87	Scil_g1710;Slac_ENSLPGG00000011888	1.9481011952880736e-70	0.004695103844647241	Scil_g8322;Slac_ENSLPGG00000001999	8.849703037448371e-130	0.0	Scil_g8207;Slac_ENSLPGG00000014536	7.3862458253788836e-09	4.447425120386484e-27				Scil_g5780;Slac_ENSLPGG00000003645	9.523472070261023e-52	0.0024297749038857896	Scil_g1929;Slac_ENSLPGG00000017167	5.730712484582089e-06	1.8801222452031248e-06	Scil_g552;Slac_ENSLPGG00000010574	2.962245414170761e-82	1.771231631264135e-06	Scil_g552;Slac_ENSLPGG00000010574	2.962245414170761e-82	0.0002587691405966822	Scil_g10145;Slac_ENSLPGG00000014205	1.20737102316251e-40	1.7093352219014287e-21	Scil_g130;Slac_ENSLPGG00000015888	2.5764296468008397e-54	3.8687716420603493e-174	Scil_g10147;Slac_ENSLPGG00000006923	2.0455780024077852e-97	1.1559737404663003e-15	Scil_g8427;Slac_ENSLPGG00000017323	4.647765762226213e-82	2.6260173313222563e-236	Scil_g8135;Slac_ENSLPGG00000014506	3.943271927551883e-51	7.072630103694185e-05	Scil_g5780;Slac_ENSLPGG00000007158	4.70512583964381e-20	2.953747939623728e-08	Scil_g9698;Slac_ENSLPGG00000003607	4.126970084431966e-15	0.0003665329044528859	Scil_g9698;Slac_ENSLPGG00000003607	4.126970084431966e-15	0.009810651529200387	Scil_g12721;Slac_ENSLPGG00000018326	2.5706333330062313e-07	0.009975448329710129	Scil_g4533;Slac_ENSLPGG00000022969	9.795471256023037e-67	1.7582904385899225e-265													Scil_g10727;Slac_ENSLPGG00000029327	5.3790944061414885e-31	1.051568179286769e-48	Scil_g1925;Slac_ENSLPGG00000017593	1.1931758511331472e-30	3.446563631750472e-71	Scil_g2483;Slac_ENSLPGG00000028631	6.549457678977496e-31	1.8847266829431563e-66	Scil_g12156;Slac_ENSLPGG00000010719	8.733593707245316e-25	0.0	Scil_g3151;Slac_ENSLPGG00000010983	1.4093258886650166e-79	3.83141568105036e-162				Scil_g9161;Slac_ENSLPGG00000026665	8.521384917105139e-05	0.0009624903549282697				Scil_g10727;Slac_ENSLPGG00000029327	2.0204331007295328e-18	1.051568179286769e-48			
Scil_g11217;Slac_ENSLPGG00000030026	7.031620451575667e-11	0.0	Scil_g12359;Slac_ENSLPGG00000015015	3.252766774038796e-25	1.5596564314307863e-11	Scil_g12565;Slac_ENSLPGG00000019527	4.306305207087842e-10	8.419026994279683e-47				Scil_g8135;Slac_ENSLPGG00000014782	6.9932110111897075e-112	3.5310458308772875e-55	Scil_g4190;Slac_ENSLPGG00000009116	2.899251819478398e-05	0.001396822626426671				Scil_g12599;Slac_ENSLPGG00000002394	1.1315604324233006e-16	6.89451983253616e-21	Scil_g3361;Slac_ENSLPGG00000011974	1.2631066584922011e-129	4.553275597361479e-205	Scil_g6478;Slac_ENSLPGG00000002802	2.0713961228819185e-07	4.350965231521342e-58				Scil_g5780;Slac_ENSLPGG00000007158	9.523472070261023e-52	2.953747939623728e-08	Scil_g9627;Slac_ENSLPGG00000005266	1.3428097634161003e-10	1.677547381097699e-09	Scil_g6241;Slac_ENSLPGG00000002720	4.013876324151638e-60	0.003850984221015657	Scil_g10145;Slac_ENSLPGG00000007322	1.20737102316251e-40	1.3800881795140993e-25	Scil_g5780;Slac_ENSLPGG00000007158	9.523472070261023e-52	3.092012612494674e-08	Scil_g428;Slac_ENSLPGG00000008220	4.882256298355068e-30	3.0436877260285724e-40	Scil_g5780;Slac_ENSLPGG00000007158	9.523472070261023e-52	1.965018913530473e-21	Scil_g10109;Slac_ENSLPGG00000016457	9.503874043955221e-85	5.878050781016792e-160	Scil_g5592;Slac_ENSLPGG00000024879	0.0009610473998947016	3.7327495540389476e-10	Scil_g10145;Slac_ENSLPGG00000007322	1.5470024824108228e-14	1.0410796175330697e-20	Scil_g10145;Slac_ENSLPGG00000007322	1.5470024824108228e-14	0.00010156864810001513	Scil_g10145;Slac_ENSLPGG00000014205	1.5470024824108228e-14	4.521702516592002e-33	Scil_g12721;Slac_ENSLPGG00000026540	2.5706333330062313e-07	1.661424375573659e-136	Scil_g8427;Slac_ENSLPGG00000017323	1.5546550170514172e-66	2.6260173313222563e-236													Scil_g8502;Slac_ENSLPGG00000018844	1.1482600547361892e-30	0.0011538952408238835	Scil_g9124;Slac_ENSLPGG00000019035	1.0143199493191622e-27	1.0019089949047569e-13	Scil_g8502;Slac_ENSLPGG00000026466	1.1482600547361892e-30	8.261826939652545e-28	Scil_g10909;Slac_ENSLPGG00000010260	1.138964769375012e-35	1.039421481352097e-190	Scil_g7102;Slac_ENSLPGG00000009965	9.397369712138223e-81	2.491111184419854e-253										Scil_g10109;Slac_ENSLPGG00000016457	2.1514221431293514e-13	5.878050781016792e-160			
Scil_g1712;Slac_ENSLPGG00000011939	3.368327656939943e-137	1.995873297028353e-49	Scil_g6171;Slac_ENSLPGG00000021402	1.0056964963507036e-19	5.47074109591713e-19	Scil_g10109;Slac_ENSLPGG00000016457	5.917216911066135e-06	5.878050781016792e-160				Scil_g428;Slac_ENSLPGG00000008220	7.352420249980202e-34	3.053105731426932e-24	Scil_g8135;Slac_ENSLPGG00000014506	6.9932110111897075e-112	1.1472672825183391e-41				Scil_g852;Slac_ENSLPGG00000005314	0.006392286261537185	0.0003507669302731693	Scil_g3084;Slac_ENSLPGG00000011626	6.685892991363192e-89	4.963128665858961e-135	Scil_g8207;Slac_ENSLPGG00000011935	7.3862458253788836e-09	6.3374945321071405e-112				Scil_g3316;Slac_ENSLPGG00000004765	2.3045368986684485e-55	0.0022173047821719837	Scil_g1638;Slac_ENSLPGG00000027899	6.255681168728642e-18	0.00453116765254335	Scil_g12781;Slac_ENSLPGG00000004729	6.2617030895827175e-58	2.757012332639792e-10	Scil_g8135;Slac_ENSLPGG00000014782	7.268874910053745e-105	1.0509840262664914e-07	Scil_g10145;Slac_ENSLPGG00000012981	1.20737102316251e-40	8.895392279584421e-40	Scil_g10843;Slac_ENSLPGG00000008220	5.446414538802448e-09	3.0436877260285724e-40	Scil_g7247;Slac_ENSLPGG00000002394	1.0299157039374261e-43	5.007210728751153e-45	Scil_g1960;Slac_ENSLPGG00000001288	2.664997386046473e-80	4.0556484159166975e-43	Scil_g12865;Slac_ENSLPGG00000023608	9.70033521702641e-05	0.003031234032842293	Scil_g1638;Slac_ENSLPGG00000027899	4.291468005637782e-07	3.5414293844494496e-05	Scil_g1638;Slac_ENSLPGG00000027899	4.291468005637782e-07	0.00453116765254335	Scil_g10508;Slac_ENSLPGG00000018391	1.404300228753952e-10	0.00017741661575307126	Scil_g254;Slac_ENSLPGG00000018987	3.291112021113107e-11	5.762269752274783e-06	Scil_g2483;Slac_ENSLPGG00000028631	3.8935200837526344e-63	0.0													Scil_g8438;Slac_ENSLPGG00000026812	2.0007253157515325e-26	0.0	Scil_g3256;Slac_ENSLPGG00000002916	2.5683729046325867e-34	4.6702259707366504e-32	Scil_g7102;Slac_ENSLPGG00000009965	4.651753624006918e-30	1.6273027366350274e-71	Scil_g12565;Slac_ENSLPGG00000019527	7.11103053070413e-31	8.419026994279683e-47	Scil_g13572;Slac_ENSLPGG00000004809	1.0065906908588268e-64	1.7243835728527125e-186										Scil_g12565;Slac_ENSLPGG00000019527	2.3052423958412966e-22	8.419026994279683e-47			
Scil_g6646;Slac_ENSLPGG00000020424	1.167359356443979e-08	0.0	Scil_g512;Slac_ENSLPGG00000017177	9.045393593074876e-46	5.93110898396368e-142	Scil_g3361;Slac_ENSLPGG00000011974	1.2031245930314625e-06	4.553275597361479e-205				Scil_g5407;Slac_ENSLPGG00000016023	3.021409703719255e-10	5.94045764611003e-58	Scil_g13539;Slac_ENSLPGG00000015888	9.049282398468563e-116	1.414267117274712e-109				Scil_g6036;Slac_ENSLPGG00000011766	3.393801605311078e-11	3.067324330221318e-62	Scil_g899;Slac_ENSLPGG00000009254	5.105379068391824e-125	2.089719913428027e-254	Scil_g6760;Slac_ENSLPGG00000011766	0.0003968510940255742	4.981341181502007e-22				Scil_g12721;Slac_ENSLPGG00000018326	3.730096607435771e-60	5.202538808021572e-32	Scil_g8569;Slac_ENSLPGG00000010551	4.599959265792699e-08	0.0037588386462812434	Scil_g3316;Slac_ENSLPGG00000004765	2.3045368986684485e-55	5.6238260485352485e-05	Scil_g9698;Slac_ENSLPGG00000003607	2.690221263203807e-11	0.009810651529200387	Scil_g10147;Slac_ENSLPGG00000006923	2.0455780024077852e-97	0.005827509009904013	Scil_g6432;Slac_ENSLPGG00000001593	1.874406088735017e-55	6.425695846049782e-09	Scil_g12781;Slac_ENSLPGG00000023276	6.2617030895827175e-58	5.006232055107248e-07	Scil_g2690;Slac_ENSLPGG00000028953	4.877326339192593e-85	1.7008125274199186e-65	Scil_g5592;Slac_ENSLPGG00000027633	0.0009610473998947016	2.6367218576394218e-05	Scil_g9698;Slac_ENSLPGG00000003607	4.126970084431966e-15	1.0997525898515661e-07	Scil_g480;Slac_ENSLPGG00000010615	5.220930417554191e-13	0.007465725051819325	Scil_g10015;Slac_ENSLPGG00000022563	2.0512101907379914e-19	0.00032450925610476864	Scil_g254;Slac_ENSLPGG00000007525	3.291112021113107e-11	0.0022906553576113073	Scil_g11065;Slac_ENSLPGG00000026756	1.8596763777102063e-71	0.0													Scil_g6946;Slac_ENSLPGG00000024429	4.805608760781418e-33	3.251273390160915e-290	Scil_g1710;Slac_ENSLPGG00000017185	1.5967687352963646e-35	2.154470322241375e-44	Scil_g3361;Slac_ENSLPGG00000011974	3.461138050828157e-32	2.0293225616736967e-122	Scil_g3361;Slac_ENSLPGG00000011974	3.2233197243884162e-27	4.553275597361479e-205	Scil_g9552;Slac_ENSLPGG00000002404	2.538977004733728e-80	0.0										Scil_g3716;Slac_ENSLPGG00000021862	4.8851071887128e-16	0.0			
Scil_g9127;Slac_ENSLPGG00000004375	4.969314305993928e-07	1.6563954483441163e-231	Scil_g512;Slac_ENSLPGG00000020578	9.045393593074876e-46	1.0679719099689804e-56	Scil_g1712;Slac_ENSLPGG00000011939	9.496778083469574e-20	1.995873297028353e-49				Scil_g12721;Slac_ENSLPGG00000026540	9.348156071914599e-158	1.5286010209599225e-83	Scil_g11800;Slac_ENSLPGG00000021800	4.294439928570776e-56	2.5495500804048876e-06							Scil_g10372;Slac_ENSLPGG00000008330	4.479131126964864e-126	9.076562438298935e-170	Scil_g10145;Slac_ENSLPGG00000012981	0.001829901374241206	0.008198828259719891				Scil_g10147;Slac_ENSLPGG00000006923	2.0455780024077852e-97	0.0038925107554729542	Scil_g9297;Slac_ENSLPGG00000017442	5.050689566533912e-07	0.00019031727096952697	Scil_g10147;Slac_ENSLPGG00000006923	2.0455780024077852e-97	0.0014798030848324195	Scil_g10015;Slac_ENSLPGG00000022563	1.6357140778066739e-52	0.00032450925610476864	Scil_g6432;Slac_ENSLPGG00000001593	1.874406088735017e-55	8.829921093559036e-09	Scil_g8135;Slac_ENSLPGG00000014506	7.268874910053745e-105	0.00023055059568823243	Scil_g13539;Slac_ENSLPGG00000015888	1.6160642433650672e-60	0.0	Scil_g13035;Slac_ENSLPGG00000007086	4.128182791523704e-85	1.916579196003528e-87	Scil_g13539;Slac_ENSLPGG00000015888	1.161997758633e-12	5.421831364350314e-05	Scil_g10147;Slac_ENSLPGG00000006923	2.7124571419145654e-40	0.0038925107554729542	Scil_g10276;Slac_ENSLPGG00000005266	0.00011331738553884872	1.677547381097699e-09	Scil_g5592;Slac_ENSLPGG00000024879	4.7004541170959316e-12	0.008126253320703276	Scil_g267;Slac_ENSLPGG00000005083	0.001307031673203452	6.428511881495556e-09	Scil_g10109;Slac_ENSLPGG00000016457	5.656743963940844e-69	5.878050781016792e-160													Scil_g3638;Slac_ENSLPGG00000014669	3.3779325928262674e-33	1.3685670620374595e-29	Scil_g1492;Slac_ENSLPGG00000006855	6.717614844397946e-34	0.00887950364152333	Scil_g12220;Slac_ENSLPGG00000004594	4.101234208796754e-30	7.725253538575313e-66	Scil_g10622;Slac_ENSLPGG00000015371	1.569646804739529e-25	7.913891238507608e-305	Scil_g11217;Slac_ENSLPGG00000030026	5.818232190310775e-63	0.0										Scil_g2647;Slac_ENSLPGG00000007249	1.3628695456863562e-18	1.6357442903822157e-179			
Scil_g3716;Slac_ENSLPGG00000021862	7.505370824467688e-17	0.0	Scil_g9100;Slac_ENSLPGG00000017185	9.492093129603579e-74	7.962208366435218e-07	Scil_g899;Slac_ENSLPGG00000009254	1.395448887392109e-05	2.089719913428027e-254				Scil_g5780;Slac_ENSLPGG00000007158	4.438340479347271e-14	3.4393842705479424e-25	Scil_g5780;Slac_ENSLPGG00000007158	4.438340479347271e-14	2.0838815629998246e-20							Scil_g12515;Slac_ENSLPGG00000018880	2.2931965280213332e-157	0.0	Scil_g1133;Slac_ENSLPGG00000008926	1.5334514053001008e-11	2.305627224004209e-06				Scil_g8135;Slac_ENSLPGG00000014782	7.268874910053745e-105	9.151422886198967e-15	Scil_g2125;Slac_ENSLPGG00000027899	8.586817729591137e-06	0.00453116765254335	Scil_g5780;Slac_ENSLPGG00000019065	9.523472070261023e-52	0.002143493550466423	Scil_g13000;Slac_ENSLPGG00000029928	1.952236994263986e-27	0.002355789556263397	Scil_g10843;Slac_ENSLPGG00000008220	5.446414538802448e-09	1.3169649745091514e-24	Scil_g10145;Slac_ENSLPGG00000012981	1.20737102316251e-40	0.00011499550597623149	Scil_g5780;Slac_ENSLPGG00000019065	9.523472070261023e-52	4.280743164546749e-06	Scil_g12515;Slac_ENSLPGG00000018880	1.3599815094632643e-91	0.0	Scil_g130;Slac_ENSLPGG00000015888	9.22244979802407e-12	5.421831364350314e-05	Scil_g10145;Slac_ENSLPGG00000014205	1.5470024824108228e-14	1.138917376195275e-34	Scil_g10145;Slac_ENSLPGG00000014205	1.5470024824108228e-14	2.581633367821644e-13	Scil_g10276;Slac_ENSLPGG00000005266	0.00011331738553884872	2.983390308508585e-07				Scil_g3151;Slac_ENSLPGG00000010983	1.260425646318132e-58	3.83141568105036e-162													Scil_g3084;Slac_ENSLPGG00000011626	3.243320324773127e-24	4.963128665858961e-135	Scil_g12463;Slac_ENSLPGG00000010851	5.634076380628945e-35	2.014765090758186e-87	Scil_g6946;Slac_ENSLPGG00000024429	4.805608760781418e-33	3.3699353386362246e-94	Scil_g899;Slac_ENSLPGG00000009254	3.437973076284372e-18	2.089719913428027e-254	Scil_g9127;Slac_ENSLPGG00000004375	9.909821004720199e-64	1.6563954483441163e-231										Scil_g1791;Slac_ENSLPGG00000006262	4.982921453594645e-16	4.185853560928421e-264			
Scil_g13572;Slac_ENSLPGG00000004809	3.2432473517928744e-12	1.7243835728527125e-186	Scil_g512;Slac_ENSLPGG00000019084	9.045393593074876e-46	1.26640156087933e-195	Scil_g13234;Slac_ENSLPGG00000024124	0.004613674064868128	2.1492171043435602e-195				Scil_g428;Slac_ENSLPGG00000010973	7.352420249980202e-34	0.0015368510063786963	Scil_g5407;Slac_ENSLPGG00000016023	3.021409703719255e-10	6.401292896110481e-45							Scil_g10109;Slac_ENSLPGG00000016457	3.7957513568000154e-140	5.878050781016792e-160	Scil_g8206;Slac_ENSLPGG00000014536	6.6603831664877236e-12	4.447425120386484e-27				Scil_g9698;Slac_ENSLPGG00000003607	2.690221263203807e-11	1.0997525898515661e-07	Scil_g254;Slac_ENSLPGG00000018987	0.0019225521095982687	6.881427880502258e-55	Scil_g12721;Slac_ENSLPGG00000018326	3.730096607435771e-60	1.1462170793757774e-39	Scil_g2168;Slac_ENSLPGG00000017442	5.187076284972689e-06	0.0028047335468007334	Scil_g428;Slac_ENSLPGG00000008220	4.882256298355068e-30	1.3169649745091514e-24	Scil_g13539;Slac_ENSLPGG00000015888	1.6160642433650672e-60	3.8687716420603493e-174	Scil_g792;Slac_ENSLPGG00000001761	7.801681153843504e-82	5.86853535204573e-31	Scil_g2223;Slac_ENSLPGG00000007673	2.695025212521284e-71	0.0005919116933962473	Scil_g130;Slac_ENSLPGG00000011536	9.22244979802407e-12	0.005230032865004775	Scil_g5780;Slac_ENSLPGG00000019065	4.70512583964381e-20	8.907515056546962e-05	Scil_g2125;Slac_ENSLPGG00000027899	0.003868196250744905	0.00453116765254335	Scil_g792;Slac_ENSLPGG00000003499	0.00010786084218584756	1.2846578336082924e-09				Scil_g9250;Slac_ENSLPGG00000028683	3.479957792083588e-68	4.6375173078021236e-76													Scil_g12596;Slac_ENSLPGG00000019196	1.091899954061848e-29	4.623428765436423e-09	Scil_g6646;Slac_ENSLPGG00000020424	4.6370158205746026e-33	7.772559752291907e-07	Scil_g3084;Slac_ENSLPGG00000011626	3.243320324773127e-24	8.032473389373455e-52	Scil_g9127;Slac_ENSLPGG00000004375	1.9180281398608468e-25	1.6563954483441163e-231	Scil_g1791;Slac_ENSLPGG00000006262	4.3266666180884725e-67	4.185853560928421e-264										Scil_g12156;Slac_ENSLPGG00000010719	2.9924851253454205e-16	0.0			
Scil_g898;Slac_ENSLPGG00000026505	8.456582637408564e-14	0.0	Scil_g512;Slac_ENSLPGG00000025488	9.045393593074876e-46	2.787079609083102e-204	Scil_g13584;Slac_ENSLPGG00000010731	0.00011375793423539497	9.675335389896591e-267				Scil_g5780;Slac_ENSLPGG00000019065	4.438340479347271e-14	3.613082416273542e-08	Scil_g12721;Slac_ENSLPGG00000026540	9.348156071914599e-158	5.069631242304295e-82							Scil_g8313;Slac_ENSLPGG00000009021	1.5417648658343266e-126	2.180674028483158e-84	Scil_g8206;Slac_ENSLPGG00000011935	6.6603831664877236e-12	6.3374945321071405e-112				Scil_g10145;Slac_ENSLPGG00000012981	1.20737102316251e-40	0.0028629292297224595	Scil_g254;Slac_ENSLPGG00000007525	0.0019225521095982687	1.7238257941089945e-05	Scil_g10145;Slac_ENSLPGG00000007322	1.20737102316251e-40	1.8319456033269103e-86	Scil_g1929;Slac_ENSLPGG00000017167	5.730712484582089e-06	0.00026761402249912984	Scil_g12781;Slac_ENSLPGG00000004729	6.2617030895827175e-58	2.5512443192331737e-07	Scil_g10015;Slac_ENSLPGG00000022563	1.6357140778066739e-52	6.8943750857258504e-09	Scil_g12781;Slac_ENSLPGG00000004729	6.2617030895827175e-58	3.290049794897673e-15	Scil_g11065;Slac_ENSLPGG00000026756	1.60382648249717e-92	0.0	Scil_g178;Slac_ENSLPGG00000008750	0.002509829014010975	8.530991638627806e-36	Scil_g480;Slac_ENSLPGG00000010615	5.220930417554191e-13	1.0796319144187866e-10	Scil_g6013;Slac_ENSLPGG00000000463	3.187417196281723e-20	0.001022463282570671	Scil_g6013;Slac_ENSLPGG00000000463	3.187417196281723e-20	0.00026096542275558173				Scil_g12156;Slac_ENSLPGG00000010719	6.425139188323697e-60	0.0													Scil_g3716;Slac_ENSLPGG00000021862	8.940732873518671e-24	0.0	Scil_g6946;Slac_ENSLPGG00000024429	4.805608760781418e-33	2.803712679242526e-25	Scil_g9127;Slac_ENSLPGG00000004375	1.2498917498109795e-31	9.01354663239435e-19	Scil_g12596;Slac_ENSLPGG00000019196	2.6816152083312404e-25	4.623428765436423e-09	Scil_g2893;Slac_ENSLPGG00000008469	4.1790469793471275e-67	0.0										Scil_g3361;Slac_ENSLPGG00000011974	1.0206107096113408e-16	4.553275597361479e-205			
Scil_g8313;Slac_ENSLPGG00000009021	5.792693122681881e-09	2.180674028483158e-84	Scil_g8502;Slac_ENSLPGG00000026466	0.0001125842595486595	0.0006833354812098033	Scil_g1960;Slac_ENSLPGG00000001288	0.00042476366221591203	4.0556484159166975e-43				Scil_g5780;Slac_ENSLPGG00000001139	4.438340479347271e-14	1.5864479285115916e-66	Scil_g130;Slac_ENSLPGG00000008987	6.028113154288905e-97	0.005751196968137072							Scil_g11217;Slac_ENSLPGG00000030026	9.301375419311617e-111	0.0							Scil_g10145;Slac_ENSLPGG00000007322	1.20737102316251e-40	1.0410796175330697e-20				Scil_g8135;Slac_ENSLPGG00000014782	7.268874910053745e-105	4.809124165610324e-15	Scil_g9627;Slac_ENSLPGG00000005266	1.3428097634161003e-10	2.983390308508585e-07	Scil_g12781;Slac_ENSLPGG00000012981	6.2617030895827175e-58	8.895392279584421e-40	Scil_g2151;Slac_ENSLPGG00000006993	2.1306324542531485e-14	6.969567404434934e-12	Scil_g4454;Slac_ENSLPGG00000008996	1.1103886230729967e-11	0.00012714480608127604	Scil_g1960;Slac_ENSLPGG00000002916	2.664997386046473e-80	1.8602628480511736e-27				Scil_g10276;Slac_ENSLPGG00000005266	0.00011331738553884872	4.61019321846138e-22	Scil_g792;Slac_ENSLPGG00000003499	0.00010786084218584756	9.918775231512556e-12	Scil_g9048;Slac_ENSLPGG00000005083	0.006032551762532256	1.7067199473615158e-20				Scil_g10648;Slac_ENSLPGG00000020432	1.707956903383764e-67	2.0129618695178167e-63													Scil_g2223;Slac_ENSLPGG00000007673	2.608332291432828e-29	0.0005919116933962473	Scil_g1476;Slac_ENSLPGG00000023230	1.3293565458248202e-24	0.0010589407299573588	Scil_g6646;Slac_ENSLPGG00000020424	4.6370158205746026e-33	1.4693137716189442e-43	Scil_g3151;Slac_ENSLPGG00000010983	3.337269753797986e-14	3.83141568105036e-162	Scil_g13124;Slac_ENSLPGG00000010195	3.1083459192893426e-80	1.0486439829286918e-69										Scil_g8427;Slac_ENSLPGG00000017323	9.216859774033707e-10	2.6260173313222563e-236			
Scil_g1960;Slac_ENSLPGG00000001288	0.0007104193877687919	4.0556484159166975e-43	Scil_g8427;Slac_ENSLPGG00000017323	0.0001180137873160895	0.00010364002973598736	Scil_g898;Slac_ENSLPGG00000026505	1.3785825510333721e-07	0.0				Scil_g1526;Slac_ENSLPGG00000026673	2.8422847635952194e-22	0.00042711768069751254	Scil_g12359;Slac_ENSLPGG00000008987	1.9269850757515327e-15	0.005751196968137072							Scil_g3151;Slac_ENSLPGG00000010983	3.313384473687533e-124	3.83141568105036e-162							Scil_g480;Slac_ENSLPGG00000010615	4.9500489656182e-14	1.0796319144187866e-10				Scil_g9698;Slac_ENSLPGG00000003607	2.690221263203807e-11	7.068547709631196e-07	Scil_g9297;Slac_ENSLPGG00000017442	5.050689566533912e-07	0.0028047335468007334	Scil_g9698;Slac_ENSLPGG00000003607	2.690221263203807e-11	0.00400308024856943	Scil_g10145;Slac_ENSLPGG00000007322	1.20737102316251e-40	1.5533319931254813e-22	Scil_g5780;Slac_ENSLPGG00000021520	9.523472070261023e-52	0.001418103085264237	Scil_g9124;Slac_ENSLPGG00000019035	5.958587778092234e-75	9.577032832453309e-83				Scil_g5592;Slac_ENSLPGG00000024879	4.7004541170959316e-12	7.476193500263282e-06	Scil_g9048;Slac_ENSLPGG00000005083	0.006032551762532256	2.0624369383474585e-61	Scil_g13000;Slac_ENSLPGG00000029928	4.0491857652566885e-13	0.002355789556263397				Scil_g8313;Slac_ENSLPGG00000009021	3.305038991494222e-60	2.180674028483158e-84													Scil_g12156;Slac_ENSLPGG00000010719	2.378756955538921e-30	0.0	Scil_g3151;Slac_ENSLPGG00000010983	2.329752217838099e-27	5.577151150106159e-13	Scil_g53;Slac_ENSLPGG00000009627	7.355240300630066e-30	3.1872735981600576e-26	Scil_g8427;Slac_ENSLPGG00000017323	8.815721219916792e-20	2.6260173313222563e-236	Scil_g899;Slac_ENSLPGG00000009254	1.5069532943305937e-73	2.089719913428027e-254										Scil_g1960;Slac_ENSLPGG00000001288	9.938346147083772e-14	4.0556484159166975e-43			
Scil_g899;Slac_ENSLPGG00000009254	3.0829669064953717e-09	2.089719913428027e-254	Scil_g6171;Slac_ENSLPGG00000022008	1.0056964963507036e-19	0.006245815641586324	Scil_g6646;Slac_ENSLPGG00000020424	5.254428441302325e-05	0.0				Scil_g12359;Slac_ENSLPGG00000015888	1.9269850757515327e-15	7.523245071031996e-10	Scil_g5780;Slac_ENSLPGG00000003645	4.438340479347271e-14	1.6653069253683454e-07							Scil_g4533;Slac_ENSLPGG00000022969	2.98542726065758e-136	1.7582904385899225e-265							Scil_g2151;Slac_ENSLPGG00000006993	2.1306324542531485e-14	5.766858204176753e-05				Scil_g130;Slac_ENSLPGG00000011536	2.5764296468008397e-54	0.005230032865004775	Scil_g191;Slac_ENSLPGG00000001013	0.008155650757340916	0.0010332139069882398	Scil_g10145;Slac_ENSLPGG00000007322	1.20737102316251e-40	1.9430152944582622e-16	Scil_g5761;Slac_ENSLPGG00000012632	3.133519753670153e-59	0.0002645684609880674	Scil_g10843;Slac_ENSLPGG00000008220	5.446414538802448e-09	2.790707462165623e-142	Scil_g11217;Slac_ENSLPGG00000030026	9.607464483978143e-72	0.0				Scil_g10207;Slac_ENSLPGG00000027146	6.914966756915822e-10	0.00013474303058501203	Scil_g8569;Slac_ENSLPGG00000010551	2.4511285158256255e-07	0.0037588386462812434	Scil_g12721;Slac_ENSLPGG00000018326	2.5706333330062313e-07	1.9484642569970714e-21				Scil_g9721;Slac_ENSLPGG00000010538	7.620817671472694e-73	2.90053811501949e-178													Scil_g3361;Slac_ENSLPGG00000011974	3.461138050828157e-32	4.553275597361479e-205	Scil_g8992;Slac_ENSLPGG00000020148	1.6140588694961073e-35	9.928657817269311e-10	Scil_g9124;Slac_ENSLPGG00000019035	1.0143199493191622e-27	6.422544328600944e-51	Scil_g2690;Slac_ENSLPGG00000028953	1.0600290631026377e-22	1.7008125274199186e-65	Scil_g5248;Slac_ENSLPGG00000010551	4.345424569978321e-87	1.1481621637587149e-70										Scil_g2690;Slac_ENSLPGG00000028953	2.8408259251504557e-10	1.7008125274199186e-65			
Scil_g13234;Slac_ENSLPGG00000024124	3.5532478333336825e-05	2.1492171043435602e-195	Scil_g512;Slac_ENSLPGG00000025765	9.045393593074876e-46	2.8786681826425163e-147	Scil_g10727;Slac_ENSLPGG00000029327	4.4024662440568134e-10	1.051568179286769e-48				Scil_g5780;Slac_ENSLPGG00000003645	4.438340479347271e-14	2.645547445922724e-05	Scil_g5780;Slac_ENSLPGG00000019065	4.438340479347271e-14	5.413313929192906e-06							Scil_g6323;Slac_ENSLPGG00000002326	6.008291191599733e-130	0.0009657979137766772							Scil_g12781;Slac_ENSLPGG00000012981	6.2617030895827175e-58	0.0028629292297224595				Scil_g10145;Slac_ENSLPGG00000012981	1.20737102316251e-40	1.3335247027011732e-14	Scil_g254;Slac_ENSLPGG00000018987	0.0019225521095982687	3.0882825093222114e-93	Scil_g130;Slac_ENSLPGG00000015888	2.5764296468008397e-54	6.368500805089567e-26	Scil_g12721;Slac_ENSLPGG00000026540	3.730096607435771e-60	1.061749963372983e-30	Scil_g428;Slac_ENSLPGG00000008220	4.882256298355068e-30	2.790707462165623e-142	Scil_g3716;Slac_ENSLPGG00000021862	6.067833389215821e-62	0.0				Scil_g5780;Slac_ENSLPGG00000003645	4.70512583964381e-20	0.0024297749038857896	Scil_g2645;Slac_ENSLPGG00000029285	0.002420577285523162	0.0009970633858510402	Scil_g9297;Slac_ENSLPGG00000017442	0.006625503824280846	0.0028047335468007334				Scil_g12515;Slac_ENSLPGG00000018880	2.16472652998067e-71	0.0													Scil_g13035;Slac_ENSLPGG00000007086	1.2365579924609172e-31	1.916579196003528e-87	Scil_g1492;Slac_ENSLPGG00000007868	6.717614844397946e-34	1.1489317392501663e-05	Scil_g12296;Slac_ENSLPGG00000027192	2.023509819452198e-30	3.387256402871171e-33	Scil_g10372;Slac_ENSLPGG00000008330	1.588417199705642e-13	9.076562438298935e-170	Scil_g2690;Slac_ENSLPGG00000028953	3.0566631888684267e-85	1.7008125274199186e-65										Scil_g6646;Slac_ENSLPGG00000020424	2.159471284552303e-13	0.0			
Scil_g53;Slac_ENSLPGG00000009627	5.463288468021342e-11	3.3464746558999474e-187	Scil_g428;Slac_ENSLPGG00000002793	3.453799188075969e-05	1.7406894134447343e-15	Scil_g1791;Slac_ENSLPGG00000006262	0.0010565579073081835	4.185853560928421e-264				Scil_g552;Slac_ENSLPGG00000010574	3.2317786450872298e-09	9.440188128803196e-16	Scil_g5780;Slac_ENSLPGG00000006271	4.438340479347271e-14	6.725810871771657e-11							Scil_g13572;Slac_ENSLPGG00000004809	8.783289305779278e-130	1.7243835728527125e-186							Scil_g2168;Slac_ENSLPGG00000017442	5.187076284972689e-06	3.358478301543123e-08				Scil_g13539;Slac_ENSLPGG00000011536	1.6160642433650672e-60	0.005230032865004775	Scil_g254;Slac_ENSLPGG00000007525	0.0019225521095982687	1.0828951260361905e-08	Scil_g9493;Slac_ENSLPGG00000014397	4.061806773026936e-13	6.749316027793997e-05	Scil_g12781;Slac_ENSLPGG00000012981	6.2617030895827175e-58	0.00011499550597623149	Scil_g10145;Slac_ENSLPGG00000014205	1.20737102316251e-40	4.187308454203387e-25	Scil_g8313;Slac_ENSLPGG00000009021	2.664663820494324e-77	2.180674028483158e-84				Scil_g10145;Slac_ENSLPGG00000012981	1.5470024824108228e-14	0.0028629292297224595	Scil_g2679;Slac_ENSLPGG00000008029	9.633900946362433e-09	0.006415672278706669	Scil_g12721;Slac_ENSLPGG00000026540	2.5706333330062313e-07	6.482581306320177e-265				Scil_g2893;Slac_ENSLPGG00000008469	5.7341056305575005e-42	0.0													Scil_g9127;Slac_ENSLPGG00000004375	1.2498917498109795e-31	1.6563954483441163e-231	Scil_g2206;Slac_ENSLPGG00000013974	1.789730753399385e-35	0.00407914189268744	Scil_g9721;Slac_ENSLPGG00000010538	7.577881201524598e-35	7.864129825304088e-52	Scil_g1712;Slac_ENSLPGG00000011939	6.7248880755754655e-133	1.995873297028353e-49	Scil_g898;Slac_ENSLPGG00000026505	6.800368420259299e-69	0.0										Scil_g53;Slac_ENSLPGG00000009627	1.6298788015228884e-17	3.3464746558999474e-187			
Scil_g12156;Slac_ENSLPGG00000010719	5.956140136346139e-07	0.0	Scil_g512;Slac_ENSLPGG00000010570	9.045393593074876e-46	2.0632134805623925e-53	Scil_g8313;Slac_ENSLPGG00000009021	0.0005586320044965266	2.180674028483158e-84				Scil_g6432;Slac_ENSLPGG00000001593	4.606732307814675e-08	2.5763939547526627e-12	Scil_g7598;Slac_ENSLPGG00000026540	4.5429894096136425e-47	5.069631242304295e-82							Scil_g12565;Slac_ENSLPGG00000019527	1.0500018075452702e-102	8.419026994279683e-47							Scil_g1929;Slac_ENSLPGG00000017167	5.730712484582089e-06	4.23075403131817e-09				Scil_g2151;Slac_ENSLPGG00000006993	2.1306324542531485e-14	9.559888593803473e-09	Scil_g402;Slac_ENSLPGG00000002171	2.7552188488479154e-10	1.992864717506652e-06	Scil_g13000;Slac_ENSLPGG00000029928	1.952236994263986e-27	5.511586306487166e-15	Scil_g13000;Slac_ENSLPGG00000029928	1.952236994263986e-27	4.687050897629952e-06	Scil_g5761;Slac_ENSLPGG00000012632	3.133519753670153e-59	5.189924774511159e-28	Scil_g3084;Slac_ENSLPGG00000011626	4.1559540277262424e-67	4.963128665858961e-135				Scil_g12781;Slac_ENSLPGG00000012981	8.391935746019844e-36	0.0028629292297224595	Scil_g12721;Slac_ENSLPGG00000026540	2.5706333330062313e-07	5.773803871383313e-249	Scil_g191;Slac_ENSLPGG00000001013	0.00039686968213117316	0.0010332139069882398				Scil_g8502;Slac_ENSLPGG00000026466	2.2223603154819783e-57	0.0													Scil_g9721;Slac_ENSLPGG00000010538	7.577881201524598e-35	2.90053811501949e-178	Scil_g8322;Slac_ENSLPGG00000001999	3.7275967652203305e-32	7.340611040216637e-17	Scil_g1476;Slac_ENSLPGG00000023230	1.3293565458248202e-24	3.4308734163021705e-35	Scil_g5248;Slac_ENSLPGG00000010551	4.1374492819070456e-42	1.1481621637587149e-70	Scil_g1960;Slac_ENSLPGG00000002916	2.9246517722970066e-84	1.8602628480511736e-27										Scil_g899;Slac_ENSLPGG00000009254	3.5051377776433094e-12	2.089719913428027e-254			
Scil_g4911;Slac_ENSLPGG00000009291	4.079618096962501e-15	4.511674849880129e-80	Scil_g10843;Slac_ENSLPGG00000008220	7.776536759446963e-08	1.1457158537858282e-155	Scil_g4911;Slac_ENSLPGG00000009291	1.3917087498778264e-09	4.511674849880129e-80				Scil_g13539;Slac_ENSLPGG00000015888	9.049282398468563e-116	7.523245071031996e-10	Scil_g13539;Slac_ENSLPGG00000008987	9.049282398468563e-116	0.005751196968137072							Scil_g3638;Slac_ENSLPGG00000014669	4.126796939287759e-148	1.3685670620374595e-29							Scil_g9627;Slac_ENSLPGG00000005266	1.3428097634161003e-10	4.61019321846138e-22				Scil_g5780;Slac_ENSLPGG00000006271	9.523472070261023e-52	3.1018371628481413e-06				Scil_g12721;Slac_ENSLPGG00000026540	3.730096607435771e-60	2.4090504664578833e-10	Scil_g968;Slac_ENSLPGG00000007421	5.444165991295809e-14	0.0057484223502981616	Scil_g6432;Slac_ENSLPGG00000001593	1.874406088735017e-55	6.64209136246941e-10	Scil_g6323;Slac_ENSLPGG00000002326	1.8635305979121308e-81	0.0009657979137766772				Scil_g2125;Slac_ENSLPGG00000027899	0.003868196250744905	3.5414293844494496e-05	Scil_g9048;Slac_ENSLPGG00000008029	0.006032551762532256	0.006415672278706669	Scil_g254;Slac_ENSLPGG00000018987	3.291112021113107e-11	3.0882825093222114e-93				Scil_g3716;Slac_ENSLPGG00000021862	7.732279831851697e-53	0.0													Scil_g8992;Slac_ENSLPGG00000020148	1.6140588694961073e-35	2.699710232719507e-175	Scil_g13234;Slac_ENSLPGG00000024124	1.4676283807936775e-33	9.387692864502609e-09	Scil_g8438;Slac_ENSLPGG00000026812	2.0007253157515325e-26	3.7277497018313445e-88	Scil_g13234;Slac_ENSLPGG00000024124	1.740719392769678e-21	2.1492171043435602e-195	Scil_g4911;Slac_ENSLPGG00000009291	1.5477669986671432e-64	4.511674849880129e-80										Scil_g9127;Slac_ENSLPGG00000004375	2.1452234959374112e-15	1.6563954483441163e-231			
Scil_g6184;Slac_ENSLPGG00000011939	2.6364575164338604e-129	1.995873297028353e-49	Scil_g512;Slac_ENSLPGG00000022959	9.045393593074876e-46	1.783385765627898e-41	Scil_g12156;Slac_ENSLPGG00000010719	0.0003336632426161369	0.0				Scil_g130;Slac_ENSLPGG00000015888	6.028113154288905e-97	7.523245071031996e-10	Scil_g552;Slac_ENSLPGG00000010574	3.2317786450872298e-09	5.158652120706704e-06							Scil_g12596;Slac_ENSLPGG00000019196	3.5821060065021843e-124	4.623428765436423e-09							Scil_g1638;Slac_ENSLPGG00000027899	6.255681168728642e-18	3.5414293844494496e-05				Scil_g10015;Slac_ENSLPGG00000022563	1.6357140778066739e-52	7.489445266910807e-06				Scil_g13539;Slac_ENSLPGG00000015888	1.6160642433650672e-60	6.368500805089567e-26	Scil_g1526;Slac_ENSLPGG00000026673	3.712075563814436e-13	0.00978575930185315	Scil_g10015;Slac_ENSLPGG00000022563	1.6357140778066739e-52	1.402635458203217e-19	Scil_g2893;Slac_ENSLPGG00000008469	2.3610094742401437e-67	0.0				Scil_g792;Slac_ENSLPGG00000003499	0.00010786084218584756	3.421714269583402e-15	Scil_g9297;Slac_ENSLPGG00000017442	0.006625503824280846	0.00019031727096952697	Scil_g254;Slac_ENSLPGG00000007525	3.291112021113107e-11	1.0828951260361905e-08				Scil_g12596;Slac_ENSLPGG00000019196	5.149917705155828e-57	4.623428765436423e-09													Scil_g9124;Slac_ENSLPGG00000019035	1.0143199493191622e-27	9.577032832453309e-83	Scil_g12156;Slac_ENSLPGG00000010719	2.378756955538921e-30	6.132170660706385e-07	Scil_g8806;Slac_ENSLPGG00000011674	3.532694777869304e-32	3.615983368723635e-43	Scil_g2893;Slac_ENSLPGG00000008469	4.64292107913646e-13	0.0	Scil_g13234;Slac_ENSLPGG00000024124	1.130488708969864e-66	2.1492171043435602e-195										Scil_g1960;Slac_ENSLPGG00000002916	9.938346147083772e-14	1.8602628480511736e-27			
Scil_g3151;Slac_ENSLPGG00000010983	0.00515175187978701	3.83141568105036e-162	Scil_g9124;Slac_ENSLPGG00000019035	1.7412558507697186e-16	0.0031654319494605235	Scil_g1960;Slac_ENSLPGG00000002916	0.00042476366221591203	1.8602628480511736e-27				Scil_g10276;Slac_ENSLPGG00000005266	0.0002096873939742072	0.0018611105705646116	Scil_g9048;Slac_ENSLPGG00000005542	0.0006806523861305761	2.2155380793958537e-16							Scil_g13234;Slac_ENSLPGG00000024124	3.8294654952882146e-121	2.1492171043435602e-195							Scil_g8569;Slac_ENSLPGG00000010551	4.599959265792699e-08	0.0006940261241552783				Scil_g480;Slac_ENSLPGG00000010615	4.9500489656182e-14	1.7876328141565585e-08				Scil_g9493;Slac_ENSLPGG00000011571	4.061806773026936e-13	0.0033182201999859937	Scil_g1638;Slac_ENSLPGG00000027899	6.255681168728642e-18	0.0043016326248244965	Scil_g10145;Slac_ENSLPGG00000012981	1.20737102316251e-40	1.425866129975506e-17	Scil_g10372;Slac_ENSLPGG00000008330	2.7961633745747513e-79	9.076562438298935e-170				Scil_g6013;Slac_ENSLPGG00000000463	3.187417196281723e-20	1.0290658442549019e-08	Scil_g12721;Slac_ENSLPGG00000018326	2.5706333330062313e-07	1.3611225677718924e-05	Scil_g267;Slac_ENSLPGG00000005083	0.001307031673203452	1.7067199473615158e-20				Scil_g13234;Slac_ENSLPGG00000024124	4.1938997471793106e-63	2.1492171043435602e-195													Scil_g5496;Slac_ENSLPGG00000014820	5.0717262012168035e-34	0.009079751326589754	Scil_g3256;Slac_ENSLPGG00000001288	2.5683729046325867e-34	5.609947236396795e-06	Scil_g4752;Slac_ENSLPGG00000007608	4.8644742181977365e-28	6.2574333441643226e-114	Scil_g1791;Slac_ENSLPGG00000006262	6.21750578193695e-20	4.185853560928421e-264	Scil_g13035;Slac_ENSLPGG00000007086	1.1063005991738399e-72	1.916579196003528e-87										Scil_g4911;Slac_ENSLPGG00000009291	8.020356386861775e-28	4.511674849880129e-80			
Scil_g13124;Slac_ENSLPGG00000010195	5.0473100795997714e-11	1.0486439829286918e-69	Scil_g8269;Slac_ENSLPGG00000004338	9.227096421602415e-14	2.9006317409756613e-43	Scil_g2370;Slac_ENSLPGG00000028380	1.002222768105565e-10	2.161155439330363e-245				Scil_g7598;Slac_ENSLPGG00000026540	4.5429894096136425e-47	1.5286010209599225e-83	Scil_g5780;Slac_ENSLPGG00000001139	4.438340479347271e-14	1.364164359996385e-34							Scil_g1791;Slac_ENSLPGG00000006262	2.5990244299633737e-106	4.185853560928421e-264							Scil_g2125;Slac_ENSLPGG00000027899	8.586817729591137e-06	3.5414293844494496e-05				Scil_g12781;Slac_ENSLPGG00000012981	6.2617030895827175e-58	1.3335247027011732e-14				Scil_g8569;Slac_ENSLPGG00000010551	4.599959265792699e-08	1.014107578893804e-10	Scil_g9627;Slac_ENSLPGG00000005266	1.3428097634161003e-10	3.482247181154979e-08	Scil_g130;Slac_ENSLPGG00000008987	2.5764296468008397e-54	0.001852208764674488	Scil_g6946;Slac_ENSLPGG00000024429	1.4513001819983117e-80	3.251273390160915e-290				Scil_g8569;Slac_ENSLPGG00000010551	2.4511285158256255e-07	0.0006940261241552783	Scil_g863;Slac_ENSLPGG00000010615	8.835436054565541e-07	0.007465725051819325	Scil_g402;Slac_ENSLPGG00000002171	0.00022975832749458144	1.992864717506652e-06				Scil_g10727;Slac_ENSLPGG00000029327	4.719374267035232e-62	1.051568179286769e-48													Scil_g3151;Slac_ENSLPGG00000010983	2.329752217838099e-27	3.83141568105036e-162	Scil_g5971;Slac_ENSLPGG00000021720	7.236276660345001e-34	2.694208031556454e-41	Scil_g8427;Slac_ENSLPGG00000017323	4.117636580294802e-30	0.0013832178312231335	Scil_g8313;Slac_ENSLPGG00000009021	1.2251538909253376e-19	2.180674028483158e-84	Scil_g3361;Slac_ENSLPGG00000011974	1.9094199635254498e-86	4.553275597361479e-205										Scil_g13572;Slac_ENSLPGG00000004809	3.597585664632302e-19	1.7243835728527125e-186			
Scil_g6946;Slac_ENSLPGG00000024429	5.859780357073901e-06	3.251273390160915e-290	Scil_g512;Slac_ENSLPGG00000020866	9.045393593074876e-46	1.408090205453169e-51	Scil_g10909;Slac_ENSLPGG00000010260	2.2241019785670017e-09	1.039421481352097e-190				Scil_g5780;Slac_ENSLPGG00000006271	4.438340479347271e-14	3.732968551925518e-05	Scil_g178;Slac_ENSLPGG00000011327	4.321913213228851e-11	0.004116007346990355							Scil_g12156;Slac_ENSLPGG00000010719	6.606820429221717e-124	0.0							Scil_g9297;Slac_ENSLPGG00000017442	5.050689566533912e-07	3.358478301543123e-08				Scil_g6432;Slac_ENSLPGG00000001593	1.874406088735017e-55	2.610966808913046e-05				Scil_g2609;Slac_ENSLPGG00000011839	4.899467216959548e-35	0.003663675314723735	Scil_g2609;Slac_ENSLPGG00000011839	4.899467216959548e-35	6.871823708419816e-06	Scil_g10145;Slac_ENSLPGG00000023276	1.20737102316251e-40	5.006232055107248e-07	Scil_g3151;Slac_ENSLPGG00000010983	4.296095729665332e-77	3.83141568105036e-162				Scil_g9048;Slac_ENSLPGG00000005083	0.006032551762532256	1.9422360646822082e-41	Scil_g254;Slac_ENSLPGG00000018987	3.291112021113107e-11	6.881427880502258e-55							Scil_g11217;Slac_ENSLPGG00000030026	7.50988681702021e-44	0.0													Scil_g9250;Slac_ENSLPGG00000028683	4.9213180426735996e-29	4.6375173078021236e-76	Scil_g4752;Slac_ENSLPGG00000007608	4.8644742181977365e-28	2.2197133756376987e-15	Scil_g3256;Slac_ENSLPGG00000002916	2.5683729046325867e-34	1.8424861552155755e-17	Scil_g1960;Slac_ENSLPGG00000002916	1.1896021272034631e-19	1.8602628480511736e-27	Scil_g12565;Slac_ENSLPGG00000019527	2.2895188199208253e-60	8.419026994279683e-47										Scil_g2893;Slac_ENSLPGG00000008469	6.604752979739573e-05	0.0			
Scil_g9124;Slac_ENSLPGG00000019035	1.7412558507697186e-16	9.577032832453309e-83	Scil_g5638;Slac_ENSLPGG00000012506	1.5445160416419628e-28	1.0283337547356509e-05	Scil_g13035;Slac_ENSLPGG00000007086	0.005667957035805792	1.916579196003528e-87				Scil_g9048;Slac_ENSLPGG00000005542	0.0006806523861305761	1.7830748749378873e-10										Scil_g2893;Slac_ENSLPGG00000008469	5.8009432036267186e-93	0.0							Scil_g2609;Slac_ENSLPGG00000011839	4.899467216959548e-35	0.0016410694167748663				Scil_g13000;Slac_ENSLPGG00000029928	1.952236994263986e-27	3.860286543576328e-05				Scil_g12515;Slac_ENSLPGG00000018880	2.1963166644128638e-13	6.307697583962991e-08	Scil_g12865;Slac_ENSLPGG00000023608	1.7423819084919963e-10	0.00021819079240100695	Scil_g5780;Slac_ENSLPGG00000006271	9.523472070261023e-52	9.73403041830119e-05	Scil_g3361;Slac_ENSLPGG00000011974	1.3490300774121818e-80	4.553275597361479e-205				Scil_g2151;Slac_ENSLPGG00000006993	2.022569191473481e-09	5.766858204176753e-05	Scil_g254;Slac_ENSLPGG00000007525	3.291112021113107e-11	1.7238257941089945e-05							Scil_g13572;Slac_ENSLPGG00000004809	2.3865252438711014e-59	1.7243835728527125e-186													Scil_g12220;Slac_ENSLPGG00000004594	4.101234208796754e-30	1.8380354271424033e-105	Scil_g548;Slac_ENSLPGG00000010832	8.335110313075582e-34	3.8243439373048e-19	Scil_g1925;Slac_ENSLPGG00000017593	1.1931758511331472e-30	2.8668362506369645e-98	Scil_g13035;Slac_ENSLPGG00000007086	7.890264326015334e-17	1.916579196003528e-87	Scil_g2223;Slac_ENSLPGG00000007673	1.493607232972802e-74	0.0005919116933962473										Scil_g3164;Slac_ENSLPGG00000026756	1.4877839035363433e-15	0.0			
Scil_g10648;Slac_ENSLPGG00000020432	7.830285387808455e-21	2.0129618695178167e-63	Scil_g512;Slac_ENSLPGG00000015015	9.045393593074876e-46	1.5596564314307863e-11	Scil_g8993;Slac_ENSLPGG00000020148	0.0004803308010437986	2.699710232719507e-175				Scil_g8832;Slac_ENSLPGG00000016670	0.0018353239855180515	0.00660496085584887										Scil_g10648;Slac_ENSLPGG00000020432	1.5081921218907257e-117	2.0129618695178167e-63							Scil_g2536;Slac_ENSLPGG00000030214	0.004424293185895018	0.0038699531609206117				Scil_g428;Slac_ENSLPGG00000008220	4.882256298355068e-30	0.0008756707499995294				Scil_g8832;Slac_ENSLPGG00000016670	6.810477483205047e-09	0.005723433143691174	Scil_g2125;Slac_ENSLPGG00000027899	8.586817729591137e-06	0.0043016326248244965	Scil_g11267;Slac_ENSLPGG00000020792	2.226597115578382e-06	9.078318830498711e-05	Scil_g7102;Slac_ENSLPGG00000009965	3.0976510065448926e-80	2.491111184419854e-253				Scil_g9048;Slac_ENSLPGG00000028207	0.006032551762532256	0.002200414253468723	Scil_g267;Slac_ENSLPGG00000005083	0.001307031673203452	2.0624369383474585e-61							Scil_g6946;Slac_ENSLPGG00000024429	6.746925618724019e-64	3.251273390160915e-290													Scil_g13234;Slac_ENSLPGG00000024124	1.4676283807936775e-33	2.1492171043435602e-195	Scil_g8313;Slac_ENSLPGG00000009021	1.0078988750317435e-28	1.3290212788632013e-17	Scil_g12156;Slac_ENSLPGG00000010719	2.378756955538921e-30	5.271986322958044e-50	Scil_g53;Slac_ENSLPGG00000009627	1.0500731750050582e-23	3.3464746558999474e-187	Scil_g1960;Slac_ENSLPGG00000001288	2.9246517722970066e-84	4.0556484159166975e-43										Scil_g6946;Slac_ENSLPGG00000024429	1.9443880064660386e-12	3.251273390160915e-290			
Scil_g2223;Slac_ENSLPGG00000007673	0.00475699505779813	0.0005919116933962473	Scil_g512;Slac_ENSLPGG00000009760	9.045393593074876e-46	2.498785445450369e-32	Scil_g4533;Slac_ENSLPGG00000022969	2.6282221011498477e-07	1.7582904385899225e-265				Scil_g5478;Slac_ENSLPGG00000015099	6.75282812491568e-94	1.2070220763616555e-10										Scil_g3716;Slac_ENSLPGG00000021862	6.599122037916395e-81	0.0							Scil_g191;Slac_ENSLPGG00000001013	0.008155650757340916	1.0295866836221565e-09				Scil_g10843;Slac_ENSLPGG00000008220	5.446414538802448e-09	0.0008756707499995294				Scil_g191;Slac_ENSLPGG00000014397	0.008155650757340916	6.749316027793997e-05	Scil_g13539;Slac_ENSLPGG00000012055	1.6160642433650672e-60	0.000889129280263582	Scil_g428;Slac_ENSLPGG00000010973	4.882256298355068e-30	0.0008013040173983456	Scil_g6646;Slac_ENSLPGG00000020424	4.105853032453411e-82	0.0				Scil_g2536;Slac_ENSLPGG00000030214	0.0003370186542637348	0.0038699531609206117	Scil_g267;Slac_ENSLPGG00000008029	0.001307031673203452	0.006415672278706669							Scil_g3361;Slac_ENSLPGG00000011974	2.558611020683545e-59	4.553275597361479e-205													Scil_g11217;Slac_ENSLPGG00000030026	4.0471262773751485e-31	0.0	Scil_g9168;Slac_ENSLPGG00000007363	2.954189471522829e-33	1.0730688891472475e-22	Scil_g13124;Slac_ENSLPGG00000010195	1.5503120334201774e-32	2.141499075369723e-85	Scil_g8502;Slac_ENSLPGG00000018844	6.826417300204483e-22	0.0011538952408238835	Scil_g6323;Slac_ENSLPGG00000002326	3.149403095929297e-103	0.0009657979137766772										Scil_g2223;Slac_ENSLPGG00000007673	6.216989607853477e-09	0.0005919116933962473			
Scil_g1960;Slac_ENSLPGG00000002916	0.0007104193877687919	1.8602628480511736e-27	Scil_g428;Slac_ENSLPGG00000008220	3.453799188075969e-05	1.1457158537858282e-155	Scil_g13572;Slac_ENSLPGG00000004809	3.2187760499076835e-05	1.7243835728527125e-186				Scil_g5477;Slac_ENSLPGG00000015099	6.648860753587752e-30	1.2070220763616555e-10										Scil_g11065;Slac_ENSLPGG00000026756	3.35824932737506e-157	0.0							Scil_g254;Slac_ENSLPGG00000018987	0.0019225521095982687	2.4652339748246525e-172				Scil_g8135;Slac_ENSLPGG00000014506	7.268874910053745e-105	7.072630103694185e-05				Scil_g191;Slac_ENSLPGG00000011571	0.008155650757340916	0.0033182201999859937	Scil_g2536;Slac_ENSLPGG00000030214	0.004424293185895018	0.0047157616025018095	Scil_g12781;Slac_ENSLPGG00000012981	6.2617030895827175e-58	1.425866129975506e-17	Scil_g1925;Slac_ENSLPGG00000017593	3.7135171197082806e-77	9.382583786731494e-67				Scil_g12721;Slac_ENSLPGG00000018326	2.5706333330062313e-07	5.202538808021572e-32										Scil_g1476;Slac_ENSLPGG00000023230	1.0010934090697748e-69	2.6497204617369967e-21													Scil_g8427;Slac_ENSLPGG00000017323	4.117636580294802e-30	2.6260173313222563e-236	Scil_g1710;Slac_ENSLPGG00000011888	1.5967687352963646e-35	0.0011272603275624801	Scil_g8992;Slac_ENSLPGG00000020148	1.6140588694961073e-35	2.0067306240305814e-18	Scil_g2223;Slac_ENSLPGG00000007673	1.1824749386326192e-15	0.0005919116933962473	Scil_g6946;Slac_ENSLPGG00000024429	2.8112824585617733e-57	3.251273390160915e-290										Scil_g10909;Slac_ENSLPGG00000010260	1.4920277812909865e-25	1.039421481352097e-190			
Scil_g6184;Slac_ENSLPGG00000010742	2.6364575164338604e-129	8.950646599793572e-07	Scil_g10236;Slac_ENSLPGG00000018880	3.455058568172844e-26	0.0029194655979429412	Scil_g3164;Slac_ENSLPGG00000026756	3.395884945542444e-11	0.0				Scil_g178;Slac_ENSLPGG00000008750	4.321913213228851e-11	3.2875899999834076e-37										Scil_g9124;Slac_ENSLPGG00000019035	4.458322856107392e-116	9.577032832453309e-83							Scil_g254;Slac_ENSLPGG00000011839	0.0019225521095982687	0.0016410694167748663				Scil_g208;Slac_ENSLPGG00000014308	0.0007807904053612592	7.002579546961971e-06				Scil_g191;Slac_ENSLPGG00000001013	0.008155650757340916	0.00032405942806998925	Scil_g191;Slac_ENSLPGG00000001013	0.008155650757340916	2.3132613440648299e-32	Scil_g13000;Slac_ENSLPGG00000029928	1.952236994263986e-27	5.964734464321405e-23	Scil_g9250;Slac_ENSLPGG00000028683	7.118294346806983e-80	4.6375173078021236e-76				Scil_g2679;Slac_ENSLPGG00000028207	9.633900946362433e-09	0.002200414253468723										Scil_g10909;Slac_ENSLPGG00000010260	8.006976706391686e-61	1.039421481352097e-190													Scil_g4752;Slac_ENSLPGG00000007608	4.8644742181977365e-28	0.0	Scil_g4911;Slac_ENSLPGG00000009291	3.041902186213348e-22	0.00028812827058854226	Scil_g4533;Slac_ENSLPGG00000022969	1.9195602170903987e-28	2.1531858504716996e-53	Scil_g6946;Slac_ENSLPGG00000024429	4.194659854269045e-23	3.251273390160915e-290	Scil_g10909;Slac_ENSLPGG00000010260	1.4332134140768212e-55	1.039421481352097e-190										Scil_g13124;Slac_ENSLPGG00000010195	4.7010770451932086e-21	1.0486439829286918e-69			
Scil_g1925;Slac_ENSLPGG00000017593	2.712662381125601e-08	9.382583786731494e-67	Scil_g9698;Slac_ENSLPGG00000003607	2.018037471486468e-18	1.830903210961206e-13	Scil_g6184;Slac_ENSLPGG00000011939	9.705668444366824e-30	1.995873297028353e-49				Scil_g270;Slac_ENSLPGG00000007585	0.00016542754139200723	0.00011583117038050548										Scil_g2223;Slac_ENSLPGG00000007673	2.7585809098044774e-101	0.0005919116933962473							Scil_g254;Slac_ENSLPGG00000007525	0.0019225521095982687	5.8275722590133974e-15				Scil_g130;Slac_ENSLPGG00000015888	2.5764296468008397e-54	5.421831364350314e-05				Scil_g254;Slac_ENSLPGG00000018987	0.0019225521095982687	0.002248795489287147	Scil_g254;Slac_ENSLPGG00000018987	0.0019225521095982687	4.5516359055595116e-128	Scil_g10145;Slac_ENSLPGG00000007322	1.20737102316251e-40	5.655621197163008e-32	Scil_g13234;Slac_ENSLPGG00000024124	2.322966686011061e-78	2.1492171043435602e-195				Scil_g2679;Slac_ENSLPGG00000008029	9.633900946362433e-09	0.0006989136754553602										Scil_g6390;Slac_ENSLPGG00000000928	3.1652859482856384e-53	3.2634904038385812e-285													Scil_g8322;Slac_ENSLPGG00000001999	3.7275967652203305e-32	0.0	Scil_g8003;Slac_ENSLPGG00000004270	3.1244419571910374e-33	6.626708387399565e-137	Scil_g2206;Slac_ENSLPGG00000008927	1.789730753399385e-35	1.7271089191993203e-12	Scil_g13124;Slac_ENSLPGG00000010195	5.025262881940858e-26	1.0486439829286918e-69	Scil_g1712;Slac_ENSLPGG00000010742	7.4253422142057655e-59	8.950646599793572e-07										Scil_g10648;Slac_ENSLPGG00000020432	1.4447379148200845e-22	2.0129618695178167e-63			
Scil_g8502;Slac_ENSLPGG00000018844	0.0001125842595486595	0.0011538952408238835	Scil_g3804;Slac_ENSLPGG00000008240	1.2287369154568224e-05	0.003867701481329046	Scil_g8502;Slac_ENSLPGG00000018844	5.469440974067932e-06	0.0011538952408238835																Scil_g8502;Slac_ENSLPGG00000018844	5.857498235599908e-129	0.0011538952408238835							Scil_g402;Slac_ENSLPGG00000002171	2.7552188488479154e-10	5.7284404265097054e-06				Scil_g13539;Slac_ENSLPGG00000015888	1.6160642433650672e-60	5.421831364350314e-05				Scil_g254;Slac_ENSLPGG00000011839	0.0019225521095982687	0.003663675314723735	Scil_g254;Slac_ENSLPGG00000011839	0.0019225521095982687	6.871823708419816e-06	Scil_g2151;Slac_ENSLPGG00000006993	2.1306324542531485e-14	2.605529624418305e-29	Scil_g12565;Slac_ENSLPGG00000019527	2.962810562982301e-72	8.419026994279683e-47				Scil_g9048;Slac_ENSLPGG00000008029	0.006032551762532256	0.0006989136754553602										Scil_g1791;Slac_ENSLPGG00000006262	2.074285828816018e-61	4.185853560928421e-264													Scil_g2893;Slac_ENSLPGG00000008469	2.7336384862294577e-28	0.0	Scil_g9350;Slac_ENSLPGG00000016018	6.833556753691107e-35	1.89612741668874e-07	Scil_g3151;Slac_ENSLPGG00000010983	2.329752217838099e-27	1.2639473249977928e-27	Scil_g13572;Slac_ENSLPGG00000004809	3.259373550428103e-34	1.7243835728527125e-186	Scil_g8313;Slac_ENSLPGG00000009021	2.7096579109553722e-73	2.180674028483158e-84										Scil_g6184;Slac_ENSLPGG00000011939	1.6518109528589368e-43	1.995873297028353e-49			
Scil_g10909;Slac_ENSLPGG00000010260	8.791641658390305e-28	1.039421481352097e-190	Scil_g3916;Slac_ENSLPGG00000008240	1.3706861628551152e-14	0.003867701481329046	Scil_g1712;Slac_ENSLPGG00000010742	9.496778083469574e-20	8.950646599793572e-07																Scil_g10912;Slac_ENSLPGG00000011256	4.3510961427107146e-113	8.73622077107101e-237													Scil_g9627;Slac_ENSLPGG00000005266	1.3428097634161003e-10	6.852667155678418e-05				Scil_g402;Slac_ENSLPGG00000002171	2.7552188488479154e-10	3.0880155494544363e-12	Scil_g254;Slac_ENSLPGG00000007525	0.0019225521095982687	3.9611081585269763e-32	Scil_g10843;Slac_ENSLPGG00000010973	5.446414538802448e-09	0.0008013040173983456	Scil_g8353;Slac_ENSLPGG00000019766	2.8832654301320474e-74	4.597560006924467e-208				Scil_g9297;Slac_ENSLPGG00000017442	0.006625503824280846	3.358478301543123e-08										Scil_g6323;Slac_ENSLPGG00000002326	2.572204779610977e-59	0.0009657979137766772													Scil_g11065;Slac_ENSLPGG00000026756	2.189092483020785e-34	0.0	Scil_g8353;Slac_ENSLPGG00000019766	2.5085130474117498e-28	1.702194036238849e-29	Scil_g12463;Slac_ENSLPGG00000010851	5.634076380628945e-35	3.972044957335087e-24	Scil_g6184;Slac_ENSLPGG00000011939	2.166570838916711e-125	1.995873297028353e-49	Scil_g9124;Slac_ENSLPGG00000019035	9.877659984393606e-53	9.577032832453309e-83										Scil_g9124;Slac_ENSLPGG00000019035	3.255027312046446e-19	9.577032832453309e-83			
Scil_g4533;Slac_ENSLPGG00000022969	4.804774652979508e-09	1.7582904385899225e-265	Scil_g11946;Slac_ENSLPGG00000015879	2.0010521638227242e-45	0.002851009216837838	Scil_g6184;Slac_ENSLPGG00000010742	9.705668444366824e-30	8.950646599793572e-07																Scil_g10909;Slac_ENSLPGG00000010260	1.3061040083563597e-87	1.039421481352097e-190													Scil_g2609;Slac_ENSLPGG00000011839	4.899467216959548e-35	6.039500918035304e-05							Scil_g402;Slac_ENSLPGG00000022031	2.7552188488479154e-10	0.009696082349253645	Scil_g8269;Slac_ENSLPGG00000004338	1.6894918963800602e-06	0.0009189369858851782	Scil_g13124;Slac_ENSLPGG00000010195	1.5191537642245384e-40	1.0486439829286918e-69				Scil_g12721;Slac_ENSLPGG00000026540	2.5706333330062313e-07	0.0										Scil_g9745;Slac_ENSLPGG00000010538	6.321268126477509e-73	2.90053811501949e-178													Scil_g2370;Slac_ENSLPGG00000028380	2.3016984929402203e-16	2.161155439330363e-245	Scil_g2893;Slac_ENSLPGG00000008469	2.7336384862294577e-28	9.802980580536061e-14	Scil_g10648;Slac_ENSLPGG00000020432	1.7091277535270563e-29	1.057492730615344e-59	Scil_g6323;Slac_ENSLPGG00000002326	1.4640053109577592e-27	0.0009657979137766772	Scil_g9194;Slac_ENSLPGG00000011935	1.8054445835413692e-60	6.3374945321071405e-112										Scil_g2370;Slac_ENSLPGG00000028380	9.864930640486917e-23	2.161155439330363e-245			
Scil_g1712;Slac_ENSLPGG00000010742	3.368327656939943e-137	8.950646599793572e-07	Scil_g8299;Slac_ENSLPGG00000019726	1.2383922037752179e-29	0.007060223306380325	Scil_g6323;Slac_ENSLPGG00000002326	0.0001630156474362856	0.0009657979137766772																Scil_g10727;Slac_ENSLPGG00000029327	6.557164838491575e-93	1.051568179286769e-48													Scil_g12865;Slac_ENSLPGG00000023608	1.7423819084919963e-10	0.003031234032842293							Scil_g429;Slac_ENSLPGG00000010487	0.002580925713805471	0.007532103712535179	Scil_g13539;Slac_ENSLPGG00000008987	1.6160642433650672e-60	0.001852208764674488	Scil_g10909;Slac_ENSLPGG00000010260	1.1509075869411107e-54	1.039421481352097e-190				Scil_g863;Slac_ENSLPGG00000010615	8.835436054565541e-07	1.0796319144187866e-10										Scil_g3638;Slac_ENSLPGG00000014669	1.673423965130864e-68	1.3685670620374595e-29													Scil_g3256;Slac_ENSLPGG00000002916	2.5683729046325867e-34	1.8602628480511736e-27	Scil_g3312;Slac_ENSLPGG00000005591	2.890649901324934e-30	9.889588770014423e-19	Scil_g8322;Slac_ENSLPGG00000001999	3.7275967652203305e-32	1.922156204727335e-93	Scil_g6184;Slac_ENSLPGG00000010742	2.166570838916711e-125	8.950646599793572e-07	Scil_g1925;Slac_ENSLPGG00000017593	6.0278276567541066e-71	9.382583786731494e-67										Scil_g13035;Slac_ENSLPGG00000007086	1.8988012706578457e-12	1.916579196003528e-87			
Scil_g2690;Slac_ENSLPGG00000028953	0.0017266903651612794	1.7008125274199186e-65	Scil_g10725;Slac_ENSLPGG00000025548	5.112604923381605e-10	1.180454920188754e-06	Scil_g13124;Slac_ENSLPGG00000010195	2.827258149001122e-07	1.0486439829286918e-69																Scil_g8353;Slac_ENSLPGG00000019766	6.222000696797147e-113	4.597560006924467e-208													Scil_g191;Slac_ENSLPGG00000001013	0.008155650757340916	2.0373714997288736e-80										Scil_g10145;Slac_ENSLPGG00000030375	1.20737102316251e-40	0.002058471191555939	Scil_g8992;Slac_ENSLPGG00000020148	6.855401762106056e-91	2.699710232719507e-175				Scil_g191;Slac_ENSLPGG00000001013	0.00039686968213117316	1.0295866836221565e-09										Scil_g1925;Slac_ENSLPGG00000017593	4.963713384399876e-47	9.382583786731494e-67													Scil_g1791;Slac_ENSLPGG00000006262	1.2393264487057163e-24	4.185853560928421e-264	Scil_g5638;Slac_ENSLPGG00000012506	1.074287358893401e-31	0.0003816528314443795	Scil_g13234;Slac_ENSLPGG00000024124	1.4676283807936775e-33	3.97655136256301e-43	Scil_g1712;Slac_ENSLPGG00000010742	6.7248880755754655e-133	8.950646599793572e-07	Scil_g9250;Slac_ENSLPGG00000028683	8.608756882245051e-59	4.6375173078021236e-76										Scil_g1712;Slac_ENSLPGG00000011939	4.047990207577005e-39	1.995873297028353e-49			
Scil_g9250;Slac_ENSLPGG00000028683	9.225972791626216e-05	4.6375173078021236e-76	Scil_g552;Slac_ENSLPGG00000010574	1.676144961601368e-08	4.80500281019673e-06	Scil_g8353;Slac_ENSLPGG00000019766	1.887827910038745e-08	4.597560006924467e-208																Scil_g1925;Slac_ENSLPGG00000017593	3.073646011288614e-118	9.382583786731494e-67													Scil_g254;Slac_ENSLPGG00000018987	0.0019225521095982687	3.791882775025262e-229										Scil_g12721;Slac_ENSLPGG00000026540	3.730096607435771e-60	6.185427737645644e-61	Scil_g10648;Slac_ENSLPGG00000020432	1.5401190046072702e-74	2.0129618695178167e-63				Scil_g254;Slac_ENSLPGG00000018987	3.291112021113107e-11	2.4652339748246525e-172										Scil_g2647;Slac_ENSLPGG00000007249	1.040738301730597e-50	1.6357442903822157e-179													Scil_g3256;Slac_ENSLPGG00000001288	2.5683729046325867e-34	4.0556484159166975e-43	Scil_g9552;Slac_ENSLPGG00000002404	5.5833672175142426e-30	5.802323027126559e-16	Scil_g1492;Slac_ENSLPGG00000007868	6.717614844397946e-34	6.554205556736577e-07	Scil_g4533;Slac_ENSLPGG00000022969	4.647802748272642e-20	1.7582904385899225e-265	Scil_g6184;Slac_ENSLPGG00000011939	3.370548361046537e-49	1.995873297028353e-49										Scil_g7321;Slac_ENSLPGG00000014536	5.351469839998287e-42	4.447425120386484e-27			
Scil_g8353;Slac_ENSLPGG00000019766	5.0900683689193115e-11	4.597560006924467e-208	Scil_g4134;Slac_ENSLPGG00000018450	6.473012715760132e-06	0.003462840008020999	Scil_g9124;Slac_ENSLPGG00000019035	2.878988994451652e-11	9.577032832453309e-83																Scil_g13124;Slac_ENSLPGG00000010195	4.6078954169008715e-67	1.0486439829286918e-69													Scil_g254;Slac_ENSLPGG00000011839	0.0019225521095982687	6.039500918035304e-05										Scil_g9161;Slac_ENSLPGG00000022320	2.0135426733678106e-40	5.147312153721958e-06	Scil_g10912;Slac_ENSLPGG00000011256	3.8270914157033936e-82	8.73622077107101e-237				Scil_g254;Slac_ENSLPGG00000011839	3.291112021113107e-11	0.0016410694167748663										Scil_g2370;Slac_ENSLPGG00000028380	9.76717700839591e-41	2.161155439330363e-245													Scil_g6323;Slac_ENSLPGG00000002326	8.43118350918693e-31	0.0009657979137766772	Scil_g6454;Slac_ENSLPGG00000011075	4.0440999607879435e-21	0.0003488260109053289	Scil_g1791;Slac_ENSLPGG00000006262	1.2393264487057163e-24	1.1695906797758678e-41	Scil_g2370;Slac_ENSLPGG00000028380	1.482034420039412e-28	2.161155439330363e-245	Scil_g10648;Slac_ENSLPGG00000020432	2.822246599512697e-48	2.0129618695178167e-63										Scil_g13234;Slac_ENSLPGG00000024124	2.156350327239463e-08	2.1492171043435602e-195			
Scil_g13035;Slac_ENSLPGG00000007086	0.0034772885719664866	1.916579196003528e-87	Scil_g2045;Slac_ENSLPGG00000020888	1.7355587086330896e-15	0.0014770614287748333	Scil_g7321;Slac_ENSLPGG00000011935	2.3965597006978203e-26	6.3374945321071405e-112																Scil_g9721;Slac_ENSLPGG00000010538	3.536859285941421e-157	2.90053811501949e-178													Scil_g254;Slac_ENSLPGG00000007525	0.0019225521095982687	3.993170464153228e-16										Scil_g1526;Slac_ENSLPGG00000026673	3.712075563814436e-13	0.00028015046342082185	Scil_g9745;Slac_ENSLPGG00000010538	6.711921307837106e-91	2.90053811501949e-178				Scil_g254;Slac_ENSLPGG00000007525	3.291112021113107e-11	5.8275722590133974e-15										Scil_g10372;Slac_ENSLPGG00000008330	9.09720434344666e-62	9.076562438298935e-170													Scil_g1476;Slac_ENSLPGG00000023230	1.3293565458248202e-24	2.6497204617369967e-21	Scil_g3312;Slac_ENSLPGG00000018877	2.890649901324934e-30	3.4903574332566454e-13	Scil_g3716;Slac_ENSLPGG00000021862	8.940732873518671e-24	1.0530589782561112e-39	Scil_g1925;Slac_ENSLPGG00000017593	5.381376058846554e-26	9.382583786731494e-67	Scil_g10372;Slac_ENSLPGG00000008330	2.215038609504181e-65	9.076562438298935e-170										Scil_g4533;Slac_ENSLPGG00000022969	1.8708960727415162e-13	1.7582904385899225e-265			
Scil_g9194;Slac_ENSLPGG00000014536	2.4814537155134264e-92	4.447425120386484e-27	Scil_g7729;Slac_ENSLPGG00000007104	8.082397829969569e-75	0.0027227770120061	Scil_g10648;Slac_ENSLPGG00000020432	1.3616407310954638e-07	2.0129618695178167e-63																Scil_g4062;Slac_ENSLPGG00000006246	5.923554720657426e-104	2.667318690488434e-176													Scil_g402;Slac_ENSLPGG00000022031	2.7552188488479154e-10	6.099419038603397e-08										Scil_g9161;Slac_ENSLPGG00000026665	2.0135426733678106e-40	0.0009624903549282697	Scil_g4911;Slac_ENSLPGG00000009291	2.6557130452549558e-68	4.511674849880129e-80				Scil_g267;Slac_ENSLPGG00000005083	0.001307031673203452	1.9422360646822082e-41										Scil_g8992;Slac_ENSLPGG00000020148	1.3854981722214957e-71	2.699710232719507e-175													Scil_g1925;Slac_ENSLPGG00000017593	1.1931758511331472e-30	9.382583786731494e-67	Scil_g10912;Slac_ENSLPGG00000011256	2.5603986800769806e-31	5.5829074661535626e-21	Scil_g2893;Slac_ENSLPGG00000008469	2.7336384862294577e-28	2.534308682211694e-96	Scil_g10727;Slac_ENSLPGG00000029327	1.4935894335352493e-27	1.051568179286769e-48	Scil_g8502;Slac_ENSLPGG00000018844	6.285446890746963e-69	0.0011538952408238835										Scil_g9250;Slac_ENSLPGG00000028683	4.679867173450839e-10	4.6375173078021236e-76			
Scil_g7321;Slac_ENSLPGG00000011935	2.460969441856712e-122	6.3374945321071405e-112	Scil_g12815;Slac_ENSLPGG00000012644	0.0002458877937554996	0.005164219918109673	Scil_g9629;Slac_ENSLPGG00000010538	5.20777561014077e-06	2.90053811501949e-178																Scil_g9250;Slac_ENSLPGG00000028683	2.495797592942842e-130	4.6375173078021236e-76													Scil_g402;Slac_ENSLPGG00000002171	2.7552188488479154e-10	2.040331509655993e-20										Scil_g2609;Slac_ENSLPGG00000011839	4.899467216959548e-35	2.3607637339619418e-11	Scil_g9493;Slac_ENSLPGG00000011571	9.2183823193305e-78	1.152196916578078e-230				Scil_g267;Slac_ENSLPGG00000008029	0.001307031673203452	0.0006989136754553602										Scil_g2223;Slac_ENSLPGG00000007673	6.966053386908936e-46	0.0005919116933962473													Scil_g4911;Slac_ENSLPGG00000009291	3.041902186213348e-22	4.511674849880129e-80	Scil_g3347;Slac_ENSLPGG00000007508	3.1796163779076337e-32	8.829853899006733e-08	Scil_g9745;Slac_ENSLPGG00000010538	7.526772075700955e-35	7.864129825304088e-52	Scil_g9124;Slac_ENSLPGG00000019035	6.178336447599034e-29	9.577032832453309e-83	Scil_g3638;Slac_ENSLPGG00000014669	3.126620641303029e-66	1.3685670620374595e-29										Scil_g7321;Slac_ENSLPGG00000011935	5.351469839998287e-42	6.3374945321071405e-112			
Scil_g3164;Slac_ENSLPGG00000026756	4.468974446400314e-19	0.0	Scil_g792;Slac_ENSLPGG00000003499	6.763591711547328e-58	0.0009192843524476111	Scil_g9194;Slac_ENSLPGG00000014536	4.180288109663727e-12	4.447425120386484e-27																Scil_g1476;Slac_ENSLPGG00000023230	1.7750957845699919e-87	2.6497204617369967e-21																									Scil_g1638;Slac_ENSLPGG00000027899	6.255681168728642e-18	0.003393224240375012	Scil_g10727;Slac_ENSLPGG00000029327	1.0279546961662714e-62	1.051568179286769e-48				Scil_g402;Slac_ENSLPGG00000002171	0.00022975832749458144	5.7284404265097054e-06										Scil_g3256;Slac_ENSLPGG00000002916	3.42791451914277e-71	1.8602628480511736e-27													Scil_g1492;Slac_ENSLPGG00000007868	6.717614844397946e-34	1.1935285646711055e-16	Scil_g9230;Slac_ENSLPGG00000001288	6.371022110622214e-34	5.609947236396795e-06	Scil_g11217;Slac_ENSLPGG00000030026	4.0471262773751485e-31	1.8075330271513827e-63	Scil_g8993;Slac_ENSLPGG00000020148	4.196542217804253e-32	2.699710232719507e-175	Scil_g10727;Slac_ENSLPGG00000029327	8.874507497459804e-51	1.051568179286769e-48										Scil_g1712;Slac_ENSLPGG00000010742	4.047990207577005e-39	8.950646599793572e-07			
Scil_g7321;Slac_ENSLPGG00000014536	2.460969441856712e-122	4.447425120386484e-27				Scil_g9250;Slac_ENSLPGG00000028683	3.990057683318061e-07	4.6375173078021236e-76																Scil_g9493;Slac_ENSLPGG00000014397	1.2919590770011232e-112	0.0																									Scil_g13539;Slac_ENSLPGG00000012055	1.6160642433650672e-60	4.0874491108281004e-05	Scil_g9721;Slac_ENSLPGG00000010538	8.438756812769609e-91	2.90053811501949e-178																Scil_g8353;Slac_ENSLPGG00000019766	1.0608824224811972e-56	4.597560006924467e-208													Scil_g9745;Slac_ENSLPGG00000010538	7.526772075700955e-35	2.90053811501949e-178	Scil_g3476;Slac_ENSLPGG00000024781	2.3462958050422503e-31	2.0934226994576584e-08	Scil_g11065;Slac_ENSLPGG00000026756	2.189092483020785e-34	4.7415232094509696e-51	Scil_g9250;Slac_ENSLPGG00000028683	4.1373330780167935e-17	4.6375173078021236e-76	Scil_g2370;Slac_ENSLPGG00000028380	8.039283064270192e-46	2.161155439330363e-245										Scil_g6184;Slac_ENSLPGG00000010742	1.6518109528589368e-43	8.950646599793572e-07			
Scil_g2370;Slac_ENSLPGG00000028380	6.0645879119682976e-21	2.161155439330363e-245				Scil_g1925;Slac_ENSLPGG00000017593	9.863584516166805e-05	9.382583786731494e-67																Scil_g8992;Slac_ENSLPGG00000020148	1.8761225156035864e-157	2.699710232719507e-175																									Scil_g12865;Slac_ENSLPGG00000023608	1.7423819084919963e-10	3.1465511930609196e-13	Scil_g8003;Slac_ENSLPGG00000004270	1.224829226083419e-79	3.923350826009207e-40																Scil_g3256;Slac_ENSLPGG00000001288	3.42791451914277e-71	4.0556484159166975e-43													Scil_g4533;Slac_ENSLPGG00000022969	1.9195602170903987e-28	1.7582904385899225e-265	Scil_g12539;Slac_ENSLPGG00000024858	8.241430487581229e-25	1.4206783704643194e-38	Scil_g8313;Slac_ENSLPGG00000009021	1.0078988750317435e-28	1.6662338787016048e-28	Scil_g10648;Slac_ENSLPGG00000020432	2.731164709689598e-28	2.0129618695178167e-63	Scil_g1712;Slac_ENSLPGG00000011939	7.4253422142057655e-59	1.995873297028353e-49										Scil_g1925;Slac_ENSLPGG00000017593	1.647458782128891e-13	9.382583786731494e-67			
Scil_g6323;Slac_ENSLPGG00000002326	5.615542609817356e-06	0.0009657979137766772				Scil_g3638;Slac_ENSLPGG00000014669	2.4149305346393523e-06	1.3685670620374595e-29																Scil_g6390;Slac_ENSLPGG00000000928	1.8362474679620448e-95	3.2634904038385812e-285																									Scil_g5761;Slac_ENSLPGG00000012744	3.133519753670153e-59	0.009637538595497895	Scil_g12220;Slac_ENSLPGG00000004594	1.679482237225035e-66	1.8380354271424033e-105																Scil_g4062;Slac_ENSLPGG00000006246	1.6460734660682005e-43	2.667318690488434e-176													Scil_g13124;Slac_ENSLPGG00000010195	1.5503120334201774e-32	1.0486439829286918e-69	Scil_g9230;Slac_ENSLPGG00000002916	6.371022110622214e-34	4.6702259707366504e-32	Scil_g4911;Slac_ENSLPGG00000009291	3.041902186213348e-22	4.448179773486513e-08	Scil_g3638;Slac_ENSLPGG00000014669	6.323510666914789e-25	1.3685670620374595e-29	Scil_g8993;Slac_ENSLPGG00000020148	1.187321578382684e-62	2.699710232719507e-175										Scil_g6323;Slac_ENSLPGG00000002326	1.2096124156419075e-15	0.0009657979137766772			
Scil_g3638;Slac_ENSLPGG00000014669	0.00031590728095961336	1.3685670620374595e-29				Scil_g7321;Slac_ENSLPGG00000014536	2.3965597006978203e-26	4.447425120386484e-27																Scil_g9493;Slac_ENSLPGG00000011571	1.2919590770011232e-112	1.152196916578078e-230																									Scil_g2125;Slac_ENSLPGG00000027899	8.586817729591137e-06	0.003393224240375012	Scil_g8502;Slac_ENSLPGG00000018844	6.25032991037051e-82	0.0011538952408238835																Scil_g13035;Slac_ENSLPGG00000007086	5.467999599941422e-56	1.916579196003528e-87													Scil_g9417;Slac_ENSLPGG00000028683	1.4836703726228442e-32	4.6375173078021236e-76	Scil_g9071;Slac_ENSLPGG00000017904	5.5423816595712935e-31	8.790584444479262e-22	Scil_g3256;Slac_ENSLPGG00000001288	2.5683729046325867e-34	4.158989628188462e-07	Scil_g7321;Slac_ENSLPGG00000011935	4.326022408016596e-123	6.3374945321071405e-112	Scil_g4533;Slac_ENSLPGG00000022969	7.797763909075695e-53	1.7582904385899225e-265										Scil_g3638;Slac_ENSLPGG00000014669	2.95230448538281e-11	1.3685670620374595e-29			
Scil_g8993;Slac_ENSLPGG00000020148	3.8600440103845044e-07	2.699710232719507e-175				Scil_g3594;Slac_ENSLPGG00000002394	1.0220743222184018e-12	1.2937479835425587e-20																Scil_g3256;Slac_ENSLPGG00000002916	2.0971958915253926e-154	1.8602628480511736e-27																									Scil_g2536;Slac_ENSLPGG00000030214	0.004424293185895018	0.007170791786854241	Scil_g4062;Slac_ENSLPGG00000006246	1.1053055938997189e-70	2.667318690488434e-176																Scil_g4911;Slac_ENSLPGG00000009291	1.0523437769964893e-05	4.511674849880129e-80													Scil_g8844;Slac_ENSLPGG00000020856	8.270417529990675e-30	1.0080776585813708e-179	Scil_g6454;Slac_ENSLPGG00000022449	4.0440999607879435e-21	4.232134737239487e-36	Scil_g8844;Slac_ENSLPGG00000020856	8.270417529990675e-30	2.805224079365322e-29	Scil_g4911;Slac_ENSLPGG00000009291	1.186165049932623e-35	4.511674849880129e-80	Scil_g6390;Slac_ENSLPGG00000000928	7.02771997417453e-39	3.2634904038385812e-285										Scil_g1476;Slac_ENSLPGG00000023230	4.640606366961899e-21	2.6497204617369967e-21			
Scil_g10727;Slac_ENSLPGG00000029327	7.997099558511204e-15	1.051568179286769e-48				Scil_g6390;Slac_ENSLPGG00000000928	0.0004426183608297867	3.2634904038385812e-285																Scil_g865;Slac_ENSLPGG00000013426	3.5532565099396586e-150	2.3401812023632768e-05																									Scil_g191;Slac_ENSLPGG00000001013	0.008155650757340916	3.461942413857435e-88	Scil_g3256;Slac_ENSLPGG00000002916	5.852652326381964e-81	1.8602628480511736e-27																Scil_g9493;Slac_ENSLPGG00000014397	3.8976276438753837e-60	0.0													Scil_g9552;Slac_ENSLPGG00000002404	5.5833672175142426e-30	0.0	Scil_g1638;Slac_ENSLPGG00000026851	1.837014482864839e-32	3.1378676356872758e-09	Scil_g2370;Slac_ENSLPGG00000028380	2.3016984929402203e-16	4.70408825434754e-28	Scil_g3164;Slac_ENSLPGG00000026756	6.7171240881020505e-34	0.0	Scil_g3164;Slac_ENSLPGG00000026756	8.116188678820029e-60	0.0										Scil_g8353;Slac_ENSLPGG00000019766	1.9086001179634493e-15	4.597560006924467e-208			
Scil_g9194;Slac_ENSLPGG00000011935	2.4814537155134264e-92	6.3374945321071405e-112				Scil_g10912;Slac_ENSLPGG00000011256	5.276356383236125e-06	8.73622077107101e-237																Scil_g12220;Slac_ENSLPGG00000004594	5.0844139315981344e-79	1.8380354271424033e-105																									Scil_g254;Slac_ENSLPGG00000018987	0.0019225521095982687	8.336789136783278e-158	Scil_g6390;Slac_ENSLPGG00000000928	1.2636739555878383e-63	3.2634904038385812e-285																Scil_g13124;Slac_ENSLPGG00000010195	3.337464534424421e-25	1.0486439829286918e-69													Scil_g10648;Slac_ENSLPGG00000020432	1.7091277535270563e-29	2.0129618695178167e-63	Scil_g10793;Slac_ENSLPGG00000005401	2.7237528233516897e-30	4.653768747135923e-110	Scil_g1710;Slac_ENSLPGG00000017185	1.5967687352963646e-35	0.003646635186372826	Scil_g7321;Slac_ENSLPGG00000014536	4.326022408016596e-123	4.447425120386484e-27	Scil_g8353;Slac_ENSLPGG00000019766	6.814121848247154e-55	4.597560006924467e-208										Scil_g8993;Slac_ENSLPGG00000020148	2.279608448657733e-15	2.699710232719507e-175			
Scil_g1476;Slac_ENSLPGG00000023230	1.1397925882342014e-20	2.6497204617369967e-21				Scil_g12220;Slac_ENSLPGG00000004594	0.0037509000960482485	1.8380354271424033e-105																Scil_g9745;Slac_ENSLPGG00000010538	5.68792008500505e-157	2.90053811501949e-178																									Scil_g254;Slac_ENSLPGG00000011839	0.0019225521095982687	2.3607637339619418e-11	Scil_g865;Slac_ENSLPGG00000013426	1.128985500842475e-78	2.3401812023632768e-05																Scil_g10725;Slac_ENSLPGG00000025548	2.527542695186457e-58	0.005604001501883935													Scil_g8313;Slac_ENSLPGG00000009021	1.0078988750317435e-28	2.180674028483158e-84	Scil_g1526;Slac_ENSLPGG00000023162	4.158170796581489e-15	4.8549444338067336e-08	Scil_g8003;Slac_ENSLPGG00000004270	3.1244419571910374e-33	4.9624809805194025e-139	Scil_g10912;Slac_ENSLPGG00000011256	2.1681651407318145e-16	8.73622077107101e-237	Scil_g6184;Slac_ENSLPGG00000010742	3.370548361046537e-49	8.950646599793572e-07										Scil_g9194;Slac_ENSLPGG00000014536	1.580163541483306e-30	4.447425120386484e-27			
Scil_g10912;Slac_ENSLPGG00000011256	6.190445712745466e-05	8.73622077107101e-237				Scil_g9194;Slac_ENSLPGG00000011935	4.180288109663727e-12	6.3374945321071405e-112																Scil_g3256;Slac_ENSLPGG00000001288	2.0971958915253926e-154	4.0556484159166975e-43																									Scil_g254;Slac_ENSLPGG00000007525	0.0019225521095982687	2.4280532106859597e-36	Scil_g1476;Slac_ENSLPGG00000023230	1.0139329282035213e-63	2.6497204617369967e-21																Scil_g9493;Slac_ENSLPGG00000011571	3.8976276438753837e-60	1.152196916578078e-230													Scil_g3476;Slac_ENSLPGG00000024781	2.3462958050422503e-31	1.5184076603803592e-37	Scil_g9420;Slac_ENSLPGG00000018181	2.125820616792006e-34	2.6290781450963708e-140	Scil_g9552;Slac_ENSLPGG00000002404	5.5833672175142426e-30	8.14725354546954e-86	Scil_g3594;Slac_ENSLPGG00000002394	4.111636767843774e-53	1.2937479835425587e-20	Scil_g9629;Slac_ENSLPGG00000010538	1.044665942443564e-42	2.90053811501949e-178										Scil_g10236;Slac_ENSLPGG00000018880	1.2877074038321393e-26	0.0			
Scil_g9629;Slac_ENSLPGG00000010538	1.1892682469653484e-09	2.90053811501949e-178				Scil_g8003;Slac_ENSLPGG00000004270	0.003900190863728813	3.923350826009207e-40																Scil_g2370;Slac_ENSLPGG00000028380	4.298273571776561e-18	2.161155439330363e-245																									Scil_g402;Slac_ENSLPGG00000021127	2.7552188488479154e-10	0.00037730423206785676	Scil_g3256;Slac_ENSLPGG00000001288	5.852652326381964e-81	4.0556484159166975e-43																Scil_g865;Slac_ENSLPGG00000013426	1.6707930265198468e-68	2.3401812023632768e-05													Scil_g8353;Slac_ENSLPGG00000019766	2.5085130474117498e-28	4.597560006924467e-208	Scil_g10793;Slac_ENSLPGG00000007363	2.7237528233516897e-30	1.0730688891472475e-22	Scil_g8353;Slac_ENSLPGG00000019766	2.5085130474117498e-28	4.126458230483494e-64	Scil_g6390;Slac_ENSLPGG00000000928	8.166174865366622e-08	3.2634904038385812e-285	Scil_g3594;Slac_ENSLPGG00000002394	1.5503061382583601e-105	1.2937479835425587e-20										Scil_g10912;Slac_ENSLPGG00000011256	3.027494792933702e-08	8.73622077107101e-237			
Scil_g3594;Slac_ENSLPGG00000002394	5.1549510329823026e-36	1.2937479835425587e-20				Scil_g6454;Slac_ENSLPGG00000022449	2.9220860307881547e-16	3.378233621973844e-73																Scil_g1492;Slac_ENSLPGG00000007868	2.559129500130508e-112	1.1935285646711055e-16																									Scil_g402;Slac_ENSLPGG00000022031	2.7552188488479154e-10	0.00010266030155833447	Scil_g3164;Slac_ENSLPGG00000026756	0.0007080274623657753	0.0																Scil_g10912;Slac_ENSLPGG00000011256	3.267343937934921e-51	8.73622077107101e-237													Scil_g6390;Slac_ENSLPGG00000000928	1.0199996880480351e-25	3.2634904038385812e-285	Scil_g8784;Slac_ENSLPGG00000012945	3.498773764016909e-26	2.3190635250413133e-06	Scil_g9168;Slac_ENSLPGG00000007363	2.954189471522829e-33	3.4576240635341516e-06	Scil_g9194;Slac_ENSLPGG00000011935	1.7124048472448933e-90	6.3374945321071405e-112	Scil_g4062;Slac_ENSLPGG00000006246	2.4316008912684474e-36	2.667318690488434e-176										Scil_g3594;Slac_ENSLPGG00000002394	1.852306813508915e-26	1.2937479835425587e-20			
Scil_g12220;Slac_ENSLPGG00000004594	8.029355898556806e-09	1.8380354271424033e-105				Scil_g8363;Slac_ENSLPGG00000011935	2.2515703997493917e-14	6.3374945321071405e-112																Scil_g9417;Slac_ENSLPGG00000028683	3.130181649406153e-133	4.6375173078021236e-76																									Scil_g402;Slac_ENSLPGG00000016891	2.7552188488479154e-10	0.0031309119165275016	Scil_g2370;Slac_ENSLPGG00000028380	1.3576623633470057e-05	2.161155439330363e-245																Scil_g8003;Slac_ENSLPGG00000004270	6.115970171451736e-62	3.923350826009207e-40													Scil_g4062;Slac_ENSLPGG00000006246	6.832831278353048e-29	2.667318690488434e-176	Scil_g8784;Slac_ENSLPGG00000013036	3.498773764016909e-26	0.0007886851128307712	Scil_g10912;Slac_ENSLPGG00000011256	2.5603986800769806e-31	4.8200276637715665e-86	Scil_g9629;Slac_ENSLPGG00000010538	1.665705154764232e-18	2.90053811501949e-178	Scil_g9194;Slac_ENSLPGG00000014536	1.8054445835413692e-60	4.447425120386484e-27										Scil_g9629;Slac_ENSLPGG00000010538	1.0437985872802362e-12	2.90053811501949e-178			
Scil_g10236;Slac_ENSLPGG00000018880	3.455058568172844e-26	0.0				Scil_g1476;Slac_ENSLPGG00000023230	3.975678425832362e-09	2.6497204617369967e-21																Scil_g8003;Slac_ENSLPGG00000004270	3.7031700606649974e-121	3.923350826009207e-40																									Scil_g402;Slac_ENSLPGG00000013283	2.7552188488479154e-10	3.255600133488331e-09	Scil_g9493;Slac_ENSLPGG00000014397	9.2183823193305e-78	0.0																Scil_g151;Slac_ENSLPGG00000013344	5.280801542235796e-68	5.693536841006229e-08													Scil_g10912;Slac_ENSLPGG00000011256	2.5603986800769806e-31	8.73622077107101e-237	Scil_g4183;Slac_ENSLPGG00000011075	4.357293561579818e-10	0.0003488260109053289	Scil_g6454;Slac_ENSLPGG00000011075	4.0440999607879435e-21	0.0019043877830186178	Scil_g8363;Slac_ENSLPGG00000011935	3.518139537883206e-102	6.3374945321071405e-112	Scil_g10912;Slac_ENSLPGG00000011256	1.3930967477476663e-48	8.73622077107101e-237										Scil_g9194;Slac_ENSLPGG00000011935	1.580163541483306e-30	6.3374945321071405e-112			
Scil_g8003;Slac_ENSLPGG00000004270	1.3408848379056449e-05	3.923350826009207e-40				Scil_g9493;Slac_ENSLPGG00000014397	0.005689050092697842	0.0																Scil_g9503;Slac_ENSLPGG00000011571	4.7760282856855264e-42	1.152196916578078e-230																									Scil_g402;Slac_ENSLPGG00000010506	2.7552188488479154e-10	1.263049125259277e-07	Scil_g1492;Slac_ENSLPGG00000007868	1.1033339017045292e-75	1.1935285646711055e-16																Scil_g12220;Slac_ENSLPGG00000004594	3.1738165823663775e-44	1.8380354271424033e-105													Scil_g9230;Slac_ENSLPGG00000001288	6.371022110622214e-34	4.0556484159166975e-43	Scil_g6529;Slac_ENSLPGG00000000542	2.762764982341353e-29	0.008578615217588528	Scil_g9350;Slac_ENSLPGG00000016018	6.833556753691107e-35	0.0011693526411819773	Scil_g9194;Slac_ENSLPGG00000014536	1.7124048472448933e-90	4.447425120386484e-27	Scil_g7321;Slac_ENSLPGG00000011935	7.951725423746054e-57	6.3374945321071405e-112										Scil_g8363;Slac_ENSLPGG00000011935	7.759233919072758e-30	6.3374945321071405e-112			
Scil_g8363;Slac_ENSLPGG00000011935	6.653692788782275e-93	6.3374945321071405e-112				Scil_g10236;Slac_ENSLPGG00000018880	5.874430142742955e-18	0.0																Scil_g9503;Slac_ENSLPGG00000014397	4.7760282856855264e-42	0.0																									Scil_g402;Slac_ENSLPGG00000002171	2.7552188488479154e-10	8.519815430634142e-07	Scil_g2393;Slac_ENSLPGG00000028380	6.24000809394721e-94	2.161155439330363e-245																Scil_g9417;Slac_ENSLPGG00000028683	3.684888831614939e-60	4.6375173078021236e-76													Scil_g865;Slac_ENSLPGG00000013426	5.235073457116399e-26	2.3401812023632768e-05	Scil_g9453;Slac_ENSLPGG00000012945	4.690281247167611e-32	2.3190635250413133e-06	Scil_g3312;Slac_ENSLPGG00000018877	2.890649901324934e-30	0.00392952914647774	Scil_g8353;Slac_ENSLPGG00000019766	1.9697118969794207e-21	4.597560006924467e-208	Scil_g12220;Slac_ENSLPGG00000004594	6.457213666731297e-42	1.8380354271424033e-105										Scil_g6390;Slac_ENSLPGG00000000928	0.00046241963609446973	3.2634904038385812e-285			
Scil_g9503;Slac_ENSLPGG00000014397	1.7862737089667931e-06	0.0				Scil_g9503;Slac_ENSLPGG00000014397	1.8454859264224383e-06	0.0																Scil_g10725;Slac_ENSLPGG00000025548	6.110798828211387e-133	0.005604001501883935																									Scil_g429;Slac_ENSLPGG00000010487	0.002580925713805471	7.161774463584848e-10	Scil_g9503;Slac_ENSLPGG00000014397	1.2769995489625332e-30	0.0																Scil_g5496;Slac_ENSLPGG00000014820	1.3709432709267196e-69	0.009079751326589754													Scil_g10725;Slac_ENSLPGG00000025548	2.0918883852225863e-31	0.005604001501883935	Scil_g1970;Slac_ENSLPGG00000026851	1.3775775441589094e-31	3.1378676356872758e-09	Scil_g6390;Slac_ENSLPGG00000000928	1.0199996880480351e-25	7.745796311781258e-29	Scil_g8363;Slac_ENSLPGG00000014536	3.518139537883206e-102	4.447425120386484e-27	Scil_g1476;Slac_ENSLPGG00000023230	1.536142534863774e-40	2.6497204617369967e-21										Scil_g1492;Slac_ENSLPGG00000007868	6.092772197046129e-20	1.1935285646711055e-16			
Scil_g7247;Slac_ENSLPGG00000002394	6.239173589664101e-57	1.2937479835425587e-20				Scil_g8363;Slac_ENSLPGG00000014536	2.2515703997493917e-14	4.447425120386484e-27																Scil_g13687;Slac_ENSLPGG00000010551	6.219300380987792e-64	1.1481621637587149e-70																												Scil_g9417;Slac_ENSLPGG00000028683	1.1786822192857014e-54	4.6375173078021236e-76																Scil_g1492;Slac_ENSLPGG00000007868	1.0560290679511794e-57	1.1935285646711055e-16													Scil_g9493;Slac_ENSLPGG00000014397	7.053279979408567e-27	0.0	Scil_g9800;Slac_ENSLPGG00000008029	1.0864233259201773e-14	1.9591747644827683e-05	Scil_g3476;Slac_ENSLPGG00000024781	2.3462958050422503e-31	3.2259678400364713e-09	Scil_g9493;Slac_ENSLPGG00000011571	4.70368620128158e-24	1.152196916578078e-230	Scil_g7321;Slac_ENSLPGG00000014536	7.951725423746054e-57	4.447425120386484e-27										Scil_g8003;Slac_ENSLPGG00000004270	2.700078951419934e-12	3.923350826009207e-40			
Scil_g8363;Slac_ENSLPGG00000014536	6.653692788782275e-93	4.447425120386484e-27				Scil_g9503;Slac_ENSLPGG00000011571	1.8454859264224383e-06	1.152196916578078e-230																Scil_g9230;Slac_ENSLPGG00000001288	2.2051758963380383e-121	4.0556484159166975e-43																												Scil_g13687;Slac_ENSLPGG00000010551	2.931229744356759e-66	1.1481621637587149e-70																Scil_g9230;Slac_ENSLPGG00000002916	4.395690587731293e-56	1.8602628480511736e-27													Scil_g3164;Slac_ENSLPGG00000026756	0.0014477274211304428	0.0	Scil_g8541;Slac_ENSLPGG00000011766	1.802478250123522e-21	9.830051101160761e-32	Scil_g548;Slac_ENSLPGG00000010832	8.335110313075582e-34	0.0034182046854774753	Scil_g4062;Slac_ENSLPGG00000006246	9.449533825092681e-07	2.667318690488434e-176	Scil_g8003;Slac_ENSLPGG00000004270	1.2299980963726166e-56	3.923350826009207e-40										Scil_g12220;Slac_ENSLPGG00000004594	2.2987173798399092e-11	1.8380354271424033e-105			
Scil_g6454;Slac_ENSLPGG00000022449	9.435339575139566e-36	3.378233621973844e-73				Scil_g4062;Slac_ENSLPGG00000006246	0.00015022146181166757	2.667318690488434e-176																Scil_g6454;Slac_ENSLPGG00000022449	2.94992118759844e-15	3.378233621973844e-73																												Scil_g6454;Slac_ENSLPGG00000022449	6.357109943933985e-19	3.378233621973844e-73																Scil_g9503;Slac_ENSLPGG00000011571	1.9090214634143504e-23	1.152196916578078e-230													Scil_g6454;Slac_ENSLPGG00000022449	4.0440999607879435e-21	3.378233621973844e-73	Scil_g8784;Slac_ENSLPGG00000011679	3.498773764016909e-26	0.0005453822821599694	Scil_g9230;Slac_ENSLPGG00000001288	6.371022110622214e-34	4.158989628188462e-07	Scil_g1476;Slac_ENSLPGG00000023230	5.80260888617779e-25	2.6497204617369967e-21	Scil_g9493;Slac_ENSLPGG00000014397	3.3268431874295156e-33	0.0										Scil_g4062;Slac_ENSLPGG00000006246	0.00026524190533316406	2.667318690488434e-176			
Scil_g9493;Slac_ENSLPGG00000011571	0.0076042224012588654	1.152196916578078e-230				Scil_g7247;Slac_ENSLPGG00000002394	2.947908139394103e-11	1.2937479835425587e-20																Scil_g9194;Slac_ENSLPGG00000014536	6.1457784471335766e-15	4.447425120386484e-27																												Scil_g3476;Slac_ENSLPGG00000024781	7.676390047912556e-43	1.5184076603803592e-37																Scil_g3476;Slac_ENSLPGG00000024781	2.3706637321289098e-26	1.5184076603803592e-37													Scil_g8003;Slac_ENSLPGG00000004270	3.1244419571910374e-33	3.923350826009207e-40	Scil_g2125;Slac_ENSLPGG00000026851	5.455020930454748e-28	3.1378676356872758e-09	Scil_g4062;Slac_ENSLPGG00000006246	6.832831278353048e-29	9.918868159947632e-23	Scil_g8003;Slac_ENSLPGG00000004270	1.944877142584509e-23	3.923350826009207e-40	Scil_g10236;Slac_ENSLPGG00000018880	8.87245979754869e-52	0.0										Scil_g9503;Slac_ENSLPGG00000011571	2.3870686626230415e-05	1.152196916578078e-230			
Scil_g9503;Slac_ENSLPGG00000011571	1.7862737089667931e-06	1.152196916578078e-230				Scil_g9493;Slac_ENSLPGG00000011571	0.005689050092697842	1.152196916578078e-230																Scil_g151;Slac_ENSLPGG00000013344	1.559977776927175e-134	5.693536841006229e-08																												Scil_g151;Slac_ENSLPGG00000013344	6.369028767566051e-81	5.693536841006229e-08																Scil_g9503;Slac_ENSLPGG00000014397	1.9090214634143504e-23	0.0													Scil_g9230;Slac_ENSLPGG00000002916	6.371022110622214e-34	1.8602628480511736e-27	Scil_g455;Slac_ENSLPGG00000008236	1.542932436277139e-26	1.6153748683568355e-62	Scil_g5971;Slac_ENSLPGG00000021720	7.236276660345001e-34	0.0002854178831529985	Scil_g9493;Slac_ENSLPGG00000014397	4.70368620128158e-24	0.0	Scil_g8363;Slac_ENSLPGG00000011935	5.397064890511839e-65	6.3374945321071405e-112										Scil_g7247;Slac_ENSLPGG00000002394	5.744356174773947e-20	1.2937479835425587e-20			
Scil_g1492;Slac_ENSLPGG00000007868	3.800028070102745e-12	1.1935285646711055e-16				Scil_g272;Slac_ENSLPGG00000011745	3.876758372998896e-15	2.1259401974773072e-07																Scil_g10401;Slac_ENSLPGG00000009693	1.4502169632145214e-67	1.1307435549499394e-259																												Scil_g9230;Slac_ENSLPGG00000001288	6.692138064114598e-59	4.0556484159166975e-43																Scil_g2393;Slac_ENSLPGG00000028380	2.99192958282647e-72	2.161155439330363e-245													Scil_g9503;Slac_ENSLPGG00000014397	1.0590171517316566e-23	0.0	Scil_g13155;Slac_ENSLPGG00000025541	3.207217753351068e-11	2.3927136451261096e-16	Scil_g9230;Slac_ENSLPGG00000002916	6.371022110622214e-34	1.8424861552155755e-17	Scil_g10236;Slac_ENSLPGG00000018880	5.883545561960615e-39	0.0	Scil_g7247;Slac_ENSLPGG00000002394	6.766886631251571e-75	1.2937479835425587e-20										Scil_g9493;Slac_ENSLPGG00000011571	1.8114732482372175e-09	1.152196916578078e-230			
Scil_g9493;Slac_ENSLPGG00000014397	0.0076042224012588654	0.0				Scil_g4183;Slac_ENSLPGG00000022449	8.913735957910693e-06	3.378233621973844e-73																Scil_g9194;Slac_ENSLPGG00000011935	6.1457784471335766e-15	6.3374945321071405e-112																												Scil_g9503;Slac_ENSLPGG00000011571	1.2769995489625332e-30	1.152196916578078e-230																Scil_g9230;Slac_ENSLPGG00000001288	4.395690587731293e-56	4.0556484159166975e-43													Scil_g9493;Slac_ENSLPGG00000011571	7.053279979408567e-27	1.152196916578078e-230	Scil_g9453;Slac_ENSLPGG00000011679	4.690281247167611e-32	0.0005453822821599694	Scil_g6454;Slac_ENSLPGG00000022449	4.0440999607879435e-21	3.9730325797462426e-21	Scil_g12220;Slac_ENSLPGG00000004594	1.6875820114952672e-25	1.8380354271424033e-105	Scil_g9493;Slac_ENSLPGG00000011571	3.3268431874295156e-33	1.152196916578078e-230										Scil_g6454;Slac_ENSLPGG00000022449	4.989241803818245e-30	3.378233621973844e-73			
Scil_g13687;Slac_ENSLPGG00000010551	2.510583355430655e-19	1.1481621637587149e-70				Scil_g9417;Slac_ENSLPGG00000028683	2.3601978042133155e-06	4.6375173078021236e-76																Scil_g12599;Slac_ENSLPGG00000002394	3.278885489473203e-138	1.2937479835425587e-20																												Scil_g12599;Slac_ENSLPGG00000002394	1.7809727491087902e-88	1.2937479835425587e-20																Scil_g6454;Slac_ENSLPGG00000022449	1.8852703475586812e-09	3.378233621973844e-73													Scil_g2393;Slac_ENSLPGG00000028380	3.5421110097458034e-31	2.161155439330363e-245	Scil_g8996;Slac_ENSLPGG00000027389	6.099162474381795e-16	0.0008360912761741595	Scil_g3312;Slac_ENSLPGG00000005591	2.890649901324934e-30	0.004779590448303754	Scil_g1492;Slac_ENSLPGG00000007868	2.793671475349082e-18	1.1935285646711055e-16	Scil_g9503;Slac_ENSLPGG00000011571	8.415576290614868e-29	1.152196916578078e-230										Scil_g9493;Slac_ENSLPGG00000014397	1.8114732482372175e-09	0.0			
Scil_g9417;Slac_ENSLPGG00000028683	7.370947400481498e-05	4.6375173078021236e-76				Scil_g3256;Slac_ENSLPGG00000001288	0.0036765848217135523	4.0556484159166975e-43																Scil_g5496;Slac_ENSLPGG00000014820	3.3757419020425524e-156	0.009079751326589754																												Scil_g10401;Slac_ENSLPGG00000009693	1.3563331479429738e-53	1.1307435549499394e-259																Scil_g1132;Slac_ENSLPGG00000008926	1.026025780591439e-42	2.305627224004209e-06													Scil_g9503;Slac_ENSLPGG00000011571	1.0590171517316566e-23	1.152196916578078e-230	Scil_g1132;Slac_ENSLPGG00000008926	1.7268357368588287e-10	0.0016699396652209348	Scil_g3164;Slac_ENSLPGG00000026756	0.0014477274211304428	4.7415232094509696e-51	Scil_g7247;Slac_ENSLPGG00000002394	3.979683029894043e-78	1.2937479835425587e-20	Scil_g6454;Slac_ENSLPGG00000022449	2.7600346230662833e-36	3.378233621973844e-73										Scil_g8363;Slac_ENSLPGG00000014536	7.759233919072758e-30	4.447425120386484e-27			
Scil_g865;Slac_ENSLPGG00000013426	1.8583049366804574e-13	2.3401812023632768e-05				Scil_g865;Slac_ENSLPGG00000013426	0.0001433755335546237	2.3401812023632768e-05																Scil_g9230;Slac_ENSLPGG00000002916	2.2051758963380383e-121	1.8602628480511736e-27																												Scil_g10725;Slac_ENSLPGG00000025548	2.5522207652278e-56	0.005604001501883935																Scil_g9194;Slac_ENSLPGG00000014536	1.5403361781463664e-07	4.447425120386484e-27													Scil_g13687;Slac_ENSLPGG00000010551	1.9469606386252242e-05	1.1481621637587149e-70	Scil_g9800;Slac_ENSLPGG00000005083	1.0864233259201773e-14	3.3662088198379713e-09	Scil_g9493;Slac_ENSLPGG00000014397	7.053279979408567e-27	1.0741231000141901e-80	Scil_g6454;Slac_ENSLPGG00000022449	1.0400492394594775e-38	3.378233621973844e-73	Scil_g8363;Slac_ENSLPGG00000014536	5.397064890511839e-65	4.447425120386484e-27										Scil_g9503;Slac_ENSLPGG00000014397	2.3870686626230415e-05	0.0			
Scil_g4183;Slac_ENSLPGG00000022449	8.514744622078217e-10	3.378233621973844e-73				Scil_g8346;Slac_ENSLPGG00000011935	6.112562220941148e-15	6.3374945321071405e-112																Scil_g2393;Slac_ENSLPGG00000028380	1.1323451018279992e-139	2.161155439330363e-245																												Scil_g12129;Slac_ENSLPGG00000010554	1.5967518405672443e-70	1.34847309513742e-06																Scil_g13687;Slac_ENSLPGG00000010551	2.3325836231413962e-35	1.1481621637587149e-70													Scil_g928;Slac_ENSLPGG00000015697	1.1474797430792178e-27	4.620647901521794e-23	Scil_g10401;Slac_ENSLPGG00000009693	2.0518147652732517e-25	1.3137757178477223e-59	Scil_g9071;Slac_ENSLPGG00000017904	5.5423816595712935e-31	0.00027083642751955415	Scil_g9503;Slac_ENSLPGG00000011571	8.21472553619718e-09	1.152196916578078e-230	Scil_g9503;Slac_ENSLPGG00000014397	8.415576290614868e-29	0.0										Scil_g9417;Slac_ENSLPGG00000028683	1.542495619742631e-10	4.6375173078021236e-76			
Scil_g3256;Slac_ENSLPGG00000002916	0.008525686068177827	1.8602628480511736e-27				Scil_g3256;Slac_ENSLPGG00000002916	0.0036765848217135523	1.8602628480511736e-27																Scil_g3476;Slac_ENSLPGG00000024781	5.824951478753166e-20	1.5184076603803592e-37																												Scil_g5496;Slac_ENSLPGG00000014820	9.487791256595603e-79	0.009079751326589754																Scil_g10401;Slac_ENSLPGG00000009693	2.910519523882771e-44	1.1307435549499394e-259													Scil_g13297;Slac_ENSLPGG00000018213	2.748033732234219e-21	8.784594199967734e-17	Scil_g4134;Slac_ENSLPGG00000018450	2.923786661678301e-19	4.840708147555924e-22	Scil_g4183;Slac_ENSLPGG00000011075	4.357293561579818e-10	0.0019043877830186178	Scil_g13687;Slac_ENSLPGG00000010551	7.471366361920747e-18	1.1481621637587149e-70	Scil_g3476;Slac_ENSLPGG00000024781	3.917862891975341e-65	1.5184076603803592e-37										Scil_g865;Slac_ENSLPGG00000013426	3.54369080770454e-19	2.3401812023632768e-05			
Scil_g272;Slac_ENSLPGG00000011745	4.264185324080984e-110	2.1259401974773072e-07				Scil_g13687;Slac_ENSLPGG00000010551	0.0015259880177600094	1.1481621637587149e-70																Scil_g12129;Slac_ENSLPGG00000010554	1.2967110406971418e-129	1.34847309513742e-06																												Scil_g9230;Slac_ENSLPGG00000002916	6.692138064114598e-59	1.8602628480511736e-27																Scil_g12129;Slac_ENSLPGG00000010554	4.449990233036086e-59	1.34847309513742e-06													Scil_g8541;Slac_ENSLPGG00000011766	1.802478250123522e-21	4.981341181502007e-22	Scil_g4183;Slac_ENSLPGG00000022449	4.357293561579818e-10	4.232134737239487e-36	Scil_g9503;Slac_ENSLPGG00000014397	1.0590171517316566e-23	1.0741231000141901e-80	Scil_g3256;Slac_ENSLPGG00000002916	1.1449812952683337e-15	1.8602628480511736e-27	Scil_g1492;Slac_ENSLPGG00000007868	2.648219501093693e-53	1.1935285646711055e-16										Scil_g3256;Slac_ENSLPGG00000001288	1.682278259455934e-06	4.0556484159166975e-43			
Scil_g8346;Slac_ENSLPGG00000011935	2.383227201312488e-85	6.3374945321071405e-112				Scil_g10401;Slac_ENSLPGG00000009693	0.0014345388130332457	1.1307435549499394e-259																Scil_g1132;Slac_ENSLPGG00000008926	6.599860434361295e-69	2.305627224004209e-06																												Scil_g13297;Slac_ENSLPGG00000018213	1.2697237729763513e-19	8.784594199967734e-17																Scil_g6036;Slac_ENSLPGG00000011766	8.038962902790485e-70	4.981341181502007e-22													Scil_g1132;Slac_ENSLPGG00000008926	1.7268357368588287e-10	2.305627224004209e-06	Scil_g12129;Slac_ENSLPGG00000010554	8.462894372974247e-32	4.1932383226006643e-07	Scil_g10793;Slac_ENSLPGG00000005401	2.7237528233516897e-30	8.223884250027323e-36	Scil_g9417;Slac_ENSLPGG00000028683	1.8100283853254682e-19	4.6375173078021236e-76	Scil_g4183;Slac_ENSLPGG00000022449	3.0682428210392324e-44	3.378233621973844e-73										Scil_g3256;Slac_ENSLPGG00000002916	1.682278259455934e-06	1.8602628480511736e-27			
Scil_g3256;Slac_ENSLPGG00000001288	0.008525686068177827	4.0556484159166975e-43				Scil_g6478;Slac_ENSLPGG00000002802	2.5957130015869884e-17	4.350965231521342e-58																Scil_g13297;Slac_ENSLPGG00000018213	3.6703862293402416e-39	8.784594199967734e-17																												Scil_g1132;Slac_ENSLPGG00000008926	1.3528246994473321e-39	2.305627224004209e-06																Scil_g9194;Slac_ENSLPGG00000011935	1.5403361781463664e-07	6.3374945321071405e-112													Scil_g151;Slac_ENSLPGG00000013344	8.836239759152058e-24	5.693536841006229e-08	Scil_g9048;Slac_ENSLPGG00000023020	8.852021770146673e-08	0.00016233266302729288	Scil_g9493;Slac_ENSLPGG00000011571	7.053279979408567e-27	9.652291852964913e-17	Scil_g9503;Slac_ENSLPGG00000014397	8.21472553619718e-09	0.0	Scil_g3256;Slac_ENSLPGG00000001288	1.712175131185977e-54	4.0556484159166975e-43										Scil_g272;Slac_ENSLPGG00000011745	4.376372356258531e-40	2.1259401974773072e-07			
Scil_g5853;Slac_ENSLPGG00000011935	6.053145229309265e-44	6.3374945321071405e-112				Scil_g928;Slac_ENSLPGG00000015697	2.960401971384054e-05	4.620647901521794e-23																Scil_g928;Slac_ENSLPGG00000015697	6.669462346800714e-05	4.620647901521794e-23																												Scil_g6036;Slac_ENSLPGG00000011766	5.861361802985999e-85	4.981341181502007e-22																Scil_g12599;Slac_ENSLPGG00000002394	2.8738392637915858e-58	1.2937479835425587e-20													Scil_g10401;Slac_ENSLPGG00000009693	2.0518147652732517e-25	1.1307435549499394e-259	Scil_g9048;Slac_ENSLPGG00000005083	8.852021770146673e-08	3.3662088198379713e-09	Scil_g10793;Slac_ENSLPGG00000007363	2.7237528233516897e-30	3.4576240635341516e-06	Scil_g272;Slac_ENSLPGG00000011745	2.815134524601e-92	2.1259401974773072e-07	Scil_g13687;Slac_ENSLPGG00000010551	1.1491303369181858e-47	1.1481621637587149e-70										Scil_g13687;Slac_ENSLPGG00000010551	4.317595088006342e-48	1.1481621637587149e-70			
Scil_g8207;Slac_ENSLPGG00000014536	6.354496825911465e-56	4.447425120386484e-27				Scil_g1132;Slac_ENSLPGG00000008926	9.827324986926263e-14	2.305627224004209e-06																Scil_g6036;Slac_ENSLPGG00000011766	3.583694390975764e-98	4.981341181502007e-22																												Scil_g271;Slac_ENSLPGG00000011745	5.821089904250484e-63	2.1259401974773072e-07																Scil_g13297;Slac_ENSLPGG00000018213	1.2959272653597253e-11	8.784594199967734e-17													Scil_g4183;Slac_ENSLPGG00000022449	4.357293561579818e-10	3.378233621973844e-73	Scil_g2679;Slac_ENSLPGG00000023020	1.4015753279223728e-10	0.00016233266302729288	Scil_g455;Slac_ENSLPGG00000008236	1.542932436277139e-26	1.952327525409802e-66	Scil_g865;Slac_ENSLPGG00000013426	7.830759397644279e-28	2.3401812023632768e-05	Scil_g3256;Slac_ENSLPGG00000002916	1.712175131185977e-54	1.8602628480511736e-27										Scil_g4183;Slac_ENSLPGG00000022449	1.3135074585424018e-15	3.378233621973844e-73			
Scil_g1132;Slac_ENSLPGG00000008926	1.8056424639513359e-65	2.305627224004209e-06				Scil_g5853;Slac_ENSLPGG00000014536	2.9108932367041255e-17	4.447425120386484e-27																Scil_g191;Slac_ENSLPGG00000014397	3.463864692102448e-10	0.0																																														Scil_g4183;Slac_ENSLPGG00000022449	0.0004213386150657687	3.378233621973844e-73													Scil_g12129;Slac_ENSLPGG00000010554	8.462894372974247e-32	1.34847309513742e-06	Scil_g2645;Slac_ENSLPGG00000029285	1.2245689785835405e-18	0.0006954483019702004	Scil_g8541;Slac_ENSLPGG00000011766	1.802478250123522e-21	6.943095950675596e-54	Scil_g3256;Slac_ENSLPGG00000001288	1.1449812952683337e-15	4.0556484159166975e-43	Scil_g8346;Slac_ENSLPGG00000011935	1.1726834106527699e-33	6.3374945321071405e-112										Scil_g8346;Slac_ENSLPGG00000011935	3.6449511256528564e-27	6.3374945321071405e-112			
Scil_g928;Slac_ENSLPGG00000015697	9.465737628460254e-18	4.620647901521794e-23				Scil_g6760;Slac_ENSLPGG00000011766	5.862355000800069e-09	4.981341181502007e-22																Scil_g191;Slac_ENSLPGG00000011571	3.463864692102448e-10	1.152196916578078e-230																																														Scil_g928;Slac_ENSLPGG00000015697	4.630885486205497e-06	4.620647901521794e-23													Scil_g6036;Slac_ENSLPGG00000011766	4.686311669006834e-21	4.981341181502007e-22	Scil_g13539;Slac_ENSLPGG00000012055	1.386961914997097e-29	5.3016134566162584e-05	Scil_g9420;Slac_ENSLPGG00000018181	2.125820616792006e-34	7.496422331427468e-29	Scil_g4183;Slac_ENSLPGG00000022449	8.670553996881242e-27	3.378233621973844e-73	Scil_g272;Slac_ENSLPGG00000011745	4.732315228393487e-30	2.1259401974773072e-07										Scil_g10725;Slac_ENSLPGG00000025548	2.1912246068680954e-11	0.005604001501883935			
Scil_g6478;Slac_ENSLPGG00000002802	3.3570174565474045e-45	4.350965231521342e-58				Scil_g5853;Slac_ENSLPGG00000011935	2.9108932367041255e-17	6.3374945321071405e-112																Scil_g271;Slac_ENSLPGG00000011745	1.0438375184372507e-32	2.1259401974773072e-07																																														Scil_g271;Slac_ENSLPGG00000011745	9.072707940646718e-29	2.1259401974773072e-07													Scil_g8569;Slac_ENSLPGG00000010551	0.0018855076804693196	1.1481621637587149e-70	Scil_g6036;Slac_ENSLPGG00000011766	4.686311669006834e-21	9.830051101160761e-32	Scil_g10401;Slac_ENSLPGG00000009693	2.0518147652732517e-25	2.211542092140465e-136	Scil_g3476;Slac_ENSLPGG00000024781	1.4215916816970868e-10	1.5184076603803592e-37	Scil_g865;Slac_ENSLPGG00000013426	2.902376946587164e-53	2.3401812023632768e-05										Scil_g10401;Slac_ENSLPGG00000009693	7.378509740096536e-05	1.1307435549499394e-259			
Scil_g5853;Slac_ENSLPGG00000014536	6.053145229309265e-44	4.447425120386484e-27				Scil_g8569;Slac_ENSLPGG00000010551	0.00026615007751964163	1.1481621637587149e-70																																																																															Scil_g12599;Slac_ENSLPGG00000002394	6.482873367860426e-07	1.2937479835425587e-20	Scil_g3738;Slac_ENSLPGG00000013280	5.777805838259641e-13	7.744649516911297e-09	Scil_g2393;Slac_ENSLPGG00000028380	3.5421110097458034e-31	4.70408825434754e-28	Scil_g8346;Slac_ENSLPGG00000011935	1.3552541254997634e-79	6.3374945321071405e-112	Scil_g8541;Slac_ENSLPGG00000011766	5.330083933996528e-13	4.981341181502007e-22										Scil_g1132;Slac_ENSLPGG00000008926	3.873601985705557e-19	2.305627224004209e-06			
Scil_g8207;Slac_ENSLPGG00000011935	6.354496825911465e-56	6.3374945321071405e-112				Scil_g1133;Slac_ENSLPGG00000008926	9.263876403323903e-11	2.305627224004209e-06																																																																															Scil_g191;Slac_ENSLPGG00000014397	5.586569360864862e-11	0.0	Scil_g9048;Slac_ENSLPGG00000008029	8.852021770146673e-08	1.9591747644827683e-05	Scil_g9503;Slac_ENSLPGG00000011571	1.0590171517316566e-23	9.652291852964913e-17	Scil_g5853;Slac_ENSLPGG00000011935	7.172370887052979e-79	6.3374945321071405e-112	Scil_g9417;Slac_ENSLPGG00000028683	1.3756483808611743e-31	4.6375173078021236e-76										Scil_g13297;Slac_ENSLPGG00000018213	5.685836058471927e-07	8.784594199967734e-17			
Scil_g10725;Slac_ENSLPGG00000025548	5.112604923381605e-10	0.005604001501883935				Scil_g8207;Slac_ENSLPGG00000014536	4.845634147159976e-10	4.447425120386484e-27																																																																															Scil_g191;Slac_ENSLPGG00000011571	5.586569360864862e-11	1.152196916578078e-230	Scil_g2679;Slac_ENSLPGG00000008029	1.4015753279223728e-10	1.9591747644827683e-05	Scil_g13155;Slac_ENSLPGG00000025541	3.207217753351068e-11	0.001138268839913418	Scil_g8207;Slac_ENSLPGG00000011935	6.215203772568739e-85	6.3374945321071405e-112	Scil_g8207;Slac_ENSLPGG00000011935	4.019124969824446e-48	6.3374945321071405e-112										Scil_g928;Slac_ENSLPGG00000015697	1.4386902975812864e-17	4.620647901521794e-23			
Scil_g8569;Slac_ENSLPGG00000010551	1.2474775480511476e-17	1.1481621637587149e-70				Scil_g8206;Slac_ENSLPGG00000011935	3.782333442495373e-15	6.3374945321071405e-112																																																																															Scil_g271;Slac_ENSLPGG00000011745	0.0001019079370242015	2.1259401974773072e-07	Scil_g267;Slac_ENSLPGG00000005083	1.0395312508475288e-10	3.3662088198379713e-09	Scil_g4183;Slac_ENSLPGG00000022449	4.357293561579818e-10	3.9730325797462426e-21	Scil_g1132;Slac_ENSLPGG00000008926	1.2746477257461863e-81	2.305627224004209e-06	Scil_g1132;Slac_ENSLPGG00000008926	2.3235683741576533e-24	2.305627224004209e-06										Scil_g5853;Slac_ENSLPGG00000014536	8.751488430556821e-17	4.447425120386484e-27			
Scil_g6760;Slac_ENSLPGG00000011766	1.2927418751955122e-24	4.981341181502007e-22				Scil_g8207;Slac_ENSLPGG00000011935	4.845634147159976e-10	6.3374945321071405e-112																																																																																		Scil_g267;Slac_ENSLPGG00000023020	1.0395312508475288e-10	0.00016233266302729288	Scil_g6036;Slac_ENSLPGG00000011766	4.686311669006834e-21	6.943095950675596e-54	Scil_g8541;Slac_ENSLPGG00000011766	2.906253393556813e-07	4.981341181502007e-22	Scil_g928;Slac_ENSLPGG00000015697	1.7626001654650145e-45	4.620647901521794e-23										Scil_g5853;Slac_ENSLPGG00000011935	8.751488430556821e-17	6.3374945321071405e-112			
Scil_g8206;Slac_ENSLPGG00000011935	6.148026508384647e-44	6.3374945321071405e-112				Scil_g10145;Slac_ENSLPGG00000012981	2.1585133470274472e-06	0.008198828259719891																																																																																		Scil_g266;Slac_ENSLPGG00000018181	0.004978318664576766	2.6290781450963708e-140	Scil_g191;Slac_ENSLPGG00000014397	5.586569360864862e-11	1.0741231000141901e-80	Scil_g10725;Slac_ENSLPGG00000025548	1.1444282677454132e-23	0.005604001501883935	Scil_g6478;Slac_ENSLPGG00000002802	1.7899229321763695e-31	4.350965231521342e-58										Scil_g10145;Slac_ENSLPGG00000012981	3.772387291277274e-17	0.008198828259719891			
Scil_g13297;Slac_ENSLPGG00000018213	0.0007766460791843809	8.784594199967734e-17				Scil_g8206;Slac_ENSLPGG00000014536	3.782333442495373e-15	4.447425120386484e-27																																																																																		Scil_g271;Slac_ENSLPGG00000011745	0.0001019079370242015	9.835387862883718e-24	Scil_g191;Slac_ENSLPGG00000011571	5.586569360864862e-11	9.652291852964913e-17	Scil_g8207;Slac_ENSLPGG00000014536	6.215203772568739e-85	4.447425120386484e-27	Scil_g10725;Slac_ENSLPGG00000025548	7.653342363813683e-53	0.005604001501883935										Scil_g6760;Slac_ENSLPGG00000011766	6.038487703980014e-20	4.981341181502007e-22			
Scil_g8206;Slac_ENSLPGG00000014536	6.148026508384647e-44	4.447425120386484e-27																																																																																								Scil_g267;Slac_ENSLPGG00000008029	1.0395312508475288e-10	1.9591747644827683e-05	Scil_g266;Slac_ENSLPGG00000018181	0.004978318664576766	7.496422331427468e-29	Scil_g5853;Slac_ENSLPGG00000014536	7.172370887052979e-79	4.447425120386484e-27	Scil_g5853;Slac_ENSLPGG00000011935	4.488894100672712e-37	6.3374945321071405e-112										Scil_g151;Slac_ENSLPGG00000013344	8.798529320398064e-06	5.693536841006229e-08			
Scil_g10145;Slac_ENSLPGG00000012981	4.2975807816568975e-31	0.008198828259719891																																																																																											Scil_g271;Slac_ENSLPGG00000011745	0.0001019079370242015	9.863258163264857e-05	Scil_g6478;Slac_ENSLPGG00000002802	7.657793619912689e-41	4.350965231521342e-58	Scil_g13297;Slac_ENSLPGG00000018213	3.140558825432146e-22	8.784594199967734e-17										Scil_g1133;Slac_ENSLPGG00000008926	2.9214352971204733e-21	2.305627224004209e-06			
Scil_g1133;Slac_ENSLPGG00000008926	2.2944903094986878e-58	2.305627224004209e-06																																																																																														Scil_g10401;Slac_ENSLPGG00000009693	6.491135224355462e-06	1.1307435549499394e-259	Scil_g10401;Slac_ENSLPGG00000009693	7.928140541623874e-17	1.1307435549499394e-259										Scil_g8207;Slac_ENSLPGG00000011935	5.908844004097866e-17	6.3374945321071405e-112			
Scil_g12781;Slac_ENSLPGG00000012981	2.113038812874761e-26	0.008198828259719891																																																																																														Scil_g6760;Slac_ENSLPGG00000011766	3.823161925933004e-20	4.981341181502007e-22	Scil_g8207;Slac_ENSLPGG00000014536	4.019124969824446e-48	4.447425120386484e-27										Scil_g8207;Slac_ENSLPGG00000014536	5.908844004097866e-17	4.447425120386484e-27			
																																																																																																Scil_g928;Slac_ENSLPGG00000015697	6.414252918174505e-21	4.620647901521794e-23	Scil_g10145;Slac_ENSLPGG00000012981	1.9917824516600978e-26	0.008198828259719891										Scil_g8569;Slac_ENSLPGG00000010551	3.2171001510938283e-22	1.1481621637587149e-70			
																																																																																																Scil_g8206;Slac_ENSLPGG00000011935	2.5741158280010487e-65	6.3374945321071405e-112	Scil_g5853;Slac_ENSLPGG00000014536	4.488894100672712e-37	4.447425120386484e-27										Scil_g6478;Slac_ENSLPGG00000002802	3.839955965161174e-17	4.350965231521342e-58			
																																																																																																Scil_g8206;Slac_ENSLPGG00000014536	2.5741158280010487e-65	4.447425120386484e-27	Scil_g8569;Slac_ENSLPGG00000010551	1.8132812085419042e-29	1.1481621637587149e-70										Scil_g12781;Slac_ENSLPGG00000012981	7.26338051557819e-13	0.008198828259719891			
																																																																																																Scil_g8569;Slac_ENSLPGG00000010551	2.851381014143294e-14	1.1481621637587149e-70	Scil_g1133;Slac_ENSLPGG00000008926	1.3227877716526765e-18	2.305627224004209e-06										Scil_g8206;Slac_ENSLPGG00000014536	1.4038755947986168e-14	4.447425120386484e-27			
																																																																																																Scil_g10145;Slac_ENSLPGG00000012981	3.5340165051278064e-21	0.008198828259719891	Scil_g6760;Slac_ENSLPGG00000011766	1.5440487202060859e-35	4.981341181502007e-22										Scil_g5496;Slac_ENSLPGG00000014820	0.0002003838480053577	0.009079751326589754			
																																																																																																Scil_g1133;Slac_ENSLPGG00000008926	3.858878800907748e-56	2.305627224004209e-06	Scil_g151;Slac_ENSLPGG00000013344	3.18668889517453e-28	5.693536841006229e-08										Scil_g9230;Slac_ENSLPGG00000001288	0.0001367300148274159	4.0556484159166975e-43			
																																																																																																Scil_g13297;Slac_ENSLPGG00000018213	2.492465983237643e-10	8.784594199967734e-17	Scil_g12781;Slac_ENSLPGG00000012981	9.530587993980287e-16	0.008198828259719891										Scil_g9230;Slac_ENSLPGG00000002916	0.0001367300148274159	1.8602628480511736e-27			
																																																																																																Scil_g12781;Slac_ENSLPGG00000012981	0.004444938005019512	0.008198828259719891	Scil_g9230;Slac_ENSLPGG00000001288	5.5429975678977e-15	4.0556484159166975e-43										Scil_g8206;Slac_ENSLPGG00000011935	1.4038755947986168e-14	6.3374945321071405e-112			
																																																																																																Scil_g151;Slac_ENSLPGG00000013344	2.3961511097876396e-05	5.693536841006229e-08	Scil_g8206;Slac_ENSLPGG00000011935	1.8895506407708944e-10	6.3374945321071405e-112															
																																																																																																Scil_g9230;Slac_ENSLPGG00000001288	0.0011474590572511253	4.0556484159166975e-43	Scil_g12129;Slac_ENSLPGG00000010554	7.112957215727081e-37	1.34847309513742e-06															
																																																																																																Scil_g9230;Slac_ENSLPGG00000002916	0.0011474590572511253	1.8602628480511736e-27	Scil_g5496;Slac_ENSLPGG00000014820	4.080998950091222e-10	0.009079751326589754															
																																																																																																Scil_g5496;Slac_ENSLPGG00000014820	1.6771108866044593e-06	0.009079751326589754	Scil_g8206;Slac_ENSLPGG00000014536	1.8895506407708944e-10	4.447425120386484e-27															
																																																																																																Scil_g12129;Slac_ENSLPGG00000010554	0.002137118507063026	1.34847309513742e-06	Scil_g9230;Slac_ENSLPGG00000002916	5.5429975678977e-15	1.8602628480511736e-27															
																																																																																																			Scil_g191;Slac_ENSLPGG00000014397	1.9297910686068706e-05	0.0															
																																																																																																			Scil_g191;Slac_ENSLPGG00000011571	1.9297910686068706e-05	1.152196916578078e-230															
