HOG0000001	PCA001	maximal+minimal	N211[Pmax+min]	211	.	0		ENSLPGP00000040811.1;ENSLPGP00000029680.1	18	ok
HOG0000118	PCA001	maximal+minimal	N25[Pmax+min]	25	.	0		ENSLPGP00000041125.1;ENSLPGP00000041132.1	5	ok
HOG0000120	PCA002	minimal	N10[Pmin]	10	.	0	g6652;g11978;g12764;g3689;g4764;g11904	ENSLPGP00000032064.1	31	ok
HOG0000463	PCA001	maximal+minimal	N1[Pmax+min]	1	.	0	g305	ENSLPGP00000040609.1	10	ok
HOG0000617	PCA001	maximal+minimal	N0[Pmax+min]	0	.	0	g3749	ENSLPGP00000020965.1	11	ok
HOG0000637	PCA001	maximal+minimal	N1[Pmax+min]	1	.	0	g9382	ENSLPGP00000005464.1	11	ok
HOG0000920	PCA001	maximal+minimal	N1[Pmax+min]	1	.	0	g11802	ENSLPGP00000028791.1	9	ok
HOG0001003	PCA001	maximal+minimal	N1[Pmax+min]	1	.	0	g480;g10741	ENSLPGP00000014953.1;ENSLPGP00000014847.1	22	ok
HOG0001117	PCA001	maximal+minimal	N2[Pmax+min]	2	.	0	g1152	ENSLPGP00000026392.1	9	ok
HOG0001373	PCA001	maximal+minimal	N114[Pmax+min]	114	.	0	g9410;g9409	ENSLPGP00000024228.1	9	ok
HOG0001486	PCA001	maximal+minimal	N1[Pmax+min]	1	.	0	g9818	ENSLPGP00000040980.1	4	ok
HOG0002440	PCA001	maximal+minimal	N1[Pmax+min]	1	.	0	g7212	ENSLPGP00000015682.1	8	ok
HOG0002673	PCA001	maximal+minimal	N55[Pmax+min]	55	.	0	g8559	ENSLPGP00000028639.1	9	ok
HOG0004960	PCA001	maximal+minimal	N142[Pmax+min]	142	.	0	g5866	ENSLPGP00000000061.1	10	ok
HOG0004963	PCA001	maximal+minimal	N1[Pmax+min]	1	.	0	g5710	ENSLPGP00000000207.1	12	ok
HOG0004969	PCA001	maximal+minimal	N9[Pmax+min]	9	.	0	g2959	ENSLPGP00000000355.1	12	ok
HOG0004985	PCA002	minimal	N47[Pmin]	47	.	0	g8158	ENSLPGP00000000681.1	9	ok
HOG0004987	PCA001	maximal+minimal	N99[Pmax+min]	99	.	0	g6529		8	ok
HOG0005001	PCA001	maximal+minimal	N86[Pmax+min]	86	.	0	g8482	ENSLPGP00000001090.1	10	ok
HOG0005004	PCA001	maximal+minimal	N2[Pmax+min]	2	.	0	g2551	ENSLPGP00000001138.1	8	ok
HOG0005023	PCA001	maximal+minimal	N1[Pmax+min]	1	.	0	g6656	ENSLPGP00000001635.1	6	ok
HOG0005027	PCA001	maximal+minimal	N1[Pmax+min]	1	.	0	g6436	ENSLPGP00000001678.1	4	ok
HOG0005031	PCA001	maximal+minimal	N107[Pmax+min]	107	.	0	g919	ENSLPGP00000001735.1;ENSLPGP00000001722.1	10	ok
HOG0005038	PCA001	maximal+minimal	N1[Pmax+min]	1	.	0	g2458	ENSLPGP00000001782.1	5	ok
HOG0005039	PCA001	maximal+minimal	N1[Pmax+min]	1	.	0	g3908	ENSLPGP00000001785.1	13	ok
HOG0005044	PCA001	maximal+minimal	N1[Pmax+min]	1	.	0	g2232	ENSLPGP00000001959.1	8	ok
HOG0005045	PCA001	maximal+minimal	N1[Pmax+min]	1	.	0	g5955	ENSLPGP00000001964.1	10	ok
HOG0005058	PCA001	maximal+minimal	N1[Pmax+min]	1	.	0	g2750	ENSLPGP00000002266.1	10	ok
HOG0005084	PCA001	maximal+minimal	N62[Pmax+min]	62	.	0	g3443	ENSLPGP00000002671.1	11	ok
HOG0005086	PCA001	maximal+minimal	N30[Pmax+min]	30	.	0		ENSLPGP00000027904.1;ENSLPGP00000024276.1	11	ok
HOG0005086	PCA003	minimal	N75[Pmin]	75	.	0	g10086	ENSLPGP00000026212.1	7	ok
HOG0005086	PCA004	minimal	N88[Pmin]	88	.	0	g8245	ENSLPGP00000026628.1	8	ok
HOG0005102	PCA001	maximal+minimal	N1[Pmax+min]	1	.	0	g9907	ENSLPGP00000003000.1	10	ok
HOG0005104	PCA001	maximal+minimal	N0[Pmax+min]	0	.	0	g7240	ENSLPGP00000003040.1	11	ok
HOG0005108	PCA001	maximal+minimal	N1[Pmax+min]	1	.	0	g6323	ENSLPGP00000003097.1	10	ok
HOG0005114	PCA001	maximal+minimal	N1[Pmax+min]	1	.	0	g2085	ENSLPGP00000003247.1	9	ok
HOG0005117	PCA001	maximal+minimal	N1[Pmax+min]	1	.	0	g2219	ENSLPGP00000003323.1	11	ok
HOG0005121	PCA001	maximal+minimal	N1[Pmax+min]	1	.	0	g9025	ENSLPGP00000003350.1	10	ok
HOG0005127	PCA001	maximal+minimal	N1[Pmax+min]	1	.	0	g7160	ENSLPGP00000003644.1	10	ok
HOG0005129	PCA001	maximal+minimal	N64[Pmax+min]	64	.	0	g9952	ENSLPGP00000003687.1;ENSLPGP00000003701.1	13	ok
HOG0005139	PCA001	maximal+minimal	N1[Pmax+min]	1	.	0	g6181	ENSLPGP00000003889.1	7	ok
HOG0005146	PCA001	maximal+minimal	N62[Pmax+min]	62	.	0	g356	ENSLPGP00000004027.1	9	ok
HOG0005150	PCA001	maximal+minimal	N1[Pmax+min]	1	.	0	g940	ENSLPGP00000004057.1	6	ok
HOG0005152	PCA001	maximal+minimal	N3[Pmax+min]	3	.	0	g10655	ENSLPGP00000004068.1	9	ok
HOG0005155	PCA001	maximal+minimal	N1[Pmax+min]	1	.	0	g3914	ENSLPGP00000004090.1;ENSLPGP00000004106.1;ENSLPGP00000004079.1	15	ok
HOG0005156	PCA001	maximal+minimal	N59[Pmax+min]	59	.	0	g8477	ENSLPGP00000004148.1	8	ok
HOG0005163	PCA001	maximal+minimal	N2[Pmax+min]	2	.	0	g8861	ENSLPGP00000004298.1	12	ok
HOG0005164	PCA001	maximal+minimal	N1[Pmax+min]	1	.	0	g8675	ENSLPGP00000004319.1	9	ok
HOG0005166	PCA001	maximal+minimal	N67[Pmax+min]	67	.	0	g2579	ENSLPGP00000004426.1;ENSLPGP00000004419.1	11	ok
HOG0005167	PCA001	maximal+minimal	N1[Pmax+min]	1	.	0	g6575	ENSLPGP00000004445.1	12	ok
HOG0005169	PCA001	maximal+minimal	N1[Pmax+min]	1	.	0	g2338	ENSLPGP00000004497.1	4	ok
HOG0005182	PCA001	maximal+minimal	N1[Pmax+min]	1	.	0	g6131	ENSLPGP00000004751.1	13	ok
HOG0005188	PCA001	maximal+minimal	N108[Pmax+min]	108	.	0	g6760;g6036	ENSLPGP00000004958.1;ENSLPGP00000004952.1;ENSLPGP00000004940.1	22	ok
HOG0005189	PCA001	maximal+minimal	N3[Pmax+min]	3	.	0	g4646	ENSLPGP00000005011.1;ENSLPGP00000004997.1	11	ok
HOG0005191	PCA001	maximal+minimal	N1[Pmax+min]	1	.	0	g6264	ENSLPGP00000005040.1;ENSLPGP00000005045.1	17	ok
HOG0005192	PCA001	maximal+minimal	N86[Pmax+min]	86	.	0	g3468	ENSLPGP00000005053.1	6	ok
HOG0005200	PCA001	maximal+minimal	N90[Pmax+min]	90	.	0	g6641	ENSLPGP00000005247.1;ENSLPGP00000005253.1	11	ok
HOG0005207	PCA001	maximal+minimal	N1[Pmax+min]	1	.	0	g13053	ENSLPGP00000018589.1	13	ok
HOG0005216	PCA001	maximal+minimal	N1[Pmax+min]	1	.	0	g9851	ENSLPGP00000021006.1;ENSLPGP00000019006.1	11	ok
HOG0005217	PCA001	maximal+minimal	N82[Pmax+min]	82	.	0	g1572	ENSLPGP00000019027.1;ENSLPGP00000023842.1	16	ok
HOG0005224	PCA001	maximal+minimal	N58[Pmax+min]	58	.	0			4	ok
HOG0005227	PCA001	maximal+minimal	N3[Pmax+min]	3	.	0	g5779		8	ok
HOG0005228	PCA001	maximal+minimal	N3[Pmax+min]	3	.	0	g10146	ENSLPGP00000019862.1;ENSLPGP00000019874.1	11	ok
HOG0005235	PCA001	maximal+minimal	N10[Pmax+min]	10	.	0	g10145	ENSLPGP00000020144.1;ENSLPGP00000020153.1	4	ok
HOG0005236	PCA001	maximal+minimal	N1[Pmax+min]	1	.	0	g5952	ENSLPGP00000020180.1	13	ok
HOG0005251	PCA001	maximal+minimal	N1[Pmax+min]	1	.	0	g3655	ENSLPGP00000020795.1	14	ok
HOG0005252	PCA001	maximal+minimal	N7[Pmax+min]	7	.	0	g9868	ENSLPGP00000020807.1	13	ok
HOG0005255	PCA001	maximal+minimal	N6[Pmax+min]	6	.	0	g4129;g6991	ENSLPGP00000020846.1	16	ok
HOG0005256	PCA001	maximal+minimal	N1[Pmax+min]	1	.	0	g3336	ENSLPGP00000020923.1	15	ok
HOG0005273	PCA001	maximal+minimal	N4[Pmax+min]	4	.	0	g9081	ENSLPGP00000021403.1;ENSLPGP00000021424.1	16	ok
HOG0005282	PCA002	minimal	N46[Pmin]	46	.	0	g9346		8	ok
HOG0005283	PCA001	maximal+minimal	N28[Pmax+min]	28	.	0	g10140;g1400		10	ok
HOG0005285	PCA001	maximal+minimal	N103[Pmax+min]	103	.	0	g2188	ENSLPGP00000022069.1	9	ok
HOG0005299	PCA001	maximal+minimal	N75[Pmax+min]	75	.	0	g8571	ENSLPGP00000022513.1	8	ok
HOG0005306	PCA001	maximal+minimal	N1[Pmax+min]	1	.	0	g8475	ENSLPGP00000022918.1	8	ok
HOG0005310	PCA001	maximal+minimal	N1[Pmax+min]	1	.	0	g9522	ENSLPGP00000023082.1	7	ok
HOG0005317	PCA001	maximal+minimal	N43[Pmax+min]	43	.	0	g10109	ENSLPGP00000023303.1	13	ok
HOG0005321	PCA002	minimal	N46[Pmin]	46	.	0	g1202		5	ok
HOG0005341	PCA001	maximal+minimal	N1[Pmax+min]	1	.	0	g2002	ENSLPGP00000024674.1	7	ok
HOG0005342	PCA001	maximal+minimal	N1[Pmax+min]	1	.	0	g9297;g2168	ENSLPGP00000024687.1	6	ok
HOG0005354	PCA002	minimal	N104[Pmin]	104	.	0	g4971	ENSLPGP00000027817.1	17	ok
HOG0005356	PCA001	maximal+minimal	N1[Pmax+min]	1	.	0	g8969	ENSLPGP00000027982.1	7	ok
HOG0005367	PCA001	maximal+minimal	N160[Pmax+min]	160	.	0		ENSLPGP00000029164.1	10	ok
HOG0005370	PCA001	maximal+minimal	N128[Pmax+min]	128	.	0		ENSLPGP00000029241.1	15	ok
HOG0005371	PCA001	maximal+minimal	N1[Pmax+min]	1	.	0	g3571	ENSLPGP00000029256.1	16	ok
HOG0005372	PCA001	maximal+minimal	N1[Pmax+min]	1	.	0	g252	ENSLPGP00000029413.1	9	ok
HOG0005380	PCA002	minimal	N67[Pmin]	67	.	0		ENSLPGP00000029703.1	7	ok
HOG0005389	PCA001	maximal+minimal	N179[Pmax+min]	179	.	0	g1697	ENSLPGP00000029971.1;ENSLPGP00000029961.1;ENSLPGP00000029985.1;ENSLPGP00000029450.1	16	ok
HOG0005400	PCA001	maximal+minimal	N10[Pmax+min]	10	.	0	g8801	ENSLPGP00000030440.1	13	ok
HOG0005404	PCA001	maximal+minimal	N149[Pmax+min]	149	.	0	g2793;g3587	ENSLPGP00000030557.1	23	ok
HOG0005407	PCA001	maximal+minimal	N1[Pmax+min]	1	.	0	g10885	ENSLPGP00000030709.1;ENSLPGP00000030697.1	7	ok
HOG0005409	PCA001	maximal+minimal	N4[Pmax+min]	4	.	0	g9954	ENSLPGP00000029913.1;ENSLPGP00000030765.1	17	ok
HOG0005410	PCA001	maximal+minimal	N1[Pmax+min]	1	.	0	g11966	ENSLPGP00000030774.1	4	ok
HOG0005412	PCA001	maximal+minimal	N92[Pmax+min]	92	.	0	g10894	ENSLPGP00000030867.1	6	ok
HOG0005420	PCA001	maximal+minimal	N13[Pmax+min]	13	.	0	g2733	ENSLPGP00000031115.1	11	ok
HOG0005421	PCA001	maximal+minimal	N1[Pmax+min]	1	.	0	g11291	ENSLPGP00000031126.1	10	ok
HOG0005423	PCA001	maximal+minimal	N1[Pmax+min]	1	.	0	g371	ENSLPGP00000030077.1;ENSLPGP00000031290.1	7	ok
HOG0005430	PCA001	maximal+minimal	N1[Pmax+min]	1	.	0	g12101	ENSLPGP00000031836.1	15	ok
HOG0005433	PCA001	maximal+minimal	N95[Pmax+min]	95	.	0	g8930	ENSLPGP00000031994.1	12	ok
HOG0005444	PCA001	maximal+minimal	N1[Pmax+min]	1	.	0	g6016	ENSLPGP00000032409.1	4	ok
HOG0005446	PCA001	maximal+minimal	N9[Pmax+min]	9	.	0	g10890		8	ok
HOG0005447	PCA001	maximal+minimal	N116[Pmax+min]	116	.	0	g577	ENSLPGP00000032483.1;ENSLPGP00000032472.1	17	ok
HOG0005448	PCA001	maximal+minimal	N20[Pmax+min]	20	.	0	g3184	ENSLPGP00000032471.1;ENSLPGP00000032484.1;ENSLPGP00000032491.1	10	ok
HOG0005450	PCA001	maximal+minimal	N138[Pmax+min]	138	.	0	g12027	ENSLPGP00000032642.1;ENSLPGP00000032655.1	18	ok
HOG0005451	PCA001	maximal+minimal	N1[Pmax+min]	1	.	0	g1068	ENSLPGP00000032718.1	7	ok
HOG0005455	PCA001	maximal+minimal	N1[Pmax+min]	1	.	0	g2321	ENSLPGP00000032944.1	7	ok
HOG0005458	PCA001	maximal+minimal	N1[Pmax+min]	1	.	0	g3503	ENSLPGP00000033162.1	16	ok
HOG0005459	PCA001	maximal+minimal	N111[Pmax+min]	111	.	0	g8847	ENSLPGP00000033239.1	12	ok
HOG0005462	PCA001	maximal+minimal	N1[Pmax+min]	1	.	0	g2343	ENSLPGP00000033328.1	7	ok
HOG0005464	PCA001	maximal+minimal	N1[Pmax+min]	1	.	0	g8143	ENSLPGP00000033531.1	11	ok
HOG0005468	PCA001	maximal+minimal	N1[Pmax+min]	1	.	0	g157	ENSLPGP00000034213.1	15	ok
HOG0005469	PCA001	maximal+minimal	N47[Pmax+min]	47	.	0	g13586	ENSLPGP00000029982.1	10	ok
HOG0005470	PCA001	maximal+minimal	N78[Pmax+min]	78	.	0	g4454		7	ok
HOG0005472	PCA001	maximal+minimal	N67[Pmax+min]	67	.	0	g8505	ENSLPGP00000030296.1	9	ok
HOG0005473	PCA001	maximal+minimal	N1[Pmax+min]	1	.	0	g10250	ENSLPGP00000030486.1	11	ok
HOG0005477	PCA001	maximal+minimal	N1[Pmax+min]	1	.	0	g4788	ENSLPGP00000030567.1	13	ok
HOG0005480	PCA001	maximal+minimal	N3[Pmax+min]	3	.	0	g12798	ENSLPGP00000030638.1;ENSLPGP00000030628.1	12	ok
HOG0005481	PCA001	maximal+minimal	N121[Pmax+min]	121	.	0	g3875	ENSLPGP00000030776.1	8	ok
HOG0005482	PCA001	maximal+minimal	N1[Pmax+min]	1	.	0	g4459	ENSLPGP00000030804.1	8	ok
HOG0005483	PCA002	minimal	N118[Pmin]	118	.	0			5	ok
HOG0005489	PCA001	maximal+minimal	N1[Pmax+min]	1	.	0	g10400	ENSLPGP00000031278.1	7	ok
HOG0005494	PCA001	maximal+minimal	N29[Pmax+min]	29	.	0	g12361	ENSLPGP00000031422.1	6	ok
HOG0005496	PCA001	maximal+minimal	N12[Pmax+min]	12	.	0		ENSLPGP00000031438.1	6	ok
HOG0005501	PCA001	maximal+minimal	N1[Pmax+min]	1	.	0	g2132	ENSLPGP00000031541.1;ENSLPGP00000031528.1	18	ok
HOG0005502	PCA001	maximal+minimal	N1[Pmax+min]	1	.	0	g756	ENSLPGP00000031531.1	8	ok
HOG0005510	PCA001	maximal+minimal	N92[Pmax+min]	92	.	0	g4183	ENSLPGP00000031837.1	13	ok
HOG0005516	PCA001	maximal+minimal	N104[Pmax+min]	104	.	0	g10015;g3668	ENSLPGP00000032006.1	13	ok
HOG0005518	PCA001	maximal+minimal	N121[Pmax+min]	121	.	0	g4427	ENSLPGP00000032027.1	14	ok
HOG0005519	PCA001	maximal+minimal	N1[Pmax+min]	1	.	0	g10331	ENSLPGP00000032028.1	7	ok
HOG0005522	PCA001	maximal+minimal	N1[Pmax+min]	1	.	0	g2397	ENSLPGP00000032178.1	9	ok
HOG0005527	PCA001	maximal+minimal	N1[Pmax+min]	1	.	0	g11155	ENSLPGP00000032428.1;ENSLPGP00000032414.1	10	ok
HOG0005534	PCA001	maximal+minimal	N4[Pmax+min]	4	.	0	g4437	ENSLPGP00000032569.1	6	ok
HOG0005539	PCA001	maximal+minimal	N1[Pmax+min]	1	.	0	g6971	ENSLPGP00000032805.1	7	ok
HOG0005540	PCA001	maximal+minimal	N22[Pmax+min]	22	.	0	g1476		6	ok
HOG0005551	PCA001	maximal+minimal	N28[Pmax+min]	28	.	0	g10772	ENSLPGP00000033586.1	19	ok
HOG0005553	PCA001	maximal+minimal	N1[Pmax+min]	1	.	0	g6462	ENSLPGP00000033643.1	6	ok
HOG0005555	PCA001	maximal+minimal	N1[Pmax+min]	1	.	0	g13741	ENSLPGP00000033673.1	5	ok
HOG0005561	PCA001	maximal+minimal	N9[Pmax+min]	9	.	0	g7731	ENSLPGP00000033854.1	10	ok
HOG0005562	PCA001	maximal+minimal	N170[Pmax+min]	170	.	0	g4872	ENSLPGP00000033863.1	11	ok
HOG0005568	PCA001	maximal+minimal	N9[Pmax+min]	9	.	0	g5213	ENSLPGP00000033912.1	15	ok
HOG0005570	PCA003	minimal	N54[Pmin]	54	.	0	g6561	ENSLPGP00000033968.1	13	ok
HOG0005571	PCA001	maximal+minimal	N1[Pmax+min]	1	.	0	g3596	ENSLPGP00000033974.1	12	ok
HOG0005572	PCA001	maximal+minimal	N1[Pmax+min]	1	.	0	g8119	ENSLPGP00000033991.1	13	ok
HOG0005574	PCA001	maximal+minimal	N1[Pmax+min]	1	.	0	g9109	ENSLPGP00000034031.1	13	ok
HOG0005578	PCA001	maximal+minimal	N5[Pmax+min]	5	.	0	g6368	ENSLPGP00000034191.1	10	ok
HOG0005581	PCA001	maximal+minimal	N1[Pmax+min]	1	.	0	g6283	ENSLPGP00000034218.1	4	ok
HOG0005584	PCA001	maximal+minimal	N1[Pmax+min]	1	.	0	g8253	ENSLPGP00000034319.1	11	ok
HOG0005585	PCA001	maximal+minimal	N1[Pmax+min]	1	.	0	g12975	ENSLPGP00000034348.1	14	ok
HOG0005586	PCA001	maximal+minimal	N0[Pmax+min]	0	.	0	g6669	ENSLPGP00000034401.1	9	ok
HOG0005587	PCA001	maximal+minimal	N1[Pmax+min]	1	.	0	g11637	ENSLPGP00000034404.1	10	ok
HOG0005589	PCA001	maximal+minimal	N1[Pmax+min]	1	.	0	g8263		7	ok
HOG0005592	PCA001	maximal+minimal	N1[Pmax+min]	1	.	0	g13042	ENSLPGP00000034520.1	13	ok
HOG0005593	PCA001	maximal+minimal	N5[Pmax+min]	5	.	0	g2436	ENSLPGP00000034538.1;ENSLPGP00000034551.1	11	ok
HOG0005597	PCA001	maximal+minimal	N60[Pmax+min]	60	.	0	g9270	ENSLPGP00000034657.1;ENSLPGP00000034675.1	16	ok
HOG0005598	PCA001	maximal+minimal	N1[Pmax+min]	1	.	0	g2877	ENSLPGP00000034709.1;ENSLPGP00000034720.1	10	ok
HOG0005599	PCA001	maximal+minimal	N1[Pmax+min]	1	.	0	g3185	ENSLPGP00000034767.1	11	ok
HOG0005603	PCA001	maximal+minimal	N50[Pmax+min]	50	.	0	g150	ENSLPGP00000034918.1	15	ok
HOG0005606	PCA001	maximal+minimal	N1[Pmax+min]	1	.	0	g5503	ENSLPGP00000035029.1;ENSLPGP00000035042.1	11	ok
HOG0005612	PCA001	maximal+minimal	N1[Pmax+min]	1	.	0	g5245	ENSLPGP00000035494.1	10	ok
HOG0005615	PCA001	maximal+minimal	N1[Pmax+min]	1	.	0	g4470	ENSLPGP00000035688.1	7	ok
HOG0005616	PCA001	maximal+minimal	N83[Pmax+min]	83	.	0	g4551	ENSLPGP00000035939.1;ENSLPGP00000035973.1;ENSLPGP00000035956.1	10	ok
HOG0005620	PCA001	maximal+minimal	N1[Pmax+min]	1	.	0	g8340;g13208	ENSLPGP00000032565.1	10	ok
HOG0005625	PCA001	maximal+minimal	N1[Pmax+min]	1	.	0	g9146	ENSLPGP00000032876.1	8	ok
HOG0005643	PCA001	maximal+minimal	N1[Pmax+min]	1	.	0	g1121	ENSLPGP00000034227.1	17	ok
HOG0005645	PCA001	maximal+minimal	N3[Pmax+min]	3	.	0	g9219	ENSLPGP00000034297.1	9	ok
HOG0005649	PCA001	maximal+minimal	N71[Pmax+min]	71	.	0	g8471	ENSLPGP00000034395.1	4	ok
HOG0005651	PCA002	minimal	N2[Pmin]	2	.	0		ENSLPGP00000034459.1	5	ok
HOG0005652	PCA001	maximal+minimal	N47[Pmax+min]	47	.	0			4	ok
HOG0005652	PCA002	maximal+minimal	N83[Pmax+min]	83	.	0			11	ok
HOG0005662	PCA001	maximal+minimal	N15[Pmax+min]	15	.	0	g9864	ENSLPGP00000035253.1	9	ok
HOG0005668	PCA001	maximal+minimal	N1[Pmax+min]	1	.	0	g11379	ENSLPGP00000035606.1	6	ok
HOG0005669	PCA001	maximal+minimal	N40[Pmax+min]	40	.	0			4	ok
HOG0005669	PCA003	minimal	N51[Pmin]	51	.	0		ENSLPGP00000000289.1	11	ok
HOG0005669	PCA005	minimal	N83[Pmin]	83	.	0			10	ok
HOG0005675	PCA001	maximal+minimal	N1[Pmax+min]	1	.	0	g13250	ENSLPGP00000036043.1	11	ok
HOG0005676	PCA001	maximal+minimal	N1[Pmax+min]	1	.	0	g9651	ENSLPGP00000036050.1	6	ok
HOG0005681	PCA001	maximal+minimal	N3[Pmax+min]	3	.	0	g8131	ENSLPGP00000036313.1	8	ok
HOG0005682	PCA001	maximal+minimal	N1[Pmax+min]	1	.	0	g9218	ENSLPGP00000036378.1	8	ok
HOG0005684	PCA001	maximal+minimal	N13[Pmax+min]	13	.	0	g875	ENSLPGP00000036424.1	11	ok
HOG0005687	PCA001	maximal+minimal	N3[Pmax+min]	3	.	0	g13159	ENSLPGP00000036468.1	12	ok
HOG0005689	PCA001	maximal+minimal	N50[Pmax+min]	50	.	0	g12051	ENSLPGP00000036676.1	9	ok
HOG0005692	PCA001	maximal+minimal	N2[Pmax+min]	2	.	0	g3951	ENSLPGP00000036817.1	5	ok
HOG0005699	PCA001	maximal+minimal	N0[Pmax+min]	0	.	0	g4219	ENSLPGP00000037077.1	8	ok
HOG0005703	PCA001	maximal+minimal	N89[Pmax+min]	89	.	0	g6428	ENSLPGP00000037313.1	10	ok
HOG0005723	PCA001	maximal+minimal	N1[Pmax+min]	1	.	0	g8523	ENSLPGP00000034445.1	7	ok
HOG0005727	PCA001	maximal+minimal	N1[Pmax+min]	1	.	0	g10336	ENSLPGP00000034857.1	6	ok
HOG0005733	PCA001	maximal+minimal	N104[Pmax+min]	104	.	0	g5592	ENSLPGP00000035119.1;ENSLPGP00000035111.1	17	ok
HOG0005735	PCA002	minimal	N85[Pmin]	85	.	0	g3825	ENSLPGP00000035266.1	6	ok
HOG0005740	PCA001	maximal+minimal	N4[Pmax+min]	4	.	0	g3766	ENSLPGP00000035560.1	13	ok
HOG0005745	PCA001	maximal+minimal	N56[Pmax+min]	56	.	0	g5273	ENSLPGP00000035749.1	11	ok
HOG0005746	PCA001	maximal+minimal	N92[Pmax+min]	92	.	0	g2133	ENSLPGP00000035801.1	13	ok
HOG0005750	PCA001	maximal+minimal	N1[Pmax+min]	1	.	0	g825	ENSLPGP00000036048.1	9	ok
HOG0005753	PCA001	maximal+minimal	N6[Pmax+min]	6	.	0	g2964	ENSLPGP00000036219.1;ENSLPGP00000036227.1;ENSLPGP00000036237.1	14	ok
HOG0005757	PCA001	maximal+minimal	N1[Pmax+min]	1	.	0	g1722	ENSLPGP00000036442.1	9	ok
HOG0005759	PCA001	maximal+minimal	N8[Pmax+min]	8	.	0	g845	ENSLPGP00000036500.1	12	ok
HOG0005771	PCA001	maximal+minimal	N1[Pmax+min]	1	.	0	g10604	ENSLPGP00000037818.1;ENSLPGP00000037845.1;ENSLPGP00000037833.1	12	ok
HOG0005777	PCA001	maximal+minimal	N10[Pmax+min]	10	.	0	g9000;g3751	ENSLPGP00000038382.1;ENSLPGP00000038376.1	19	ok
HOG0005786	PCA001	maximal+minimal	N1[Pmax+min]	1	.	0	g10424	ENSLPGP00000038706.1	9	ok
HOG0005792	PCA001	maximal+minimal	N1[Pmax+min]	1	.	0	g311	ENSLPGP00000037384.1	7	ok
HOG0005793	PCA001	maximal+minimal	N28[Pmax+min]	28	.	0	g5234	ENSLPGP00000037516.1	5	ok
HOG0005794	PCA002	minimal	N147[Pmin]	147	.	0	g12528	ENSLPGP00000026921.1;ENSLPGP00000026936.1;ENSLPGP00000037515.1;ENSLPGP00000037527.1	23	ok
HOG0005796	PCA001	maximal+minimal	N1[Pmax+min]	1	.	0	g5854	ENSLPGP00000038492.1	4	ok
HOG0005797	PCA001	maximal+minimal	N1[Pmax+min]	1	.	0	g6314	ENSLPGP00000038527.1;ENSLPGP00000038546.1;ENSLPGP00000038538.1	13	ok
HOG0005798	PCA001	maximal+minimal	N1[Pmax+min]	1	.	0	g6025	ENSLPGP00000038735.1	6	ok
HOG0005815	PCA002	minimal	N26[Pmin]	26	.	0	g1023		7	ok
HOG0005816	PCA001	maximal+minimal	N4[Pmax+min]	4	.	0	g5515;g9594	ENSLPGP00000039522.1	8	ok
HOG0005819	PCA001	maximal+minimal	N11[Pmax+min]	11	.	0	g5985		7	ok
HOG0005820	PCA001	maximal+minimal	N1[Pmax+min]	1	.	0	g10865	ENSLPGP00000039706.1	9	ok
HOG0005825	PCA001	maximal+minimal	N4[Pmax+min]	4	.	0	g6028;g2323	ENSLPGP00000039914.1	16	ok
HOG0005826	PCA001	maximal+minimal	N0[Pmax+min]	0	.	0	g7184	ENSLPGP00000039924.1;ENSLPGP00000039907.1	18	ok
HOG0005828	PCA001	maximal+minimal	N1[Pmax+min]	1	.	0	g1210	ENSLPGP00000039970.1	12	ok
HOG0005832	PCA001	maximal+minimal	N7[Pmax+min]	7	.	0	g13263	ENSLPGP00000040201.1;ENSLPGP00000040207.1;ENSLPGP00000040222.1	20	ok
HOG0005833	PCA001	maximal+minimal	N1[Pmax+min]	1	.	0	g781	ENSLPGP00000040342.1	10	ok
HOG0005835	PCA001	maximal+minimal	N1[Pmax+min]	1	.	0	g4520	ENSLPGP00000040664.1	7	ok
HOG0005842	PCA001	maximal+minimal	N1[Pmax+min]	1	.	0	g6129	ENSLPGP00000041155.1	6	ok
HOG0005844	PCA001	maximal+minimal	N119[Pmax+min]	119	.	0	g3071;g9557	ENSLPGP00000041171.1	21	ok
HOG0005845	PCA002	minimal	N36[Pmin]	36	.	0	g12098	ENSLPGP00000041213.1	8	ok
HOG0005848	PCA002	minimal	N103[Pmin]	103	.	0		ENSLPGP00000027619.1;ENSLPGP00000033169.1;ENSLPGP00000028609.1	11	ok
HOG0005853	PCA001	maximal+minimal	N1[Pmax+min]	1	.	0	g5409	ENSLPGP00000041681.1	10	ok
HOG0005858	PCA001	maximal+minimal	N3[Pmax+min]	3	.	0	g11270	ENSLPGP00000013870.1;ENSLPGP00000041932.1;ENSLPGP00000041928.1	14	ok
HOG0005861	PCA001	maximal+minimal	N1[Pmax+min]	1	.	0	g8982	ENSLPGP00000041980.1	12	ok
HOG0005867	PCA001	maximal+minimal	N1[Pmax+min]	1	.	0	g13157	ENSLPGP00000042199.1	6	ok
HOG0005870	PCA001	maximal+minimal	N101[Pmax+min]	101	.	0	g8565	ENSLPGP00000042246.1	4	ok
HOG0005870	PCA002	maximal+minimal	N111[Pmax+min]	111	.	0	g11321	ENSLPGP00000034802.1	8	ok
HOG0005872	PCA001	maximal+minimal	N1[Pmax+min]	1	.	0	g12164	ENSLPGP00000042453.1	10	ok
HOG0005874	PCA001	maximal+minimal	N4[Pmax+min]	4	.	0	g9693	ENSLPGP00000035539.1	12	ok
HOG0005875	PCA001	maximal+minimal	N1[Pmax+min]	1	.	0	g4179	ENSLPGP00000035612.1	12	ok
HOG0005878	PCA001	maximal+minimal	N1[Pmax+min]	1	.	0	g2518	ENSLPGP00000035875.1	8	ok
HOG0005880	PCA001	maximal+minimal	N0[Pmax+min]	0	.	0	g2102	ENSLPGP00000035897.1	7	ok
HOG0005882	PCA001	maximal+minimal	N1[Pmax+min]	1	.	0	g2616;g2277	ENSLPGP00000035888.1;ENSLPGP00000035900.1	19	ok
HOG0005884	PCA001	maximal+minimal	N89[Pmax+min]	89	.	0	g9046	ENSLPGP00000036070.1	10	ok
HOG0005885	PCA001	maximal+minimal	N3[Pmax+min]	3	.	0	g6526	ENSLPGP00000036102.1	11	ok
HOG0005887	PCA001	maximal+minimal	N1[Pmax+min]	1	.	0	g3464	ENSLPGP00000036134.1	8	ok
HOG0005889	PCA001	maximal+minimal	N2[Pmax+min]	2	.	0	g1766;g12646	ENSLPGP00000036163.1;ENSLPGP00000036169.1	22	ok
HOG0005890	PCA001	maximal+minimal	N6[Pmax+min]	6	.	0	g9695	ENSLPGP00000036204.1	9	ok
HOG0005895	PCA001	maximal+minimal	N3[Pmax+min]	3	.	0	g200	ENSLPGP00000036401.1;ENSLPGP00000036384.1	15	ok
HOG0005896	PCA001	maximal+minimal	N123[Pmax+min]	123	.	0	g5172	ENSLPGP00000036448.1;ENSLPGP00000036436.1	16	ok
HOG0005901	PCA001	maximal+minimal	N1[Pmax+min]	1	.	0	g6378	ENSLPGP00000036596.1	9	ok
HOG0005903	PCA001	maximal+minimal	N1[Pmax+min]	1	.	0	g8697	ENSLPGP00000036625.1	8	ok
HOG0005904	PCA001	maximal+minimal	N1[Pmax+min]	1	.	0	g9238	ENSLPGP00000036647.1	14	ok
HOG0005905	PCA001	maximal+minimal	N0[Pmax+min]	0	.	0	g8987	ENSLPGP00000036682.1	8	ok
HOG0005908	PCA001	maximal+minimal	N1[Pmax+min]	1	.	0	g9422	ENSLPGP00000036725.1	9	ok
HOG0005919	PCA001	maximal+minimal	N1[Pmax+min]	1	.	0	g4494	ENSLPGP00000037096.1	5	ok
HOG0005927	PCA001	maximal+minimal	N115[Pmax+min]	115	.	0	g898	ENSLPGP00000037347.1;ENSLPGP00000037352.1	18	ok
HOG0005928	PCA001	maximal+minimal	N1[Pmax+min]	1	.	0	g9054	ENSLPGP00000037370.1	7	ok
HOG0005929	PCA001	maximal+minimal	N2[Pmax+min]	2	.	0	g10116	ENSLPGP00000037393.1	9	ok
HOG0005931	PCA001	maximal+minimal	N1[Pmax+min]	1	.	0	g2831	ENSLPGP00000037504.1	15	ok
HOG0005934	PCA001	maximal+minimal	N166[Pmax+min]	166	.	0	g2070	ENSLPGP00000037556.1;ENSLPGP00000037546.1	16	ok
HOG0005937	PCA001	maximal+minimal	N1[Pmax+min]	1	.	0	g832	ENSLPGP00000037642.1;ENSLPGP00000037625.1	13	ok
HOG0005941	PCA001	maximal+minimal	N0[Pmax+min]	0	.	0	g9155	ENSLPGP00000037837.1	11	ok
HOG0005942	PCA001	maximal+minimal	N1[Pmax+min]	1	.	0	g2585	ENSLPGP00000037839.1	12	ok
HOG0005951	PCA001	maximal+minimal	N1[Pmax+min]	1	.	0	g760	ENSLPGP00000037942.1	14	ok
HOG0005953	PCA001	maximal+minimal	N4[Pmax+min]	4	.	0	g3724	ENSLPGP00000037968.1	12	ok
HOG0005954	PCA001	maximal+minimal	N52[Pmax+min]	52	.	0	g2624		6	ok
HOG0005956	PCA001	maximal+minimal	N1[Pmax+min]	1	.	0	g1318	ENSLPGP00000038064.1	8	ok
HOG0005957	PCA001	maximal+minimal	N134[Pmax+min]	134	.	0	g9763	ENSLPGP00000038065.1;ENSLPGP00000038083.1;ENSLPGP00000038074.1	13	ok
HOG0005964	PCA001	maximal+minimal	N1[Pmax+min]	1	.	0	g10207	ENSLPGP00000038241.1	12	ok
HOG0005966	PCA001	maximal+minimal	N122[Pmax+min]	122	.	0		ENSLPGP00000038263.1	15	ok
HOG0005967	PCA001	maximal+minimal	N84[Pmax+min]	84	.	0	g6786		5	ok
HOG0005969	PCA001	maximal+minimal	N1[Pmax+min]	1	.	0	g5512		6	ok
HOG0005971	PCA001	maximal+minimal	N1[Pmax+min]	1	.	0	g9407	ENSLPGP00000038327.1	10	ok
HOG0005973	PCA001	maximal+minimal	N1[Pmax+min]	1	.	0	g8182	ENSLPGP00000038353.1	7	ok
HOG0005975	PCA001	maximal+minimal	N4[Pmax+min]	4	.	0	g7329	ENSLPGP00000038373.1	11	ok
HOG0005977	PCA001	maximal+minimal	N1[Pmax+min]	1	.	0	g8983	ENSLPGP00000038403.1	7	ok
HOG0005983	PCA001	maximal+minimal	N106[Pmax+min]	106	.	0	g3780	ENSLPGP00000038549.1;ENSLPGP00000038533.1	11	ok
HOG0005991	PCA001	maximal+minimal	N1[Pmax+min]	1	.	0	g5846	ENSLPGP00000038728.1;ENSLPGP00000038738.1	16	ok
HOG0005992	PCA001	maximal+minimal	N0[Pmax+min]	0	.	0	g13154	ENSLPGP00000038739.1	8	ok
HOG0005995	PCA001	maximal+minimal	N1[Pmax+min]	1	.	0	g10076	ENSLPGP00000038784.1	8	ok
HOG0005996	PCA001	maximal+minimal	N101[Pmax+min]	101	.	0	g12857	ENSLPGP00000038788.1	9	ok
HOG0006018	PCA001	maximal+minimal	N1[Pmax+min]	1	.	0	g3482	ENSLPGP00000039217.1;ENSLPGP00000039232.1	6	ok
HOG0006019	PCA001	maximal+minimal	N1[Pmax+min]	1	.	0	g8305	ENSLPGP00000039229.1	9	ok
HOG0006020	PCA001	maximal+minimal	N60[Pmax+min]	60	.	0	g10149		11	ok
HOG0006022	PCA001	maximal+minimal	N58[Pmax+min]	58	.	0	g8105	ENSLPGP00000009496.1;ENSLPGP00000039325.1	18	ok
HOG0006023	PCA001	maximal+minimal	N76[Pmax+min]	76	.	0	g10721;g2815	ENSLPGP00000039326.1	11	ok
HOG0006025	PCA001	maximal+minimal	N94[Pmax+min]	94	.	0	g9418	ENSLPGP00000039331.1;ENSLPGP00000038632.1	9	ok
HOG0006028	PCA001	maximal+minimal	N42[Pmax+min]	42	.	0	g9433	ENSLPGP00000039434.1	13	ok
HOG0006030	PCA001	maximal+minimal	N132[Pmax+min]	132	.	0	g1477	ENSLPGP00000039460.1;ENSLPGP00000039451.1	13	ok
HOG0006035	PCA001	maximal+minimal	N92[Pmax+min]	92	.	0	g6376	ENSLPGP00000039579.1	9	ok
HOG0006036	PCA001	maximal+minimal	N1[Pmax+min]	1	.	0	g3375	ENSLPGP00000039597.1	17	ok
HOG0006040	PCA001	maximal+minimal	N23[Pmax+min]	23	.	0	g1751	ENSLPGP00000039682.1;ENSLPGP00000039668.1	12	ok
HOG0006044	PCA001	maximal+minimal	N3[Pmax+min]	3	.	0	g9538	ENSLPGP00000039738.1	11	ok
HOG0006045	PCA001	maximal+minimal	N107[Pmax+min]	107	.	0	g2339	ENSLPGP00000039758.1	12	ok
HOG0006049	PCA001	maximal+minimal	N93[Pmax+min]	93	.	0	g2163	ENSLPGP00000039847.1;ENSLPGP00000039838.1	8	ok
HOG0006050	PCA001	maximal+minimal	N1[Pmax+min]	1	.	0	g3797	ENSLPGP00000039865.1	8	ok
HOG0006051	PCA001	maximal+minimal	N3[Pmax+min]	3	.	0	g12029	ENSLPGP00000039916.1	7	ok
HOG0006052	PCA001	maximal+minimal	N16[Pmax+min]	16	.	0	g9300	ENSLPGP00000039920.1	12	ok
HOG0006057	PCA001	maximal+minimal	N91[Pmax+min]	91	.	0	g8974;g3106	ENSLPGP00000039994.1	22	ok
HOG0006059	PCA001	maximal+minimal	N95[Pmax+min]	95	.	0	g12159	ENSLPGP00000040061.1	16	ok
HOG0006062	PCA001	maximal+minimal	N1[Pmax+min]	1	.	0	g12564	ENSLPGP00000040103.1	7	ok
HOG0006063	PCA001	maximal+minimal	N11[Pmax+min]	11	.	0	g9043	ENSLPGP00000040120.1	5	ok
HOG0006065	PCA001	maximal+minimal	N22[Pmax+min]	22	.	0	g10285	ENSLPGP00000040135.1	5	ok
HOG0006066	PCA001	maximal+minimal	N1[Pmax+min]	1	.	0	g12322	ENSLPGP00000040153.1	8	ok
HOG0006069	PCA001	maximal+minimal	N115[Pmax+min]	115	.	0	g11242	ENSLPGP00000040239.1	6	ok
HOG0006070	PCA001	maximal+minimal	N94[Pmax+min]	94	.	0	g2885	ENSLPGP00000040251.1	5	ok
HOG0006071	PCA001	maximal+minimal	N4[Pmax+min]	4	.	0	g3772	ENSLPGP00000040253.1;ENSLPGP00000040238.1	11	ok
HOG0006072	PCA001	maximal+minimal	N182[Pmax+min]	182	.	0	g8417;g8573	ENSLPGP00000040278.1	13	ok
HOG0006074	PCA001	maximal+minimal	N148[Pmax+min]	148	.	0	g2483	ENSLPGP00000040295.1;ENSLPGP00000040289.1	14	ok
HOG0006084	PCA001	maximal+minimal	N154[Pmax+min]	154	.	0	g1746	ENSLPGP00000040728.1;ENSLPGP00000040708.1	12	ok
HOG0006085	PCA001	maximal+minimal	N28[Pmax+min]	28	.	0	g2690	ENSLPGP00000040754.1	16	ok
HOG0006086	PCA001	maximal+minimal	N1[Pmax+min]	1	.	0	g8953	ENSLPGP00000040758.1	11	ok
HOG0006089	PCA001	maximal+minimal	N7[Pmax+min]	7	.	0	g3224	ENSLPGP00000040817.1;ENSLPGP00000040845.1;ENSLPGP00000003924.1;ENSLPGP00000003939.1	16	ok
HOG0006091	PCA001	maximal+minimal	N302[Pmax+min]	302	.	0	g3322	ENSLPGP00000040862.1;ENSLPGP00000040849.1	17	ok
HOG0006093	PCA001	maximal+minimal	N1[Pmax+min]	1	.	0	g7121	ENSLPGP00000040894.1	12	ok
HOG0006097	PCA001	maximal+minimal	N0[Pmax+min]	0	.	0	g6143	ENSLPGP00000041064.1	9	ok
HOG0006098	PCA001	maximal+minimal	N1[Pmax+min]	1	.	0	g6415	ENSLPGP00000041089.1	7	ok
HOG0006102	PCA001	maximal+minimal	N0[Pmax+min]	0	.	0	g12553	ENSLPGP00000041237.1	9	ok
HOG0006107	PCA001	maximal+minimal	N39[Pmax+min]	39	.	0	g1289	ENSLPGP00000041458.1	13	ok
HOG0006110	PCA001	maximal+minimal	N6[Pmax+min]	6	.	0	g5427	ENSLPGP00000039409.1	8	ok
HOG0006111	PCA001	maximal+minimal	N137[Pmax+min]	137	.	0	g6586		9	ok
HOG0006112	PCA001	maximal+minimal	N1[Pmax+min]	1	.	0	g5424	ENSLPGP00000039439.1	9	ok
HOG0006114	PCA001	maximal+minimal	N3[Pmax+min]	3	.	0	g6899	ENSLPGP00000039468.1	12	ok
HOG0006117	PCA001	maximal+minimal	N1[Pmax+min]	1	.	0	g4819	ENSLPGP00000039837.1	7	ok
HOG0006119	PCA001	maximal+minimal	N1[Pmax+min]	1	.	0	g10867	ENSLPGP00000039876.1	7	ok
HOG0006127	PCA001	maximal+minimal	N1[Pmax+min]	1	.	0	g638	ENSLPGP00000040487.1	8	ok
HOG0006128	PCA002	minimal	N2[Pmin]	2	.	0	g713	ENSLPGP00000040548.1;ENSLPGP00000040539.1	11	ok
HOG0006130	PCA001	maximal+minimal	N95[Pmax+min]	95	.	0		ENSLPGP00000040616.1	9	ok
HOG0006131	PCA001	maximal+minimal	N22[Pmax+min]	22	.	0		ENSLPGP00000040834.1	10	ok
HOG0006139	PCA001	maximal+minimal	N1[Pmax+min]	1	.	0	g13080;g9377	ENSLPGP00000041225.1	15	ok
HOG0006145	PCA001	maximal+minimal	N1[Pmax+min]	1	.	0	g12903	ENSLPGP00000041496.1	13	ok
HOG0006147	PCA001	maximal+minimal	N4[Pmax+min]	4	.	0	g6229	ENSLPGP00000041557.1	10	ok
HOG0006150	PCA001	maximal+minimal	N14[Pmax+min]	14	.	0	g9628	ENSLPGP00000041710.1	5	ok
HOG0006151	PCA001	maximal+minimal	N55[Pmax+min]	55	.	0	g978	ENSLPGP00000041728.1	10	ok
HOG0006158	PCA001	maximal+minimal	N1[Pmax+min]	1	.	0	g10213	ENSLPGP00000041899.1	5	ok
HOG0006163	PCA001	maximal+minimal	N1[Pmax+min]	1	.	0	g8510	ENSLPGP00000042036.1	12	ok
HOG0006165	PCA001	maximal+minimal	N1[Pmax+min]	1	.	0	g2230	ENSLPGP00000042089.1;ENSLPGP00000042092.1	11	ok
HOG0006166	PCA001	maximal+minimal	N4[Pmax+min]	4	.	0	g9826	ENSLPGP00000042094.1	15	ok
HOG0006167	PCA001	maximal+minimal	N1[Pmax+min]	1	.	0	g11450	ENSLPGP00000042107.1;ENSLPGP00000042101.1	14	ok
HOG0006171	PCA001	maximal+minimal	N120[Pmax+min]	120	.	0	g6535	ENSLPGP00000042186.1	16	ok
HOG0006172	PCA001	maximal+minimal	N32[Pmax+min]	32	.	0	g9795	ENSLPGP00000042192.1	11	ok
HOG0006174	PCA001	maximal+minimal	N3[Pmax+min]	3	.	0	g9029	ENSLPGP00000042207.1;ENSLPGP00000042211.1	19	ok
HOG0006175	PCA001	maximal+minimal	N1[Pmax+min]	1	.	0	g13686	ENSLPGP00000042236.1	6	ok
HOG0006176	PCA001	maximal+minimal	N86[Pmax+min]	86	.	0	g12981	ENSLPGP00000042241.1	8	ok
HOG0006180	PCA002	minimal	N12[Pmin]	12	.	0	g1724	ENSLPGP00000042350.1	11	ok
HOG0006184	PCA001	maximal+minimal	N1[Pmax+min]	1	.	0	g1901	ENSLPGP00000042450.1	6	ok
HOG0006186	PCA001	maximal+minimal	N7[Pmax+min]	7	.	0	g2536	ENSLPGP00000042473.1	6	ok
HOG0006187	PCA001	maximal+minimal	N3[Pmax+min]	3	.	0	g11961	ENSLPGP00000042484.1	11	ok
HOG0006189	PCA001	maximal+minimal	N117[Pmax+min]	117	.	0	g1604	ENSLPGP00000042493.1	10	ok
HOG0006190	PCA002	minimal	N17[Pmin]	17	.	0	g6618;g13214		14	ok
HOG0006190	PCA003	minimal	N52[Pmin]	52	.	0			15	ok
HOG0006192	PCA002	minimal	N5[Pmin]	5	.	0	g10771		9	ok
HOG0006193	PCA001	maximal+minimal	N104[Pmax+min]	104	.	0	g2833	ENSLPGP00000042580.1;ENSLPGP00000042576.1	6	ok
HOG0006195	PCA001	maximal+minimal	N15[Pmax+min]	15	.	0	g7067	ENSLPGP00000042606.1	9	ok
HOG0006204	PCA001	maximal+minimal	N60[Pmax+min]	60	.	0	g3101	ENSLPGP00000000053.1	11	ok
HOG0006205	PCA001	maximal+minimal	N0[Pmax+min]	0	.	0	g10782	ENSLPGP00000000065.1	14	ok
HOG0006206	PCA001	maximal+minimal	N1[Pmax+min]	1	.	0	g966	ENSLPGP00000000225.1	9	ok
HOG0006208	PCA001	maximal+minimal	N1[Pmax+min]	1	.	0	g9466	ENSLPGP00000000468.1	7	ok
HOG0006210	PCA002	minimal	N3[Pmin]	3	.	0	g763	ENSLPGP00000000604.1	4	ok
HOG0006213	PCA001	maximal+minimal	N146[Pmax+min]	146	.	0	g8927	ENSLPGP00000000673.1	9	ok
HOG0006214	PCA001	maximal+minimal	N7[Pmax+min]	7	.	0	g3340	ENSLPGP00000000689.1	11	ok
HOG0006218	PCA002	minimal	N5[Pmin]	5	.	0	g12403	ENSLPGP00000000808.1	9	ok
HOG0006221	PCA001	maximal+minimal	N294[Pmax+min]	294	.	0	g1959	ENSLPGP00000019288.1	10	ok
HOG0006222	PCA001	maximal+minimal	N1[Pmax+min]	1	.	0	g9135	ENSLPGP00000000986.1;ENSLPGP00000000972.1	10	ok
HOG0006229	PCA001	maximal+minimal	N1[Pmax+min]	1	.	0	g8421	ENSLPGP00000001307.1	7	ok
HOG0006231	PCA001	maximal+minimal	N3[Pmax+min]	3	.	0	g8188	ENSLPGP00000001398.1	22	ok
HOG0006234	PCA001	maximal+minimal	N1[Pmax+min]	1	.	0	g12858	ENSLPGP00000001590.1	4	ok
HOG0006235	PCA001	maximal+minimal	N1[Pmax+min]	1	.	0	g10129	ENSLPGP00000009732.1;ENSLPGP00000001653.1	13	ok
HOG0006237	PCA001	maximal+minimal	N1[Pmax+min]	1	.	0	g5042	ENSLPGP00000001961.1	6	ok
HOG0006240	PCA001	maximal+minimal	N88[Pmax+min]	88	.	0	g1679	ENSLPGP00000002115.1	12	ok
HOG0006251	PCA001	maximal+minimal	N1[Pmax+min]	1	.	0	g8725	ENSLPGP00000002771.1	8	ok
HOG0006252	PCA001	maximal+minimal	N70[Pmax+min]	70	.	0		ENSLPGP00000002807.1;ENSLPGP00000002796.1;ENSLPGP00000002782.1	12	ok
HOG0006256	PCA001	maximal+minimal	N66[Pmax+min]	66	.	0	g12543	ENSLPGP00000003048.1;ENSLPGP00000003058.1	8	ok
HOG0006257	PCA001	maximal+minimal	N1[Pmax+min]	1	.	0	g9211	ENSLPGP00000003133.1	6	ok
HOG0006261	PCA001	maximal+minimal	N1[Pmax+min]	1	.	0	g1290	ENSLPGP00000003472.1	13	ok
HOG0006265	PCA001	maximal+minimal	N1[Pmax+min]	1	.	0	g2869	ENSLPGP00000003639.1	9	ok
HOG0006266	PCA001	maximal+minimal	N1[Pmax+min]	1	.	0	g1685	ENSLPGP00000003689.1	11	ok
HOG0006270	PCA001	maximal+minimal	N90[Pmax+min]	90	.	0	g11593	ENSLPGP00000003958.1	11	ok
HOG0006273	PCA001	maximal+minimal	N1[Pmax+min]	1	.	0	g9504	ENSLPGP00000004073.1	10	ok
HOG0006275	PCA001	maximal+minimal	N1[Pmax+min]	1	.	0	g5018	ENSLPGP00000004322.1	11	ok
HOG0006278	PCA001	maximal+minimal	N1[Pmax+min]	1	.	0	g12393	ENSLPGP00000004627.1	6	ok
HOG0006279	PCA001	maximal+minimal	N1[Pmax+min]	1	.	0	g10533	ENSLPGP00000004799.1	9	ok
HOG0006282	PCA001	maximal+minimal	N153[Pmax+min]	153	.	0	g6437;g5381	ENSLPGP00000004894.1;ENSLPGP00000004905.1	13	ok
HOG0006283	PCA002	minimal	N6[Pmin]	6	.	0	g6771		9	ok
HOG0006283	PCA003	minimal	N23[Pmin]	23	.	0	g6770	ENSLPGP00000004912.1	10	ok
HOG0006286	PCA001	maximal+minimal	N129[Pmax+min]	129	.	0	g8869	ENSLPGP00000004975.1	14	ok
HOG0006288	PCA001	maximal+minimal	N1[Pmax+min]	1	.	0	g2621	ENSLPGP00000005173.1;ENSLPGP00000005136.1	9	ok
HOG0006290	PCA001	maximal+minimal	N9[Pmax+min]	9	.	0	g5065	ENSLPGP00000005243.1	7	ok
HOG0006293	PCA001	maximal+minimal	N1[Pmax+min]	1	.	0	g6351	ENSLPGP00000005280.1	7	ok
HOG0006295	PCA001	maximal+minimal	N76[Pmax+min]	76	.	0	g12391	ENSLPGP00000005301.1	7	ok
HOG0006304	PCA001	maximal+minimal	N2[Pmax+min]	2	.	0	g11195	ENSLPGP00000005462.1	6	ok
HOG0006306	PCA001	maximal+minimal	N1[Pmax+min]	1	.	0	g5123	ENSLPGP00000005525.1	7	ok
HOG0006307	PCA001	maximal+minimal	N1[Pmax+min]	1	.	0	g8090;g5227	ENSLPGP00000005541.1	7	ok
HOG0006308	PCA001	maximal+minimal	N1[Pmax+min]	1	.	0	g3656	ENSLPGP00000005543.1	9	ok
HOG0006311	PCA001	maximal+minimal	N1[Pmax+min]	1	.	0	g12864	ENSLPGP00000005586.1	15	ok
HOG0006312	PCA002	minimal	N108[Pmin]	108	.	0	g12863	ENSLPGP00000005611.1	11	ok
HOG0006313	PCA001	maximal+minimal	N1[Pmax+min]	1	.	0	g414	ENSLPGP00000005658.1	6	ok
HOG0006318	PCA001	maximal+minimal	N1[Pmax+min]	1	.	0	g2066	ENSLPGP00000005785.1	10	ok
HOG0006321	PCA001	maximal+minimal	N1[Pmax+min]	1	.	0	g8269	ENSLPGP00000005898.1	16	ok
HOG0006324	PCA001	maximal+minimal	N44[Pmax+min]	44	.	0	g13357	ENSLPGP00000005952.1	8	ok
HOG0006327	PCA001	maximal+minimal	N1[Pmax+min]	1	.	0	g9785	ENSLPGP00000006181.1	14	ok
HOG0006332	PCA002	minimal	N15[Pmin]	15	.	0	g2024	ENSLPGP00000006454.1	14	ok
HOG0006338	PCA001	maximal+minimal	N123[Pmax+min]	123	.	0	g6305	ENSLPGP00000006878.1;ENSLPGP00000006887.1	18	ok
HOG0006341	PCA001	maximal+minimal	N24[Pmax+min]	24	.	0	g9014;g2268	ENSLPGP00000007233.1;ENSLPGP00000007225.1	24	ok
HOG0006342	PCA001	maximal+minimal	N28[Pmax+min]	28	.	0	g1521	ENSLPGP00000007235.1	8	ok
HOG0006348	PCA001	maximal+minimal	N1[Pmax+min]	1	.	0	g3486	ENSLPGP00000007553.1	4	ok
HOG0006355	PCA001	maximal+minimal	N1[Pmax+min]	1	.	0	g5408	ENSLPGP00000008132.1	8	ok
HOG0006362	PCA001	maximal+minimal	N1[Pmax+min]	1	.	0	g6299	ENSLPGP00000008640.1	7	ok
HOG0006368	PCA001	maximal+minimal	N5[Pmax+min]	5	.	0	g5174	ENSLPGP00000008947.1;ENSLPGP00000008877.1;ENSLPGP00000008862.1;ENSLPGP00000008933.1	16	ok
HOG0006369	PCA001	maximal+minimal	N1[Pmax+min]	1	.	0	g5100	ENSLPGP00000009018.1	15	ok
HOG0006371	PCA001	maximal+minimal	N0[Pmax+min]	0	.	0	g6906	ENSLPGP00000009052.1	7	ok
HOG0006373	PCA001	maximal+minimal	N1[Pmax+min]	1	.	0	g6500	ENSLPGP00000009077.1	6	ok
HOG0006374	PCA001	maximal+minimal	N6[Pmax+min]	6	.	0	g1538	ENSLPGP00000009085.1	9	ok
HOG0006375	PCA001	maximal+minimal	N8[Pmax+min]	8	.	0	g11949	ENSLPGP00000009099.1	15	ok
HOG0006379	PCA001	maximal+minimal	N66[Pmax+min]	66	.	0	g1961	ENSLPGP00000009228.1	8	ok
HOG0006382	PCA001	maximal+minimal	N0[Pmax+min]	0	.	0	g4993	ENSLPGP00000009293.1	10	ok
HOG0006385	PCA001	maximal+minimal	N58[Pmax+min]	58	.	0	g974	ENSLPGP00000009616.1	14	ok
HOG0006388	PCA001	maximal+minimal	N126[Pmax+min]	126	.	0	g3622	ENSLPGP00000009723.1	12	ok
HOG0006391	PCA001	maximal+minimal	N4[Pmax+min]	4	.	0	g9436	ENSLPGP00000009814.1	11	ok
HOG0006392	PCA002	minimal	N3[Pmin]	3	.	0		ENSLPGP00000009861.1	10	ok
HOG0006392	PCA003	maximal+minimal	N81[Pmax+min]	81	.	0		ENSLPGP00000014566.1;ENSLPGP00000014578.1	12	ok
HOG0006393	PCA001	maximal+minimal	N1[Pmax+min]	1	.	0	g1910	ENSLPGP00000009851.1;ENSLPGP00000009868.1	7	ok
HOG0006399	PCA001	maximal+minimal	N1[Pmax+min]	1	.	0	g367	ENSLPGP00000010241.1	12	ok
HOG0006400	PCA001	maximal+minimal	N60[Pmax+min]	60	.	0	g488	ENSLPGP00000010251.1;ENSLPGP00000010268.1	17	ok
HOG0006401	PCA001	maximal+minimal	N5[Pmax+min]	5	.	0	g5519	ENSLPGP00000010565.1	10	ok
HOG0006403	PCA002	minimal	N90[Pmin]	90	.	0	g10251	ENSLPGP00000010866.1	11	ok
HOG0006407	PCA001	maximal+minimal	N8[Pmax+min]	8	.	0	g3480	ENSLPGP00000005548.1	8	ok
HOG0006409	PCA001	maximal+minimal	N16[Pmax+min]	16	.	0	g11460	ENSLPGP00000005570.1	12	ok
HOG0006411	PCA001	maximal+minimal	N17[Pmax+min]	17	.	0	g2510	ENSLPGP00000005603.1	9	ok
HOG0006414	PCA001	maximal+minimal	N1[Pmax+min]	1	.	0	g2681	ENSLPGP00000005616.1	11	ok
HOG0006423	PCA001	maximal+minimal	N91[Pmax+min]	91	.	0	g6588	ENSLPGP00000005922.1	12	ok
HOG0006424	PCA001	maximal+minimal	N1[Pmax+min]	1	.	0	g3866	ENSLPGP00000006028.1	4	ok
HOG0006425	PCA001	maximal+minimal	N1[Pmax+min]	1	.	0	g8997	ENSLPGP00000006108.1	11	ok
HOG0006432	PCA001	maximal+minimal	N1[Pmax+min]	1	.	0	g3001	ENSLPGP00000006363.1	11	ok
HOG0006439	PCA001	maximal+minimal	N1[Pmax+min]	1	.	0	g3165	ENSLPGP00000006685.1	6	ok
HOG0006442	PCA001	maximal+minimal	N1[Pmax+min]	1	.	0	g2909	ENSLPGP00000006781.1	7	ok
HOG0006443	PCA001	maximal+minimal	N1[Pmax+min]	1	.	0	g3166	ENSLPGP00000006800.1	8	ok
HOG0006460	PCA001	maximal+minimal	N0[Pmax+min]	0	.	0	g6080	ENSLPGP00000007351.1	10	ok
HOG0006464	PCA001	maximal+minimal	N104[Pmax+min]	104	.	0	g2872	ENSLPGP00000019071.1	11	ok
HOG0006468	PCA001	maximal+minimal	N129[Pmax+min]	129	.	0	g3312	ENSLPGP00000007687.1	12	ok
HOG0006469	PCA001	maximal+minimal	N78[Pmax+min]	78	.	0	g3140	ENSLPGP00000007702.1	7	ok
HOG0006475	PCA001	maximal+minimal	N1[Pmax+min]	1	.	0	g3211	ENSLPGP00000007907.1;ENSLPGP00000007894.1	14	ok
HOG0006477	PCA001	maximal+minimal	N1[Pmax+min]	1	.	0	g8973	ENSLPGP00000008045.1	7	ok
HOG0006479	PCA001	maximal+minimal	N1[Pmax+min]	1	.	0	g2860	ENSLPGP00000008067.1	12	ok
HOG0006482	PCA001	maximal+minimal	N6[Pmax+min]	6	.	0	g2596	ENSLPGP00000008184.1	10	ok
HOG0006483	PCA001	maximal+minimal	N1[Pmax+min]	1	.	0	g10090	ENSLPGP00000008197.1	10	ok
HOG0006485	PCA002	minimal	N94[Pmin]	94	.	0	g13132	ENSLPGP00000008281.1	5	ok
HOG0006491	PCA001	maximal+minimal	N132[Pmax+min]	132	.	0	g3714	ENSLPGP00000008453.1;ENSLPGP00000008437.1;ENSLPGP00000008467.1	17	ok
HOG0006495	PCA002	minimal	N88[Pmin]	88	.	0	g3616		4	ok
HOG0006500	PCA001	maximal+minimal	N1[Pmax+min]	1	.	0	g2849;g9208	ENSLPGP00000008696.1	11	ok
HOG0006502	PCA001	maximal+minimal	N1[Pmax+min]	1	.	0	g8094	ENSLPGP00000008927.1	9	ok
HOG0006505	PCA001	maximal+minimal	N1[Pmax+min]	1	.	0	g2648	ENSLPGP00000009054.1;ENSLPGP00000009032.1	10	ok
HOG0006506	PCA001	maximal+minimal	N153[Pmax+min]	153	.	0	g9274	ENSLPGP00000009083.1	9	ok
HOG0006510	PCA001	maximal+minimal	N5[Pmax+min]	5	.	0	g2828		6	ok
HOG0006513	PCA001	maximal+minimal	N85[Pmax+min]	85	.	0	g2883	ENSLPGP00000009509.1	8	ok
HOG0006516	PCA001	maximal+minimal	N1[Pmax+min]	1	.	0	g3828	ENSLPGP00000009549.1	11	ok
HOG0006517	PCA002	minimal	N11[Pmin]	11	.	0	g9731	ENSLPGP00000009575.1	9	ok
HOG0006518	PCA001	maximal+minimal	N44[Pmax+min]	44	.	0	g3811	ENSLPGP00000009604.1	10	ok
HOG0006519	PCA001	maximal+minimal	N1[Pmax+min]	1	.	0	g3611	ENSLPGP00000009620.1	13	ok
HOG0006522	PCA001	maximal+minimal	N1[Pmax+min]	1	.	0	g9836	ENSLPGP00000010100.1	12	ok
HOG0006523	PCA001	maximal+minimal	N137[Pmax+min]	137	.	0	g1061;g7182	ENSLPGP00000010139.1	24	ok
HOG0006524	PCA001	maximal+minimal	N3[Pmax+min]	3	.	0	g6579	ENSLPGP00000010159.1	9	ok
HOG0006527	PCA001	maximal+minimal	N56[Pmax+min]	56	.	0	g705	ENSLPGP00000005714.1	8	ok
HOG0006531	PCA001	maximal+minimal	N1[Pmax+min]	1	.	0	g10476	ENSLPGP00000005832.1	12	ok
HOG0006532	PCA001	maximal+minimal	N1[Pmax+min]	1	.	0	g1168	ENSLPGP00000005863.1	10	ok
HOG0006533	PCA002	minimal	N101[Pmin]	101	.	0	g478	ENSLPGP00000005865.1;ENSLPGP00000005859.1	9	ok
HOG0006535	PCA001	maximal+minimal	N1[Pmax+min]	1	.	0	g266	ENSLPGP00000025744.1;ENSLPGP00000006097.1	6	ok
HOG0006541	PCA001	maximal+minimal	N1[Pmax+min]	1	.	0	g9119	ENSLPGP00000006319.1	10	ok
HOG0006542	PCA001	maximal+minimal	N1[Pmax+min]	1	.	0	g3092	ENSLPGP00000006386.1	8	ok
HOG0006543	PCA001	maximal+minimal	N86[Pmax+min]	86	.	0	g13065	ENSLPGP00000006436.1	12	ok
HOG0006548	PCA001	maximal+minimal	N1[Pmax+min]	1	.	0	g11098	ENSLPGP00000006747.1	9	ok
HOG0006549	PCA001	maximal+minimal	N4[Pmax+min]	4	.	0	g9524	ENSLPGP00000006759.1	4	ok
HOG0006554	PCA001	maximal+minimal	N13[Pmax+min]	13	.	0	g8860	ENSLPGP00000007005.1	6	ok
HOG0006557	PCA001	maximal+minimal	N96[Pmax+min]	96	.	0	g6665	ENSLPGP00000007190.1	7	ok
HOG0006560	PCA001	maximal+minimal	N1[Pmax+min]	1	.	0	g5208	ENSLPGP00000007287.1	6	ok
HOG0006564	PCA001	maximal+minimal	N1[Pmax+min]	1	.	0	g981	ENSLPGP00000007510.1	13	ok
HOG0006566	PCA001	maximal+minimal	N1[Pmax+min]	1	.	0	g6245	ENSLPGP00000007504.1;ENSLPGP00000007527.1	10	ok
HOG0006567	PCA001	maximal+minimal	N1[Pmax+min]	1	.	0	g1110	ENSLPGP00000007630.1;ENSLPGP00000007620.1	14	ok
HOG0006572	PCA001	maximal+minimal	N129[Pmax+min]	129	.	0		ENSLPGP00000007839.1	13	ok
HOG0006577	PCA001	maximal+minimal	N1[Pmax+min]	1	.	0	g3163	ENSLPGP00000008228.1	8	ok
HOG0006584	PCA001	maximal+minimal	N96[Pmax+min]	96	.	0	g947	ENSLPGP00000008507.1;ENSLPGP00000008521.1	11	ok
HOG0006586	PCA001	maximal+minimal	N9[Pmax+min]	9	.	0	g2200	ENSLPGP00000008552.1	12	ok
HOG0006588	PCA001	maximal+minimal	N3[Pmax+min]	3	.	0	g2346;g1791	ENSLPGP00000008629.1	12	ok
HOG0006590	PCA001	maximal+minimal	N83[Pmax+min]	83	.	0	g11222	ENSLPGP00000008653.1;ENSLPGP00000008645.1	19	ok
HOG0006608	PCA001	maximal+minimal	N1[Pmax+min]	1	.	0	g10288	ENSLPGP00000009573.1;ENSLPGP00000009587.1;ENSLPGP00000009623.1;ENSLPGP00000009600.1	10	ok
HOG0006610	PCA001	maximal+minimal	N16[Pmax+min]	16	.	0	g3702	ENSLPGP00000009650.1	13	ok
HOG0006613	PCA001	maximal+minimal	N1[Pmax+min]	1	.	0	g10794	ENSLPGP00000009774.1	9	ok
HOG0006614	PCA001	maximal+minimal	N90[Pmax+min]	90	.	0	g2258	ENSLPGP00000009800.1	6	ok
HOG0006615	PCA001	maximal+minimal	N1[Pmax+min]	1	.	0	g1191	ENSLPGP00000009815.1	9	ok
HOG0006616	PCA001	maximal+minimal	N7[Pmax+min]	7	.	0	g12679		13	ok
HOG0006617	PCA001	maximal+minimal	N322[Pmax+min]	322	.	0	g8928;g9678;g2821	ENSLPGP00000019558.1;ENSLPGP00000037306.1;ENSLPGP00000037308.1;ENSLPGP00000009880.1;ENSLPGP00000004243.1;ENSLPGP00000009890.1;ENSLPGP00000002082.1;ENSLPGP00000000552.1;ENSLPGP00000004480.1	38	ok
HOG0006618	PCA001	maximal+minimal	N0[Pmax+min]	0	.	0	g1018	ENSLPGP00000009896.1	9	ok
HOG0006619	PCA001	maximal+minimal	N1[Pmax+min]	1	.	0	g3218	ENSLPGP00000009944.1	13	ok
HOG0006621	PCA001	maximal+minimal	N109[Pmax+min]	109	.	0	g3451	ENSLPGP00000010090.1	13	ok
HOG0006622	PCA001	maximal+minimal	N6[Pmax+min]	6	.	0	g1522	ENSLPGP00000010105.1;ENSLPGP00000010099.1	12	ok
HOG0006628	PCA001	maximal+minimal	N15[Pmax+min]	15	.	0	g353	ENSLPGP00000010400.1	10	ok
HOG0006629	PCA001	maximal+minimal	N145[Pmax+min]	145	.	0	g10130;g1879;g3773	ENSLPGP00000010457.1	23	ok
HOG0006630	PCA001	maximal+minimal	N1[Pmax+min]	1	.	0	g386	ENSLPGP00000010501.1;ENSLPGP00000010491.1	13	ok
HOG0006631	PCA001	maximal+minimal	N124[Pmax+min]	124	.	0	g184;g11187	ENSLPGP00000010507.1	22	ok
HOG0006633	PCA001	maximal+minimal	N1[Pmax+min]	1	.	0	g405	ENSLPGP00000010605.1;ENSLPGP00000010620.1	10	ok
HOG0006635	PCA001	maximal+minimal	N105[Pmax+min]	105	.	0	g10773	ENSLPGP00000010862.1	13	ok
HOG0006637	PCA001	maximal+minimal	N1[Pmax+min]	1	.	0	g10654	ENSLPGP00000011156.1	11	ok
HOG0006639	PCA001	maximal+minimal	N0[Pmax+min]	0	.	0	g13662	ENSLPGP00000006043.1	12	ok
HOG0006643	PCA001	maximal+minimal	N0[Pmax+min]	0	.	0	g7669	ENSLPGP00000006340.1	8	ok
HOG0006644	PCA001	maximal+minimal	N1[Pmax+min]	1	.	0	g338	ENSLPGP00000006350.1	11	ok
HOG0006650	PCA001	maximal+minimal	N31[Pmax+min]	31	.	0	g13572	ENSLPGP00000006585.1;ENSLPGP00000006567.1	16	ok
HOG0006651	PCA001	maximal+minimal	N130[Pmax+min]	130	.	0	g7704	ENSLPGP00000006618.1	12	ok
HOG0006656	PCA001	maximal+minimal	N3[Pmax+min]	3	.	0	g7122	ENSLPGP00000006830.1	12	ok
HOG0006658	PCA001	maximal+minimal	N117[Pmax+min]	117	.	0	g7349	ENSLPGP00000006891.1;ENSLPGP00000006881.1;ENSLPGP00000006870.1	12	ok
HOG0006659	PCA001	maximal+minimal	N1[Pmax+min]	1	.	0	g13439	ENSLPGP00000006942.1	8	ok
HOG0006661	PCA001	maximal+minimal	N1[Pmax+min]	1	.	0	g7848	ENSLPGP00000006969.1	6	ok
HOG0006665	PCA001	maximal+minimal	N0[Pmax+min]	0	.	0	g7820	ENSLPGP00000007047.1;ENSLPGP00000007061.1	14	ok
HOG0006666	PCA001	maximal+minimal	N28[Pmax+min]	28	.	0	g9133	ENSLPGP00000007166.1	8	ok
HOG0006669	PCA001	maximal+minimal	N1[Pmax+min]	1	.	0	g7382	ENSLPGP00000007302.1	4	ok
HOG0006670	PCA001	maximal+minimal	N1[Pmax+min]	1	.	0	g12153	ENSLPGP00000007305.1	11	ok
HOG0006675	PCA001	maximal+minimal	N1[Pmax+min]	1	.	0	g7458	ENSLPGP00000007427.1	4	ok
HOG0006679	PCA001	maximal+minimal	N1[Pmax+min]	1	.	0	g6033	ENSLPGP00000007577.1	5	ok
HOG0006680	PCA001	maximal+minimal	N1[Pmax+min]	1	.	0	g13574	ENSLPGP00000007614.1	4	ok
HOG0006689	PCA001	maximal+minimal	N1[Pmax+min]	1	.	0	g6685	ENSLPGP00000007911.1	8	ok
HOG0006692	PCA001	maximal+minimal	N1[Pmax+min]	1	.	0	g2221	ENSLPGP00000007956.1	11	ok
HOG0006695	PCA001	maximal+minimal	N3[Pmax+min]	3	.	0	g2685	ENSLPGP00000007985.1;ENSLPGP00000007972.1;ENSLPGP00000007991.1	10	ok
HOG0006696	PCA001	maximal+minimal	N4[Pmax+min]	4	.	0	g1669	ENSLPGP00000008013.1;ENSLPGP00000007999.1	13	ok
HOG0006698	PCA001	maximal+minimal	N140[Pmax+min]	140	.	0	g11282	ENSLPGP00000008031.1	12	ok
HOG0006701	PCA001	maximal+minimal	N0[Pmax+min]	0	.	0	g5999	ENSLPGP00000008294.1	7	ok
HOG0006702	PCA001	maximal+minimal	N1[Pmax+min]	1	.	0	g7529	ENSLPGP00000008369.1	6	ok
HOG0006707	PCA001	maximal+minimal	N1[Pmax+min]	1	.	0	g13031	ENSLPGP00000008484.1	8	ok
HOG0006708	PCA001	maximal+minimal	N100[Pmax+min]	100	.	0	g13653	ENSLPGP00000008530.1	6	ok
HOG0006711	PCA001	maximal+minimal	N1[Pmax+min]	1	.	0	g2636	ENSLPGP00000008587.1	6	ok
HOG0006715	PCA001	maximal+minimal	N1[Pmax+min]	1	.	0	g9832	ENSLPGP00000008656.1	15	ok
HOG0006719	PCA001	maximal+minimal	N1[Pmax+min]	1	.	0	g7680	ENSLPGP00000008962.1	12	ok
HOG0006720	PCA001	maximal+minimal	N1[Pmax+min]	1	.	0	g27	ENSLPGP00000008981.1	13	ok
HOG0006725	PCA001	maximal+minimal	N2[Pmax+min]	2	.	0	g7045	ENSLPGP00000009224.1	11	ok
HOG0006728	PCA001	maximal+minimal	N121[Pmax+min]	121	.	0	g9781	ENSLPGP00000009309.1	9	ok
HOG0006729	PCA001	maximal+minimal	N11[Pmax+min]	11	.	0		ENSLPGP00000009373.1	6	ok
HOG0006737	PCA001	maximal+minimal	N1[Pmax+min]	1	.	0	g5414	ENSLPGP00000009803.1	8	ok
HOG0006738	PCA001	maximal+minimal	N14[Pmax+min]	14	.	0	g7476;g9786	ENSLPGP00000009845.1	16	ok
HOG0006740	PCA001	maximal+minimal	N93[Pmax+min]	93	.	0		ENSLPGP00000009893.1;ENSLPGP00000030579.1;ENSLPGP00000030586.1;ENSLPGP00000026891.1;ENSLPGP00000028787.1;ENSLPGP00000027867.1	19	ok
HOG0006742	PCA001	maximal+minimal	N1[Pmax+min]	1	.	0	g10599	ENSLPGP00000010092.1	14	ok
HOG0006746	PCA001	maximal+minimal	N1[Pmax+min]	1	.	0	g9416	ENSLPGP00000010180.1;ENSLPGP00000010185.1	15	ok
HOG0006747	PCA001	maximal+minimal	N1[Pmax+min]	1	.	0	g10486	ENSLPGP00000010220.1	8	ok
HOG0006755	PCA001	maximal+minimal	N1[Pmax+min]	1	.	0	g5975	ENSLPGP00000010320.1	6	ok
HOG0006759	PCA001	maximal+minimal	N5[Pmax+min]	5	.	0	g13397	ENSLPGP00000010489.1;ENSLPGP00000010494.1	13	ok
HOG0006766	PCA001	maximal+minimal	N1[Pmax+min]	1	.	0	g12525	ENSLPGP00000010588.1	12	ok
HOG0006768	PCA001	maximal+minimal	N1[Pmax+min]	1	.	0	g7765	ENSLPGP00000010600.1	10	ok
HOG0006774	PCA001	maximal+minimal	N6[Pmax+min]	6	.	0	g13666	ENSLPGP00000010764.1	8	ok
HOG0006775	PCA001	maximal+minimal	N3[Pmax+min]	3	.	0	g4438	ENSLPGP00000010779.1	4	ok
HOG0006779	PCA001	maximal+minimal	N8[Pmax+min]	8	.	0	g7719	ENSLPGP00000010960.1	9	ok
HOG0006781	PCA001	maximal+minimal	N1[Pmax+min]	1	.	0	g7351	ENSLPGP00000011034.1	6	ok
HOG0006783	PCA001	maximal+minimal	N114[Pmax+min]	114	.	0	g3872	ENSLPGP00000011074.1;ENSLPGP00000011060.1	10	ok
HOG0006784	PCA001	maximal+minimal	N42[Pmax+min]	42	.	0	g7676	ENSLPGP00000011090.1	12	ok
HOG0006785	PCA001	maximal+minimal	N1[Pmax+min]	1	.	0	g2634	ENSLPGP00000011117.1	6	ok
HOG0006786	PCA001	maximal+minimal	N56[Pmax+min]	56	.	0	g3264	ENSLPGP00000011125.1	5	ok
HOG0006788	PCA001	maximal+minimal	N1[Pmax+min]	1	.	0	g6486	ENSLPGP00000011207.1	7	ok
HOG0006789	PCA001	maximal+minimal	N0[Pmax+min]	0	.	0	g10325	ENSLPGP00000011247.1	6	ok
HOG0006790	PCA001	maximal+minimal	N109[Pmax+min]	109	.	0	g13536		7	ok
HOG0006791	PCA001	maximal+minimal	N124[Pmax+min]	124	.	0	g1654	ENSLPGP00000011271.1	13	ok
HOG0006795	PCA001	maximal+minimal	N1[Pmax+min]	1	.	0	g13508	ENSLPGP00000011374.1	4	ok
HOG0006800	PCA001	maximal+minimal	N48[Pmax+min]	48	.	0	g13438	ENSLPGP00000011660.1	8	ok
HOG0006801	PCA001	maximal+minimal	N1[Pmax+min]	1	.	0	g7227		14	ok
HOG0006802	PCA001	maximal+minimal	N145[Pmax+min]	145	.	0	g5221	ENSLPGP00000010890.1;ENSLPGP00000011845.1	21	ok
HOG0006803	PCA001	maximal+minimal	N1[Pmax+min]	1	.	0	g7420	ENSLPGP00000011866.1	7	ok
HOG0006805	PCA001	maximal+minimal	N0[Pmax+min]	0	.	0	g2775	ENSLPGP00000012061.1	8	ok
HOG0006808	PCA002	minimal	N2[Pmin]	2	.	0	g5702	ENSLPGP00000010754.1	11	ok
HOG0006809	PCA001	maximal+minimal	N28[Pmax+min]	28	.	0	g10835	ENSLPGP00000010777.1	15	ok
HOG0006815	PCA001	maximal+minimal	N1[Pmax+min]	1	.	0	g9583	ENSLPGP00000010894.1	6	ok
HOG0006816	PCA001	maximal+minimal	N0[Pmax+min]	0	.	0	g6183	ENSLPGP00000010948.1	10	ok
HOG0006818	PCA001	maximal+minimal	N12[Pmax+min]	12	.	0	g3320	ENSLPGP00000011063.1	6	ok
HOG0006820	PCA001	maximal+minimal	N1[Pmax+min]	1	.	0	g11619;g4053	ENSLPGP00000011083.1	7	ok
HOG0006821	PCA001	maximal+minimal	N126[Pmax+min]	126	.	0	g2679	ENSLPGP00000011168.1;ENSLPGP00000011163.1	17	ok
HOG0006826	PCA001	maximal+minimal	N1[Pmax+min]	1	.	0	g1517	ENSLPGP00000011329.1	4	ok
HOG0006831	PCA001	maximal+minimal	N1[Pmax+min]	1	.	0	g3865	ENSLPGP00000011492.1	4	ok
HOG0006832	PCA001	maximal+minimal	N116[Pmax+min]	116	.	0	g1291		10	ok
HOG0006835	PCA001	maximal+minimal	N89[Pmax+min]	89	.	0	g9565	ENSLPGP00000011558.1	14	ok
HOG0006836	PCA001	maximal+minimal	N1[Pmax+min]	1	.	0	g1320	ENSLPGP00000011592.1	14	ok
HOG0006838	PCA001	maximal+minimal	N9[Pmax+min]	9	.	0		ENSLPGP00000011665.1;ENSLPGP00000011661.1	12	ok
HOG0006839	PCA001	maximal+minimal	N1[Pmax+min]	1	.	0	g11580	ENSLPGP00000011681.1;ENSLPGP00000011692.1	13	ok
HOG0006840	PCA001	maximal+minimal	N1[Pmax+min]	1	.	0	g12563	ENSLPGP00000011802.1;ENSLPGP00000011785.1	15	ok
HOG0006842	PCA001	maximal+minimal	N142[Pmax+min]	142	.	0	g3818	ENSLPGP00000011815.1	12	ok
HOG0006844	PCA001	maximal+minimal	N25[Pmax+min]	25	.	0	g2893	ENSLPGP00000011829.1	11	ok
HOG0006846	PCA001	maximal+minimal	N1[Pmax+min]	1	.	0	g9959;g13258	ENSLPGP00000011903.1;ENSLPGP00000011912.1	17	ok
HOG0006848	PCA001	maximal+minimal	N139[Pmax+min]	139	.	0		ENSLPGP00000011959.1	9	ok
HOG0006849	PCA001	maximal+minimal	N26[Pmax+min]	26	.	0	g9605	ENSLPGP00000011972.1	13	ok
HOG0006850	PCA001	maximal+minimal	N96[Pmax+min]	96	.	0	g9957	ENSLPGP00000011974.1	8	ok
HOG0006852	PCA001	maximal+minimal	N114[Pmax+min]	114	.	0	g4695	ENSLPGP00000012008.1	11	ok
HOG0006854	PCA001	maximal+minimal	N1[Pmax+min]	1	.	0	g3021	ENSLPGP00000012041.1	8	ok
HOG0006856	PCA001	maximal+minimal	N4[Pmax+min]	4	.	0	g8439	ENSLPGP00000012127.1	12	ok
HOG0006857	PCA001	maximal+minimal	N1[Pmax+min]	1	.	0	g1527	ENSLPGP00000012148.1	13	ok
HOG0006858	PCA001	maximal+minimal	N1[Pmax+min]	1	.	0	g8153	ENSLPGP00000012221.1	9	ok
HOG0006865	PCA001	maximal+minimal	N4[Pmax+min]	4	.	0	g2835	ENSLPGP00000012438.1	12	ok
HOG0006866	PCA001	maximal+minimal	N0[Pmax+min]	0	.	0	g13811	ENSLPGP00000012453.1	7	ok
HOG0006868	PCA001	maximal+minimal	N11[Pmax+min]	11	.	0	g11801	ENSLPGP00000012480.1;ENSLPGP00000012492.1	19	ok
HOG0006871	PCA002	minimal	N43[Pmin]	43	.	0	g10095	ENSLPGP00000012537.1	14	ok
HOG0006872	PCA001	maximal+minimal	N30[Pmax+min]	30	.	0	g10270	ENSLPGP00000012559.1	15	ok
HOG0006873	PCA001	maximal+minimal	N1[Pmax+min]	1	.	0	g9559	ENSLPGP00000012574.1	7	ok
HOG0006876	PCA001	maximal+minimal	N4[Pmax+min]	4	.	0	g7218	ENSLPGP00000012622.1	15	ok
HOG0006883	PCA001	maximal+minimal	N78[Pmax+min]	78	.	0	g12729	ENSLPGP00000012676.1	12	ok
HOG0006885	PCA001	maximal+minimal	N114[Pmax+min]	114	.	0	g9064	ENSLPGP00000012730.1	9	ok
HOG0006888	PCA001	maximal+minimal	N260[Pmax+min]	260	.	0			8	ok
HOG0006889	PCA001	maximal+minimal	N1[Pmax+min]	1	.	0	g8399	ENSLPGP00000012967.1	11	ok
HOG0006893	PCA001	maximal+minimal	N138[Pmax+min]	138	.	0	g5607	ENSLPGP00000013066.1	15	ok
HOG0006894	PCA001	maximal+minimal	N12[Pmax+min]	12	.	0	g8527	ENSLPGP00000013161.1	10	ok
HOG0006897	PCA001	maximal+minimal	N125[Pmax+min]	125	.	0	g11090	ENSLPGP00000013276.1	14	ok
HOG0006898	PCA001	maximal+minimal	N1[Pmax+min]	1	.	0	g10071	ENSLPGP00000013420.1	12	ok
HOG0006899	PCA001	maximal+minimal	N145[Pmax+min]	145	.	0			5	ok
HOG0006901	PCA001	maximal+minimal	N5[Pmax+min]	5	.	0	g7070	ENSLPGP00000013528.1	13	ok
HOG0006904	PCA001	maximal+minimal	N1[Pmax+min]	1	.	0	g2789	ENSLPGP00000013634.1	9	ok
HOG0006906	PCA001	maximal+minimal	N1[Pmax+min]	1	.	0	g5878	ENSLPGP00000013680.1	8	ok
HOG0006912	PCA001	maximal+minimal	N139[Pmax+min]	139	.	0	g10359	ENSLPGP00000014130.1;ENSLPGP00000014150.1;ENSLPGP00000014137.1	19	ok
HOG0006913	PCA001	maximal+minimal	N1[Pmax+min]	1	.	0	g6706	ENSLPGP00000014219.1;ENSLPGP00000014205.1	14	ok
HOG0006915	PCA001	maximal+minimal	N132[Pmax+min]	132	.	0	g10047	ENSLPGP00000014271.1	13	ok
HOG0006918	PCA001	maximal+minimal	N3[Pmax+min]	3	.	0	g1166	ENSLPGP00000014380.1	7	ok
HOG0006920	PCA001	maximal+minimal	N3[Pmax+min]	3	.	0	g7400	ENSLPGP00000014468.1	10	ok
HOG0006923	PCA001	maximal+minimal	N1[Pmax+min]	1	.	0	g13360	ENSLPGP00000014676.1	9	ok
HOG0006927	PCA001	maximal+minimal	N236[Pmax+min]	236	.	0	g8574;g5248		6	ok
HOG0006930	PCA001	maximal+minimal	N1[Pmax+min]	1	.	0	g4696	ENSLPGP00000015065.1	10	ok
HOG0006931	PCA001	maximal+minimal	N0[Pmax+min]	0	.	0	g3429	ENSLPGP00000015088.1;ENSLPGP00000011795.1;ENSLPGP00000011786.1	17	ok
HOG0006932	PCA001	maximal+minimal	N115[Pmax+min]	115	.	0	g13584	ENSLPGP00000015130.1	11	ok
HOG0006933	PCA001	maximal+minimal	N1[Pmax+min]	1	.	0	g5511	ENSLPGP00000015150.1	5	ok
HOG0006934	PCA001	maximal+minimal	N1[Pmax+min]	1	.	0	g12293	ENSLPGP00000015169.1;ENSLPGP00000015161.1	13	ok
HOG0006939	PCA001	maximal+minimal	N1[Pmax+min]	1	.	0	g9719	ENSLPGP00000015243.1	11	ok
HOG0006943	PCA001	maximal+minimal	N1[Pmax+min]	1	.	0	g2373	ENSLPGP00000015356.1	6	ok
HOG0006945	PCA001	maximal+minimal	N5[Pmax+min]	5	.	0	g13146	ENSLPGP00000015744.1;ENSLPGP00000015734.1;ENSLPGP00000015074.1;ENSLPGP00000015095.1;ENSLPGP00000015087.1	19	ok
HOG0006946	PCA001	maximal+minimal	N1[Pmax+min]	1	.	0	g9450	ENSLPGP00000015764.1	5	ok
HOG0006948	PCA002	minimal	N3[Pmin]	3	.	0	g775		5	ok
HOG0006949	PCA001	maximal+minimal	N1[Pmax+min]	1	.	0	g11040	ENSLPGP00000016288.1	9	ok
HOG0006959	PCA001	maximal+minimal	N34[Pmax+min]	34	.	0	g6317	ENSLPGP00000011387.1	12	ok
HOG0006961	PCA001	maximal+minimal	N0[Pmax+min]	0	.	0	g10594	ENSLPGP00000011484.1	8	ok
HOG0006965	PCA001	maximal+minimal	N1[Pmax+min]	1	.	0	g10009	ENSLPGP00000011703.1	4	ok
HOG0006970	PCA001	maximal+minimal	N1[Pmax+min]	1	.	0	g11228	ENSLPGP00000011924.1	7	ok
HOG0006972	PCA001	maximal+minimal	N127[Pmax+min]	127	.	0	g702	ENSLPGP00000012052.1;ENSLPGP00000012039.1	12	ok
HOG0006974	PCA001	maximal+minimal	N131[Pmax+min]	131	.	0	g10659	ENSLPGP00000012157.1	12	ok
HOG0006976	PCA001	maximal+minimal	N84[Pmax+min]	84	.	0	g2422	ENSLPGP00000012329.1;ENSLPGP00000012345.1	14	ok
HOG0006977	PCA001	maximal+minimal	N74[Pmax+min]	74	.	0	g1089	ENSLPGP00000012358.1;ENSLPGP00000012354.1	19	ok
HOG0006980	PCA001	maximal+minimal	N1[Pmax+min]	1	.	0	g183	ENSLPGP00000012426.1	7	ok
HOG0006982	PCA001	maximal+minimal	N1[Pmax+min]	1	.	0	g6598	ENSLPGP00000012471.1	14	ok
HOG0006983	PCA001	maximal+minimal	N1[Pmax+min]	1	.	0	g5890	ENSLPGP00000012489.1	8	ok
HOG0006990	PCA001	maximal+minimal	N1[Pmax+min]	1	.	0	g10051	ENSLPGP00000012763.1	17	ok
HOG0006998	PCA001	maximal+minimal	N1[Pmax+min]	1	.	0	g2060	ENSLPGP00000013202.1	10	ok
HOG0006999	PCA001	maximal+minimal	N5[Pmax+min]	5	.	0	g122	ENSLPGP00000013203.1	16	ok
HOG0007001	PCA001	maximal+minimal	N1[Pmax+min]	1	.	0	g3431	ENSLPGP00000013306.1	12	ok
HOG0007002	PCA001	maximal+minimal	N1[Pmax+min]	1	.	0	g8268	ENSLPGP00000013342.1;ENSLPGP00000013357.1	13	ok
HOG0007003	PCA001	maximal+minimal	N1[Pmax+min]	1	.	0	g6542	ENSLPGP00000013344.1	11	ok
HOG0007007	PCA001	maximal+minimal	N1[Pmax+min]	1	.	0	g10371	ENSLPGP00000013529.1	9	ok
HOG0007008	PCA001	maximal+minimal	N45[Pmax+min]	45	.	0	g10401	ENSLPGP00000013647.1;ENSLPGP00000013635.1	14	ok
HOG0007010	PCA001	maximal+minimal	N1[Pmax+min]	1	.	0	g1762	ENSLPGP00000013707.1	13	ok
HOG0007011	PCA001	maximal+minimal	N1[Pmax+min]	1	.	0	g817	ENSLPGP00000013792.1;ENSLPGP00000013774.1	13	ok
HOG0007014	PCA001	maximal+minimal	N1[Pmax+min]	1	.	0	g614	ENSLPGP00000013913.1	10	ok
HOG0007018	PCA001	maximal+minimal	N1[Pmax+min]	1	.	0	g10684	ENSLPGP00000013961.1;ENSLPGP00000013987.1	7	ok
HOG0007020	PCA001	maximal+minimal	N12[Pmax+min]	12	.	0	g6581	ENSLPGP00000014028.1	7	ok
HOG0007021	PCA001	maximal+minimal	N1[Pmax+min]	1	.	0	g3854	ENSLPGP00000014084.1	8	ok
HOG0007023	PCA001	maximal+minimal	N2[Pmax+min]	2	.	0		ENSLPGP00000014169.1	7	ok
HOG0007025	PCA001	maximal+minimal	N68[Pmax+min]	68	.	0	g8547	ENSLPGP00000014187.1	8	ok
HOG0007027	PCA001	maximal+minimal	N1[Pmax+min]	1	.	0	g3904	ENSLPGP00000014201.1	6	ok
HOG0007029	PCA001	maximal+minimal	N1[Pmax+min]	1	.	0	g8774	ENSLPGP00000014229.1	10	ok
HOG0007030	PCA001	maximal+minimal	N133[Pmax+min]	133	.	0	g3145	ENSLPGP00000014251.1	13	ok
HOG0007033	PCA001	maximal+minimal	N28[Pmax+min]	28	.	0	g10497;g10784	ENSLPGP00000014348.1;ENSLPGP00000014363.1;ENSLPGP00000011463.1	14	ok
HOG0007036	PCA001	maximal+minimal	N1[Pmax+min]	1	.	0	g5671	ENSLPGP00000014394.1	10	ok
HOG0007037	PCA001	maximal+minimal	N1[Pmax+min]	1	.	0	g1510	ENSLPGP00000014401.1;ENSLPGP00000014385.1;ENSLPGP00000014414.1	12	ok
HOG0007038	PCA001	maximal+minimal	N5[Pmax+min]	5	.	0	g9423	ENSLPGP00000014426.1;ENSLPGP00000014435.1	16	ok
HOG0007047	PCA001	maximal+minimal	N1[Pmax+min]	1	.	0	g10832	ENSLPGP00000014744.1	5	ok
HOG0007050	PCA001	maximal+minimal	N80[Pmax+min]	80	.	0	g1219	ENSLPGP00000014811.1	6	ok
HOG0007055	PCA001	maximal+minimal	N94[Pmax+min]	94	.	0	g5643	ENSLPGP00000015122.1	10	ok
HOG0007057	PCA001	maximal+minimal	N19[Pmax+min]	19	.	0	g967	ENSLPGP00000015302.1	14	ok
HOG0007064	PCA001	maximal+minimal	N108[Pmax+min]	108	.	0	g10643	ENSLPGP00000015560.1;ENSLPGP00000015577.1	13	ok
HOG0007067	PCA001	maximal+minimal	N7[Pmax+min]	7	.	0	g12893		6	ok
HOG0007068	PCA001	maximal+minimal	N1[Pmax+min]	1	.	0	g10677;g10676	ENSLPGP00000015837.1	9	ok
HOG0007077	PCA001	maximal+minimal	N1[Pmax+min]	1	.	0	g1179	ENSLPGP00000016105.1	10	ok
HOG0007080	PCA001	maximal+minimal	N2[Pmax+min]	2	.	0	g10696	ENSLPGP00000016227.1	5	ok
HOG0007081	PCA001	maximal+minimal	N1[Pmax+min]	1	.	0	g335	ENSLPGP00000016228.1	4	ok
HOG0007082	PCA001	maximal+minimal	N10[Pmax+min]	10	.	0	g9096	ENSLPGP00000016252.1;ENSLPGP00000016238.1;ENSLPGP00000016248.1	13	ok
HOG0007085	PCA001	maximal+minimal	N2[Pmax+min]	2	.	0	g274	ENSLPGP00000016461.1	10	ok
HOG0007086	PCA001	maximal+minimal	N166[Pmax+min]	166	.	0	g1138	ENSLPGP00000016467.1;ENSLPGP00000016460.1;ENSLPGP00000016474.1	13	ok
HOG0007087	PCA001	maximal+minimal	N111[Pmax+min]	111	.	0	g8806	ENSLPGP00000016485.1;ENSLPGP00000016476.1	19	ok
HOG0007088	PCA001	maximal+minimal	N1[Pmax+min]	1	.	0	g3618	ENSLPGP00000016526.1	6	ok
HOG0007092	PCA001	maximal+minimal	N106[Pmax+min]	106	.	0	g10418	ENSLPGP00000016739.1	4	ok
HOG0007094	PCA001	maximal+minimal	N16[Pmax+min]	16	.	0	g223	ENSLPGP00000016827.1	11	ok
HOG0007095	PCA001	maximal+minimal	N4[Pmax+min]	4	.	0	g10660	ENSLPGP00000016959.1	13	ok
HOG0007097	PCA001	maximal+minimal	N1[Pmax+min]	1	.	0	g320	ENSLPGP00000017480.1	5	ok
HOG0007110	PCA001	maximal+minimal	N11[Pmax+min]	11	.	0	g8370	ENSLPGP00000012188.1;ENSLPGP00000012202.1;ENSLPGP00000012215.1	9	ok
HOG0007116	PCA001	maximal+minimal	N3[Pmax+min]	3	.	0	g8727		6	ok
HOG0007118	PCA001	maximal+minimal	N21[Pmax+min]	21	.	0	g6209	ENSLPGP00000012602.1	10	ok
HOG0007128	PCA001	maximal+minimal	N0[Pmax+min]	0	.	0	g2651	ENSLPGP00000013130.1	10	ok
HOG0007129	PCA001	maximal+minimal	N116[Pmax+min]	116	.	0	g5215	ENSLPGP00000013253.1	12	ok
HOG0007130	PCA001	maximal+minimal	N1[Pmax+min]	1	.	0	g8923	ENSLPGP00000013337.1	10	ok
HOG0007131	PCA001	maximal+minimal	N5[Pmax+min]	5	.	0	g5240	ENSLPGP00000013375.1	9	ok
HOG0007132	PCA001	maximal+minimal	N55[Pmax+min]	55	.	0	g7051	ENSLPGP00000013403.1	10	ok
HOG0007133	PCA002	minimal	N23[Pmin]	23	.	0	g2524	ENSLPGP00000013407.1	18	ok
HOG0007135	PCA001	maximal+minimal	N37[Pmax+min]	37	.	0	g12839	ENSLPGP00000013557.1	13	ok
HOG0007137	PCA001	maximal+minimal	N5[Pmax+min]	5	.	0	g12735	ENSLPGP00000013687.1	10	ok
HOG0007139	PCA001	maximal+minimal	N1[Pmax+min]	1	.	0	g850	ENSLPGP00000013786.1;ENSLPGP00000013776.1	13	ok
HOG0007142	PCA001	maximal+minimal	N1[Pmax+min]	1	.	0	g2327	ENSLPGP00000013898.1;ENSLPGP00000013886.1	15	ok
HOG0007143	PCA001	maximal+minimal	N5[Pmax+min]	5	.	0	g7102	ENSLPGP00000014011.1	16	ok
HOG0007144	PCA001	maximal+minimal	N1[Pmax+min]	1	.	0	g3684	ENSLPGP00000014047.1	13	ok
HOG0007146	PCA001	maximal+minimal	N90[Pmax+min]	90	.	0	g5129	ENSLPGP00000014545.1;ENSLPGP00000014555.1	15	ok
HOG0007147	PCA002	minimal	N21[Pmin]	21	.	0	g11649;g11740	ENSLPGP00000014825.1;ENSLPGP00000014818.1;ENSLPGP00000014799.1;ENSLPGP00000014805.1	22	ok
HOG0007148	PCA002	minimal	N37[Pmin]	37	.	0	g11740		13	ok
HOG0007156	PCA001	maximal+minimal	N1[Pmax+min]	1	.	0	g12443	ENSLPGP00000015691.1	6	ok
HOG0007159	PCA001	maximal+minimal	N93[Pmax+min]	93	.	0	g10912	ENSLPGP00000015879.1	12	ok
HOG0007163	PCA001	maximal+minimal	N138[Pmax+min]	138	.	0	g10070;g9820	ENSLPGP00000016206.1;ENSLPGP00000016192.1;ENSLPGP00000016201.1	17	ok
HOG0007165	PCA001	maximal+minimal	N1[Pmax+min]	1	.	0	g10329	ENSLPGP00000016244.1;ENSLPGP00000016235.1	11	ok
HOG0007166	PCA001	maximal+minimal	N6[Pmax+min]	6	.	0	g2756;g5254	ENSLPGP00000016367.1;ENSLPGP00000037021.1	19	ok
HOG0007167	PCA001	maximal+minimal	N33[Pmax+min]	33	.	0		ENSLPGP00000016407.1	7	ok
HOG0007169	PCA001	maximal+minimal	N1[Pmax+min]	1	.	0	g869	ENSLPGP00000016601.1	10	ok
HOG0007171	PCA001	maximal+minimal	N1[Pmax+min]	1	.	0	g637	ENSLPGP00000016888.1	8	ok
HOG0007175	PCA002	minimal	N7[Pmin]	7	.	0	g7553;g12359;g512	ENSLPGP00000016278.1;ENSLPGP00000011921.1;ENSLPGP00000015666.1;ENSLPGP00000013470.1;ENSLPGP00000017041.1;ENSLPGP00000022500.1;ENSLPGP00000022508.1	43	ok
HOG0007177	PCA001	maximal+minimal	N1[Pmax+min]	1	.	0	g9022	ENSLPGP00000012840.1	8	ok
HOG0007183	PCA001	maximal+minimal	N160[Pmax+min]	160	.	0	g4110;g8425	ENSLPGP00000013144.1	10	ok
HOG0007187	PCA001	maximal+minimal	N2[Pmax+min]	2	.	0	g4949	ENSLPGP00000013577.1;ENSLPGP00000013566.1	14	ok
HOG0007191	PCA002	minimal	N10[Pmin]	10	.	0		ENSLPGP00000013777.1	13	ok
HOG0007192	PCA001	maximal+minimal	N105[Pmax+min]	105	.	0	g2371		6	ok
HOG0007194	PCA001	maximal+minimal	N1[Pmax+min]	1	.	0	g4700	ENSLPGP00000013863.1	4	ok
HOG0007197	PCA001	maximal+minimal	N1[Pmax+min]	1	.	0	g2923	ENSLPGP00000013909.1	8	ok
HOG0007203	PCA001	maximal+minimal	N1[Pmax+min]	1	.	0	g2574	ENSLPGP00000014243.1	18	ok
HOG0007205	PCA001	maximal+minimal	N1[Pmax+min]	1	.	0	g11588;g5263	ENSLPGP00000014319.1	8	ok
HOG0007206	PCA002	minimal	N5[Pmin]	5	.	0	g12330	ENSLPGP00000014459.1	15	ok
HOG0007213	PCA001	maximal+minimal	N24[Pmax+min]	24	.	0	g327	ENSLPGP00000014759.1	9	ok
HOG0007214	PCA001	maximal+minimal	N10[Pmax+min]	10	.	0	g642	ENSLPGP00000014780.1	7	ok
HOG0007218	PCA001	maximal+minimal	N4[Pmax+min]	4	.	0	g11262	ENSLPGP00000014864.1	9	ok
HOG0007220	PCA001	maximal+minimal	N1[Pmax+min]	1	.	0	g1143	ENSLPGP00000014881.1	5	ok
HOG0007221	PCA001	maximal+minimal	N10[Pmax+min]	10	.	0	g552	ENSLPGP00000014897.1;ENSLPGP00000014886.1	18	ok
HOG0007223	PCA001	maximal+minimal	N43[Pmax+min]	43	.	0	g12109	ENSLPGP00000015013.1;ENSLPGP00000014997.1;ENSLPGP00000014988.1	12	ok
HOG0007224	PCA001	maximal+minimal	N1[Pmax+min]	1	.	0	g9067	ENSLPGP00000015012.1	11	ok
HOG0007225	PCA001	maximal+minimal	N1[Pmax+min]	1	.	0	g4675	ENSLPGP00000015036.1	6	ok
HOG0007226	PCA001	maximal+minimal	N108[Pmax+min]	108	.	0		ENSLPGP00000015112.1;ENSLPGP00000015119.1	8	ok
HOG0007227	PCA001	maximal+minimal	N55[Pmax+min]	55	.	0	g12034;g5452	ENSLPGP00000015147.1	16	ok
HOG0007229	PCA001	maximal+minimal	N1[Pmax+min]	1	.	0	g8339	ENSLPGP00000015288.1	4	ok
HOG0007232	PCA001	maximal+minimal	N79[Pmax+min]	79	.	0	g2527	ENSLPGP00000015406.1	11	ok
HOG0007233	PCA001	maximal+minimal	N1[Pmax+min]	1	.	0	g4814	ENSLPGP00000015411.1	12	ok
HOG0007235	PCA001	maximal+minimal	N59[Pmax+min]	59	.	0	g10396	ENSLPGP00000015453.1	8	ok
HOG0007246	PCA001	maximal+minimal	N1[Pmax+min]	1	.	0	g1183	ENSLPGP00000015827.1	10	ok
HOG0007247	PCA001	maximal+minimal	N3[Pmax+min]	3	.	0	g12294	ENSLPGP00000015830.1;ENSLPGP00000015817.1	19	ok
HOG0007249	PCA001	maximal+minimal	N83[Pmax+min]	83	.	0	g8737	ENSLPGP00000015890.1	5	ok
HOG0007250	PCA001	maximal+minimal	N1[Pmax+min]	1	.	0	g4741	ENSLPGP00000015882.1;ENSLPGP00000015892.1	11	ok
HOG0007251	PCA001	maximal+minimal	N1[Pmax+min]	1	.	0	g4682	ENSLPGP00000015894.1	7	ok
HOG0007252	PCA001	maximal+minimal	N8[Pmax+min]	8	.	0	g723	ENSLPGP00000015899.1;ENSLPGP00000015914.1	14	ok
HOG0007254	PCA001	maximal+minimal	N2[Pmax+min]	2	.	0	g12346	ENSLPGP00000015967.1	9	ok
HOG0007265	PCA002	minimal	N2[Pmin]	2	.	0	g9848	ENSLPGP00000016410.1	14	ok
HOG0007265	PCA003	minimal	N29[Pmin]	29	.	0	g6905;g6904		13	ok
HOG0007266	PCA001	maximal+minimal	N3[Pmax+min]	3	.	0	g12338	ENSLPGP00000016418.1	9	ok
HOG0007267	PCA001	maximal+minimal	N1[Pmax+min]	1	.	0	g2786	ENSLPGP00000016430.1	9	ok
HOG0007268	PCA001	maximal+minimal	N3[Pmax+min]	3	.	0	g3688	ENSLPGP00000016437.1	5	ok
HOG0007272	PCA001	maximal+minimal	N1[Pmax+min]	1	.	0	g12304	ENSLPGP00000016516.1;ENSLPGP00000016510.1	12	ok
HOG0007273	PCA001	maximal+minimal	N16[Pmax+min]	16	.	0	g4630		6	ok
HOG0007274	PCA001	maximal+minimal	N14[Pmax+min]	14	.	0		ENSLPGP00000016559.1	6	ok
HOG0007276	PCA001	maximal+minimal	N1[Pmax+min]	1	.	0	g4642	ENSLPGP00000016577.1	13	ok
HOG0007280	PCA001	maximal+minimal	N1[Pmax+min]	1	.	0	g12273	ENSLPGP00000016632.1	7	ok
HOG0007282	PCA001	maximal+minimal	N1[Pmax+min]	1	.	0	g4673	ENSLPGP00000016771.1	10	ok
HOG0007283	PCA001	maximal+minimal	N139[Pmax+min]	139	.	0	g6594	ENSLPGP00000016784.1	11	ok
HOG0007286	PCA001	maximal+minimal	N120[Pmax+min]	120	.	0	g4961	ENSLPGP00000016848.1;ENSLPGP00000016854.1	16	ok
HOG0007287	PCA001	maximal+minimal	N1[Pmax+min]	1	.	0	g13187	ENSLPGP00000016890.1	11	ok
HOG0007292	PCA001	maximal+minimal	N1[Pmax+min]	1	.	0	g4616	ENSLPGP00000016970.1	9	ok
HOG0007296	PCA001	maximal+minimal	N70[Pmax+min]	70	.	0	g11895	ENSLPGP00000017023.1	5	ok
HOG0007299	PCA001	maximal+minimal	N0[Pmax+min]	0	.	0	g9665	ENSLPGP00000017094.1	9	ok
HOG0007302	PCA001	maximal+minimal	N1[Pmax+min]	1	.	0	g6423	ENSLPGP00000017186.1	4	ok
HOG0007303	PCA001	maximal+minimal	N158[Pmax+min]	158	.	0	g3533	ENSLPGP00000017201.1	18	ok
HOG0007304	PCA001	maximal+minimal	N3[Pmax+min]	3	.	0	g4794	ENSLPGP00000017228.1;ENSLPGP00000017211.1	10	ok
HOG0007308	PCA001	maximal+minimal	N1[Pmax+min]	1	.	0	g10365	ENSLPGP00000017291.1	5	ok
HOG0007311	PCA001	maximal+minimal	N76[Pmax+min]	76	.	0	g9662	ENSLPGP00000017352.1	13	ok
HOG0007313	PCA001	maximal+minimal	N93[Pmax+min]	93	.	0	g13745	ENSLPGP00000017411.1;ENSLPGP00000017406.1	17	ok
HOG0007316	PCA001	maximal+minimal	N1[Pmax+min]	1	.	0	g12019	ENSLPGP00000017532.1	10	ok
HOG0007317	PCA001	maximal+minimal	N4[Pmax+min]	4	.	0	g6253;g12328	ENSLPGP00000017542.1	14	ok
HOG0007318	PCA001	maximal+minimal	N123[Pmax+min]	123	.	0	g4087	ENSLPGP00000017599.1;ENSLPGP00000017589.1	17	ok
HOG0007322	PCA001	maximal+minimal	N2[Pmax+min]	2	.	0	g1950	ENSLPGP00000017797.1	11	ok
HOG0007325	PCA001	maximal+minimal	N0[Pmax+min]	0	.	0	g4726	ENSLPGP00000006841.1;ENSLPGP00000017837.1	10	ok
HOG0007330	PCA001	maximal+minimal	N60[Pmax+min]	60	.	0	g1129	ENSLPGP00000018077.1	21	ok
HOG0007331	PCA001	maximal+minimal	N152[Pmax+min]	152	.	0		ENSLPGP00000018165.1	10	ok
HOG0007331	PCA002	maximal+minimal	N171[Pmax+min]	171	.	0	g3544		8	ok
HOG0007333	PCA001	maximal+minimal	N153[Pmax+min]	153	.	0	g7928	ENSLPGP00000004292.1;ENSLPGP00000018392.1	13	ok
HOG0007337	PCA001	maximal+minimal	N1[Pmax+min]	1	.	0	g1363	ENSLPGP00000018637.1	9	ok
HOG0007342	PCA001	maximal+minimal	N1[Pmax+min]	1	.	0	g2313	ENSLPGP00000019145.1;ENSLPGP00000019155.1	11	ok
HOG0007344	PCA002	minimal	N54[Pmin]	54	.	0	g10234		9	ok
HOG0007345	PCA001	maximal+minimal	N83[Pmax+min]	83	.	0	g5759;g6060;g6273		15	ok
HOG0007350	PCA001	maximal+minimal	N3[Pmax+min]	3	.	0	g12142	ENSLPGP00000020431.1;ENSLPGP00000020400.1;ENSLPGP00000020416.1	16	ok
HOG0007352	PCA001	maximal+minimal	N1[Pmax+min]	1	.	0	g12028	ENSLPGP00000021168.1	8	ok
HOG0007356	PCA001	maximal+minimal	N55[Pmax+min]	55	.	0	g9262;g10711;g10360	ENSLPGP00000005165.1;ENSLPGP00000005178.1;ENSLPGP00000001638.1;ENSLPGP00000002149.1;ENSLPGP00000002168.1;ENSLPGP00000014909.1;ENSLPGP00000013842.1;ENSLPGP00000013870.1	38	ok
HOG0007356	PCA002	maximal+minimal	N442[Pmax+min]	442	.	0	g2903	ENSLPGP00000021553.1;ENSLPGP00000021566.1	12	ok
HOG0007358	PCA001	maximal+minimal	N1[Pmax+min]	1	.	0	g4663	ENSLPGP00000021812.1	14	ok
HOG0007360	PCA001	maximal+minimal	N1[Pmax+min]	1	.	0	g9122	ENSLPGP00000016543.1	17	ok
HOG0007362	PCA001	maximal+minimal	N0[Pmax+min]	0	.	0	g6032	ENSLPGP00000016585.1	9	ok
HOG0007363	PCA001	maximal+minimal	N177[Pmax+min]	177	.	0	g8541	ENSLPGP00000016599.1	18	ok
HOG0007364	PCA001	maximal+minimal	N1[Pmax+min]	1	.	0	g1228	ENSLPGP00000016679.1	10	ok
HOG0007365	PCA001	maximal+minimal	N112[Pmax+min]	112	.	0	g8192	ENSLPGP00000016708.1;ENSLPGP00000019101.1;ENSLPGP00000016715.1	18	ok
HOG0007366	PCA001	maximal+minimal	N1[Pmax+min]	1	.	0	g1614	ENSLPGP00000016711.1	6	ok
HOG0007371	PCA001	maximal+minimal	N1[Pmax+min]	1	.	0	g664	ENSLPGP00000016802.1;ENSLPGP00000016776.1	11	ok
HOG0007373	PCA001	maximal+minimal	N1[Pmax+min]	1	.	0	g11150	ENSLPGP00000016805.1	11	ok
HOG0007377	PCA001	maximal+minimal	N1[Pmax+min]	1	.	0	g8261	ENSLPGP00000016916.1	9	ok
HOG0007378	PCA001	maximal+minimal	N1[Pmax+min]	1	.	0	g8625	ENSLPGP00000016930.1	9	ok
HOG0007379	PCA001	maximal+minimal	N3[Pmax+min]	3	.	0	g8581	ENSLPGP00000016936.1	5	ok
HOG0007381	PCA001	maximal+minimal	N1[Pmax+min]	1	.	0	g9855	ENSLPGP00000016981.1	10	ok
HOG0007382	PCA001	maximal+minimal	N1[Pmax+min]	1	.	0	g10332	ENSLPGP00000017007.1	7	ok
HOG0007386	PCA001	maximal+minimal	N1[Pmax+min]	1	.	0	g8114	ENSLPGP00000017037.1	8	ok
HOG0007392	PCA001	maximal+minimal	N64[Pmax+min]	64	.	0	g3244	ENSLPGP00000017174.1	13	ok
HOG0007394	PCA001	maximal+minimal	N4[Pmax+min]	4	.	0	g8704	ENSLPGP00000017191.1	8	ok
HOG0007397	PCA001	maximal+minimal	N1[Pmax+min]	1	.	0	g10699	ENSLPGP00000017247.1	8	ok
HOG0007399	PCA001	maximal+minimal	N1[Pmax+min]	1	.	0	g9399	ENSLPGP00000017271.1	10	ok
HOG0007403	PCA001	maximal+minimal	N50[Pmax+min]	50	.	0	g9635	ENSLPGP00000017393.1	9	ok
HOG0007404	PCA001	maximal+minimal	N132[Pmax+min]	132	.	0	g9683		8	ok
HOG0007413	PCA001	maximal+minimal	N119[Pmax+min]	119	.	0	g9196	ENSLPGP00000017609.1	7	ok
HOG0007414	PCA001	maximal+minimal	N1[Pmax+min]	1	.	0	g3540	ENSLPGP00000017618.1;ENSLPGP00000017624.1	13	ok
HOG0007417	PCA001	maximal+minimal	N33[Pmax+min]	33	.	0	g3056;g9674	ENSLPGP00000017649.1	13	ok
HOG0007422	PCA001	maximal+minimal	N0[Pmax+min]	0	.	0	g8771	ENSLPGP00000017842.1	8	ok
HOG0007423	PCA001	maximal+minimal	N4[Pmax+min]	4	.	0	g497	ENSLPGP00000017843.1	17	ok
HOG0007424	PCA001	maximal+minimal	N150[Pmax+min]	150	.	0	g8639	ENSLPGP00000017857.1	17	ok
HOG0007427	PCA001	maximal+minimal	N1[Pmax+min]	1	.	0	g3730	ENSLPGP00000017926.1	7	ok
HOG0007430	PCA001	maximal+minimal	N5[Pmax+min]	5	.	0	g566	ENSLPGP00000018020.1	10	ok
HOG0007431	PCA001	maximal+minimal	N1[Pmax+min]	1	.	0	g977	ENSLPGP00000018021.1	6	ok
HOG0007435	PCA001	maximal+minimal	N30[Pmax+min]	30	.	0	g8226	ENSLPGP00000018131.1	6	ok
HOG0007436	PCA001	maximal+minimal	N1[Pmax+min]	1	.	0	g3299	ENSLPGP00000018220.1	13	ok
HOG0007437	PCA001	maximal+minimal	N1[Pmax+min]	1	.	0	g9185	ENSLPGP00000018246.1	6	ok
HOG0007440	PCA001	maximal+minimal	N2[Pmax+min]	2	.	0	g8228	ENSLPGP00000018338.1	8	ok
HOG0007443	PCA001	maximal+minimal	N1[Pmax+min]	1	.	0	g380	ENSLPGP00000018399.1	7	ok
HOG0007444	PCA001	maximal+minimal	N1[Pmax+min]	1	.	0	g12595	ENSLPGP00000018411.1	9	ok
HOG0007446	PCA001	maximal+minimal	N11[Pmax+min]	11	.	0	g9668	ENSLPGP00000018446.1	10	ok
HOG0007447	PCA001	maximal+minimal	N173[Pmax+min]	173	.	0	g2202;g3440	ENSLPGP00000018462.1;ENSLPGP00000018452.1	18	ok
HOG0007449	PCA001	maximal+minimal	N1[Pmax+min]	1	.	0	g1019	ENSLPGP00000018481.1	10	ok
HOG0007451	PCA001	maximal+minimal	N79[Pmax+min]	79	.	0	g9727		8	ok
HOG0007454	PCA001	maximal+minimal	N1[Pmax+min]	1	.	0	g5434	ENSLPGP00000018522.1	5	ok
HOG0007455	PCA001	maximal+minimal	N1[Pmax+min]	1	.	0	g1687	ENSLPGP00000018537.1	5	ok
HOG0007456	PCA001	maximal+minimal	N1[Pmax+min]	1	.	0	g9682	ENSLPGP00000018596.1	8	ok
HOG0007457	PCA001	maximal+minimal	N1[Pmax+min]	1	.	0	g10286	ENSLPGP00000018628.1	8	ok
HOG0007462	PCA001	maximal+minimal	N1[Pmax+min]	1	.	0	g3850	ENSLPGP00000018752.1	9	ok
HOG0007464	PCA001	maximal+minimal	N1[Pmax+min]	1	.	0	g2275	ENSLPGP00000018802.1	10	ok
HOG0007465	PCA001	maximal+minimal	N1[Pmax+min]	1	.	0	g2533	ENSLPGP00000018817.1	6	ok
HOG0007466	PCA001	maximal+minimal	N48[Pmax+min]	48	.	0	g2847	ENSLPGP00000018831.1;ENSLPGP00000018823.1	13	ok
HOG0007473	PCA001	maximal+minimal	N1[Pmax+min]	1	.	0	g11097	ENSLPGP00000019046.1	8	ok
HOG0007476	PCA001	maximal+minimal	N1[Pmax+min]	1	.	0	g9266	ENSLPGP00000019143.1	9	ok
HOG0007479	PCA001	maximal+minimal	N0[Pmax+min]	0	.	0	g9924	ENSLPGP00000019202.1	12	ok
HOG0007483	PCA001	maximal+minimal	N2[Pmax+min]	2	.	0	g8486	ENSLPGP00000019395.1	14	ok
HOG0007485	PCA001	maximal+minimal	N66[Pmax+min]	66	.	0			5	ok
HOG0007487	PCA001	maximal+minimal	N2[Pmax+min]	2	.	0	g3156	ENSLPGP00000019549.1	12	ok
HOG0007488	PCA001	maximal+minimal	N0[Pmax+min]	0	.	0	g9621	ENSLPGP00000019550.1	11	ok
HOG0007492	PCA001	maximal+minimal	N1[Pmax+min]	1	.	0	g9316	ENSLPGP00000019806.1	15	ok
HOG0007494	PCA001	maximal+minimal	N1[Pmax+min]	1	.	0	g3253	ENSLPGP00000019834.1;ENSLPGP00000019851.1	8	ok
HOG0007499	PCA001	maximal+minimal	N25[Pmax+min]	25	.	0	g9116	ENSLPGP00000019920.1	16	ok
HOG0007501	PCA002	minimal	N1[Pmin]	1	.	0	g9946	ENSLPGP00000019972.1	13	ok
HOG0007506	PCA001	maximal+minimal	N41[Pmax+min]	41	.	0	g2562		9	ok
HOG0007507	PCA001	maximal+minimal	N1[Pmax+min]	1	.	0	g8518	ENSLPGP00000020132.1	6	ok
HOG0007508	PCA001	maximal+minimal	N93[Pmax+min]	93	.	0	g9032	ENSLPGP00000020173.1	10	ok
HOG0007509	PCA001	maximal+minimal	N1[Pmax+min]	1	.	0	g10706	ENSLPGP00000020253.1	10	ok
HOG0007514	PCA001	maximal+minimal	N1[Pmax+min]	1	.	0	g8137	ENSLPGP00000020395.1;ENSLPGP00000020385.1	16	ok
HOG0007515	PCA001	maximal+minimal	N76[Pmax+min]	76	.	0	g3536	ENSLPGP00000020386.1	15	ok
HOG0007521	PCA001	maximal+minimal	N1[Pmax+min]	1	.	0	g9279	ENSLPGP00000020484.1	12	ok
HOG0007526	PCA001	maximal+minimal	N75[Pmax+min]	75	.	0	g2818	ENSLPGP00000020629.1	10	ok
HOG0007530	PCA001	maximal+minimal	N26[Pmax+min]	26	.	0	g8537	ENSLPGP00000020716.1	10	ok
HOG0007534	PCA001	maximal+minimal	N1[Pmax+min]	1	.	0	g3520	ENSLPGP00000020847.1	9	ok
HOG0007537	PCA001	maximal+minimal	N41[Pmax+min]	41	.	0	g3255	ENSLPGP00000021031.1	13	ok
HOG0007539	PCA002	minimal	N11[Pmin]	11	.	0		ENSLPGP00000021245.1;ENSLPGP00000021259.1;ENSLPGP00000021042.1;ENSLPGP00000021034.1	14	ok
HOG0007540	PCA001	maximal+minimal	N1[Pmax+min]	1	.	0	g5695	ENSLPGP00000021048.1	9	ok
HOG0007541	PCA001	maximal+minimal	N1[Pmax+min]	1	.	0	g9469	ENSLPGP00000021056.1;ENSLPGP00000021040.1	12	ok
HOG0007543	PCA001	maximal+minimal	N10[Pmax+min]	10	.	0	g2421	ENSLPGP00000021074.1	14	ok
HOG0007544	PCA001	maximal+minimal	N1[Pmax+min]	1	.	0	g8931	ENSLPGP00000021077.1	7	ok
HOG0007546	PCA001	maximal+minimal	N4[Pmax+min]	4	.	0		ENSLPGP00000021109.1	9	ok
HOG0007548	PCA001	maximal+minimal	N1[Pmax+min]	1	.	0	g8666	ENSLPGP00000021146.1	6	ok
HOG0007549	PCA001	maximal+minimal	N110[Pmax+min]	110	.	0	g2528	ENSLPGP00000021162.1	23	ok
HOG0007551	PCA001	maximal+minimal	N88[Pmax+min]	88	.	0	g2062	ENSLPGP00000021205.1	10	ok
HOG0007552	PCA001	maximal+minimal	N3[Pmax+min]	3	.	0	g10878	ENSLPGP00000021272.1	11	ok
HOG0007554	PCA001	maximal+minimal	N1[Pmax+min]	1	.	0	g9040	ENSLPGP00000021335.1	11	ok
HOG0007555	PCA001	maximal+minimal	N1[Pmax+min]	1	.	0	g3366	ENSLPGP00000021317.1;ENSLPGP00000021352.1	11	ok
HOG0007557	PCA001	maximal+minimal	N34[Pmax+min]	34	.	0	g10108;g2493	ENSLPGP00000021398.1;ENSLPGP00000021387.1	15	ok
HOG0007560	PCA001	maximal+minimal	N1[Pmax+min]	1	.	0	g9173	ENSLPGP00000021496.1	10	ok
HOG0007561	PCA001	maximal+minimal	N96[Pmax+min]	96	.	0	g1946	ENSLPGP00000021530.1	19	ok
HOG0007563	PCA001	maximal+minimal	N128[Pmax+min]	128	.	0		ENSLPGP00000021617.1;ENSLPGP00000021638.1;ENSLPGP00000021610.1;ENSLPGP00000021626.1	14	ok
HOG0007564	PCA001	maximal+minimal	N3[Pmax+min]	3	.	0	g3512	ENSLPGP00000021614.1	10	ok
HOG0007568	PCA001	maximal+minimal	N110[Pmax+min]	110	.	0	g10107	ENSLPGP00000021757.1;ENSLPGP00000021740.1;ENSLPGP00000021725.1	15	ok
HOG0007570	PCA001	maximal+minimal	N1[Pmax+min]	1	.	0	g9001	ENSLPGP00000021848.1	5	ok
HOG0007573	PCA001	maximal+minimal	N1[Pmax+min]	1	.	0	g643	ENSLPGP00000021938.1	10	ok
HOG0007574	PCA001	maximal+minimal	N3[Pmax+min]	3	.	0	g3157	ENSLPGP00000021958.1	9	ok
HOG0007575	PCA001	maximal+minimal	N1[Pmax+min]	1	.	0	g9830	ENSLPGP00000022140.1	6	ok
HOG0007577	PCA001	maximal+minimal	N15[Pmax+min]	15	.	0	g1180	ENSLPGP00000022211.1	10	ok
HOG0007580	PCA001	maximal+minimal	N16[Pmax+min]	16	.	0	g6714	ENSLPGP00000022298.1	8	ok
HOG0007583	PCA001	maximal+minimal	N66[Pmax+min]	66	.	0	g993	ENSLPGP00000022367.1	7	ok
HOG0007584	PCA001	maximal+minimal	N1[Pmax+min]	1	.	0	g8176	ENSLPGP00000022404.1	9	ok
HOG0007585	PCA001	maximal+minimal	N84[Pmax+min]	84	.	0	g1601	ENSLPGP00000022416.1	9	ok
HOG0007586	PCA001	maximal+minimal	N68[Pmax+min]	68	.	0	g6687	ENSLPGP00000022462.1	5	ok
HOG0007587	PCA001	maximal+minimal	N1[Pmax+min]	1	.	0	g10612	ENSLPGP00000022480.1	11	ok
HOG0007595	PCA002	minimal	N47[Pmin]	47	.	0			4	ok
HOG0007596	PCA001	maximal+minimal	N32[Pmax+min]	32	.	0		ENSLPGP00000017461.1;ENSLPGP00000017466.1	16	ok
HOG0007597	PCA001	maximal+minimal	N8[Pmax+min]	8	.	0	g140	ENSLPGP00000017571.1;ENSLPGP00000017564.1	14	ok
HOG0007600	PCA001	maximal+minimal	N1[Pmax+min]	1	.	0	g1824	ENSLPGP00000017654.1	6	ok
HOG0007602	PCA001	maximal+minimal	N1[Pmax+min]	1	.	0	g10252	ENSLPGP00000017746.1	8	ok
HOG0007604	PCA001	maximal+minimal	N1[Pmax+min]	1	.	0	g9791	ENSLPGP00000017844.1	5	ok
HOG0007605	PCA001	maximal+minimal	N10[Pmax+min]	10	.	0	g1595	ENSLPGP00000017848.1	7	ok
HOG0007607	PCA001	maximal+minimal	N1[Pmax+min]	1	.	0	g10526	ENSLPGP00000017946.1	15	ok
HOG0007608	PCA001	maximal+minimal	N1[Pmax+min]	1	.	0	g9690	ENSLPGP00000017954.1	4	ok
HOG0007611	PCA001	maximal+minimal	N16[Pmax+min]	16	.	0	g3408	ENSLPGP00000018106.1	13	ok
HOG0007613	PCA001	maximal+minimal	N1[Pmax+min]	1	.	0	g10308	ENSLPGP00000018152.1	10	ok
HOG0007619	PCA001	maximal+minimal	N5[Pmax+min]	5	.	0			7	ok
HOG0007619	PCA002	maximal+minimal	N117[Pmax+min]	117	.	0	g9366	ENSLPGP00000018445.1	9	ok
HOG0007622	PCA001	maximal+minimal	N10[Pmax+min]	10	.	0	g5520	ENSLPGP00000018487.1	13	ok
HOG0007623	PCA001	maximal+minimal	N78[Pmax+min]	78	.	0	g8259		6	ok
HOG0007624	PCA001	maximal+minimal	N13[Pmax+min]	13	.	0	g5986	ENSLPGP00000018544.1	18	ok
HOG0007625	PCA002	minimal	N4[Pmin]	4	.	0	g9594		6	ok
HOG0007626	PCA001	maximal+minimal	N2[Pmax+min]	2	.	0		ENSLPGP00000018581.1	10	ok
HOG0007627	PCA001	maximal+minimal	N18[Pmax+min]	18	.	0	g2663	ENSLPGP00000018695.1	12	ok
HOG0007630	PCA001	maximal+minimal	N1[Pmax+min]	1	.	0	g7395	ENSLPGP00000018760.1	7	ok
HOG0007631	PCA001	maximal+minimal	N0[Pmax+min]	0	.	0	g10212	ENSLPGP00000018808.1	9	ok
HOG0007633	PCA001	maximal+minimal	N1[Pmax+min]	1	.	0	g8655	ENSLPGP00000018847.1	7	ok
HOG0007634	PCA003	minimal	N105[Pmin]	105	.	0			4	ok
HOG0007634	PCA004	minimal	N112[Pmin]	112	.	0	g151		8	ok
HOG0007635	PCA001	maximal+minimal	N1[Pmax+min]	1	.	0	g9229	ENSLPGP00000018879.1	7	ok
HOG0007636	PCA001	maximal+minimal	N1[Pmax+min]	1	.	0	g906	ENSLPGP00000018910.1;ENSLPGP00000018897.1;ENSLPGP00000018920.1	11	ok
HOG0007637	PCA001	maximal+minimal	N20[Pmax+min]	20	.	0	g1986	ENSLPGP00000018970.1	13	ok
HOG0007639	PCA001	maximal+minimal	N1[Pmax+min]	1	.	0	g10175	ENSLPGP00000018989.1	12	ok
HOG0007640	PCA002	minimal	N115[Pmin]	115	.	0	g3323	ENSLPGP00000019060.1	11	ok
HOG0007646	PCA001	maximal+minimal	N157[Pmax+min]	157	.	0	g3047	ENSLPGP00000018311.1;ENSLPGP00000018301.1;ENSLPGP00000019232.1;ENSLPGP00000019217.1;ENSLPGP00000019212.1	25	ok
HOG0007648	PCA001	maximal+minimal	N75[Pmax+min]	75	.	0	g461	ENSLPGP00000019302.1	5	ok
HOG0007649	PCA001	maximal+minimal	N58[Pmax+min]	58	.	0	g9610	ENSLPGP00000019324.1	8	ok
HOG0007651	PCA001	maximal+minimal	N1[Pmax+min]	1	.	0	g10350;g204	ENSLPGP00000019354.1	21	ok
HOG0007653	PCA001	maximal+minimal	N15[Pmax+min]	15	.	0		ENSLPGP00000019638.1	9	ok
HOG0007657	PCA001	maximal+minimal	N10[Pmax+min]	10	.	0	g5440		5	ok
HOG0007661	PCA001	maximal+minimal	N142[Pmax+min]	142	.	0	g9835		8	ok
HOG0007663	PCA001	maximal+minimal	N1[Pmax+min]	1	.	0	g558	ENSLPGP00000019993.1	11	ok
HOG0007664	PCA001	maximal+minimal	N1[Pmax+min]	1	.	0	g1844	ENSLPGP00000019994.1	9	ok
HOG0007665	PCA001	maximal+minimal	N64[Pmax+min]	64	.	0	g454	ENSLPGP00000020007.1	4	ok
HOG0007669	PCA001	maximal+minimal	N23[Pmax+min]	23	.	0	g10732	ENSLPGP00000020093.1;ENSLPGP00000020101.1	12	ok
HOG0007671	PCA001	maximal+minimal	N1[Pmax+min]	1	.	0	g11324	ENSLPGP00000020211.1	12	ok
HOG0007672	PCA001	maximal+minimal	N1[Pmax+min]	1	.	0	g6464	ENSLPGP00000020219.1	4	ok
HOG0007673	PCA001	maximal+minimal	N1[Pmax+min]	1	.	0	g10513	ENSLPGP00000020223.1	7	ok
HOG0007674	PCA001	maximal+minimal	N1[Pmax+min]	1	.	0	g2806	ENSLPGP00000020252.1	10	ok
HOG0007677	PCA001	maximal+minimal	N1[Pmax+min]	1	.	0	g10605	ENSLPGP00000020478.1	6	ok
HOG0007678	PCA001	maximal+minimal	N8[Pmax+min]	8	.	0	g222	ENSLPGP00000020481.1	4	ok
HOG0007680	PCA002	minimal	N3[Pmin]	3	.	0	g227	ENSLPGP00000020544.1	16	ok
HOG0007684	PCA002	minimal	N171[Pmin]	171	.	0	g9625	ENSLPGP00000019017.1;ENSLPGP00000020596.1;ENSLPGP00000020589.1	11	ok
HOG0007685	PCA001	maximal+minimal	N1[Pmax+min]	1	.	0	g3546	ENSLPGP00000020593.1	11	ok
HOG0007688	PCA001	maximal+minimal	N1[Pmax+min]	1	.	0	g2359	ENSLPGP00000020665.1	7	ok
HOG0007693	PCA001	maximal+minimal	N104[Pmax+min]	104	.	0	g3317	ENSLPGP00000020865.1	6	ok
HOG0007698	PCA001	maximal+minimal	N1[Pmax+min]	1	.	0	g3262	ENSLPGP00000021126.1	6	ok
HOG0007699	PCA001	maximal+minimal	N1[Pmax+min]	1	.	0	g10281	ENSLPGP00000021152.1;ENSLPGP00000021169.1	14	ok
HOG0007700	PCA001	maximal+minimal	N1[Pmax+min]	1	.	0	g795	ENSLPGP00000021275.1	10	ok
HOG0007704	PCA001	maximal+minimal	N1[Pmax+min]	1	.	0	g10229	ENSLPGP00000021369.1	7	ok
HOG0007705	PCA001	maximal+minimal	N1[Pmax+min]	1	.	0	g1185	ENSLPGP00000021382.1;ENSLPGP00000021370.1	15	ok
HOG0007706	PCA001	maximal+minimal	N24[Pmax+min]	24	.	0	g2312	ENSLPGP00000021406.1	13	ok
HOG0007707	PCA001	maximal+minimal	N1[Pmax+min]	1	.	0	g212	ENSLPGP00000021413.1	11	ok
HOG0007708	PCA001	maximal+minimal	N1[Pmax+min]	1	.	0	g9947	ENSLPGP00000021418.1	5	ok
HOG0007711	PCA001	maximal+minimal	N132[Pmax+min]	132	.	0	g1154	ENSLPGP00000021477.1;ENSLPGP00000021460.1;ENSLPGP00000021493.1	16	ok
HOG0007713	PCA001	maximal+minimal	N126[Pmax+min]	126	.	0	g9129	ENSLPGP00000021584.1;ENSLPGP00000021570.1;ENSLPGP00000021551.1	12	ok
HOG0007717	PCA001	maximal+minimal	N1[Pmax+min]	1	.	0	g2564	ENSLPGP00000021660.1;ENSLPGP00000021643.1	11	ok
HOG0007718	PCA001	maximal+minimal	N1[Pmax+min]	1	.	0	g10255	ENSLPGP00000021747.1	10	ok
HOG0007719	PCA001	maximal+minimal	N14[Pmax+min]	14	.	0	g5840	ENSLPGP00000021754.1	10	ok
HOG0007720	PCA001	maximal+minimal	N122[Pmax+min]	122	.	0	g3342	ENSLPGP00000021782.1;ENSLPGP00000021774.1	13	ok
HOG0007721	PCA001	maximal+minimal	N1[Pmax+min]	1	.	0	g365	ENSLPGP00000021802.1	8	ok
HOG0007723	PCA001	maximal+minimal	N1[Pmax+min]	1	.	0	g224	ENSLPGP00000021838.1	8	ok
HOG0007726	PCA001	maximal+minimal	N1[Pmax+min]	1	.	0	g4428;g4435	ENSLPGP00000021904.1;ENSLPGP00000021912.1;ENSLPGP00000002846.1;ENSLPGP00000002836.1	28	ok
HOG0007727	PCA001	maximal+minimal	N3[Pmax+min]	3	.	0	g2755	ENSLPGP00000021961.1;ENSLPGP00000021971.1	17	ok
HOG0007729	PCA001	maximal+minimal	N1[Pmax+min]	1	.	0	g9638	ENSLPGP00000022123.1;ENSLPGP00000022104.1;ENSLPGP00000022090.1	8	ok
HOG0007730	PCA001	maximal+minimal	N1[Pmax+min]	1	.	0	g12353	ENSLPGP00000022161.1;ENSLPGP00000022136.1	11	ok
HOG0007732	PCA001	maximal+minimal	N1[Pmax+min]	1	.	0	g2222	ENSLPGP00000022206.1	9	ok
HOG0007733	PCA001	maximal+minimal	N3[Pmax+min]	3	.	0	g3624	ENSLPGP00000022228.1	8	ok
HOG0007734	PCA001	maximal+minimal	N1[Pmax+min]	1	.	0	g9929	ENSLPGP00000022320.1	5	ok
HOG0007738	PCA001	maximal+minimal	N109[Pmax+min]	109	.	0	g283	ENSLPGP00000022570.1	11	ok
HOG0007743	PCA001	maximal+minimal	N1[Pmax+min]	1	.	0	g10617	ENSLPGP00000022761.1	9	ok
HOG0007744	PCA001	maximal+minimal	N94[Pmax+min]	94	.	0	g9968	ENSLPGP00000022769.1;ENSLPGP00000022762.1	10	ok
HOG0007745	PCA001	maximal+minimal	N1[Pmax+min]	1	.	0	g5932	ENSLPGP00000022758.1;ENSLPGP00000022771.1	16	ok
HOG0007747	PCA001	maximal+minimal	N3[Pmax+min]	3	.	0	g8743	ENSLPGP00000022841.1	9	ok
HOG0007750	PCA001	maximal+minimal	N1[Pmax+min]	1	.	0	g9544	ENSLPGP00000022967.1	12	ok
HOG0007752	PCA001	maximal+minimal	N4[Pmax+min]	4	.	0	g9332	ENSLPGP00000022987.1	4	ok
HOG0007753	PCA002	minimal	N17[Pmin]	17	.	0	g1660	ENSLPGP00000023031.1	13	ok
HOG0007755	PCA001	maximal+minimal	N1[Pmax+min]	1	.	0	g1852	ENSLPGP00000023177.1	5	ok
HOG0007757	PCA001	maximal+minimal	N131[Pmax+min]	131	.	0	g13772;g7980	ENSLPGP00000023395.1;ENSLPGP00000023403.1	17	ok
HOG0007760	PCA001	maximal+minimal	N1[Pmax+min]	1	.	0	g6733	ENSLPGP00000022680.1	8	ok
HOG0007763	PCA001	maximal+minimal	N5[Pmax+min]	5	.	0	g5773	ENSLPGP00000022986.1;ENSLPGP00000023000.1;ENSLPGP00000022993.1;ENSLPGP00000022975.1;ENSLPGP00000022963.1;ENSLPGP00000022968.1	18	ok
HOG0007768	PCA001	maximal+minimal	N13[Pmax+min]	13	.	0	g10853	ENSLPGP00000023148.1	8	ok
HOG0007769	PCA001	maximal+minimal	N21[Pmax+min]	21	.	0	g5922	ENSLPGP00000023174.1	14	ok
HOG0007770	PCA001	maximal+minimal	N1[Pmax+min]	1	.	0	g3870	ENSLPGP00000023216.1	8	ok
HOG0007773	PCA001	maximal+minimal	N5[Pmax+min]	5	.	0	g9861;g2140		12	ok
HOG0007774	PCA001	maximal+minimal	N9[Pmax+min]	9	.	0	g8419	ENSLPGP00000023313.1;ENSLPGP00000023317.1	14	ok
HOG0007775	PCA001	maximal+minimal	N1[Pmax+min]	1	.	0	g6014	ENSLPGP00000023342.1	7	ok
HOG0007776	PCA001	maximal+minimal	N1[Pmax+min]	1	.	0	g5445	ENSLPGP00000023427.1	4	ok
HOG0007778	PCA001	maximal+minimal	N1[Pmax+min]	1	.	0	g6290	ENSLPGP00000023592.1	7	ok
HOG0007780	PCA001	maximal+minimal	N9[Pmax+min]	9	.	0	g9098	ENSLPGP00000023664.1;ENSLPGP00000023653.1	11	ok
HOG0007784	PCA001	maximal+minimal	N22[Pmax+min]	22	.	0	g5558		9	ok
HOG0007785	PCA001	maximal+minimal	N5[Pmax+min]	5	.	0	g12465	ENSLPGP00000023849.1	9	ok
HOG0007785	PCA002	maximal+minimal	N215[Pmax+min]	215	.	0	g11494	ENSLPGP00000026845.1	6	ok
HOG0007786	PCA001	maximal+minimal	N2[Pmax+min]	2	.	0	g3027	ENSLPGP00000023862.1	6	ok
HOG0007791	PCA001	maximal+minimal	N7[Pmax+min]	7	.	0	g10991	ENSLPGP00000023954.1;ENSLPGP00000023946.1	14	ok
HOG0007796	PCA001	maximal+minimal	N128[Pmax+min]	128	.	0	g1715	ENSLPGP00000024108.1;ENSLPGP00000024115.1	13	ok
HOG0007797	PCA001	maximal+minimal	N34[Pmax+min]	34	.	0	g12337	ENSLPGP00000024121.1;ENSLPGP00000024126.1	20	ok
HOG0007800	PCA002	minimal	N3[Pmin]	3	.	0	g10734	ENSLPGP00000024203.1;ENSLPGP00000024197.1	13	ok
HOG0007803	PCA001	maximal+minimal	N1[Pmax+min]	1	.	0	g6252	ENSLPGP00000024249.1;ENSLPGP00000027348.1	7	ok
HOG0007804	PCA001	maximal+minimal	N4[Pmax+min]	4	.	0	g8465	ENSLPGP00000024274.1	12	ok
HOG0007806	PCA001	maximal+minimal	N1[Pmax+min]	1	.	0	g9373	ENSLPGP00000024341.1	9	ok
HOG0007808	PCA001	maximal+minimal	N1[Pmax+min]	1	.	0	g9198	ENSLPGP00000024361.1	5	ok
HOG0007812	PCA001	maximal+minimal	N0[Pmax+min]	0	.	0	g3627	ENSLPGP00000024432.1	8	ok
HOG0007816	PCA001	maximal+minimal	N1[Pmax+min]	1	.	0	g8795	ENSLPGP00000024661.1	4	ok
HOG0007819	PCA001	maximal+minimal	N104[Pmax+min]	104	.	0	g3762	ENSLPGP00000024768.1;ENSLPGP00000024747.1	17	ok
HOG0007820	PCA001	maximal+minimal	N137[Pmax+min]	137	.	0	g11296	ENSLPGP00000024814.1	8	ok
HOG0007821	PCA001	maximal+minimal	N13[Pmax+min]	13	.	0	g2837	ENSLPGP00000024848.1	9	ok
HOG0007823	PCA001	maximal+minimal	N160[Pmax+min]	160	.	0	g1925	ENSLPGP00000024908.1	15	ok
HOG0007824	PCA001	maximal+minimal	N297[Pmax+min]	297	.	0	g10720	ENSLPGP00000013648.1	11	ok
HOG0007825	PCA001	maximal+minimal	N5[Pmax+min]	5	.	0	g7092	ENSLPGP00000024973.1	11	ok
HOG0007828	PCA001	maximal+minimal	N1[Pmax+min]	1	.	0	g3075	ENSLPGP00000025028.1;ENSLPGP00000025066.1	7	ok
HOG0007829	PCA001	maximal+minimal	N1[Pmax+min]	1	.	0	g6968	ENSLPGP00000025042.1	7	ok
HOG0007830	PCA002	minimal	N3[Pmin]	3	.	0	g318	ENSLPGP00000025089.1	8	ok
HOG0007834	PCA002	minimal	N52[Pmin]	52	.	0	g8484;g8960;g8959		18	ok
HOG0007836	PCA001	maximal+minimal	N6[Pmax+min]	6	.	0	g2130	ENSLPGP00000025322.1;ENSLPGP00000025314.1	18	ok
HOG0007838	PCA001	maximal+minimal	N1[Pmax+min]	1	.	0	g9157	ENSLPGP00000025480.1	7	ok
HOG0007846	PCA001	maximal+minimal	N7[Pmax+min]	7	.	0	g7183	ENSLPGP00000025837.1	9	ok
HOG0007847	PCA001	maximal+minimal	N1[Pmax+min]	1	.	0	g1923	ENSLPGP00000025842.1	8	ok
HOG0007848	PCA001	maximal+minimal	N1[Pmax+min]	1	.	0	g4193	ENSLPGP00000025849.1	10	ok
HOG0007850	PCA001	maximal+minimal	N1[Pmax+min]	1	.	0	g7101	ENSLPGP00000025868.1;ENSLPGP00000025877.1	13	ok
HOG0007855	PCA001	maximal+minimal	N1[Pmax+min]	1	.	0	g796	ENSLPGP00000025972.1	12	ok
HOG0007857	PCA001	maximal+minimal	N18[Pmax+min]	18	.	0	g12881		6	ok
HOG0007858	PCA001	maximal+minimal	N1[Pmax+min]	1	.	0	g6513	ENSLPGP00000026137.1	8	ok
HOG0007862	PCA001	maximal+minimal	N1[Pmax+min]	1	.	0	g6086	ENSLPGP00000026194.1	5	ok
HOG0007864	PCA001	maximal+minimal	N3[Pmax+min]	3	.	0	g8462		5	ok
HOG0007866	PCA001	maximal+minimal	N6[Pmax+min]	6	.	0	g5517;g6458	ENSLPGP00000026274.1;ENSLPGP00000027075.1	18	ok
HOG0007867	PCA001	maximal+minimal	N1[Pmax+min]	1	.	0	g6203	ENSLPGP00000026294.1	12	ok
HOG0007868	PCA001	maximal+minimal	N73[Pmax+min]	73	.	0	g5953	ENSLPGP00000026370.1;ENSLPGP00000023017.1;ENSLPGP00000023022.1	12	ok
HOG0007870	PCA001	maximal+minimal	N0[Pmax+min]	0	.	0	g8900	ENSLPGP00000026509.1	11	ok
HOG0007871	PCA001	maximal+minimal	N138[Pmax+min]	138	.	0	g9711	ENSLPGP00000026545.1	10	ok
HOG0007873	PCA001	maximal+minimal	N1[Pmax+min]	1	.	0	g1717	ENSLPGP00000026601.1	13	ok
HOG0007880	PCA001	maximal+minimal	N1[Pmax+min]	1	.	0	g5673	ENSLPGP00000026839.1	11	ok
HOG0007881	PCA001	maximal+minimal	N0[Pmax+min]	0	.	0	g6449	ENSLPGP00000026855.1	8	ok
HOG0007885	PCA001	maximal+minimal	N0[Pmax+min]	0	.	0	g12768	ENSLPGP00000026935.1	12	ok
HOG0007887	PCA001	maximal+minimal	N1[Pmax+min]	1	.	0	g6528	ENSLPGP00000027127.1	6	ok
HOG0007888	PCA001	maximal+minimal	N1[Pmax+min]	1	.	0	g8142	ENSLPGP00000027138.1	8	ok
HOG0007890	PCA001	maximal+minimal	N8[Pmax+min]	8	.	0	g10542	ENSLPGP00000027155.1;ENSLPGP00000027164.1	15	ok
HOG0007897	PCA001	maximal+minimal	N0[Pmax+min]	0	.	0	g6058	ENSLPGP00000027513.1	8	ok
HOG0007898	PCA002	minimal	N97[Pmin]	97	.	0	g8753	ENSLPGP00000027668.1	15	ok
HOG0007899	PCA001	maximal+minimal	N84[Pmax+min]	84	.	0	g6220	ENSLPGP00000027716.1	9	ok
HOG0007903	PCA001	maximal+minimal	N12[Pmax+min]	12	.	0	g1792	ENSLPGP00000027784.1	8	ok
HOG0007904	PCA001	maximal+minimal	N82[Pmax+min]	82	.	0	g9971	ENSLPGP00000027866.1	15	ok
HOG0007905	PCA001	maximal+minimal	N0[Pmax+min]	0	.	0	g5821	ENSLPGP00000027906.1	10	ok
HOG0007912	PCA001	maximal+minimal	N2[Pmax+min]	2	.	0	g3868	ENSLPGP00000028236.1	9	ok
HOG0007914	PCA001	maximal+minimal	N125[Pmax+min]	125	.	0	g3977;g5033		11	ok
HOG0007915	PCA001	maximal+minimal	N78[Pmax+min]	78	.	0	g6988	ENSLPGP00000028298.1	16	ok
HOG0007916	PCA001	maximal+minimal	N1[Pmax+min]	1	.	0	g7097	ENSLPGP00000028335.1	12	ok
HOG0007919	PCA001	maximal+minimal	N1[Pmax+min]	1	.	0	g2485	ENSLPGP00000028438.1	4	ok
HOG0007924	PCA001	maximal+minimal	N0[Pmax+min]	0	.	0	g5198	ENSLPGP00000028748.1	7	ok
HOG0007927	PCA001	maximal+minimal	N1[Pmax+min]	1	.	0	g9186	ENSLPGP00000028836.1	12	ok
HOG0007930	PCA001	maximal+minimal	N1[Pmax+min]	1	.	0	g8543	ENSLPGP00000029248.1	9	ok
HOG0007932	PCA001	maximal+minimal	N12[Pmax+min]	12	.	0	g12288	ENSLPGP00000029333.1	14	ok
HOG0007948	PCA001	maximal+minimal	N1[Pmax+min]	1	.	0	g10114	ENSLPGP00000024407.1	4	ok
HOG0007951	PCA001	maximal+minimal	N15[Pmax+min]	15	.	0	g3386	ENSLPGP00000024692.1;ENSLPGP00000024669.1;ENSLPGP00000024676.1	27	ok
HOG0007952	PCA001	maximal+minimal	N37[Pmax+min]	37	.	0	g8589	ENSLPGP00000024693.1	14	ok
HOG0007956	PCA001	maximal+minimal	N2[Pmax+min]	2	.	0	g9658	ENSLPGP00000024948.1	7	ok
HOG0007962	PCA001	maximal+minimal	N104[Pmax+min]	104	.	0	g10804	ENSLPGP00000025412.1	11	ok
HOG0007970	PCA001	maximal+minimal	N1[Pmax+min]	1	.	0	g8989	ENSLPGP00000026336.1	12	ok
HOG0007976	PCA001	maximal+minimal	N1[Pmax+min]	1	.	0	g8461	ENSLPGP00000026755.1	15	ok
HOG0007979	PCA001	maximal+minimal	N1[Pmax+min]	1	.	0	g12996	ENSLPGP00000027208.1	11	ok
HOG0007983	PCA001	maximal+minimal	N0[Pmax+min]	0	.	0	g6501	ENSLPGP00000027408.1	7	ok
HOG0007987	PCA001	maximal+minimal	N1[Pmax+min]	1	.	0	g6484	ENSLPGP00000027855.1	7	ok
HOG0007992	PCA001	maximal+minimal	N1[Pmax+min]	1	.	0	g9315	ENSLPGP00000028252.1	15	ok
HOG0007996	PCA001	maximal+minimal	N1[Pmax+min]	1	.	0	g1226	ENSLPGP00000028442.1	7	ok
HOG0007998	PCA001	maximal+minimal	N1[Pmax+min]	1	.	0	g3755	ENSLPGP00000028520.1;ENSLPGP00000028533.1;ENSLPGP00000028541.1	15	ok
HOG0008001	PCA001	maximal+minimal	N1[Pmax+min]	1	.	0	g2044	ENSLPGP00000028653.1	8	ok
HOG0008006	PCA001	maximal+minimal	N1[Pmax+min]	1	.	0	g3496	ENSLPGP00000025099.1;ENSLPGP00000023789.1	32	ok
HOG0008007	PCA001	maximal+minimal	N1[Pmax+min]	1	.	0	g855	ENSLPGP00000023809.1	13	ok
HOG0008009	PCA001	maximal+minimal	N92[Pmax+min]	92	.	0	g8632	ENSLPGP00000023961.1;ENSLPGP00000023975.1	10	ok
HOG0008012	PCA001	maximal+minimal	N8[Pmax+min]	8	.	0			11	ok
HOG0008012	PCA002	maximal+minimal	N113[Pmax+min]	113	.	0	g10641		8	ok
HOG0008016	PCA001	maximal+minimal	N138[Pmax+min]	138	.	0		ENSLPGP00000024327.1	16	ok
HOG0008018	PCA001	maximal+minimal	N24[Pmax+min]	24	.	0	g3603	ENSLPGP00000024528.1	10	ok
HOG0008020	PCA001	maximal+minimal	N120[Pmax+min]	120	.	0	g13105	ENSLPGP00000024569.1	8	ok
HOG0008022	PCA001	maximal+minimal	N95[Pmax+min]	95	.	0	g9086	ENSLPGP00000024575.1	17	ok
HOG0008025	PCA001	maximal+minimal	N1[Pmax+min]	1	.	0	g9099	ENSLPGP00000024621.1	8	ok
HOG0008028	PCA001	maximal+minimal	N3[Pmax+min]	3	.	0	g5210	ENSLPGP00000024881.1	10	ok
HOG0008029	PCA001	maximal+minimal	N307[Pmax+min]	307	.	0		ENSLPGP00000039154.1;ENSLPGP00000039168.1;ENSLPGP00000039177.1	16	ok
HOG0008033	PCA001	maximal+minimal	N1[Pmax+min]	1	.	0	g9412	ENSLPGP00000025167.1	10	ok
HOG0008034	PCA001	maximal+minimal	N2[Pmax+min]	2	.	0	g1587	ENSLPGP00000025188.1	12	ok
HOG0008035	PCA001	maximal+minimal	N1[Pmax+min]	1	.	0	g11017	ENSLPGP00000025246.1	6	ok
HOG0008036	PCA001	maximal+minimal	N1[Pmax+min]	1	.	0	g3369	ENSLPGP00000025340.1	6	ok
HOG0008039	PCA001	maximal+minimal	N1[Pmax+min]	1	.	0	g2743	ENSLPGP00000025372.1	11	ok
HOG0008040	PCA001	maximal+minimal	N1[Pmax+min]	1	.	0	g2684	ENSLPGP00000025391.1	9	ok
HOG0008043	PCA001	maximal+minimal	N1[Pmax+min]	1	.	0	g9126	ENSLPGP00000025486.1	7	ok
HOG0008046	PCA001	maximal+minimal	N84[Pmax+min]	84	.	0	g2638	ENSLPGP00000025594.1	9	ok
HOG0008047	PCA001	maximal+minimal	N45[Pmax+min]	45	.	0	g8550	ENSLPGP00000025599.1	4	ok
HOG0008048	PCA001	maximal+minimal	N122[Pmax+min]	122	.	0	g3051	ENSLPGP00000025615.1	11	ok
HOG0008053	PCA002	minimal	N82[Pmin]	82	.	0	g3458	ENSLPGP00000025695.1;ENSLPGP00000025687.1	12	ok
HOG0008059	PCA001	maximal+minimal	N86[Pmax+min]	86	.	0	g9033	ENSLPGP00000025956.1	8	ok
HOG0008060	PCA001	maximal+minimal	N1[Pmax+min]	1	.	0	g3887	ENSLPGP00000025989.1	6	ok
HOG0008062	PCA001	maximal+minimal	N0[Pmax+min]	0	.	0	g3747	ENSLPGP00000026064.1	12	ok
HOG0008064	PCA001	maximal+minimal	N3[Pmax+min]	3	.	0	g2464	ENSLPGP00000026087.1;ENSLPGP00000026099.1	16	ok
HOG0008066	PCA001	maximal+minimal	N165[Pmax+min]	165	.	0	g3771	ENSLPGP00000026135.1;ENSLPGP00000026145.1	13	ok
HOG0008067	PCA001	maximal+minimal	N1[Pmax+min]	1	.	0	g2170	ENSLPGP00000026170.1	6	ok
HOG0008072	PCA001	maximal+minimal	N83[Pmax+min]	83	.	0	g2927	ENSLPGP00000026307.1	11	ok
HOG0008074	PCA001	maximal+minimal	N0[Pmax+min]	0	.	0	g7460	ENSLPGP00000026354.1	14	ok
HOG0008075	PCA001	maximal+minimal	N61[Pmax+min]	61	.	0	g12941		14	ok
HOG0008078	PCA001	maximal+minimal	N140[Pmax+min]	140	.	0	g6704	ENSLPGP00000026551.1	12	ok
HOG0008083	PCA001	maximal+minimal	N1[Pmax+min]	1	.	0	g8251	ENSLPGP00000026707.1	10	ok
HOG0008085	PCA001	maximal+minimal	N110[Pmax+min]	110	.	0	g6385	ENSLPGP00000026728.1;ENSLPGP00000026719.1	13	ok
HOG0008086	PCA001	maximal+minimal	N1[Pmax+min]	1	.	0	g2432	ENSLPGP00000026750.1	9	ok
HOG0008094	PCA001	maximal+minimal	N1[Pmax+min]	1	.	0	g12745	ENSLPGP00000027076.1	11	ok
HOG0008098	PCA001	maximal+minimal	N2[Pmax+min]	2	.	0	g9090	ENSLPGP00000027192.1	10	ok
HOG0008099	PCA001	maximal+minimal	N1[Pmax+min]	1	.	0	g9656	ENSLPGP00000027211.1;ENSLPGP00000027197.1;ENSLPGP00000027185.1	14	ok
HOG0008103	PCA001	maximal+minimal	N1[Pmax+min]	1	.	0	g4634	ENSLPGP00000027352.1	6	ok
HOG0008106	PCA001	maximal+minimal	N1[Pmax+min]	1	.	0	g2114	ENSLPGP00000027521.1	11	ok
HOG0008107	PCA001	maximal+minimal	N30[Pmax+min]	30	.	0	g13136	ENSLPGP00000027525.1	13	ok
HOG0008108	PCA001	maximal+minimal	N1[Pmax+min]	1	.	0	g9829	ENSLPGP00000027529.1	4	ok
HOG0008116	PCA001	maximal+minimal	N46[Pmax+min]	46	.	0	g5996		12	ok
HOG0008118	PCA001	maximal+minimal	N147[Pmax+min]	147	.	0	g9827	ENSLPGP00000027900.1;ENSLPGP00000027887.1;ENSLPGP00000027882.1	14	ok
HOG0008119	PCA001	maximal+minimal	N0[Pmax+min]	0	.	0	g3364	ENSLPGP00000027955.1	8	ok
HOG0008122	PCA001	maximal+minimal	N1[Pmax+min]	1	.	0	g1579	ENSLPGP00000028131.1	6	ok
HOG0008123	PCA001	maximal+minimal	N1[Pmax+min]	1	.	0	g9069	ENSLPGP00000028190.1;ENSLPGP00000028198.1	14	ok
HOG0008124	PCA001	maximal+minimal	N1[Pmax+min]	1	.	0	g10918	ENSLPGP00000028272.1	12	ok
HOG0008127	PCA001	maximal+minimal	N13[Pmax+min]	13	.	0			4	ok
HOG0008128	PCA001	maximal+minimal	N103[Pmax+min]	103	.	0	g2490	ENSLPGP00000028478.1;ENSLPGP00000028490.1	13	ok
HOG0008130	PCA001	maximal+minimal	N120[Pmax+min]	120	.	0	g3498	ENSLPGP00000028596.1	9	ok
HOG0008132	PCA001	maximal+minimal	N5[Pmax+min]	5	.	0	g9105	ENSLPGP00000028659.1	9	ok
HOG0008135	PCA001	maximal+minimal	N4[Pmax+min]	4	.	0			4	ok
HOG0008136	PCA001	maximal+minimal	N1[Pmax+min]	1	.	0	g3676	ENSLPGP00000028745.1	7	ok
HOG0008139	PCA001	maximal+minimal	N26[Pmax+min]	26	.	0	g1283	ENSLPGP00000028783.1	15	ok
HOG0008142	PCA001	maximal+minimal	N1[Pmax+min]	1	.	0	g3899	ENSLPGP00000028891.1;ENSLPGP00000028903.1	9	ok
HOG0008147	PCA001	maximal+minimal	N1[Pmax+min]	1	.	0	g10834	ENSLPGP00000029173.1	8	ok
HOG0008149	PCA001	maximal+minimal	N1[Pmax+min]	1	.	0	g5566	ENSLPGP00000029343.1	7	ok
HOG0008151	PCA001	maximal+minimal	N1[Pmax+min]	1	.	0	g2489	ENSLPGP00000029399.1;ENSLPGP00000029410.1	5	ok
HOG0008156	PCA001	maximal+minimal	N11[Pmax+min]	11	.	0	g1713	ENSLPGP00000029674.1	16	ok
HOG0008157	PCA001	maximal+minimal	N1[Pmax+min]	1	.	0	g9764	ENSLPGP00000029939.1	7	ok
HOG0008158	PCA001	maximal+minimal	N1[Pmax+min]	1	.	0	g8920	ENSLPGP00000029940.1;ENSLPGP00000029951.1	9	ok
HOG0008159	PCA001	maximal+minimal	N1[Pmax+min]	1	.	0	g8183	ENSLPGP00000030250.1	14	ok
HOG0008160	PCA001	maximal+minimal	N157[Pmax+min]	157	.	0	g9798		6	ok
HOG0008162	PCA002	minimal	N22[Pmin]	22	.	0		ENSLPGP00000026150.1	9	ok
HOG0008166	PCA001	maximal+minimal	N1[Pmax+min]	1	.	0	g4083	ENSLPGP00000026285.1	8	ok
HOG0008167	PCA001	maximal+minimal	N1[Pmax+min]	1	.	0	g9378	ENSLPGP00000026342.1	11	ok
HOG0008174	PCA001	maximal+minimal	N1[Pmax+min]	1	.	0	g3955	ENSLPGP00000026680.1	12	ok
HOG0008176	PCA001	maximal+minimal	N32[Pmax+min]	32	.	0	g1944	ENSLPGP00000026721.1	18	ok
HOG0008177	PCA001	maximal+minimal	N94[Pmax+min]	94	.	0	g11942	ENSLPGP00000026752.1;ENSLPGP00000026761.1	7	ok
HOG0008179	PCA001	maximal+minimal	N1[Pmax+min]	1	.	0	g1015	ENSLPGP00000026776.1	11	ok
HOG0008184	PCA001	maximal+minimal	N1[Pmax+min]	1	.	0	g11867	ENSLPGP00000026957.1	6	ok
HOG0008187	PCA001	maximal+minimal	N27[Pmax+min]	27	.	0	g10373	ENSLPGP00000027156.1	5	ok
HOG0008188	PCA001	maximal+minimal	N96[Pmax+min]	96	.	0	g9106	ENSLPGP00000027170.1	14	ok
HOG0008191	PCA001	maximal+minimal	N1[Pmax+min]	1	.	0	g11648;g4123	ENSLPGP00000027393.1;ENSLPGP00000027382.1	15	ok
HOG0008193	PCA001	maximal+minimal	N1[Pmax+min]	1	.	0	g647	ENSLPGP00000027530.1	10	ok
HOG0008194	PCA001	maximal+minimal	N1[Pmax+min]	1	.	0	g2890	ENSLPGP00000027563.1	7	ok
HOG0008195	PCA001	maximal+minimal	N1[Pmax+min]	1	.	0	g11790	ENSLPGP00000027569.1	8	ok
HOG0008202	PCA001	maximal+minimal	N4[Pmax+min]	4	.	0	g8353	ENSLPGP00000028125.1;ENSLPGP00000028116.1;ENSLPGP00000028111.1	16	ok
HOG0008204	PCA001	maximal+minimal	N40[Pmax+min]	40	.	0		ENSLPGP00000028197.1	9	ok
HOG0008205	PCA001	maximal+minimal	N144[Pmax+min]	144	.	0	g4349	ENSLPGP00000028287.1;ENSLPGP00000028280.1;ENSLPGP00000028265.1	17	ok
HOG0008208	PCA001	maximal+minimal	N1[Pmax+min]	1	.	0	g955	ENSLPGP00000028396.1	8	ok
HOG0008210	PCA001	maximal+minimal	N68[Pmax+min]	68	.	0	g4136	ENSLPGP00000028751.1	12	ok
HOG0008211	PCA001	maximal+minimal	N68[Pmax+min]	68	.	0		ENSLPGP00000028818.1	9	ok
HOG0008222	PCA001	maximal+minimal	N0[Pmax+min]	0	.	0	g1030;g1029	ENSLPGP00000030521.1;ENSLPGP00000029275.1	16	ok
HOG0008225	PCA001	maximal+minimal	N74[Pmax+min]	74	.	0	g11564	ENSLPGP00000029414.1	6	ok
HOG0008231	PCA001	maximal+minimal	N1[Pmax+min]	1	.	0	g4786	ENSLPGP00000029629.1	12	ok
HOG0008232	PCA001	maximal+minimal	N10[Pmax+min]	10	.	0	g3260	ENSLPGP00000029683.1	14	ok
HOG0008233	PCA001	maximal+minimal	N71[Pmax+min]	71	.	0	g8844	ENSLPGP00000029692.1	12	ok
HOG0008235	PCA001	maximal+minimal	N1[Pmax+min]	1	.	0	g10570	ENSLPGP00000029732.1;ENSLPGP00000029720.1;ENSLPGP00000029724.1	13	ok
HOG0008239	PCA001	maximal+minimal	N1[Pmax+min]	1	.	0	g4754	ENSLPGP00000029963.1	8	ok
HOG0008241	PCA001	maximal+minimal	N14[Pmax+min]	14	.	0	g9935	ENSLPGP00000030169.1	10	ok
HOG0008245	PCA001	maximal+minimal	N1[Pmax+min]	1	.	0	g11471	ENSLPGP00000030310.1	8	ok
HOG0008247	PCA001	maximal+minimal	N138[Pmax+min]	138	.	0	g1309	ENSLPGP00000030494.1	14	ok
HOG0008248	PCA002	minimal	N11[Pmin]	11	.	0	g6681	ENSLPGP00000030521.1;ENSLPGP00000030518.1	16	ok
HOG0008251	PCA001	maximal+minimal	N9[Pmax+min]	9	.	0	g2993	ENSLPGP00000030667.1	16	ok
HOG0008253	PCA001	maximal+minimal	N1[Pmax+min]	1	.	0	g4229	ENSLPGP00000030775.1;ENSLPGP00000030769.1	11	ok
HOG0008256	PCA001	maximal+minimal	N1[Pmax+min]	1	.	0	g11765	ENSLPGP00000030824.1;ENSLPGP00000030820.1;ENSLPGP00000030810.1	14	ok
HOG0008260	PCA001	maximal+minimal	N3[Pmax+min]	3	.	0	g5547	ENSLPGP00000030963.1	13	ok
HOG0008261	PCA001	maximal+minimal	N128[Pmax+min]	128	.	0	g3716	ENSLPGP00000031052.1;ENSLPGP00000031058.1	17	ok
HOG0008262	PCA001	maximal+minimal	N1[Pmax+min]	1	.	0	g11913	ENSLPGP00000031080.1	13	ok
HOG0008265	PCA001	maximal+minimal	N1[Pmax+min]	1	.	0	g11451	ENSLPGP00000031259.1	15	ok
HOG0008267	PCA001	maximal+minimal	N3[Pmax+min]	3	.	0	g11521;g4280	ENSLPGP00000031334.1;ENSLPGP00000031305.1;ENSLPGP00000031321.1	13	ok
HOG0008268	PCA001	maximal+minimal	N46[Pmax+min]	46	.	0	g11003	ENSLPGP00000031393.1	12	ok
HOG0008272	PCA001	maximal+minimal	N1[Pmax+min]	1	.	0	g3202	ENSLPGP00000031854.1	7	ok
HOG0008277	PCA001	maximal+minimal	N1[Pmax+min]	1	.	0	g7761	ENSLPGP00000039963.1	7	ok
HOG0008278	PCA001	maximal+minimal	N107[Pmax+min]	107	.	0	g2801	ENSLPGP00000039857.1;ENSLPGP00000039851.1	12	ok
